dep,dest,acid,actype,rfl,dof,time,entry_fl,wp1,wp2,wp3,wp1_geom,wp2_geom,wp3_geom,route_geom
VOMM,VHHH,CPA3144,B744,330,20250603,2157,330,LULDA,DALER,AKATO,0101000020E6100000ED3EAEAAAA9A574097088EAAAACA2840,0101000020E61000001252D05090A15840931804560EFD2A40,0101000020E6100000C9B9A00002CB5840B44DF929F13D2B40,0102000020E610000003000000ED3EAEAAAA9A574097088EAAAACA28401252D05090A15840931804560EFD2A40C9B9A00002CB5840B44DF929F13D2B40
VIDP,VVNB,VJC972,A333,370,20250603,2100,370,APAGO,MDY ,AKSAG,0101000020E61000009E97697F902957409178FD72FB333640,0101000020E6100000FCA9F1D24D085840BF7A1ED42CEF3540,0101000020E61000002072E1DDDD1D59401B621F1111D13440,0102000020E6100000030000009E97697F902957409178FD72FB333640FCA9F1D24D085840BF7A1ED42CEF35402072E1DDDD1D59401B621F1111D13440
EDDF,VVNB,HVN36,B789,390,20250603,2054,390,APAGO,MDY ,AKSAG,0101000020E61000009E97697F902957409178FD72FB333640,0101000020E6100000FCA9F1D24D085840BF7A1ED42CEF3540,0101000020E61000002072E1DDDD1D59401B621F1111D13440,0102000020E6100000030000009E97697F902957409178FD72FB333640FCA9F1D24D085840BF7A1ED42CEF35402072E1DDDD1D59401B621F1111D13440
OTHH,VVNB,QTR976,B789,370,20250603,0504,370,APAGO,MDY ,AKSAG,0101000020E61000009E97697F902957409178FD72FB333640,0101000020E6100000FCA9F1D24D085840BF7A1ED42CEF3540,0101000020E61000002072E1DDDD1D59401B621F1111D13440,0102000020E6100000030000009E97697F902957409178FD72FB333640FCA9F1D24D085840BF7A1ED42CEF35402072E1DDDD1D59401B621F1111D13440
OMDW,RCTP,CAL5524,B77L,370,20250603,0307,370,APAGO,MDY ,AKSAG,0101000020E61000009E97697F902957409178FD72FB333640,0101000020E6100000FCA9F1D24D085840BF7A1ED42CEF3540,0101000020E61000002072E1DDDD1D59401B621F1111D13440,0102000020E6100000030000009E97697F902957409178FD72FB333640FCA9F1D24D085840BF7A1ED42CEF35402072E1DDDD1D59401B621F1111D13440
VOBL,VVNB,HVN982,A321,350,20250603,2015,350,APAGO,MDY ,AKSAG,0101000020E61000009E97697F902957409178FD72FB333640,0101000020E6100000FCA9F1D24D085840BF7A1ED42CEF3540,0101000020E61000002072E1DDDD1D59401B621F1111D13440,0102000020E6100000030000009E97697F902957409178FD72FB333640FCA9F1D24D085840BF7A1ED42CEF35402072E1DDDD1D59401B621F1111D13440
LFPG,VVNB,HVN18,A359,410,20250603,2134,410,APAGO,MDY ,AKSAG,0101000020E61000009E97697F902957409178FD72FB333640,0101000020E6100000FCA9F1D24D085840BF7A1ED42CEF3540,0101000020E61000002072E1DDDD1D59401B621F1111D13440,0102000020E6100000030000009E97697F902957409178FD72FB333640FCA9F1D24D085840BF7A1ED42CEF35402072E1DDDD1D59401B621F1111D13440
VABB,VVNB,HVN972,A359,410,20250603,2019,410,APAGO,MDY ,AKSAG,0101000020E61000009E97697F902957409178FD72FB333640,0101000020E6100000FCA9F1D24D085840BF7A1ED42CEF3540,0101000020E61000002072E1DDDD1D59401B621F1111D13440,0102000020E6100000030000009E97697F902957409178FD72FB333640FCA9F1D24D085840BF7A1ED42CEF35402072E1DDDD1D59401B621F1111D13440
EBLG,RCTP,GTI8643,B748,350,20250603,1720,350,APAGO,MDY ,AKSAG,0101000020E61000009E97697F902957409178FD72FB333640,0101000020E6100000FCA9F1D24D085840BF7A1ED42CEF3540,0101000020E61000002072E1DDDD1D59401B621F1111D13440,0102000020E6100000030000009E97697F902957409178FD72FB333640FCA9F1D24D085840BF7A1ED42CEF35402072E1DDDD1D59401B621F1111D13440
LTFM,VVNB,THY164,A359,390,20250603,0630,390,APAGO,MDY ,AKSAG,0101000020E61000009E97697F902957409178FD72FB333640,0101000020E6100000FCA9F1D24D085840BF7A1ED42CEF3540,0101000020E61000002072E1DDDD1D59401B621F1111D13440,0102000020E6100000030000009E97697F902957409178FD72FB333640FCA9F1D24D085840BF7A1ED42CEF35402072E1DDDD1D59401B621F1111D13440
VECC,VVNB,IGO1631,A20N,290,20250603,1700,290,APAGO,MDY ,AKSAG,0101000020E61000009E97697F902957409178FD72FB333640,0101000020E6100000FCA9F1D24D085840BF7A1ED42CEF3540,0101000020E61000002072E1DDDD1D59401B621F1111D13440,0102000020E6100000030000009E97697F902957409178FD72FB333640FCA9F1D24D085840BF7A1ED42CEF35402072E1DDDD1D59401B621F1111D13440
OMAA,VVNB,ETD971,B77L,410,20250603,2340,410,APAGO,MDY ,AKSAG,0101000020E61000009E97697F902957409178FD72FB333640,0101000020E6100000FCA9F1D24D085840BF7A1ED42CEF3540,0101000020E61000002072E1DDDD1D59401B621F1111D13440,0102000020E6100000030000009E97697F902957409178FD72FB333640FCA9F1D24D085840BF7A1ED42CEF35402072E1DDDD1D59401B621F1111D13440
VGHS,VVNB,CPA048,B744,330,20250603,1159,330,APAGO,MDY ,AKSAG,0101000020E61000009E97697F902957409178FD72FB333640,0101000020E6100000FCA9F1D24D085840BF7A1ED42CEF3540,0101000020E61000002072E1DDDD1D59401B621F1111D13440,0102000020E6100000030000009E97697F902957409178FD72FB333640FCA9F1D24D085840BF7A1ED42CEF35402072E1DDDD1D59401B621F1111D13440
VAAH,VVNB,VJC1926,A21N,330,20250603,2140,330,APAGO,MDY ,AKSAG,0101000020E61000009E97697F902957409178FD72FB333640,0101000020E6100000FCA9F1D24D085840BF7A1ED42CEF3540,0101000020E61000002072E1DDDD1D59401B621F1111D13440,0102000020E6100000030000009E97697F902957409178FD72FB333640FCA9F1D24D085840BF7A1ED42CEF35402072E1DDDD1D59401B621F1111D13440
OTHH,VVNB,QTR8950,B77L,370,20250603,2006,370,APAGO,MDY ,AKSAG,0101000020E61000009E97697F902957409178FD72FB333640,0101000020E6100000FCA9F1D24D085840BF7A1ED42CEF3540,0101000020E61000002072E1DDDD1D59401B621F1111D13440,0102000020E6100000030000009E97697F902957409178FD72FB333640FCA9F1D24D085840BF7A1ED42CEF35402072E1DDDD1D59401B621F1111D13440
OERK,VVNB,THY6250,B77L,350,20250603,0348,350,APAGO,MDY ,AKSAG,0101000020E61000009E97697F902957409178FD72FB333640,0101000020E6100000FCA9F1D24D085840BF7A1ED42CEF3540,0101000020E61000002072E1DDDD1D59401B621F1111D13440,0102000020E6100000030000009E97697F902957409178FD72FB333640FCA9F1D24D085840BF7A1ED42CEF35402072E1DDDD1D59401B621F1111D13440
OMDB,VVNB,UAE394,B77W,330,20250603,0436,330,APAGO,MDY ,AKSAG,0101000020E61000009E97697F902957409178FD72FB333640,0101000020E6100000FCA9F1D24D085840BF7A1ED42CEF3540,0101000020E61000002072E1DDDD1D59401B621F1111D13440,0102000020E6100000030000009E97697F902957409178FD72FB333640FCA9F1D24D085840BF7A1ED42CEF35402072E1DDDD1D59401B621F1111D13440
EGLL,VVNB,HVN56,B789,390,20250603,0330,390,APAGO,MDY ,AKSAG,0101000020E61000009E97697F902957409178FD72FB333640,0101000020E6100000FCA9F1D24D085840BF7A1ED42CEF3540,0101000020E61000002072E1DDDD1D59401B621F1111D13440,0102000020E6100000030000009E97697F902957409178FD72FB333640FCA9F1D24D085840BF7A1ED42CEF35402072E1DDDD1D59401B621F1111D13440
OMDW,VVNB,THY6328,B77L,410,20250603,0948,410,APAGO,MDY ,AKSAG,0101000020E61000009E97697F902957409178FD72FB333640,0101000020E6100000FCA9F1D24D085840BF7A1ED42CEF3540,0101000020E61000002072E1DDDD1D59401B621F1111D13440,0102000020E6100000030000009E97697F902957409178FD72FB333640FCA9F1D24D085840BF7A1ED42CEF35402072E1DDDD1D59401B621F1111D13440
OMAA,VVNB,ETD979,B77L,390,20250603,1046,390,APAGO,MDY ,AKSAG,0101000020E61000009E97697F902957409178FD72FB333640,0101000020E6100000FCA9F1D24D085840BF7A1ED42CEF3540,0101000020E61000002072E1DDDD1D59401B621F1111D13440,0102000020E6100000030000009E97697F902957409178FD72FB333640FCA9F1D24D085840BF7A1ED42CEF35402072E1DDDD1D59401B621F1111D13440
ZHEC,VIDP,CSS161,B763,300,20250603,1053,300,LINSO,LSO ,ANSOS,0101000020E6100000ED3EAEAAAABA58400000000000603740,0101000020E6100000AD339D2145705840611B127320FB3640,0101000020E6100000CBDFD640A75D574008AC1C5A64733740,0102000020E610000003000000ED3EAEAAAABA58400000000000603740AD339D2145705840611B127320FB3640CBDFD640A75D574008AC1C5A64733740
KSFO,VIDP,AIC174,B77L,340,20250603,0749,340,LINSO,LSO ,ANSOS,0101000020E6100000ED3EAEAAAABA58400000000000603740,0101000020E6100000AD339D2145705840611B127320FB3640,0101000020E6100000CBDFD640A75D574008AC1C5A64733740,0102000020E610000003000000ED3EAEAAAABA58400000000000603740AD339D2145705840611B127320FB3640CBDFD640A75D574008AC1C5A64733740
RPLL,LTFM,THY85,B77W,300,20250603,1645,300,LINSO,LSO ,ANSOS,0101000020E6100000ED3EAEAAAABA58400000000000603740,0101000020E6100000AD339D2145705840611B127320FB3640,0101000020E6100000CBDFD640A75D574008AC1C5A64733740,0102000020E610000003000000ED3EAEAAAABA58400000000000603740AD339D2145705840611B127320FB3640CBDFD640A75D574008AC1C5A64733740
RJTT,VIDP,JAL39,B789,360,20250603,0747,360,LINSO,LSO ,ANSOS,0101000020E6100000ED3EAEAAAABA58400000000000603740,0101000020E6100000AD339D2145705840611B127320FB3640,0101000020E6100000CBDFD640A75D574008AC1C5A64733740,0102000020E610000003000000ED3EAEAAAABA58400000000000603740AD339D2145705840611B127320FB3640CBDFD640A75D574008AC1C5A64733740
ZHEC,VIDP,CSS157,B763,300,20250603,1801,300,LINSO,LSO ,ANSOS,0101000020E6100000ED3EAEAAAABA58400000000000603740,0101000020E6100000AD339D2145705840611B127320FB3640,0101000020E6100000CBDFD640A75D574008AC1C5A64733740,0102000020E610000003000000ED3EAEAAAABA58400000000000603740AD339D2145705840611B127320FB3640CBDFD640A75D574008AC1C5A64733740
RJTT,VIDP,ANA837,B789,380,20250603,0742,380,LINSO,LSO ,ANSOS,0101000020E6100000ED3EAEAAAABA58400000000000603740,0101000020E6100000AD339D2145705840611B127320FB3640,0101000020E6100000CBDFD640A75D574008AC1C5A64733740,0102000020E610000003000000ED3EAEAAAABA58400000000000603740AD339D2145705840611B127320FB3640CBDFD640A75D574008AC1C5A64733740
RKSI,VIDP,AIC313,B788,400,20250603,0749,400,LINSO,LSO ,ANSOS,0101000020E6100000ED3EAEAAAABA58400000000000603740,0101000020E6100000AD339D2145705840611B127320FB3640,0101000020E6100000CBDFD640A75D574008AC1C5A64733740,0102000020E610000003000000ED3EAEAAAABA58400000000000603740AD339D2145705840611B127320FB3640CBDFD640A75D574008AC1C5A64733740
RCTP,LTFM,THY25,B77W,320,20250603,1644,320,LINSO,LSO ,ANSOS,0101000020E6100000ED3EAEAAAABA58400000000000603740,0101000020E6100000AD339D2145705840611B127320FB3640,0101000020E6100000CBDFD640A75D574008AC1C5A64733740,0102000020E610000003000000ED3EAEAAAABA58400000000000603740AD339D2145705840611B127320FB3640CBDFD640A75D574008AC1C5A64733740
ZPPP,VNKT,CES9617,B737,360,20250603,0702,360,LINSO,LSO ,ANSOS,0101000020E6100000ED3EAEAAAABA58400000000000603740,0101000020E6100000AD339D2145705840611B127320FB3640,0101000020E6100000CBDFD640A75D574008AC1C5A64733740,0102000020E610000003000000ED3EAEAAAABA58400000000000603740AD339D2145705840611B127320FB3640CBDFD640A75D574008AC1C5A64733740
VHHH,VNKT,RNA410,A320,360,20250603,1404,360,LINSO,LSO ,ANSOS,0101000020E6100000ED3EAEAAAABA58400000000000603740,0101000020E6100000AD339D2145705840611B127320FB3640,0101000020E6100000CBDFD640A75D574008AC1C5A64733740,0102000020E610000003000000ED3EAEAAAABA58400000000000603740AD339D2145705840611B127320FB3640CBDFD640A75D574008AC1C5A64733740
RKSI,VIDP,KAL497,A333,360,20250603,0824,360,LINSO,LSO ,ANSOS,0101000020E6100000ED3EAEAAAABA58400000000000603740,0101000020E6100000AD339D2145705840611B127320FB3640,0101000020E6100000CBDFD640A75D574008AC1C5A64733740,0102000020E610000003000000ED3EAEAAAABA58400000000000603740AD339D2145705840611B127320FB3640CBDFD640A75D574008AC1C5A64733740
VHHH,VIDP,IGO1708,A21N,340,20250603,1010,340,LINSO,LSO ,ANSOS,0101000020E6100000ED3EAEAAAABA58400000000000603740,0101000020E6100000AD339D2145705840611B127320FB3640,0101000020E6100000CBDFD640A75D574008AC1C5A64733740,0102000020E610000003000000ED3EAEAAAABA58400000000000603740AD339D2145705840611B127320FB3640CBDFD640A75D574008AC1C5A64733740
ZGGG,VNKT,CSN3067,A19N,340,20250603,1425,340,LINSO,LSO ,ANSOS,0101000020E6100000ED3EAEAAAABA58400000000000603740,0101000020E6100000AD339D2145705840611B127320FB3640,0101000020E6100000CBDFD640A75D574008AC1C5A64733740,0102000020E610000003000000ED3EAEAAAABA58400000000000603740AD339D2145705840611B127320FB3640CBDFD640A75D574008AC1C5A64733740
RJTT,VIDP,AIC357,B788,400,20250603,0844,400,LINSO,LSO ,ANSOS,0101000020E6100000ED3EAEAAAABA58400000000000603740,0101000020E6100000AD339D2145705840611B127320FB3640,0101000020E6100000CBDFD640A75D574008AC1C5A64733740,0102000020E610000003000000ED3EAEAAAABA58400000000000603740AD339D2145705840611B127320FB3640CBDFD640A75D574008AC1C5A64733740
VHHH,VIDP,AIC315,B788,400,20250603,0318,400,LINSO,LSO ,ANSOS,0101000020E6100000ED3EAEAAAABA58400000000000603740,0101000020E6100000AD339D2145705840611B127320FB3640,0101000020E6100000CBDFD640A75D574008AC1C5A64733740,0102000020E610000003000000ED3EAEAAAABA58400000000000603740AD339D2145705840611B127320FB3640CBDFD640A75D574008AC1C5A64733740
ZGGG,VIDP,FDX5279,B77L,340,20250603,2305,340,LINSO,LSO ,ANSOS,0101000020E6100000ED3EAEAAAABA58400000000000603740,0101000020E6100000AD339D2145705840611B127320FB3640,0101000020E6100000CBDFD640A75D574008AC1C5A64733740,0102000020E610000003000000ED3EAEAAAABA58400000000000603740AD339D2145705840611B127320FB3640CBDFD640A75D574008AC1C5A64733740
VHHH,LTFM,THY71,B77W,280,20250603,1647,280,LINSO,LSO ,ANSOS,0101000020E6100000ED3EAEAAAABA58400000000000603740,0101000020E6100000AD339D2145705840611B127320FB3640,0101000020E6100000CBDFD640A75D574008AC1C5A64733740,0102000020E610000003000000ED3EAEAAAABA58400000000000603740AD339D2145705840611B127320FB3640CBDFD640A75D574008AC1C5A64733740
VHHH,HAAB,ETH3229,B77L,320,20250603,0743,320,AKSAG,MDY ,APAGO,0101000020E61000002072E1DDDD1D59401B621F1111D13440,0101000020E6100000FCA9F1D24D085840BF7A1ED42CEF3540,0101000020E61000009E97697F902957409178FD72FB333640,0102000020E6100000030000002072E1DDDD1D59401B621F1111D13440FCA9F1D24D085840BF7A1ED42CEF35409E97697F902957409178FD72FB333640
VHHH,OMDB,DHK517,B77L,300,20250603,2339,300,AKSAG,MDY ,APAGO,0101000020E61000002072E1DDDD1D59401B621F1111D13440,0101000020E6100000FCA9F1D24D085840BF7A1ED42CEF3540,0101000020E61000009E97697F902957409178FD72FB333640,0102000020E6100000030000002072E1DDDD1D59401B621F1111D13440FCA9F1D24D085840BF7A1ED42CEF35409E97697F902957409178FD72FB333640
VVNB,OTHH,QTR983,B789,380,20250603,0230,380,AKSAG,MDY ,APAGO,0101000020E61000002072E1DDDD1D59401B621F1111D13440,0101000020E6100000FCA9F1D24D085840BF7A1ED42CEF3540,0101000020E61000009E97697F902957409178FD72FB333640,0102000020E6100000030000002072E1DDDD1D59401B621F1111D13440FCA9F1D24D085840BF7A1ED42CEF35409E97697F902957409178FD72FB333640
VHHH,OBBI,BCS547,A333,40,20250603,0007,40,AKSAG,MDY ,APAGO,0101000020E61000002072E1DDDD1D59401B621F1111D13440,0101000020E6100000FCA9F1D24D085840BF7A1ED42CEF3540,0101000020E61000009E97697F902957409178FD72FB333640,0102000020E6100000030000002072E1DDDD1D59401B621F1111D13440FCA9F1D24D085840BF7A1ED42CEF35409E97697F902957409178FD72FB333640
ZJHK,UTAV,IGT1185,B763,300,20250603,0049,300,AKSAG,MDY ,APAGO,0101000020E61000002072E1DDDD1D59401B621F1111D13440,0101000020E6100000FCA9F1D24D085840BF7A1ED42CEF3540,0101000020E61000009E97697F902957409178FD72FB333640,0102000020E6100000030000002072E1DDDD1D59401B621F1111D13440FCA9F1D24D085840BF7A1ED42CEF35409E97697F902957409178FD72FB333640
VVNB,VABB,HVN973,A359,380,20250603,1235,380,AKSAG,MDY ,APAGO,0101000020E61000002072E1DDDD1D59401B621F1111D13440,0101000020E6100000FCA9F1D24D085840BF7A1ED42CEF3540,0101000020E61000009E97697F902957409178FD72FB333640,0102000020E6100000030000002072E1DDDD1D59401B621F1111D13440FCA9F1D24D085840BF7A1ED42CEF35409E97697F902957409178FD72FB333640
VVNB,VOBL,HVN983,A321,340,20250603,1228,340,AKSAG,MDY ,APAGO,0101000020E61000002072E1DDDD1D59401B621F1111D13440,0101000020E6100000FCA9F1D24D085840BF7A1ED42CEF3540,0101000020E61000009E97697F902957409178FD72FB333640,0102000020E6100000030000002072E1DDDD1D59401B621F1111D13440FCA9F1D24D085840BF7A1ED42CEF35409E97697F902957409178FD72FB333640
VHHH,VABB,CPA685,B77W,340,20250603,1213,340,AKSAG,MDY ,APAGO,0101000020E61000002072E1DDDD1D59401B621F1111D13440,0101000020E6100000FCA9F1D24D085840BF7A1ED42CEF3540,0101000020E61000009E97697F902957409178FD72FB333640,0102000020E6100000030000002072E1DDDD1D59401B621F1111D13440FCA9F1D24D085840BF7A1ED42CEF35409E97697F902957409178FD72FB333640
VHHH,OMDW,UAE9839,B77L,320,20250603,1243,320,AKSAG,MDY ,APAGO,0101000020E61000002072E1DDDD1D59401B621F1111D13440,0101000020E6100000FCA9F1D24D085840BF7A1ED42CEF3540,0101000020E61000009E97697F902957409178FD72FB333640,0102000020E6100000030000002072E1DDDD1D59401B621F1111D13440FCA9F1D24D085840BF7A1ED42CEF35409E97697F902957409178FD72FB333640
ZGSZ,OTHH,QTR8005,B77L,320,20250603,2254,320,AKSAG,MDY ,APAGO,0101000020E61000002072E1DDDD1D59401B621F1111D13440,0101000020E6100000FCA9F1D24D085840BF7A1ED42CEF3540,0101000020E61000009E97697F902957409178FD72FB333640,0102000020E6100000030000002072E1DDDD1D59401B621F1111D13440FCA9F1D24D085840BF7A1ED42CEF35409E97697F902957409178FD72FB333640
VHHH,VIDP,CPA695,B77W,320,20250603,1200,320,AKSAG,MDY ,APAGO,0101000020E61000002072E1DDDD1D59401B621F1111D13440,0101000020E6100000FCA9F1D24D085840BF7A1ED42CEF3540,0101000020E61000009E97697F902957409178FD72FB333640,0102000020E6100000030000002072E1DDDD1D59401B621F1111D13440FCA9F1D24D085840BF7A1ED42CEF35409E97697F902957409178FD72FB333640
VHHH,OMDB,CPA731,B77W,340,20250603,1145,340,AKSAG,MDY ,APAGO,0101000020E61000002072E1DDDD1D59401B621F1111D13440,0101000020E6100000FCA9F1D24D085840BF7A1ED42CEF3540,0101000020E61000009E97697F902957409178FD72FB333640,0102000020E6100000030000002072E1DDDD1D59401B621F1111D13440FCA9F1D24D085840BF7A1ED42CEF35409E97697F902957409178FD72FB333640
VHHH,OTHH,QTR815,B77W,320,20250603,1946,320,AKSAG,MDY ,APAGO,0101000020E61000002072E1DDDD1D59401B621F1111D13440,0101000020E6100000FCA9F1D24D085840BF7A1ED42CEF3540,0101000020E61000009E97697F902957409178FD72FB333640,0102000020E6100000030000002072E1DDDD1D59401B621F1111D13440FCA9F1D24D085840BF7A1ED42CEF35409E97697F902957409178FD72FB333640
VHHH,OMDB,UAE381,A388,380,20250603,1845,380,AKSAG,MDY ,APAGO,0101000020E61000002072E1DDDD1D59401B621F1111D13440,0101000020E6100000FCA9F1D24D085840BF7A1ED42CEF3540,0101000020E61000009E97697F902957409178FD72FB333640,0102000020E6100000030000002072E1DDDD1D59401B621F1111D13440FCA9F1D24D085840BF7A1ED42CEF35409E97697F902957409178FD72FB333640
VVNB,OTHH,QTR977,B789,360,20250603,1325,360,AKSAG,MDY ,APAGO,0101000020E61000002072E1DDDD1D59401B621F1111D13440,0101000020E6100000FCA9F1D24D085840BF7A1ED42CEF3540,0101000020E61000009E97697F902957409178FD72FB333640,0102000020E6100000030000002072E1DDDD1D59401B621F1111D13440FCA9F1D24D085840BF7A1ED42CEF35409E97697F902957409178FD72FB333640
VVNB,OMDB,UAE395,B77W,340,20250603,0043,340,AKSAG,MDY ,APAGO,0101000020E61000002072E1DDDD1D59401B621F1111D13440,0101000020E6100000FCA9F1D24D085840BF7A1ED42CEF3540,0101000020E61000009E97697F902957409178FD72FB333640,0102000020E6100000030000002072E1DDDD1D59401B621F1111D13440FCA9F1D24D085840BF7A1ED42CEF35409E97697F902957409178FD72FB333640
RCTP,LFPG,EVA087,B77W,300,20250603,1848,300,AKSAG,MDY ,APAGO,0101000020E61000002072E1DDDD1D59401B621F1111D13440,0101000020E6100000FCA9F1D24D085840BF7A1ED42CEF3540,0101000020E61000009E97697F902957409178FD72FB333640,0102000020E6100000030000002072E1DDDD1D59401B621F1111D13440FCA9F1D24D085840BF7A1ED42CEF35409E97697F902957409178FD72FB333640
VHHH,OMDB,UAE383,B77W,340,20250603,1320,340,AKSAG,MDY ,APAGO,0101000020E61000002072E1DDDD1D59401B621F1111D13440,0101000020E6100000FCA9F1D24D085840BF7A1ED42CEF3540,0101000020E61000009E97697F902957409178FD72FB333640,0102000020E6100000030000002072E1DDDD1D59401B621F1111D13440FCA9F1D24D085840BF7A1ED42CEF35409E97697F902957409178FD72FB333640
VHHH,OMDW,UAE9785,B77L,320,20250603,1500,320,AKSAG,MDY ,APAGO,0101000020E61000002072E1DDDD1D59401B621F1111D13440,0101000020E6100000FCA9F1D24D085840BF7A1ED42CEF3540,0101000020E61000009E97697F902957409178FD72FB333640,0102000020E6100000030000002072E1DDDD1D59401B621F1111D13440FCA9F1D24D085840BF7A1ED42CEF35409E97697F902957409178FD72FB333640
VHHH,OMDW,UAE9791,B744,320,20250603,1007,320,AKSAG,MDY ,APAGO,0101000020E61000002072E1DDDD1D59401B621F1111D13440,0101000020E6100000FCA9F1D24D085840BF7A1ED42CEF3540,0101000020E61000009E97697F902957409178FD72FB333640,0102000020E6100000030000002072E1DDDD1D59401B621F1111D13440FCA9F1D24D085840BF7A1ED42CEF35409E97697F902957409178FD72FB333640
VABB,VVNB,HVN972D,A359,410,20250603,0207,410,APAGO,MDY ,APAGO,0101000020E61000009E97697F902957409178FD72FB333640,0101000020E6100000FCA9F1D24D085840BF7A1ED42CEF3540,0101000020E61000009E97697F902957409178FD72FB333640,0102000020E6100000030000009E97697F902957409178FD72FB333640FCA9F1D24D085840BF7A1ED42CEF35409E97697F902957409178FD72FB333640
RCTP,LKPR,CAL067,A359,280,20250603,1857,280,AKSAG,MDY ,APAGO,0101000020E61000002072E1DDDD1D59401B621F1111D13440,0101000020E6100000FCA9F1D24D085840BF7A1ED42CEF3540,0101000020E61000009E97697F902957409178FD72FB333640,0102000020E6100000030000002072E1DDDD1D59401B621F1111D13440FCA9F1D24D085840BF7A1ED42CEF35409E97697F902957409178FD72FB333640
RCTP,EHAM,CAL073,A359,340,20250603,1802,340,AKSAG,MDY ,APAGO,0101000020E61000002072E1DDDD1D59401B621F1111D13440,0101000020E6100000FCA9F1D24D085840BF7A1ED42CEF3540,0101000020E61000009E97697F902957409178FD72FB333640,0102000020E6100000030000002072E1DDDD1D59401B621F1111D13440FCA9F1D24D085840BF7A1ED42CEF35409E97697F902957409178FD72FB333640
ZGGG,HAAB,ETH607,B77W,320,20250603,1826,320,AKSAG,MDY ,APAGO,0101000020E61000002072E1DDDD1D59401B621F1111D13440,0101000020E6100000FCA9F1D24D085840BF7A1ED42CEF3540,0101000020E61000009E97697F902957409178FD72FB333640,0102000020E6100000030000002072E1DDDD1D59401B621F1111D13440FCA9F1D24D085840BF7A1ED42CEF35409E97697F902957409178FD72FB333640
RCTP,LIMC,EVA095,B789,340,20250603,1908,340,AKSAG,MDY ,APAGO,0101000020E61000002072E1DDDD1D59401B621F1111D13440,0101000020E6100000FCA9F1D24D085840BF7A1ED42CEF3540,0101000020E61000009E97697F902957409178FD72FB333640,0102000020E6100000030000002072E1DDDD1D59401B621F1111D13440FCA9F1D24D085840BF7A1ED42CEF35409E97697F902957409178FD72FB333640
VHHH,OBBI,DHX722,B763,320,20250603,2330,320,AKSAG,MDY ,APAGO,0101000020E61000002072E1DDDD1D59401B621F1111D13440,0101000020E6100000FCA9F1D24D085840BF7A1ED42CEF3540,0101000020E61000009E97697F902957409178FD72FB333640,0102000020E6100000030000002072E1DDDD1D59401B621F1111D13440FCA9F1D24D085840BF7A1ED42CEF35409E97697F902957409178FD72FB333640
VHHH,OMSJ,MNB297,A333,340,20250603,1834,340,AKSAG,MDY ,APAGO,0101000020E61000002072E1DDDD1D59401B621F1111D13440,0101000020E6100000FCA9F1D24D085840BF7A1ED42CEF3540,0101000020E61000009E97697F902957409178FD72FB333640,0102000020E6100000030000002072E1DDDD1D59401B621F1111D13440FCA9F1D24D085840BF7A1ED42CEF35409E97697F902957409178FD72FB333640
VVNB,VIDP,VJC971,A333,360,20250603,1325,360,AKSAG,MDY ,APAGO,0101000020E61000002072E1DDDD1D59401B621F1111D13440,0101000020E6100000FCA9F1D24D085840BF7A1ED42CEF3540,0101000020E61000009E97697F902957409178FD72FB333640,0102000020E6100000030000002072E1DDDD1D59401B621F1111D13440FCA9F1D24D085840BF7A1ED42CEF35409E97697F902957409178FD72FB333640
VHHH,OTHH,QTR817,B77W,340,20250603,1358,340,AKSAG,MDY ,APAGO,0101000020E61000002072E1DDDD1D59401B621F1111D13440,0101000020E6100000FCA9F1D24D085840BF7A1ED42CEF3540,0101000020E61000009E97697F902957409178FD72FB333640,0102000020E6100000030000002072E1DDDD1D59401B621F1111D13440FCA9F1D24D085840BF7A1ED42CEF35409E97697F902957409178FD72FB333640
VMMC,OOMS,ETH3763,B77L,300,20250603,1330,300,AKSAG,MDY ,APAGO,0101000020E61000002072E1DDDD1D59401B621F1111D13440,0101000020E6100000FCA9F1D24D085840BF7A1ED42CEF3540,0101000020E61000009E97697F902957409178FD72FB333640,0102000020E6100000030000002072E1DDDD1D59401B621F1111D13440FCA9F1D24D085840BF7A1ED42CEF35409E97697F902957409178FD72FB333640
VHHH,HAAB,ETH645,B788,380,20250603,1837,380,AKSAG,MDY ,APAGO,0101000020E61000002072E1DDDD1D59401B621F1111D13440,0101000020E6100000FCA9F1D24D085840BF7A1ED42CEF3540,0101000020E61000009E97697F902957409178FD72FB333640,0102000020E6100000030000002072E1DDDD1D59401B621F1111D13440FCA9F1D24D085840BF7A1ED42CEF35409E97697F902957409178FD72FB333640
VHHH,OMDW,UAE9787,B744,320,20250603,0600,320,AKSAG,MDY ,APAGO,0101000020E61000002072E1DDDD1D59401B621F1111D13440,0101000020E6100000FCA9F1D24D085840BF7A1ED42CEF3540,0101000020E61000009E97697F902957409178FD72FB333640,0102000020E6100000030000002072E1DDDD1D59401B621F1111D13440FCA9F1D24D085840BF7A1ED42CEF35409E97697F902957409178FD72FB333640
VHHH,OMDW,UAE9881,B77L,320,20250603,2123,320,AKSAG,MDY ,APAGO,0101000020E61000002072E1DDDD1D59401B621F1111D13440,0101000020E6100000FCA9F1D24D085840BF7A1ED42CEF3540,0101000020E61000009E97697F902957409178FD72FB333640,0102000020E6100000030000002072E1DDDD1D59401B621F1111D13440FCA9F1D24D085840BF7A1ED42CEF35409E97697F902957409178FD72FB333640
VVNB,VECC,IGO1632,A20N,360,20250603,2107,360,AKSAG,MDY ,APAGO,0101000020E61000002072E1DDDD1D59401B621F1111D13440,0101000020E6100000FCA9F1D24D085840BF7A1ED42CEF3540,0101000020E61000009E97697F902957409178FD72FB333640,0102000020E6100000030000002072E1DDDD1D59401B621F1111D13440FCA9F1D24D085840BF7A1ED42CEF35409E97697F902957409178FD72FB333640
VVNB,EDDF,HVN37,B789,340,20250603,1658,340,AKSAG,MDY ,APAGO,0101000020E61000002072E1DDDD1D59401B621F1111D13440,0101000020E6100000FCA9F1D24D085840BF7A1ED42CEF3540,0101000020E61000009E97697F902957409178FD72FB333640,0102000020E6100000030000002072E1DDDD1D59401B621F1111D13440FCA9F1D24D085840BF7A1ED42CEF35409E97697F902957409178FD72FB333640
VHHH,OMDW,UAE9783,B77L,320,20250603,0709,320,AKSAG,MDY ,APAGO,0101000020E61000002072E1DDDD1D59401B621F1111D13440,0101000020E6100000FCA9F1D24D085840BF7A1ED42CEF3540,0101000020E61000009E97697F902957409178FD72FB333640,0102000020E6100000030000002072E1DDDD1D59401B621F1111D13440FCA9F1D24D085840BF7A1ED42CEF35409E97697F902957409178FD72FB333640
VHHH,VIDP,CPA2045,B748,320,20250603,0721,320,AKSAG,MDY ,APAGO,0101000020E61000002072E1DDDD1D59401B621F1111D13440,0101000020E6100000FCA9F1D24D085840BF7A1ED42CEF3540,0101000020E61000009E97697F902957409178FD72FB333640,0102000020E6100000030000002072E1DDDD1D59401B621F1111D13440FCA9F1D24D085840BF7A1ED42CEF35409E97697F902957409178FD72FB333640
VHHH,OTHH,QTR8043,B77L,300,20250603,1720,300,AKSAG,MDY ,APAGO,0101000020E61000002072E1DDDD1D59401B621F1111D13440,0101000020E6100000FCA9F1D24D085840BF7A1ED42CEF3540,0101000020E61000009E97697F902957409178FD72FB333640,0102000020E6100000030000002072E1DDDD1D59401B621F1111D13440FCA9F1D24D085840BF7A1ED42CEF35409E97697F902957409178FD72FB333640
VVNB,LTFM,THY6251,B77L,320,20250603,0825,320,AKSAG,MDY ,APAGO,0101000020E61000002072E1DDDD1D59401B621F1111D13440,0101000020E6100000FCA9F1D24D085840BF7A1ED42CEF3540,0101000020E61000009E97697F902957409178FD72FB333640,0102000020E6100000030000002072E1DDDD1D59401B621F1111D13440FCA9F1D24D085840BF7A1ED42CEF35409E97697F902957409178FD72FB333640
RCTP,EDDF,CAL061,A359,360,20250603,1728,360,AKSAG,MDY ,APAGO,0101000020E61000002072E1DDDD1D59401B621F1111D13440,0101000020E6100000FCA9F1D24D085840BF7A1ED42CEF3540,0101000020E61000009E97697F902957409178FD72FB333640,0102000020E6100000030000002072E1DDDD1D59401B621F1111D13440FCA9F1D24D085840BF7A1ED42CEF35409E97697F902957409178FD72FB333640
VVNB,LFPG,HVN19,A359,340,20250603,1730,340,AKSAG,MDY ,APAGO,0101000020E61000002072E1DDDD1D59401B621F1111D13440,0101000020E6100000FCA9F1D24D085840BF7A1ED42CEF3540,0101000020E61000009E97697F902957409178FD72FB333640,0102000020E6100000030000002072E1DDDD1D59401B621F1111D13440FCA9F1D24D085840BF7A1ED42CEF35409E97697F902957409178FD72FB333640
VVNB,EDDF,BOX621,B77L,300,20250603,1620,300,AKSAG,MDY ,APAGO,0101000020E61000002072E1DDDD1D59401B621F1111D13440,0101000020E6100000FCA9F1D24D085840BF7A1ED42CEF3540,0101000020E61000009E97697F902957409178FD72FB333640,0102000020E6100000030000002072E1DDDD1D59401B621F1111D13440FCA9F1D24D085840BF7A1ED42CEF35409E97697F902957409178FD72FB333640
VHHH,VIDP,CPA679,A359,380,20250603,1541,380,AKSAG,MDY ,APAGO,0101000020E61000002072E1DDDD1D59401B621F1111D13440,0101000020E6100000FCA9F1D24D085840BF7A1ED42CEF3540,0101000020E61000009E97697F902957409178FD72FB333640,0102000020E6100000030000002072E1DDDD1D59401B621F1111D13440FCA9F1D24D085840BF7A1ED42CEF35409E97697F902957409178FD72FB333640
VVNB,OMAA,ETD980,B77L,320,20250603,1540,320,AKSAG,MDY ,APAGO,0101000020E61000002072E1DDDD1D59401B621F1111D13440,0101000020E6100000FCA9F1D24D085840BF7A1ED42CEF3540,0101000020E61000009E97697F902957409178FD72FB333640,0102000020E6100000030000002072E1DDDD1D59401B621F1111D13440FCA9F1D24D085840BF7A1ED42CEF35409E97697F902957409178FD72FB333640
VVNB,LTFM,THY165,A359,360,20250603,1710,360,AKSAG,MDY ,APAGO,0101000020E61000002072E1DDDD1D59401B621F1111D13440,0101000020E6100000FCA9F1D24D085840BF7A1ED42CEF3540,0101000020E61000009E97697F902957409178FD72FB333640,0102000020E6100000030000002072E1DDDD1D59401B621F1111D13440FCA9F1D24D085840BF7A1ED42CEF35409E97697F902957409178FD72FB333640
VHHH,OERK,TVR4704,B744,300,20250603,0905,300,AKSAG,MDY ,APAGO,0101000020E61000002072E1DDDD1D59401B621F1111D13440,0101000020E6100000FCA9F1D24D085840BF7A1ED42CEF3540,0101000020E61000009E97697F902957409178FD72FB333640,0102000020E6100000030000002072E1DDDD1D59401B621F1111D13440FCA9F1D24D085840BF7A1ED42CEF35409E97697F902957409178FD72FB333640
VHHH,OMDW,UAE9283,B744,320,20250603,0943,320,AKSAG,MDY ,APAGO,0101000020E61000002072E1DDDD1D59401B621F1111D13440,0101000020E6100000FCA9F1D24D085840BF7A1ED42CEF3540,0101000020E61000009E97697F902957409178FD72FB333640,0102000020E6100000030000002072E1DDDD1D59401B621F1111D13440FCA9F1D24D085840BF7A1ED42CEF35409E97697F902957409178FD72FB333640
VHHH,VABB,CPA663,B77W,340,20250603,1522,340,AKSAG,MDY ,APAGO,0101000020E61000002072E1DDDD1D59401B621F1111D13440,0101000020E6100000FCA9F1D24D085840BF7A1ED42CEF3540,0101000020E61000009E97697F902957409178FD72FB333640,0102000020E6100000030000002072E1DDDD1D59401B621F1111D13440FCA9F1D24D085840BF7A1ED42CEF35409E97697F902957409178FD72FB333640
VHHH,OTHH,QTR8405,B77L,300,20250603,0951,300,AKSAG,MDY ,APAGO,0101000020E61000002072E1DDDD1D59401B621F1111D13440,0101000020E6100000FCA9F1D24D085840BF7A1ED42CEF3540,0101000020E61000009E97697F902957409178FD72FB333640,0102000020E6100000030000002072E1DDDD1D59401B621F1111D13440FCA9F1D24D085840BF7A1ED42CEF35409E97697F902957409178FD72FB333640
VHHH,VGHS,CPA049,B744,360,20250603,0728,360,AKSAG,MDY ,APAGO,0101000020E61000002072E1DDDD1D59401B621F1111D13440,0101000020E6100000FCA9F1D24D085840BF7A1ED42CEF3540,0101000020E61000009E97697F902957409178FD72FB333640,0102000020E6100000030000002072E1DDDD1D59401B621F1111D13440FCA9F1D24D085840BF7A1ED42CEF35409E97697F902957409178FD72FB333640
ZJHK,OMDB,CHH735,A333,360,20250603,0057,360,AKSAG,MDY ,APAGO,0101000020E61000002072E1DDDD1D59401B621F1111D13440,0101000020E6100000FCA9F1D24D085840BF7A1ED42CEF3540,0101000020E61000009E97697F902957409178FD72FB333640,0102000020E6100000030000002072E1DDDD1D59401B621F1111D13440FCA9F1D24D085840BF7A1ED42CEF35409E97697F902957409178FD72FB333640
ZGGG,HAAB,ETH3857,B77L,300,20250603,2323,300,AKSAG,MDY ,APAGO,0101000020E61000002072E1DDDD1D59401B621F1111D13440,0101000020E6100000FCA9F1D24D085840BF7A1ED42CEF3540,0101000020E61000009E97697F902957409178FD72FB333640,0102000020E6100000030000002072E1DDDD1D59401B621F1111D13440FCA9F1D24D085840BF7A1ED42CEF35409E97697F902957409178FD72FB333640
VVNB,VAAH,VJC1925,A21N,320,20250603,1356,320,AKSAG,MDY ,APAGO,0101000020E61000002072E1DDDD1D59401B621F1111D13440,0101000020E6100000FCA9F1D24D085840BF7A1ED42CEF3540,0101000020E61000009E97697F902957409178FD72FB333640,0102000020E6100000030000002072E1DDDD1D59401B621F1111D13440FCA9F1D24D085840BF7A1ED42CEF35409E97697F902957409178FD72FB333640
VHHH,HAAB,ETH3719,B77L,300,20250603,1818,300,AKATO,,APAGO,0101000020E6100000C9B9A00002CB5840B44DF929F13D2B40,,0101000020E61000009E97697F902957409178FD72FB333640,0102000020E610000002000000C9B9A00002CB5840B44DF929F13D2B409E97697F902957409178FD72FB333640
RCTP,EGLL,CAL081,A359,340,20250603,0329,340,AKSAG,MDY ,APAGO,0101000020E61000002072E1DDDD1D59401B621F1111D13440,0101000020E6100000FCA9F1D24D085840BF7A1ED42CEF3540,0101000020E61000009E97697F902957409178FD72FB333640,0102000020E6100000030000002072E1DDDD1D59401B621F1111D13440FCA9F1D24D085840BF7A1ED42CEF35409E97697F902957409178FD72FB333640
VVNB,OTHH,QTR8955,B77L,320,20250603,0247,320,AKSAG,MDY ,APAGO,0101000020E61000002072E1DDDD1D59401B621F1111D13440,0101000020E6100000FCA9F1D24D085840BF7A1ED42CEF3540,0101000020E61000009E97697F902957409178FD72FB333640,0102000020E6100000030000002072E1DDDD1D59401B621F1111D13440FCA9F1D24D085840BF7A1ED42CEF35409E97697F902957409178FD72FB333640
VHHH,OTHH,QTR8067,B77L,320,20250603,2330,320,AKSAG,MDY ,APAGO,0101000020E61000002072E1DDDD1D59401B621F1111D13440,0101000020E6100000FCA9F1D24D085840BF7A1ED42CEF3540,0101000020E61000009E97697F902957409178FD72FB333640,0102000020E6100000030000002072E1DDDD1D59401B621F1111D13440FCA9F1D24D085840BF7A1ED42CEF35409E97697F902957409178FD72FB333640
VVNB,VIDP,KAL9575,B77L,340,20250603,2213,340,AKSAG,MDY ,APAGO,0101000020E61000002072E1DDDD1D59401B621F1111D13440,0101000020E6100000FCA9F1D24D085840BF7A1ED42CEF3540,0101000020E61000009E97697F902957409178FD72FB333640,0102000020E6100000030000002072E1DDDD1D59401B621F1111D13440FCA9F1D24D085840BF7A1ED42CEF35409E97697F902957409178FD72FB333640
VVNB,OMDB,UAE395,B77W,340,20250603,1935,340,AKSAG,MDY ,APAGO,0101000020E61000002072E1DDDD1D59401B621F1111D13440,0101000020E6100000FCA9F1D24D085840BF7A1ED42CEF3540,0101000020E61000009E97697F902957409178FD72FB333640,0102000020E6100000030000002072E1DDDD1D59401B621F1111D13440FCA9F1D24D085840BF7A1ED42CEF35409E97697F902957409178FD72FB333640
ZGSZ,OTHH,QTR8029,B77L,320,20250603,2157,320,AKSAG,MDY ,APAGO,0101000020E61000002072E1DDDD1D59401B621F1111D13440,0101000020E6100000FCA9F1D24D085840BF7A1ED42CEF3540,0101000020E61000009E97697F902957409178FD72FB333640,0102000020E6100000030000002072E1DDDD1D59401B621F1111D13440FCA9F1D24D085840BF7A1ED42CEF35409E97697F902957409178FD72FB333640
VVNB,OPKC,THY6329,B77L,280,20250603,1923,280,AKSAG,MDY ,APAGO,0101000020E61000002072E1DDDD1D59401B621F1111D13440,0101000020E6100000FCA9F1D24D085840BF7A1ED42CEF3540,0101000020E61000009E97697F902957409178FD72FB333640,0102000020E6100000030000002072E1DDDD1D59401B621F1111D13440FCA9F1D24D085840BF7A1ED42CEF35409E97697F902957409178FD72FB333640
RCTP,LIRF,CAL075,A359,360,20250603,1911,360,AKSAG,MDY ,APAGO,0101000020E61000002072E1DDDD1D59401B621F1111D13440,0101000020E6100000FCA9F1D24D085840BF7A1ED42CEF3540,0101000020E61000009E97697F902957409178FD72FB333640,0102000020E6100000030000002072E1DDDD1D59401B621F1111D13440FCA9F1D24D085840BF7A1ED42CEF35409E97697F902957409178FD72FB333640
ZGGG,OTHH,QTR875,B77W,300,20250603,1945,300,AKSAG,MDY ,APAGO,0101000020E61000002072E1DDDD1D59401B621F1111D13440,0101000020E6100000FCA9F1D24D085840BF7A1ED42CEF3540,0101000020E61000009E97697F902957409178FD72FB333640,0102000020E6100000030000002072E1DDDD1D59401B621F1111D13440FCA9F1D24D085840BF7A1ED42CEF35409E97697F902957409178FD72FB333640
VHHH,VGHS,CPA667,A333,380,20250603,1748,380,AKSAG,MDY ,APAGO,0101000020E61000002072E1DDDD1D59401B621F1111D13440,0101000020E6100000FCA9F1D24D085840BF7A1ED42CEF3540,0101000020E61000009E97697F902957409178FD72FB333640,0102000020E6100000030000002072E1DDDD1D59401B621F1111D13440FCA9F1D24D085840BF7A1ED42CEF35409E97697F902957409178FD72FB333640
VMMC,VABB,QTR8901,B77L,340,20250603,0555,340,AKSAG,MDY ,APAGO,0101000020E61000002072E1DDDD1D59401B621F1111D13440,0101000020E6100000FCA9F1D24D085840BF7A1ED42CEF3540,0101000020E61000009E97697F902957409178FD72FB333640,0102000020E6100000030000002072E1DDDD1D59401B621F1111D13440FCA9F1D24D085840BF7A1ED42CEF35409E97697F902957409178FD72FB333640
WMKK,VGHS,MAS196,A333,380,20250603,1645,380,EKAVO,BGO ,AVLED,0101000020E61000001DC4946970E058404B4D8AA8EC402740,0101000020E610000083C0CAA14521584001C203DA88513140,0101000020E61000000FD57356341657407B14AE47E1AA3540,0102000020E6100000030000001DC4946970E058404B4D8AA8EC40274083C0CAA14521584001C203DA885131400FD57356341657407B14AE47E1AA3540
WMKK,VGHS,MAS102,B38M,340,20250603,0258,340,EKAVO,BGO ,AVLED,0101000020E61000001DC4946970E058404B4D8AA8EC402740,0101000020E610000083C0CAA14521584001C203DA88513140,0101000020E61000000FD57356341657407B14AE47E1AA3540,0102000020E6100000030000001DC4946970E058404B4D8AA8EC40274083C0CAA14521584001C203DA885131400FD57356341657407B14AE47E1AA3540
VTBS,VGHS,UBG218,B738,340,20250603,0842,340,LUDVI,BGO ,AVLED,0101000020E61000002072E1DDDDA55840AF1CE757EFF52E40,0101000020E610000083C0CAA14521584001C203DA88513140,0101000020E61000000FD57356341657407B14AE47E1AA3540,0102000020E6100000030000002072E1DDDDA55840AF1CE757EFF52E4083C0CAA14521584001C203DA885131400FD57356341657407B14AE47E1AA3540
VTBS,VGHS,BBC389,B738,360,20250603,0947,360,BETNO,BGO ,AVLED,0101000020E610000093DA72CB5A8D5840E8E5A88A46322E40,0101000020E610000083C0CAA14521584001C203DA88513140,0101000020E61000000FD57356341657407B14AE47E1AA3540,0102000020E61000000300000093DA72CB5A8D5840E8E5A88A46322E4083C0CAA14521584001C203DA885131400FD57356341657407B14AE47E1AA3540
WMKK,VGHS,UBG316,B738,360,20250603,0955,360,EKAVO,BGO ,AVLED,0101000020E61000001DC4946970E058404B4D8AA8EC402740,0101000020E610000083C0CAA14521584001C203DA88513140,0101000020E61000000FD57356341657407B14AE47E1AA3540,0102000020E6100000030000001DC4946970E058404B4D8AA8EC40274083C0CAA14521584001C203DA885131400FD57356341657407B14AE47E1AA3540
WMKK,VGHS,MXD166,B738,360,20250603,1824,360,EKAVO,DWI ,AVLED,0101000020E61000001DC4946970E058404B4D8AA8EC402740,0101000020E61000009A34BA413C8D58401F66EDBE7C332C40,0101000020E61000000FD57356341657407B14AE47E1AA3540,0102000020E6100000030000001DC4946970E058404B4D8AA8EC4027409A34BA413C8D58401F66EDBE7C332C400FD57356341657407B14AE47E1AA3540
WMKK,VGHS,BBC383,B773,360,20250603,1344,360,EKAVO,DWI ,AVLED,0101000020E61000001DC4946970E058404B4D8AA8EC402740,0101000020E61000009A34BA413C8D58401F66EDBE7C332C40,0101000020E61000000FD57356341657407B14AE47E1AA3540,0102000020E6100000030000001DC4946970E058404B4D8AA8EC4027409A34BA413C8D58401F66EDBE7C332C400FD57356341657407B14AE47E1AA3540
VTBS,VQPR,DRK153,A319,380,20250603,2252,380,LUDVI,BGO ,AVLED,0101000020E61000002072E1DDDDA55840AF1CE757EFF52E40,0101000020E610000083C0CAA14521584001C203DA88513140,0101000020E61000000FD57356341657407B14AE47E1AA3540,0102000020E6100000030000002072E1DDDDA55840AF1CE757EFF52E4083C0CAA14521584001C203DA885131400FD57356341657407B14AE47E1AA3540
VTBS,VGHS,THA339,B772,400,20250603,1736,400,LUDVI,BGO ,AVLED,0101000020E61000002072E1DDDDA55840AF1CE757EFF52E40,0101000020E610000083C0CAA14521584001C203DA88513140,0101000020E61000000FD57356341657407B14AE47E1AA3540,0102000020E6100000030000002072E1DDDDA55840AF1CE757EFF52E4083C0CAA14521584001C203DA885131400FD57356341657407B14AE47E1AA3540
WMKK,VGHS,MXD162,B38M,360,20250603,1640,360,EKAVO,BGO ,AVLED,0101000020E61000001DC4946970E058404B4D8AA8EC402740,0101000020E610000083C0CAA14521584001C203DA88513140,0101000020E61000000FD57356341657407B14AE47E1AA3540,0102000020E6100000030000001DC4946970E058404B4D8AA8EC40274083C0CAA14521584001C203DA885131400FD57356341657407B14AE47E1AA3540
WMKK,VNKT,RNA416,A320,340,20250603,2313,340,EKAVO,BGO ,AVLED,0101000020E61000001DC4946970E058404B4D8AA8EC402740,0101000020E610000083C0CAA14521584001C203DA88513140,0101000020E61000000FD57356341657407B14AE47E1AA3540,0102000020E6100000030000001DC4946970E058404B4D8AA8EC40274083C0CAA14521584001C203DA885131400FD57356341657407B14AE47E1AA3540
WMKK,VGHS,BBC387,B738,390,20250603,2018,390,EKAVO,BGO ,AVLED,0101000020E61000001DC4946970E058404B4D8AA8EC402740,0101000020E610000083C0CAA14521584001C203DA88513140,0101000020E61000000FD57356341657407B14AE47E1AA3540,0102000020E6100000030000001DC4946970E058404B4D8AA8EC40274083C0CAA14521584001C203DA885131400FD57356341657407B14AE47E1AA3540
WSSS,VQPR,DRK543,A319,380,20250603,2239,380,EKAVO,BGO ,AVLED,0101000020E61000001DC4946970E058404B4D8AA8EC402740,0101000020E610000083C0CAA14521584001C203DA88513140,0101000020E61000000FD57356341657407B14AE47E1AA3540,0102000020E6100000030000001DC4946970E058404B4D8AA8EC40274083C0CAA14521584001C203DA885131400FD57356341657407B14AE47E1AA3540
VTBS,VEBD,DRK131,A319,380,20250603,0112,380,LUDVI,BGO ,AVLED,0101000020E61000002072E1DDDDA55840AF1CE757EFF52E40,0101000020E610000083C0CAA14521584001C203DA88513140,0101000020E61000000FD57356341657407B14AE47E1AA3540,0102000020E6100000030000002072E1DDDDA55840AF1CE757EFF52E4083C0CAA14521584001C203DA885131400FD57356341657407B14AE47E1AA3540
VTBD,VNKT,TLM220,B738,360,20250603,0539,360,LUDVI,BGO ,AVLED,0101000020E61000002072E1DDDDA55840AF1CE757EFF52E40,0101000020E610000083C0CAA14521584001C203DA88513140,0101000020E61000000FD57356341657407B14AE47E1AA3540,0102000020E6100000030000002072E1DDDDA55840AF1CE757EFF52E4083C0CAA14521584001C203DA885131400FD57356341657407B14AE47E1AA3540
WSSS,VIDP,SIA406,A388,380,20250603,1344,380,EKAVO,BGO ,AVLED,0101000020E61000001DC4946970E058404B4D8AA8EC402740,0101000020E610000083C0CAA14521584001C203DA88513140,0101000020E61000000FD57356341657407B14AE47E1AA3540,0102000020E6100000030000001DC4946970E058404B4D8AA8EC40274083C0CAA14521584001C203DA885131400FD57356341657407B14AE47E1AA3540
VTBS,VGHS,KMI713,B738,340,20250603,0038,340,BETNO,BGO ,AVLED,0101000020E610000093DA72CB5A8D5840E8E5A88A46322E40,0101000020E610000083C0CAA14521584001C203DA88513140,0101000020E61000000FD57356341657407B14AE47E1AA3540,0102000020E61000000300000093DA72CB5A8D5840E8E5A88A46322E4083C0CAA14521584001C203DA885131400FD57356341657407B14AE47E1AA3540
VTBS,VGHS,THA321,A320,360,20250603,0451,360,LUDVI,BGO ,AVLED,0101000020E61000002072E1DDDDA55840AF1CE757EFF52E40,0101000020E610000083C0CAA14521584001C203DA88513140,0101000020E61000000FD57356341657407B14AE47E1AA3540,0102000020E6100000030000002072E1DDDDA55840AF1CE757EFF52E4083C0CAA14521584001C203DA885131400FD57356341657407B14AE47E1AA3540
WSSS,VGHS,BBC585,B738,340,20250603,0956,340,EKAVO,BGO ,AVLED,0101000020E61000001DC4946970E058404B4D8AA8EC402740,0101000020E610000083C0CAA14521584001C203DA88513140,0101000020E61000000FD57356341657407B14AE47E1AA3540,0102000020E6100000030000001DC4946970E058404B4D8AA8EC40274083C0CAA14521584001C203DA885131400FD57356341657407B14AE47E1AA3540
WSSS,VGHS,SIA446,B78X,380,20250603,1447,380,EKAVO,DWI ,AVLED,0101000020E61000001DC4946970E058404B4D8AA8EC402740,0101000020E61000009A34BA413C8D58401F66EDBE7C332C40,0101000020E61000000FD57356341657407B14AE47E1AA3540,0102000020E6100000030000001DC4946970E058404B4D8AA8EC4027409A34BA413C8D58401F66EDBE7C332C400FD57356341657407B14AE47E1AA3540
ESSA,VTBS,THA961,A359,390,20250603,2116,390,IBITA,PTN ,BETNO,0101000020E6100000A86E0DF0CDFF5640EC51B81E85EB3240,0101000020E6100000C1A8A44E40B1574044302F3C06CF3040,0101000020E610000093DA72CB5A8D5840E8E5A88A46322E40,0102000020E610000003000000A86E0DF0CDFF5640EC51B81E85EB3240C1A8A44E40B1574044302F3C06CF304093DA72CB5A8D5840E8E5A88A46322E40
VGHS,VTBS,KMI714,B738,310,20250603,0403,310,AVLED,BGO ,BETNO,0101000020E61000000FD57356341657407B14AE47E1AA3540,0101000020E610000083C0CAA14521584001C203DA88513140,0101000020E610000093DA72CB5A8D5840E8E5A88A46322E40,0102000020E6100000030000000FD57356341657407B14AE47E1AA354083C0CAA14521584001C203DA8851314093DA72CB5A8D5840E8E5A88A46322E40
UWKD,VVCR,RWZ3203,B772,370,20250603,0010,370,TEBOV,BGO ,BETNO,0101000020E6100000A86E0DF0CDFF564072180E7CF36A3440,0101000020E610000083C0CAA14521584001C203DA88513140,0101000020E610000093DA72CB5A8D5840E8E5A88A46322E40,0102000020E610000003000000A86E0DF0CDFF564072180E7CF36A344083C0CAA14521584001C203DA8851314093DA72CB5A8D5840E8E5A88A46322E40
LSZH,VTBS,SWR180,B77W,330,20250603,0124,330,AVLED,BGO ,BETNO,0101000020E61000000FD57356341657407B14AE47E1AA3540,0101000020E610000083C0CAA14521584001C203DA88513140,0101000020E610000093DA72CB5A8D5840E8E5A88A46322E40,0102000020E6100000030000000FD57356341657407B14AE47E1AA354083C0CAA14521584001C203DA8851314093DA72CB5A8D5840E8E5A88A46322E40
UUEE,VTBS,AFL272,A359,390,20250603,0205,390,TEBOV,BGO ,BETNO,0101000020E6100000A86E0DF0CDFF564072180E7CF36A3440,0101000020E610000083C0CAA14521584001C203DA88513140,0101000020E610000093DA72CB5A8D5840E8E5A88A46322E40,0102000020E610000003000000A86E0DF0CDFF564072180E7CF36A344083C0CAA14521584001C203DA8851314093DA72CB5A8D5840E8E5A88A46322E40
VIDP,VTBS,IGO1726,B789,390,20250603,0700,390,IBITA,PTN ,BETNO,0101000020E6100000A86E0DF0CDFF5640EC51B81E85EB3240,0101000020E6100000C1A8A44E40B1574044302F3C06CF3040,0101000020E610000093DA72CB5A8D5840E8E5A88A46322E40,0102000020E610000003000000A86E0DF0CDFF5640EC51B81E85EB3240C1A8A44E40B1574044302F3C06CF304093DA72CB5A8D5840E8E5A88A46322E40
VIDP,VTBS,AIC2336,A20N,370,20250603,2226,370,IBITA,PTN ,BETNO,0101000020E6100000A86E0DF0CDFF5640EC51B81E85EB3240,0101000020E6100000C1A8A44E40B1574044302F3C06CF3040,0101000020E610000093DA72CB5A8D5840E8E5A88A46322E40,0102000020E610000003000000A86E0DF0CDFF5640EC51B81E85EB3240C1A8A44E40B1574044302F3C06CF304093DA72CB5A8D5840E8E5A88A46322E40
EDDF,VTBS,CFG2362,A339,390,20250603,0327,390,IBITA,PTN ,BETNO,0101000020E6100000A86E0DF0CDFF5640EC51B81E85EB3240,0101000020E6100000C1A8A44E40B1574044302F3C06CF3040,0101000020E610000093DA72CB5A8D5840E8E5A88A46322E40,0102000020E610000003000000A86E0DF0CDFF5640EC51B81E85EB3240C1A8A44E40B1574044302F3C06CF304093DA72CB5A8D5840E8E5A88A46322E40
VECC,VTBS,IGO1047,A20N,350,20250603,2148,350,IBITA,PTN ,BETNO,0101000020E6100000A86E0DF0CDFF5640EC51B81E85EB3240,0101000020E6100000C1A8A44E40B1574044302F3C06CF3040,0101000020E610000093DA72CB5A8D5840E8E5A88A46322E40,0102000020E610000003000000A86E0DF0CDFF5640EC51B81E85EB3240C1A8A44E40B1574044302F3C06CF304093DA72CB5A8D5840E8E5A88A46322E40
OPKC,VTBS,THA342,A333,390,20250603,2147,390,SAGOD,PTN ,BETNO,0101000020E6100000A86E0DF0CDFF5640AE47E17A14EE3140,0101000020E6100000C1A8A44E40B1574044302F3C06CF3040,0101000020E610000093DA72CB5A8D5840E8E5A88A46322E40,0102000020E610000003000000A86E0DF0CDFF5640AE47E17A14EE3140C1A8A44E40B1574044302F3C06CF304093DA72CB5A8D5840E8E5A88A46322E40
OTHH,VVTS,QTR970,B77W,350,20250603,0407,350,SAGOD,PTN ,BETNO,0101000020E6100000A86E0DF0CDFF5640AE47E17A14EE3140,0101000020E6100000C1A8A44E40B1574044302F3C06CF3040,0101000020E610000093DA72CB5A8D5840E8E5A88A46322E40,0102000020E610000003000000A86E0DF0CDFF5640AE47E17A14EE3140C1A8A44E40B1574044302F3C06CF304093DA72CB5A8D5840E8E5A88A46322E40
OMDB,VVTS,UAE364,B77L,370,20250603,0440,370,SAGOD,PTN ,BETNO,0101000020E6100000A86E0DF0CDFF5640AE47E17A14EE3140,0101000020E6100000C1A8A44E40B1574044302F3C06CF3040,0101000020E610000093DA72CB5A8D5840E8E5A88A46322E40,0102000020E610000003000000A86E0DF0CDFF5640AE47E17A14EE3140C1A8A44E40B1574044302F3C06CF304093DA72CB5A8D5840E8E5A88A46322E40
OTHH,VTBS,QTR836,B77W,350,20250603,0444,350,SAGOD,PTN ,BETNO,0101000020E6100000A86E0DF0CDFF5640AE47E17A14EE3140,0101000020E6100000C1A8A44E40B1574044302F3C06CF3040,0101000020E610000093DA72CB5A8D5840E8E5A88A46322E40,0102000020E610000003000000A86E0DF0CDFF5640AE47E17A14EE3140C1A8A44E40B1574044302F3C06CF304093DA72CB5A8D5840E8E5A88A46322E40
OTHH,VTBS,QTR834,A388,390,20250603,0421,390,SAGOD,PTN ,BETNO,0101000020E6100000A86E0DF0CDFF5640AE47E17A14EE3140,0101000020E6100000C1A8A44E40B1574044302F3C06CF3040,0101000020E610000093DA72CB5A8D5840E8E5A88A46322E40,0102000020E610000003000000A86E0DF0CDFF5640AE47E17A14EE3140C1A8A44E40B1574044302F3C06CF304093DA72CB5A8D5840E8E5A88A46322E40
LEMD,VTBD,T7IVL,GA7C,450,20250603,0504,450,SAGOD,PTN ,BETNO,0101000020E6100000A86E0DF0CDFF5640AE47E17A14EE3140,0101000020E6100000C1A8A44E40B1574044302F3C06CF3040,0101000020E610000093DA72CB5A8D5840E8E5A88A46322E40,0102000020E610000003000000A86E0DF0CDFF5640AE47E17A14EE3140C1A8A44E40B1574044302F3C06CF304093DA72CB5A8D5840E8E5A88A46322E40
LTFM,VVTS,THY162,A359,390,20250603,0610,390,SAGOD,PTN ,BETNO,0101000020E6100000A86E0DF0CDFF5640AE47E17A14EE3140,0101000020E6100000C1A8A44E40B1574044302F3C06CF3040,0101000020E610000093DA72CB5A8D5840E8E5A88A46322E40,0102000020E610000003000000A86E0DF0CDFF5640AE47E17A14EE3140C1A8A44E40B1574044302F3C06CF304093DA72CB5A8D5840E8E5A88A46322E40
VOMM,VTBD,AIQ154,A20N,390,20250603,2012,390,SAGOD,PTN ,BETNO,0101000020E6100000A86E0DF0CDFF5640AE47E17A14EE3140,0101000020E6100000C1A8A44E40B1574044302F3C06CF3040,0101000020E610000093DA72CB5A8D5840E8E5A88A46322E40,0102000020E610000003000000A86E0DF0CDFF5640AE47E17A14EE3140C1A8A44E40B1574044302F3C06CF304093DA72CB5A8D5840E8E5A88A46322E40
VIJP,VTBD,AIQ131,A20N,350,20250603,2004,350,SAGOD,PTN ,BETNO,0101000020E6100000A86E0DF0CDFF5640AE47E17A14EE3140,0101000020E6100000C1A8A44E40B1574044302F3C06CF3040,0101000020E610000093DA72CB5A8D5840E8E5A88A46322E40,0102000020E610000003000000A86E0DF0CDFF5640AE47E17A14EE3140C1A8A44E40B1574044302F3C06CF304093DA72CB5A8D5840E8E5A88A46322E40
UTTT,VVCR,UZB561,A21N,350,20250603,2315,350,SAGOD,PTN ,BETNO,0101000020E6100000A86E0DF0CDFF5640AE47E17A14EE3140,0101000020E6100000C1A8A44E40B1574044302F3C06CF3040,0101000020E610000093DA72CB5A8D5840E8E5A88A46322E40,0102000020E610000003000000A86E0DF0CDFF5640AE47E17A14EE3140C1A8A44E40B1574044302F3C06CF304093DA72CB5A8D5840E8E5A88A46322E40
OMDB,VVTS,UAE392,B77W,350,20250603,1016,350,SAGOD,PTN ,BETNO,0101000020E6100000A86E0DF0CDFF5640AE47E17A14EE3140,0101000020E6100000C1A8A44E40B1574044302F3C06CF3040,0101000020E610000093DA72CB5A8D5840E8E5A88A46322E40,0102000020E610000003000000A86E0DF0CDFF5640AE47E17A14EE3140C1A8A44E40B1574044302F3C06CF304093DA72CB5A8D5840E8E5A88A46322E40
UTAA,VVTS,TUA651,B77W,330,20250603,1557,330,SAGOD,PTN ,BETNO,0101000020E6100000A86E0DF0CDFF5640AE47E17A14EE3140,0101000020E6100000C1A8A44E40B1574044302F3C06CF3040,0101000020E610000093DA72CB5A8D5840E8E5A88A46322E40,0102000020E610000003000000A86E0DF0CDFF5640AE47E17A14EE3140C1A8A44E40B1574044302F3C06CF304093DA72CB5A8D5840E8E5A88A46322E40
OTHH,VTBS,QTR8346,B77L,370,20250603,0723,370,SAGOD,PTN ,BETNO,0101000020E6100000A86E0DF0CDFF5640AE47E17A14EE3140,0101000020E6100000C1A8A44E40B1574044302F3C06CF3040,0101000020E610000093DA72CB5A8D5840E8E5A88A46322E40,0102000020E610000003000000A86E0DF0CDFF5640AE47E17A14EE3140C1A8A44E40B1574044302F3C06CF304093DA72CB5A8D5840E8E5A88A46322E40
OTHH,VTBS,QTR828,B77W,370,20250603,1023,370,SAGOD,PTN ,BETNO,0101000020E6100000A86E0DF0CDFF5640AE47E17A14EE3140,0101000020E6100000C1A8A44E40B1574044302F3C06CF3040,0101000020E610000093DA72CB5A8D5840E8E5A88A46322E40,0102000020E610000003000000A86E0DF0CDFF5640AE47E17A14EE3140C1A8A44E40B1574044302F3C06CF304093DA72CB5A8D5840E8E5A88A46322E40
OMDB,VTBS,UAE372,A388,410,20250603,1024,410,SAGOD,PTN ,BETNO,0101000020E6100000A86E0DF0CDFF5640AE47E17A14EE3140,0101000020E6100000C1A8A44E40B1574044302F3C06CF3040,0101000020E610000093DA72CB5A8D5840E8E5A88A46322E40,0102000020E610000003000000A86E0DF0CDFF5640AE47E17A14EE3140C1A8A44E40B1574044302F3C06CF304093DA72CB5A8D5840E8E5A88A46322E40
OMSJ,VTBS,ABY816,A21N,350,20250603,0833,350,SAGOD,PTN ,BETNO,0101000020E6100000A86E0DF0CDFF5640AE47E17A14EE3140,0101000020E6100000C1A8A44E40B1574044302F3C06CF3040,0101000020E610000093DA72CB5A8D5840E8E5A88A46322E40,0102000020E610000003000000A86E0DF0CDFF5640AE47E17A14EE3140C1A8A44E40B1574044302F3C06CF304093DA72CB5A8D5840E8E5A88A46322E40
OMDB,VTBS,UAE370,B77W,370,20250603,0815,370,SAGOD,PTN ,BETNO,0101000020E6100000A86E0DF0CDFF5640AE47E17A14EE3140,0101000020E6100000C1A8A44E40B1574044302F3C06CF3040,0101000020E610000093DA72CB5A8D5840E8E5A88A46322E40,0102000020E610000003000000A86E0DF0CDFF5640AE47E17A14EE3140C1A8A44E40B1574044302F3C06CF304093DA72CB5A8D5840E8E5A88A46322E40
EFHK,VTBS,FIN141,A359,390,20250603,2032,390,IBITA,PTN ,BETNO,0101000020E6100000A86E0DF0CDFF5640EC51B81E85EB3240,0101000020E6100000C1A8A44E40B1574044302F3C06CF3040,0101000020E610000093DA72CB5A8D5840E8E5A88A46322E40,0102000020E610000003000000A86E0DF0CDFF5640EC51B81E85EB3240C1A8A44E40B1574044302F3C06CF304093DA72CB5A8D5840E8E5A88A46322E40
LTFM,VTBS,THA901,A359,410,20250603,2033,410,IBITA,PTN ,BETNO,0101000020E6100000A86E0DF0CDFF5640EC51B81E85EB3240,0101000020E6100000C1A8A44E40B1574044302F3C06CF3040,0101000020E610000093DA72CB5A8D5840E8E5A88A46322E40,0102000020E610000003000000A86E0DF0CDFF5640EC51B81E85EB3240C1A8A44E40B1574044302F3C06CF304093DA72CB5A8D5840E8E5A88A46322E40
EGLL,VTBS,THA911,B77W,350,20250603,2109,350,IBITA,PTN ,BETNO,0101000020E6100000A86E0DF0CDFF5640EC51B81E85EB3240,0101000020E6100000C1A8A44E40B1574044302F3C06CF3040,0101000020E610000093DA72CB5A8D5840E8E5A88A46322E40,0102000020E610000003000000A86E0DF0CDFF5640EC51B81E85EB3240C1A8A44E40B1574044302F3C06CF304093DA72CB5A8D5840E8E5A88A46322E40
OPLA,VTBS,THA346,A359,410,20250603,2133,410,IBITA,PTN ,BETNO,0101000020E6100000A86E0DF0CDFF5640EC51B81E85EB3240,0101000020E6100000C1A8A44E40B1574044302F3C06CF3040,0101000020E610000093DA72CB5A8D5840E8E5A88A46322E40,0102000020E610000003000000A86E0DF0CDFF5640EC51B81E85EB3240C1A8A44E40B1574044302F3C06CF304093DA72CB5A8D5840E8E5A88A46322E40
EDDM,VTBS,DLH772,A359,410,20250603,0534,410,IBITA,PTN ,BETNO,0101000020E6100000A86E0DF0CDFF5640EC51B81E85EB3240,0101000020E6100000C1A8A44E40B1574044302F3C06CF3040,0101000020E610000093DA72CB5A8D5840E8E5A88A46322E40,0102000020E610000003000000A86E0DF0CDFF5640EC51B81E85EB3240C1A8A44E40B1574044302F3C06CF304093DA72CB5A8D5840E8E5A88A46322E40
VIDP,VTBS,AIC2355,A20N,330,20250603,0516,330,IBITA,PTN ,BETNO,0101000020E6100000A86E0DF0CDFF5640EC51B81E85EB3240,0101000020E6100000C1A8A44E40B1574044302F3C06CF3040,0101000020E610000093DA72CB5A8D5840E8E5A88A46322E40,0102000020E610000003000000A86E0DF0CDFF5640EC51B81E85EB3240C1A8A44E40B1574044302F3C06CF304093DA72CB5A8D5840E8E5A88A46322E40
LOWW,VTBS,AUA25,B772,370,20250603,0637,370,IBITA,PTN ,BETNO,0101000020E6100000A86E0DF0CDFF5640EC51B81E85EB3240,0101000020E6100000C1A8A44E40B1574044302F3C06CF3040,0101000020E610000093DA72CB5A8D5840E8E5A88A46322E40,0102000020E610000003000000A86E0DF0CDFF5640EC51B81E85EB3240C1A8A44E40B1574044302F3C06CF304093DA72CB5A8D5840E8E5A88A46322E40
EDDF,VTBS,THA921,B77W,370,20250603,2158,370,IBITA,PTN ,BETNO,0101000020E6100000A86E0DF0CDFF5640EC51B81E85EB3240,0101000020E6100000C1A8A44E40B1574044302F3C06CF3040,0101000020E610000093DA72CB5A8D5840E8E5A88A46322E40,0102000020E610000003000000A86E0DF0CDFF5640EC51B81E85EB3240C1A8A44E40B1574044302F3C06CF304093DA72CB5A8D5840E8E5A88A46322E40
VIDP,VVTS,AIC388,A20N,350,20250603,1002,350,IBITA,PTN ,BETNO,0101000020E6100000A86E0DF0CDFF5640EC51B81E85EB3240,0101000020E6100000C1A8A44E40B1574044302F3C06CF3040,0101000020E610000093DA72CB5A8D5840E8E5A88A46322E40,0102000020E610000003000000A86E0DF0CDFF5640EC51B81E85EB3240C1A8A44E40B1574044302F3C06CF304093DA72CB5A8D5840E8E5A88A46322E40
VECC,VVTS,IGO1641,A20N,370,20250603,1604,370,IBITA,PTN ,BETNO,0101000020E6100000A86E0DF0CDFF5640EC51B81E85EB3240,0101000020E6100000C1A8A44E40B1574044302F3C06CF3040,0101000020E610000093DA72CB5A8D5840E8E5A88A46322E40,0102000020E610000003000000A86E0DF0CDFF5640EC51B81E85EB3240C1A8A44E40B1574044302F3C06CF304093DA72CB5A8D5840E8E5A88A46322E40
LOWW,VTBS,EVA062,B78X,390,20250603,2338,390,IBITA,PTN ,BETNO,0101000020E6100000A86E0DF0CDFF5640EC51B81E85EB3240,0101000020E6100000C1A8A44E40B1574044302F3C06CF3040,0101000020E610000093DA72CB5A8D5840E8E5A88A46322E40,0102000020E610000003000000A86E0DF0CDFF5640EC51B81E85EB3240C1A8A44E40B1574044302F3C06CF304093DA72CB5A8D5840E8E5A88A46322E40
LSZH,VTBS,THA971,B77W,370,20250603,2021,370,IBITA,PTN ,BETNO,0101000020E6100000A86E0DF0CDFF5640EC51B81E85EB3240,0101000020E6100000C1A8A44E40B1574044302F3C06CF3040,0101000020E610000093DA72CB5A8D5840E8E5A88A46322E40,0102000020E610000003000000A86E0DF0CDFF5640EC51B81E85EB3240C1A8A44E40B1574044302F3C06CF304093DA72CB5A8D5840E8E5A88A46322E40
VIDP,VTBS,THA316,B77W,330,20250603,2012,330,IBITA,PTN ,BETNO,0101000020E6100000A86E0DF0CDFF5640EC51B81E85EB3240,0101000020E6100000C1A8A44E40B1574044302F3C06CF3040,0101000020E610000093DA72CB5A8D5840E8E5A88A46322E40,0102000020E610000003000000A86E0DF0CDFF5640EC51B81E85EB3240C1A8A44E40B1574044302F3C06CF304093DA72CB5A8D5840E8E5A88A46322E40
UTTT,VVCR,MFX5537,A21N,310,20250603,2241,310,IBITA,PTN ,BETNO,0101000020E6100000A86E0DF0CDFF5640EC51B81E85EB3240,0101000020E6100000C1A8A44E40B1574044302F3C06CF3040,0101000020E610000093DA72CB5A8D5840E8E5A88A46322E40,0102000020E610000003000000A86E0DF0CDFF5640EC51B81E85EB3240C1A8A44E40B1574044302F3C06CF304093DA72CB5A8D5840E8E5A88A46322E40
EBBR,VTBS,THA935,B788,370,20250603,2041,370,IBITA,PTN ,BETNO,0101000020E6100000A86E0DF0CDFF5640EC51B81E85EB3240,0101000020E6100000C1A8A44E40B1574044302F3C06CF3040,0101000020E610000093DA72CB5A8D5840E8E5A88A46322E40,0102000020E610000003000000A86E0DF0CDFF5640EC51B81E85EB3240C1A8A44E40B1574044302F3C06CF304093DA72CB5A8D5840E8E5A88A46322E40
ENGM,VTBS,THA955,A359,410,20250603,2102,410,IBITA,PTN ,BETNO,0101000020E6100000A86E0DF0CDFF5640EC51B81E85EB3240,0101000020E6100000C1A8A44E40B1574044302F3C06CF3040,0101000020E610000093DA72CB5A8D5840E8E5A88A46322E40,0102000020E610000003000000A86E0DF0CDFF5640EC51B81E85EB3240C1A8A44E40B1574044302F3C06CF304093DA72CB5A8D5840E8E5A88A46322E40
LIMC,VTBS,THA941,B789,390,20250603,2049,390,IBITA,PTN ,BETNO,0101000020E6100000A86E0DF0CDFF5640EC51B81E85EB3240,0101000020E6100000C1A8A44E40B1574044302F3C06CF3040,0101000020E610000093DA72CB5A8D5840E8E5A88A46322E40,0102000020E610000003000000A86E0DF0CDFF5640EC51B81E85EB3240C1A8A44E40B1574044302F3C06CF304093DA72CB5A8D5840E8E5A88A46322E40
EDDP,VTBS,BOX502,B77L,370,20250603,1342,370,IBITA,PTN ,BETNO,0101000020E6100000A86E0DF0CDFF5640EC51B81E85EB3240,0101000020E6100000C1A8A44E40B1574044302F3C06CF3040,0101000020E610000093DA72CB5A8D5840E8E5A88A46322E40,0102000020E610000003000000A86E0DF0CDFF5640EC51B81E85EB3240C1A8A44E40B1574044302F3C06CF304093DA72CB5A8D5840E8E5A88A46322E40
VIDP,VTBS,THA332,B772,390,20250603,0007,390,IBITA,PTN ,BETNO,0101000020E6100000A86E0DF0CDFF5640EC51B81E85EB3240,0101000020E6100000C1A8A44E40B1574044302F3C06CF3040,0101000020E610000093DA72CB5A8D5840E8E5A88A46322E40,0102000020E610000003000000A86E0DF0CDFF5640EC51B81E85EB3240C1A8A44E40B1574044302F3C06CF304093DA72CB5A8D5840E8E5A88A46322E40
VECC,VTBS,THA314,A320,330,20250603,2137,330,IBITA,PTN ,BETNO,0101000020E6100000A86E0DF0CDFF5640EC51B81E85EB3240,0101000020E6100000C1A8A44E40B1574044302F3C06CF3040,0101000020E610000093DA72CB5A8D5840E8E5A88A46322E40,0102000020E610000003000000A86E0DF0CDFF5640EC51B81E85EB3240C1A8A44E40B1574044302F3C06CF304093DA72CB5A8D5840E8E5A88A46322E40
LFPG,VVTS,AFR258,A359,410,20250603,2222,410,IBITA,PTN ,BETNO,0101000020E6100000A86E0DF0CDFF5640EC51B81E85EB3240,0101000020E6100000C1A8A44E40B1574044302F3C06CF3040,0101000020E610000093DA72CB5A8D5840E8E5A88A46322E40,0102000020E610000003000000A86E0DF0CDFF5640EC51B81E85EB3240C1A8A44E40B1574044302F3C06CF304093DA72CB5A8D5840E8E5A88A46322E40
EDDM,VTBS,THA925,A359,410,20250603,2047,410,IBITA,PTN ,BETNO,0101000020E6100000A86E0DF0CDFF5640EC51B81E85EB3240,0101000020E6100000C1A8A44E40B1574044302F3C06CF3040,0101000020E610000093DA72CB5A8D5840E8E5A88A46322E40,0102000020E610000003000000A86E0DF0CDFF5640EC51B81E85EB3240C1A8A44E40B1574044302F3C06CF304093DA72CB5A8D5840E8E5A88A46322E40
LIRF,VTBS,ITY758,A339,350,20250603,2231,350,IBITA,PTN ,BETNO,0101000020E6100000A86E0DF0CDFF5640EC51B81E85EB3240,0101000020E6100000C1A8A44E40B1574044302F3C06CF3040,0101000020E610000093DA72CB5A8D5840E8E5A88A46322E40,0102000020E610000003000000A86E0DF0CDFF5640EC51B81E85EB3240C1A8A44E40B1574044302F3C06CF304093DA72CB5A8D5840E8E5A88A46322E40
VIDP,VTBS,SEJ087,B738,270,20250603,1823,270,IBITA,PTN ,BETNO,0101000020E6100000A86E0DF0CDFF5640EC51B81E85EB3240,0101000020E6100000C1A8A44E40B1574044302F3C06CF3040,0101000020E610000093DA72CB5A8D5840E8E5A88A46322E40,0102000020E610000003000000A86E0DF0CDFF5640EC51B81E85EB3240C1A8A44E40B1574044302F3C06CF304093DA72CB5A8D5840E8E5A88A46322E40
VIDP,VTBS,AIC2304,A20N,370,20250603,1149,370,IBITA,PTN ,BETNO,0101000020E6100000A86E0DF0CDFF5640EC51B81E85EB3240,0101000020E6100000C1A8A44E40B1574044302F3C06CF3040,0101000020E610000093DA72CB5A8D5840E8E5A88A46322E40,0102000020E610000003000000A86E0DF0CDFF5640EC51B81E85EB3240C1A8A44E40B1574044302F3C06CF304093DA72CB5A8D5840E8E5A88A46322E40
VIDP,VTBS,AIC2332,A20N,370,20250603,0754,370,IBITA,PTN ,BETNO,0101000020E6100000A86E0DF0CDFF5640EC51B81E85EB3240,0101000020E6100000C1A8A44E40B1574044302F3C06CF3040,0101000020E610000093DA72CB5A8D5840E8E5A88A46322E40,0102000020E610000003000000A86E0DF0CDFF5640EC51B81E85EB3240C1A8A44E40B1574044302F3C06CF304093DA72CB5A8D5840E8E5A88A46322E40
EDDM,VVTS,HVN32,B789,410,20250603,1935,410,IBITA,PTN ,BETNO,0101000020E6100000A86E0DF0CDFF5640EC51B81E85EB3240,0101000020E6100000C1A8A44E40B1574044302F3C06CF3040,0101000020E610000093DA72CB5A8D5840E8E5A88A46322E40,0102000020E610000003000000A86E0DF0CDFF5640EC51B81E85EB3240C1A8A44E40B1574044302F3C06CF304093DA72CB5A8D5840E8E5A88A46322E40
VOMM,VTBD,TLM241,B738,330,20250603,2240,330,SAGOD,PTN ,BETNO,0101000020E6100000A86E0DF0CDFF5640AE47E17A14EE3140,0101000020E6100000C1A8A44E40B1574044302F3C06CF3040,0101000020E610000093DA72CB5A8D5840E8E5A88A46322E40,0102000020E610000003000000A86E0DF0CDFF5640AE47E17A14EE3140C1A8A44E40B1574044302F3C06CF304093DA72CB5A8D5840E8E5A88A46322E40
OTHH,VTBS,QTR838,B788,410,20250603,2121,410,SAGOD,PTN ,BETNO,0101000020E6100000A86E0DF0CDFF5640AE47E17A14EE3140,0101000020E6100000C1A8A44E40B1574044302F3C06CF3040,0101000020E610000093DA72CB5A8D5840E8E5A88A46322E40,0102000020E610000003000000A86E0DF0CDFF5640AE47E17A14EE3140C1A8A44E40B1574044302F3C06CF304093DA72CB5A8D5840E8E5A88A46322E40
OTHH,VTBS,QTR830,B789,390,20250603,2227,390,SAGOD,PTN ,BETNO,0101000020E6100000A86E0DF0CDFF5640AE47E17A14EE3140,0101000020E6100000C1A8A44E40B1574044302F3C06CF3040,0101000020E610000093DA72CB5A8D5840E8E5A88A46322E40,0102000020E610000003000000A86E0DF0CDFF5640AE47E17A14EE3140C1A8A44E40B1574044302F3C06CF304093DA72CB5A8D5840E8E5A88A46322E40
VAAH,VTBS,THA344,A320,350,20250603,2219,350,SAGOD,PTN ,BETNO,0101000020E6100000A86E0DF0CDFF5640AE47E17A14EE3140,0101000020E6100000C1A8A44E40B1574044302F3C06CF3040,0101000020E610000093DA72CB5A8D5840E8E5A88A46322E40,0102000020E610000003000000A86E0DF0CDFF5640AE47E17A14EE3140C1A8A44E40B1574044302F3C06CF304093DA72CB5A8D5840E8E5A88A46322E40
VOCI,VTBD,TLM211,B738,390,20250603,2316,390,SAGOD,PTN ,BETNO,0101000020E6100000A86E0DF0CDFF5640AE47E17A14EE3140,0101000020E6100000C1A8A44E40B1574044302F3C06CF3040,0101000020E610000093DA72CB5A8D5840E8E5A88A46322E40,0102000020E610000003000000A86E0DF0CDFF5640AE47E17A14EE3140C1A8A44E40B1574044302F3C06CF304093DA72CB5A8D5840E8E5A88A46322E40
OBBI,RPLL,GFA154,B789,370,20250603,2313,370,SAGOD,PTN ,BETNO,0101000020E6100000A86E0DF0CDFF5640AE47E17A14EE3140,0101000020E6100000C1A8A44E40B1574044302F3C06CF3040,0101000020E610000093DA72CB5A8D5840E8E5A88A46322E40,0102000020E610000003000000A86E0DF0CDFF5640AE47E17A14EE3140C1A8A44E40B1574044302F3C06CF304093DA72CB5A8D5840E8E5A88A46322E40
VAAH,VTBD,TLM213,B739,330,20250603,2203,330,SAGOD,PTN ,BETNO,0101000020E6100000A86E0DF0CDFF5640AE47E17A14EE3140,0101000020E6100000C1A8A44E40B1574044302F3C06CF3040,0101000020E610000093DA72CB5A8D5840E8E5A88A46322E40,0102000020E610000003000000A86E0DF0CDFF5640AE47E17A14EE3140C1A8A44E40B1574044302F3C06CF304093DA72CB5A8D5840E8E5A88A46322E40
OMDW,RPLL,QQE740,GLF6,450,20250603,2100,450,SAGOD,PTN ,BETNO,0101000020E6100000A86E0DF0CDFF5640AE47E17A14EE3140,0101000020E6100000C1A8A44E40B1574044302F3C06CF3040,0101000020E610000093DA72CB5A8D5840E8E5A88A46322E40,0102000020E610000003000000A86E0DF0CDFF5640AE47E17A14EE3140C1A8A44E40B1574044302F3C06CF304093DA72CB5A8D5840E8E5A88A46322E40
OBBI,VTBS,GFA152,B789,410,20250603,0048,410,SAGOD,PTN ,BETNO,0101000020E6100000A86E0DF0CDFF5640AE47E17A14EE3140,0101000020E6100000C1A8A44E40B1574044302F3C06CF3040,0101000020E610000093DA72CB5A8D5840E8E5A88A46322E40,0102000020E610000003000000A86E0DF0CDFF5640AE47E17A14EE3140C1A8A44E40B1574044302F3C06CF304093DA72CB5A8D5840E8E5A88A46322E40
OMSJ,VTBS,ABY821,A21N,330,20250603,0004,330,SAGOD,PTN ,BETNO,0101000020E6100000A86E0DF0CDFF5640AE47E17A14EE3140,0101000020E6100000C1A8A44E40B1574044302F3C06CF3040,0101000020E610000093DA72CB5A8D5840E8E5A88A46322E40,0102000020E610000003000000A86E0DF0CDFF5640AE47E17A14EE3140C1A8A44E40B1574044302F3C06CF304093DA72CB5A8D5840E8E5A88A46322E40
VAAH,VTBD,AIQ145,A20N,350,20250603,2019,350,SAGOD,PTN ,BETNO,0101000020E6100000A86E0DF0CDFF5640AE47E17A14EE3140,0101000020E6100000C1A8A44E40B1574044302F3C06CF3040,0101000020E610000093DA72CB5A8D5840E8E5A88A46322E40,0102000020E610000003000000A86E0DF0CDFF5640AE47E17A14EE3140C1A8A44E40B1574044302F3C06CF304093DA72CB5A8D5840E8E5A88A46322E40
EHAM,VTBS,KLM843,B77W,330,20250603,0106,330,SAGOD,PTN ,BETNO,0101000020E6100000A86E0DF0CDFF5640AE47E17A14EE3140,0101000020E6100000C1A8A44E40B1574044302F3C06CF3040,0101000020E610000093DA72CB5A8D5840E8E5A88A46322E40,0102000020E610000003000000A86E0DF0CDFF5640AE47E17A14EE3140C1A8A44E40B1574044302F3C06CF304093DA72CB5A8D5840E8E5A88A46322E40
VABB,VTBD,TLM219,B739,350,20250603,2127,350,SAGOD,PTN ,BETNO,0101000020E6100000A86E0DF0CDFF5640AE47E17A14EE3140,0101000020E6100000C1A8A44E40B1574044302F3C06CF3040,0101000020E610000093DA72CB5A8D5840E8E5A88A46322E40,0102000020E610000003000000A86E0DF0CDFF5640AE47E17A14EE3140C1A8A44E40B1574044302F3C06CF304093DA72CB5A8D5840E8E5A88A46322E40
VTBS,VABB,TVJ760,A320,300,20250603,1454,300,TANEK,DWI ,BORBU,0101000020E61000009505FAE133BE5840DA1E7BC56C1A2C40,0101000020E61000009A34BA413C8D58401F66EDBE7C332C40,0101000020E610000000000000000057404208A78967E53040,0102000020E6100000030000009505FAE133BE5840DA1E7BC56C1A2C409A34BA413C8D58401F66EDBE7C332C4000000000000057404208A78967E53040
VTBS,VABB,IGO1052,A20N,320,20250603,0948,320,TANEK,KAMKO,BORBU,0101000020E61000009505FAE133BE5840DA1E7BC56C1A2C40,0101000020E6100000390C07BE798D57404A97825E4D1C3040,0101000020E610000000000000000057404208A78967E53040,0102000020E6100000030000009505FAE133BE5840DA1E7BC56C1A2C40390C07BE798D57404A97825E4D1C304000000000000057404208A78967E53040
VTBD,VABB,TLM218,B739,320,20250603,1347,320,TANEK,DWI ,BORBU,0101000020E61000009505FAE133BE5840DA1E7BC56C1A2C40,0101000020E61000009A34BA413C8D58401F66EDBE7C332C40,0101000020E610000000000000000057404208A78967E53040,0102000020E6100000030000009505FAE133BE5840DA1E7BC56C1A2C409A34BA413C8D58401F66EDBE7C332C4000000000000057404208A78967E53040
VVTS,VAAH,VJC1805,A320,340,20250603,1419,340,TANEK,DWI ,BORBU,0101000020E61000009505FAE133BE5840DA1E7BC56C1A2C40,0101000020E61000009A34BA413C8D58401F66EDBE7C332C40,0101000020E610000000000000000057404208A78967E53040,0102000020E6100000030000009505FAE133BE5840DA1E7BC56C1A2C409A34BA413C8D58401F66EDBE7C332C4000000000000057404208A78967E53040
VTBS,OMAA,ETD407,B77W,300,20250603,1427,300,TANEK,DWI ,BORBU,0101000020E61000009505FAE133BE5840DA1E7BC56C1A2C40,0101000020E61000009A34BA413C8D58401F66EDBE7C332C40,0101000020E610000000000000000057404208A78967E53040,0102000020E6100000030000009505FAE133BE5840DA1E7BC56C1A2C409A34BA413C8D58401F66EDBE7C332C4000000000000057404208A78967E53040
ZGGG,OMDW,FDX5030,B77L,320,20250603,0101,320,LINSO,LSO ,CHILA,0101000020E6100000ED3EAEAAAABA58400000000000603740,0101000020E6100000AD339D2145705840611B127320FB3640,0101000020E6100000D1B8AACBED2F5740FCDC33BF58623640,0102000020E610000003000000ED3EAEAAAABA58400000000000603740AD339D2145705840611B127320FB3640D1B8AACBED2F5740FCDC33BF58623640
ZPPP,VGHS,CES2035,B738,340,20250603,0511,340,LINSO,LSO ,CHILA,0101000020E6100000ED3EAEAAAABA58400000000000603740,0101000020E6100000AD339D2145705840611B127320FB3640,0101000020E6100000D1B8AACBED2F5740FCDC33BF58623640,0102000020E610000003000000ED3EAEAAAABA58400000000000603740AD339D2145705840611B127320FB3640D1B8AACBED2F5740FCDC33BF58623640
VHHH,VIDP,BOX593,B77L,320,20250603,0120,320,LINSO,LSO ,CHILA,0101000020E6100000ED3EAEAAAABA58400000000000603740,0101000020E6100000AD339D2145705840611B127320FB3640,0101000020E6100000D1B8AACBED2F5740FCDC33BF58623640,0102000020E610000003000000ED3EAEAAAABA58400000000000603740AD339D2145705840611B127320FB3640D1B8AACBED2F5740FCDC33BF58623640
VHHH,OBBI,BOX523,B77L,320,20250603,0015,320,LINSO,LSO ,CHILA,0101000020E6100000ED3EAEAAAABA58400000000000603740,0101000020E6100000AD339D2145705840611B127320FB3640,0101000020E6100000D1B8AACBED2F5740FCDC33BF58623640,0102000020E610000003000000ED3EAEAAAABA58400000000000603740AD339D2145705840611B127320FB3640D1B8AACBED2F5740FCDC33BF58623640
ZGGG,VGHS,UBG326,B738,340,20250603,0014,340,LINSO,LSO ,CHILA,0101000020E6100000ED3EAEAAAABA58400000000000603740,0101000020E6100000AD339D2145705840611B127320FB3640,0101000020E6100000D1B8AACBED2F5740FCDC33BF58623640,0102000020E610000003000000ED3EAEAAAABA58400000000000603740AD339D2145705840611B127320FB3640D1B8AACBED2F5740FCDC33BF58623640
ZGGG,VGHS,UBG326,B738,380,20250603,2320,380,LINSO,LSO ,CHILA,0101000020E6100000ED3EAEAAAABA58400000000000603740,0101000020E6100000AD339D2145705840611B127320FB3640,0101000020E6100000D1B8AACBED2F5740FCDC33BF58623640,0102000020E610000003000000ED3EAEAAAABA58400000000000603740AD339D2145705840611B127320FB3640D1B8AACBED2F5740FCDC33BF58623640
ZUCK,VCBI,CQN2393,A20N,340,20250603,0544,340,LINSO,LSO ,CHILA,0101000020E6100000ED3EAEAAAABA58400000000000603740,0101000020E6100000AD339D2145705840611B127320FB3640,0101000020E6100000D1B8AACBED2F5740FCDC33BF58623640,0102000020E610000003000000ED3EAEAAAABA58400000000000603740AD339D2145705840611B127320FB3640D1B8AACBED2F5740FCDC33BF58623640
ZPPP,OMDW,TBJ99,A318,340,20250603,0828,340,LINSO,LSO ,CHILA,0101000020E6100000ED3EAEAAAABA58400000000000603740,0101000020E6100000AD339D2145705840611B127320FB3640,0101000020E6100000D1B8AACBED2F5740FCDC33BF58623640,0102000020E610000003000000ED3EAEAAAABA58400000000000603740AD339D2145705840611B127320FB3640D1B8AACBED2F5740FCDC33BF58623640
CYVR,VECC,AIC186,B77W,380,20250603,0852,380,LINSO,LSO ,CHILA,0101000020E6100000ED3EAEAAAABA58400000000000603740,0101000020E6100000AD339D2145705840611B127320FB3640,0101000020E6100000D1B8AACBED2F5740FCDC33BF58623640,0102000020E610000003000000ED3EAEAAAABA58400000000000603740AD339D2145705840611B127320FB3640D1B8AACBED2F5740FCDC33BF58623640
RKSI,OMDB,KAL951,A333,360,20250603,0912,360,LINSO,LSO ,CHILA,0101000020E6100000ED3EAEAAAABA58400000000000603740,0101000020E6100000AD339D2145705840611B127320FB3640,0101000020E6100000D1B8AACBED2F5740FCDC33BF58623640,0102000020E610000003000000ED3EAEAAAABA58400000000000603740AD339D2145705840611B127320FB3640D1B8AACBED2F5740FCDC33BF58623640
ZSPD,OMDB,CES245,A333,340,20250603,0806,340,LINSO,LSO ,CHILA,0101000020E6100000ED3EAEAAAABA58400000000000603740,0101000020E6100000AD339D2145705840611B127320FB3640,0101000020E6100000D1B8AACBED2F5740FCDC33BF58623640,0102000020E610000003000000ED3EAEAAAABA58400000000000603740AD339D2145705840611B127320FB3640D1B8AACBED2F5740FCDC33BF58623640
ZGGG,OPIS,CSN8069,B789,300,20250603,1013,300,LINSO,LSO ,CHILA,0101000020E6100000ED3EAEAAAABA58400000000000603740,0101000020E6100000AD339D2145705840611B127320FB3640,0101000020E6100000D1B8AACBED2F5740FCDC33BF58623640,0102000020E610000003000000ED3EAEAAAABA58400000000000603740AD339D2145705840611B127320FB3640D1B8AACBED2F5740FCDC33BF58623640
ZPPP,OMDB,CES755,B789,380,20250603,0920,380,LINSO,LSO ,CHILA,0101000020E6100000ED3EAEAAAABA58400000000000603740,0101000020E6100000AD339D2145705840611B127320FB3640,0101000020E6100000D1B8AACBED2F5740FCDC33BF58623640,0102000020E610000003000000ED3EAEAAAABA58400000000000603740AD339D2145705840611B127320FB3640D1B8AACBED2F5740FCDC33BF58623640
RJAA,VABB,ANA829,B789,380,20250603,0757,380,LINSO,LSO ,CHILA,0101000020E6100000ED3EAEAAAABA58400000000000603740,0101000020E6100000AD339D2145705840611B127320FB3640,0101000020E6100000D1B8AACBED2F5740FCDC33BF58623640,0102000020E610000003000000ED3EAEAAAABA58400000000000603740AD339D2145705840611B127320FB3640D1B8AACBED2F5740FCDC33BF58623640
ZSQD,OMDB,CES793,A332,340,20250603,0953,340,LINSO,LSO ,CHILA,0101000020E6100000ED3EAEAAAABA58400000000000603740,0101000020E6100000AD339D2145705840611B127320FB3640,0101000020E6100000D1B8AACBED2F5740FCDC33BF58623640,0102000020E610000003000000ED3EAEAAAABA58400000000000603740AD339D2145705840611B127320FB3640D1B8AACBED2F5740FCDC33BF58623640
ZGGG,OERK,SVA885,B789,360,20250603,0951,360,LINSO,LSO ,CHILA,0101000020E6100000ED3EAEAAAABA58400000000000603740,0101000020E6100000AD339D2145705840611B127320FB3640,0101000020E6100000D1B8AACBED2F5740FCDC33BF58623640,0102000020E610000003000000ED3EAEAAAABA58400000000000603740AD339D2145705840611B127320FB3640D1B8AACBED2F5740FCDC33BF58623640
VHHH,VABB,SEB3006,B763,320,20250603,1034,320,LINSO,LSO ,CHILA,0101000020E6100000ED3EAEAAAABA58400000000000603740,0101000020E6100000AD339D2145705840611B127320FB3640,0101000020E6100000D1B8AACBED2F5740FCDC33BF58623640,0102000020E610000003000000ED3EAEAAAABA58400000000000603740AD339D2145705840611B127320FB3640D1B8AACBED2F5740FCDC33BF58623640
ZHEC,VECC,IGO8552,A321,300,20250603,1038,300,LINSO,LSO ,CHILA,0101000020E6100000ED3EAEAAAABA58400000000000603740,0101000020E6100000AD339D2145705840611B127320FB3640,0101000020E6100000D1B8AACBED2F5740FCDC33BF58623640,0102000020E610000003000000ED3EAEAAAABA58400000000000603740AD339D2145705840611B127320FB3640D1B8AACBED2F5740FCDC33BF58623640
ZUTF,VRMM,CSC3923,A21N,320,20250603,0936,320,LINSO,LSO ,CHILA,0101000020E6100000ED3EAEAAAABA58400000000000603740,0101000020E6100000AD339D2145705840611B127320FB3640,0101000020E6100000D1B8AACBED2F5740FCDC33BF58623640,0102000020E610000003000000ED3EAEAAAABA58400000000000603740AD339D2145705840611B127320FB3640D1B8AACBED2F5740FCDC33BF58623640
ZHEC,OMAA,CSS179,B744,340,20250603,1111,340,LINSO,LSO ,CHILA,0101000020E6100000ED3EAEAAAABA58400000000000603740,0101000020E6100000AD339D2145705840611B127320FB3640,0101000020E6100000D1B8AACBED2F5740FCDC33BF58623640,0102000020E610000003000000ED3EAEAAAABA58400000000000603740AD339D2145705840611B127320FB3640D1B8AACBED2F5740FCDC33BF58623640
ZHHH,OMDB,CSN3041,B788,380,20250603,1102,380,LINSO,LSO ,CHILA,0101000020E6100000ED3EAEAAAABA58400000000000603740,0101000020E6100000AD339D2145705840611B127320FB3640,0101000020E6100000D1B8AACBED2F5740FCDC33BF58623640,0102000020E610000003000000ED3EAEAAAABA58400000000000603740AD339D2145705840611B127320FB3640D1B8AACBED2F5740FCDC33BF58623640
VHHH,OERK,NCR520,B744,320,20250603,1143,320,LINSO,LSO ,CHILA,0101000020E6100000ED3EAEAAAABA58400000000000603740,0101000020E6100000AD339D2145705840611B127320FB3640,0101000020E6100000D1B8AACBED2F5740FCDC33BF58623640,0102000020E610000003000000ED3EAEAAAABA58400000000000603740AD339D2145705840611B127320FB3640D1B8AACBED2F5740FCDC33BF58623640
VHHH,OERK,SVA963,B77L,320,20250603,1227,320,LINSO,LSO ,CHILA,0101000020E6100000ED3EAEAAAABA58400000000000603740,0101000020E6100000AD339D2145705840611B127320FB3640,0101000020E6100000D1B8AACBED2F5740FCDC33BF58623640,0102000020E610000003000000ED3EAEAAAABA58400000000000603740AD339D2145705840611B127320FB3640D1B8AACBED2F5740FCDC33BF58623640
ZPPP,VABB,HYT9103,B752,340,20250603,1321,340,LINSO,LSO ,CHILA,0101000020E6100000ED3EAEAAAABA58400000000000603740,0101000020E6100000AD339D2145705840611B127320FB3640,0101000020E6100000D1B8AACBED2F5740FCDC33BF58623640,0102000020E610000003000000ED3EAEAAAABA58400000000000603740AD339D2145705840611B127320FB3640D1B8AACBED2F5740FCDC33BF58623640
RKSI,OMAA,ETD823,B789,360,20250603,1308,360,LINSO,LSO ,CHILA,0101000020E6100000ED3EAEAAAABA58400000000000603740,0101000020E6100000AD339D2145705840611B127320FB3640,0101000020E6100000D1B8AACBED2F5740FCDC33BF58623640,0102000020E610000003000000ED3EAEAAAABA58400000000000603740AD339D2145705840611B127320FB3640D1B8AACBED2F5740FCDC33BF58623640
ZGGG,OMDB,CSN383,A333,340,20250603,1308,340,LINSO,LSO ,CHILA,0101000020E6100000ED3EAEAAAABA58400000000000603740,0101000020E6100000AD339D2145705840611B127320FB3640,0101000020E6100000D1B8AACBED2F5740FCDC33BF58623640,0102000020E610000003000000ED3EAEAAAABA58400000000000603740AD339D2145705840611B127320FB3640D1B8AACBED2F5740FCDC33BF58623640
ZBAA,VGHS,CCA701,B38M,320,20250603,1330,320,LINSO,LSO ,CHILA,0101000020E6100000ED3EAEAAAABA58400000000000603740,0101000020E6100000AD339D2145705840611B127320FB3640,0101000020E6100000D1B8AACBED2F5740FCDC33BF58623640,0102000020E610000003000000ED3EAEAAAABA58400000000000603740AD339D2145705840611B127320FB3640D1B8AACBED2F5740FCDC33BF58623640
ZGGG,OBBI,GFA123,B789,380,20250603,1337,380,LINSO,LSO ,CHILA,0101000020E6100000ED3EAEAAAABA58400000000000603740,0101000020E6100000AD339D2145705840611B127320FB3640,0101000020E6100000D1B8AACBED2F5740FCDC33BF58623640,0102000020E610000003000000ED3EAEAAAABA58400000000000603740AD339D2145705840611B127320FB3640D1B8AACBED2F5740FCDC33BF58623640
VHHH,VNKT,CPA603,A333,400,20250603,1346,400,LINSO,LSO ,CHILA,0101000020E6100000ED3EAEAAAABA58400000000000603740,0101000020E6100000AD339D2145705840611B127320FB3640,0101000020E6100000D1B8AACBED2F5740FCDC33BF58623640,0102000020E610000003000000ED3EAEAAAABA58400000000000603740AD339D2145705840611B127320FB3640D1B8AACBED2F5740FCDC33BF58623640
ZHEC,OMAA,ETD9683,B77L,280,20250603,1349,280,LINSO,LSO ,CHILA,0101000020E6100000ED3EAEAAAABA58400000000000603740,0101000020E6100000AD339D2145705840611B127320FB3640,0101000020E6100000D1B8AACBED2F5740FCDC33BF58623640,0102000020E610000003000000ED3EAEAAAABA58400000000000603740AD339D2145705840611B127320FB3640D1B8AACBED2F5740FCDC33BF58623640
ZGGG,OTHH,CSN333,B789,320,20250603,1348,320,LINSO,LSO ,CHILA,0101000020E6100000ED3EAEAAAABA58400000000000603740,0101000020E6100000AD339D2145705840611B127320FB3640,0101000020E6100000D1B8AACBED2F5740FCDC33BF58623640,0102000020E610000003000000ED3EAEAAAABA58400000000000603740AD339D2145705840611B127320FB3640D1B8AACBED2F5740FCDC33BF58623640
ZGGG,HECA,MSR959D,B77W,340,20250603,1353,340,LINSO,LSO ,CHILA,0101000020E6100000ED3EAEAAAABA58400000000000603740,0101000020E6100000AD339D2145705840611B127320FB3640,0101000020E6100000D1B8AACBED2F5740FCDC33BF58623640,0102000020E610000003000000ED3EAEAAAABA58400000000000603740AD339D2145705840611B127320FB3640D1B8AACBED2F5740FCDC33BF58623640
ZHEC,VOMM,CSS169,B763,320,20250603,1412,320,LINSO,LSO ,CHILA,0101000020E6100000ED3EAEAAAABA58400000000000603740,0101000020E6100000AD339D2145705840611B127320FB3640,0101000020E6100000D1B8AACBED2F5740FCDC33BF58623640,0102000020E610000003000000ED3EAEAAAABA58400000000000603740AD339D2145705840611B127320FB3640D1B8AACBED2F5740FCDC33BF58623640
ZGGG,VGHS,CSN391,A21N,340,20250603,1415,340,LINSO,LSO ,CHILA,0101000020E6100000ED3EAEAAAABA58400000000000603740,0101000020E6100000AD339D2145705840611B127320FB3640,0101000020E6100000D1B8AACBED2F5740FCDC33BF58623640,0102000020E610000003000000ED3EAEAAAABA58400000000000603740AD339D2145705840611B127320FB3640D1B8AACBED2F5740FCDC33BF58623640
RJBB,OMAA,ETD815,B789,360,20250603,1420,360,LINSO,LSO ,CHILA,0101000020E6100000ED3EAEAAAABA58400000000000603740,0101000020E6100000AD339D2145705840611B127320FB3640,0101000020E6100000D1B8AACBED2F5740FCDC33BF58623640,0102000020E610000003000000ED3EAEAAAABA58400000000000603740AD339D2145705840611B127320FB3640D1B8AACBED2F5740FCDC33BF58623640
RJAA,OMAA,ETD801,A35K,380,20250603,1425,380,LINSO,LSO ,CHILA,0101000020E6100000ED3EAEAAAABA58400000000000603740,0101000020E6100000AD339D2145705840611B127320FB3640,0101000020E6100000D1B8AACBED2F5740FCDC33BF58623640,0102000020E610000003000000ED3EAEAAAABA58400000000000603740AD339D2145705840611B127320FB3640D1B8AACBED2F5740FCDC33BF58623640
RJBB,OTHH,QTR803,A359,360,20250603,1503,360,LINSO,LSO ,CHILA,0101000020E6100000ED3EAEAAAABA58400000000000603740,0101000020E6100000AD339D2145705840611B127320FB3640,0101000020E6100000D1B8AACBED2F5740FCDC33BF58623640,0102000020E610000003000000ED3EAEAAAABA58400000000000603740AD339D2145705840611B127320FB3640D1B8AACBED2F5740FCDC33BF58623640
ZGGG,HECA,MSR959,B77W,320,20250603,1739,320,LINSO,LSO ,CHILA,0101000020E6100000ED3EAEAAAABA58400000000000603740,0101000020E6100000AD339D2145705840611B127320FB3640,0101000020E6100000D1B8AACBED2F5740FCDC33BF58623640,0102000020E610000003000000ED3EAEAAAABA58400000000000603740AD339D2145705840611B127320FB3640D1B8AACBED2F5740FCDC33BF58623640
ZGGG,HTZA,ATC403,B788,360,20250603,1834,360,LINSO,LSO ,CHILA,0101000020E6100000ED3EAEAAAABA58400000000000603740,0101000020E6100000AD339D2145705840611B127320FB3640,0101000020E6100000D1B8AACBED2F5740FCDC33BF58623640,0102000020E610000003000000ED3EAEAAAABA58400000000000603740AD339D2145705840611B127320FB3640D1B8AACBED2F5740FCDC33BF58623640
ZGGG,OMDB,UAE363,B77W,320,20250603,1828,320,LINSO,LSO ,CHILA,0101000020E6100000ED3EAEAAAABA58400000000000603740,0101000020E6100000AD339D2145705840611B127320FB3640,0101000020E6100000D1B8AACBED2F5740FCDC33BF58623640,0102000020E610000003000000ED3EAEAAAABA58400000000000603740AD339D2145705840611B127320FB3640D1B8AACBED2F5740FCDC33BF58623640
ZGHA,HKJK,CSN6043,B789,300,20250603,1844,300,LINSO,LSO ,CHILA,0101000020E6100000ED3EAEAAAABA58400000000000603740,0101000020E6100000AD339D2145705840611B127320FB3640,0101000020E6100000D1B8AACBED2F5740FCDC33BF58623640,0102000020E610000003000000ED3EAEAAAABA58400000000000603740AD339D2145705840611B127320FB3640D1B8AACBED2F5740FCDC33BF58623640
RJAA,OTHH,QTR807,B77W,340,20250603,1852,340,LINSO,LSO ,CHILA,0101000020E6100000ED3EAEAAAABA58400000000000603740,0101000020E6100000AD339D2145705840611B127320FB3640,0101000020E6100000D1B8AACBED2F5740FCDC33BF58623640,0102000020E610000003000000ED3EAEAAAABA58400000000000603740AD339D2145705840611B127320FB3640D1B8AACBED2F5740FCDC33BF58623640
ZSPD,HAAB,ETH685,A359,360,20250603,1941,360,LINSO,LSO ,CHILA,0101000020E6100000ED3EAEAAAABA58400000000000603740,0101000020E6100000AD339D2145705840611B127320FB3640,0101000020E6100000D1B8AACBED2F5740FCDC33BF58623640,0102000020E610000003000000ED3EAEAAAABA58400000000000603740AD339D2145705840611B127320FB3640D1B8AACBED2F5740FCDC33BF58623640
ZUTF,OTHH,QTR861,A333,320,20250603,1935,320,LINSO,LSO ,CHILA,0101000020E6100000ED3EAEAAAABA58400000000000603740,0101000020E6100000AD339D2145705840611B127320FB3640,0101000020E6100000D1B8AACBED2F5740FCDC33BF58623640,0102000020E610000003000000ED3EAEAAAABA58400000000000603740AD339D2145705840611B127320FB3640D1B8AACBED2F5740FCDC33BF58623640
RCTP,OMDB,UAE367,A388,380,20250603,1858,380,LINSO,LSO ,CHILA,0101000020E6100000ED3EAEAAAABA58400000000000603740,0101000020E6100000AD339D2145705840611B127320FB3640,0101000020E6100000D1B8AACBED2F5740FCDC33BF58623640,0102000020E610000003000000ED3EAEAAAABA58400000000000603740AD339D2145705840611B127320FB3640D1B8AACBED2F5740FCDC33BF58623640
RJAA,OMDB,UAE319,A388,380,20250603,1913,380,LINSO,LSO ,CHILA,0101000020E6100000ED3EAEAAAABA58400000000000603740,0101000020E6100000AD339D2145705840611B127320FB3640,0101000020E6100000D1B8AACBED2F5740FCDC33BF58623640,0102000020E610000003000000ED3EAEAAAABA58400000000000603740AD339D2145705840611B127320FB3640D1B8AACBED2F5740FCDC33BF58623640
KSFO,VECC,AIC176,B77L,320,20250603,1859,320,LINSO,LSO ,CHILA,0101000020E6100000ED3EAEAAAABA58400000000000603740,0101000020E6100000AD339D2145705840611B127320FB3640,0101000020E6100000D1B8AACBED2F5740FCDC33BF58623640,0102000020E610000003000000ED3EAEAAAABA58400000000000603740AD339D2145705840611B127320FB3640D1B8AACBED2F5740FCDC33BF58623640
RKSI,OMDB,UAE323,A388,360,20250603,1907,360,LINSO,LSO ,CHILA,0101000020E6100000ED3EAEAAAABA58400000000000603740,0101000020E6100000AD339D2145705840611B127320FB3640,0101000020E6100000D1B8AACBED2F5740FCDC33BF58623640,0102000020E610000003000000ED3EAEAAAABA58400000000000603740AD339D2145705840611B127320FB3640D1B8AACBED2F5740FCDC33BF58623640
ZSPD,OMDB,UAE303,B77W,320,20250603,1922,320,LINSO,LSO ,CHILA,0101000020E6100000ED3EAEAAAABA58400000000000603740,0101000020E6100000AD339D2145705840611B127320FB3640,0101000020E6100000D1B8AACBED2F5740FCDC33BF58623640,0102000020E610000003000000ED3EAEAAAABA58400000000000603740AD339D2145705840611B127320FB3640D1B8AACBED2F5740FCDC33BF58623640
RJBB,OMDB,UAE317,A388,380,20250603,1927,380,LINSO,LSO ,CHILA,0101000020E6100000ED3EAEAAAABA58400000000000603740,0101000020E6100000AD339D2145705840611B127320FB3640,0101000020E6100000D1B8AACBED2F5740FCDC33BF58623640,0102000020E610000003000000ED3EAEAAAABA58400000000000603740AD339D2145705840611B127320FB3640D1B8AACBED2F5740FCDC33BF58623640
RJTT,OTHH,JAL59,B789,340,20250603,1932,340,LINSO,LSO ,CHILA,0101000020E6100000ED3EAEAAAABA58400000000000603740,0101000020E6100000AD339D2145705840611B127320FB3640,0101000020E6100000D1B8AACBED2F5740FCDC33BF58623640,0102000020E610000003000000ED3EAEAAAABA58400000000000603740AD339D2145705840611B127320FB3640D1B8AACBED2F5740FCDC33BF58623640
VHHH,OERK,SVA3023,B744,300,20250603,1202,300,LINSO,LSO ,CHILA,0101000020E6100000ED3EAEAAAABA58400000000000603740,0101000020E6100000AD339D2145705840611B127320FB3640,0101000020E6100000D1B8AACBED2F5740FCDC33BF58623640,0102000020E610000003000000ED3EAEAAAABA58400000000000603740AD339D2145705840611B127320FB3640D1B8AACBED2F5740FCDC33BF58623640
RJTT,OMDB,UAE313,B77W,320,20250603,2033,320,LINSO,LSO ,CHILA,0101000020E6100000ED3EAEAAAABA58400000000000603740,0101000020E6100000AD339D2145705840611B127320FB3640,0101000020E6100000D1B8AACBED2F5740FCDC33BF58623640,0102000020E610000003000000ED3EAEAAAABA58400000000000603740AD339D2145705840611B127320FB3640D1B8AACBED2F5740FCDC33BF58623640
ZSPD,OTHH,QTR871,B77W,340,20250603,2001,340,LINSO,LSO ,CHILA,0101000020E6100000ED3EAEAAAABA58400000000000603740,0101000020E6100000AD339D2145705840611B127320FB3640,0101000020E6100000D1B8AACBED2F5740FCDC33BF58623640,0102000020E610000003000000ED3EAEAAAABA58400000000000603740AD339D2145705840611B127320FB3640D1B8AACBED2F5740FCDC33BF58623640
ZHEC,HAAB,ETH3491,B77L,300,20250603,2324,300,LINSO,LSO ,CHILA,0101000020E6100000ED3EAEAAAABA58400000000000603740,0101000020E6100000AD339D2145705840611B127320FB3640,0101000020E6100000D1B8AACBED2F5740FCDC33BF58623640,0102000020E610000003000000ED3EAEAAAABA58400000000000603740AD339D2145705840611B127320FB3640D1B8AACBED2F5740FCDC33BF58623640
ZBAA,HAAB,ETH605,A359,300,20250603,1937,300,LINSO,LSO ,CHILA,0101000020E6100000ED3EAEAAAABA58400000000000603740,0101000020E6100000AD339D2145705840611B127320FB3640,0101000020E6100000D1B8AACBED2F5740FCDC33BF58623640,0102000020E610000003000000ED3EAEAAAABA58400000000000603740AD339D2145705840611B127320FB3640D1B8AACBED2F5740FCDC33BF58623640
ZSHC,OTHH,QTR891,A359,380,20250603,1951,380,LINSO,LSO ,CHILA,0101000020E6100000ED3EAEAAAABA58400000000000603740,0101000020E6100000AD339D2145705840611B127320FB3640,0101000020E6100000D1B8AACBED2F5740FCDC33BF58623640,0102000020E610000003000000ED3EAEAAAABA58400000000000603740AD339D2145705840611B127320FB3640D1B8AACBED2F5740FCDC33BF58623640
ZUUU,VOMM,CSS237,B763,340,20250603,0112,340,LINSO,LSO ,CHILA,0101000020E6100000ED3EAEAAAABA58400000000000603740,0101000020E6100000AD339D2145705840611B127320FB3640,0101000020E6100000D1B8AACBED2F5740FCDC33BF58623640,0102000020E610000003000000ED3EAEAAAABA58400000000000603740AD339D2145705840611B127320FB3640D1B8AACBED2F5740FCDC33BF58623640
ZGSZ,VIDP,UPS15,B748,370,20250603,2330,370,LINSO,LSO ,CHILA,0101000020E6100000ED3EAEAAAABA58400000000000603740,0101000020E6100000AD339D2145705840611B127320FB3640,0101000020E6100000D1B8AACBED2F5740FCDC33BF58623640,0102000020E610000003000000ED3EAEAAAABA58400000000000603740AD339D2145705840611B127320FB3640D1B8AACBED2F5740FCDC33BF58623640
ZGSZ,OMDW,GEC8443,B77L,300,20250603,2337,300,LINSO,LSO ,CHILA,0101000020E6100000ED3EAEAAAABA58400000000000603740,0101000020E6100000AD339D2145705840611B127320FB3640,0101000020E6100000D1B8AACBED2F5740FCDC33BF58623640,0102000020E610000003000000ED3EAEAAAABA58400000000000603740AD339D2145705840611B127320FB3640D1B8AACBED2F5740FCDC33BF58623640
VHHH,OMDW,BOX629,B77L,320,20250603,1958,320,LINSO,LSO ,CHILA,0101000020E6100000ED3EAEAAAABA58400000000000603740,0101000020E6100000AD339D2145705840611B127320FB3640,0101000020E6100000D1B8AACBED2F5740FCDC33BF58623640,0102000020E610000003000000ED3EAEAAAABA58400000000000603740AD339D2145705840611B127320FB3640D1B8AACBED2F5740FCDC33BF58623640
ZSPD,OTHH,QTR8961,B77L,320,20250603,2159,320,LINSO,LSO ,CHILA,0101000020E6100000ED3EAEAAAABA58400000000000603740,0101000020E6100000AD339D2145705840611B127320FB3640,0101000020E6100000D1B8AACBED2F5740FCDC33BF58623640,0102000020E610000003000000ED3EAEAAAABA58400000000000603740AD339D2145705840611B127320FB3640D1B8AACBED2F5740FCDC33BF58623640
ZSAM,VGHS,CXA889,B738,340,20250603,0642,340,LINSO,LSO ,CHILA,0101000020E6100000ED3EAEAAAABA58400000000000603740,0101000020E6100000AD339D2145705840611B127320FB3640,0101000020E6100000D1B8AACBED2F5740FCDC33BF58623640,0102000020E610000003000000ED3EAEAAAABA58400000000000603740AD339D2145705840611B127320FB3640D1B8AACBED2F5740FCDC33BF58623640
ZGGG,OKKK,KAC420,A338,380,20250603,2136,380,LINSO,LSO ,CHILA,0101000020E6100000ED3EAEAAAABA58400000000000603740,0101000020E6100000AD339D2145705840611B127320FB3640,0101000020E6100000D1B8AACBED2F5740FCDC33BF58623640,0102000020E610000003000000ED3EAEAAAABA58400000000000603740AD339D2145705840611B127320FB3640D1B8AACBED2F5740FCDC33BF58623640
ZGGG,VGHS,CYZ249,B752,300,20250603,0611,300,LINSO,LSO ,CHILA,0101000020E6100000ED3EAEAAAABA58400000000000603740,0101000020E6100000AD339D2145705840611B127320FB3640,0101000020E6100000D1B8AACBED2F5740FCDC33BF58623640,0102000020E610000003000000ED3EAEAAAABA58400000000000603740AD339D2145705840611B127320FB3640D1B8AACBED2F5740FCDC33BF58623640
ZUTF,VABB,CSC9647,A333,360,20250603,0304,360,LINSO,LSO ,CHILA,0101000020E6100000ED3EAEAAAABA58400000000000603740,0101000020E6100000AD339D2145705840611B127320FB3640,0101000020E6100000D1B8AACBED2F5740FCDC33BF58623640,0102000020E610000003000000ED3EAEAAAABA58400000000000603740AD339D2145705840611B127320FB3640D1B8AACBED2F5740FCDC33BF58623640
ZSPD,OMDB,UAE305,B77W,340,20250603,0239,340,LINSO,LSO ,CHILA,0101000020E6100000ED3EAEAAAABA58400000000000603740,0101000020E6100000AD339D2145705840611B127320FB3640,0101000020E6100000D1B8AACBED2F5740FCDC33BF58623640,0102000020E610000003000000ED3EAEAAAABA58400000000000603740AD339D2145705840611B127320FB3640D1B8AACBED2F5740FCDC33BF58623640
ZHEC,VGHS,HLF8837,B738,320,20250603,0216,320,LINSO,LSO ,CHILA,0101000020E6100000ED3EAEAAAABA58400000000000603740,0101000020E6100000AD339D2145705840611B127320FB3640,0101000020E6100000D1B8AACBED2F5740FCDC33BF58623640,0102000020E610000003000000ED3EAEAAAABA58400000000000603740AD339D2145705840611B127320FB3640D1B8AACBED2F5740FCDC33BF58623640
VNKT,WSSS,SIA441,B738,350,20250603,1909,350,TEBOV,,EKAVO,0101000020E6100000A86E0DF0CDFF564072180E7CF36A3440,,0101000020E61000001DC4946970E058404B4D8AA8EC402740,0102000020E610000002000000A86E0DF0CDFF564072180E7CF36A34401DC4946970E058404B4D8AA8EC402740
EGLL,WSSS,SIA319,A388,390,20250603,0451,390,TEBOV,BGO ,EKAVO,0101000020E6100000A86E0DF0CDFF564072180E7CF36A3440,0101000020E610000083C0CAA14521584001C203DA88513140,0101000020E61000001DC4946970E058404B4D8AA8EC402740,0102000020E610000003000000A86E0DF0CDFF564072180E7CF36A344083C0CAA14521584001C203DA885131401DC4946970E058404B4D8AA8EC402740
VECC,WMKK,AXM62,A21N,330,20250603,2059,330,TEBOV,DWI,EKAVO,0101000020E6100000A86E0DF0CDFF564072180E7CF36A3440,0101000020E61000009A34BA413C8D58401F66EDBE7C332C40,0101000020E61000001DC4946970E058404B4D8AA8EC402740,0102000020E610000003000000A86E0DF0CDFF564072180E7CF36A34409A34BA413C8D58401F66EDBE7C332C401DC4946970E058404B4D8AA8EC402740
EDDF,WSSS,SIA25,B77W,370,20250603,1921,370,TEBOV,DWI ,EKAVO,0101000020E6100000A86E0DF0CDFF564072180E7CF36A3440,0101000020E61000009A34BA413C8D58401F66EDBE7C332C40,0101000020E61000001DC4946970E058404B4D8AA8EC402740,0102000020E610000003000000A86E0DF0CDFF564072180E7CF36A34409A34BA413C8D58401F66EDBE7C332C401DC4946970E058404B4D8AA8EC402740
VIDP,WMKK,IGO9556,A20N,390,20250603,0400,390,IBITA,PTN ,EKAVO,0101000020E6100000A86E0DF0CDFF5640EC51B81E85EB3240,0101000020E6100000C1A8A44E40B1574044302F3C06CF3040,0101000020E61000001DC4946970E058404B4D8AA8EC402740,0102000020E610000003000000A86E0DF0CDFF5640EC51B81E85EB3240C1A8A44E40B1574044302F3C06CF30401DC4946970E058404B4D8AA8EC402740
EGLL,WSSS,BAW11,B77W,370,20250603,0445,370,IBITA,PTN ,EKAVO,0101000020E6100000A86E0DF0CDFF5640EC51B81E85EB3240,0101000020E6100000C1A8A44E40B1574044302F3C06CF3040,0101000020E61000001DC4946970E058404B4D8AA8EC402740,0102000020E610000003000000A86E0DF0CDFF5640EC51B81E85EB3240C1A8A44E40B1574044302F3C06CF30401DC4946970E058404B4D8AA8EC402740
VIDP,WSSL,VJT197,CL60,350,20250603,0846,350,IBITA,PTN ,EKAVO,0101000020E6100000A86E0DF0CDFF5640EC51B81E85EB3240,0101000020E6100000C1A8A44E40B1574044302F3C06CF3040,0101000020E61000001DC4946970E058404B4D8AA8EC402740,0102000020E610000003000000A86E0DF0CDFF5640EC51B81E85EB3240C1A8A44E40B1574044302F3C06CF30401DC4946970E058404B4D8AA8EC402740
VGHS,WSSS,SIA447,B78X,310,20250603,1850,310,AVLED,DWI ,EKAVO,0101000020E61000000FD57356341657407B14AE47E1AA3540,0101000020E61000009A34BA413C8D58401F66EDBE7C332C40,0101000020E61000001DC4946970E058404B4D8AA8EC402740,0102000020E6100000030000000FD57356341657407B14AE47E1AA35409A34BA413C8D58401F66EDBE7C332C401DC4946970E058404B4D8AA8EC402740
VGHS,WMKK,MXD161,B38M,350,20250603,2025,350,AVLED,DWI ,EKAVO,0101000020E61000000FD57356341657407B14AE47E1AA3540,0101000020E61000009A34BA413C8D58401F66EDBE7C332C40,0101000020E61000001DC4946970E058404B4D8AA8EC402740,0102000020E6100000030000000FD57356341657407B14AE47E1AA35409A34BA413C8D58401F66EDBE7C332C401DC4946970E058404B4D8AA8EC402740
VGHS,WMKK,MAS197,A333,370,20250603,2100,370,AVLED,DWI ,EKAVO,0101000020E61000000FD57356341657407B14AE47E1AA3540,0101000020E61000009A34BA413C8D58401F66EDBE7C332C40,0101000020E61000001DC4946970E058404B4D8AA8EC402740,0102000020E6100000030000000FD57356341657407B14AE47E1AA35409A34BA413C8D58401F66EDBE7C332C401DC4946970E058404B4D8AA8EC402740
VGHS,WMKK,MXD165,B738,310,20250603,2142,310,AVLED,DWI ,EKAVO,0101000020E61000000FD57356341657407B14AE47E1AA3540,0101000020E61000009A34BA413C8D58401F66EDBE7C332C40,0101000020E61000001DC4946970E058404B4D8AA8EC402740,0102000020E6100000030000000FD57356341657407B14AE47E1AA35409A34BA413C8D58401F66EDBE7C332C401DC4946970E058404B4D8AA8EC402740
VECC,WMKK,MAS185,B38M,370,20250603,2058,370,IBITA,DWI ,EKAVO,0101000020E6100000A86E0DF0CDFF5640EC51B81E85EB3240,0101000020E61000009A34BA413C8D58401F66EDBE7C332C40,0101000020E61000001DC4946970E058404B4D8AA8EC402740,0102000020E610000003000000A86E0DF0CDFF5640EC51B81E85EB32409A34BA413C8D58401F66EDBE7C332C401DC4946970E058404B4D8AA8EC402740
LSZH,WSSS,SIA345,B77W,370,20250603,1853,370,IBITA,DWI ,EKAVO,0101000020E6100000A86E0DF0CDFF5640EC51B81E85EB3240,0101000020E61000009A34BA413C8D58401F66EDBE7C332C40,0101000020E61000001DC4946970E058404B4D8AA8EC402740,0102000020E610000003000000A86E0DF0CDFF5640EC51B81E85EB32409A34BA413C8D58401F66EDBE7C332C401DC4946970E058404B4D8AA8EC402740
VILK,WMKK,AXM14,A20N,350,20250603,1841,350,IBITA,DWI ,EKAVO,0101000020E6100000A86E0DF0CDFF5640EC51B81E85EB3240,0101000020E61000009A34BA413C8D58401F66EDBE7C332C40,0101000020E61000001DC4946970E058404B4D8AA8EC402740,0102000020E610000003000000A86E0DF0CDFF5640EC51B81E85EB32409A34BA413C8D58401F66EDBE7C332C401DC4946970E058404B4D8AA8EC402740
EDDP,WSSS,BOX530,B77L,370,20250603,1401,370,TEBOV,BGO ,EKAVO,0101000020E6100000A86E0DF0CDFF564072180E7CF36A3440,0101000020E610000083C0CAA14521584001C203DA88513140,0101000020E61000001DC4946970E058404B4D8AA8EC402740,0102000020E610000003000000A86E0DF0CDFF564072180E7CF36A344083C0CAA14521584001C203DA885131401DC4946970E058404B4D8AA8EC402740
VGHS,WMKK,BBC382,B773,390,20250603,0630,390,AVLED,BGO ,EKAVO,0101000020E61000000FD57356341657407B14AE47E1AA3540,0101000020E610000083C0CAA14521584001C203DA88513140,0101000020E61000001DC4946970E058404B4D8AA8EC402740,0102000020E6100000030000000FD57356341657407B14AE47E1AA354083C0CAA14521584001C203DA885131401DC4946970E058404B4D8AA8EC402740
VGHS,WSSS,BBC584,B738,390,20250603,0252,390,AVLED,BGO ,EKAVO,0101000020E61000000FD57356341657407B14AE47E1AA3540,0101000020E610000083C0CAA14521584001C203DA88513140,0101000020E61000001DC4946970E058404B4D8AA8EC402740,0102000020E6100000030000000FD57356341657407B14AE47E1AA354083C0CAA14521584001C203DA885131401DC4946970E058404B4D8AA8EC402740
VGHS,WMKK,BBC386,B738,290,20250603,1349,290,AVLED,BGO ,EKAVO,0101000020E61000000FD57356341657407B14AE47E1AA3540,0101000020E610000083C0CAA14521584001C203DA88513140,0101000020E61000001DC4946970E058404B4D8AA8EC402740,0102000020E6100000030000000FD57356341657407B14AE47E1AA354083C0CAA14521584001C203DA885131401DC4946970E058404B4D8AA8EC402740
VGHS,WMKK,MAS103,B38M,310,20250603,0700,310,AVLED,BGO ,EKAVO,0101000020E61000000FD57356341657407B14AE47E1AA3540,0101000020E610000083C0CAA14521584001C203DA88513140,0101000020E61000001DC4946970E058404B4D8AA8EC402740,0102000020E6100000030000000FD57356341657407B14AE47E1AA354083C0CAA14521584001C203DA885131401DC4946970E058404B4D8AA8EC402740
VECC,WMKP,BTN786,A319,370,20250603,1249,370,TEBOV,BGO ,EKAVO,0101000020E6100000A86E0DF0CDFF564072180E7CF36A3440,0101000020E610000083C0CAA14521584001C203DA88513140,0101000020E61000001DC4946970E058404B4D8AA8EC402740,0102000020E610000003000000A86E0DF0CDFF564072180E7CF36A344083C0CAA14521584001C203DA885131401DC4946970E058404B4D8AA8EC402740
VGHS,WMKK,UBG315,B738,350,20250603,0352,350,AVLED,BGO ,EKAVO,0101000020E61000000FD57356341657407B14AE47E1AA3540,0101000020E610000083C0CAA14521584001C203DA88513140,0101000020E61000001DC4946970E058404B4D8AA8EC402740,0102000020E6100000030000000FD57356341657407B14AE47E1AA354083C0CAA14521584001C203DA885131401DC4946970E058404B4D8AA8EC402740
VIDP,WSSS,SIA401,B78X,230,20250603,0548,230,TEBOV,BGO ,EKAVO,0101000020E6100000A86E0DF0CDFF564072180E7CF36A3440,0101000020E610000083C0CAA14521584001C203DA88513140,0101000020E61000001DC4946970E058404B4D8AA8EC402740,0102000020E610000003000000A86E0DF0CDFF564072180E7CF36A344083C0CAA14521584001C203DA885131401DC4946970E058404B4D8AA8EC402740
VEGT,WSSS,DRK542,A319,370,20250603,1253,370,AVLED,BGO ,EKAVO,0101000020E61000000FD57356341657407B14AE47E1AA3540,0101000020E610000083C0CAA14521584001C203DA88513140,0101000020E61000001DC4946970E058404B4D8AA8EC402740,0102000020E6100000030000000FD57356341657407B14AE47E1AA354083C0CAA14521584001C203DA885131401DC4946970E058404B4D8AA8EC402740
EDDF,VVTS,BOX620,B77L,370,20250603,0502,370,TEBOV,BGO ,EKAVO,0101000020E6100000A86E0DF0CDFF564072180E7CF36A3440,0101000020E610000083C0CAA14521584001C203DA88513140,0101000020E61000001DC4946970E058404B4D8AA8EC402740,0102000020E610000003000000A86E0DF0CDFF564072180E7CF36A344083C0CAA14521584001C203DA885131401DC4946970E058404B4D8AA8EC402740
VNKT,WMKK,RNA415,A320,330,20250603,1712,330,AVLED,BGO ,EKAVO,0101000020E61000000FD57356341657407B14AE47E1AA3540,0101000020E610000083C0CAA14521584001C203DA88513140,0101000020E61000001DC4946970E058404B4D8AA8EC402740,0102000020E6100000030000000FD57356341657407B14AE47E1AA354083C0CAA14521584001C203DA885131401DC4946970E058404B4D8AA8EC402740
VECC,WSSS,IGO1015,A20N,370,20250603,2212,370,IBITA,,EKAVO,0101000020E6100000A86E0DF0CDFF5640EC51B81E85EB3240,,0101000020E61000001DC4946970E058404B4D8AA8EC402740,0102000020E610000002000000A86E0DF0CDFF5640EC51B81E85EB32401DC4946970E058404B4D8AA8EC402740
VTBS,LOWW,EVA061,B78X,340,20250603,2037,340,BETNO,PTN ,IBITA,0101000020E610000093DA72CB5A8D5840E8E5A88A46322E40,0101000020E6100000C1A8A44E40B1574044302F3C06CF3040,0101000020E6100000A86E0DF0CDFF5640EC51B81E85EB3240,0102000020E61000000300000093DA72CB5A8D5840E8E5A88A46322E40C1A8A44E40B1574044302F3C06CF3040A86E0DF0CDFF5640EC51B81E85EB3240
VTBS,VNKT,THA319,B772,380,20250603,0342,380,BETNO,PTN ,IBITA,0101000020E610000093DA72CB5A8D5840E8E5A88A46322E40,0101000020E6100000C1A8A44E40B1574044302F3C06CF3040,0101000020E6100000A86E0DF0CDFF5640EC51B81E85EB3240,0102000020E61000000300000093DA72CB5A8D5840E8E5A88A46322E40C1A8A44E40B1574044302F3C06CF3040A86E0DF0CDFF5640EC51B81E85EB3240
VTBS,LOWW,AUA26,B772,320,20250603,1704,320,BETNO,PTN ,IBITA,0101000020E610000093DA72CB5A8D5840E8E5A88A46322E40,0101000020E6100000C1A8A44E40B1574044302F3C06CF3040,0101000020E6100000A86E0DF0CDFF5640EC51B81E85EB3240,0102000020E61000000300000093DA72CB5A8D5840E8E5A88A46322E40C1A8A44E40B1574044302F3C06CF3040A86E0DF0CDFF5640EC51B81E85EB3240
VTBS,LTFM,THA900,A359,380,20250603,1726,380,BETNO,PTN ,IBITA,0101000020E610000093DA72CB5A8D5840E8E5A88A46322E40,0101000020E6100000C1A8A44E40B1574044302F3C06CF3040,0101000020E6100000A86E0DF0CDFF5640EC51B81E85EB3240,0102000020E61000000300000093DA72CB5A8D5840E8E5A88A46322E40C1A8A44E40B1574044302F3C06CF3040A86E0DF0CDFF5640EC51B81E85EB3240
VTBS,VIDP,AIC2333,A20N,360,20250603,0204,360,BETNO,PTN ,IBITA,0101000020E610000093DA72CB5A8D5840E8E5A88A46322E40,0101000020E6100000C1A8A44E40B1574044302F3C06CF3040,0101000020E6100000A86E0DF0CDFF5640EC51B81E85EB3240,0102000020E61000000300000093DA72CB5A8D5840E8E5A88A46322E40C1A8A44E40B1574044302F3C06CF3040A86E0DF0CDFF5640EC51B81E85EB3240
VTBS,VIDP,SEJ088,B738,280,20250603,2128,280,BETNO,PTN ,IBITA,0101000020E610000093DA72CB5A8D5840E8E5A88A46322E40,0101000020E6100000C1A8A44E40B1574044302F3C06CF3040,0101000020E6100000A86E0DF0CDFF5640EC51B81E85EB3240,0102000020E61000000300000093DA72CB5A8D5840E8E5A88A46322E40C1A8A44E40B1574044302F3C06CF3040A86E0DF0CDFF5640EC51B81E85EB3240
VVTS,VECC,IGO1642,A20N,360,20250603,2112,360,BETNO,PTN ,IBITA,0101000020E610000093DA72CB5A8D5840E8E5A88A46322E40,0101000020E6100000C1A8A44E40B1574044302F3C06CF3040,0101000020E6100000A86E0DF0CDFF5640EC51B81E85EB3240,0102000020E61000000300000093DA72CB5A8D5840E8E5A88A46322E40C1A8A44E40B1574044302F3C06CF3040A86E0DF0CDFF5640EC51B81E85EB3240
VTBS,ENGM,THA954,A359,340,20250603,1757,340,BETNO,PTN ,IBITA,0101000020E610000093DA72CB5A8D5840E8E5A88A46322E40,0101000020E6100000C1A8A44E40B1574044302F3C06CF3040,0101000020E6100000A86E0DF0CDFF5640EC51B81E85EB3240,0102000020E61000000300000093DA72CB5A8D5840E8E5A88A46322E40C1A8A44E40B1574044302F3C06CF3040A86E0DF0CDFF5640EC51B81E85EB3240
VTBS,VIDP,THA331,B772,400,20250603,1653,400,BETNO,PTN ,IBITA,0101000020E610000093DA72CB5A8D5840E8E5A88A46322E40,0101000020E6100000C1A8A44E40B1574044302F3C06CF3040,0101000020E6100000A86E0DF0CDFF5640EC51B81E85EB3240,0102000020E61000000300000093DA72CB5A8D5840E8E5A88A46322E40C1A8A44E40B1574044302F3C06CF3040A86E0DF0CDFF5640EC51B81E85EB3240
YSSY,VIDP,AIC301,B788,380,20250603,1848,380,BETNO,PTN ,IBITA,0101000020E610000093DA72CB5A8D5840E8E5A88A46322E40,0101000020E6100000C1A8A44E40B1574044302F3C06CF3040,0101000020E6100000A86E0DF0CDFF5640EC51B81E85EB3240,0102000020E61000000300000093DA72CB5A8D5840E8E5A88A46322E40C1A8A44E40B1574044302F3C06CF3040A86E0DF0CDFF5640EC51B81E85EB3240
VTBS,VIDP,AIC2303,A20N,340,20250603,1556,340,BETNO,PTN ,IBITA,0101000020E610000093DA72CB5A8D5840E8E5A88A46322E40,0101000020E6100000C1A8A44E40B1574044302F3C06CF3040,0101000020E6100000A86E0DF0CDFF5640EC51B81E85EB3240,0102000020E61000000300000093DA72CB5A8D5840E8E5A88A46322E40C1A8A44E40B1574044302F3C06CF3040A86E0DF0CDFF5640EC51B81E85EB3240
VVTS,VIDP,AIC389,A20N,360,20250603,1520,360,BETNO,PTN ,IBITA,0101000020E610000093DA72CB5A8D5840E8E5A88A46322E40,0101000020E6100000C1A8A44E40B1574044302F3C06CF3040,0101000020E6100000A86E0DF0CDFF5640EC51B81E85EB3240,0102000020E61000000300000093DA72CB5A8D5840E8E5A88A46322E40C1A8A44E40B1574044302F3C06CF3040A86E0DF0CDFF5640EC51B81E85EB3240
VTBD,VAAH,TLM212,B739,340,20250603,1456,340,BETNO,PTN ,IBITA,0101000020E610000093DA72CB5A8D5840E8E5A88A46322E40,0101000020E6100000C1A8A44E40B1574044302F3C06CF3040,0101000020E6100000A86E0DF0CDFF5640EC51B81E85EB3240,0102000020E61000000300000093DA72CB5A8D5840E8E5A88A46322E40C1A8A44E40B1574044302F3C06CF3040A86E0DF0CDFF5640EC51B81E85EB3240
VTBS,VNKT,THA309,A320,340,20250603,1404,340,BETNO,PTN ,IBITA,0101000020E610000093DA72CB5A8D5840E8E5A88A46322E40,0101000020E6100000C1A8A44E40B1574044302F3C06CF3040,0101000020E6100000A86E0DF0CDFF5640EC51B81E85EB3240,0102000020E61000000300000093DA72CB5A8D5840E8E5A88A46322E40C1A8A44E40B1574044302F3C06CF3040A86E0DF0CDFF5640EC51B81E85EB3240
VTBS,EDDF,THA920,B77W,320,20250603,1728,320,BETNO,PTN ,IBITA,0101000020E610000093DA72CB5A8D5840E8E5A88A46322E40,0101000020E6100000C1A8A44E40B1574044302F3C06CF3040,0101000020E6100000A86E0DF0CDFF5640EC51B81E85EB3240,0102000020E61000000300000093DA72CB5A8D5840E8E5A88A46322E40C1A8A44E40B1574044302F3C06CF3040A86E0DF0CDFF5640EC51B81E85EB3240
VTBS,OPLA,THA345,A359,380,20250603,1341,380,BETNO,PTN ,IBITA,0101000020E610000093DA72CB5A8D5840E8E5A88A46322E40,0101000020E6100000C1A8A44E40B1574044302F3C06CF3040,0101000020E6100000A86E0DF0CDFF5640EC51B81E85EB3240,0102000020E61000000300000093DA72CB5A8D5840E8E5A88A46322E40C1A8A44E40B1574044302F3C06CF3040A86E0DF0CDFF5640EC51B81E85EB3240
VTBS,VIDP,THA315,B77W,360,20250603,1240,360,BETNO,PTN ,IBITA,0101000020E610000093DA72CB5A8D5840E8E5A88A46322E40,0101000020E6100000C1A8A44E40B1574044302F3C06CF3040,0101000020E6100000A86E0DF0CDFF5640EC51B81E85EB3240,0102000020E61000000300000093DA72CB5A8D5840E8E5A88A46322E40C1A8A44E40B1574044302F3C06CF3040A86E0DF0CDFF5640EC51B81E85EB3240
VTBS,VIDP,AIC2356,A20N,360,20250603,0859,360,BETNO,PTN ,IBITA,0101000020E610000093DA72CB5A8D5840E8E5A88A46322E40,0101000020E6100000C1A8A44E40B1574044302F3C06CF3040,0101000020E6100000A86E0DF0CDFF5640EC51B81E85EB3240,0102000020E61000000300000093DA72CB5A8D5840E8E5A88A46322E40C1A8A44E40B1574044302F3C06CF3040A86E0DF0CDFF5640EC51B81E85EB3240
VTBS,VIDP,IGO1054,B789,380,20250603,1135,380,BETNO,PTN ,IBITA,0101000020E610000093DA72CB5A8D5840E8E5A88A46322E40,0101000020E6100000C1A8A44E40B1574044302F3C06CF3040,0101000020E6100000A86E0DF0CDFF5640EC51B81E85EB3240,0102000020E61000000300000093DA72CB5A8D5840E8E5A88A46322E40C1A8A44E40B1574044302F3C06CF3040A86E0DF0CDFF5640EC51B81E85EB3240
VTBS,VIDP,AIC2335,A20N,340,20250603,1127,340,BETNO,PTN ,IBITA,0101000020E610000093DA72CB5A8D5840E8E5A88A46322E40,0101000020E6100000C1A8A44E40B1574044302F3C06CF3040,0101000020E6100000A86E0DF0CDFF5640EC51B81E85EB3240,0102000020E61000000300000093DA72CB5A8D5840E8E5A88A46322E40C1A8A44E40B1574044302F3C06CF3040A86E0DF0CDFF5640EC51B81E85EB3240
VVCR,UUEE,KAR3546,B772,340,20250603,0602,340,BETNO,PTN ,IBITA,0101000020E610000093DA72CB5A8D5840E8E5A88A46322E40,0101000020E6100000C1A8A44E40B1574044302F3C06CF3040,0101000020E6100000A86E0DF0CDFF5640EC51B81E85EB3240,0102000020E61000000300000093DA72CB5A8D5840E8E5A88A46322E40C1A8A44E40B1574044302F3C06CF3040A86E0DF0CDFF5640EC51B81E85EB3240
VTBS,UAAA,KZR932,A21N,320,20250603,0337,320,BETNO,PTN ,IBITA,0101000020E610000093DA72CB5A8D5840E8E5A88A46322E40,0101000020E6100000C1A8A44E40B1574044302F3C06CF3040,0101000020E6100000A86E0DF0CDFF5640EC51B81E85EB3240,0102000020E61000000300000093DA72CB5A8D5840E8E5A88A46322E40C1A8A44E40B1574044302F3C06CF3040A86E0DF0CDFF5640EC51B81E85EB3240
VTBS,VECC,THA313,A320,340,20250603,1724,340,BETNO,PTN ,IBITA,0101000020E610000093DA72CB5A8D5840E8E5A88A46322E40,0101000020E6100000C1A8A44E40B1574044302F3C06CF3040,0101000020E6100000A86E0DF0CDFF5640EC51B81E85EB3240,0102000020E61000000300000093DA72CB5A8D5840E8E5A88A46322E40C1A8A44E40B1574044302F3C06CF3040A86E0DF0CDFF5640EC51B81E85EB3240
VTSP,VECC,IGO1088,A20N,360,20250603,0537,360,PADET,DWI ,IBITA,0101000020E610000092953EF87992584038EFC538FB002440,0101000020E61000009A34BA413C8D58401F66EDBE7C332C40,0101000020E6100000A86E0DF0CDFF5640EC51B81E85EB3240,0102000020E61000000300000092953EF87992584038EFC538FB0024409A34BA413C8D58401F66EDBE7C332C40A86E0DF0CDFF5640EC51B81E85EB3240
VTSP,VECC,AIQ186,A320,360,20250603,1717,360,PADET,DWI ,IBITA,0101000020E610000092953EF87992584038EFC538FB002440,0101000020E61000009A34BA413C8D58401F66EDBE7C332C40,0101000020E6100000A86E0DF0CDFF5640EC51B81E85EB3240,0102000020E61000000300000092953EF87992584038EFC538FB0024409A34BA413C8D58401F66EDBE7C332C40A86E0DF0CDFF5640EC51B81E85EB3240
VIDP,WADD,AIC2145,A21N,310,20250603,1911,310,MEPEL,SADUS,IKULA,0101000020E610000000000000000057407F377A8888083040,0101000020E6100000E865DA1F6428574056242E192ADB2E40,0101000020E6100000EF3D961DA656584038EFC538FB002440,0102000020E61000000300000000000000000057407F377A8888083040E865DA1F6428574056242E192ADB2E40EF3D961DA656584038EFC538FB002440
OPLA,WMKK,MXD132,B38M,330,20250603,2023,330,MEPEL,LALAT,IKULA,0101000020E610000000000000000057407F377A8888083040,0101000020E61000004CCD5813CFDA574077A89EB3A2B12940,0101000020E6100000EF3D961DA656584038EFC538FB002440,0102000020E61000000300000000000000000057407F377A88880830404CCD5813CFDA574077A89EB3A2B12940EF3D961DA656584038EFC538FB002440
VNKT,WMKK,MAS115,B38M,370,20250603,2005,370,MEPEL,LALAT,IKULA,0101000020E610000000000000000057407F377A8888083040,0101000020E61000004CCD5813CFDA574077A89EB3A2B12940,0101000020E6100000EF3D961DA656584038EFC538FB002440,0102000020E61000000300000000000000000057407F377A88880830404CCD5813CFDA574077A89EB3A2B12940EF3D961DA656584038EFC538FB002440
VIDP,WSSS,AIC2380,B789,390,20250603,2013,390,MEPEL,LALAT,IKULA,0101000020E610000000000000000057407F377A8888083040,0101000020E61000004CCD5813CFDA574077A89EB3A2B12940,0101000020E6100000EF3D961DA656584038EFC538FB002440,0102000020E61000000300000000000000000057407F377A88880830404CCD5813CFDA574077A89EB3A2B12940EF3D961DA656584038EFC538FB002440
UTAA,WMKK,TUA801,B77L,330,20250603,1553,330,MEPEL,SADUS,IKULA,0101000020E610000000000000000057407F377A8888083040,0101000020E6100000E865DA1F6428574056242E192ADB2E40,0101000020E6100000EF3D961DA656584038EFC538FB002440,0102000020E61000000300000000000000000057407F377A8888083040E865DA1F6428574056242E192ADB2E40EF3D961DA656584038EFC538FB002440
UTTT,WMKK,MXD752,B38M,370,20250603,2348,370,MEPEL,SADUS,IKULA,0101000020E610000000000000000057407F377A8888083040,0101000020E6100000E865DA1F6428574056242E192ADB2E40,0101000020E6100000EF3D961DA656584038EFC538FB002440,0102000020E61000000300000000000000000057407F377A8888083040E865DA1F6428574056242E192ADB2E40EF3D961DA656584038EFC538FB002440
VECC,WSSS,SIA517,B38M,330,20250603,1957,330,MEPEL,SADUS,IKULA,0101000020E610000000000000000057407F377A8888083040,0101000020E6100000E865DA1F6428574056242E192ADB2E40,0101000020E6100000EF3D961DA656584038EFC538FB002440,0102000020E61000000300000000000000000057407F377A8888083040E865DA1F6428574056242E192ADB2E40EF3D961DA656584038EFC538FB002440
VIDP,WMKK,MXD206,B738,370,20250603,1949,370,MEPEL,SADUS,IKULA,0101000020E610000000000000000057407F377A8888083040,0101000020E6100000E865DA1F6428574056242E192ADB2E40,0101000020E6100000EF3D961DA656584038EFC538FB002440,0102000020E61000000300000000000000000057407F377A8888083040E865DA1F6428574056242E192ADB2E40EF3D961DA656584038EFC538FB002440
VNKT,WMKK,MXD183,B38M,370,20250603,1254,370,MEPEL,SADUS,IKULA,0101000020E610000000000000000057407F377A8888083040,0101000020E6100000E865DA1F6428574056242E192ADB2E40,0101000020E6100000EF3D961DA656584038EFC538FB002440,0102000020E61000000300000000000000000057407F377A8888083040E865DA1F6428574056242E192ADB2E40EF3D961DA656584038EFC538FB002440
VNKT,WMKK,MAS171,B38M,370,20250603,0919,370,MEPEL,SADUS,IKULA,0101000020E610000000000000000057407F377A8888083040,0101000020E6100000E865DA1F6428574056242E192ADB2E40,0101000020E6100000EF3D961DA656584038EFC538FB002440,0102000020E61000000300000000000000000057407F377A8888083040E865DA1F6428574056242E192ADB2E40EF3D961DA656584038EFC538FB002440
VOMM,WMKK,KXP210,B738,350,20250603,1716,350,BORBU,KAMKO,KAKIP,0101000020E610000000000000000057404208A78967E53040,0101000020E6100000390C07BE798D57404A97825E4D1C3040,0101000020E6100000F1CDFC8BDC79584004400DC6255A2D40,0102000020E61000000300000000000000000057404208A78967E53040390C07BE798D57404A97825E4D1C3040F1CDFC8BDC79584004400DC6255A2D40
VTSP,UUEE,AFL285,B77W,300,20250603,0407,300,TAVUN,MIPAK,LIBDI,0101000020E6100000B64B3C1C342358400000000000002440,0101000020E6100000ED3EAEAAAA9A574097088EAAAAAA2740,0101000020E6100000A86E0DF0CDFF564067416A0BB6802C40,0102000020E610000003000000B64B3C1C342358400000000000002440ED3EAEAAAA9A574097088EAAAAAA2740A86E0DF0CDFF564067416A0BB6802C40
WADD,VIDP,AIC2146,A21N,340,20250603,0626,340,TAVUN,MIPAK,LIBDI,0101000020E6100000B64B3C1C342358400000000000002440,0101000020E6100000ED3EAEAAAA9A574097088EAAAAAA2740,0101000020E6100000A86E0DF0CDFF564067416A0BB6802C40,0102000020E610000003000000B64B3C1C342358400000000000002440ED3EAEAAAA9A574097088EAAAAAA2740A86E0DF0CDFF564067416A0BB6802C40
VTSP,USSS,AFL627,A333,300,20250603,0613,300,TAVUN,MIPAK,LIBDI,0101000020E6100000B64B3C1C342358400000000000002440,0101000020E6100000ED3EAEAAAA9A574097088EAAAAAA2740,0101000020E6100000A86E0DF0CDFF564067416A0BB6802C40,0102000020E610000003000000B64B3C1C342358400000000000002440ED3EAEAAAA9A574097088EAAAAAA2740A86E0DF0CDFF564067416A0BB6802C40
VTSP,VIDP,AIC379,A20N,340,20250603,0237,340,TAVUN,MIPAK,LIBDI,0101000020E6100000B64B3C1C342358400000000000002440,0101000020E6100000ED3EAEAAAA9A574097088EAAAAAA2740,0101000020E6100000A86E0DF0CDFF564067416A0BB6802C40,0102000020E610000003000000B64B3C1C342358400000000000002440ED3EAEAAAA9A574097088EAAAAAA2740A86E0DF0CDFF564067416A0BB6802C40
WMKK,VIDP,AIC385,A20N,340,20250603,0135,340,TAVUN,MIPAK,LIBDI,0101000020E6100000B64B3C1C342358400000000000002440,0101000020E6100000ED3EAEAAAA9A574097088EAAAAAA2740,0101000020E6100000A86E0DF0CDFF564067416A0BB6802C40,0102000020E610000003000000B64B3C1C342358400000000000002440ED3EAEAAAA9A574097088EAAAAAA2740A86E0DF0CDFF564067416A0BB6802C40
VTSP,UACC,KZR164,A21N,340,20250603,0344,340,TAVUN,MIPAK,LIBDI,0101000020E6100000B64B3C1C342358400000000000002440,0101000020E6100000ED3EAEAAAA9A574097088EAAAAAA2740,0101000020E6100000A86E0DF0CDFF564067416A0BB6802C40,0102000020E610000003000000B64B3C1C342358400000000000002440ED3EAEAAAA9A574097088EAAAAAA2740A86E0DF0CDFF564067416A0BB6802C40
VTSP,VIDP,IGO1074,A21N,300,20250603,0704,300,TAVUN,MIPAK,LIBDI,0101000020E6100000B64B3C1C342358400000000000002440,0101000020E6100000ED3EAEAAAA9A574097088EAAAAAA2740,0101000020E6100000A86E0DF0CDFF564067416A0BB6802C40,0102000020E610000003000000B64B3C1C342358400000000000002440ED3EAEAAAA9A574097088EAAAAAA2740A86E0DF0CDFF564067416A0BB6802C40
OERK,VMMC,BSC4001,B742,350,20250603,1144,350,CHILA,LSO ,LINSO,0101000020E6100000D1B8AACBED2F5740FCDC33BF58623640,0101000020E6100000AD339D2145705840611B127320FB3640,0101000020E6100000ED3EAEAAAABA58400000000000603740,0102000020E610000003000000D1B8AACBED2F5740FCDC33BF58623640AD339D2145705840611B127320FB3640ED3EAEAAAABA58400000000000603740
HECA,ZGSZ,CHH472,B789,390,20250603,1650,390,CHILA,LSO ,LINSO,0101000020E6100000D1B8AACBED2F5740FCDC33BF58623640,0101000020E6100000AD339D2145705840611B127320FB3640,0101000020E6100000ED3EAEAAAABA58400000000000603740,0102000020E610000003000000D1B8AACBED2F5740FCDC33BF58623640AD339D2145705840611B127320FB3640ED3EAEAAAABA58400000000000603740
OJAI,VHHH,THY6118,B77L,410,20250603,1146,410,CHILA,LSO ,LINSO,0101000020E6100000D1B8AACBED2F5740FCDC33BF58623640,0101000020E6100000AD339D2145705840611B127320FB3640,0101000020E6100000ED3EAEAAAABA58400000000000603740,0102000020E610000003000000D1B8AACBED2F5740FCDC33BF58623640AD339D2145705840611B127320FB3640ED3EAEAAAABA58400000000000603740
OMDB,RPLL,UAE2636,A388,410,20250603,1157,410,CHILA,LSO ,LINSO,0101000020E6100000D1B8AACBED2F5740FCDC33BF58623640,0101000020E6100000AD339D2145705840611B127320FB3640,0101000020E6100000ED3EAEAAAABA58400000000000603740,0102000020E610000003000000D1B8AACBED2F5740FCDC33BF58623640AD339D2145705840611B127320FB3640ED3EAEAAAABA58400000000000603740
OTHH,VHHH,QTR8404,B77L,400,20250603,0243,400,CHILA,LSO ,LINSO,0101000020E6100000D1B8AACBED2F5740FCDC33BF58623640,0101000020E6100000AD339D2145705840611B127320FB3640,0101000020E6100000ED3EAEAAAABA58400000000000603740,0102000020E610000003000000D1B8AACBED2F5740FCDC33BF58623640AD339D2145705840611B127320FB3640ED3EAEAAAABA58400000000000603740
OBBI,VHHH,DHX721,B763,390,20250603,1204,390,CHILA,LSO ,LINSO,0101000020E6100000D1B8AACBED2F5740FCDC33BF58623640,0101000020E6100000AD339D2145705840611B127320FB3640,0101000020E6100000ED3EAEAAAABA58400000000000603740,0102000020E610000003000000D1B8AACBED2F5740FCDC33BF58623640AD339D2145705840611B127320FB3640ED3EAEAAAABA58400000000000603740
OMDW,ZGGG,UAE9876,B77L,400,20250603,2328,400,CHILA,LSO ,LINSO,0101000020E6100000D1B8AACBED2F5740FCDC33BF58623640,0101000020E6100000AD339D2145705840611B127320FB3640,0101000020E6100000ED3EAEAAAABA58400000000000603740,0102000020E610000003000000D1B8AACBED2F5740FCDC33BF58623640AD339D2145705840611B127320FB3640ED3EAEAAAABA58400000000000603740
OMDB,RKSI,KAL952,A333,390,20250603,2130,390,CHILA,LSO ,LINSO,0101000020E6100000D1B8AACBED2F5740FCDC33BF58623640,0101000020E6100000AD339D2145705840611B127320FB3640,0101000020E6100000ED3EAEAAAABA58400000000000603740,0102000020E610000003000000D1B8AACBED2F5740FCDC33BF58623640AD339D2145705840611B127320FB3640ED3EAEAAAABA58400000000000603740
OERK,VHHH,SVA984,B77L,410,20250603,1337,410,CHILA,LSO ,LINSO,0101000020E6100000D1B8AACBED2F5740FCDC33BF58623640,0101000020E6100000AD339D2145705840611B127320FB3640,0101000020E6100000ED3EAEAAAABA58400000000000603740,0102000020E610000003000000D1B8AACBED2F5740FCDC33BF58623640AD339D2145705840611B127320FB3640ED3EAEAAAABA58400000000000603740
OKKK,VHHH,AZG1147,B77L,410,20250603,0314,410,CHILA,LSO ,LINSO,0101000020E6100000D1B8AACBED2F5740FCDC33BF58623640,0101000020E6100000AD339D2145705840611B127320FB3640,0101000020E6100000ED3EAEAAAABA58400000000000603740,0102000020E610000003000000D1B8AACBED2F5740FCDC33BF58623640AD339D2145705840611B127320FB3640ED3EAEAAAABA58400000000000603740
OTHH,ZSPD,QTR8960,B77L,350,20250603,1240,350,CHILA,LSO ,LINSO,0101000020E6100000D1B8AACBED2F5740FCDC33BF58623640,0101000020E6100000AD339D2145705840611B127320FB3640,0101000020E6100000ED3EAEAAAABA58400000000000603740,0102000020E610000003000000D1B8AACBED2F5740FCDC33BF58623640AD339D2145705840611B127320FB3640ED3EAEAAAABA58400000000000603740
OMDB,ZSPD,UAE302,B77W,350,20250603,0318,350,CHILA,LSO ,LINSO,0101000020E6100000D1B8AACBED2F5740FCDC33BF58623640,0101000020E6100000AD339D2145705840611B127320FB3640,0101000020E6100000ED3EAEAAAABA58400000000000603740,0102000020E610000003000000D1B8AACBED2F5740FCDC33BF58623640AD339D2145705840611B127320FB3640ED3EAEAAAABA58400000000000603740
OERK,ZSPD,SVA990,B744,390,20250603,1243,390,CHILA,LSO ,LINSO,0101000020E6100000D1B8AACBED2F5740FCDC33BF58623640,0101000020E6100000AD339D2145705840611B127320FB3640,0101000020E6100000ED3EAEAAAABA58400000000000603740,0102000020E610000003000000D1B8AACBED2F5740FCDC33BF58623640AD339D2145705840611B127320FB3640ED3EAEAAAABA58400000000000603740
HAAB,VHHH,ETH644,B788,410,20250603,0324,410,CHILA,LSO ,LINSO,0101000020E6100000D1B8AACBED2F5740FCDC33BF58623640,0101000020E6100000AD339D2145705840611B127320FB3640,0101000020E6100000ED3EAEAAAABA58400000000000603740,0102000020E610000003000000D1B8AACBED2F5740FCDC33BF58623640AD339D2145705840611B127320FB3640ED3EAEAAAABA58400000000000603740
OBBI,ZSPD,GFA124,B789,390,20250603,2324,390,CHILA,LSO ,LINSO,0101000020E6100000D1B8AACBED2F5740FCDC33BF58623640,0101000020E6100000AD339D2145705840611B127320FB3640,0101000020E6100000ED3EAEAAAABA58400000000000603740,0102000020E610000003000000D1B8AACBED2F5740FCDC33BF58623640AD339D2145705840611B127320FB3640ED3EAEAAAABA58400000000000603740
OMDW,VHHH,CLX4931,B748,390,20250603,0324,390,CHILA,LSO ,LINSO,0101000020E6100000D1B8AACBED2F5740FCDC33BF58623640,0101000020E6100000AD339D2145705840611B127320FB3640,0101000020E6100000ED3EAEAAAABA58400000000000603740,0102000020E610000003000000D1B8AACBED2F5740FCDC33BF58623640AD339D2145705840611B127320FB3640ED3EAEAAAABA58400000000000603740
OTHH,RPLL,QTR932,B77W,330,20250603,0409,330,CHILA,LSO ,LINSO,0101000020E6100000D1B8AACBED2F5740FCDC33BF58623640,0101000020E6100000AD339D2145705840611B127320FB3640,0101000020E6100000ED3EAEAAAABA58400000000000603740,0102000020E610000003000000D1B8AACBED2F5740FCDC33BF58623640AD339D2145705840611B127320FB3640ED3EAEAAAABA58400000000000603740
HECA,ZGGG,MSR958,B77W,370,20250603,0405,370,CHILA,LSO ,LINSO,0101000020E6100000D1B8AACBED2F5740FCDC33BF58623640,0101000020E6100000AD339D2145705840611B127320FB3640,0101000020E6100000ED3EAEAAAABA58400000000000603740,0102000020E610000003000000D1B8AACBED2F5740FCDC33BF58623640AD339D2145705840611B127320FB3640ED3EAEAAAABA58400000000000603740
HAAB,ZGGG,ETH3856,B77L,390,20250603,1552,390,CHILA,LSO ,LINSO,0101000020E6100000D1B8AACBED2F5740FCDC33BF58623640,0101000020E6100000AD339D2145705840611B127320FB3640,0101000020E6100000ED3EAEAAAABA58400000000000603740,0102000020E610000003000000D1B8AACBED2F5740FCDC33BF58623640AD339D2145705840611B127320FB3640ED3EAEAAAABA58400000000000603740
OERK,ZGSZ,CSN5008,A333,370,20250603,0331,370,CHILA,LSO ,LINSO,0101000020E6100000D1B8AACBED2F5740FCDC33BF58623640,0101000020E6100000AD339D2145705840611B127320FB3640,0101000020E6100000ED3EAEAAAABA58400000000000603740,0102000020E610000003000000D1B8AACBED2F5740FCDC33BF58623640AD339D2145705840611B127320FB3640ED3EAEAAAABA58400000000000603740
OBBI,ZGSZ,BOX584,B77L,410,20250603,1551,410,CHILA,LSO ,LINSO,0101000020E6100000D1B8AACBED2F5740FCDC33BF58623640,0101000020E6100000AD339D2145705840611B127320FB3640,0101000020E6100000ED3EAEAAAABA58400000000000603740,0102000020E610000003000000D1B8AACBED2F5740FCDC33BF58623640AD339D2145705840611B127320FB3640ED3EAEAAAABA58400000000000603740
OERK,VHHH,SVA3022,B744,410,20250603,0448,410,CHILA,LSO ,LINSO,0101000020E6100000D1B8AACBED2F5740FCDC33BF58623640,0101000020E6100000AD339D2145705840611B127320FB3640,0101000020E6100000ED3EAEAAAABA58400000000000603740,0102000020E610000003000000D1B8AACBED2F5740FCDC33BF58623640AD339D2145705840611B127320FB3640ED3EAEAAAABA58400000000000603740
HAAB,ZSPD,ETH684,A359,410,20250603,0342,410,CHILA,LSO ,LINSO,0101000020E6100000D1B8AACBED2F5740FCDC33BF58623640,0101000020E6100000AD339D2145705840611B127320FB3640,0101000020E6100000ED3EAEAAAABA58400000000000603740,0102000020E610000003000000D1B8AACBED2F5740FCDC33BF58623640AD339D2145705840611B127320FB3640ED3EAEAAAABA58400000000000603740
OTHH,ZGGG,CSN334,B789,350,20250603,0338,350,CHILA,LSO ,LINSO,0101000020E6100000D1B8AACBED2F5740FCDC33BF58623640,0101000020E6100000AD339D2145705840611B127320FB3640,0101000020E6100000ED3EAEAAAABA58400000000000603740,0102000020E610000003000000D1B8AACBED2F5740FCDC33BF58623640AD339D2145705840611B127320FB3640ED3EAEAAAABA58400000000000603740
HAAB,ZGGG,ETH606,B77W,370,20250603,0346,370,CHILA,LSO ,LINSO,0101000020E6100000D1B8AACBED2F5740FCDC33BF58623640,0101000020E6100000AD339D2145705840611B127320FB3640,0101000020E6100000ED3EAEAAAABA58400000000000603740,0102000020E610000003000000D1B8AACBED2F5740FCDC33BF58623640AD339D2145705840611B127320FB3640ED3EAEAAAABA58400000000000603740
OTHH,VHHH,QTR818,B77W,330,20250603,0349,330,CHILA,LSO ,LINSO,0101000020E6100000D1B8AACBED2F5740FCDC33BF58623640,0101000020E6100000AD339D2145705840611B127320FB3640,0101000020E6100000ED3EAEAAAABA58400000000000603740,0102000020E610000003000000D1B8AACBED2F5740FCDC33BF58623640AD339D2145705840611B127320FB3640ED3EAEAAAABA58400000000000603740
VOBL,RJAA,JAL754,B789,330,20250603,2330,330,CHILA,LSO ,LINSO,0101000020E6100000D1B8AACBED2F5740FCDC33BF58623640,0101000020E6100000AD339D2145705840611B127320FB3640,0101000020E6100000ED3EAEAAAABA58400000000000603740,0102000020E610000003000000D1B8AACBED2F5740FCDC33BF58623640AD339D2145705840611B127320FB3640ED3EAEAAAABA58400000000000603740
OMDB,VHHH,CPA738,B77W,310,20250603,2333,310,CHILA,LSO ,LINSO,0101000020E6100000D1B8AACBED2F5740FCDC33BF58623640,0101000020E6100000AD339D2145705840611B127320FB3640,0101000020E6100000ED3EAEAAAABA58400000000000603740,0102000020E610000003000000D1B8AACBED2F5740FCDC33BF58623640AD339D2145705840611B127320FB3640ED3EAEAAAABA58400000000000603740
OMDB,ZHHH,CSN3042,B788,370,20250603,2339,370,CHILA,LSO ,LINSO,0101000020E6100000D1B8AACBED2F5740FCDC33BF58623640,0101000020E6100000AD339D2145705840611B127320FB3640,0101000020E6100000ED3EAEAAAABA58400000000000603740,0102000020E610000003000000D1B8AACBED2F5740FCDC33BF58623640AD339D2145705840611B127320FB3640ED3EAEAAAABA58400000000000603740
OTHH,ZGGG,QTR874,B77W,350,20250603,0423,350,CHILA,LSO ,LINSO,0101000020E6100000D1B8AACBED2F5740FCDC33BF58623640,0101000020E6100000AD339D2145705840611B127320FB3640,0101000020E6100000ED3EAEAAAABA58400000000000603740,0102000020E610000003000000D1B8AACBED2F5740FCDC33BF58623640AD339D2145705840611B127320FB3640ED3EAEAAAABA58400000000000603740
OTHH,ZSPD,QTR870,B77W,330,20250603,0424,330,CHILA,LSO ,LINSO,0101000020E6100000D1B8AACBED2F5740FCDC33BF58623640,0101000020E6100000AD339D2145705840611B127320FB3640,0101000020E6100000ED3EAEAAAABA58400000000000603740,0102000020E610000003000000D1B8AACBED2F5740FCDC33BF58623640AD339D2145705840611B127320FB3640ED3EAEAAAABA58400000000000603740
OMDB,RCTP,UAE366,A388,370,20250603,0436,370,ANSOS,LSO ,LINSO,0101000020E6100000CBDFD640A75D574008AC1C5A64733740,0101000020E6100000AD339D2145705840611B127320FB3640,0101000020E6100000ED3EAEAAAABA58400000000000603740,0102000020E610000003000000CBDFD640A75D574008AC1C5A64733740AD339D2145705840611B127320FB3640ED3EAEAAAABA58400000000000603740
OTHH,ZUTF,QTR860,A333,390,20250603,0500,390,CHILA,LSO ,LINSO,0101000020E6100000D1B8AACBED2F5740FCDC33BF58623640,0101000020E6100000AD339D2145705840611B127320FB3640,0101000020E6100000ED3EAEAAAABA58400000000000603740,0102000020E610000003000000D1B8AACBED2F5740FCDC33BF58623640AD339D2145705840611B127320FB3640ED3EAEAAAABA58400000000000603740
VGHS,ZSAM,CXA890,B738,290,20250603,2231,290,CHILA,LSO ,LINSO,0101000020E6100000D1B8AACBED2F5740FCDC33BF58623640,0101000020E6100000AD339D2145705840611B127320FB3640,0101000020E6100000ED3EAEAAAABA58400000000000603740,0102000020E610000003000000D1B8AACBED2F5740FCDC33BF58623640AD339D2145705840611B127320FB3640ED3EAEAAAABA58400000000000603740
VIDP,RJTT,JAL30,B789,370,20250603,1552,370,ANSOS,LSO ,LINSO,0101000020E6100000CBDFD640A75D574008AC1C5A64733740,0101000020E6100000AD339D2145705840611B127320FB3640,0101000020E6100000ED3EAEAAAABA58400000000000603740,0102000020E610000003000000CBDFD640A75D574008AC1C5A64733740AD339D2145705840611B127320FB3640ED3EAEAAAABA58400000000000603740
VIDP,VHHH,CPA2046,B748,410,20250603,1430,410,ANSOS,LSO ,LINSO,0101000020E6100000CBDFD640A75D574008AC1C5A64733740,0101000020E6100000AD339D2145705840611B127320FB3640,0101000020E6100000ED3EAEAAAABA58400000000000603740,0102000020E610000003000000CBDFD640A75D574008AC1C5A64733740AD339D2145705840611B127320FB3640ED3EAEAAAABA58400000000000603740
OMDB,RPVM,UAE338,B77W,330,20250603,0341,330,ANSOS,LSO ,LINSO,0101000020E6100000CBDFD640A75D574008AC1C5A64733740,0101000020E6100000AD339D2145705840611B127320FB3640,0101000020E6100000ED3EAEAAAABA58400000000000603740,0102000020E610000003000000CBDFD640A75D574008AC1C5A64733740AD339D2145705840611B127320FB3640ED3EAEAAAABA58400000000000603740
VIDP,VHHH,IGO1707,A21N,330,20250603,0220,330,ANSOS,LSO ,LINSO,0101000020E6100000CBDFD640A75D574008AC1C5A64733740,0101000020E6100000AD339D2145705840611B127320FB3640,0101000020E6100000ED3EAEAAAABA58400000000000603740,0102000020E610000003000000CBDFD640A75D574008AC1C5A64733740AD339D2145705840611B127320FB3640ED3EAEAAAABA58400000000000603740
LIMC,RCTP,EVA096,B789,370,20250603,1753,370,ANSOS,LSO ,LINSO,0101000020E6100000CBDFD640A75D574008AC1C5A64733740,0101000020E6100000AD339D2145705840611B127320FB3640,0101000020E6100000ED3EAEAAAABA58400000000000603740,0102000020E610000003000000CBDFD640A75D574008AC1C5A64733740AD339D2145705840611B127320FB3640ED3EAEAAAABA58400000000000603740
LTFM,RCTP,THY124,B789,370,20250603,1943,370,ANSOS,LSO ,LINSO,0101000020E6100000CBDFD640A75D574008AC1C5A64733740,0101000020E6100000AD339D2145705840611B127320FB3640,0101000020E6100000ED3EAEAAAABA58400000000000603740,0102000020E610000003000000CBDFD640A75D574008AC1C5A64733740AD339D2145705840611B127320FB3640ED3EAEAAAABA58400000000000603740
VIDP,ZUUU,CSC9652,A332,370,20250603,0058,370,ANSOS,LSO ,LINSO,0101000020E6100000CBDFD640A75D574008AC1C5A64733740,0101000020E6100000AD339D2145705840611B127320FB3640,0101000020E6100000ED3EAEAAAABA58400000000000603740,0102000020E610000003000000CBDFD640A75D574008AC1C5A64733740AD339D2145705840611B127320FB3640ED3EAEAAAABA58400000000000603740
VIDP,VHHH,AIC314,B788,410,20250603,1909,410,ANSOS,LSO ,LINSO,0101000020E6100000CBDFD640A75D574008AC1C5A64733740,0101000020E6100000AD339D2145705840611B127320FB3640,0101000020E6100000ED3EAEAAAABA58400000000000603740,0102000020E610000003000000CBDFD640A75D574008AC1C5A64733740AD339D2145705840611B127320FB3640ED3EAEAAAABA58400000000000603740
OEDF,VHHH,THY6188,A332,390,20250603,0130,390,ANSOS,LSO ,LINSO,0101000020E6100000CBDFD640A75D574008AC1C5A64733740,0101000020E6100000AD339D2145705840611B127320FB3640,0101000020E6100000ED3EAEAAAABA58400000000000603740,0102000020E610000003000000CBDFD640A75D574008AC1C5A64733740AD339D2145705840611B127320FB3640ED3EAEAAAABA58400000000000603740
OJAI,VMMC,THY6372,A332,410,20250603,2314,410,ANSOS,LSO ,LINSO,0101000020E6100000CBDFD640A75D574008AC1C5A64733740,0101000020E6100000AD339D2145705840611B127320FB3640,0101000020E6100000ED3EAEAAAABA58400000000000603740,0102000020E610000003000000CBDFD640A75D574008AC1C5A64733740AD339D2145705840611B127320FB3640ED3EAEAAAABA58400000000000603740
VIDP,ZHEC,CSS162,B763,410,20250603,1759,410,ANSOS,LSO ,LINSO,0101000020E6100000CBDFD640A75D574008AC1C5A64733740,0101000020E6100000AD339D2145705840611B127320FB3640,0101000020E6100000ED3EAEAAAABA58400000000000603740,0102000020E610000003000000CBDFD640A75D574008AC1C5A64733740AD339D2145705840611B127320FB3640ED3EAEAAAABA58400000000000603740
VIDP,VHHH,CPA698,B77W,350,20250603,1928,350,ANSOS,LSO ,LINSO,0101000020E6100000CBDFD640A75D574008AC1C5A64733740,0101000020E6100000AD339D2145705840611B127320FB3640,0101000020E6100000ED3EAEAAAABA58400000000000603740,0102000020E610000003000000CBDFD640A75D574008AC1C5A64733740AD339D2145705840611B127320FB3640ED3EAEAAAABA58400000000000603740
VNKT,VHHH,RNA409,A320,350,20250603,0705,350,ANSOS,LSO ,LINSO,0101000020E6100000CBDFD640A75D574008AC1C5A64733740,0101000020E6100000AD339D2145705840611B127320FB3640,0101000020E6100000ED3EAEAAAABA58400000000000603740,0102000020E610000003000000CBDFD640A75D574008AC1C5A64733740AD339D2145705840611B127320FB3640ED3EAEAAAABA58400000000000603740
EBLG,VHHH,ABD4084,B744,410,20250603,2143,410,ANSOS,LSO ,LINSO,0101000020E6100000CBDFD640A75D574008AC1C5A64733740,0101000020E6100000AD339D2145705840611B127320FB3640,0101000020E6100000ED3EAEAAAABA58400000000000603740,0102000020E610000003000000CBDFD640A75D574008AC1C5A64733740AD339D2145705840611B127320FB3640ED3EAEAAAABA58400000000000603740
LFPG,RCTP,EVA088,B77W,350,20250603,1911,350,ANSOS,LSO ,LINSO,0101000020E6100000CBDFD640A75D574008AC1C5A64733740,0101000020E6100000AD339D2145705840611B127320FB3640,0101000020E6100000ED3EAEAAAABA58400000000000603740,0102000020E610000003000000CBDFD640A75D574008AC1C5A64733740AD339D2145705840611B127320FB3640ED3EAEAAAABA58400000000000603740
LOWW,RCTP,CAL064,A359,410,20250603,1746,410,ANSOS,LSO ,LINSO,0101000020E6100000CBDFD640A75D574008AC1C5A64733740,0101000020E6100000AD339D2145705840611B127320FB3640,0101000020E6100000ED3EAEAAAABA58400000000000603740,0102000020E610000003000000CBDFD640A75D574008AC1C5A64733740AD339D2145705840611B127320FB3640ED3EAEAAAABA58400000000000603740
OPIS,ZGGG,CSN8070,B789,390,20250603,1908,390,ANSOS,LSO ,LINSO,0101000020E6100000CBDFD640A75D574008AC1C5A64733740,0101000020E6100000AD339D2145705840611B127320FB3640,0101000020E6100000ED3EAEAAAABA58400000000000603740,0102000020E610000003000000CBDFD640A75D574008AC1C5A64733740AD339D2145705840611B127320FB3640ED3EAEAAAABA58400000000000603740
VIDP,VHHH,CPA694,A359,390,20250603,2250,390,ANSOS,LSO ,LINSO,0101000020E6100000CBDFD640A75D574008AC1C5A64733740,0101000020E6100000AD339D2145705840611B127320FB3640,0101000020E6100000ED3EAEAAAABA58400000000000603740,0102000020E610000003000000CBDFD640A75D574008AC1C5A64733740AD339D2145705840611B127320FB3640ED3EAEAAAABA58400000000000603740
VNKT,ZPPP,CES9618,B737,330,20250603,1155,330,ANSOS,LSO ,LINSO,0101000020E6100000CBDFD640A75D574008AC1C5A64733740,0101000020E6100000AD339D2145705840611B127320FB3640,0101000020E6100000ED3EAEAAAABA58400000000000603740,0102000020E610000003000000CBDFD640A75D574008AC1C5A64733740AD339D2145705840611B127320FB3640ED3EAEAAAABA58400000000000603740
VIDP,KSFO,AIC183,B77L,310,20250603,1200,310,ANSOS,LSO ,LINSO,0101000020E6100000CBDFD640A75D574008AC1C5A64733740,0101000020E6100000AD339D2145705840611B127320FB3640,0101000020E6100000ED3EAEAAAABA58400000000000603740,0102000020E610000003000000CBDFD640A75D574008AC1C5A64733740AD339D2145705840611B127320FB3640ED3EAEAAAABA58400000000000603740
VIDP,RJTT,ANA838,B789,370,20250603,1454,370,ANSOS,LSO ,LINSO,0101000020E6100000CBDFD640A75D574008AC1C5A64733740,0101000020E6100000AD339D2145705840611B127320FB3640,0101000020E6100000ED3EAEAAAABA58400000000000603740,0102000020E610000003000000CBDFD640A75D574008AC1C5A64733740AD339D2145705840611B127320FB3640ED3EAEAAAABA58400000000000603740
OIIE,ZGGG,IRM081,A346,350,20250603,2213,350,ANSOS,LSO ,LINSO,0101000020E6100000CBDFD640A75D574008AC1C5A64733740,0101000020E6100000AD339D2145705840611B127320FB3640,0101000020E6100000ED3EAEAAAABA58400000000000603740,0102000020E610000003000000CBDFD640A75D574008AC1C5A64733740AD339D2145705840611B127320FB3640ED3EAEAAAABA58400000000000603740
EDDM,RCTP,EVA072,B789,390,20250603,1818,390,ANSOS,LSO ,LINSO,0101000020E6100000CBDFD640A75D574008AC1C5A64733740,0101000020E6100000AD339D2145705840611B127320FB3640,0101000020E6100000ED3EAEAAAABA58400000000000603740,0102000020E610000003000000CBDFD640A75D574008AC1C5A64733740AD339D2145705840611B127320FB3640ED3EAEAAAABA58400000000000603740
VIDP,ZHEC,CSS158,B763,350,20250603,0103,350,ANSOS,LSO ,LINSO,0101000020E6100000CBDFD640A75D574008AC1C5A64733740,0101000020E6100000AD339D2145705840611B127320FB3640,0101000020E6100000ED3EAEAAAABA58400000000000603740,0102000020E610000003000000CBDFD640A75D574008AC1C5A64733740AD339D2145705840611B127320FB3640ED3EAEAAAABA58400000000000603740
VNKT,VHHH,CPA640,A333,370,20250603,1912,370,ANSOS,LSO ,LINSO,0101000020E6100000CBDFD640A75D574008AC1C5A64733740,0101000020E6100000AD339D2145705840611B127320FB3640,0101000020E6100000ED3EAEAAAABA58400000000000603740,0102000020E610000003000000CBDFD640A75D574008AC1C5A64733740AD339D2145705840611B127320FB3640ED3EAEAAAABA58400000000000603740
LTFM,ZGGG,THY72,B77W,330,20250603,0547,330,ANSOS,LSO ,LINSO,0101000020E6100000CBDFD640A75D574008AC1C5A64733740,0101000020E6100000AD339D2145705840611B127320FB3640,0101000020E6100000ED3EAEAAAABA58400000000000603740,0102000020E610000003000000CBDFD640A75D574008AC1C5A64733740AD339D2145705840611B127320FB3640ED3EAEAAAABA58400000000000603740
OMDW,VHHH,UAE9838,B77L,410,20250603,0505,410,CHILA,LSO ,LINSO,0101000020E6100000D1B8AACBED2F5740FCDC33BF58623640,0101000020E6100000AD339D2145705840611B127320FB3640,0101000020E6100000ED3EAEAAAABA58400000000000603740,0102000020E610000003000000D1B8AACBED2F5740FCDC33BF58623640AD339D2145705840611B127320FB3640ED3EAEAAAABA58400000000000603740
VNKT,ZGGG,CSN3068,A19N,330,20250603,1917,330,ANSOS,LSO ,LINSO,0101000020E6100000CBDFD640A75D574008AC1C5A64733740,0101000020E6100000AD339D2145705840611B127320FB3640,0101000020E6100000ED3EAEAAAABA58400000000000603740,0102000020E610000003000000CBDFD640A75D574008AC1C5A64733740AD339D2145705840611B127320FB3640ED3EAEAAAABA58400000000000603740
VIDP,KSFO,AIC173,B77L,310,20250603,2344,310,ANSOS,LSO ,LINSO,0101000020E6100000CBDFD640A75D574008AC1C5A64733740,0101000020E6100000AD339D2145705840611B127320FB3640,0101000020E6100000ED3EAEAAAABA58400000000000603740,0102000020E610000003000000CBDFD640A75D574008AC1C5A64733740AD339D2145705840611B127320FB3640ED3EAEAAAABA58400000000000603740
LTFM,VHHH,THY70,B77W,350,20250603,0521,350,ANSOS,LSO ,LINSO,0101000020E6100000CBDFD640A75D574008AC1C5A64733740,0101000020E6100000AD339D2145705840611B127320FB3640,0101000020E6100000ED3EAEAAAABA58400000000000603740,0102000020E610000003000000CBDFD640A75D574008AC1C5A64733740AD339D2145705840611B127320FB3640ED3EAEAAAABA58400000000000603740
LTFM,RCTP,THY24,B77W,310,20250603,0553,310,ANSOS,LSO ,LINSO,0101000020E6100000CBDFD640A75D574008AC1C5A64733740,0101000020E6100000AD339D2145705840611B127320FB3640,0101000020E6100000ED3EAEAAAABA58400000000000603740,0102000020E610000003000000CBDFD640A75D574008AC1C5A64733740AD339D2145705840611B127320FB3640ED3EAEAAAABA58400000000000603740
OMDW,ZUUU,CAO3146,A332,350,20250603,1212,350,CHILA,LSO ,LINSO,0101000020E6100000D1B8AACBED2F5740FCDC33BF58623640,0101000020E6100000AD339D2145705840611B127320FB3640,0101000020E6100000ED3EAEAAAABA58400000000000603740,0102000020E610000003000000D1B8AACBED2F5740FCDC33BF58623640AD339D2145705840611B127320FB3640ED3EAEAAAABA58400000000000603740
VOMM,VHHH,CPA632,A359,410,20250603,2221,410,CHILA,LSO ,LINSO,0101000020E6100000D1B8AACBED2F5740FCDC33BF58623640,0101000020E6100000AD339D2145705840611B127320FB3640,0101000020E6100000ED3EAEAAAABA58400000000000603740,0102000020E610000003000000D1B8AACBED2F5740FCDC33BF58623640AD339D2145705840611B127320FB3640ED3EAEAAAABA58400000000000603740
OERK,VHHH,CPA648,A359,410,20250603,0110,410,CHILA,LSO ,LINSO,0101000020E6100000D1B8AACBED2F5740FCDC33BF58623640,0101000020E6100000AD339D2145705840611B127320FB3640,0101000020E6100000ED3EAEAAAABA58400000000000603740,0102000020E610000003000000D1B8AACBED2F5740FCDC33BF58623640AD339D2145705840611B127320FB3640ED3EAEAAAABA58400000000000603740
OMDW,VHHH,TVR4703,B744,390,20250603,0101,390,CHILA,LSO ,LINSO,0101000020E6100000D1B8AACBED2F5740FCDC33BF58623640,0101000020E6100000AD339D2145705840611B127320FB3640,0101000020E6100000ED3EAEAAAABA58400000000000603740,0102000020E610000003000000D1B8AACBED2F5740FCDC33BF58623640AD339D2145705840611B127320FB3640ED3EAEAAAABA58400000000000603740
OMDB,ZUCK,CCA452,B789,410,20250603,0058,410,CHILA,LSO ,LINSO,0101000020E6100000D1B8AACBED2F5740FCDC33BF58623640,0101000020E6100000AD339D2145705840611B127320FB3640,0101000020E6100000ED3EAEAAAABA58400000000000603740,0102000020E610000003000000D1B8AACBED2F5740FCDC33BF58623640AD339D2145705840611B127320FB3640ED3EAEAAAABA58400000000000603740
OMDW,VHHH,TAY401,B744,450,20250603,2205,450,CHILA,LSO ,LINSO,0101000020E6100000D1B8AACBED2F5740FCDC33BF58623640,0101000020E6100000AD339D2145705840611B127320FB3640,0101000020E6100000ED3EAEAAAABA58400000000000603740,0102000020E610000003000000D1B8AACBED2F5740FCDC33BF58623640AD339D2145705840611B127320FB3640ED3EAEAAAABA58400000000000603740
OTHH,VMMC,QTR8905,B77L,410,20250603,2154,410,CHILA,LSO ,LINSO,0101000020E6100000D1B8AACBED2F5740FCDC33BF58623640,0101000020E6100000AD339D2145705840611B127320FB3640,0101000020E6100000ED3EAEAAAABA58400000000000603740,0102000020E610000003000000D1B8AACBED2F5740FCDC33BF58623640AD339D2145705840611B127320FB3640ED3EAEAAAABA58400000000000603740
VABB,ZPPP,HYT9104,B752,370,20250603,2219,370,CHILA,LSO ,LINSO,0101000020E6100000D1B8AACBED2F5740FCDC33BF58623640,0101000020E6100000AD339D2145705840611B127320FB3640,0101000020E6100000ED3EAEAAAABA58400000000000603740,0102000020E610000003000000D1B8AACBED2F5740FCDC33BF58623640AD339D2145705840611B127320FB3640ED3EAEAAAABA58400000000000603740
OMDB,ZGSZ,CSN8436,A333,350,20250603,0115,350,CHILA,LSO ,LINSO,0101000020E6100000D1B8AACBED2F5740FCDC33BF58623640,0101000020E6100000AD339D2145705840611B127320FB3640,0101000020E6100000ED3EAEAAAABA58400000000000603740,0102000020E610000003000000D1B8AACBED2F5740FCDC33BF58623640AD339D2145705840611B127320FB3640ED3EAEAAAABA58400000000000603740
OMDW,ZSHC,HYT9050,B763,350,20250603,0123,350,CHILA,LSO ,LINSO,0101000020E6100000D1B8AACBED2F5740FCDC33BF58623640,0101000020E6100000AD339D2145705840611B127320FB3640,0101000020E6100000ED3EAEAAAABA58400000000000603740,0102000020E610000003000000D1B8AACBED2F5740FCDC33BF58623640AD339D2145705840611B127320FB3640ED3EAEAAAABA58400000000000603740
OTHH,ZGSZ,CSZ808,A333,370,20250603,2118,370,CHILA,LSO ,LINSO,0101000020E6100000D1B8AACBED2F5740FCDC33BF58623640,0101000020E6100000AD339D2145705840611B127320FB3640,0101000020E6100000ED3EAEAAAABA58400000000000603740,0102000020E610000003000000D1B8AACBED2F5740FCDC33BF58623640AD339D2145705840611B127320FB3640ED3EAEAAAABA58400000000000603740
HAAB,VMMC,ETH3762,B77L,410,20250603,0550,410,CHILA,LSO ,LINSO,0101000020E6100000D1B8AACBED2F5740FCDC33BF58623640,0101000020E6100000AD339D2145705840611B127320FB3640,0101000020E6100000ED3EAEAAAABA58400000000000603740,0102000020E610000003000000D1B8AACBED2F5740FCDC33BF58623640AD339D2145705840611B127320FB3640ED3EAEAAAABA58400000000000603740
HAAB,ZBAA,ETH604,A359,390,20250603,0552,390,CHILA,LSO ,LINSO,0101000020E6100000D1B8AACBED2F5740FCDC33BF58623640,0101000020E6100000AD339D2145705840611B127320FB3640,0101000020E6100000ED3EAEAAAABA58400000000000603740,0102000020E610000003000000D1B8AACBED2F5740FCDC33BF58623640AD339D2145705840611B127320FB3640ED3EAEAAAABA58400000000000603740
OMAA,ZSPD,CES238,A332,390,20250603,0036,390,CHILA,LSO ,LINSO,0101000020E6100000D1B8AACBED2F5740FCDC33BF58623640,0101000020E6100000AD339D2145705840611B127320FB3640,0101000020E6100000ED3EAEAAAABA58400000000000603740,0102000020E610000003000000D1B8AACBED2F5740FCDC33BF58623640AD339D2145705840611B127320FB3640ED3EAEAAAABA58400000000000603740
OMDB,RJAA,T7MBS,FA6X,450,20250603,0125,450,CHILA,LSO ,LINSO,0101000020E6100000D1B8AACBED2F5740FCDC33BF58623640,0101000020E6100000AD339D2145705840611B127320FB3640,0101000020E6100000ED3EAEAAAABA58400000000000603740,0102000020E610000003000000D1B8AACBED2F5740FCDC33BF58623640AD339D2145705840611B127320FB3640ED3EAEAAAABA58400000000000603740
VABB,VHHH,CPA696,B77W,330,20250603,1950,330,CHILA,LSO ,LINSO,0101000020E6100000D1B8AACBED2F5740FCDC33BF58623640,0101000020E6100000AD339D2145705840611B127320FB3640,0101000020E6100000ED3EAEAAAABA58400000000000603740,0102000020E610000003000000D1B8AACBED2F5740FCDC33BF58623640AD339D2145705840611B127320FB3640ED3EAEAAAABA58400000000000603740
OMDW,VHHH,UAE9784,B77L,410,20250603,0730,410,CHILA,LSO ,LINSO,0101000020E6100000D1B8AACBED2F5740FCDC33BF58623640,0101000020E6100000AD339D2145705840611B127320FB3640,0101000020E6100000ED3EAEAAAABA58400000000000603740,0102000020E610000003000000D1B8AACBED2F5740FCDC33BF58623640AD339D2145705840611B127320FB3640ED3EAEAAAABA58400000000000603740
VGHS,ZGGG,CSN392,A21N,310,20250603,1747,310,CHILA,LSO ,LINSO,0101000020E6100000D1B8AACBED2F5740FCDC33BF58623640,0101000020E6100000AD339D2145705840611B127320FB3640,0101000020E6100000ED3EAEAAAABA58400000000000603740,0102000020E610000003000000D1B8AACBED2F5740FCDC33BF58623640AD339D2145705840611B127320FB3640ED3EAEAAAABA58400000000000603740
VCBI,RKSI,ALK470,A332,390,20250603,1728,390,CHILA,LSO ,LINSO,0101000020E6100000D1B8AACBED2F5740FCDC33BF58623640,0101000020E6100000AD339D2145705840611B127320FB3640,0101000020E6100000ED3EAEAAAABA58400000000000603740,0102000020E610000003000000D1B8AACBED2F5740FCDC33BF58623640AD339D2145705840611B127320FB3640ED3EAEAAAABA58400000000000603740
VOMM,ZHEC,CSS170,B763,350,20250603,2051,350,CHILA,LSO ,LINSO,0101000020E6100000D1B8AACBED2F5740FCDC33BF58623640,0101000020E6100000AD339D2145705840611B127320FB3640,0101000020E6100000ED3EAEAAAABA58400000000000603740,0102000020E610000003000000D1B8AACBED2F5740FCDC33BF58623640AD339D2145705840611B127320FB3640ED3EAEAAAABA58400000000000603740
OMDB,RPLL,CEB015,A339,370,20250603,2320,370,CHILA,LSO ,LINSO,0101000020E6100000D1B8AACBED2F5740FCDC33BF58623640,0101000020E6100000AD339D2145705840611B127320FB3640,0101000020E6100000ED3EAEAAAABA58400000000000603740,0102000020E610000003000000D1B8AACBED2F5740FCDC33BF58623640AD339D2145705840611B127320FB3640ED3EAEAAAABA58400000000000603740
OTHH,VHHH,QTR8422,B77L,410,20250603,1736,410,CHILA,LSO ,LINSO,0101000020E6100000D1B8AACBED2F5740FCDC33BF58623640,0101000020E6100000AD339D2145705840611B127320FB3640,0101000020E6100000ED3EAEAAAABA58400000000000603740,0102000020E610000003000000D1B8AACBED2F5740FCDC33BF58623640AD339D2145705840611B127320FB3640ED3EAEAAAABA58400000000000603740
OMDW,VHHH,BCS516,B744,410,20250603,2111,410,CHILA,LSO ,LINSO,0101000020E6100000D1B8AACBED2F5740FCDC33BF58623640,0101000020E6100000AD339D2145705840611B127320FB3640,0101000020E6100000ED3EAEAAAABA58400000000000603740,0102000020E610000003000000D1B8AACBED2F5740FCDC33BF58623640AD339D2145705840611B127320FB3640ED3EAEAAAABA58400000000000603740
OMDW,VHHH,MPH9421,B744,370,20250603,2139,370,CHILA,LSO ,LINSO,0101000020E6100000D1B8AACBED2F5740FCDC33BF58623640,0101000020E6100000AD339D2145705840611B127320FB3640,0101000020E6100000ED3EAEAAAABA58400000000000603740,0102000020E610000003000000D1B8AACBED2F5740FCDC33BF58623640AD339D2145705840611B127320FB3640ED3EAEAAAABA58400000000000603740
OMDB,ZLXY,CES706,A332,390,20250603,0018,390,CHILA,LSO ,LINSO,0101000020E6100000D1B8AACBED2F5740FCDC33BF58623640,0101000020E6100000AD339D2145705840611B127320FB3640,0101000020E6100000ED3EAEAAAABA58400000000000603740,0102000020E610000003000000D1B8AACBED2F5740FCDC33BF58623640AD339D2145705840611B127320FB3640ED3EAEAAAABA58400000000000603740
VCBI,ZUCK,CQN2394,A20N,350,20250603,1935,350,CHILA,LSO ,LINSO,0101000020E6100000D1B8AACBED2F5740FCDC33BF58623640,0101000020E6100000AD339D2145705840611B127320FB3640,0101000020E6100000ED3EAEAAAABA58400000000000603740,0102000020E610000003000000D1B8AACBED2F5740FCDC33BF58623640AD339D2145705840611B127320FB3640ED3EAEAAAABA58400000000000603740
OERK,VHHH,SVA962,B77L,360,20250603,0519,360,CHILA,LSO ,LINSO,0101000020E6100000D1B8AACBED2F5740FCDC33BF58623640,0101000020E6100000AD339D2145705840611B127320FB3640,0101000020E6100000ED3EAEAAAABA58400000000000603740,0102000020E610000003000000D1B8AACBED2F5740FCDC33BF58623640AD339D2145705840611B127320FB3640ED3EAEAAAABA58400000000000603740
OTHH,RPLL,QTR928,B77W,350,20250603,0945,350,CHILA,LSO ,LINSO,0101000020E6100000D1B8AACBED2F5740FCDC33BF58623640,0101000020E6100000AD339D2145705840611B127320FB3640,0101000020E6100000ED3EAEAAAABA58400000000000603740,0102000020E610000003000000D1B8AACBED2F5740FCDC33BF58623640AD339D2145705840611B127320FB3640ED3EAEAAAABA58400000000000603740
HTDA,ZGGG,ATC402,B788,390,20250603,1020,390,CHILA,LSO ,LINSO,0101000020E6100000D1B8AACBED2F5740FCDC33BF58623640,0101000020E6100000AD339D2145705840611B127320FB3640,0101000020E6100000ED3EAEAAAABA58400000000000603740,0102000020E610000003000000D1B8AACBED2F5740FCDC33BF58623640AD339D2145705840611B127320FB3640ED3EAEAAAABA58400000000000603740
VGHS,ZHEC,HLF8838,B738,310,20250603,0521,310,CHILA,LSO ,LINSO,0101000020E6100000D1B8AACBED2F5740FCDC33BF58623640,0101000020E6100000AD339D2145705840611B127320FB3640,0101000020E6100000ED3EAEAAAABA58400000000000603740,0102000020E610000003000000D1B8AACBED2F5740FCDC33BF58623640AD339D2145705840611B127320FB3640ED3EAEAAAABA58400000000000603740
VGHS,ZGGG,CYZ250,B752,310,20250603,1012,310,CHILA,LSO ,LINSO,0101000020E6100000D1B8AACBED2F5740FCDC33BF58623640,0101000020E6100000AD339D2145705840611B127320FB3640,0101000020E6100000ED3EAEAAAABA58400000000000603740,0102000020E610000003000000D1B8AACBED2F5740FCDC33BF58623640AD339D2145705840611B127320FB3640ED3EAEAAAABA58400000000000603740
OEPS,ZHCC,CKS9701,B744,390,20250603,0715,390,CHILA,LSO ,LINSO,0101000020E6100000D1B8AACBED2F5740FCDC33BF58623640,0101000020E6100000AD339D2145705840611B127320FB3640,0101000020E6100000ED3EAEAAAABA58400000000000603740,0102000020E610000003000000D1B8AACBED2F5740FCDC33BF58623640AD339D2145705840611B127320FB3640ED3EAEAAAABA58400000000000603740
OMAA,ZHEC,ETD9682,B77L,410,20250603,0647,410,CHILA,LSO ,LINSO,0101000020E6100000D1B8AACBED2F5740FCDC33BF58623640,0101000020E6100000AD339D2145705840611B127320FB3640,0101000020E6100000ED3EAEAAAABA58400000000000603740,0102000020E610000003000000D1B8AACBED2F5740FCDC33BF58623640AD339D2145705840611B127320FB3640ED3EAEAAAABA58400000000000603740
VABB,KSFO,AIC179,B77L,290,20250603,1027,290,CHILA,LSO ,LINSO,0101000020E6100000D1B8AACBED2F5740FCDC33BF58623640,0101000020E6100000AD339D2145705840611B127320FB3640,0101000020E6100000ED3EAEAAAABA58400000000000603740,0102000020E610000003000000D1B8AACBED2F5740FCDC33BF58623640AD339D2145705840611B127320FB3640ED3EAEAAAABA58400000000000603740
OMDW,ZGGG,FDX5384,B77L,350,20250603,1543,350,CHILA,LSO ,LINSO,0101000020E6100000D1B8AACBED2F5740FCDC33BF58623640,0101000020E6100000AD339D2145705840611B127320FB3640,0101000020E6100000ED3EAEAAAABA58400000000000603740,0102000020E610000003000000D1B8AACBED2F5740FCDC33BF58623640AD339D2145705840611B127320FB3640ED3EAEAAAABA58400000000000603740
OMDW,VHHH,UAE9282,B744,410,20250603,0002,410,CHILA,LSO ,LINSO,0101000020E6100000D1B8AACBED2F5740FCDC33BF58623640,0101000020E6100000AD339D2145705840611B127320FB3640,0101000020E6100000ED3EAEAAAABA58400000000000603740,0102000020E610000003000000D1B8AACBED2F5740FCDC33BF58623640AD339D2145705840611B127320FB3640ED3EAEAAAABA58400000000000603740
VABB,RJAA,ANA830,B789,370,20250603,1654,370,CHILA,LSO ,LINSO,0101000020E6100000D1B8AACBED2F5740FCDC33BF58623640,0101000020E6100000AD339D2145705840611B127320FB3640,0101000020E6100000ED3EAEAAAABA58400000000000603740,0102000020E610000003000000D1B8AACBED2F5740FCDC33BF58623640AD339D2145705840611B127320FB3640ED3EAEAAAABA58400000000000603740
OTHH,VHHH,QTR816,B77W,370,20250603,1023,370,CHILA,LSO ,LINSO,0101000020E6100000D1B8AACBED2F5740FCDC33BF58623640,0101000020E6100000AD339D2145705840611B127320FB3640,0101000020E6100000ED3EAEAAAABA58400000000000603740,0102000020E610000003000000D1B8AACBED2F5740FCDC33BF58623640AD339D2145705840611B127320FB3640ED3EAEAAAABA58400000000000603740
OMDW,VHHH,ICV9261,B744,410,20250603,0520,410,CHILA,LSO ,LINSO,0101000020E6100000D1B8AACBED2F5740FCDC33BF58623640,0101000020E6100000AD339D2145705840611B127320FB3640,0101000020E6100000ED3EAEAAAABA58400000000000603740,0102000020E610000003000000D1B8AACBED2F5740FCDC33BF58623640AD339D2145705840611B127320FB3640ED3EAEAAAABA58400000000000603740
OMDW,VHHH,SEB3005,B763,410,20250603,0154,410,CHILA,LSO ,LINSO,0101000020E6100000D1B8AACBED2F5740FCDC33BF58623640,0101000020E6100000AD339D2145705840611B127320FB3640,0101000020E6100000ED3EAEAAAABA58400000000000603740,0102000020E610000003000000D1B8AACBED2F5740FCDC33BF58623640AD339D2145705840611B127320FB3640ED3EAEAAAABA58400000000000603740
OMDB,ZSPD,UAE304,B77W,350,20250603,1024,350,CHILA,LSO ,LINSO,0101000020E6100000D1B8AACBED2F5740FCDC33BF58623640,0101000020E6100000AD339D2145705840611B127320FB3640,0101000020E6100000ED3EAEAAAABA58400000000000603740,0102000020E610000003000000D1B8AACBED2F5740FCDC33BF58623640AD339D2145705840611B127320FB3640ED3EAEAAAABA58400000000000603740
HAAB,ZHEC,ETH3490,B77L,410,20250603,1602,410,CHILA,LSO ,LINSO,0101000020E6100000D1B8AACBED2F5740FCDC33BF58623640,0101000020E6100000AD339D2145705840611B127320FB3640,0101000020E6100000ED3EAEAAAABA58400000000000603740,0102000020E610000003000000D1B8AACBED2F5740FCDC33BF58623640AD339D2145705840611B127320FB3640ED3EAEAAAABA58400000000000603740
VOBL,VHHH,CPA624,A359,390,20250603,2227,390,CHILA,LSO ,LINSO,0101000020E6100000D1B8AACBED2F5740FCDC33BF58623640,0101000020E6100000AD339D2145705840611B127320FB3640,0101000020E6100000ED3EAEAAAABA58400000000000603740,0102000020E610000003000000D1B8AACBED2F5740FCDC33BF58623640AD339D2145705840611B127320FB3640ED3EAEAAAABA58400000000000603740
OMAD,ZBAA,VPCFR,GA7C,410,20250603,1959,410,CHILA,LSO ,LINSO,0101000020E6100000D1B8AACBED2F5740FCDC33BF58623640,0101000020E6100000AD339D2145705840611B127320FB3640,0101000020E6100000ED3EAEAAAABA58400000000000603740,0102000020E610000003000000D1B8AACBED2F5740FCDC33BF58623640AD339D2145705840611B127320FB3640ED3EAEAAAABA58400000000000603740
VOMM,ZUUU,CSS238,B763,370,20250603,0930,370,CHILA,LSO ,LINSO,0101000020E6100000D1B8AACBED2F5740FCDC33BF58623640,0101000020E6100000AD339D2145705840611B127320FB3640,0101000020E6100000ED3EAEAAAABA58400000000000603740,0102000020E610000003000000D1B8AACBED2F5740FCDC33BF58623640AD339D2145705840611B127320FB3640ED3EAEAAAABA58400000000000603740
OMDB,ZGGG,CSN384,A333,390,20250603,0154,390,CHILA,LSO ,LINSO,0101000020E6100000D1B8AACBED2F5740FCDC33BF58623640,0101000020E6100000AD339D2145705840611B127320FB3640,0101000020E6100000ED3EAEAAAABA58400000000000603740,0102000020E610000003000000D1B8AACBED2F5740FCDC33BF58623640AD339D2145705840611B127320FB3640ED3EAEAAAABA58400000000000603740
VABB,VHHH,CPA660,B77W,350,20250603,2324,350,CHILA,LSO ,LINSO,0101000020E6100000D1B8AACBED2F5740FCDC33BF58623640,0101000020E6100000AD339D2145705840611B127320FB3640,0101000020E6100000ED3EAEAAAABA58400000000000603740,0102000020E610000003000000D1B8AACBED2F5740FCDC33BF58623640AD339D2145705840611B127320FB3640ED3EAEAAAABA58400000000000603740
OMDB,ZSPD,CES246,A333,350,20250603,2142,350,CHILA,LSO ,LINSO,0101000020E6100000D1B8AACBED2F5740FCDC33BF58623640,0101000020E6100000AD339D2145705840611B127320FB3640,0101000020E6100000ED3EAEAAAABA58400000000000603740,0102000020E610000003000000D1B8AACBED2F5740FCDC33BF58623640AD339D2145705840611B127320FB3640ED3EAEAAAABA58400000000000603740
OTHH,VHHH,QTR8066,B77L,370,20250603,1557,370,CHILA,LSO ,LINSO,0101000020E6100000D1B8AACBED2F5740FCDC33BF58623640,0101000020E6100000AD339D2145705840611B127320FB3640,0101000020E6100000ED3EAEAAAABA58400000000000603740,0102000020E610000003000000D1B8AACBED2F5740FCDC33BF58623640AD339D2145705840611B127320FB3640ED3EAEAAAABA58400000000000603740
OMDB,VHHH,BOX514,B77L,390,20250603,1620,390,CHILA,LSO ,LINSO,0101000020E6100000D1B8AACBED2F5740FCDC33BF58623640,0101000020E6100000AD339D2145705840611B127320FB3640,0101000020E6100000ED3EAEAAAABA58400000000000603740,0102000020E610000003000000D1B8AACBED2F5740FCDC33BF58623640AD339D2145705840611B127320FB3640ED3EAEAAAABA58400000000000603740
VGHS,ZGGG,UBG325,B738,310,20250603,1704,310,CHILA,LSO ,LINSO,0101000020E6100000D1B8AACBED2F5740FCDC33BF58623640,0101000020E6100000AD339D2145705840611B127320FB3640,0101000020E6100000ED3EAEAAAABA58400000000000603740,0102000020E610000003000000D1B8AACBED2F5740FCDC33BF58623640AD339D2145705840611B127320FB3640ED3EAEAAAABA58400000000000603740
OTHH,RJTT,JAL50,B789,390,20250603,0921,390,CHILA,LSO ,LINSO,0101000020E6100000D1B8AACBED2F5740FCDC33BF58623640,0101000020E6100000AD339D2145705840611B127320FB3640,0101000020E6100000ED3EAEAAAABA58400000000000603740,0102000020E610000003000000D1B8AACBED2F5740FCDC33BF58623640AD339D2145705840611B127320FB3640ED3EAEAAAABA58400000000000603740
OTHH,VHHH,QTR8340,B77L,410,20250603,0922,410,CHILA,LSO ,LINSO,0101000020E6100000D1B8AACBED2F5740FCDC33BF58623640,0101000020E6100000AD339D2145705840611B127320FB3640,0101000020E6100000ED3EAEAAAABA58400000000000603740,0102000020E610000003000000D1B8AACBED2F5740FCDC33BF58623640AD339D2145705840611B127320FB3640ED3EAEAAAABA58400000000000603740
VGHS,ZPPP,CES2036,B738,310,20250603,0908,310,CHILA,LSO ,LINSO,0101000020E6100000D1B8AACBED2F5740FCDC33BF58623640,0101000020E6100000AD339D2145705840611B127320FB3640,0101000020E6100000ED3EAEAAAABA58400000000000603740,0102000020E610000003000000D1B8AACBED2F5740FCDC33BF58623640AD339D2145705840611B127320FB3640ED3EAEAAAABA58400000000000603740
HAAB,VHHH,ETH3446,B77L,410,20250603,1038,410,CHILA,LSO ,LINSO,0101000020E6100000D1B8AACBED2F5740FCDC33BF58623640,0101000020E6100000AD339D2145705840611B127320FB3640,0101000020E6100000ED3EAEAAAABA58400000000000603740,0102000020E610000003000000D1B8AACBED2F5740FCDC33BF58623640AD339D2145705840611B127320FB3640ED3EAEAAAABA58400000000000603740
OMDB,RPLL,UAE332,B77W,350,20250603,0402,350,ANSOS,LSO ,LINSO,0101000020E6100000CBDFD640A75D574008AC1C5A64733740,0101000020E6100000AD339D2145705840611B127320FB3640,0101000020E6100000ED3EAEAAAABA58400000000000603740,0102000020E610000003000000CBDFD640A75D574008AC1C5A64733740AD339D2145705840611B127320FB3640ED3EAEAAAABA58400000000000603740
OBBI,ZGGG,GFA122,B789,390,20250603,0101,390,CHILA,LSO ,LINSO,0101000020E6100000D1B8AACBED2F5740FCDC33BF58623640,0101000020E6100000AD339D2145705840611B127320FB3640,0101000020E6100000ED3EAEAAAABA58400000000000603740,0102000020E610000003000000D1B8AACBED2F5740FCDC33BF58623640AD339D2145705840611B127320FB3640ED3EAEAAAABA58400000000000603740
OMDB,VHHH,UAE382,B77W,350,20250603,0412,350,CHILA,LSO ,LINSO,0101000020E6100000D1B8AACBED2F5740FCDC33BF58623640,0101000020E6100000AD339D2145705840611B127320FB3640,0101000020E6100000ED3EAEAAAABA58400000000000603740,0102000020E610000003000000D1B8AACBED2F5740FCDC33BF58623640AD339D2145705840611B127320FB3640ED3EAEAAAABA58400000000000603740
VRMM,ZUTF,DQA340,A332,390,20250603,2307,390,CHILA,LSO ,LINSO,0101000020E6100000D1B8AACBED2F5740FCDC33BF58623640,0101000020E6100000AD339D2145705840611B127320FB3640,0101000020E6100000ED3EAEAAAABA58400000000000603740,0102000020E610000003000000D1B8AACBED2F5740FCDC33BF58623640AD339D2145705840611B127320FB3640ED3EAEAAAABA58400000000000603740
OMDW,VHHH,UAE9790,B744,410,20250603,0220,410,CHILA,LSO ,LINSO,0101000020E6100000D1B8AACBED2F5740FCDC33BF58623640,0101000020E6100000AD339D2145705840611B127320FB3640,0101000020E6100000ED3EAEAAAABA58400000000000603740,0102000020E610000003000000D1B8AACBED2F5740FCDC33BF58623640AD339D2145705840611B127320FB3640ED3EAEAAAABA58400000000000603740
OMDW,VHHH,UAE9780,B744,410,20250603,2353,410,CHILA,LSO ,LINSO,0101000020E6100000D1B8AACBED2F5740FCDC33BF58623640,0101000020E6100000AD339D2145705840611B127320FB3640,0101000020E6100000ED3EAEAAAABA58400000000000603740,0102000020E610000003000000D1B8AACBED2F5740FCDC33BF58623640AD339D2145705840611B127320FB3640ED3EAEAAAABA58400000000000603740
LSZH,VHHH,SWR138,B77W,370,20250603,0553,370,ANSOS,LSO ,LINSO,0101000020E6100000CBDFD640A75D574008AC1C5A64733740,0101000020E6100000AD339D2145705840611B127320FB3640,0101000020E6100000ED3EAEAAAABA58400000000000603740,0102000020E610000003000000CBDFD640A75D574008AC1C5A64733740AD339D2145705840611B127320FB3640ED3EAEAAAABA58400000000000603740
OTHH,ZSHC,QTR890,A359,410,20250603,0435,410,CHILA,LSO ,LINSO,0101000020E6100000D1B8AACBED2F5740FCDC33BF58623640,0101000020E6100000AD339D2145705840611B127320FB3640,0101000020E6100000ED3EAEAAAABA58400000000000603740,0102000020E610000003000000D1B8AACBED2F5740FCDC33BF58623640AD339D2145705840611B127320FB3640ED3EAEAAAABA58400000000000603740
EDDF,RCTP,CAL062,A359,390,20250603,1808,390,ANSOS,LSO ,LINSO,0101000020E6100000CBDFD640A75D574008AC1C5A64733740,0101000020E6100000AD339D2145705840611B127320FB3640,0101000020E6100000ED3EAEAAAABA58400000000000603740,0102000020E610000003000000CBDFD640A75D574008AC1C5A64733740AD339D2145705840611B127320FB3640ED3EAEAAAABA58400000000000603740
OKKK,ZGGG,KAC419,A338,390,20250603,1425,390,ANSOS,LSO ,LINSO,0101000020E6100000CBDFD640A75D574008AC1C5A64733740,0101000020E6100000AD339D2145705840611B127320FB3640,0101000020E6100000ED3EAEAAAABA58400000000000603740,0102000020E610000003000000CBDFD640A75D574008AC1C5A64733740AD339D2145705840611B127320FB3640ED3EAEAAAABA58400000000000603740
LTFM,RPLL,THY84,B77W,350,20250603,0630,350,ANSOS,LSO ,LINSO,0101000020E6100000CBDFD640A75D574008AC1C5A64733740,0101000020E6100000AD339D2145705840611B127320FB3640,0101000020E6100000ED3EAEAAAABA58400000000000603740,0102000020E610000003000000CBDFD640A75D574008AC1C5A64733740AD339D2145705840611B127320FB3640ED3EAEAAAABA58400000000000603740
VIDP,RKSI,KAL498,A333,370,20250603,1534,370,ANSOS,LSO ,LINSO,0101000020E6100000CBDFD640A75D574008AC1C5A64733740,0101000020E6100000AD339D2145705840611B127320FB3640,0101000020E6100000ED3EAEAAAABA58400000000000603740,0102000020E610000003000000CBDFD640A75D574008AC1C5A64733740AD339D2145705840611B127320FB3640ED3EAEAAAABA58400000000000603740
OMDW,VHHH,CLX9932,B748,390,20250603,2114,390,CHILA,LSO ,LINSO,0101000020E6100000D1B8AACBED2F5740FCDC33BF58623640,0101000020E6100000AD339D2145705840611B127320FB3640,0101000020E6100000ED3EAEAAAABA58400000000000603740,0102000020E610000003000000D1B8AACBED2F5740FCDC33BF58623640AD339D2145705840611B127320FB3640ED3EAEAAAABA58400000000000603740
VNKT,RJAA,RNA433,A332,390,20250603,1853,390,ANSOS,LSO ,LINSO,0101000020E6100000CBDFD640A75D574008AC1C5A64733740,0101000020E6100000AD339D2145705840611B127320FB3640,0101000020E6100000ED3EAEAAAABA58400000000000603740,0102000020E610000003000000CBDFD640A75D574008AC1C5A64733740AD339D2145705840611B127320FB3640ED3EAEAAAABA58400000000000603740
EGLL,RCTP,CAL082,A359,410,20250603,0531,410,ANSOS,LSO ,LINSO,0101000020E6100000CBDFD640A75D574008AC1C5A64733740,0101000020E6100000AD339D2145705840611B127320FB3640,0101000020E6100000ED3EAEAAAABA58400000000000603740,0102000020E610000003000000CBDFD640A75D574008AC1C5A64733740AD339D2145705840611B127320FB3640ED3EAEAAAABA58400000000000603740
VIDP,RJTT,AIC358,B788,390,20250603,1719,390,ANSOS,LSO ,LINSO,0101000020E6100000CBDFD640A75D574008AC1C5A64733740,0101000020E6100000AD339D2145705840611B127320FB3640,0101000020E6100000ED3EAEAAAABA58400000000000603740,0102000020E610000003000000CBDFD640A75D574008AC1C5A64733740AD339D2145705840611B127320FB3640ED3EAEAAAABA58400000000000603740
VIDP,VHHH,BCS544,A332,410,20250603,1557,410,ANSOS,LSO ,LINSO,0101000020E6100000CBDFD640A75D574008AC1C5A64733740,0101000020E6100000AD339D2145705840611B127320FB3640,0101000020E6100000ED3EAEAAAABA58400000000000603740,0102000020E610000003000000CBDFD640A75D574008AC1C5A64733740AD339D2145705840611B127320FB3640ED3EAEAAAABA58400000000000603740
OMDW,VHHH,RCR3350,B744,370,20250603,1736,370,CHILA,LSO ,LINSO,0101000020E6100000D1B8AACBED2F5740FCDC33BF58623640,0101000020E6100000AD339D2145705840611B127320FB3640,0101000020E6100000ED3EAEAAAABA58400000000000603740,0102000020E610000003000000D1B8AACBED2F5740FCDC33BF58623640AD339D2145705840611B127320FB3640ED3EAEAAAABA58400000000000603740
EBLG,RCTP,ABD023P,B744,370,20250603,0117,370,CHILA,LSO ,LINSO,0101000020E6100000D1B8AACBED2F5740FCDC33BF58623640,0101000020E6100000AD339D2145705840611B127320FB3640,0101000020E6100000ED3EAEAAAABA58400000000000603740,0102000020E610000003000000D1B8AACBED2F5740FCDC33BF58623640AD339D2145705840611B127320FB3640ED3EAEAAAABA58400000000000603740
VIDP,CYVR,AIC185,B77W,310,20250603,0210,310,ANSOS,LSO ,LINSO,0101000020E6100000CBDFD640A75D574008AC1C5A64733740,0101000020E6100000AD339D2145705840611B127320FB3640,0101000020E6100000ED3EAEAAAABA58400000000000603740,0102000020E610000003000000CBDFD640A75D574008AC1C5A64733740AD339D2145705840611B127320FB3640ED3EAEAAAABA58400000000000603740
OMDB,ZPPP,CES756,B789,350,20250603,2112,350,CHILA,LSO ,LINSO,0101000020E6100000D1B8AACBED2F5740FCDC33BF58623640,0101000020E6100000AD339D2145705840611B127320FB3640,0101000020E6100000ED3EAEAAAABA58400000000000603740,0102000020E610000003000000D1B8AACBED2F5740FCDC33BF58623640AD339D2145705840611B127320FB3640ED3EAEAAAABA58400000000000603740
OERK,ZSPD,CES270,A332,350,20250603,0002,350,CHILA,LSO ,LINSO,0101000020E6100000D1B8AACBED2F5740FCDC33BF58623640,0101000020E6100000AD339D2145705840611B127320FB3640,0101000020E6100000ED3EAEAAAABA58400000000000603740,0102000020E610000003000000D1B8AACBED2F5740FCDC33BF58623640AD339D2145705840611B127320FB3640ED3EAEAAAABA58400000000000603740
VGHS,VHHH,CPA662,A333,330,20250603,2124,330,CHILA,LSO ,LINSO,0101000020E6100000D1B8AACBED2F5740FCDC33BF58623640,0101000020E6100000AD339D2145705840611B127320FB3640,0101000020E6100000ED3EAEAAAABA58400000000000603740,0102000020E610000003000000D1B8AACBED2F5740FCDC33BF58623640AD339D2145705840611B127320FB3640ED3EAEAAAABA58400000000000603740
OTHH,VMMC,QTR8915,B77L,410,20250603,1001,410,CHILA,LSO ,LINSO,0101000020E6100000D1B8AACBED2F5740FCDC33BF58623640,0101000020E6100000AD339D2145705840611B127320FB3640,0101000020E6100000ED3EAEAAAABA58400000000000603740,0102000020E610000003000000D1B8AACBED2F5740FCDC33BF58623640AD339D2145705840611B127320FB3640ED3EAEAAAABA58400000000000603740
OMDB,ZSPD,UPS10,B748,390,20250603,1537,390,CHILA,LSO ,LINSO,0101000020E6100000D1B8AACBED2F5740FCDC33BF58623640,0101000020E6100000AD339D2145705840611B127320FB3640,0101000020E6100000ED3EAEAAAABA58400000000000603740,0102000020E610000003000000D1B8AACBED2F5740FCDC33BF58623640AD339D2145705840611B127320FB3640ED3EAEAAAABA58400000000000603740
OMDB,RPLL,UAE334,B77W,330,20250603,0959,330,CHILA,LSO ,LINSO,0101000020E6100000D1B8AACBED2F5740FCDC33BF58623640,0101000020E6100000AD339D2145705840611B127320FB3640,0101000020E6100000ED3EAEAAAABA58400000000000603740,0102000020E610000003000000D1B8AACBED2F5740FCDC33BF58623640AD339D2145705840611B127320FB3640ED3EAEAAAABA58400000000000603740
OTHH,ZSAM,CXA832,B788,390,20250603,1030,390,CHILA,LSO ,LINSO,0101000020E6100000D1B8AACBED2F5740FCDC33BF58623640,0101000020E6100000AD339D2145705840611B127320FB3640,0101000020E6100000ED3EAEAAAABA58400000000000603740,0102000020E610000003000000D1B8AACBED2F5740FCDC33BF58623640AD339D2145705840611B127320FB3640ED3EAEAAAABA58400000000000603740
OMDW,ZGSZ,THY6158,A332,410,20250603,1459,410,CHILA,LSO ,LINSO,0101000020E6100000D1B8AACBED2F5740FCDC33BF58623640,0101000020E6100000AD339D2145705840611B127320FB3640,0101000020E6100000ED3EAEAAAABA58400000000000603740,0102000020E610000003000000D1B8AACBED2F5740FCDC33BF58623640AD339D2145705840611B127320FB3640ED3EAEAAAABA58400000000000603740
OTHH,ZGSZ,QTR8004,B77L,410,20250603,1527,410,CHILA,LSO ,LINSO,0101000020E6100000D1B8AACBED2F5740FCDC33BF58623640,0101000020E6100000AD339D2145705840611B127320FB3640,0101000020E6100000ED3EAEAAAABA58400000000000603740,0102000020E610000003000000D1B8AACBED2F5740FCDC33BF58623640AD339D2145705840611B127320FB3640ED3EAEAAAABA58400000000000603740
OMDB,VHHH,UAE380,A388,370,20250603,1042,370,CHILA,LSO ,LINSO,0101000020E6100000D1B8AACBED2F5740FCDC33BF58623640,0101000020E6100000AD339D2145705840611B127320FB3640,0101000020E6100000ED3EAEAAAABA58400000000000603740,0102000020E610000003000000D1B8AACBED2F5740FCDC33BF58623640AD339D2145705840611B127320FB3640ED3EAEAAAABA58400000000000603740
OMDW,ZSPD,UAE9874,B77L,410,20250603,1448,410,CHILA,LSO ,LINSO,0101000020E6100000D1B8AACBED2F5740FCDC33BF58623640,0101000020E6100000AD339D2145705840611B127320FB3640,0101000020E6100000ED3EAEAAAABA58400000000000603740,0102000020E610000003000000D1B8AACBED2F5740FCDC33BF58623640AD339D2145705840611B127320FB3640ED3EAEAAAABA58400000000000603740
VRMM,ZUTF,CSC3924,A21N,310,20250603,1920,310,CHILA,LSO ,LINSO,0101000020E6100000D1B8AACBED2F5740FCDC33BF58623640,0101000020E6100000AD339D2145705840611B127320FB3640,0101000020E6100000ED3EAEAAAABA58400000000000603740,0102000020E610000003000000D1B8AACBED2F5740FCDC33BF58623640AD339D2145705840611B127320FB3640ED3EAEAAAABA58400000000000603740
VECC,ZHEC,IGO8551,A321,330,20250603,0330,330,CHILA,LSO ,LINSO,0101000020E6100000D1B8AACBED2F5740FCDC33BF58623640,0101000020E6100000AD339D2145705840611B127320FB3640,0101000020E6100000ED3EAEAAAABA58400000000000603740,0102000020E610000003000000D1B8AACBED2F5740FCDC33BF58623640AD339D2145705840611B127320FB3640ED3EAEAAAABA58400000000000603740
VGHS,ZBAA,CCA702,B38M,330,20250603,1646,330,CHILA,LSO ,LINSO,0101000020E6100000D1B8AACBED2F5740FCDC33BF58623640,0101000020E6100000AD339D2145705840611B127320FB3640,0101000020E6100000ED3EAEAAAABA58400000000000603740,0102000020E610000003000000D1B8AACBED2F5740FCDC33BF58623640AD339D2145705840611B127320FB3640ED3EAEAAAABA58400000000000603740
OTHH,ZGSZ,QTR8028,B77L,390,20250603,1425,390,CHILA,LSO ,LINSO,0101000020E6100000D1B8AACBED2F5740FCDC33BF58623640,0101000020E6100000AD339D2145705840611B127320FB3640,0101000020E6100000ED3EAEAAAABA58400000000000603740,0102000020E610000003000000D1B8AACBED2F5740FCDC33BF58623640AD339D2145705840611B127320FB3640ED3EAEAAAABA58400000000000603740
OMDW,ZGGG,MNB1921,A333,410,20250603,1422,410,CHILA,LSO ,LINSO,0101000020E6100000D1B8AACBED2F5740FCDC33BF58623640,0101000020E6100000AD339D2145705840611B127320FB3640,0101000020E6100000ED3EAEAAAABA58400000000000603740,0102000020E610000003000000D1B8AACBED2F5740FCDC33BF58623640AD339D2145705840611B127320FB3640ED3EAEAAAABA58400000000000603740
OMAA,VHHH,ETD925,B77L,390,20250603,2016,390,CHILA,LSO ,LINSO,0101000020E6100000D1B8AACBED2F5740FCDC33BF58623640,0101000020E6100000AD339D2145705840611B127320FB3640,0101000020E6100000ED3EAEAAAABA58400000000000603740,0102000020E610000003000000D1B8AACBED2F5740FCDC33BF58623640AD339D2145705840611B127320FB3640ED3EAEAAAABA58400000000000603740
OERK,ZGGG,SVA884,B789,390,20250603,0221,390,CHILA,LSO ,LINSO,0101000020E6100000D1B8AACBED2F5740FCDC33BF58623640,0101000020E6100000AD339D2145705840611B127320FB3640,0101000020E6100000ED3EAEAAAABA58400000000000603740,0102000020E610000003000000D1B8AACBED2F5740FCDC33BF58623640AD339D2145705840611B127320FB3640ED3EAEAAAABA58400000000000603740
VABB,ZUTF,CSC9648,A333,390,20250603,1119,390,CHILA,LSO ,LINSO,0101000020E6100000D1B8AACBED2F5740FCDC33BF58623640,0101000020E6100000AD339D2145705840611B127320FB3640,0101000020E6100000ED3EAEAAAABA58400000000000603740,0102000020E610000003000000D1B8AACBED2F5740FCDC33BF58623640AD339D2145705840611B127320FB3640ED3EAEAAAABA58400000000000603740
OMDW,VHHH,UAE9446,B77L,390,20250603,1416,390,CHILA,LSO ,LINSO,0101000020E6100000D1B8AACBED2F5740FCDC33BF58623640,0101000020E6100000AD339D2145705840611B127320FB3640,0101000020E6100000ED3EAEAAAABA58400000000000603740,0102000020E610000003000000D1B8AACBED2F5740FCDC33BF58623640AD339D2145705840611B127320FB3640ED3EAEAAAABA58400000000000603740
OMDB,ZJHK,CHH736,A333,390,20250603,1357,390,CHILA,LSO ,LINSO,0101000020E6100000D1B8AACBED2F5740FCDC33BF58623640,0101000020E6100000AD339D2145705840611B127320FB3640,0101000020E6100000ED3EAEAAAABA58400000000000603740,0102000020E610000003000000D1B8AACBED2F5740FCDC33BF58623640AD339D2145705840611B127320FB3640ED3EAEAAAABA58400000000000603740
OMDB,ZGGG,UAE362,B77W,350,20250603,1059,350,CHILA,LSO ,LINSO,0101000020E6100000D1B8AACBED2F5740FCDC33BF58623640,0101000020E6100000AD339D2145705840611B127320FB3640,0101000020E6100000ED3EAEAAAABA58400000000000603740,0102000020E610000003000000D1B8AACBED2F5740FCDC33BF58623640AD339D2145705840611B127320FB3640ED3EAEAAAABA58400000000000603740
LFPG,VVTS,HVN10,A359,410,20250603,1913,410,TEBOV,BGO ,LUDVI,0101000020E6100000A86E0DF0CDFF564072180E7CF36A3440,0101000020E610000083C0CAA14521584001C203DA88513140,0101000020E61000002072E1DDDDA55840AF1CE757EFF52E40,0102000020E610000003000000A86E0DF0CDFF564072180E7CF36A344083C0CAA14521584001C203DA885131402072E1DDDDA55840AF1CE757EFF52E40
VGHS,VTBS,BBC388,B738,330,20250603,0556,330,AVLED,BGO ,LUDVI,0101000020E61000000FD57356341657407B14AE47E1AA3540,0101000020E610000083C0CAA14521584001C203DA88513140,0101000020E61000002072E1DDDDA55840AF1CE757EFF52E40,0102000020E6100000030000000FD57356341657407B14AE47E1AA354083C0CAA14521584001C203DA885131402072E1DDDDA55840AF1CE757EFF52E40
VIAR,VTBD,TLM215,B738,350,20250603,2202,350,TEBOV,BGO ,LUDVI,0101000020E6100000A86E0DF0CDFF564072180E7CF36A3440,0101000020E610000083C0CAA14521584001C203DA88513140,0101000020E61000002072E1DDDDA55840AF1CE757EFF52E40,0102000020E610000003000000A86E0DF0CDFF564072180E7CF36A344083C0CAA14521584001C203DA885131402072E1DDDDA55840AF1CE757EFF52E40
EDDF,VTBS,THA923,B77W,390,20250603,0323,390,TEBOV,BGO ,LUDVI,0101000020E6100000A86E0DF0CDFF564072180E7CF36A3440,0101000020E610000083C0CAA14521584001C203DA88513140,0101000020E61000002072E1DDDDA55840AF1CE757EFF52E40,0102000020E610000003000000A86E0DF0CDFF564072180E7CF36A344083C0CAA14521584001C203DA885131402072E1DDDDA55840AF1CE757EFF52E40
VNKT,VTBD,TLM221,B738,330,20250603,1058,330,AVLED,BGO ,LUDVI,0101000020E61000000FD57356341657407B14AE47E1AA3540,0101000020E610000083C0CAA14521584001C203DA88513140,0101000020E61000002072E1DDDDA55840AF1CE757EFF52E40,0102000020E6100000030000000FD57356341657407B14AE47E1AA354083C0CAA14521584001C203DA885131402072E1DDDDA55840AF1CE757EFF52E40
LTFM,VTBS,THY68,A333,370,20250603,0601,370,TEBOV,BGO ,LUDVI,0101000020E6100000A86E0DF0CDFF564072180E7CF36A3440,0101000020E610000083C0CAA14521584001C203DA88513140,0101000020E61000002072E1DDDDA55840AF1CE757EFF52E40,0102000020E610000003000000A86E0DF0CDFF564072180E7CF36A344083C0CAA14521584001C203DA885131402072E1DDDDA55840AF1CE757EFF52E40
OMDB,VTBS,UAE384,A388,410,20250603,0334,410,TEBOV,BGO ,LUDVI,0101000020E6100000A86E0DF0CDFF564072180E7CF36A3440,0101000020E610000083C0CAA14521584001C203DA88513140,0101000020E61000002072E1DDDDA55840AF1CE757EFF52E40,0102000020E610000003000000A86E0DF0CDFF564072180E7CF36A344083C0CAA14521584001C203DA885131402072E1DDDDA55840AF1CE757EFF52E40
VGHS,VTBS,THA322,A320,310,20250603,0813,310,AVLED,BGO ,LUDVI,0101000020E61000000FD57356341657407B14AE47E1AA3540,0101000020E610000083C0CAA14521584001C203DA88513140,0101000020E61000002072E1DDDDA55840AF1CE757EFF52E40,0102000020E6100000030000000FD57356341657407B14AE47E1AA354083C0CAA14521584001C203DA885131402072E1DDDDA55840AF1CE757EFF52E40
VGHS,VTBS,UBG217,B738,310,20250603,0439,310,AVLED,BGO ,LUDVI,0101000020E61000000FD57356341657407B14AE47E1AA3540,0101000020E610000083C0CAA14521584001C203DA88513140,0101000020E61000002072E1DDDDA55840AF1CE757EFF52E40,0102000020E6100000030000000FD57356341657407B14AE47E1AA354083C0CAA14521584001C203DA885131402072E1DDDDA55840AF1CE757EFF52E40
EKCH,VTBS,THA951,B77W,390,20250603,2119,390,TEBOV,BGO ,LUDVI,0101000020E6100000A86E0DF0CDFF564072180E7CF36A3440,0101000020E610000083C0CAA14521584001C203DA88513140,0101000020E61000002072E1DDDDA55840AF1CE757EFF52E40,0102000020E610000003000000A86E0DF0CDFF564072180E7CF36A344083C0CAA14521584001C203DA885131402072E1DDDDA55840AF1CE757EFF52E40
EGLL,VTBS,EVA068,B77W,330,20250603,0604,330,TEBOV,BGO ,LUDVI,0101000020E6100000A86E0DF0CDFF564072180E7CF36A3440,0101000020E610000083C0CAA14521584001C203DA88513140,0101000020E61000002072E1DDDDA55840AF1CE757EFF52E40,0102000020E610000003000000A86E0DF0CDFF564072180E7CF36A344083C0CAA14521584001C203DA885131402072E1DDDDA55840AF1CE757EFF52E40
OMAA,VTBS,ETD400,B789,390,20250603,1519,390,TEBOV,BGO ,LUDVI,0101000020E6100000A86E0DF0CDFF564072180E7CF36A3440,0101000020E610000083C0CAA14521584001C203DA88513140,0101000020E61000002072E1DDDDA55840AF1CE757EFF52E40,0102000020E610000003000000A86E0DF0CDFF564072180E7CF36A344083C0CAA14521584001C203DA885131402072E1DDDDA55840AF1CE757EFF52E40
LFPG,VTBS,THA931,B77W,370,20250603,2124,370,TEBOV,BGO ,LUDVI,0101000020E6100000A86E0DF0CDFF564072180E7CF36A3440,0101000020E610000083C0CAA14521584001C203DA88513140,0101000020E61000002072E1DDDDA55840AF1CE757EFF52E40,0102000020E610000003000000A86E0DF0CDFF564072180E7CF36A344083C0CAA14521584001C203DA885131402072E1DDDDA55840AF1CE757EFF52E40
LTFM,VTBS,THY64,A333,390,20250603,0036,390,TEBOV,BGO ,LUDVI,0101000020E6100000A86E0DF0CDFF564072180E7CF36A3440,0101000020E610000083C0CAA14521584001C203DA88513140,0101000020E61000002072E1DDDDA55840AF1CE757EFF52E40,0102000020E610000003000000A86E0DF0CDFF564072180E7CF36A344083C0CAA14521584001C203DA885131402072E1DDDDA55840AF1CE757EFF52E40
OKKK,VTBS,KAC413,B77W,370,20250603,1654,370,TEBOV,BGO ,LUDVI,0101000020E6100000A86E0DF0CDFF564072180E7CF36A3440,0101000020E610000083C0CAA14521584001C203DA88513140,0101000020E61000002072E1DDDDA55840AF1CE757EFF52E40,0102000020E610000003000000A86E0DF0CDFF564072180E7CF36A344083C0CAA14521584001C203DA885131402072E1DDDDA55840AF1CE757EFF52E40
VIDP,VDPP,KHV761,A320,330,20250603,2128,330,TEBOV,BGO ,LUDVI,0101000020E6100000A86E0DF0CDFF564072180E7CF36A3440,0101000020E610000083C0CAA14521584001C203DA88513140,0101000020E61000002072E1DDDDA55840AF1CE757EFF52E40,0102000020E610000003000000A86E0DF0CDFF564072180E7CF36A344083C0CAA14521584001C203DA885131402072E1DDDDA55840AF1CE757EFF52E40
VNKT,VTBS,THA320,B772,340,20250603,0859,340,AVLED,BGO ,LUDVI,0101000020E61000000FD57356341657407B14AE47E1AA3540,0101000020E610000083C0CAA14521584001C203DA88513140,0101000020E61000002072E1DDDDA55840AF1CE757EFF52E40,0102000020E6100000030000000FD57356341657407B14AE47E1AA354083C0CAA14521584001C203DA885131402072E1DDDDA55840AF1CE757EFF52E40
VIDP,VVTS,HVN976,B789,370,20250603,2024,370,TEBOV,BGO ,LUDVI,0101000020E6100000A86E0DF0CDFF564072180E7CF36A3440,0101000020E610000083C0CAA14521584001C203DA88513140,0101000020E61000002072E1DDDDA55840AF1CE757EFF52E40,0102000020E610000003000000A86E0DF0CDFF564072180E7CF36A344083C0CAA14521584001C203DA885131402072E1DDDDA55840AF1CE757EFF52E40
VILK,VTBS,AXB106,B38M,350,20250603,0556,350,TEBOV,BGO ,LUDVI,0101000020E6100000A86E0DF0CDFF564072180E7CF36A3440,0101000020E610000083C0CAA14521584001C203DA88513140,0101000020E61000002072E1DDDDA55840AF1CE757EFF52E40,0102000020E610000003000000A86E0DF0CDFF564072180E7CF36A344083C0CAA14521584001C203DA885131402072E1DDDDA55840AF1CE757EFF52E40
EGLL,VTBS,THA917,B77W,390,20250603,0550,390,TEBOV,BGO ,LUDVI,0101000020E6100000A86E0DF0CDFF564072180E7CF36A3440,0101000020E610000083C0CAA14521584001C203DA88513140,0101000020E61000002072E1DDDDA55840AF1CE757EFF52E40,0102000020E610000003000000A86E0DF0CDFF564072180E7CF36A344083C0CAA14521584001C203DA885131402072E1DDDDA55840AF1CE757EFF52E40
VEBD,VTBS,DRK152,A319,370,20250603,0930,370,AVLED,BGO ,LUDVI,0101000020E61000000FD57356341657407B14AE47E1AA3540,0101000020E610000083C0CAA14521584001C203DA88513140,0101000020E61000002072E1DDDDA55840AF1CE757EFF52E40,0102000020E6100000030000000FD57356341657407B14AE47E1AA354083C0CAA14521584001C203DA885131402072E1DDDDA55840AF1CE757EFF52E40
VGHS,VTBS,THA340,B772,290,20250603,2136,290,AVLED,BGO ,LUDVI,0101000020E61000000FD57356341657407B14AE47E1AA3540,0101000020E610000083C0CAA14521584001C203DA88513140,0101000020E61000002072E1DDDDA55840AF1CE757EFF52E40,0102000020E6100000030000000FD57356341657407B14AE47E1AA354083C0CAA14521584001C203DA885131402072E1DDDDA55840AF1CE757EFF52E40
VNKT,VTBS,THA310,A320,310,20250603,1941,310,AVLED,BGO ,LUDVI,0101000020E61000000FD57356341657407B14AE47E1AA3540,0101000020E610000083C0CAA14521584001C203DA88513140,0101000020E61000002072E1DDDDA55840AF1CE757EFF52E40,0102000020E6100000030000000FD57356341657407B14AE47E1AA354083C0CAA14521584001C203DA885131402072E1DDDDA55840AF1CE757EFF52E40
ZSPD,VCBI,CES231,A332,380,20250603,1015,380,TANEK,DWI ,LULDA,0101000020E61000009505FAE133BE5840DA1E7BC56C1A2C40,0101000020E61000009A34BA413C8D58401F66EDBE7C332C40,0101000020E6100000ED3EAEAAAA9A574097088EAAAACA2840,0102000020E6100000030000009505FAE133BE5840DA1E7BC56C1A2C409A34BA413C8D58401F66EDBE7C332C40ED3EAEAAAA9A574097088EAAAACA2840
VTBS,HKJK,KQA887,B788,320,20250603,1847,320,AKATO,LALIT,LULDA,0101000020E6100000C9B9A00002CB5840B44DF929F13D2B40,0101000020E610000091AFEBB481DE5740ABB6D58B25BF2940,0101000020E6100000ED3EAEAAAA9A574097088EAAAACA2840,0102000020E610000003000000C9B9A00002CB5840B44DF929F13D2B4091AFEBB481DE5740ABB6D58B25BF2940ED3EAEAAAA9A574097088EAAAACA2840
VHHH,VCBI,CPA611,A333,400,20250603,1538,400,AKATO,DALER,LULDA,0101000020E6100000C9B9A00002CB5840B44DF929F13D2B40,0101000020E61000001252D05090A15840931804560EFD2A40,0101000020E6100000ED3EAEAAAA9A574097088EAAAACA2840,0102000020E610000003000000C9B9A00002CB5840B44DF929F13D2B401252D05090A15840931804560EFD2A40ED3EAEAAAA9A574097088EAAAACA2840
VTBD,VOBL,AIQ137,A20N,320,20250603,1355,320,TANEK,DWI ,LULDA,0101000020E61000009505FAE133BE5840DA1E7BC56C1A2C40,0101000020E61000009A34BA413C8D58401F66EDBE7C332C40,0101000020E6100000ED3EAEAAAA9A574097088EAAAACA2840,0102000020E6100000030000009505FAE133BE5840DA1E7BC56C1A2C409A34BA413C8D58401F66EDBE7C332C40ED3EAEAAAA9A574097088EAAAACA2840
VTBD,VCBI,AIQ140,A20N,280,20250603,1344,280,TANEK,DWI ,LULDA,0101000020E61000009505FAE133BE5840DA1E7BC56C1A2C40,0101000020E61000009A34BA413C8D58401F66EDBE7C332C40,0101000020E6100000ED3EAEAAAA9A574097088EAAAACA2840,0102000020E6100000030000009505FAE133BE5840DA1E7BC56C1A2C409A34BA413C8D58401F66EDBE7C332C40ED3EAEAAAA9A574097088EAAAACA2840
VTBD,VOCI,AIQ170,A320,320,20250603,1340,320,TANEK,DWI ,LULDA,0101000020E61000009505FAE133BE5840DA1E7BC56C1A2C40,0101000020E61000009A34BA413C8D58401F66EDBE7C332C40,0101000020E6100000ED3EAEAAAA9A574097088EAAAACA2840,0102000020E6100000030000009505FAE133BE5840DA1E7BC56C1A2C409A34BA413C8D58401F66EDBE7C332C40ED3EAEAAAA9A574097088EAAAACA2840
VHHH,VOBL,BOX533,B77L,360,20250603,0014,360,TANEK,DWI ,LULDA,0101000020E61000009505FAE133BE5840DA1E7BC56C1A2C40,0101000020E61000009A34BA413C8D58401F66EDBE7C332C40,0101000020E6100000ED3EAEAAAA9A574097088EAAAACA2840,0102000020E6100000030000009505FAE133BE5840DA1E7BC56C1A2C409A34BA413C8D58401F66EDBE7C332C40ED3EAEAAAA9A574097088EAAAACA2840
VTBS,VOBL,IGO1056,A20N,320,20250603,0547,320,TANEK,DWI ,LULDA,0101000020E61000009505FAE133BE5840DA1E7BC56C1A2C40,0101000020E61000009A34BA413C8D58401F66EDBE7C332C40,0101000020E6100000ED3EAEAAAA9A574097088EAAAACA2840,0102000020E6100000030000009505FAE133BE5840DA1E7BC56C1A2C409A34BA413C8D58401F66EDBE7C332C40ED3EAEAAAA9A574097088EAAAACA2840
RJAA,VCBI,ALK455,A332,400,20250603,0911,400,TANEK,DWI ,LULDA,0101000020E61000009505FAE133BE5840DA1E7BC56C1A2C40,0101000020E61000009A34BA413C8D58401F66EDBE7C332C40,0101000020E6100000ED3EAEAAAA9A574097088EAAAACA2840,0102000020E6100000030000009505FAE133BE5840DA1E7BC56C1A2C409A34BA413C8D58401F66EDBE7C332C40ED3EAEAAAA9A574097088EAAAACA2840
VTBS,VCBI,ALK403,A320,320,20250603,0108,320,TANEK,DWI ,LULDA,0101000020E61000009505FAE133BE5840DA1E7BC56C1A2C40,0101000020E61000009A34BA413C8D58401F66EDBE7C332C40,0101000020E6100000ED3EAEAAAA9A574097088EAAAACA2840,0102000020E6100000030000009505FAE133BE5840DA1E7BC56C1A2C409A34BA413C8D58401F66EDBE7C332C40ED3EAEAAAA9A574097088EAAAACA2840
VTBS,VOCI,THA347,A320,320,20250603,1445,320,TANEK,DWI ,LULDA,0101000020E61000009505FAE133BE5840DA1E7BC56C1A2C40,0101000020E61000009A34BA413C8D58401F66EDBE7C332C40,0101000020E6100000ED3EAEAAAA9A574097088EAAAACA2840,0102000020E6100000030000009505FAE133BE5840DA1E7BC56C1A2C409A34BA413C8D58401F66EDBE7C332C40ED3EAEAAAA9A574097088EAAAACA2840
VTBD,VRMM,AIQ175,A320,320,20250603,0236,320,TANEK,DWI ,LULDA,0101000020E61000009505FAE133BE5840DA1E7BC56C1A2C40,0101000020E61000009A34BA413C8D58401F66EDBE7C332C40,0101000020E6100000ED3EAEAAAA9A574097088EAAAACA2840,0102000020E6100000030000009505FAE133BE5840DA1E7BC56C1A2C409A34BA413C8D58401F66EDBE7C332C40ED3EAEAAAA9A574097088EAAAACA2840
ZGSZ,VOBL,UPS9,B744,340,20250603,2336,340,TANEK,DWI ,LULDA,0101000020E61000009505FAE133BE5840DA1E7BC56C1A2C40,0101000020E61000009A34BA413C8D58401F66EDBE7C332C40,0101000020E6100000ED3EAEAAAA9A574097088EAAAACA2840,0102000020E6100000030000009505FAE133BE5840DA1E7BC56C1A2C409A34BA413C8D58401F66EDBE7C332C40ED3EAEAAAA9A574097088EAAAACA2840
VTBS,VOBL,THA325,A333,320,20250603,1509,320,AKATO,DALER,LULDA,0101000020E6100000C9B9A00002CB5840B44DF929F13D2B40,0101000020E61000001252D05090A15840931804560EFD2A40,0101000020E6100000ED3EAEAAAA9A574097088EAAAACA2840,0102000020E610000003000000C9B9A00002CB5840B44DF929F13D2B401252D05090A15840931804560EFD2A40ED3EAEAAAA9A574097088EAAAACA2840
VTBS,VOMM,IGO1062,A320,320,20250603,0346,320,TANEK,DWI ,LULDA,0101000020E61000009505FAE133BE5840DA1E7BC56C1A2C40,0101000020E61000009A34BA413C8D58401F66EDBE7C332C40,0101000020E6100000ED3EAEAAAA9A574097088EAAAACA2840,0102000020E6100000030000009505FAE133BE5840DA1E7BC56C1A2C409A34BA413C8D58401F66EDBE7C332C40ED3EAEAAAA9A574097088EAAAACA2840
VHHH,VCBI,ABD5571,B744,340,20250603,0521,340,TANEK,DWI ,LULDA,0101000020E61000009505FAE133BE5840DA1E7BC56C1A2C40,0101000020E61000009A34BA413C8D58401F66EDBE7C332C40,0101000020E6100000ED3EAEAAAA9A574097088EAAAACA2840,0102000020E6100000030000009505FAE133BE5840DA1E7BC56C1A2C409A34BA413C8D58401F66EDBE7C332C40ED3EAEAAAA9A574097088EAAAACA2840
ZGGG,VCBI,ALK881,A20N,340,20250603,2038,340,TANEK,DWI ,LULDA,0101000020E61000009505FAE133BE5840DA1E7BC56C1A2C40,0101000020E61000009A34BA413C8D58401F66EDBE7C332C40,0101000020E6100000ED3EAEAAAA9A574097088EAAAACA2840,0102000020E6100000030000009505FAE133BE5840DA1E7BC56C1A2C409A34BA413C8D58401F66EDBE7C332C40ED3EAEAAAA9A574097088EAAAACA2840
VHHH,VOMM,CPA631,A359,400,20250603,1609,400,AKATO,DALER,LULDA,0101000020E6100000C9B9A00002CB5840B44DF929F13D2B40,0101000020E61000001252D05090A15840931804560EFD2A40,0101000020E6100000ED3EAEAAAA9A574097088EAAAACA2840,0102000020E610000003000000C9B9A00002CB5840B44DF929F13D2B401252D05090A15840931804560EFD2A40ED3EAEAAAA9A574097088EAAAACA2840
VHHH,VOBL,CPA623,A359,380,20250603,1557,380,AKATO,DALER,LULDA,0101000020E6100000C9B9A00002CB5840B44DF929F13D2B40,0101000020E61000001252D05090A15840931804560EFD2A40,0101000020E6100000ED3EAEAAAA9A574097088EAAAACA2840,0102000020E610000003000000C9B9A00002CB5840B44DF929F13D2B401252D05090A15840931804560EFD2A40ED3EAEAAAA9A574097088EAAAACA2840
VTBS,VOMM,THA337,A359,320,20250603,1543,320,AKATO,DALER,LULDA,0101000020E6100000C9B9A00002CB5840B44DF929F13D2B40,0101000020E61000001252D05090A15840931804560EFD2A40,0101000020E6100000ED3EAEAAAA9A574097088EAAAACA2840,0102000020E610000003000000C9B9A00002CB5840B44DF929F13D2B401252D05090A15840931804560EFD2A40ED3EAEAAAA9A574097088EAAAACA2840
VHHH,VCBI,NCR515,B744,360,20250603,0714,360,TANEK,DWI ,LULDA,0101000020E61000009505FAE133BE5840DA1E7BC56C1A2C40,0101000020E61000009A34BA413C8D58401F66EDBE7C332C40,0101000020E6100000ED3EAEAAAA9A574097088EAAAACA2840,0102000020E6100000030000009505FAE133BE5840DA1E7BC56C1A2C409A34BA413C8D58401F66EDBE7C332C40ED3EAEAAAA9A574097088EAAAACA2840
VTBS,VCBI,ALK405,A21N,320,20250603,0731,320,TANEK,DWI ,LULDA,0101000020E61000009505FAE133BE5840DA1E7BC56C1A2C40,0101000020E61000009A34BA413C8D58401F66EDBE7C332C40,0101000020E6100000ED3EAEAAAA9A574097088EAAAACA2840,0102000020E6100000030000009505FAE133BE5840DA1E7BC56C1A2C409A34BA413C8D58401F66EDBE7C332C40ED3EAEAAAA9A574097088EAAAACA2840
RJAA,VOBL,JAL753,B789,400,20250603,1624,400,TANEK,DWI ,LULDA,0101000020E61000009505FAE133BE5840DA1E7BC56C1A2C40,0101000020E61000009A34BA413C8D58401F66EDBE7C332C40,0101000020E6100000ED3EAEAAAA9A574097088EAAAACA2840,0102000020E6100000030000009505FAE133BE5840DA1E7BC56C1A2C409A34BA413C8D58401F66EDBE7C332C40ED3EAEAAAA9A574097088EAAAACA2840
UUEE,VVCR,AFL294,A359,390,20250603,2205,390,TEBOV,BGO ,MAKAS,0101000020E6100000A86E0DF0CDFF564072180E7CF36A3440,0101000020E610000083C0CAA14521584001C203DA88513140,0101000020E61000002F9F937BCD9F58401EAAE7AC68D43040,0102000020E610000003000000A86E0DF0CDFF564072180E7CF36A344083C0CAA14521584001C203DA885131402F9F937BCD9F58401EAAE7AC68D43040
WMKK,VNKT,MXD184,B38M,360,20250603,0621,360,IKULA,SADUS,MEPEL,0101000020E6100000EF3D961DA656584038EFC538FB002440,0101000020E6100000E865DA1F6428574056242E192ADB2E40,0101000020E610000000000000000057407F377A8888083040,0102000020E610000003000000EF3D961DA656584038EFC538FB002440E865DA1F6428574056242E192ADB2E4000000000000057407F377A8888083040
WMKK,VECC,AXM63,A21N,340,20250603,1621,340,IKULA,SADUS,MEPEL,0101000020E6100000EF3D961DA656584038EFC538FB002440,0101000020E6100000E865DA1F6428574056242E192ADB2E40,0101000020E610000000000000000057407F377A8888083040,0102000020E610000003000000EF3D961DA656584038EFC538FB002440E865DA1F6428574056242E192ADB2E4000000000000057407F377A8888083040
WMKK,VNKT,MAS170,B38M,360,20250603,0303,360,IKULA,SADUS,MEPEL,0101000020E6100000EF3D961DA656584038EFC538FB002440,0101000020E6100000E865DA1F6428574056242E192ADB2E40,0101000020E610000000000000000057407F377A8888083040,0102000020E610000003000000EF3D961DA656584038EFC538FB002440E865DA1F6428574056242E192ADB2E4000000000000057407F377A8888083040
WMKK,UTAA,TUA802,B77L,340,20250603,2217,340,IKULA,SADUS,MEPEL,0101000020E6100000EF3D961DA656584038EFC538FB002440,0101000020E6100000E865DA1F6428574056242E192ADB2E40,0101000020E610000000000000000057407F377A8888083040,0102000020E610000003000000EF3D961DA656584038EFC538FB002440E865DA1F6428574056242E192ADB2E4000000000000057407F377A8888083040
WSSS,VECC,IGO1016,A320,340,20250603,0426,340,IKULA,SADUS,MEPEL,0101000020E6100000EF3D961DA656584038EFC538FB002440,0101000020E6100000E865DA1F6428574056242E192ADB2E40,0101000020E610000000000000000057407F377A8888083040,0102000020E610000003000000EF3D961DA656584038EFC538FB002440E865DA1F6428574056242E192ADB2E4000000000000057407F377A8888083040
WSSS,VNKT,SIA442,B738,340,20250603,1257,340,IKULA,SADUS,MEPEL,0101000020E6100000EF3D961DA656584038EFC538FB002440,0101000020E6100000E865DA1F6428574056242E192ADB2E40,0101000020E610000000000000000057407F377A8888083040,0102000020E610000003000000EF3D961DA656584038EFC538FB002440E865DA1F6428574056242E192ADB2E4000000000000057407F377A8888083040
WSSS,VECC,SIA516,B38M,320,20250603,1502,320,IKULA,SADUS,MEPEL,0101000020E6100000EF3D961DA656584038EFC538FB002440,0101000020E6100000E865DA1F6428574056242E192ADB2E40,0101000020E610000000000000000057407F377A8888083040,0102000020E610000003000000EF3D961DA656584038EFC538FB002440E865DA1F6428574056242E192ADB2E4000000000000057407F377A8888083040
WSSS,VIDP,AIC2381,B789,380,20250603,0313,380,IKULA,SADUS,MEPEL,0101000020E6100000EF3D961DA656584038EFC538FB002440,0101000020E6100000E865DA1F6428574056242E192ADB2E40,0101000020E610000000000000000057407F377A8888083040,0102000020E610000003000000EF3D961DA656584038EFC538FB002440E865DA1F6428574056242E192ADB2E4000000000000057407F377A8888083040
WMKK,VNKT,MAS114,B38M,340,20250603,1309,340,IKULA,SADUS,MEPEL,0101000020E6100000EF3D961DA656584038EFC538FB002440,0101000020E6100000E865DA1F6428574056242E192ADB2E40,0101000020E610000000000000000057407F377A8888083040,0102000020E610000003000000EF3D961DA656584038EFC538FB002440E865DA1F6428574056242E192ADB2E4000000000000057407F377A8888083040
WMKK,VIDP,MAS172,B38M,360,20250603,0239,360,IKULA,SADUS,MEPEL,0101000020E6100000EF3D961DA656584038EFC538FB002440,0101000020E6100000E865DA1F6428574056242E192ADB2E40,0101000020E610000000000000000057407F377A8888083040,0102000020E610000003000000EF3D961DA656584038EFC538FB002440E865DA1F6428574056242E192ADB2E4000000000000057407F377A8888083040
WMKK,VECC,MAS184,B38M,360,20250603,1538,360,IKULA,SADUS,MEPEL,0101000020E6100000EF3D961DA656584038EFC538FB002440,0101000020E6100000E865DA1F6428574056242E192ADB2E40,0101000020E610000000000000000057407F377A8888083040,0102000020E610000003000000EF3D961DA656584038EFC538FB002440E865DA1F6428574056242E192ADB2E4000000000000057407F377A8888083040
WMKK,VAAH,MAS106,B38M,340,20250603,1234,340,TAVUN,MIPAK,MIPAK,0101000020E6100000B64B3C1C342358400000000000002440,0101000020E6100000ED3EAEAAAA9A574097088EAAAAAA2740,0101000020E6100000ED3EAEAAAA9A574097088EAAAAAA2740,0102000020E610000003000000B64B3C1C342358400000000000002440ED3EAEAAAA9A574097088EAAAAAA2740ED3EAEAAAA9A574097088EAAAAAA2740
WSSS,VIDP,AIC2116,A21N,300,20250603,1435,300,TAVUN,MIPAK,MIPAK,0101000020E6100000B64B3C1C342358400000000000002440,0101000020E6100000ED3EAEAAAA9A574097088EAAAAAA2740,0101000020E6100000ED3EAEAAAA9A574097088EAAAAAA2740,0102000020E610000003000000B64B3C1C342358400000000000002440ED3EAEAAAA9A574097088EAAAAAA2740ED3EAEAAAA9A574097088EAAAAAA2740
WSSS,VEBS,IGO1018,A320,360,20250603,2237,360,TAVUN,TAVUN,MIPAK,0101000020E6100000B64B3C1C342358400000000000002440,0101000020E6100000B64B3C1C342358400000000000002440,0101000020E6100000ED3EAEAAAA9A574097088EAAAAAA2740,0102000020E610000003000000B64B3C1C342358400000000000002440B64B3C1C342358400000000000002440ED3EAEAAAA9A574097088EAAAAAA2740
WMKK,VILK,AXM15,A20N,380,20250603,1249,380,TAVUN,MIPAK,MIPAK,0101000020E6100000B64B3C1C342358400000000000002440,0101000020E6100000ED3EAEAAAA9A574097088EAAAAAA2740,0101000020E6100000ED3EAEAAAA9A574097088EAAAAAA2740,0102000020E610000003000000B64B3C1C342358400000000000002440ED3EAEAAAA9A574097088EAAAAAA2740ED3EAEAAAA9A574097088EAAAAAA2740
OMAA,VTBS,ETD402,B77W,350,20250603,2234,350,BORBU,KAKIP,NURDA,0101000020E610000000000000000057404208A78967E53040,0101000020E6100000F1CDFC8BDC79584004400DC6255A2D40,0101000020E61000000E54006B99A358406525DEE800D42C40,0102000020E61000000300000000000000000057404208A78967E53040F1CDFC8BDC79584004400DC6255A2D400E54006B99A358406525DEE800D42C40
VAAH,VVTS,VJC1806,A320,350,20250603,2156,350,BORBU,KAKIP,NURDA,0101000020E610000000000000000057404208A78967E53040,0101000020E6100000F1CDFC8BDC79584004400DC6255A2D40,0101000020E61000000E54006B99A358406525DEE800D42C40,0102000020E61000000300000000000000000057404208A78967E53040F1CDFC8BDC79584004400DC6255A2D400E54006B99A358406525DEE800D42C40
VOHS,VVTS,VJC1804,A320,350,20250603,2050,350,BORBU,KAKIP,NURDA,0101000020E610000000000000000057404208A78967E53040,0101000020E6100000F1CDFC8BDC79584004400DC6255A2D40,0101000020E61000000E54006B99A358406525DEE800D42C40,0102000020E61000000300000000000000000057404208A78967E53040F1CDFC8BDC79584004400DC6255A2D400E54006B99A358406525DEE800D42C40
VABB,VVTS,VJC884,A333,390,20250603,2205,390,BORBU,KAKIP,NURDA,0101000020E610000000000000000057404208A78967E53040,0101000020E6100000F1CDFC8BDC79584004400DC6255A2D40,0101000020E61000000E54006B99A358406525DEE800D42C40,0102000020E61000000300000000000000000057404208A78967E53040F1CDFC8BDC79584004400DC6255A2D400E54006B99A358406525DEE800D42C40
OMDB,VTBS,UAE374,A388,410,20250603,2323,410,BORBU,KAKIP,NURDA,0101000020E610000000000000000057404208A78967E53040,0101000020E6100000F1CDFC8BDC79584004400DC6255A2D40,0101000020E61000000E54006B99A358406525DEE800D42C40,0102000020E61000000300000000000000000057404208A78967E53040F1CDFC8BDC79584004400DC6255A2D400E54006B99A358406525DEE800D42C40
OOMS,VTBS,OMA817,B789,370,20250603,2200,370,BORBU,KAKIP,NURDA,0101000020E610000000000000000057404208A78967E53040,0101000020E6100000F1CDFC8BDC79584004400DC6255A2D40,0101000020E61000000E54006B99A358406525DEE800D42C40,0102000020E61000000300000000000000000057404208A78967E53040F1CDFC8BDC79584004400DC6255A2D400E54006B99A358406525DEE800D42C40
OMDB,RPLL,UAE336,B77W,330,20250603,1750,330,BORBU,KAMKO,NURDA,0101000020E610000000000000000057404208A78967E53040,0101000020E6100000390C07BE798D57404A97825E4D1C3040,0101000020E61000000E54006B99A358406525DEE800D42C40,0102000020E61000000300000000000000000057404208A78967E53040390C07BE798D57404A97825E4D1C30400E54006B99A358406525DEE800D42C40
VABB,VTBS,TVJ761,A320,390,20250603,2227,390,BORBU,KAKIP,NURDA,0101000020E610000000000000000057404208A78967E53040,0101000020E6100000F1CDFC8BDC79584004400DC6255A2D40,0101000020E61000000E54006B99A358406525DEE800D42C40,0102000020E61000000300000000000000000057404208A78967E53040F1CDFC8BDC79584004400DC6255A2D400E54006B99A358406525DEE800D42C40
LTFM,VTBS,THY58,A333,390,20250603,2101,390,BORBU,KAMKO,NURDA,0101000020E610000000000000000057404208A78967E53040,0101000020E6100000390C07BE798D57404A97825E4D1C3040,0101000020E61000000E54006B99A358406525DEE800D42C40,0102000020E61000000300000000000000000057404208A78967E53040390C07BE798D57404A97825E4D1C30400E54006B99A358406525DEE800D42C40
OTHH,VVTS,QTR974,B788,410,20250603,2154,410,BORBU,KAKIP,NURDA,0101000020E610000000000000000057404208A78967E53040,0101000020E6100000F1CDFC8BDC79584004400DC6255A2D40,0101000020E61000000E54006B99A358406525DEE800D42C40,0102000020E61000000300000000000000000057404208A78967E53040F1CDFC8BDC79584004400DC6255A2D400E54006B99A358406525DEE800D42C40
VABB,VTBS,IGO1051,A20N,370,20250603,0626,370,BORBU,KAMKO,NURDA,0101000020E610000000000000000057404208A78967E53040,0101000020E6100000390C07BE798D57404A97825E4D1C3040,0101000020E61000000E54006B99A358406525DEE800D42C40,0102000020E61000000300000000000000000057404208A78967E53040390C07BE798D57404A97825E4D1C30400E54006B99A358406525DEE800D42C40
OMDB,RPLL,CEB015,A339,370,20250603,0155,370,BORBU,KAMKO,NURDA,0101000020E610000000000000000057404208A78967E53040,0101000020E6100000390C07BE798D57404A97825E4D1C3040,0101000020E61000000E54006B99A358406525DEE800D42C40,0102000020E61000000300000000000000000057404208A78967E53040390C07BE798D57404A97825E4D1C30400E54006B99A358406525DEE800D42C40
VABB,VTBS,THA318,A333,410,20250603,2058,410,BORBU,KAMKO,NURDA,0101000020E610000000000000000057404208A78967E53040,0101000020E6100000390C07BE798D57404A97825E4D1C3040,0101000020E61000000E54006B99A358406525DEE800D42C40,0102000020E61000000300000000000000000057404208A78967E53040390C07BE798D57404A97825E4D1C30400E54006B99A358406525DEE800D42C40
VECC,VTSP,AIQ187,A320,350,20250603,2237,350,IBITA,DWI ,PADET,0101000020E6100000A86E0DF0CDFF5640EC51B81E85EB3240,0101000020E61000009A34BA413C8D58401F66EDBE7C332C40,0101000020E610000092953EF87992584038EFC538FB002440,0102000020E610000003000000A86E0DF0CDFF5640EC51B81E85EB32409A34BA413C8D58401F66EDBE7C332C4092953EF87992584038EFC538FB002440
VECC,VTSP,IGO1087,A20N,370,20250603,0155,370,IBITA,PTN ,PADET,0101000020E6100000A86E0DF0CDFF5640EC51B81E85EB3240,0101000020E6100000C1A8A44E40B1574044302F3C06CF3040,0101000020E610000092953EF87992584038EFC538FB002440,0102000020E610000003000000A86E0DF0CDFF5640EC51B81E85EB3240C1A8A44E40B1574044302F3C06CF304092953EF87992584038EFC538FB002440
VABB,VTBS,AIC2354,A20N,370,20250603,0504,370,RINDA,DWI ,PUMOR,0101000020E6100000000000000000574097088EAAAA2A2F40,0101000020E61000009A34BA413C8D58401F66EDBE7C332C40,0101000020E6100000BDB224A3B7AE58403655BD1D5D7A2C40,0102000020E610000003000000000000000000574097088EAAAA2A2F409A34BA413C8D58401F66EDBE7C332C40BDB224A3B7AE58403655BD1D5D7A2C40
VOHS,VTBS,IGO1067,A20N,370,20250603,0030,370,RINDA,DWI ,PUMOR,0101000020E6100000000000000000574097088EAAAA2A2F40,0101000020E61000009A34BA413C8D58401F66EDBE7C332C40,0101000020E6100000BDB224A3B7AE58403655BD1D5D7A2C40,0102000020E610000003000000000000000000574097088EAAAA2A2F409A34BA413C8D58401F66EDBE7C332C40BDB224A3B7AE58403655BD1D5D7A2C40
VAPO,VTBS,AXB242,B38M,390,20250603,0547,390,RINDA,DWI ,PUMOR,0101000020E6100000000000000000574097088EAAAA2A2F40,0101000020E61000009A34BA413C8D58401F66EDBE7C332C40,0101000020E6100000BDB224A3B7AE58403655BD1D5D7A2C40,0102000020E610000003000000000000000000574097088EAAAA2A2F409A34BA413C8D58401F66EDBE7C332C40BDB224A3B7AE58403655BD1D5D7A2C40
VCBI,VTBS,ALK402,A320,310,20250603,2152,310,LULDA,DWI ,PUMOR,0101000020E6100000ED3EAEAAAA9A574097088EAAAACA2840,0101000020E61000009A34BA413C8D58401F66EDBE7C332C40,0101000020E6100000BDB224A3B7AE58403655BD1D5D7A2C40,0102000020E610000003000000ED3EAEAAAA9A574097088EAAAACA28409A34BA413C8D58401F66EDBE7C332C40BDB224A3B7AE58403655BD1D5D7A2C40
OERK,VTBS,SVA846,B78X,350,20250603,0543,350,RINDA,DWI ,PUMOR,0101000020E6100000000000000000574097088EAAAA2A2F40,0101000020E61000009A34BA413C8D58401F66EDBE7C332C40,0101000020E6100000BDB224A3B7AE58403655BD1D5D7A2C40,0102000020E610000003000000000000000000574097088EAAAA2A2F409A34BA413C8D58401F66EDBE7C332C40BDB224A3B7AE58403655BD1D5D7A2C40
VOMM,VTBS,THA338,A359,410,20250603,2136,410,LULDA,DWI ,PUMOR,0101000020E6100000ED3EAEAAAA9A574097088EAAAACA2840,0101000020E61000009A34BA413C8D58401F66EDBE7C332C40,0101000020E6100000BDB224A3B7AE58403655BD1D5D7A2C40,0102000020E610000003000000ED3EAEAAAA9A574097088EAAAACA28409A34BA413C8D58401F66EDBE7C332C40BDB224A3B7AE58403655BD1D5D7A2C40
HKJK,VTBS,KQA886,B788,410,20250603,0445,410,RINDA,DWI ,PUMOR,0101000020E6100000000000000000574097088EAAAA2A2F40,0101000020E61000009A34BA413C8D58401F66EDBE7C332C40,0101000020E6100000BDB224A3B7AE58403655BD1D5D7A2C40,0102000020E610000003000000000000000000574097088EAAAA2A2F409A34BA413C8D58401F66EDBE7C332C40BDB224A3B7AE58403655BD1D5D7A2C40
OMAA,VTBS,ETD406,B77W,350,20250603,1001,350,RINDA,DWI ,PUMOR,0101000020E6100000000000000000574097088EAAAA2A2F40,0101000020E61000009A34BA413C8D58401F66EDBE7C332C40,0101000020E6100000BDB224A3B7AE58403655BD1D5D7A2C40,0102000020E610000003000000000000000000574097088EAAAA2A2F409A34BA413C8D58401F66EDBE7C332C40BDB224A3B7AE58403655BD1D5D7A2C40
VOMM,VTBS,KMI204,B763,410,20250603,0733,410,RINDA,DWI ,PUMOR,0101000020E6100000000000000000574097088EAAAA2A2F40,0101000020E61000009A34BA413C8D58401F66EDBE7C332C40,0101000020E6100000BDB224A3B7AE58403655BD1D5D7A2C40,0102000020E610000003000000000000000000574097088EAAAA2A2F409A34BA413C8D58401F66EDBE7C332C40BDB224A3B7AE58403655BD1D5D7A2C40
VOMM,VTBS,IGO1061,A320,370,20250603,0014,370,LULDA,DWI ,PUMOR,0101000020E6100000ED3EAEAAAA9A574097088EAAAACA2840,0101000020E61000009A34BA413C8D58401F66EDBE7C332C40,0101000020E6100000BDB224A3B7AE58403655BD1D5D7A2C40,0102000020E610000003000000ED3EAEAAAA9A574097088EAAAACA28409A34BA413C8D58401F66EDBE7C332C40BDB224A3B7AE58403655BD1D5D7A2C40
LLBG,VTBS,ELY081,B789,370,20250603,0639,370,LULDA,DWI ,PUMOR,0101000020E6100000ED3EAEAAAA9A574097088EAAAACA2840,0101000020E61000009A34BA413C8D58401F66EDBE7C332C40,0101000020E6100000BDB224A3B7AE58403655BD1D5D7A2C40,0102000020E610000003000000ED3EAEAAAA9A574097088EAAAACA28409A34BA413C8D58401F66EDBE7C332C40BDB224A3B7AE58403655BD1D5D7A2C40
VCBI,VTBS,THA308,A320,370,20250603,2142,370,LULDA,DWI ,PUMOR,0101000020E6100000ED3EAEAAAA9A574097088EAAAACA2840,0101000020E61000009A34BA413C8D58401F66EDBE7C332C40,0101000020E6100000BDB224A3B7AE58403655BD1D5D7A2C40,0102000020E610000003000000ED3EAEAAAA9A574097088EAAAACA28409A34BA413C8D58401F66EDBE7C332C40BDB224A3B7AE58403655BD1D5D7A2C40
VCBI,VTBS,ALK404,A21N,350,20250603,0430,350,LULDA,DWI ,PUMOR,0101000020E6100000ED3EAEAAAA9A574097088EAAAACA2840,0101000020E61000009A34BA413C8D58401F66EDBE7C332C40,0101000020E6100000BDB224A3B7AE58403655BD1D5D7A2C40,0102000020E610000003000000ED3EAEAAAA9A574097088EAAAACA28409A34BA413C8D58401F66EDBE7C332C40BDB224A3B7AE58403655BD1D5D7A2C40
VOCI,VTBD,AIQ171,A320,370,20250603,2036,370,LULDA,DWI ,PUMOR,0101000020E6100000ED3EAEAAAA9A574097088EAAAACA2840,0101000020E61000009A34BA413C8D58401F66EDBE7C332C40,0101000020E6100000BDB224A3B7AE58403655BD1D5D7A2C40,0102000020E610000003000000ED3EAEAAAA9A574097088EAAAACA28409A34BA413C8D58401F66EDBE7C332C40BDB224A3B7AE58403655BD1D5D7A2C40
VOCI,VTBS,THA348,A320,330,20250603,2139,330,LULDA,DWI ,PUMOR,0101000020E6100000ED3EAEAAAA9A574097088EAAAACA2840,0101000020E61000009A34BA413C8D58401F66EDBE7C332C40,0101000020E6100000BDB224A3B7AE58403655BD1D5D7A2C40,0102000020E610000003000000ED3EAEAAAA9A574097088EAAAACA28409A34BA413C8D58401F66EDBE7C332C40BDB224A3B7AE58403655BD1D5D7A2C40
VOBL,VTBS,IGO1055,A20N,350,20250603,0257,350,LULDA,DWI ,PUMOR,0101000020E6100000ED3EAEAAAA9A574097088EAAAACA2840,0101000020E61000009A34BA413C8D58401F66EDBE7C332C40,0101000020E6100000BDB224A3B7AE58403655BD1D5D7A2C40,0102000020E610000003000000ED3EAEAAAA9A574097088EAAAACA28409A34BA413C8D58401F66EDBE7C332C40BDB224A3B7AE58403655BD1D5D7A2C40
VOBL,VTBD,AIQ138,A20N,330,20250603,1957,330,LULDA,DWI ,PUMOR,0101000020E6100000ED3EAEAAAA9A574097088EAAAACA2840,0101000020E61000009A34BA413C8D58401F66EDBE7C332C40,0101000020E6100000BDB224A3B7AE58403655BD1D5D7A2C40,0102000020E610000003000000ED3EAEAAAA9A574097088EAAAACA28409A34BA413C8D58401F66EDBE7C332C40BDB224A3B7AE58403655BD1D5D7A2C40
HAAB,VTBS,ETH628,B788,410,20250603,0412,410,RINDA,DWI ,PUMOR,0101000020E6100000000000000000574097088EAAAA2A2F40,0101000020E61000009A34BA413C8D58401F66EDBE7C332C40,0101000020E6100000BDB224A3B7AE58403655BD1D5D7A2C40,0102000020E610000003000000000000000000574097088EAAAA2A2F409A34BA413C8D58401F66EDBE7C332C40BDB224A3B7AE58403655BD1D5D7A2C40
OOMS,VTBS,OMA815,B789,410,20250603,0903,410,RINDA,DWI ,PUMOR,0101000020E6100000000000000000574097088EAAAA2A2F40,0101000020E61000009A34BA413C8D58401F66EDBE7C332C40,0101000020E6100000BDB224A3B7AE58403655BD1D5D7A2C40,0102000020E610000003000000000000000000574097088EAAAA2A2F409A34BA413C8D58401F66EDBE7C332C40BDB224A3B7AE58403655BD1D5D7A2C40
VOBL,VTBS,THA326,A333,350,20250603,2135,350,LULDA,DWI ,PUMOR,0101000020E6100000ED3EAEAAAA9A574097088EAAAACA2840,0101000020E61000009A34BA413C8D58401F66EDBE7C332C40,0101000020E6100000BDB224A3B7AE58403655BD1D5D7A2C40,0102000020E610000003000000ED3EAEAAAA9A574097088EAAAACA28409A34BA413C8D58401F66EDBE7C332C40BDB224A3B7AE58403655BD1D5D7A2C40
VCBI,VTBD,AIQ141,A20N,330,20250603,1945,330,LULDA,DWI ,PUMOR,0101000020E6100000ED3EAEAAAA9A574097088EAAAACA2840,0101000020E61000009A34BA413C8D58401F66EDBE7C332C40,0101000020E6100000BDB224A3B7AE58403655BD1D5D7A2C40,0102000020E610000003000000ED3EAEAAAA9A574097088EAAAACA28409A34BA413C8D58401F66EDBE7C332C40BDB224A3B7AE58403655BD1D5D7A2C40
VOHS,VTBS,THA330,B772,390,20250603,2140,390,RINDA,DWI ,PUMOR,0101000020E6100000000000000000574097088EAAAA2A2F40,0101000020E61000009A34BA413C8D58401F66EDBE7C332C40,0101000020E6100000BDB224A3B7AE58403655BD1D5D7A2C40,0102000020E610000003000000000000000000574097088EAAAA2A2F409A34BA413C8D58401F66EDBE7C332C40BDB224A3B7AE58403655BD1D5D7A2C40
LLBG,VTBS,ELY083,B772,370,20250603,0807,370,LULDA,DWI ,PUMOR,0101000020E6100000ED3EAEAAAA9A574097088EAAAACA2840,0101000020E61000009A34BA413C8D58401F66EDBE7C332C40,0101000020E6100000BDB224A3B7AE58403655BD1D5D7A2C40,0102000020E610000003000000ED3EAEAAAA9A574097088EAAAACA28409A34BA413C8D58401F66EDBE7C332C40BDB224A3B7AE58403655BD1D5D7A2C40
VRMM,VTBD,AIQ176,A320,350,20250603,1031,350,LULDA,DWI ,PUMOR,0101000020E6100000ED3EAEAAAA9A574097088EAAAACA2840,0101000020E61000009A34BA413C8D58401F66EDBE7C332C40,0101000020E6100000BDB224A3B7AE58403655BD1D5D7A2C40,0102000020E610000003000000ED3EAEAAAA9A574097088EAAAACA28409A34BA413C8D58401F66EDBE7C332C40BDB224A3B7AE58403655BD1D5D7A2C40
RPLL,OMDB,UAE335,B77W,320,20250603,1902,320,TANEK,DWI ,RINDA,0101000020E61000009505FAE133BE5840DA1E7BC56C1A2C40,0101000020E61000009A34BA413C8D58401F66EDBE7C332C40,0101000020E6100000000000000000574097088EAAAA2A2F40,0102000020E6100000030000009505FAE133BE5840DA1E7BC56C1A2C409A34BA413C8D58401F66EDBE7C332C40000000000000574097088EAAAA2A2F40
VTBD,OMAD,VJT109,GLEX,400,20250603,1339,400,TANEK,DWI ,RINDA,0101000020E61000009505FAE133BE5840DA1E7BC56C1A2C40,0101000020E61000009A34BA413C8D58401F66EDBE7C332C40,0101000020E6100000000000000000574097088EAAAA2A2F40,0102000020E6100000030000009505FAE133BE5840DA1E7BC56C1A2C409A34BA413C8D58401F66EDBE7C332C40000000000000574097088EAAAA2A2F40
WMKK,VABB,MXD215,B738,340,20250603,1715,340,IKULA,SADUS,RINDA,0101000020E6100000EF3D961DA656584038EFC538FB002440,0101000020E6100000E865DA1F6428574056242E192ADB2E40,0101000020E6100000000000000000574097088EAAAA2A2F40,0102000020E610000003000000EF3D961DA656584038EFC538FB002440E865DA1F6428574056242E192ADB2E40000000000000574097088EAAAA2A2F40
RPLL,OTHH,QTR933,B77W,320,20250603,1340,320,TANEK,DWI ,RINDA,0101000020E61000009505FAE133BE5840DA1E7BC56C1A2C40,0101000020E61000009A34BA413C8D58401F66EDBE7C332C40,0101000020E6100000000000000000574097088EAAAA2A2F40,0102000020E6100000030000009505FAE133BE5840DA1E7BC56C1A2C409A34BA413C8D58401F66EDBE7C332C40000000000000574097088EAAAA2A2F40
VTBS,OBBI,GFA153,B789,320,20250603,1306,320,TANEK,DWI ,RINDA,0101000020E61000009505FAE133BE5840DA1E7BC56C1A2C40,0101000020E61000009A34BA413C8D58401F66EDBE7C332C40,0101000020E6100000000000000000574097088EAAAA2A2F40,0102000020E6100000030000009505FAE133BE5840DA1E7BC56C1A2C409A34BA413C8D58401F66EDBE7C332C40000000000000574097088EAAAA2A2F40
VTBS,VABB,THA317,A333,320,20250603,1242,320,TANEK,DWI ,RINDA,0101000020E61000009505FAE133BE5840DA1E7BC56C1A2C40,0101000020E61000009A34BA413C8D58401F66EDBE7C332C40,0101000020E6100000000000000000574097088EAAAA2A2F40,0102000020E6100000030000009505FAE133BE5840DA1E7BC56C1A2C409A34BA413C8D58401F66EDBE7C332C40000000000000574097088EAAAA2A2F40
VTBS,OOMS,OMA816,B789,300,20250603,1244,300,TANEK,DWI ,RINDA,0101000020E61000009505FAE133BE5840DA1E7BC56C1A2C40,0101000020E61000009A34BA413C8D58401F66EDBE7C332C40,0101000020E6100000000000000000574097088EAAAA2A2F40,0102000020E6100000030000009505FAE133BE5840DA1E7BC56C1A2C409A34BA413C8D58401F66EDBE7C332C40000000000000574097088EAAAA2A2F40
VTBS,OMSJ,ABY817,A21N,320,20250603,1158,320,TANEK,DWI ,RINDA,0101000020E61000009505FAE133BE5840DA1E7BC56C1A2C40,0101000020E61000009A34BA413C8D58401F66EDBE7C332C40,0101000020E6100000000000000000574097088EAAAA2A2F40,0102000020E6100000030000009505FAE133BE5840DA1E7BC56C1A2C409A34BA413C8D58401F66EDBE7C332C40000000000000574097088EAAAA2A2F40
VTBD,VAAH,AIQ144,A20N,320,20250603,1147,320,TANEK,DWI ,RINDA,0101000020E61000009505FAE133BE5840DA1E7BC56C1A2C40,0101000020E61000009A34BA413C8D58401F66EDBE7C332C40,0101000020E6100000000000000000574097088EAAAA2A2F40,0102000020E6100000030000009505FAE133BE5840DA1E7BC56C1A2C409A34BA413C8D58401F66EDBE7C332C40000000000000574097088EAAAA2A2F40
RPLL,OMDB,CEB014,A339,360,20250603,1134,360,TANEK,DWI ,RINDA,0101000020E61000009505FAE133BE5840DA1E7BC56C1A2C40,0101000020E61000009A34BA413C8D58401F66EDBE7C332C40,0101000020E6100000000000000000574097088EAAAA2A2F40,0102000020E6100000030000009505FAE133BE5840DA1E7BC56C1A2C409A34BA413C8D58401F66EDBE7C332C40000000000000574097088EAAAA2A2F40
VVTS,OMDB,UAE365,B77L,380,20250603,1124,380,TANEK,DWI ,RINDA,0101000020E61000009505FAE133BE5840DA1E7BC56C1A2C40,0101000020E61000009A34BA413C8D58401F66EDBE7C332C40,0101000020E6100000000000000000574097088EAAAA2A2F40,0102000020E6100000030000009505FAE133BE5840DA1E7BC56C1A2C409A34BA413C8D58401F66EDBE7C332C40000000000000574097088EAAAA2A2F40
VTBS,LLBG,ELY084,B789,320,20250603,1058,320,TANEK,DWI ,RINDA,0101000020E61000009505FAE133BE5840DA1E7BC56C1A2C40,0101000020E61000009A34BA413C8D58401F66EDBE7C332C40,0101000020E6100000000000000000574097088EAAAA2A2F40,0102000020E6100000030000009505FAE133BE5840DA1E7BC56C1A2C409A34BA413C8D58401F66EDBE7C332C40000000000000574097088EAAAA2A2F40
VTBS,OERK,SVA847,B78X,320,20250603,0906,320,TANEK,DWI ,RINDA,0101000020E61000009505FAE133BE5840DA1E7BC56C1A2C40,0101000020E61000009A34BA413C8D58401F66EDBE7C332C40,0101000020E6100000000000000000574097088EAAAA2A2F40,0102000020E6100000030000009505FAE133BE5840DA1E7BC56C1A2C409A34BA413C8D58401F66EDBE7C332C40000000000000574097088EAAAA2A2F40
VTBS,VAPO,AXB241,B38M,300,20250603,0842,300,TANEK,DWI ,RINDA,0101000020E61000009505FAE133BE5840DA1E7BC56C1A2C40,0101000020E61000009A34BA413C8D58401F66EDBE7C332C40,0101000020E6100000000000000000574097088EAAAA2A2F40,0102000020E6100000030000009505FAE133BE5840DA1E7BC56C1A2C409A34BA413C8D58401F66EDBE7C332C40000000000000574097088EAAAA2A2F40
VTBD,LTFE,QQE951,GLF6,300,20250603,0829,300,TANEK,DWI ,RINDA,0101000020E61000009505FAE133BE5840DA1E7BC56C1A2C40,0101000020E61000009A34BA413C8D58401F66EDBE7C332C40,0101000020E6100000000000000000574097088EAAAA2A2F40,0102000020E6100000030000009505FAE133BE5840DA1E7BC56C1A2C409A34BA413C8D58401F66EDBE7C332C40000000000000574097088EAAAA2A2F40
VTBS,VABB,AIC2353,A20N,320,20250603,0828,320,TANEK,DWI ,RINDA,0101000020E61000009505FAE133BE5840DA1E7BC56C1A2C40,0101000020E61000009A34BA413C8D58401F66EDBE7C332C40,0101000020E6100000000000000000574097088EAAAA2A2F40,0102000020E6100000030000009505FAE133BE5840DA1E7BC56C1A2C409A34BA413C8D58401F66EDBE7C332C40000000000000574097088EAAAA2A2F40
RPLL,OMDB,PAL658,A333,360,20250603,0826,360,TANEK,DWI ,RINDA,0101000020E61000009505FAE133BE5840DA1E7BC56C1A2C40,0101000020E61000009A34BA413C8D58401F66EDBE7C332C40,0101000020E6100000000000000000574097088EAAAA2A2F40,0102000020E6100000030000009505FAE133BE5840DA1E7BC56C1A2C409A34BA413C8D58401F66EDBE7C332C40000000000000574097088EAAAA2A2F40
VTBS,VCBI,THA307,A320,410,20250603,1515,410,TANEK,DWI ,RINDA,0101000020E61000009505FAE133BE5840DA1E7BC56C1A2C40,0101000020E61000009A34BA413C8D58401F66EDBE7C332C40,0101000020E6100000000000000000574097088EAAAA2A2F40,0102000020E6100000030000009505FAE133BE5840DA1E7BC56C1A2C409A34BA413C8D58401F66EDBE7C332C40000000000000574097088EAAAA2A2F40
RPLL,OBBI,GFA155,B789,360,20250603,0741,360,TANEK,DWI ,RINDA,0101000020E61000009505FAE133BE5840DA1E7BC56C1A2C40,0101000020E61000009A34BA413C8D58401F66EDBE7C332C40,0101000020E6100000000000000000574097088EAAAA2A2F40,0102000020E6100000030000009505FAE133BE5840DA1E7BC56C1A2C409A34BA413C8D58401F66EDBE7C332C40000000000000574097088EAAAA2A2F40
RPLL,OERK,PAL654,A333,340,20250603,0717,340,TANEK,DWI ,RINDA,0101000020E61000009505FAE133BE5840DA1E7BC56C1A2C40,0101000020E61000009A34BA413C8D58401F66EDBE7C332C40,0101000020E6100000000000000000574097088EAAAA2A2F40,0102000020E6100000030000009505FAE133BE5840DA1E7BC56C1A2C409A34BA413C8D58401F66EDBE7C332C40000000000000574097088EAAAA2A2F40
VTBS,LSZH,SWR181,B77W,320,20250603,0632,320,TANEK,DWI ,RINDA,0101000020E61000009505FAE133BE5840DA1E7BC56C1A2C40,0101000020E61000009A34BA413C8D58401F66EDBE7C332C40,0101000020E6100000000000000000574097088EAAAA2A2F40,0102000020E6100000030000009505FAE133BE5840DA1E7BC56C1A2C409A34BA413C8D58401F66EDBE7C332C40000000000000574097088EAAAA2A2F40
VTBS,EGLL,EVA067,B77W,300,20250603,0634,300,TANEK,DWI ,RINDA,0101000020E61000009505FAE133BE5840DA1E7BC56C1A2C40,0101000020E61000009A34BA413C8D58401F66EDBE7C332C40,0101000020E6100000000000000000574097088EAAAA2A2F40,0102000020E6100000030000009505FAE133BE5840DA1E7BC56C1A2C409A34BA413C8D58401F66EDBE7C332C40000000000000574097088EAAAA2A2F40
VTBS,EHAM,EVA075,B77W,320,20250603,0605,320,TANEK,DWI ,RINDA,0101000020E61000009505FAE133BE5840DA1E7BC56C1A2C40,0101000020E61000009A34BA413C8D58401F66EDBE7C332C40,0101000020E6100000000000000000574097088EAAAA2A2F40,0102000020E6100000030000009505FAE133BE5840DA1E7BC56C1A2C409A34BA413C8D58401F66EDBE7C332C40000000000000574097088EAAAA2A2F40
VHHH,OMDB,UPS3,B748,320,20250603,0619,320,TANEK,DWI ,RINDA,0101000020E61000009505FAE133BE5840DA1E7BC56C1A2C40,0101000020E61000009A34BA413C8D58401F66EDBE7C332C40,0101000020E6100000000000000000574097088EAAAA2A2F40,0102000020E6100000030000009505FAE133BE5840DA1E7BC56C1A2C409A34BA413C8D58401F66EDBE7C332C40000000000000574097088EAAAA2A2F40
VTBS,EHAM,KLM844,B77W,320,20250603,0528,320,TANEK,DWI ,RINDA,0101000020E61000009505FAE133BE5840DA1E7BC56C1A2C40,0101000020E61000009A34BA413C8D58401F66EDBE7C332C40,0101000020E6100000000000000000574097088EAAAA2A2F40,0102000020E6100000030000009505FAE133BE5840DA1E7BC56C1A2C409A34BA413C8D58401F66EDBE7C332C40000000000000574097088EAAAA2A2F40
RPLL,OTHH,QTR935,B77W,320,20250603,0453,320,TANEK,DWI ,RINDA,0101000020E61000009505FAE133BE5840DA1E7BC56C1A2C40,0101000020E61000009A34BA413C8D58401F66EDBE7C332C40,0101000020E6100000000000000000574097088EAAAA2A2F40,0102000020E6100000030000009505FAE133BE5840DA1E7BC56C1A2C409A34BA413C8D58401F66EDBE7C332C40000000000000574097088EAAAA2A2F40
VTBS,VOHS,IGO1068,A20N,300,20250603,0344,300,TANEK,DWI ,RINDA,0101000020E61000009505FAE133BE5840DA1E7BC56C1A2C40,0101000020E61000009A34BA413C8D58401F66EDBE7C332C40,0101000020E6100000000000000000574097088EAAAA2A2F40,0102000020E6100000030000009505FAE133BE5840DA1E7BC56C1A2C409A34BA413C8D58401F66EDBE7C332C40000000000000574097088EAAAA2A2F40
VTBS,OMDB,UAE375,A388,320,20250603,0341,320,TANEK,DWI ,RINDA,0101000020E61000009505FAE133BE5840DA1E7BC56C1A2C40,0101000020E61000009A34BA413C8D58401F66EDBE7C332C40,0101000020E6100000000000000000574097088EAAAA2A2F40,0102000020E6100000030000009505FAE133BE5840DA1E7BC56C1A2C409A34BA413C8D58401F66EDBE7C332C40000000000000574097088EAAAA2A2F40
VVTS,OTHH,QTR975,B788,400,20250603,0351,400,TANEK,DWI ,RINDA,0101000020E61000009505FAE133BE5840DA1E7BC56C1A2C40,0101000020E61000009A34BA413C8D58401F66EDBE7C332C40,0101000020E6100000000000000000574097088EAAAA2A2F40,0102000020E6100000030000009505FAE133BE5840DA1E7BC56C1A2C409A34BA413C8D58401F66EDBE7C332C40000000000000574097088EAAAA2A2F40
VTBD,OMDW,LRQ224D,CL60,300,20250603,0352,300,TANEK,DWI ,RINDA,0101000020E61000009505FAE133BE5840DA1E7BC56C1A2C40,0101000020E61000009A34BA413C8D58401F66EDBE7C332C40,0101000020E6100000000000000000574097088EAAAA2A2F40,0102000020E6100000030000009505FAE133BE5840DA1E7BC56C1A2C409A34BA413C8D58401F66EDBE7C332C40000000000000574097088EAAAA2A2F40
RPLL,OOMS,OMA844,B789,380,20250603,0226,380,TANEK,DWI ,RINDA,0101000020E61000009505FAE133BE5840DA1E7BC56C1A2C40,0101000020E61000009A34BA413C8D58401F66EDBE7C332C40,0101000020E6100000000000000000574097088EAAAA2A2F40,0102000020E6100000030000009505FAE133BE5840DA1E7BC56C1A2C409A34BA413C8D58401F66EDBE7C332C40000000000000574097088EAAAA2A2F40
RPLL,OMDB,UAE337,B77W,340,20250603,0248,340,TANEK,DWI ,RINDA,0101000020E61000009505FAE133BE5840DA1E7BC56C1A2C40,0101000020E61000009A34BA413C8D58401F66EDBE7C332C40,0101000020E6100000000000000000574097088EAAAA2A2F40,0102000020E6100000030000009505FAE133BE5840DA1E7BC56C1A2C409A34BA413C8D58401F66EDBE7C332C40000000000000574097088EAAAA2A2F40
VTBS,OMAA,ETD403,B78X,300,20250603,0230,300,TANEK,DWI ,RINDA,0101000020E61000009505FAE133BE5840DA1E7BC56C1A2C40,0101000020E61000009A34BA413C8D58401F66EDBE7C332C40,0101000020E6100000000000000000574097088EAAAA2A2F40,0102000020E6100000030000009505FAE133BE5840DA1E7BC56C1A2C409A34BA413C8D58401F66EDBE7C332C40000000000000574097088EAAAA2A2F40
VTBS,OOMS,OMA818,B789,320,20250603,0224,320,TANEK,DWI ,RINDA,0101000020E61000009505FAE133BE5840DA1E7BC56C1A2C40,0101000020E61000009A34BA413C8D58401F66EDBE7C332C40,0101000020E6100000000000000000574097088EAAAA2A2F40,0102000020E6100000030000009505FAE133BE5840DA1E7BC56C1A2C409A34BA413C8D58401F66EDBE7C332C40000000000000574097088EAAAA2A2F40
VTBS,OTHH,QTR831,B789,320,20250603,0237,320,TANEK,DWI ,RINDA,0101000020E61000009505FAE133BE5840DA1E7BC56C1A2C40,0101000020E61000009A34BA413C8D58401F66EDBE7C332C40,0101000020E6100000000000000000574097088EAAAA2A2F40,0102000020E6100000030000009505FAE133BE5840DA1E7BC56C1A2C409A34BA413C8D58401F66EDBE7C332C40000000000000574097088EAAAA2A2F40
VTBS,OTHH,QTR839,B788,320,20250603,0207,320,TANEK,DWI ,RINDA,0101000020E61000009505FAE133BE5840DA1E7BC56C1A2C40,0101000020E61000009A34BA413C8D58401F66EDBE7C332C40,0101000020E6100000000000000000574097088EAAAA2A2F40,0102000020E6100000030000009505FAE133BE5840DA1E7BC56C1A2C409A34BA413C8D58401F66EDBE7C332C40000000000000574097088EAAAA2A2F40
VTBS,OBBI,BOX531,B77L,300,20250603,0122,300,TANEK,DWI ,RINDA,0101000020E61000009505FAE133BE5840DA1E7BC56C1A2C40,0101000020E61000009A34BA413C8D58401F66EDBE7C332C40,0101000020E6100000000000000000574097088EAAAA2A2F40,0102000020E6100000030000009505FAE133BE5840DA1E7BC56C1A2C409A34BA413C8D58401F66EDBE7C332C40000000000000574097088EAAAA2A2F40
VTBS,VOMM,KMI203,B763,320,20250603,0111,320,TANEK,DWI ,RINDA,0101000020E61000009505FAE133BE5840DA1E7BC56C1A2C40,0101000020E61000009A34BA413C8D58401F66EDBE7C332C40,0101000020E6100000000000000000574097088EAAAA2A2F40,0102000020E6100000030000009505FAE133BE5840DA1E7BC56C1A2C409A34BA413C8D58401F66EDBE7C332C40000000000000574097088EAAAA2A2F40
RPLL,OMAA,ETD447,A332,360,20250603,0043,360,TANEK,DWI ,RINDA,0101000020E61000009505FAE133BE5840DA1E7BC56C1A2C40,0101000020E61000009A34BA413C8D58401F66EDBE7C332C40,0101000020E6100000000000000000574097088EAAAA2A2F40,0102000020E6100000030000009505FAE133BE5840DA1E7BC56C1A2C409A34BA413C8D58401F66EDBE7C332C40000000000000574097088EAAAA2A2F40
VTBS,OMSJ,ABY822,A21N,320,20250603,0314,320,TANEK,DWI ,RINDA,0101000020E61000009505FAE133BE5840DA1E7BC56C1A2C40,0101000020E61000009A34BA413C8D58401F66EDBE7C332C40,0101000020E6100000000000000000574097088EAAAA2A2F40,0102000020E6100000030000009505FAE133BE5840DA1E7BC56C1A2C409A34BA413C8D58401F66EDBE7C332C40000000000000574097088EAAAA2A2F40
RPLL,OMDB,UAE2637,A388,400,20250603,2249,400,TANEK,DWI ,RINDA,0101000020E61000009505FAE133BE5840DA1E7BC56C1A2C40,0101000020E61000009A34BA413C8D58401F66EDBE7C332C40,0101000020E6100000000000000000574097088EAAAA2A2F40,0102000020E6100000030000009505FAE133BE5840DA1E7BC56C1A2C409A34BA413C8D58401F66EDBE7C332C40000000000000574097088EAAAA2A2F40
VTBS,OMDB,UAE371,B77W,320,20250603,2110,320,TANEK,DWI ,RINDA,0101000020E61000009505FAE133BE5840DA1E7BC56C1A2C40,0101000020E61000009A34BA413C8D58401F66EDBE7C332C40,0101000020E6100000000000000000574097088EAAAA2A2F40,0102000020E6100000030000009505FAE133BE5840DA1E7BC56C1A2C409A34BA413C8D58401F66EDBE7C332C40000000000000574097088EAAAA2A2F40
RCTP,VABB,CAL5685,B77L,340,20250603,2112,340,TANEK,DWI ,RINDA,0101000020E61000009505FAE133BE5840DA1E7BC56C1A2C40,0101000020E61000009A34BA413C8D58401F66EDBE7C332C40,0101000020E6100000000000000000574097088EAAAA2A2F40,0102000020E6100000030000009505FAE133BE5840DA1E7BC56C1A2C409A34BA413C8D58401F66EDBE7C332C40000000000000574097088EAAAA2A2F40
VTBS,OKKK,KAC414,B77W,320,20250603,2035,320,TANEK,DWI ,RINDA,0101000020E61000009505FAE133BE5840DA1E7BC56C1A2C40,0101000020E61000009A34BA413C8D58401F66EDBE7C332C40,0101000020E6100000000000000000574097088EAAAA2A2F40,0102000020E6100000030000009505FAE133BE5840DA1E7BC56C1A2C409A34BA413C8D58401F66EDBE7C332C40000000000000574097088EAAAA2A2F40
VTBS,OTHH,QTR837,B77W,320,20250603,2004,320,TANEK,DWI ,RINDA,0101000020E61000009505FAE133BE5840DA1E7BC56C1A2C40,0101000020E61000009A34BA413C8D58401F66EDBE7C332C40,0101000020E6100000000000000000574097088EAAAA2A2F40,0102000020E6100000030000009505FAE133BE5840DA1E7BC56C1A2C409A34BA413C8D58401F66EDBE7C332C40000000000000574097088EAAAA2A2F40
VTBS,OMAA,ETD401,B789,320,20250603,2018,320,TANEK,DWI ,RINDA,0101000020E61000009505FAE133BE5840DA1E7BC56C1A2C40,0101000020E61000009A34BA413C8D58401F66EDBE7C332C40,0101000020E6100000000000000000574097088EAAAA2A2F40,0102000020E6100000030000009505FAE133BE5840DA1E7BC56C1A2C409A34BA413C8D58401F66EDBE7C332C40000000000000574097088EAAAA2A2F40
VTBD,VOMM,AIQ153,A20N,300,20250603,1415,300,TANEK,DWI ,RINDA,0101000020E61000009505FAE133BE5840DA1E7BC56C1A2C40,0101000020E61000009A34BA413C8D58401F66EDBE7C332C40,0101000020E6100000000000000000574097088EAAAA2A2F40,0102000020E6100000030000009505FAE133BE5840DA1E7BC56C1A2C409A34BA413C8D58401F66EDBE7C332C40000000000000574097088EAAAA2A2F40
VTBS,OTHH,QTR829,B77W,280,20250603,1456,280,TANEK,DWI ,RINDA,0101000020E61000009505FAE133BE5840DA1E7BC56C1A2C40,0101000020E61000009A34BA413C8D58401F66EDBE7C332C40,0101000020E6100000000000000000574097088EAAAA2A2F40,0102000020E6100000030000009505FAE133BE5840DA1E7BC56C1A2C409A34BA413C8D58401F66EDBE7C332C40000000000000574097088EAAAA2A2F40
RPLL,OMAA,ETD441,B78X,360,20250603,1451,360,TANEK,DWI ,RINDA,0101000020E61000009505FAE133BE5840DA1E7BC56C1A2C40,0101000020E61000009A34BA413C8D58401F66EDBE7C332C40,0101000020E6100000000000000000574097088EAAAA2A2F40,0102000020E6100000030000009505FAE133BE5840DA1E7BC56C1A2C409A34BA413C8D58401F66EDBE7C332C40000000000000574097088EAAAA2A2F40
VDPP,OTHH,QTR8823,B77L,320,20250603,1524,320,TANEK,DWI ,RINDA,0101000020E61000009505FAE133BE5840DA1E7BC56C1A2C40,0101000020E61000009A34BA413C8D58401F66EDBE7C332C40,0101000020E6100000000000000000574097088EAAAA2A2F40,0102000020E6100000030000009505FAE133BE5840DA1E7BC56C1A2C409A34BA413C8D58401F66EDBE7C332C40000000000000574097088EAAAA2A2F40
VTBS,OMDB,UAE373,A388,300,20250603,1531,300,TANEK,DWI ,RINDA,0101000020E61000009505FAE133BE5840DA1E7BC56C1A2C40,0101000020E61000009A34BA413C8D58401F66EDBE7C332C40,0101000020E6100000000000000000574097088EAAAA2A2F40,0102000020E6100000030000009505FAE133BE5840DA1E7BC56C1A2C409A34BA413C8D58401F66EDBE7C332C40000000000000574097088EAAAA2A2F40
VTBS,VAAH,THA343,A320,320,20250603,1508,320,TANEK,DWI ,RINDA,0101000020E61000009505FAE133BE5840DA1E7BC56C1A2C40,0101000020E61000009A34BA413C8D58401F66EDBE7C332C40,0101000020E6100000000000000000574097088EAAAA2A2F40,0102000020E6100000030000009505FAE133BE5840DA1E7BC56C1A2C409A34BA413C8D58401F66EDBE7C332C40000000000000574097088EAAAA2A2F40
VVTS,VOHS,VJC1803,A320,340,20250603,1458,340,TANEK,DWI ,RINDA,0101000020E61000009505FAE133BE5840DA1E7BC56C1A2C40,0101000020E61000009A34BA413C8D58401F66EDBE7C332C40,0101000020E6100000000000000000574097088EAAAA2A2F40,0102000020E6100000030000009505FAE133BE5840DA1E7BC56C1A2C409A34BA413C8D58401F66EDBE7C332C40000000000000574097088EAAAA2A2F40
VTBS,HAAB,ETH629,B788,320,20250603,1916,320,TANEK,DWI ,RINDA,0101000020E61000009505FAE133BE5840DA1E7BC56C1A2C40,0101000020E61000009A34BA413C8D58401F66EDBE7C332C40,0101000020E6100000000000000000574097088EAAAA2A2F40,0102000020E6100000030000009505FAE133BE5840DA1E7BC56C1A2C409A34BA413C8D58401F66EDBE7C332C40000000000000574097088EAAAA2A2F40
RPLC,OMDB,UAE3KV,B77W,340,20250603,1543,340,TANEK,DWI ,RINDA,0101000020E61000009505FAE133BE5840DA1E7BC56C1A2C40,0101000020E61000009A34BA413C8D58401F66EDBE7C332C40,0101000020E6100000000000000000574097088EAAAA2A2F40,0102000020E6100000030000009505FAE133BE5840DA1E7BC56C1A2C409A34BA413C8D58401F66EDBE7C332C40000000000000574097088EAAAA2A2F40
VTBS,EDDF,CFG2363,A339,320,20250603,1541,320,TANEK,DWI ,RINDA,0101000020E61000009505FAE133BE5840DA1E7BC56C1A2C40,0101000020E61000009A34BA413C8D58401F66EDBE7C332C40,0101000020E6100000000000000000574097088EAAAA2A2F40,0102000020E6100000030000009505FAE133BE5840DA1E7BC56C1A2C409A34BA413C8D58401F66EDBE7C332C40000000000000574097088EAAAA2A2F40
VTBS,VOHS,THA329,B772,320,20250603,1554,320,TANEK,DWI ,RINDA,0101000020E61000009505FAE133BE5840DA1E7BC56C1A2C40,0101000020E61000009A34BA413C8D58401F66EDBE7C332C40,0101000020E6100000000000000000574097088EAAAA2A2F40,0102000020E6100000030000009505FAE133BE5840DA1E7BC56C1A2C409A34BA413C8D58401F66EDBE7C332C40000000000000574097088EAAAA2A2F40
VHHH,VOMM,CPA2033,B744,360,20250603,1549,360,TANEK,DWI ,RINDA,0101000020E61000009505FAE133BE5840DA1E7BC56C1A2C40,0101000020E61000009A34BA413C8D58401F66EDBE7C332C40,0101000020E6100000000000000000574097088EAAAA2A2F40,0102000020E6100000030000009505FAE133BE5840DA1E7BC56C1A2C409A34BA413C8D58401F66EDBE7C332C40000000000000574097088EAAAA2A2F40
VTBS,EDDM,DLH773,A359,320,20250603,1635,320,TANEK,DWI ,RINDA,0101000020E61000009505FAE133BE5840DA1E7BC56C1A2C40,0101000020E61000009A34BA413C8D58401F66EDBE7C332C40,0101000020E6100000000000000000574097088EAAAA2A2F40,0102000020E6100000030000009505FAE133BE5840DA1E7BC56C1A2C409A34BA413C8D58401F66EDBE7C332C40000000000000574097088EAAAA2A2F40
VVTS,OMDB,UAE393,B77W,340,20250603,1753,340,TANEK,DWI ,RINDA,0101000020E61000009505FAE133BE5840DA1E7BC56C1A2C40,0101000020E61000009A34BA413C8D58401F66EDBE7C332C40,0101000020E6100000000000000000574097088EAAAA2A2F40,0102000020E6100000030000009505FAE133BE5840DA1E7BC56C1A2C409A34BA413C8D58401F66EDBE7C332C40000000000000574097088EAAAA2A2F40
VTBS,LLBG,ELY082,B772,320,20250603,1732,320,TANEK,DWI ,RINDA,0101000020E61000009505FAE133BE5840DA1E7BC56C1A2C40,0101000020E61000009A34BA413C8D58401F66EDBE7C332C40,0101000020E6100000000000000000574097088EAAAA2A2F40,0102000020E6100000030000009505FAE133BE5840DA1E7BC56C1A2C409A34BA413C8D58401F66EDBE7C332C40000000000000574097088EAAAA2A2F40
ZGSZ,FAOR,CCA867,A359,340,20250603,1837,340,TANEK,DWI ,RINDA,0101000020E61000009505FAE133BE5840DA1E7BC56C1A2C40,0101000020E61000009A34BA413C8D58401F66EDBE7C332C40,0101000020E6100000000000000000574097088EAAAA2A2F40,0102000020E6100000030000009505FAE133BE5840DA1E7BC56C1A2C409A34BA413C8D58401F66EDBE7C332C40000000000000574097088EAAAA2A2F40
RPLL,OTHH,QTR929,B77W,340,20250603,1828,340,TANEK,DWI ,RINDA,0101000020E61000009505FAE133BE5840DA1E7BC56C1A2C40,0101000020E61000009A34BA413C8D58401F66EDBE7C332C40,0101000020E6100000000000000000574097088EAAAA2A2F40,0102000020E6100000030000009505FAE133BE5840DA1E7BC56C1A2C409A34BA413C8D58401F66EDBE7C332C40000000000000574097088EAAAA2A2F40
VTBS,OTHH,QTR835,A388,300,20250603,1340,300,TANEK,DWI ,RINDA,0101000020E61000009505FAE133BE5840DA1E7BC56C1A2C40,0101000020E61000009A34BA413C8D58401F66EDBE7C332C40,0101000020E6100000000000000000574097088EAAAA2A2F40,0102000020E6100000030000009505FAE133BE5840DA1E7BC56C1A2C409A34BA413C8D58401F66EDBE7C332C40000000000000574097088EAAAA2A2F40
RPLL,OEJN,SVA871,B78X,340,20250603,1841,340,TANEK,DWI ,RINDA,0101000020E61000009505FAE133BE5840DA1E7BC56C1A2C40,0101000020E61000009A34BA413C8D58401F66EDBE7C332C40,0101000020E6100000000000000000574097088EAAAA2A2F40,0102000020E6100000030000009505FAE133BE5840DA1E7BC56C1A2C409A34BA413C8D58401F66EDBE7C332C40000000000000574097088EAAAA2A2F40
VTBS,OMDB,UAE385,A388,300,20250603,1919,300,TANEK,DWI ,RINDA,0101000020E61000009505FAE133BE5840DA1E7BC56C1A2C40,0101000020E61000009A34BA413C8D58401F66EDBE7C332C40,0101000020E6100000000000000000574097088EAAAA2A2F40,0102000020E6100000030000009505FAE133BE5840DA1E7BC56C1A2C409A34BA413C8D58401F66EDBE7C332C40000000000000574097088EAAAA2A2F40
VVTS,OTHH,QTR971,B77W,320,20250603,1421,320,TANEK,DWI ,RINDA,0101000020E61000009505FAE133BE5840DA1E7BC56C1A2C40,0101000020E61000009A34BA413C8D58401F66EDBE7C332C40,0101000020E6100000000000000000574097088EAAAA2A2F40,0102000020E6100000030000009505FAE133BE5840DA1E7BC56C1A2C409A34BA413C8D58401F66EDBE7C332C40000000000000574097088EAAAA2A2F40
VVTS,VABB,VJC883,A333,380,20250603,1435,380,TANEK,DWI ,RINDA,0101000020E61000009505FAE133BE5840DA1E7BC56C1A2C40,0101000020E61000009A34BA413C8D58401F66EDBE7C332C40,0101000020E6100000000000000000574097088EAAAA2A2F40,0102000020E6100000030000009505FAE133BE5840DA1E7BC56C1A2C409A34BA413C8D58401F66EDBE7C332C40000000000000574097088EAAAA2A2F40
RPLL,OMDB,UAE333,B77W,320,20250603,1323,320,TANEK,DWI ,RINDA,0101000020E61000009505FAE133BE5840DA1E7BC56C1A2C40,0101000020E61000009A34BA413C8D58401F66EDBE7C332C40,0101000020E6100000000000000000574097088EAAAA2A2F40,0102000020E6100000030000009505FAE133BE5840DA1E7BC56C1A2C409A34BA413C8D58401F66EDBE7C332C40000000000000574097088EAAAA2A2F40
VTBS,LFPG,THA930,B77W,300,20250603,1749,300,BETNO,PTN ,SAGOD,0101000020E610000093DA72CB5A8D5840E8E5A88A46322E40,0101000020E6100000C1A8A44E40B1574044302F3C06CF3040,0101000020E6100000A86E0DF0CDFF5640AE47E17A14EE3140,0102000020E61000000300000093DA72CB5A8D5840E8E5A88A46322E40C1A8A44E40B1574044302F3C06CF3040A86E0DF0CDFF5640AE47E17A14EE3140
VTBS,EBBR,THA934,B788,380,20250603,1821,380,BETNO,PTN ,SAGOD,0101000020E610000093DA72CB5A8D5840E8E5A88A46322E40,0101000020E6100000C1A8A44E40B1574044302F3C06CF3040,0101000020E6100000A86E0DF0CDFF5640AE47E17A14EE3140,0102000020E61000000300000093DA72CB5A8D5840E8E5A88A46322E40C1A8A44E40B1574044302F3C06CF3040A86E0DF0CDFF5640AE47E17A14EE3140
VTBD,VOCI,TLM210,B738,360,20250603,1614,360,BETNO,PTN ,SAGOD,0101000020E610000093DA72CB5A8D5840E8E5A88A46322E40,0101000020E6100000C1A8A44E40B1574044302F3C06CF3040,0101000020E6100000A86E0DF0CDFF5640AE47E17A14EE3140,0102000020E61000000300000093DA72CB5A8D5840E8E5A88A46322E40C1A8A44E40B1574044302F3C06CF3040A86E0DF0CDFF5640AE47E17A14EE3140
VVTS,EGLL,HVN51,B789,340,20250603,0918,340,BETNO,PTN ,SAGOD,0101000020E610000093DA72CB5A8D5840E8E5A88A46322E40,0101000020E6100000C1A8A44E40B1574044302F3C06CF3040,0101000020E6100000A86E0DF0CDFF5640AE47E17A14EE3140,0102000020E61000000300000093DA72CB5A8D5840E8E5A88A46322E40C1A8A44E40B1574044302F3C06CF3040A86E0DF0CDFF5640AE47E17A14EE3140
VTBS,EGLL,THA916,B77W,300,20250603,0658,300,BETNO,PTN ,SAGOD,0101000020E610000093DA72CB5A8D5840E8E5A88A46322E40,0101000020E6100000C1A8A44E40B1574044302F3C06CF3040,0101000020E6100000A86E0DF0CDFF5640AE47E17A14EE3140,0102000020E61000000300000093DA72CB5A8D5840E8E5A88A46322E40C1A8A44E40B1574044302F3C06CF3040A86E0DF0CDFF5640AE47E17A14EE3140
VTBS,LTFM,THY69,A333,320,20250603,1625,320,BETNO,PTN ,SAGOD,0101000020E610000093DA72CB5A8D5840E8E5A88A46322E40,0101000020E6100000C1A8A44E40B1574044302F3C06CF3040,0101000020E6100000A86E0DF0CDFF5640AE47E17A14EE3140,0102000020E61000000300000093DA72CB5A8D5840E8E5A88A46322E40C1A8A44E40B1574044302F3C06CF3040A86E0DF0CDFF5640AE47E17A14EE3140
VHHH,OMSJ,SIA7364,B744,320,20250603,1427,320,MAKAS,BGO ,SAGOD,0101000020E61000002F9F937BCD9F58401EAAE7AC68D43040,0101000020E610000083C0CAA14521584001C203DA88513140,0101000020E6100000A86E0DF0CDFF5640AE47E17A14EE3140,0102000020E6100000030000002F9F937BCD9F58401EAAE7AC68D4304083C0CAA14521584001C203DA88513140A86E0DF0CDFF5640AE47E17A14EE3140
VTBS,ESSA,THA960,A359,360,20250603,1817,360,BETNO,PTN ,SAGOD,0101000020E610000093DA72CB5A8D5840E8E5A88A46322E40,0101000020E6100000C1A8A44E40B1574044302F3C06CF3040,0101000020E6100000A86E0DF0CDFF5640AE47E17A14EE3140,0102000020E61000000300000093DA72CB5A8D5840E8E5A88A46322E40C1A8A44E40B1574044302F3C06CF3040A86E0DF0CDFF5640AE47E17A14EE3140
VVTS,UTAA,TUA652,B77W,320,20250603,2142,320,BETNO,PTN ,SAGOD,0101000020E610000093DA72CB5A8D5840E8E5A88A46322E40,0101000020E6100000C1A8A44E40B1574044302F3C06CF3040,0101000020E6100000A86E0DF0CDFF5640AE47E17A14EE3140,0102000020E61000000300000093DA72CB5A8D5840E8E5A88A46322E40C1A8A44E40B1574044302F3C06CF3040A86E0DF0CDFF5640AE47E17A14EE3140
VTBS,EFHK,FIN142,A359,340,20250603,0042,340,BETNO,PTN ,SAGOD,0101000020E610000093DA72CB5A8D5840E8E5A88A46322E40,0101000020E6100000C1A8A44E40B1574044302F3C06CF3040,0101000020E6100000A86E0DF0CDFF5640AE47E17A14EE3140,0102000020E61000000300000093DA72CB5A8D5840E8E5A88A46322E40C1A8A44E40B1574044302F3C06CF3040A86E0DF0CDFF5640AE47E17A14EE3140
VTBS,LIMC,THA940,B789,320,20250603,1829,320,BETNO,PTN ,SAGOD,0101000020E610000093DA72CB5A8D5840E8E5A88A46322E40,0101000020E6100000C1A8A44E40B1574044302F3C06CF3040,0101000020E6100000A86E0DF0CDFF5640AE47E17A14EE3140,0102000020E61000000300000093DA72CB5A8D5840E8E5A88A46322E40C1A8A44E40B1574044302F3C06CF3040A86E0DF0CDFF5640AE47E17A14EE3140
VTBS,OPKC,THA341,A333,360,20250603,1305,360,BETNO,PTN ,SAGOD,0101000020E610000093DA72CB5A8D5840E8E5A88A46322E40,0101000020E6100000C1A8A44E40B1574044302F3C06CF3040,0101000020E6100000A86E0DF0CDFF5640AE47E17A14EE3140,0102000020E61000000300000093DA72CB5A8D5840E8E5A88A46322E40C1A8A44E40B1574044302F3C06CF3040A86E0DF0CDFF5640AE47E17A14EE3140
VTBS,EGLL,THA910,B77W,300,20250603,1834,300,BETNO,PTN ,SAGOD,0101000020E610000093DA72CB5A8D5840E8E5A88A46322E40,0101000020E6100000C1A8A44E40B1574044302F3C06CF3040,0101000020E6100000A86E0DF0CDFF5640AE47E17A14EE3140,0102000020E61000000300000093DA72CB5A8D5840E8E5A88A46322E40C1A8A44E40B1574044302F3C06CF3040A86E0DF0CDFF5640AE47E17A14EE3140
VTBS,EDDF,THA922,B77W,340,20250603,0616,340,BETNO,PTN ,SAGOD,0101000020E610000093DA72CB5A8D5840E8E5A88A46322E40,0101000020E6100000C1A8A44E40B1574044302F3C06CF3040,0101000020E6100000A86E0DF0CDFF5640AE47E17A14EE3140,0102000020E61000000300000093DA72CB5A8D5840E8E5A88A46322E40C1A8A44E40B1574044302F3C06CF3040A86E0DF0CDFF5640AE47E17A14EE3140
VTBS,LSZH,THA970,B77W,320,20250603,1843,320,BETNO,PTN ,SAGOD,0101000020E610000093DA72CB5A8D5840E8E5A88A46322E40,0101000020E6100000C1A8A44E40B1574044302F3C06CF3040,0101000020E6100000A86E0DF0CDFF5640AE47E17A14EE3140,0102000020E61000000300000093DA72CB5A8D5840E8E5A88A46322E40C1A8A44E40B1574044302F3C06CF3040A86E0DF0CDFF5640AE47E17A14EE3140
VTBD,VIJP,AIQ130,A20N,320,20250603,1305,320,BETNO,PTN ,SAGOD,0101000020E610000093DA72CB5A8D5840E8E5A88A46322E40,0101000020E6100000C1A8A44E40B1574044302F3C06CF3040,0101000020E6100000A86E0DF0CDFF5640AE47E17A14EE3140,0102000020E61000000300000093DA72CB5A8D5840E8E5A88A46322E40C1A8A44E40B1574044302F3C06CF3040A86E0DF0CDFF5640AE47E17A14EE3140
VTBS,EDDM,THA924,A359,340,20250603,1826,340,BETNO,PTN ,SAGOD,0101000020E610000093DA72CB5A8D5840E8E5A88A46322E40,0101000020E6100000C1A8A44E40B1574044302F3C06CF3040,0101000020E6100000A86E0DF0CDFF5640AE47E17A14EE3140,0102000020E61000000300000093DA72CB5A8D5840E8E5A88A46322E40C1A8A44E40B1574044302F3C06CF3040A86E0DF0CDFF5640AE47E17A14EE3140
VTBS,LTFM,THY65,A333,340,20250603,0509,340,BETNO,PTN ,SAGOD,0101000020E610000093DA72CB5A8D5840E8E5A88A46322E40,0101000020E6100000C1A8A44E40B1574044302F3C06CF3040,0101000020E6100000A86E0DF0CDFF5640AE47E17A14EE3140,0102000020E61000000300000093DA72CB5A8D5840E8E5A88A46322E40C1A8A44E40B1574044302F3C06CF3040A86E0DF0CDFF5640AE47E17A14EE3140
VTBS,LTFM,THY59,A333,340,20250603,0029,340,BETNO,PTN ,SAGOD,0101000020E610000093DA72CB5A8D5840E8E5A88A46322E40,0101000020E6100000C1A8A44E40B1574044302F3C06CF3040,0101000020E6100000A86E0DF0CDFF5640AE47E17A14EE3140,0102000020E61000000300000093DA72CB5A8D5840E8E5A88A46322E40C1A8A44E40B1574044302F3C06CF3040A86E0DF0CDFF5640AE47E17A14EE3140
VVTS,LTFM,THY163,A359,380,20250603,1618,380,BETNO,PTN ,SAGOD,0101000020E610000093DA72CB5A8D5840E8E5A88A46322E40,0101000020E6100000C1A8A44E40B1574044302F3C06CF3040,0101000020E6100000A86E0DF0CDFF5640AE47E17A14EE3140,0102000020E61000000300000093DA72CB5A8D5840E8E5A88A46322E40C1A8A44E40B1574044302F3C06CF3040A86E0DF0CDFF5640AE47E17A14EE3140
VTBD,VOMM,TLM240,B738,300,20250603,1629,300,BETNO,PTN ,SAGOD,0101000020E610000093DA72CB5A8D5840E8E5A88A46322E40,0101000020E6100000C1A8A44E40B1574044302F3C06CF3040,0101000020E6100000A86E0DF0CDFF5640AE47E17A14EE3140,0102000020E61000000300000093DA72CB5A8D5840E8E5A88A46322E40C1A8A44E40B1574044302F3C06CF3040A86E0DF0CDFF5640AE47E17A14EE3140
VTBS,EKCH,THA950,B77W,320,20250603,1853,320,BETNO,PTN ,SAGOD,0101000020E610000093DA72CB5A8D5840E8E5A88A46322E40,0101000020E6100000C1A8A44E40B1574044302F3C06CF3040,0101000020E6100000A86E0DF0CDFF5640AE47E17A14EE3140,0102000020E61000000300000093DA72CB5A8D5840E8E5A88A46322E40C1A8A44E40B1574044302F3C06CF3040A86E0DF0CDFF5640AE47E17A14EE3140
VCBI,VHHH,CPA612,A333,310,20250603,2140,310,LULDA,DWI ,TANEK,0101000020E6100000ED3EAEAAAA9A574097088EAAAACA2840,0101000020E61000009A34BA413C8D58401F66EDBE7C332C40,0101000020E61000009505FAE133BE5840DA1E7BC56C1A2C40,0102000020E610000003000000ED3EAEAAAA9A574097088EAAAACA28409A34BA413C8D58401F66EDBE7C332C409505FAE133BE5840DA1E7BC56C1A2C40
OERK,RPLL,PAL655,A333,350,20250603,2201,350,RINDA,DWI ,TANEK,0101000020E6100000000000000000574097088EAAAA2A2F40,0101000020E61000009A34BA413C8D58401F66EDBE7C332C40,0101000020E61000009505FAE133BE5840DA1E7BC56C1A2C40,0102000020E610000003000000000000000000574097088EAAAA2A2F409A34BA413C8D58401F66EDBE7C332C409505FAE133BE5840DA1E7BC56C1A2C40
VCBI,ZSPD,CES232,A332,370,20250603,1659,370,LULDA,DWI ,TANEK,0101000020E6100000ED3EAEAAAA9A574097088EAAAACA2840,0101000020E61000009A34BA413C8D58401F66EDBE7C332C40,0101000020E61000009505FAE133BE5840DA1E7BC56C1A2C40,0102000020E610000003000000ED3EAEAAAA9A574097088EAAAACA28409A34BA413C8D58401F66EDBE7C332C409505FAE133BE5840DA1E7BC56C1A2C40
OEJN,RPLL,SVA870,B78X,350,20250603,0825,350,RINDA,DWI ,TANEK,0101000020E6100000000000000000574097088EAAAA2A2F40,0101000020E61000009A34BA413C8D58401F66EDBE7C332C40,0101000020E61000009505FAE133BE5840DA1E7BC56C1A2C40,0102000020E610000003000000000000000000574097088EAAAA2A2F409A34BA413C8D58401F66EDBE7C332C409505FAE133BE5840DA1E7BC56C1A2C40
OOMS,RPLL,OMA843,B789,350,20250603,0930,350,RINDA,DWI ,TANEK,0101000020E6100000000000000000574097088EAAAA2A2F40,0101000020E61000009A34BA413C8D58401F66EDBE7C332C40,0101000020E61000009505FAE133BE5840DA1E7BC56C1A2C40,0102000020E610000003000000000000000000574097088EAAAA2A2F409A34BA413C8D58401F66EDBE7C332C409505FAE133BE5840DA1E7BC56C1A2C40
VCBI,ZGGG,ALK880,A20N,310,20250603,1047,310,LULDA,DWI ,TANEK,0101000020E6100000ED3EAEAAAA9A574097088EAAAACA2840,0101000020E61000009A34BA413C8D58401F66EDBE7C332C40,0101000020E61000009505FAE133BE5840DA1E7BC56C1A2C40,0102000020E610000003000000ED3EAEAAAA9A574097088EAAAACA28409A34BA413C8D58401F66EDBE7C332C409505FAE133BE5840DA1E7BC56C1A2C40
OMAA,RPLL,ETD446,A332,390,20250603,1006,390,RINDA,DWI ,TANEK,0101000020E6100000000000000000574097088EAAAA2A2F40,0101000020E61000009A34BA413C8D58401F66EDBE7C332C40,0101000020E61000009505FAE133BE5840DA1E7BC56C1A2C40,0102000020E610000003000000000000000000574097088EAAAA2A2F409A34BA413C8D58401F66EDBE7C332C409505FAE133BE5840DA1E7BC56C1A2C40
OMDB,RPLL,PAL659,A333,330,20250603,2155,330,RINDA,DWI ,TANEK,0101000020E6100000000000000000574097088EAAAA2A2F40,0101000020E61000009A34BA413C8D58401F66EDBE7C332C40,0101000020E61000009505FAE133BE5840DA1E7BC56C1A2C40,0102000020E610000003000000000000000000574097088EAAAA2A2F409A34BA413C8D58401F66EDBE7C332C409505FAE133BE5840DA1E7BC56C1A2C40
EBBR,WSSS,SIA303,A359,410,20250603,2011,410,MIPAK,MIPAK,TAVUN,0101000020E6100000ED3EAEAAAA9A574097088EAAAAAA2740,0101000020E6100000ED3EAEAAAA9A574097088EAAAAAA2740,0101000020E6100000B64B3C1C342358400000000000002440,0102000020E610000003000000ED3EAEAAAA9A574097088EAAAAAA2740ED3EAEAAAA9A574097088EAAAAAA2740B64B3C1C342358400000000000002440
LTFM,WSSS,THY168,A359,410,20250603,2143,410,MIPAK,MIPAK,TAVUN,0101000020E6100000ED3EAEAAAA9A574097088EAAAAAA2740,0101000020E6100000ED3EAEAAAA9A574097088EAAAAAA2740,0101000020E6100000B64B3C1C342358400000000000002440,0102000020E610000003000000ED3EAEAAAA9A574097088EAAAAAA2740ED3EAEAAAA9A574097088EAAAAAA2740B64B3C1C342358400000000000002440
EKCH,WSSS,SIA351,A359,390,20250603,1943,390,MIPAK,MIPAK,TAVUN,0101000020E6100000ED3EAEAAAA9A574097088EAAAAAA2740,0101000020E6100000ED3EAEAAAA9A574097088EAAAAAA2740,0101000020E6100000B64B3C1C342358400000000000002440,0102000020E610000003000000ED3EAEAAAA9A574097088EAAAAAA2740ED3EAEAAAA9A574097088EAAAAAA2740B64B3C1C342358400000000000002440
EDDM,WSSS,SIA327,A359,370,20250603,1952,370,MIPAK,MIPAK,TAVUN,0101000020E6100000ED3EAEAAAA9A574097088EAAAAAA2740,0101000020E6100000ED3EAEAAAA9A574097088EAAAAAA2740,0101000020E6100000B64B3C1C342358400000000000002440,0102000020E610000003000000ED3EAEAAAA9A574097088EAAAAAA2740ED3EAEAAAA9A574097088EAAAAAA2740B64B3C1C342358400000000000002440
VIDP,WSSS,AIC2115,A21N,330,20250603,0828,330,LIBDI,MIPAK,TAVUN,0101000020E6100000A86E0DF0CDFF564067416A0BB6802C40,0101000020E6100000ED3EAEAAAA9A574097088EAAAAAA2740,0101000020E6100000B64B3C1C342358400000000000002440,0102000020E610000003000000A86E0DF0CDFF564067416A0BB6802C40ED3EAEAAAA9A574097088EAAAAAA2740B64B3C1C342358400000000000002440
VIDP,VTSP,IGO1081,A20N,370,20250603,0713,370,LIBDI,MIPAK,TAVUN,0101000020E6100000A86E0DF0CDFF564067416A0BB6802C40,0101000020E6100000ED3EAEAAAA9A574097088EAAAAAA2740,0101000020E6100000B64B3C1C342358400000000000002440,0102000020E610000003000000A86E0DF0CDFF564067416A0BB6802C40ED3EAEAAAA9A574097088EAAAAAA2740B64B3C1C342358400000000000002440
VIDP,WSSS,IGO1013,A21N,370,20250603,0641,370,LIBDI,MIPAK,TAVUN,0101000020E6100000A86E0DF0CDFF564067416A0BB6802C40,0101000020E6100000ED3EAEAAAA9A574097088EAAAAAA2740,0101000020E6100000B64B3C1C342358400000000000002440,0102000020E610000003000000A86E0DF0CDFF564067416A0BB6802C40ED3EAEAAAA9A574097088EAAAAAA2740B64B3C1C342358400000000000002440
EGLL,WSSS,SIA317,A388,390,20250603,2050,390,MIPAK,MIPAK,TAVUN,0101000020E6100000ED3EAEAAAA9A574097088EAAAAAA2740,0101000020E6100000ED3EAEAAAA9A574097088EAAAAAA2740,0101000020E6100000B64B3C1C342358400000000000002440,0102000020E610000003000000ED3EAEAAAA9A574097088EAAAAAA2740ED3EAEAAAA9A574097088EAAAAAA2740B64B3C1C342358400000000000002440
VIDP,VTSP,AIC378,A20N,370,20250603,2348,370,MIPAK,MIPAK,TAVUN,0101000020E6100000ED3EAEAAAA9A574097088EAAAAAA2740,0101000020E6100000ED3EAEAAAA9A574097088EAAAAAA2740,0101000020E6100000B64B3C1C342358400000000000002440,0102000020E610000003000000ED3EAEAAAA9A574097088EAAAAAA2740ED3EAEAAAA9A574097088EAAAAAA2740B64B3C1C342358400000000000002440
UUEE,WADD,AFL296,A359,390,20250603,1927,390,MIPAK,MIPAK,TAVUN,0101000020E6100000ED3EAEAAAA9A574097088EAAAAAA2740,0101000020E6100000ED3EAEAAAA9A574097088EAAAAAA2740,0101000020E6100000B64B3C1C342358400000000000002440,0102000020E610000003000000ED3EAEAAAA9A574097088EAAAAAA2740ED3EAEAAAA9A574097088EAAAAAA2740B64B3C1C342358400000000000002440
VIDP,WSSS,SIA403,A388,390,20250603,2219,390,MIPAK,MIPAK,TAVUN,0101000020E6100000ED3EAEAAAA9A574097088EAAAAAA2740,0101000020E6100000ED3EAEAAAA9A574097088EAAAAAA2740,0101000020E6100000B64B3C1C342358400000000000002440,0102000020E610000003000000ED3EAEAAAA9A574097088EAAAAAA2740ED3EAEAAAA9A574097088EAAAAAA2740B64B3C1C342358400000000000002440
LIMC,WSSS,SIA355,A359,410,20250603,2021,410,MIPAK,MIPAK,TAVUN,0101000020E6100000ED3EAEAAAA9A574097088EAAAAAA2740,0101000020E6100000ED3EAEAAAA9A574097088EAAAAAA2740,0101000020E6100000B64B3C1C342358400000000000002440,0102000020E610000003000000ED3EAEAAAA9A574097088EAAAAAA2740ED3EAEAAAA9A574097088EAAAAAA2740B64B3C1C342358400000000000002440
VIDP,WMKK,MAS191,A333,390,20250603,2148,390,MIPAK,MIPAK,TAVUN,0101000020E6100000ED3EAEAAAA9A574097088EAAAAAA2740,0101000020E6100000ED3EAEAAAA9A574097088EAAAAAA2740,0101000020E6100000B64B3C1C342358400000000000002440,0102000020E610000003000000ED3EAEAAAA9A574097088EAAAAAA2740ED3EAEAAAA9A574097088EAAAAAA2740B64B3C1C342358400000000000002440
UAAA,WMKK,XAX601,A333,410,20250603,1949,410,MIPAK,MIPAK,TAVUN,0101000020E6100000ED3EAEAAAA9A574097088EAAAAAA2740,0101000020E6100000ED3EAEAAAA9A574097088EAAAAAA2740,0101000020E6100000B64B3C1C342358400000000000002440,0102000020E610000003000000ED3EAEAAAA9A574097088EAAAAAA2740ED3EAEAAAA9A574097088EAAAAAA2740B64B3C1C342358400000000000002440
VTBS,UTTT,UZB532,A21N,340,20250603,0141,340,LUDVI,BGO ,TEBOV,0101000020E61000002072E1DDDDA55840AF1CE757EFF52E40,0101000020E610000083C0CAA14521584001C203DA88513140,0101000020E6100000A86E0DF0CDFF564072180E7CF36A3440,0102000020E6100000030000002072E1DDDDA55840AF1CE757EFF52E4083C0CAA14521584001C203DA88513140A86E0DF0CDFF564072180E7CF36A3440
VTBD,VIAR,TLM214,B738,360,20250603,1428,360,LUDVI,BGO ,TEBOV,0101000020E61000002072E1DDDDA55840AF1CE757EFF52E40,0101000020E610000083C0CAA14521584001C203DA88513140,0101000020E6100000A86E0DF0CDFF564072180E7CF36A3440,0102000020E6100000030000002072E1DDDDA55840AF1CE757EFF52E4083C0CAA14521584001C203DA88513140A86E0DF0CDFF564072180E7CF36A3440
VVTS,VIDP,HVN977,B789,380,20250603,1324,380,LUDVI,BGO ,TEBOV,0101000020E61000002072E1DDDDA55840AF1CE757EFF52E40,0101000020E610000083C0CAA14521584001C203DA88513140,0101000020E6100000A86E0DF0CDFF564072180E7CF36A3440,0102000020E6100000030000002072E1DDDDA55840AF1CE757EFF52E4083C0CAA14521584001C203DA88513140A86E0DF0CDFF564072180E7CF36A3440
YMML,VIDP,AIC309,B788,400,20250603,1845,400,LUDVI,BGO ,TEBOV,0101000020E61000002072E1DDDDA55840AF1CE757EFF52E40,0101000020E610000083C0CAA14521584001C203DA88513140,0101000020E6100000A86E0DF0CDFF564072180E7CF36A3440,0102000020E6100000030000002072E1DDDDA55840AF1CE757EFF52E4083C0CAA14521584001C203DA88513140A86E0DF0CDFF564072180E7CF36A3440
VTBS,VECC,BTN701,A319,380,20250603,0033,380,LUDVI,BGO ,TEBOV,0101000020E61000002072E1DDDDA55840AF1CE757EFF52E40,0101000020E610000083C0CAA14521584001C203DA88513140,0101000020E6100000A86E0DF0CDFF564072180E7CF36A3440,0102000020E6100000030000002072E1DDDDA55840AF1CE757EFF52E4083C0CAA14521584001C203DA88513140A86E0DF0CDFF564072180E7CF36A3440
VTBS,VILK,AXB105,B38M,380,20250603,0943,380,LUDVI,BGO ,TEBOV,0101000020E61000002072E1DDDDA55840AF1CE757EFF52E40,0101000020E610000083C0CAA14521584001C203DA88513140,0101000020E6100000A86E0DF0CDFF564072180E7CF36A3440,0102000020E6100000030000002072E1DDDDA55840AF1CE757EFF52E4083C0CAA14521584001C203DA88513140A86E0DF0CDFF564072180E7CF36A3440
YMML,VIDP,AIC309,B788,400,20250603,0140,400,LUDVI,BGO ,TEBOV,0101000020E61000002072E1DDDDA55840AF1CE757EFF52E40,0101000020E610000083C0CAA14521584001C203DA88513140,0101000020E6100000A86E0DF0CDFF564072180E7CF36A3440,0102000020E6100000030000002072E1DDDDA55840AF1CE757EFF52E4083C0CAA14521584001C203DA88513140A86E0DF0CDFF564072180E7CF36A3440
VTBS,UUEE,AFL273,A359,360,20250603,0655,360,BETNO,BGO ,TEBOV,0101000020E610000093DA72CB5A8D5840E8E5A88A46322E40,0101000020E610000083C0CAA14521584001C203DA88513140,0101000020E6100000A86E0DF0CDFF564072180E7CF36A3440,0102000020E61000000300000093DA72CB5A8D5840E8E5A88A46322E4083C0CAA14521584001C203DA88513140A86E0DF0CDFF564072180E7CF36A3440
VDPP,VIDP,KHV760,A320,340,20250603,1413,340,LUDVI,BGO ,TEBOV,0101000020E61000002072E1DDDDA55840AF1CE757EFF52E40,0101000020E610000083C0CAA14521584001C203DA88513140,0101000020E6100000A86E0DF0CDFF564072180E7CF36A3440,0102000020E6100000030000002072E1DDDDA55840AF1CE757EFF52E4083C0CAA14521584001C203DA88513140A86E0DF0CDFF564072180E7CF36A3440
VYMD,VYTL,UBZ1226,AT76,170,20250605,1219,0,VYMD,VYTL,,0101000020E610000093DFC3A18EFE5740BC08117879B33540,0101000020E61000006A14B3DAD3FB5840FD2FB6941C7C3440,,0102000020E61000000200000093DFC3A18EFE5740BC08117879B335406A14B3DAD3FB5840FD2FB6941C7C3440
VYYY,VYTL,MMA844,AT76,190,20250604,0025,0,VYYY,VYTL,,0101000020E6100000BEC668FC860858409C66E4A042E83040,0101000020E61000006A14B3DAD3FB5840FD2FB6941C7C3440,,0102000020E610000002000000BEC668FC860858409C66E4A042E830406A14B3DAD3FB5840FD2FB6941C7C3440
VYYY,VYTL,KBZ844,AT76,170,20250603,0311,0,VYYY,VYTL,,0101000020E6100000BEC668FC860858409C66E4A042E83040,0101000020E61000006A14B3DAD3FB5840FD2FB6941C7C3440,,0102000020E610000002000000BEC668FC860858409C66E4A042E830406A14B3DAD3FB5840FD2FB6941C7C3440
VYNT,VYTL,UBA217,AT76,170,20250606,1152,0,VYNT,VYTL,,0101000020E6100000BE9F1A2FDD0C5840BA6B09F9A09F3340,0101000020E61000006A14B3DAD3FB5840FD2FB6941C7C3440,,0102000020E610000002000000BE9F1A2FDD0C5840BA6B09F9A09F33406A14B3DAD3FB5840FD2FB6941C7C3440
VYYY,VYTL,MMA834,AT76,170,20250602,0416,0,VYYY,VYTL,,0101000020E6100000BEC668FC860858409C66E4A042E83040,0101000020E61000006A14B3DAD3FB5840FD2FB6941C7C3440,,0102000020E610000002000000BEC668FC860858409C66E4A042E830406A14B3DAD3FB5840FD2FB6941C7C3440
VYYY,VYTL,ST727,AT75,190,20250601,0301,0,VYYY,VYTL,,0101000020E6100000BEC668FC860858409C66E4A042E83040,0101000020E61000006A14B3DAD3FB5840FD2FB6941C7C3440,,0102000020E610000002000000BEC668FC860858409C66E4A042E830406A14B3DAD3FB5840FD2FB6941C7C3440
VYHH,VYTL,MYP675,AT76,150,20250607,0640,0,VYHH,VYTL,,0101000020E6100000BE26F77DB03258406975EE4D3EBF3440,0101000020E61000006A14B3DAD3FB5840FD2FB6941C7C3440,,0102000020E610000002000000BE26F77DB03258406975EE4D3EBF34406A14B3DAD3FB5840FD2FB6941C7C3440
VYYY,VYTL,MMA834,AT76,170,20250606,0520,0,VYYY,VYTL,,0101000020E6100000BEC668FC860858409C66E4A042E83040,0101000020E61000006A14B3DAD3FB5840FD2FB6941C7C3440,,0102000020E610000002000000BEC668FC860858409C66E4A042E830406A14B3DAD3FB5840FD2FB6941C7C3440
VYYY,VYTL,UBA1207,AT76,170,20250604,0021,0,VYYY,VYTL,,0101000020E6100000BEC668FC860858409C66E4A042E83040,0101000020E61000006A14B3DAD3FB5840FD2FB6941C7C3440,,0102000020E610000002000000BEC668FC860858409C66E4A042E830406A14B3DAD3FB5840FD2FB6941C7C3440
VYYY,VYTL,MYP675,AT76,190,20250607,0335,0,VYYY,VYTL,,0101000020E6100000BEC668FC860858409C66E4A042E83040,0101000020E61000006A14B3DAD3FB5840FD2FB6941C7C3440,,0102000020E610000002000000BEC668FC860858409C66E4A042E830406A14B3DAD3FB5840FD2FB6941C7C3440
VYYY,VYTL,ST739,AT75,190,20250604,0313,0,VYYY,VYTL,,0101000020E6100000BEC668FC860858409C66E4A042E83040,0101000020E61000006A14B3DAD3FB5840FD2FB6941C7C3440,,0102000020E610000002000000BEC668FC860858409C66E4A042E830406A14B3DAD3FB5840FD2FB6941C7C3440
VYYY,VYTL,KBZ844,AT76,170,20250602,0832,0,VYYY,VYTL,,0101000020E6100000BEC668FC860858409C66E4A042E83040,0101000020E61000006A14B3DAD3FB5840FD2FB6941C7C3440,,0102000020E610000002000000BEC668FC860858409C66E4A042E830406A14B3DAD3FB5840FD2FB6941C7C3440
VYYY,VYTL,KBZ844,AT76,170,20250601,2338,0,VYYY,VYTL,,0101000020E6100000BEC668FC860858409C66E4A042E83040,0101000020E61000006A14B3DAD3FB5840FD2FB6941C7C3440,,0102000020E610000002000000BEC668FC860858409C66E4A042E830406A14B3DAD3FB5840FD2FB6941C7C3440
VYDW,VYYY,KBZ324,AT76,160,20250601,0412,0,VYDW,VYYY,,0101000020E6100000094C8ED83A8D584060E5D022DB312C40,0101000020E6100000BEC668FC860858409C66E4A042E83040,,0102000020E610000002000000094C8ED83A8D584060E5D022DB312C40BEC668FC860858409C66E4A042E83040
VYDW,VYYY,MYP532,AT76,160,20250607,0156,0,VYDW,VYYY,,0101000020E6100000094C8ED83A8D584060E5D022DB312C40,0101000020E6100000BEC668FC860858409C66E4A042E83040,,0102000020E610000002000000094C8ED83A8D584060E5D022DB312C40BEC668FC860858409C66E4A042E83040
VYDW,VYYY,MMA324,AT76,180,20250603,0413,0,VYDW,VYYY,,0101000020E6100000094C8ED83A8D584060E5D022DB312C40,0101000020E6100000BEC668FC860858409C66E4A042E83040,,0102000020E610000002000000094C8ED83A8D584060E5D022DB312C40BEC668FC860858409C66E4A042E83040
VYHH,VYYY,MMA847,AT76,180,20250607,0513,0,VYHH,VYYY,,0101000020E6100000BE26F77DB03258406975EE4D3EBF3440,0101000020E6100000BEC668FC860858409C66E4A042E83040,,0102000020E610000002000000BE26F77DB03258406975EE4D3EBF3440BEC668FC860858409C66E4A042E83040
VYHH,VYYY,MYP222,AT76,160,20250606,0242,0,VYHH,VYYY,,0101000020E6100000BE26F77DB03258406975EE4D3EBF3440,0101000020E6100000BEC668FC860858409C66E4A042E83040,,0102000020E610000002000000BE26F77DB03258406975EE4D3EBF3440BEC668FC860858409C66E4A042E83040
VYHH,VYYY,KBZ847,AT76,180,20250606,0549,0,VYHH,VYYY,,0101000020E6100000BE26F77DB03258406975EE4D3EBF3440,0101000020E6100000BEC668FC860858409C66E4A042E83040,,0102000020E610000002000000BE26F77DB03258406975EE4D3EBF3440BEC668FC860858409C66E4A042E83040
VYHH,VYYY,KBZ209,AT76,160,20250606,0235,0,VYHH,VYYY,,0101000020E6100000BE26F77DB03258406975EE4D3EBF3440,0101000020E6100000BEC668FC860858409C66E4A042E83040,,0102000020E610000002000000BE26F77DB03258406975EE4D3EBF3440BEC668FC860858409C66E4A042E83040
VYHH,VYYY,KBZ853,AT76,150,20250606,1220,0,VYHH,VYYY,,0101000020E6100000BE26F77DB03258406975EE4D3EBF3440,0101000020E6100000BEC668FC860858409C66E4A042E83040,,0102000020E610000002000000BE26F77DB03258406975EE4D3EBF3440BEC668FC860858409C66E4A042E83040
VYHH,VYYY,KBZ853,AT76,160,20250601,1247,0,VYHH,VYYY,,0101000020E6100000BE26F77DB03258406975EE4D3EBF3440,0101000020E6100000BEC668FC860858409C66E4A042E83040,,0102000020E610000002000000BE26F77DB03258406975EE4D3EBF3440BEC668FC860858409C66E4A042E83040
VYHH,VYYY,MYP673,AT76,160,20250602,0510,0,VYHH,VYYY,,0101000020E6100000BE26F77DB03258406975EE4D3EBF3440,0101000020E6100000BEC668FC860858409C66E4A042E83040,,0102000020E610000002000000BE26F77DB03258406975EE4D3EBF3440BEC668FC860858409C66E4A042E83040
VYHH,VYYY,KBZ225,AT76,160,20250602,0156,0,VYHH,VYYY,,0101000020E6100000BE26F77DB03258406975EE4D3EBF3440,0101000020E6100000BEC668FC860858409C66E4A042E83040,,0102000020E610000002000000BE26F77DB03258406975EE4D3EBF3440BEC668FC860858409C66E4A042E83040
VYHH,VYYY,MYP674,AT76,160,20250607,0521,0,VYHH,VYYY,,0101000020E6100000BE26F77DB03258406975EE4D3EBF3440,0101000020E6100000BEC668FC860858409C66E4A042E83040,,0102000020E610000002000000BE26F77DB03258406975EE4D3EBF3440BEC668FC860858409C66E4A042E83040
VYHH,VYYY,UBA1228,AT76,160,20250607,0405,0,VYHH,VYYY,,0101000020E6100000BE26F77DB03258406975EE4D3EBF3440,0101000020E6100000BEC668FC860858409C66E4A042E83040,,0102000020E610000002000000BE26F77DB03258406975EE4D3EBF3440BEC668FC860858409C66E4A042E83040
VYHH,VYYY,UBA1228,AT76,160,20250602,1038,0,VYHH,VYYY,,0101000020E6100000BE26F77DB03258406975EE4D3EBF3440,0101000020E6100000BEC668FC860858409C66E4A042E83040,,0102000020E610000002000000BE26F77DB03258406975EE4D3EBF3440BEC668FC860858409C66E4A042E83040
VYHH,VYYY,UBA1228,AT76,160,20250601,1436,0,VYHH,VYYY,,0101000020E6100000BE26F77DB03258406975EE4D3EBF3440,0101000020E6100000BEC668FC860858409C66E4A042E83040,,0102000020E610000002000000BE26F77DB03258406975EE4D3EBF3440BEC668FC860858409C66E4A042E83040
VYHH,VYYY,KBZ847,AT76,160,20250603,0116,0,VYHH,VYYY,,0101000020E6100000BE26F77DB03258406975EE4D3EBF3440,0101000020E6100000BEC668FC860858409C66E4A042E83040,,0102000020E610000002000000BE26F77DB03258406975EE4D3EBF3440BEC668FC860858409C66E4A042E83040
VYHH,VYYY,KBZ827,AT76,160,20250603,1203,0,VYHH,VYYY,,0101000020E6100000BE26F77DB03258406975EE4D3EBF3440,0101000020E6100000BEC668FC860858409C66E4A042E83040,,0102000020E610000002000000BE26F77DB03258406975EE4D3EBF3440BEC668FC860858409C66E4A042E83040
VYHH,VYYY,MYP222,AT76,180,20250601,0427,0,VYHH,VYYY,,0101000020E6100000BE26F77DB03258406975EE4D3EBF3440,0101000020E6100000BEC668FC860858409C66E4A042E83040,,0102000020E610000002000000BE26F77DB03258406975EE4D3EBF3440BEC668FC860858409C66E4A042E83040
VIDP,VYYY,AIC2235,A20N,150,20250604,0412,0,TEBOV,VYYY,,0101000020E6100000A86E0DF0CDFF564072180E7CF36A3440,0101000020E6100000BEC668FC860858409C66E4A042E83040,,0102000020E610000002000000A86E0DF0CDFF564072180E7CF36A3440BEC668FC860858409C66E4A042E83040
VYHH,VYYY,MYP222,AT76,180,20250603,0245,0,VYHH,VYYY,,0101000020E6100000BE26F77DB03258406975EE4D3EBF3440,0101000020E6100000BEC668FC860858409C66E4A042E83040,,0102000020E610000002000000BE26F77DB03258406975EE4D3EBF3440BEC668FC860858409C66E4A042E83040
VYHH,VYYY,UBA1228,AT76,160,20250604,1219,0,VYHH,VYYY,,0101000020E6100000BE26F77DB03258406975EE4D3EBF3440,0101000020E6100000BEC668FC860858409C66E4A042E83040,,0102000020E610000002000000BE26F77DB03258406975EE4D3EBF3440BEC668FC860858409C66E4A042E83040
VYHH,VYYY,KBZ847,AT76,160,20250604,0525,0,VYHH,VYYY,,0101000020E6100000BE26F77DB03258406975EE4D3EBF3440,0101000020E6100000BEC668FC860858409C66E4A042E83040,,0102000020E610000002000000BE26F77DB03258406975EE4D3EBF3440BEC668FC860858409C66E4A042E83040
VYHH,VYYY,MYP222,AT76,160,20250604,0421,0,VYHH,VYYY,,0101000020E6100000BE26F77DB03258406975EE4D3EBF3440,0101000020E6100000BEC668FC860858409C66E4A042E83040,,0102000020E610000002000000BE26F77DB03258406975EE4D3EBF3440BEC668FC860858409C66E4A042E83040
VYHH,VYYY,MYP222,AT76,160,20250605,0423,0,VYHH,VYYY,,0101000020E6100000BE26F77DB03258406975EE4D3EBF3440,0101000020E6100000BEC668FC860858409C66E4A042E83040,,0102000020E610000002000000BE26F77DB03258406975EE4D3EBF3440BEC668FC860858409C66E4A042E83040
VYHH,VYYY,KBZ847,AT76,160,20250605,0104,0,VYHH,VYYY,,0101000020E6100000BE26F77DB03258406975EE4D3EBF3440,0101000020E6100000BEC668FC860858409C66E4A042E83040,,0102000020E610000002000000BE26F77DB03258406975EE4D3EBF3440BEC668FC860858409C66E4A042E83040
VYHH,VYYY,KBZ853,AT76,160,20250605,1233,0,VYHH,VYYY,,0101000020E6100000BE26F77DB03258406975EE4D3EBF3440,0101000020E6100000BEC668FC860858409C66E4A042E83040,,0102000020E610000002000000BE26F77DB03258406975EE4D3EBF3440BEC668FC860858409C66E4A042E83040
VYHH,VYYY,UBA1227,AT76,180,20250605,1444,0,VYHH,VYYY,,0101000020E6100000BE26F77DB03258406975EE4D3EBF3440,0101000020E6100000BEC668FC860858409C66E4A042E83040,,0102000020E610000002000000BE26F77DB03258406975EE4D3EBF3440BEC668FC860858409C66E4A042E83040
VYKG,VYYY,KBZ837,AT76,160,20250607,1305,0,VYKG,VYYY,,0101000020E6100000C7E1065BB0E85840A1D634EF384D3540,0101000020E6100000BEC668FC860858409C66E4A042E83040,,0102000020E610000002000000C7E1065BB0E85840A1D634EF384D3540BEC668FC860858409C66E4A042E83040
VYKG,VYYY,KBZ837,AT76,180,20250605,1303,0,VYKG,VYYY,,0101000020E6100000C7E1065BB0E85840A1D634EF384D3540,0101000020E6100000BEC668FC860858409C66E4A042E83040,,0102000020E610000002000000C7E1065BB0E85840A1D634EF384D3540BEC668FC860858409C66E4A042E83040
VYKL,VYYY,KBZ781,AT76,170,20250607,1047,0,VYKL,VYYY,,0101000020E6100000EEBF219645835740BD4F97BD53303740,0101000020E6100000BEC668FC860858409C66E4A042E83040,,0102000020E610000002000000EEBF219645835740BD4F97BD53303740BEC668FC860858409C66E4A042E83040
VYKL,VYYY,UBA1504,AT76,170,20250607,1238,0,VYKL,VYYY,,0101000020E6100000EEBF219645835740BD4F97BD53303740,0101000020E6100000BEC668FC860858409C66E4A042E83040,,0102000020E610000002000000EEBF219645835740BD4F97BD53303740BEC668FC860858409C66E4A042E83040
VYKL,VYYY,UBA504,AT76,170,20250604,0740,0,VYKL,VYYY,,0101000020E6100000EEBF219645835740BD4F97BD53303740,0101000020E6100000BEC668FC860858409C66E4A042E83040,,0102000020E610000002000000EEBF219645835740BD4F97BD53303740BEC668FC860858409C66E4A042E83040
VYKL,VYYY,UBA1504,AT76,170,20250604,1140,0,VYKL,VYYY,,0101000020E6100000EEBF219645835740BD4F97BD53303740,0101000020E6100000BEC668FC860858409C66E4A042E83040,,0102000020E610000002000000EEBF219645835740BD4F97BD53303740BEC668FC860858409C66E4A042E83040
VYKL,VYYY,KBZ782,AT76,170,20250604,1115,0,VYKL,VYYY,,0101000020E6100000EEBF219645835740BD4F97BD53303740,0101000020E6100000BEC668FC860858409C66E4A042E83040,,0102000020E610000002000000EEBF219645835740BD4F97BD53303740BEC668FC860858409C66E4A042E83040
VYKL,VYYY,UBA504,AT76,120,20250602,0207,0,VYKL,VYYY,,0101000020E6100000EEBF219645835740BD4F97BD53303740,0101000020E6100000BEC668FC860858409C66E4A042E83040,,0102000020E610000002000000EEBF219645835740BD4F97BD53303740BEC668FC860858409C66E4A042E83040
VYKL,VYYY,KBZ229,AT76,170,20250601,0913,0,VYKL,VYYY,,0101000020E6100000EEBF219645835740BD4F97BD53303740,0101000020E6100000BEC668FC860858409C66E4A042E83040,,0102000020E610000002000000EEBF219645835740BD4F97BD53303740BEC668FC860858409C66E4A042E83040
VYKL,VYYY,KBZ782,AT76,170,20250602,1115,0,VYKL,VYYY,,0101000020E6100000EEBF219645835740BD4F97BD53303740,0101000020E6100000BEC668FC860858409C66E4A042E83040,,0102000020E610000002000000EEBF219645835740BD4F97BD53303740BEC668FC860858409C66E4A042E83040
VYKL,VYYY,UBA1511,AT76,170,20250603,1226,0,VYKL,VYYY,,0101000020E6100000EEBF219645835740BD4F97BD53303740,0101000020E6100000BEC668FC860858409C66E4A042E83040,,0102000020E610000002000000EEBF219645835740BD4F97BD53303740BEC668FC860858409C66E4A042E83040
VYKL,VYYY,KBZ229,AT76,170,20250605,0413,0,VYKL,VYYY,,0101000020E6100000EEBF219645835740BD4F97BD53303740,0101000020E6100000BEC668FC860858409C66E4A042E83040,,0102000020E610000002000000EEBF219645835740BD4F97BD53303740BEC668FC860858409C66E4A042E83040
VYKL,VYYY,UBA504,AT76,170,20250601,0022,0,VYKL,VYYY,,0101000020E6100000EEBF219645835740BD4F97BD53303740,0101000020E6100000BEC668FC860858409C66E4A042E83040,,0102000020E610000002000000EEBF219645835740BD4F97BD53303740BEC668FC860858409C66E4A042E83040
VYKL,VYYY,UBA1583,AT76,170,20250606,1232,0,VYKL,VYYY,,0101000020E6100000EEBF219645835740BD4F97BD53303740,0101000020E6100000BEC668FC860858409C66E4A042E83040,,0102000020E610000002000000EEBF219645835740BD4F97BD53303740BEC668FC860858409C66E4A042E83040
VYKP,VYYY,KBZ813,AT76,170,20250606,0503,0,VYKP,VYYY,,0101000020E61000003F046E40386257408719D832326D3340,0101000020E6100000BEC668FC860858409C66E4A042E83040,,0102000020E6100000020000003F046E40386257408719D832326D3340BEC668FC860858409C66E4A042E83040
VYKP,VYYY,UBA1432,AT76,170,20250607,0131,0,VYKP,VYYY,,0101000020E61000003F046E40386257408719D832326D3340,0101000020E6100000BEC668FC860858409C66E4A042E83040,,0102000020E6100000020000003F046E40386257408719D832326D3340BEC668FC860858409C66E4A042E83040
VYKP,VYYY,KBZ813,AT76,170,20250603,0553,0,VYKP,VYYY,,0101000020E61000003F046E40386257408719D832326D3340,0101000020E6100000BEC668FC860858409C66E4A042E83040,,0102000020E6100000020000003F046E40386257408719D832326D3340BEC668FC860858409C66E4A042E83040
VYKP,VYYY,UBA1432,AT76,170,20250603,0124,0,VYKP,VYYY,,0101000020E61000003F046E40386257408719D832326D3340,0101000020E6100000BEC668FC860858409C66E4A042E83040,,0102000020E6100000020000003F046E40386257408719D832326D3340BEC668FC860858409C66E4A042E83040
VYKP,VYYY,UBA404,AT76,150,20250607,0137,0,VYKP,VYYY,,0101000020E61000003F046E40386257408719D832326D3340,0101000020E6100000BEC668FC860858409C66E4A042E83040,,0102000020E6100000020000003F046E40386257408719D832326D3340BEC668FC860858409C66E4A042E83040
VYKP,VYYY,UBA1432,AT76,150,20250606,0123,0,VYKP,VYYY,,0101000020E61000003F046E40386257408719D832326D3340,0101000020E6100000BEC668FC860858409C66E4A042E83040,,0102000020E6100000020000003F046E40386257408719D832326D3340BEC668FC860858409C66E4A042E83040
VYKP,VYYY,UBA1432,AT76,170,20250605,0104,0,VYKP,VYYY,,0101000020E61000003F046E40386257408719D832326D3340,0101000020E6100000BEC668FC860858409C66E4A042E83040,,0102000020E6100000020000003F046E40386257408719D832326D3340BEC668FC860858409C66E4A042E83040
VYKP,VYYY,UBA1404,AT76,170,20250605,0553,0,VYKP,VYYY,,0101000020E61000003F046E40386257408719D832326D3340,0101000020E6100000BEC668FC860858409C66E4A042E83040,,0102000020E6100000020000003F046E40386257408719D832326D3340BEC668FC860858409C66E4A042E83040
VYKP,VYYY,KBZ412,AT76,150,20250602,0222,0,VYKP,VYYY,,0101000020E61000003F046E40386257408719D832326D3340,0101000020E6100000BEC668FC860858409C66E4A042E83040,,0102000020E6100000020000003F046E40386257408719D832326D3340BEC668FC860858409C66E4A042E83040
VTBS,VYYY,MMA334,A320,340,20250606,0922,0,BETNO,VYYY,,0101000020E610000093DA72CB5A8D5840E8E5A88A46322E40,0101000020E6100000BEC668FC860858409C66E4A042E83040,,0102000020E61000000200000093DA72CB5A8D5840E8E5A88A46322E40BEC668FC860858409C66E4A042E83040
VYKT,VYYY,KBZ837,AT76,160,20250603,1231,0,VYKT,VYYY,,0101000020E61000003D0AD7A370A2584014BA437164192440,0101000020E6100000BEC668FC860858409C66E4A042E83040,,0102000020E6100000020000003D0AD7A370A2584014BA437164192440BEC668FC860858409C66E4A042E83040
VTBS,VYYY,DRK162,A319,130,20250604,1319,0,BETNO,VYYY,,0101000020E610000093DA72CB5A8D5840E8E5A88A46322E40,0101000020E6100000BEC668FC860858409C66E4A042E83040,,0102000020E61000000200000093DA72CB5A8D5840E8E5A88A46322E40BEC668FC860858409C66E4A042E83040
VYKT,VYYY,KBZ821,AT76,160,20250602,1510,0,VYKT,VYYY,,0101000020E61000003D0AD7A370A2584014BA437164192440,0101000020E6100000BEC668FC860858409C66E4A042E83040,,0102000020E6100000020000003D0AD7A370A2584014BA437164192440BEC668FC860858409C66E4A042E83040
VYMD,VYYY,MMA3308,A319,250,20250602,0720,0,VYMD,VYYY,,0101000020E610000093DFC3A18EFE5740BC08117879B33540,0101000020E6100000BEC668FC860858409C66E4A042E83040,,0102000020E61000000200000093DFC3A18EFE5740BC08117879B33540BEC668FC860858409C66E4A042E83040
VYMD,VYYY,MMA835,AT76,170,20250602,1456,0,VYMD,VYYY,,0101000020E610000093DFC3A18EFE5740BC08117879B33540,0101000020E6100000BEC668FC860858409C66E4A042E83040,,0102000020E61000000200000093DFC3A18EFE5740BC08117879B33540BEC668FC860858409C66E4A042E83040
VYMD,VYYY,KBZ637,AT76,170,20250607,1340,0,VYMD,VYYY,,0101000020E610000093DFC3A18EFE5740BC08117879B33540,0101000020E6100000BEC668FC860858409C66E4A042E83040,,0102000020E61000000200000093DFC3A18EFE5740BC08117879B33540BEC668FC860858409C66E4A042E83040
OMDB,VYYY,MMA101,A319,370,20250604,1444,0,SAGOD,VYYY,,0101000020E6100000A86E0DF0CDFF5640AE47E17A14EE3140,0101000020E6100000BEC668FC860858409C66E4A042E83040,,0102000020E610000002000000A86E0DF0CDFF5640AE47E17A14EE3140BEC668FC860858409C66E4A042E83040
VOMM,VYYY,MP701,B738,350,20250604,1220,0,SAGOD,VYYY,,0101000020E6100000A86E0DF0CDFF5640AE47E17A14EE3140,0101000020E6100000BEC668FC860858409C66E4A042E83040,,0102000020E610000002000000A86E0DF0CDFF5640AE47E17A14EE3140BEC668FC860858409C66E4A042E83040
VYMD,VYYY,MYP952,AT76,170,20250607,1148,0,VYMD,VYYY,,0101000020E610000093DFC3A18EFE5740BC08117879B33540,0101000020E6100000BEC668FC860858409C66E4A042E83040,,0102000020E61000000200000093DFC3A18EFE5740BC08117879B33540BEC668FC860858409C66E4A042E83040
VYMD,VYYY,MMA3308,A319,250,20250607,0712,0,VYMD,VYYY,,0101000020E610000093DFC3A18EFE5740BC08117879B33540,0101000020E6100000BEC668FC860858409C66E4A042E83040,,0102000020E61000000200000093DFC3A18EFE5740BC08117879B33540BEC668FC860858409C66E4A042E83040
OMDP,VYYY,MMA101,A319,370,20250602,1433,0,SAGOD,VYYY,,0101000020E6100000A86E0DF0CDFF5640AE47E17A14EE3140,0101000020E6100000BEC668FC860858409C66E4A042E83040,,0102000020E610000002000000A86E0DF0CDFF5640AE47E17A14EE3140BEC668FC860858409C66E4A042E83040
VYMD,VYYY,MYP952,AT76,170,20250602,1207,0,VYMD,VYYY,,0101000020E610000093DFC3A18EFE5740BC08117879B33540,0101000020E6100000BEC668FC860858409C66E4A042E83040,,0102000020E61000000200000093DFC3A18EFE5740BC08117879B33540BEC668FC860858409C66E4A042E83040
VYMD,VYYY,UBA812,B738,250,20250607,1155,0,VYMD,VYYY,,0101000020E610000093DFC3A18EFE5740BC08117879B33540,0101000020E6100000BEC668FC860858409C66E4A042E83040,,0102000020E61000000200000093DFC3A18EFE5740BC08117879B33540BEC668FC860858409C66E4A042E83040
OMDW,VYYY,ABD4078,B744,390,20250605,2347,0,SAGOD,VYYY,,0101000020E6100000A86E0DF0CDFF5640AE47E17A14EE3140,0101000020E6100000BEC668FC860858409C66E4A042E83040,,0102000020E610000002000000A86E0DF0CDFF5640AE47E17A14EE3140BEC668FC860858409C66E4A042E83040
OMDB,VYYY,MMA101,A319,390,20250606,1451,0,SAGOD,VYYY,,0101000020E6100000A86E0DF0CDFF5640AE47E17A14EE3140,0101000020E6100000BEC668FC860858409C66E4A042E83040,,0102000020E610000002000000A86E0DF0CDFF5640AE47E17A14EE3140BEC668FC860858409C66E4A042E83040
VOMM,VYYY,MMA631,E190,350,20250607,0626,0,SAGOD,VYYY,,0101000020E6100000A86E0DF0CDFF5640AE47E17A14EE3140,0101000020E6100000BEC668FC860858409C66E4A042E83040,,0102000020E610000002000000A86E0DF0CDFF5640AE47E17A14EE3140BEC668FC860858409C66E4A042E83040
VYMD,VYYY,UBA812,B738,350,20250602,1025,0,VYMD,VYYY,,0101000020E610000093DFC3A18EFE5740BC08117879B33540,0101000020E6100000BEC668FC860858409C66E4A042E83040,,0102000020E61000000200000093DFC3A18EFE5740BC08117879B33540BEC668FC860858409C66E4A042E83040
VYMD,VYYY,UBA682,AT76,170,20250602,1404,0,VYMD,VYYY,,0101000020E610000093DFC3A18EFE5740BC08117879B33540,0101000020E6100000BEC668FC860858409C66E4A042E83040,,0102000020E61000000200000093DFC3A18EFE5740BC08117879B33540BEC668FC860858409C66E4A042E83040
VYMD,VYYY,MYP952,AT76,170,20250604,1248,0,VYMD,VYYY,,0101000020E610000093DFC3A18EFE5740BC08117879B33540,0101000020E6100000BEC668FC860858409C66E4A042E83040,,0102000020E61000000200000093DFC3A18EFE5740BC08117879B33540BEC668FC860858409C66E4A042E83040
VLVT,VYYY,MMA471,AT76,110,20250605,1356,0,MAKAS,VYYY,,0101000020E61000002F9F937BCD9F58401EAAE7AC68D43040,0101000020E6100000BEC668FC860858409C66E4A042E83040,,0102000020E6100000020000002F9F937BCD9F58401EAAE7AC68D43040BEC668FC860858409C66E4A042E83040
RCTP,VYYY,CAL7915,A21N,140,20250603,0239,0,MAKAS,VYYY,,0101000020E61000002F9F937BCD9F58401EAAE7AC68D43040,0101000020E6100000BEC668FC860858409C66E4A042E83040,,0102000020E6100000020000002F9F937BCD9F58401EAAE7AC68D43040BEC668FC860858409C66E4A042E83040
VVDN,VYYY,MMA455,E190,130,20250604,1437,0,MAKAS,VYYY,,0101000020E61000002F9F937BCD9F58401EAAE7AC68D43040,0101000020E6100000BEC668FC860858409C66E4A042E83040,,0102000020E6100000020000002F9F937BCD9F58401EAAE7AC68D43040BEC668FC860858409C66E4A042E83040
VVDN,VYYY,MMA455,E190,380,20250607,1437,0,MAKAS,VYYY,,0101000020E61000002F9F937BCD9F58401EAAE7AC68D43040,0101000020E6100000BEC668FC860858409C66E4A042E83040,,0102000020E6100000020000002F9F937BCD9F58401EAAE7AC68D43040BEC668FC860858409C66E4A042E83040
VTBS,VYYY,THA301,A320,360,20250605,0324,0,LUDVI,VYYY,,0101000020E61000002072E1DDDDA55840AF1CE757EFF52E40,0101000020E6100000BEC668FC860858409C66E4A042E83040,,0102000020E6100000020000002072E1DDDDA55840AF1CE757EFF52E40BEC668FC860858409C66E4A042E83040
VVTS,VYYY,MMA453,E190,130,20250605,1637,0,LUDVI,VYYY,,0101000020E61000002072E1DDDDA55840AF1CE757EFF52E40,0101000020E6100000BEC668FC860858409C66E4A042E83040,,0102000020E6100000020000002072E1DDDDA55840AF1CE757EFF52E40BEC668FC860858409C66E4A042E83040
VYMD,VYYY,UBA104,B738,250,20250601,0240,0,VYMD,VYYY,,0101000020E610000093DFC3A18EFE5740BC08117879B33540,0101000020E6100000BEC668FC860858409C66E4A042E83040,,0102000020E61000000200000093DFC3A18EFE5740BC08117879B33540BEC668FC860858409C66E4A042E83040
VTBS,VYYY,THA301,A320,360,20250607,0333,0,LUDVI,VYYY,,0101000020E61000002072E1DDDDA55840AF1CE757EFF52E40,0101000020E6100000BEC668FC860858409C66E4A042E83040,,0102000020E6100000020000002072E1DDDDA55840AF1CE757EFF52E40BEC668FC860858409C66E4A042E83040
VYMD,VYYY,MMA3308,E190,250,20250603,0708,0,VYMD,VYYY,,0101000020E610000093DFC3A18EFE5740BC08117879B33540,0101000020E6100000BEC668FC860858409C66E4A042E83040,,0102000020E61000000200000093DFC3A18EFE5740BC08117879B33540BEC668FC860858409C66E4A042E83040
VYMD,VYYY,MMA3308,E190,250,20250601,0717,0,VYMD,VYYY,,0101000020E610000093DFC3A18EFE5740BC08117879B33540,0101000020E6100000BEC668FC860858409C66E4A042E83040,,0102000020E61000000200000093DFC3A18EFE5740BC08117879B33540BEC668FC860858409C66E4A042E83040
VYMD,VYYY,MMA375,AT76,170,20250606,1230,0,VYMD,VYYY,,0101000020E610000093DFC3A18EFE5740BC08117879B33540,0101000020E6100000BEC668FC860858409C66E4A042E83040,,0102000020E61000000200000093DFC3A18EFE5740BC08117879B33540BEC668FC860858409C66E4A042E83040
VYMD,VYYY,MMA3308,E190,250,20250606,0713,0,VYMD,VYYY,,0101000020E610000093DFC3A18EFE5740BC08117879B33540,0101000020E6100000BEC668FC860858409C66E4A042E83040,,0102000020E61000000200000093DFC3A18EFE5740BC08117879B33540BEC668FC860858409C66E4A042E83040
VYMD,VYYY,MMA3308,E190,290,20250604,0711,0,VYMD,VYYY,,0101000020E610000093DFC3A18EFE5740BC08117879B33540,0101000020E6100000BEC668FC860858409C66E4A042E83040,,0102000020E61000000200000093DFC3A18EFE5740BC08117879B33540BEC668FC860858409C66E4A042E83040
VYMD,VYYY,UBA1626,AT76,170,20250605,1319,0,VYMD,VYYY,,0101000020E610000093DFC3A18EFE5740BC08117879B33540,0101000020E6100000BEC668FC860858409C66E4A042E83040,,0102000020E61000000200000093DFC3A18EFE5740BC08117879B33540BEC668FC860858409C66E4A042E83040
VYMD,VYYY,MYP952,AT76,170,20250603,1146,0,VYMD,VYYY,,0101000020E610000093DFC3A18EFE5740BC08117879B33540,0101000020E6100000BEC668FC860858409C66E4A042E83040,,0102000020E61000000200000093DFC3A18EFE5740BC08117879B33540BEC668FC860858409C66E4A042E83040
VYMD,VYYY,UBA812,B738,250,20250603,1151,0,VYMD,VYYY,,0101000020E610000093DFC3A18EFE5740BC08117879B33540,0101000020E6100000BEC668FC860858409C66E4A042E83040,,0102000020E61000000200000093DFC3A18EFE5740BC08117879B33540BEC668FC860858409C66E4A042E83040
VDPP,VYYY,MMA402,E190,160,20250604,1456,0,LUDVI,VYYY,,0101000020E61000002072E1DDDDA55840AF1CE757EFF52E40,0101000020E6100000BEC668FC860858409C66E4A042E83040,,0102000020E6100000020000002072E1DDDDA55840AF1CE757EFF52E40BEC668FC860858409C66E4A042E83040
VYMD,VYYY,MMA3308,E190,250,20250605,0712,0,VYMD,VYYY,,0101000020E610000093DFC3A18EFE5740BC08117879B33540,0101000020E6100000BEC668FC860858409C66E4A042E83040,,0102000020E61000000200000093DFC3A18EFE5740BC08117879B33540BEC668FC860858409C66E4A042E83040
VTBS,VYYY,THA303,A320,130,20250607,1058,0,LUDVI,VYYY,,0101000020E61000002072E1DDDDA55840AF1CE757EFF52E40,0101000020E6100000BEC668FC860858409C66E4A042E83040,,0102000020E6100000020000002072E1DDDDA55840AF1CE757EFF52E40BEC668FC860858409C66E4A042E83040
VYMD,VYYY,MYP952,AT76,170,20250606,1127,0,VYMD,VYYY,,0101000020E610000093DFC3A18EFE5740BC08117879B33540,0101000020E6100000BEC668FC860858409C66E4A042E83040,,0102000020E61000000200000093DFC3A18EFE5740BC08117879B33540BEC668FC860858409C66E4A042E83040
VTBS,VYYY,UBA020,B738,140,20250604,0306,0,LUDVI,VYYY,,0101000020E61000002072E1DDDDA55840AF1CE757EFF52E40,0101000020E6100000BEC668FC860858409C66E4A042E83040,,0102000020E6100000020000002072E1DDDDA55840AF1CE757EFF52E40BEC668FC860858409C66E4A042E83040
VYMD,VYYY,UBA812,B738,250,20250605,1152,0,VYMD,VYYY,,0101000020E610000093DFC3A18EFE5740BC08117879B33540,0101000020E6100000BEC668FC860858409C66E4A042E83040,,0102000020E61000000200000093DFC3A18EFE5740BC08117879B33540BEC668FC860858409C66E4A042E83040
VYME,VYYY,KBZ312,AT76,180,20250606,0137,0,VYME,VYYY,,0101000020E6100000E227273DC0A7584022E7F50E54E12840,0101000020E6100000BEC668FC860858409C66E4A042E83040,,0102000020E610000002000000E227273DC0A7584022E7F50E54E12840BEC668FC860858409C66E4A042E83040
VYME,VYYY,MMA302,E190,240,20250605,0600,0,VYME,VYYY,,0101000020E6100000E227273DC0A7584022E7F50E54E12840,0101000020E6100000BEC668FC860858409C66E4A042E83040,,0102000020E610000002000000E227273DC0A7584022E7F50E54E12840BEC668FC860858409C66E4A042E83040
VYME,VYYY,MMA302,AT76,160,20250603,1141,0,VYME,VYYY,,0101000020E6100000E227273DC0A7584022E7F50E54E12840,0101000020E6100000BEC668FC860858409C66E4A042E83040,,0102000020E610000002000000E227273DC0A7584022E7F50E54E12840BEC668FC860858409C66E4A042E83040
VYME,VYYY,MMA312,AT76,160,20250607,0126,0,VYME,VYYY,,0101000020E6100000E227273DC0A7584022E7F50E54E12840,0101000020E6100000BEC668FC860858409C66E4A042E83040,,0102000020E610000002000000E227273DC0A7584022E7F50E54E12840BEC668FC860858409C66E4A042E83040
VYME,VYYY,KBZ312,AT76,160,20250601,0547,0,VYME,VYYY,,0101000020E6100000E227273DC0A7584022E7F50E54E12840,0101000020E6100000BEC668FC860858409C66E4A042E83040,,0102000020E610000002000000E227273DC0A7584022E7F50E54E12840BEC668FC860858409C66E4A042E83040
VYME,VYYY,KBZ312,AT76,160,20250603,0508,0,VYME,VYYY,,0101000020E6100000E227273DC0A7584022E7F50E54E12840,0101000020E6100000BEC668FC860858409C66E4A042E83040,,0102000020E610000002000000E227273DC0A7584022E7F50E54E12840BEC668FC860858409C66E4A042E83040
VYME,VYYY,KBZ312,AT76,160,20250602,0615,0,VYME,VYYY,,0101000020E6100000E227273DC0A7584022E7F50E54E12840,0101000020E6100000BEC668FC860858409C66E4A042E83040,,0102000020E610000002000000E227273DC0A7584022E7F50E54E12840BEC668FC860858409C66E4A042E83040
VYME,VYYY,MMA302,AT76,180,20250604,0637,0,VYME,VYYY,,0101000020E6100000E227273DC0A7584022E7F50E54E12840,0101000020E6100000BEC668FC860858409C66E4A042E83040,,0102000020E610000002000000E227273DC0A7584022E7F50E54E12840BEC668FC860858409C66E4A042E83040
VYME,VYYY,UBA1304,AT76,160,20250602,1437,0,VYME,VYYY,,0101000020E6100000E227273DC0A7584022E7F50E54E12840,0101000020E6100000BEC668FC860858409C66E4A042E83040,,0102000020E610000002000000E227273DC0A7584022E7F50E54E12840BEC668FC860858409C66E4A042E83040
VYME,VYYY,UBA374,AT76,160,20250603,0612,0,VYME,VYYY,,0101000020E6100000E227273DC0A7584022E7F50E54E12840,0101000020E6100000BEC668FC860858409C66E4A042E83040,,0102000020E610000002000000E227273DC0A7584022E7F50E54E12840BEC668FC860858409C66E4A042E83040
VYME,VYYY,UBA346,AT76,180,20250601,1314,0,VYME,VYYY,,0101000020E6100000E227273DC0A7584022E7F50E54E12840,0101000020E6100000BEC668FC860858409C66E4A042E83040,,0102000020E610000002000000E227273DC0A7584022E7F50E54E12840BEC668FC860858409C66E4A042E83040
VYME,VYYY,KBZ312,AT76,180,20250604,0133,0,VYME,VYYY,,0101000020E6100000E227273DC0A7584022E7F50E54E12840,0101000020E6100000BEC668FC860858409C66E4A042E83040,,0102000020E610000002000000E227273DC0A7584022E7F50E54E12840BEC668FC860858409C66E4A042E83040
VYMK,VYYY,KBZ633,AT76,160,20250603,1310,0,VYMK,VYYY,,0101000020E6100000838239179256584078D2E373FE613940,0101000020E6100000BEC668FC860858409C66E4A042E83040,,0102000020E610000002000000838239179256584078D2E373FE613940BEC668FC860858409C66E4A042E83040
VYMK,VYYY,KBZ633,AT76,180,20250604,0518,0,VYMK,VYYY,,0101000020E6100000838239179256584078D2E373FE613940,0101000020E6100000BEC668FC860858409C66E4A042E83040,,0102000020E610000002000000838239179256584078D2E373FE613940BEC668FC860858409C66E4A042E83040
VYMK,VYYY,ST812,AT75,200,20250606,0943,0,VYMK,VYYY,,0101000020E6100000838239179256584078D2E373FE613940,0101000020E6100000BEC668FC860858409C66E4A042E83040,,0102000020E610000002000000838239179256584078D2E373FE613940BEC668FC860858409C66E4A042E83040
VYMK,VYYY,KBZ633,AT76,180,20250605,1258,0,VYMK,VYYY,,0101000020E6100000838239179256584078D2E373FE613940,0101000020E6100000BEC668FC860858409C66E4A042E83040,,0102000020E610000002000000838239179256584078D2E373FE613940BEC668FC860858409C66E4A042E83040
VYMK,VYYY,KBZ633,AT76,180,20250606,1334,0,VYMK,VYYY,,0101000020E6100000838239179256584078D2E373FE613940,0101000020E6100000BEC668FC860858409C66E4A042E83040,,0102000020E610000002000000838239179256584078D2E373FE613940BEC668FC860858409C66E4A042E83040
VYMK,VYYY,KBZ633,AT76,180,20250607,0504,0,VYMK,VYYY,,0101000020E6100000838239179256584078D2E373FE613940,0101000020E6100000BEC668FC860858409C66E4A042E83040,,0102000020E610000002000000838239179256584078D2E373FE613940BEC668FC860858409C66E4A042E83040
VYMK,VYYY,MYP953,AT76,200,20250605,1217,0,VYMK,VYYY,,0101000020E6100000838239179256584078D2E373FE613940,0101000020E6100000BEC668FC860858409C66E4A042E83040,,0102000020E610000002000000838239179256584078D2E373FE613940BEC668FC860858409C66E4A042E83040
VYMK,VYYY,ST812,AT75,180,20250601,0940,0,VYMK,VYYY,,0101000020E6100000838239179256584078D2E373FE613940,0101000020E6100000BEC668FC860858409C66E4A042E83040,,0102000020E610000002000000838239179256584078D2E373FE613940BEC668FC860858409C66E4A042E83040
VYMK,VYYY,KBZ633,AT76,160,20250601,1247,0,VYMK,VYYY,,0101000020E6100000838239179256584078D2E373FE613940,0101000020E6100000BEC668FC860858409C66E4A042E83040,,0102000020E610000002000000838239179256584078D2E373FE613940BEC668FC860858409C66E4A042E83040
VYMK,VYYY,UBA1651,AT76,180,20250606,1245,0,VYMK,VYYY,,0101000020E6100000838239179256584078D2E373FE613940,0101000020E6100000BEC668FC860858409C66E4A042E83040,,0102000020E610000002000000838239179256584078D2E373FE613940BEC668FC860858409C66E4A042E83040
VYMK,VYYY,UBA1602,AT76,180,20250603,1048,0,VYMK,VYYY,,0101000020E6100000838239179256584078D2E373FE613940,0101000020E6100000BEC668FC860858409C66E4A042E83040,,0102000020E610000002000000838239179256584078D2E373FE613940BEC668FC860858409C66E4A042E83040
VYMK,VYYY,KBZ633,AT76,180,20250602,1233,0,VYMK,VYYY,,0101000020E6100000838239179256584078D2E373FE613940,0101000020E6100000BEC668FC860858409C66E4A042E83040,,0102000020E610000002000000838239179256584078D2E373FE613940BEC668FC860858409C66E4A042E83040
VYMK,VYYY,ST740,AT75,200,20250604,0804,0,VYMK,VYYY,,0101000020E6100000838239179256584078D2E373FE613940,0101000020E6100000BEC668FC860858409C66E4A042E83040,,0102000020E610000002000000838239179256584078D2E373FE613940BEC668FC860858409C66E4A042E83040
VYMK,VYYY,UBA1602,AT76,180,20250601,1455,0,VYMK,VYYY,,0101000020E6100000838239179256584078D2E373FE613940,0101000020E6100000BEC668FC860858409C66E4A042E83040,,0102000020E610000002000000838239179256584078D2E373FE613940BEC668FC860858409C66E4A042E83040
VYMK,VYYY,ST740,AT75,160,20250602,0749,0,VYMK,VYYY,,0101000020E6100000838239179256584078D2E373FE613940,0101000020E6100000BEC668FC860858409C66E4A042E83040,,0102000020E610000002000000838239179256584078D2E373FE613940BEC668FC860858409C66E4A042E83040
VYMK,VYYY,MYP952,AT76,180,20250601,1254,0,VYMK,VYYY,,0101000020E6100000838239179256584078D2E373FE613940,0101000020E6100000BEC668FC860858409C66E4A042E83040,,0102000020E610000002000000838239179256584078D2E373FE613940BEC668FC860858409C66E4A042E83040
VYMM,VYYY,ST412,AT75,120,20250602,0139,0,VYMM,VYYY,,0101000020E6100000D11D8A234B6A58407BA22DDFE1713040,0101000020E6100000BEC668FC860858409C66E4A042E83040,,0102000020E610000002000000D11D8A234B6A58407BA22DDFE1713040BEC668FC860858409C66E4A042E83040
VYMM,VYYY,ST412,AT75,120,20250606,0113,0,VYMM,VYYY,,0101000020E6100000D11D8A234B6A58407BA22DDFE1713040,0101000020E6100000BEC668FC860858409C66E4A042E83040,,0102000020E610000002000000D11D8A234B6A58407BA22DDFE1713040BEC668FC860858409C66E4A042E83040
VYMM,VYYY,ST412,AT75,120,20250605,0152,0,VYMM,VYYY,,0101000020E6100000D11D8A234B6A58407BA22DDFE1713040,0101000020E6100000BEC668FC860858409C66E4A042E83040,,0102000020E610000002000000D11D8A234B6A58407BA22DDFE1713040BEC668FC860858409C66E4A042E83040
VYMM,VYYY,ST412,AT75,120,20250603,0145,0,VYMM,VYYY,,0101000020E6100000D11D8A234B6A58407BA22DDFE1713040,0101000020E6100000BEC668FC860858409C66E4A042E83040,,0102000020E610000002000000D11D8A234B6A58407BA22DDFE1713040BEC668FC860858409C66E4A042E83040
VYMY,VYYY,UBA5006,AT76,190,20250606,0443,0,VYMY,VYYY,,0101000020E610000056730C0AFBC55740E40E1F0171393640,0101000020E6100000BEC668FC860858409C66E4A042E83040,,0102000020E61000000200000056730C0AFBC55740E40E1F0171393640BEC668FC860858409C66E4A042E83040
VYNT,VYYY,UBA204,AT76,150,20250607,1452,0,VYNT,VYYY,,0101000020E6100000BE9F1A2FDD0C5840BA6B09F9A09F3340,0101000020E6100000BEC668FC860858409C66E4A042E83040,,0102000020E610000002000000BE9F1A2FDD0C5840BA6B09F9A09F3340BEC668FC860858409C66E4A042E83040
VYNT,VYYY,UBA102,AT76,150,20250603,0130,0,VYNT,VYYY,,0101000020E6100000BE9F1A2FDD0C5840BA6B09F9A09F3340,0101000020E6100000BEC668FC860858409C66E4A042E83040,,0102000020E610000002000000BE9F1A2FDD0C5840BA6B09F9A09F3340BEC668FC860858409C66E4A042E83040
VYNT,VYYY,UBA218,AT76,150,20250606,1545,0,VYNT,VYYY,,0101000020E6100000BE9F1A2FDD0C5840BA6B09F9A09F3340,0101000020E6100000BEC668FC860858409C66E4A042E83040,,0102000020E610000002000000BE9F1A2FDD0C5840BA6B09F9A09F3340BEC668FC860858409C66E4A042E83040
VYNT,VYYY,UBA1626,AT76,150,20250602,1357,0,VYNT,VYYY,,0101000020E6100000BE9F1A2FDD0C5840BA6B09F9A09F3340,0101000020E6100000BEC668FC860858409C66E4A042E83040,,0102000020E610000002000000BE9F1A2FDD0C5840BA6B09F9A09F3340BEC668FC860858409C66E4A042E83040
VYNT,VYYY,KBZ827,AT76,150,20250604,1209,0,VYNT,VYYY,,0101000020E6100000BE9F1A2FDD0C5840BA6B09F9A09F3340,0101000020E6100000BEC668FC860858409C66E4A042E83040,,0102000020E610000002000000BE9F1A2FDD0C5840BA6B09F9A09F3340BEC668FC860858409C66E4A042E83040
VTBS,VYYY,THA301,A320,340,20250602,0311,0,LUDVI,VYYY,,0101000020E61000002072E1DDDDA55840AF1CE757EFF52E40,0101000020E6100000BEC668FC860858409C66E4A042E83040,,0102000020E6100000020000002072E1DDDDA55840AF1CE757EFF52E40BEC668FC860858409C66E4A042E83040
VYNT,VYYY,UBA214,AT76,150,20250603,1404,0,VYNT,VYYY,,0101000020E6100000BE9F1A2FDD0C5840BA6B09F9A09F3340,0101000020E6100000BEC668FC860858409C66E4A042E83040,,0102000020E610000002000000BE9F1A2FDD0C5840BA6B09F9A09F3340BEC668FC860858409C66E4A042E83040
VYNT,VYYY,UBA661,AT76,150,20250605,1408,0,VYNT,VYYY,,0101000020E6100000BE9F1A2FDD0C5840BA6B09F9A09F3340,0101000020E6100000BEC668FC860858409C66E4A042E83040,,0102000020E610000002000000BE9F1A2FDD0C5840BA6B09F9A09F3340BEC668FC860858409C66E4A042E83040
VYYY,VTBD,MMA364,A319,330,20250604,0005,0,VYYY,BETNO,,0101000020E6100000BEC668FC860858409C66E4A042E83040,0101000020E610000093DA72CB5A8D5840E8E5A88A46322E40,,0102000020E610000002000000BEC668FC860858409C66E4A042E8304093DA72CB5A8D5840E8E5A88A46322E40
VYSW,VYYY,KBZ425,AT76,170,20250604,0121,0,VYSW,VYYY,,0101000020E61000001AB6B973D9375740A2B7365CFD213440,0101000020E6100000BEC668FC860858409C66E4A042E83040,,0102000020E6100000020000001AB6B973D9375740A2B7365CFD213440BEC668FC860858409C66E4A042E83040
VYSW,VYYY,KBZ425,AT76,190,20250605,0145,0,VYSW,VYYY,,0101000020E61000001AB6B973D9375740A2B7365CFD213440,0101000020E6100000BEC668FC860858409C66E4A042E83040,,0102000020E6100000020000001AB6B973D9375740A2B7365CFD213440BEC668FC860858409C66E4A042E83040
VYSW,VYYY,KBZ425,AT76,170,20250601,0131,0,VYSW,VYYY,,0101000020E61000001AB6B973D9375740A2B7365CFD213440,0101000020E6100000BEC668FC860858409C66E4A042E83040,,0102000020E6100000020000001AB6B973D9375740A2B7365CFD213440BEC668FC860858409C66E4A042E83040
VYSW,VYYY,MYP418,AT76,170,20250605,0157,0,VYSW,VYYY,,0101000020E61000001AB6B973D9375740A2B7365CFD213440,0101000020E6100000BEC668FC860858409C66E4A042E83040,,0102000020E6100000020000001AB6B973D9375740A2B7365CFD213440BEC668FC860858409C66E4A042E83040
VYSW,VYYY,MYP418,AT76,170,20250604,0204,0,VYSW,VYYY,,0101000020E61000001AB6B973D9375740A2B7365CFD213440,0101000020E6100000BEC668FC860858409C66E4A042E83040,,0102000020E6100000020000001AB6B973D9375740A2B7365CFD213440BEC668FC860858409C66E4A042E83040
VYSW,VYYY,MYP418,AT76,170,20250601,0205,0,VYSW,VYYY,,0101000020E61000001AB6B973D9375740A2B7365CFD213440,0101000020E6100000BEC668FC860858409C66E4A042E83040,,0102000020E6100000020000001AB6B973D9375740A2B7365CFD213440BEC668FC860858409C66E4A042E83040
VYSW,VYYY,UBA402,AT76,190,20250606,0846,0,VYSW,VYYY,,0101000020E61000001AB6B973D9375740A2B7365CFD213440,0101000020E6100000BEC668FC860858409C66E4A042E83040,,0102000020E6100000020000001AB6B973D9375740A2B7365CFD213440BEC668FC860858409C66E4A042E83040
VYSW,VYYY,KBZ425,AT76,170,20250603,0127,0,VYSW,VYYY,,0101000020E61000001AB6B973D9375740A2B7365CFD213440,0101000020E6100000BEC668FC860858409C66E4A042E83040,,0102000020E6100000020000001AB6B973D9375740A2B7365CFD213440BEC668FC860858409C66E4A042E83040
VYSW,VYYY,MYP418,AT76,170,20250606,0153,0,VYSW,VYYY,,0101000020E61000001AB6B973D9375740A2B7365CFD213440,0101000020E6100000BEC668FC860858409C66E4A042E83040,,0102000020E6100000020000001AB6B973D9375740A2B7365CFD213440BEC668FC860858409C66E4A042E83040
VYSW,VYYY,UBA1402,AT76,170,20250601,0010,0,VYSW,VYYY,,0101000020E61000001AB6B973D9375740A2B7365CFD213440,0101000020E6100000BEC668FC860858409C66E4A042E83040,,0102000020E6100000020000001AB6B973D9375740A2B7365CFD213440BEC668FC860858409C66E4A042E83040
VYSW,VYYY,UBA1585,AT76,160,20250602,0010,0,VYSW,VYYY,,0101000020E61000001AB6B973D9375740A2B7365CFD213440,0101000020E6100000BEC668FC860858409C66E4A042E83040,,0102000020E6100000020000001AB6B973D9375740A2B7365CFD213440BEC668FC860858409C66E4A042E83040
VYSW,VYYY,MYP418,AT76,170,20250602,0246,0,VYSW,VYYY,,0101000020E61000001AB6B973D9375740A2B7365CFD213440,0101000020E6100000BEC668FC860858409C66E4A042E83040,,0102000020E6100000020000001AB6B973D9375740A2B7365CFD213440BEC668FC860858409C66E4A042E83040
VYSW,VYYY,KBZ243,AT76,170,20250607,0126,0,VYSW,VYYY,,0101000020E61000001AB6B973D9375740A2B7365CFD213440,0101000020E6100000BEC668FC860858409C66E4A042E83040,,0102000020E6100000020000001AB6B973D9375740A2B7365CFD213440BEC668FC860858409C66E4A042E83040
VYSW,VYYY,KBZ425,AT76,190,20250606,0543,0,VYSW,VYYY,,0101000020E61000001AB6B973D9375740A2B7365CFD213440,0101000020E6100000BEC668FC860858409C66E4A042E83040,,0102000020E6100000020000001AB6B973D9375740A2B7365CFD213440BEC668FC860858409C66E4A042E83040
VYTL ,VYYY,MYP676,AT76,180,20250604,1127,0,VYTL,VYYY,,0101000020E61000006A14B3DAD3FB5840FD2FB6941C7C3440,0101000020E6100000BEC668FC860858409C66E4A042E83040,,0102000020E6100000020000006A14B3DAD3FB5840FD2FB6941C7C3440BEC668FC860858409C66E4A042E83040
VYTL,VYYY,MYP676,AT76,180,20250607,1043,0,VYTL,VYYY,,0101000020E61000006A14B3DAD3FB5840FD2FB6941C7C3440,0101000020E6100000BEC668FC860858409C66E4A042E83040,,0102000020E6100000020000006A14B3DAD3FB5840FD2FB6941C7C3440BEC668FC860858409C66E4A042E83040
VYTL,VYYY,ST740,AT75,200,20250603,1038,0,VYTL,VYYY,,0101000020E61000006A14B3DAD3FB5840FD2FB6941C7C3440,0101000020E6100000BEC668FC860858409C66E4A042E83040,,0102000020E6100000020000006A14B3DAD3FB5840FD2FB6941C7C3440BEC668FC860858409C66E4A042E83040
VYTL,VYYY,ST728,AT75,180,20250606,0448,0,VYTL,VYYY,,0101000020E61000006A14B3DAD3FB5840FD2FB6941C7C3440,0101000020E6100000BEC668FC860858409C66E4A042E83040,,0102000020E6100000020000006A14B3DAD3FB5840FD2FB6941C7C3440BEC668FC860858409C66E4A042E83040
VYTL,VYYY,MYP677,AT72,180,20250602,1132,0,VYTL,VYYY,,0101000020E61000006A14B3DAD3FB5840FD2FB6941C7C3440,0101000020E6100000BEC668FC860858409C66E4A042E83040,,0102000020E6100000020000006A14B3DAD3FB5840FD2FB6941C7C3440BEC668FC860858409C66E4A042E83040
VYTL,VYYY,ST728,AT75,180,20250601,0447,0,VYTL,VYYY,,0101000020E61000006A14B3DAD3FB5840FD2FB6941C7C3440,0101000020E6100000BEC668FC860858409C66E4A042E83040,,0102000020E6100000020000006A14B3DAD3FB5840FD2FB6941C7C3440BEC668FC860858409C66E4A042E83040
VYTL,VYYY,MYP677,AT72,200,20250605,1100,0,VYTL,VYYY,,0101000020E61000006A14B3DAD3FB5840FD2FB6941C7C3440,0101000020E6100000BEC668FC860858409C66E4A042E83040,,0102000020E6100000020000006A14B3DAD3FB5840FD2FB6941C7C3440BEC668FC860858409C66E4A042E83040
VYTL ,VYYY,MMA845,AT76,200,20250604,0206,0,VYTL,VYYY,,0101000020E61000006A14B3DAD3FB5840FD2FB6941C7C3440,0101000020E6100000BEC668FC860858409C66E4A042E83040,,0102000020E6100000020000006A14B3DAD3FB5840FD2FB6941C7C3440BEC668FC860858409C66E4A042E83040
VYTL,VYYY,MYP676,AT76,180,20250601,1123,0,VYTL,VYYY,,0101000020E61000006A14B3DAD3FB5840FD2FB6941C7C3440,0101000020E6100000BEC668FC860858409C66E4A042E83040,,0102000020E6100000020000006A14B3DAD3FB5840FD2FB6941C7C3440BEC668FC860858409C66E4A042E83040
VYTL,VYYY,KBZ845,AT76,180,20250601,0217,0,VYTL,VYYY,,0101000020E61000006A14B3DAD3FB5840FD2FB6941C7C3440,0101000020E6100000BEC668FC860858409C66E4A042E83040,,0102000020E6100000020000006A14B3DAD3FB5840FD2FB6941C7C3440BEC668FC860858409C66E4A042E83040
VYTL,VYYY,UBA1575,AT76,160,20250602,0054,0,VYTL,VYYY,,0101000020E61000006A14B3DAD3FB5840FD2FB6941C7C3440,0101000020E6100000BEC668FC860858409C66E4A042E83040,,0102000020E6100000020000006A14B3DAD3FB5840FD2FB6941C7C3440BEC668FC860858409C66E4A042E83040
VYTL,VYYY,MMA835,AT76,180,20250607,1208,0,VYTL,VYYY,,0101000020E61000006A14B3DAD3FB5840FD2FB6941C7C3440,0101000020E6100000BEC668FC860858409C66E4A042E83040,,0102000020E6100000020000006A14B3DAD3FB5840FD2FB6941C7C3440BEC668FC860858409C66E4A042E83040
VYTL,VYYY,KBZ845,AT76,160,20250602,1033,0,VYTL,VYYY,,0101000020E61000006A14B3DAD3FB5840FD2FB6941C7C3440,0101000020E6100000BEC668FC860858409C66E4A042E83040,,0102000020E6100000020000006A14B3DAD3FB5840FD2FB6941C7C3440BEC668FC860858409C66E4A042E83040
VYTL,VYYY,KBZ845,AT76,180,20250605,0456,0,VYTL,VYYY,,0101000020E61000006A14B3DAD3FB5840FD2FB6941C7C3440,0101000020E6100000BEC668FC860858409C66E4A042E83040,,0102000020E6100000020000006A14B3DAD3FB5840FD2FB6941C7C3440BEC668FC860858409C66E4A042E83040
VYTL,VYYY,MYP676,AT72,160,20250606,1114,0,VYTL,VYYY,,0101000020E61000006A14B3DAD3FB5840FD2FB6941C7C3440,0101000020E6100000BEC668FC860858409C66E4A042E83040,,0102000020E6100000020000006A14B3DAD3FB5840FD2FB6941C7C3440BEC668FC860858409C66E4A042E83040
VYTL,VYYY,ST740,AT75,180,20250605,1053,0,VYTL,VYYY,,0101000020E61000006A14B3DAD3FB5840FD2FB6941C7C3440,0101000020E6100000BEC668FC860858409C66E4A042E83040,,0102000020E6100000020000006A14B3DAD3FB5840FD2FB6941C7C3440BEC668FC860858409C66E4A042E83040
VYTL,VYYY,KBZ845,AT76,180,20250603,0508,0,VYTL,VYYY,,0101000020E61000006A14B3DAD3FB5840FD2FB6941C7C3440,0101000020E6100000BEC668FC860858409C66E4A042E83040,,0102000020E6100000020000006A14B3DAD3FB5840FD2FB6941C7C3440BEC668FC860858409C66E4A042E83040
VYTL,VYYY,MYP676,AT72,180,20250603,1033,0,VYTL,VYYY,,0101000020E61000006A14B3DAD3FB5840FD2FB6941C7C3440,0101000020E6100000BEC668FC860858409C66E4A042E83040,,0102000020E6100000020000006A14B3DAD3FB5840FD2FB6941C7C3440BEC668FC860858409C66E4A042E83040
VTBS,VYYY,THA303,B772,340,20250604,1117,0,LUDVI,VYYY,,0101000020E61000002072E1DDDDA55840AF1CE757EFF52E40,0101000020E6100000BEC668FC860858409C66E4A042E83040,,0102000020E6100000020000002072E1DDDDA55840AF1CE757EFF52E40BEC668FC860858409C66E4A042E83040
VTBS,VYYY,UBA020,B738,130,20250607,0442,0,LUDVI,VYYY,,0101000020E61000002072E1DDDDA55840AF1CE757EFF52E40,0101000020E6100000BEC668FC860858409C66E4A042E83040,,0102000020E6100000020000002072E1DDDDA55840AF1CE757EFF52E40BEC668FC860858409C66E4A042E83040
VTBD,VYYY,AIQ251,A20N,110,20250604,0037,0,BETNO,VYYY,,0101000020E610000093DA72CB5A8D5840E8E5A88A46322E40,0101000020E6100000BEC668FC860858409C66E4A042E83040,,0102000020E61000000200000093DA72CB5A8D5840E8E5A88A46322E40BEC668FC860858409C66E4A042E83040
VTBS,VYYY,UBA020,B738,360,20250605,0422,0,LUDVI,VYYY,,0101000020E61000002072E1DDDDA55840AF1CE757EFF52E40,0101000020E6100000BEC668FC860858409C66E4A042E83040,,0102000020E6100000020000002072E1DDDDA55840AF1CE757EFF52E40BEC668FC860858409C66E4A042E83040
VVTS,VYYY,MMA453,A319,360,20250603,1612,0,LUDVI,VYYY,,0101000020E61000002072E1DDDDA55840AF1CE757EFF52E40,0101000020E6100000BEC668FC860858409C66E4A042E83040,,0102000020E6100000020000002072E1DDDDA55840AF1CE757EFF52E40BEC668FC860858409C66E4A042E83040
VTBS,VYYY,THA303,B772,320,20250606,1049,0,LUDVI,VYYY,,0101000020E61000002072E1DDDDA55840AF1CE757EFF52E40,0101000020E6100000BEC668FC860858409C66E4A042E83040,,0102000020E6100000020000002072E1DDDDA55840AF1CE757EFF52E40BEC668FC860858409C66E4A042E83040
VTBS,VYYY,THA301,A320,340,20250606,0327,0,LUDVI,VYYY,,0101000020E61000002072E1DDDDA55840AF1CE757EFF52E40,0101000020E6100000BEC668FC860858409C66E4A042E83040,,0102000020E6100000020000002072E1DDDDA55840AF1CE757EFF52E40BEC668FC860858409C66E4A042E83040
VTBS,VYYY,UBA020,B738,130,20250603,0412,0,LUDVI,VYYY,,0101000020E61000002072E1DDDDA55840AF1CE757EFF52E40,0101000020E6100000BEC668FC860858409C66E4A042E83040,,0102000020E6100000020000002072E1DDDDA55840AF1CE757EFF52E40BEC668FC860858409C66E4A042E83040
VYYY,VTBS,PTW915,AT75,190,20250606,0739,0,VYYY,VYYY,,0101000020E6100000BEC668FC860858409C66E4A042E83040,0101000020E6100000BEC668FC860858409C66E4A042E83040,,0102000020E610000002000000BEC668FC860858409C66E4A042E83040BEC668FC860858409C66E4A042E83040
VDPP,VYYY,MMA402,E190,360,20250606,1418,0,LUDVI,VYYY,,0101000020E61000002072E1DDDDA55840AF1CE757EFF52E40,0101000020E6100000BEC668FC860858409C66E4A042E83040,,0102000020E6100000020000002072E1DDDDA55840AF1CE757EFF52E40BEC668FC860858409C66E4A042E83040
VTBS,VYYY,UBA020,B738,360,20250606,0301,0,LUDVI,VYYY,,0101000020E61000002072E1DDDDA55840AF1CE757EFF52E40,0101000020E6100000BEC668FC860858409C66E4A042E83040,,0102000020E6100000020000002072E1DDDDA55840AF1CE757EFF52E40BEC668FC860858409C66E4A042E83040
VVTS,VYYY,MMA453,E190,360,20250607,1641,0,LUDVI,VYYY,,0101000020E61000002072E1DDDDA55840AF1CE757EFF52E40,0101000020E6100000BEC668FC860858409C66E4A042E83040,,0102000020E6100000020000002072E1DDDDA55840AF1CE757EFF52E40BEC668FC860858409C66E4A042E83040
VTBS,VYYY,THA303,A320,150,20250603,1042,0,LUDVI,VYYY,,0101000020E61000002072E1DDDDA55840AF1CE757EFF52E40,0101000020E6100000BEC668FC860858409C66E4A042E83040,,0102000020E6100000020000002072E1DDDDA55840AF1CE757EFF52E40BEC668FC860858409C66E4A042E83040
VTBS,VYYY,THA301,A301,130,20250603,0306,0,LUDVI,VYYY,,0101000020E61000002072E1DDDDA55840AF1CE757EFF52E40,0101000020E6100000BEC668FC860858409C66E4A042E83040,,0102000020E6100000020000002072E1DDDDA55840AF1CE757EFF52E40BEC668FC860858409C66E4A042E83040
ZPPP,VYYY,MMA771,A320,320,20250606,2213,0,LINSO,VYYY,,0101000020E6100000ED3EAEAAAABA58400000000000603740,0101000020E6100000BEC668FC860858409C66E4A042E83040,,0102000020E610000002000000ED3EAEAAAABA58400000000000603740BEC668FC860858409C66E4A042E83040
ZPPP,VYYY,UBA806,B738,360,20250606,1611,0,LINSO,VYYY,,0101000020E6100000ED3EAEAAAABA58400000000000603740,0101000020E6100000BEC668FC860858409C66E4A042E83040,,0102000020E610000002000000ED3EAEAAAABA58400000000000603740BEC668FC860858409C66E4A042E83040
ZPPP,VYYY,UBA8502,B738,340,20250606,2200,0,LINSO,VYYY,,0101000020E6100000ED3EAEAAAABA58400000000000603740,0101000020E6100000BEC668FC860858409C66E4A042E83040,,0102000020E610000002000000ED3EAEAAAABA58400000000000603740BEC668FC860858409C66E4A042E83040
ZPPP,VYYY,MAF5924,Y8/M,130,20250606,0452,0,LINSO,VYYY,,0101000020E6100000ED3EAEAAAABA58400000000000603740,0101000020E6100000BEC668FC860858409C66E4A042E83040,,0102000020E610000002000000ED3EAEAAAABA58400000000000603740BEC668FC860858409C66E4A042E83040
ZPPP,VYYY,CES2031,B738,180,20250606,0552,0,LINSO,VYYY,,0101000020E6100000ED3EAEAAAABA58400000000000603740,0101000020E6100000BEC668FC860858409C66E4A042E83040,,0102000020E610000002000000ED3EAEAAAABA58400000000000603740BEC668FC860858409C66E4A042E83040
ZPPP,VYYY,MMA771,A320,130,20250607,2216,0,LINSO,VYYY,,0101000020E6100000ED3EAEAAAABA58400000000000603740,0101000020E6100000BEC668FC860858409C66E4A042E83040,,0102000020E610000002000000ED3EAEAAAABA58400000000000603740BEC668FC860858409C66E4A042E83040
ZPPP,VYYY,UBA8502,B738,130,20250607,2205,0,LINSO,VYYY,,0101000020E6100000ED3EAEAAAABA58400000000000603740,0101000020E6100000BEC668FC860858409C66E4A042E83040,,0102000020E610000002000000ED3EAEAAAABA58400000000000603740BEC668FC860858409C66E4A042E83040
ZPPP,VYYY,CES2031,B738,360,20250607,0547,0,LINSO,VYYY,,0101000020E6100000ED3EAEAAAABA58400000000000603740,0101000020E6100000BEC668FC860858409C66E4A042E83040,,0102000020E610000002000000ED3EAEAAAABA58400000000000603740BEC668FC860858409C66E4A042E83040
ZPPP,VYYY,CES2031,B738,320,20250605,0603,0,LINSO,VYYY,,0101000020E6100000ED3EAEAAAABA58400000000000603740,0101000020E6100000BEC668FC860858409C66E4A042E83040,,0102000020E610000002000000ED3EAEAAAABA58400000000000603740BEC668FC860858409C66E4A042E83040
VTBS,VYYY,THA303,A320,340,20250605,1056,0,LINSO,VYYY,,0101000020E6100000ED3EAEAAAABA58400000000000603740,0101000020E6100000BEC668FC860858409C66E4A042E83040,,0102000020E610000002000000ED3EAEAAAABA58400000000000603740BEC668FC860858409C66E4A042E83040
ZUGY,VYYY,CTJ3871,B738,320,20250605,0136,0,LINSO,VYYY,,0101000020E6100000ED3EAEAAAABA58400000000000603740,0101000020E6100000BEC668FC860858409C66E4A042E83040,,0102000020E610000002000000ED3EAEAAAABA58400000000000603740BEC668FC860858409C66E4A042E83040
ZPPP,VYYY,UBA8502,B738,360,20250605,2159,0,LINSO,VYYY,,0101000020E6100000ED3EAEAAAABA58400000000000603740,0101000020E6100000BEC668FC860858409C66E4A042E83040,,0102000020E610000002000000ED3EAEAAAABA58400000000000603740BEC668FC860858409C66E4A042E83040
ZPPP,VYYY,MMA771,B734,340,20250605,2217,0,LINSO,VYYY,,0101000020E6100000ED3EAEAAAABA58400000000000603740,0101000020E6100000BEC668FC860858409C66E4A042E83040,,0102000020E610000002000000ED3EAEAAAABA58400000000000603740BEC668FC860858409C66E4A042E83040
ZPPP,VYYY,MAF5923,Y8F,130,20250604,0433,0,LINSO,VYYY,,0101000020E6100000ED3EAEAAAABA58400000000000603740,0101000020E6100000BEC668FC860858409C66E4A042E83040,,0102000020E610000002000000ED3EAEAAAABA58400000000000603740BEC668FC860858409C66E4A042E83040
ZPPP,VYYY,CES2031,B738,300,20250604,0611,0,LINSO,VYYY,,0101000020E6100000ED3EAEAAAABA58400000000000603740,0101000020E6100000BEC668FC860858409C66E4A042E83040,,0102000020E610000002000000ED3EAEAAAABA58400000000000603740BEC668FC860858409C66E4A042E83040
ZPPP,VYYY,UBA806,B738,360,20250604,1613,0,LINSO,VYYY,,0101000020E6100000ED3EAEAAAABA58400000000000603740,0101000020E6100000BEC668FC860858409C66E4A042E83040,,0102000020E610000002000000ED3EAEAAAABA58400000000000603740BEC668FC860858409C66E4A042E83040
ZPPP,VYYY,UBA8502,B738,360,20250604,2151,0,LINSO,VYYY,,0101000020E6100000ED3EAEAAAABA58400000000000603740,0101000020E6100000BEC668FC860858409C66E4A042E83040,,0102000020E610000002000000ED3EAEAAAABA58400000000000603740BEC668FC860858409C66E4A042E83040
ZPPP,VYYY,MMA771,B734,320,20250604,2225,0,LINSO,VYYY,,0101000020E6100000ED3EAEAAAABA58400000000000603740,0101000020E6100000BEC668FC860858409C66E4A042E83040,,0102000020E610000002000000ED3EAEAAAABA58400000000000603740BEC668FC860858409C66E4A042E83040
ZPPP,VYYY,CES2031,B738,300,20250603,0602,0,LINSO,VYYY,,0101000020E6100000ED3EAEAAAABA58400000000000603740,0101000020E6100000BEC668FC860858409C66E4A042E83040,,0102000020E610000002000000ED3EAEAAAABA58400000000000603740BEC668FC860858409C66E4A042E83040
ZPPP,VYYY,UBA8502,B738,360,20250603,2150,0,LINSO,VYYY,,0101000020E6100000ED3EAEAAAABA58400000000000603740,0101000020E6100000BEC668FC860858409C66E4A042E83040,,0102000020E610000002000000ED3EAEAAAABA58400000000000603740BEC668FC860858409C66E4A042E83040
ZPPP,VYYY,MMA771,A320,320,20250603,2225,0,LINSO,VYYY,,0101000020E6100000ED3EAEAAAABA58400000000000603740,0101000020E6100000BEC668FC860858409C66E4A042E83040,,0102000020E610000002000000ED3EAEAAAABA58400000000000603740BEC668FC860858409C66E4A042E83040
ZPPP,VYYY,CES2031,B738,300,20250602,0550,0,LINSO,VYYY,,0101000020E6100000ED3EAEAAAABA58400000000000603740,0101000020E6100000BEC668FC860858409C66E4A042E83040,,0102000020E610000002000000ED3EAEAAAABA58400000000000603740BEC668FC860858409C66E4A042E83040
ZBAA,VYYY,CCA905,B38M,300,20250602,1434,0,LINSO,VYYY,,0101000020E6100000ED3EAEAAAABA58400000000000603740,0101000020E6100000BEC668FC860858409C66E4A042E83040,,0102000020E610000002000000ED3EAEAAAABA58400000000000603740BEC668FC860858409C66E4A042E83040
ZUGY,VYYY,CTJ3871,B738,340,20250602,1033,0,LINSO,VYYY,,0101000020E6100000ED3EAEAAAABA58400000000000603740,0101000020E6100000BEC668FC860858409C66E4A042E83040,,0102000020E610000002000000ED3EAEAAAABA58400000000000603740BEC668FC860858409C66E4A042E83040
ZPPP,VYYY,UBA8502,B738,340,20250602,2203,0,LINSO,VYYY,,0101000020E6100000ED3EAEAAAABA58400000000000603740,0101000020E6100000BEC668FC860858409C66E4A042E83040,,0102000020E610000002000000ED3EAEAAAABA58400000000000603740BEC668FC860858409C66E4A042E83040
ZPPP,VYYY,UBA806,B738,110,20250602,1624,0,LINSO,VYYY,,0101000020E6100000ED3EAEAAAABA58400000000000603740,0101000020E6100000BEC668FC860858409C66E4A042E83040,,0102000020E610000002000000ED3EAEAAAABA58400000000000603740BEC668FC860858409C66E4A042E83040
ZPPP,VYYY,MMA771,A320,360,20250602,2154,0,LINSO,VYYY,,0101000020E6100000ED3EAEAAAABA58400000000000603740,0101000020E6100000BEC668FC860858409C66E4A042E83040,,0102000020E610000002000000ED3EAEAAAABA58400000000000603740BEC668FC860858409C66E4A042E83040
VTPP,VYYY,MMA402,E190,360,20250602,1402,0,LIBDI,VYYY,,0101000020E6100000A86E0DF0CDFF564067416A0BB6802C40,0101000020E6100000BEC668FC860858409C66E4A042E83040,,0102000020E610000002000000A86E0DF0CDFF564067416A0BB6802C40BEC668FC860858409C66E4A042E83040
VECC,VYYY,MP701,B738,370,20250606,1447,0,IBITA,VYYY,,0101000020E6100000A86E0DF0CDFF5640EC51B81E85EB3240,0101000020E6100000BEC668FC860858409C66E4A042E83040,,0102000020E610000002000000A86E0DF0CDFF5640EC51B81E85EB3240BEC668FC860858409C66E4A042E83040
VIDP,VYYY,MMA621,E190,370,20250606,0752,0,IBITA,VYYY,,0101000020E6100000A86E0DF0CDFF5640EC51B81E85EB3240,0101000020E6100000BEC668FC860858409C66E4A042E83040,,0102000020E610000002000000A86E0DF0CDFF5640EC51B81E85EB3240BEC668FC860858409C66E4A042E83040
VECC,VYYY,MMA608,A319,370,20250605,1405,0,IBITA,VYYY,,0101000020E6100000A86E0DF0CDFF5640EC51B81E85EB3240,0101000020E6100000BEC668FC860858409C66E4A042E83040,,0102000020E610000002000000A86E0DF0CDFF5640EC51B81E85EB3240BEC668FC860858409C66E4A042E83040
VIDP,VYYY,MMA621,E190,110,20250602,0751,0,IBITA,VYYY,,0101000020E6100000A86E0DF0CDFF5640EC51B81E85EB3240,0101000020E6100000BEC668FC860858409C66E4A042E83040,,0102000020E610000002000000A86E0DF0CDFF5640EC51B81E85EB3240BEC668FC860858409C66E4A042E83040
VECC,VYYY,MP701,B738,350,20250605,1431,0,IBITA,VYYY,,0101000020E6100000A86E0DF0CDFF5640EC51B81E85EB3240,0101000020E6100000BEC668FC860858409C66E4A042E83040,,0102000020E610000002000000A86E0DF0CDFF5640EC51B81E85EB3240BEC668FC860858409C66E4A042E83040
WSSS,VYYY,SIA762,B38M,360,20250602,0122,0,EKAVO,VYYY,,0101000020E61000001DC4946970E058404B4D8AA8EC402740,0101000020E6100000BEC668FC860858409C66E4A042E83040,,0102000020E6100000020000001DC4946970E058404B4D8AA8EC402740BEC668FC860858409C66E4A042E83040
WMKK,VYYY,MMA502,A319,360,20250604,0543,0,EKAVO,VYYY,,0101000020E61000001DC4946970E058404B4D8AA8EC402740,0101000020E6100000BEC668FC860858409C66E4A042E83040,,0102000020E6100000020000001DC4946970E058404B4D8AA8EC402740BEC668FC860858409C66E4A042E83040
WSSS,VYYY,MMA232,A319,360,20250605,0741,0,EKAVO,VYYY,,0101000020E61000001DC4946970E058404B4D8AA8EC402740,0101000020E6100000BEC668FC860858409C66E4A042E83040,,0102000020E6100000020000001DC4946970E058404B4D8AA8EC402740BEC668FC860858409C66E4A042E83040
WMKK,VYYY,MMA502,A319,130,20250602,0539,0,EKAVO,VYYY,,0101000020E61000001DC4946970E058404B4D8AA8EC402740,0101000020E6100000BEC668FC860858409C66E4A042E83040,,0102000020E6100000020000001DC4946970E058404B4D8AA8EC402740BEC668FC860858409C66E4A042E83040
WSSS,VYYY,MMA234,A319,360,20250606,1457,0,EKAVO,VYYY,,0101000020E61000001DC4946970E058404B4D8AA8EC402740,0101000020E6100000BEC668FC860858409C66E4A042E83040,,0102000020E6100000020000001DC4946970E058404B4D8AA8EC402740BEC668FC860858409C66E4A042E83040
WSSS,VYYY,MMA232,A319,360,20250602,0800,0,EKAVO,VYYY,,0101000020E61000001DC4946970E058404B4D8AA8EC402740,0101000020E6100000BEC668FC860858409C66E4A042E83040,,0102000020E6100000020000001DC4946970E058404B4D8AA8EC402740BEC668FC860858409C66E4A042E83040
WSSS,VYYY,MMA234,E190,360,20250602,1456,0,EKAVO,VYYY,,0101000020E61000001DC4946970E058404B4D8AA8EC402740,0101000020E6100000BEC668FC860858409C66E4A042E83040,,0102000020E6100000020000001DC4946970E058404B4D8AA8EC402740BEC668FC860858409C66E4A042E83040
WSSS,VYYY,MMA232,A319,240,20250604,0752,0,EKAVO,VYYY,,0101000020E61000001DC4946970E058404B4D8AA8EC402740,0101000020E6100000BEC668FC860858409C66E4A042E83040,,0102000020E6100000020000001DC4946970E058404B4D8AA8EC402740BEC668FC860858409C66E4A042E83040
WSSS,VYYY,MMA232,A320,380,20250607,0746,0,EKAVO,VYYY,,0101000020E61000001DC4946970E058404B4D8AA8EC402740,0101000020E6100000BEC668FC860858409C66E4A042E83040,,0102000020E6100000020000001DC4946970E058404B4D8AA8EC402740BEC668FC860858409C66E4A042E83040
WSSS,VYYY,SIA762,B38M,380,20250603,0141,0,EKAVO,VYYY,,0101000020E61000001DC4946970E058404B4D8AA8EC402740,0101000020E6100000BEC668FC860858409C66E4A042E83040,,0102000020E6100000020000001DC4946970E058404B4D8AA8EC402740BEC668FC860858409C66E4A042E83040
WSSS,VYYY,MMA232,A319,360,20250604,0752,0,EKAVO,VYYY,,0101000020E61000001DC4946970E058404B4D8AA8EC402740,0101000020E6100000BEC668FC860858409C66E4A042E83040,,0102000020E6100000020000001DC4946970E058404B4D8AA8EC402740BEC668FC860858409C66E4A042E83040
WMKK,VYYY,MAS740,B738,310,20250603,0245,0,EKAVO,VYYY,,0101000020E61000001DC4946970E058404B4D8AA8EC402740,0101000020E6100000BEC668FC860858409C66E4A042E83040,,0102000020E6100000020000001DC4946970E058404B4D8AA8EC402740BEC668FC860858409C66E4A042E83040
WSSS,VYYY,MMA234,E190,360,20250604,1516,0,EKAVO,VYYY,,0101000020E61000001DC4946970E058404B4D8AA8EC402740,0101000020E6100000BEC668FC860858409C66E4A042E83040,,0102000020E6100000020000001DC4946970E058404B4D8AA8EC402740BEC668FC860858409C66E4A042E83040
WSSS,VYYY,MMA234,E190,130,20250607,1516,0,EKAVO,VYYY,,0101000020E61000001DC4946970E058404B4D8AA8EC402740,0101000020E6100000BEC668FC860858409C66E4A042E83040,,0102000020E6100000020000001DC4946970E058404B4D8AA8EC402740BEC668FC860858409C66E4A042E83040
WSSS,VYYY,SIA762,B38M,180,20250606,0145,0,EKAVO,VYYY,,0101000020E61000001DC4946970E058404B4D8AA8EC402740,0101000020E6100000BEC668FC860858409C66E4A042E83040,,0102000020E6100000020000001DC4946970E058404B4D8AA8EC402740BEC668FC860858409C66E4A042E83040
WMKK,VYYY,KXP211,B738,360,20250607,1404,0,EKAVO,VYYY,,0101000020E61000001DC4946970E058404B4D8AA8EC402740,0101000020E6100000BEC668FC860858409C66E4A042E83040,,0102000020E6100000020000001DC4946970E058404B4D8AA8EC402740BEC668FC860858409C66E4A042E83040
WSSS,VYYY,MMA234,E190,360,20250605,1516,0,EKAVO,VYYY,,0101000020E61000001DC4946970E058404B4D8AA8EC402740,0101000020E6100000BEC668FC860858409C66E4A042E83040,,0102000020E6100000020000001DC4946970E058404B4D8AA8EC402740BEC668FC860858409C66E4A042E83040
WMKK,VYYY,KXP211,B738,360,20250605,1411,0,EKAVO,VYYY,,0101000020E61000001DC4946970E058404B4D8AA8EC402740,0101000020E6100000BEC668FC860858409C66E4A042E83040,,0102000020E6100000020000001DC4946970E058404B4D8AA8EC402740BEC668FC860858409C66E4A042E83040
WMKK,VYYY,MMA502,A319,360,20250606,0546,0,EKAVO,VYYY,,0101000020E61000001DC4946970E058404B4D8AA8EC402740,0101000020E6100000BEC668FC860858409C66E4A042E83040,,0102000020E6100000020000001DC4946970E058404B4D8AA8EC402740BEC668FC860858409C66E4A042E83040
WMKK,VYYY,MMA506,E190,340,20250602,1228,0,EKAVO,VYYY,,0101000020E61000001DC4946970E058404B4D8AA8EC402740,0101000020E6100000BEC668FC860858409C66E4A042E83040,,0102000020E6100000020000001DC4946970E058404B4D8AA8EC402740BEC668FC860858409C66E4A042E83040
WMKK,VYYY,MAS740,B738,360,20250607,0246,0,EKAVO,VYYY,,0101000020E61000001DC4946970E058404B4D8AA8EC402740,0101000020E6100000BEC668FC860858409C66E4A042E83040,,0102000020E6100000020000001DC4946970E058404B4D8AA8EC402740BEC668FC860858409C66E4A042E83040
WSSS,VYYY,MMA234,A319,360,20250603,1518,0,EKAVO,VYYY,,0101000020E61000001DC4946970E058404B4D8AA8EC402740,0101000020E6100000BEC668FC860858409C66E4A042E83040,,0102000020E6100000020000001DC4946970E058404B4D8AA8EC402740BEC668FC860858409C66E4A042E83040
WSSS,VYYY,SIA762,A359,130,20250605,0124,0,EKAVO,VYYY,,0101000020E61000001DC4946970E058404B4D8AA8EC402740,0101000020E6100000BEC668FC860858409C66E4A042E83040,,0102000020E6100000020000001DC4946970E058404B4D8AA8EC402740BEC668FC860858409C66E4A042E83040
VTBS,VYYY,UBA2018,B738,160,20250604,0441,0,BETNO,VYYY,,0101000020E610000093DA72CB5A8D5840E8E5A88A46322E40,0101000020E6100000BEC668FC860858409C66E4A042E83040,,0102000020E61000000200000093DA72CB5A8D5840E8E5A88A46322E40BEC668FC860858409C66E4A042E83040
WMKK,VYYY,MMA504,E190,360,20250603,0900,0,EKAVO,VYYY,,0101000020E61000001DC4946970E058404B4D8AA8EC402740,0101000020E6100000BEC668FC860858409C66E4A042E83040,,0102000020E6100000020000001DC4946970E058404B4D8AA8EC402740BEC668FC860858409C66E4A042E83040
WMKK,VYYY,MAS740,B738,320,20250606,0304,0,EKAVO,VYYY,,0101000020E61000001DC4946970E058404B4D8AA8EC402740,0101000020E6100000BEC668FC860858409C66E4A042E83040,,0102000020E6100000020000001DC4946970E058404B4D8AA8EC402740BEC668FC860858409C66E4A042E83040
WSSS,VYYY,MMA232,A319,380,20250603,0850,0,EKAVO,VYYY,,0101000020E61000001DC4946970E058404B4D8AA8EC402740,0101000020E6100000BEC668FC860858409C66E4A042E83040,,0102000020E6100000020000001DC4946970E058404B4D8AA8EC402740BEC668FC860858409C66E4A042E83040
WMKK,VYYY,MMA502,A319,360,20250603,0533,0,EKAVO,VYYY,,0101000020E61000001DC4946970E058404B4D8AA8EC402740,0101000020E6100000BEC668FC860858409C66E4A042E83040,,0102000020E6100000020000001DC4946970E058404B4D8AA8EC402740BEC668FC860858409C66E4A042E83040
WMKK,VYYY,MMA508,B734,340,20250604,0608,0,EKAVO,VYYY,,0101000020E61000001DC4946970E058404B4D8AA8EC402740,0101000020E6100000BEC668FC860858409C66E4A042E83040,,0102000020E6100000020000001DC4946970E058404B4D8AA8EC402740BEC668FC860858409C66E4A042E83040
WMKK,VYYY,MAS740,B738,300,20250605,0315,0,EKAVO,VYYY,,0101000020E61000001DC4946970E058404B4D8AA8EC402740,0101000020E6100000BEC668FC860858409C66E4A042E83040,,0102000020E6100000020000001DC4946970E058404B4D8AA8EC402740BEC668FC860858409C66E4A042E83040
WMKP,VYYY,MMA506,A319,340,20250605,1223,0,EKAVO,VYYY,,0101000020E61000001DC4946970E058404B4D8AA8EC402740,0101000020E6100000BEC668FC860858409C66E4A042E83040,,0102000020E6100000020000001DC4946970E058404B4D8AA8EC402740BEC668FC860858409C66E4A042E83040
WSSS,VYYY,SIA762,B38M,360,20250607,0136,0,EKAVO,VYYY,,0101000020E61000001DC4946970E058404B4D8AA8EC402740,0101000020E6100000BEC668FC860858409C66E4A042E83040,,0102000020E6100000020000001DC4946970E058404B4D8AA8EC402740BEC668FC860858409C66E4A042E83040
WSSS,VYYY,SIA762,B38M,360,20250604,0123,0,EKAVO,VYYY,,0101000020E61000001DC4946970E058404B4D8AA8EC402740,0101000020E6100000BEC668FC860858409C66E4A042E83040,,0102000020E6100000020000001DC4946970E058404B4D8AA8EC402740BEC668FC860858409C66E4A042E83040
WSSS,VYYY,UBA2,B738,360,20250606,1032,0,EKAVO,VYYY,,0101000020E61000001DC4946970E058404B4D8AA8EC402740,0101000020E6100000BEC668FC860858409C66E4A042E83040,,0102000020E6100000020000001DC4946970E058404B4D8AA8EC402740BEC668FC860858409C66E4A042E83040
WMKK,VYYY,MMA504,E190,360,20250607,0912,0,EKAVO,VYYY,,0101000020E61000001DC4946970E058404B4D8AA8EC402740,0101000020E6100000BEC668FC860858409C66E4A042E83040,,0102000020E6100000020000001DC4946970E058404B4D8AA8EC402740BEC668FC860858409C66E4A042E83040
WSSS,VYYY,UBA2,B738,130,20250604,1047,0,EKAVO,VYYY,,0101000020E61000001DC4946970E058404B4D8AA8EC402740,0101000020E6100000BEC668FC860858409C66E4A042E83040,,0102000020E6100000020000001DC4946970E058404B4D8AA8EC402740BEC668FC860858409C66E4A042E83040
WMKK,VYYY,KXP211,B738,350,20250602,1415,0,EKAVO,VYYY,,0101000020E61000001DC4946970E058404B4D8AA8EC402740,0101000020E6100000BEC668FC860858409C66E4A042E83040,,0102000020E6100000020000001DC4946970E058404B4D8AA8EC402740BEC668FC860858409C66E4A042E83040
WMKK,VYYY,MMA502,A319,360,20250607,0559,0,EKAVO,VYYY,,0101000020E61000001DC4946970E058404B4D8AA8EC402740,0101000020E6100000BEC668FC860858409C66E4A042E83040,,0102000020E6100000020000001DC4946970E058404B4D8AA8EC402740BEC668FC860858409C66E4A042E83040
WMKK,VYYY,MMA502,A319,380,20250605,0536,0,EKAVO,VYYY,,0101000020E61000001DC4946970E058404B4D8AA8EC402740,0101000020E6100000BEC668FC860858409C66E4A042E83040,,0102000020E6100000020000001DC4946970E058404B4D8AA8EC402740BEC668FC860858409C66E4A042E83040
VTBS,VYYY,MMA336,A320,110,20250604,0418,0,BETNO,VYYY,,0101000020E610000093DA72CB5A8D5840E8E5A88A46322E40,0101000020E6100000BEC668FC860858409C66E4A042E83040,,0102000020E61000000200000093DA72CB5A8D5840E8E5A88A46322E40BEC668FC860858409C66E4A042E83040
WMKK,VYYY,MAS740,B738,320,20250602,0257,0,EKAVO,VYYY,,0101000020E61000001DC4946970E058404B4D8AA8EC402740,0101000020E6100000BEC668FC860858409C66E4A042E83040,,0102000020E6100000020000001DC4946970E058404B4D8AA8EC402740BEC668FC860858409C66E4A042E83040
WSSS,VYYY,MMA232,A320,360,20250606,0750,0,EKAVO,VYYY,,0101000020E61000001DC4946970E058404B4D8AA8EC402740,0101000020E6100000BEC668FC860858409C66E4A042E83040,,0102000020E6100000020000001DC4946970E058404B4D8AA8EC402740BEC668FC860858409C66E4A042E83040
ZGGG,VYYY,CSN3055,B38M,130,20250607,0257,0,BOMAS,VYYY,,0101000020E61000005061F8CA34865840E082CF8379623140,0101000020E6100000BEC668FC860858409C66E4A042E83040,,0102000020E6100000020000005061F8CA34865840E082CF8379623140BEC668FC860858409C66E4A042E83040
ZGNN,VYYY,UBA8504,B738,130,20250604,1206,0,BOMAS,VYYY,,0101000020E61000005061F8CA34865840E082CF8379623140,0101000020E6100000BEC668FC860858409C66E4A042E83040,,0102000020E6100000020000005061F8CA34865840E082CF8379623140BEC668FC860858409C66E4A042E83040
RKSI,VYYY,MMA802,A319,360,20250603,1210,0,BOMAS,VYYY,,0101000020E61000005061F8CA34865840E082CF8379623140,0101000020E6100000BEC668FC860858409C66E4A042E83040,,0102000020E6100000020000005061F8CA34865840E082CF8379623140BEC668FC860858409C66E4A042E83040
VTCC,VYYY,MMA371,AT76,150,20250604,0902,0,BOMAS,VYYY,,0101000020E61000005061F8CA34865840E082CF8379623140,0101000020E6100000BEC668FC860858409C66E4A042E83040,,0102000020E6100000020000005061F8CA34865840E082CF8379623140BEC668FC860858409C66E4A042E83040
ZGNN,VYYY,CSC9383,A321,300,20250603,0638,0,BOMAS,VYYY,,0101000020E61000005061F8CA34865840E082CF8379623140,0101000020E6100000BEC668FC860858409C66E4A042E83040,,0102000020E6100000020000005061F8CA34865840E082CF8379623140BEC668FC860858409C66E4A042E83040
ZGNN,VYYY,UBA8504,B738,360,20250607,1408,0,BOMAS,VYYY,,0101000020E61000005061F8CA34865840E082CF8379623140,0101000020E6100000BEC668FC860858409C66E4A042E83040,,0102000020E6100000020000005061F8CA34865840E082CF8379623140BEC668FC860858409C66E4A042E83040
VVNB,VYYY,MMA451,E190,360,20250606,1416,0,BOMAS,VYYY,,0101000020E61000005061F8CA34865840E082CF8379623140,0101000020E6100000BEC668FC860858409C66E4A042E83040,,0102000020E6100000020000005061F8CA34865840E082CF8379623140BEC668FC860858409C66E4A042E83040
ZGGG,VYYY,CSN3055,B38M,360,20250602,0255,0,BOMAS,VYYY,,0101000020E61000005061F8CA34865840E082CF8379623140,0101000020E6100000BEC668FC860858409C66E4A042E83040,,0102000020E6100000020000005061F8CA34865840E082CF8379623140BEC668FC860858409C66E4A042E83040
VTCC,VYYY,MMA371,E190,180,20250605,0840,0,BOMAS,VYYY,,0101000020E61000005061F8CA34865840E082CF8379623140,0101000020E6100000BEC668FC860858409C66E4A042E83040,,0102000020E6100000020000005061F8CA34865840E082CF8379623140BEC668FC860858409C66E4A042E83040
ZGNN,VYYY,CSC9383,A321,130,20250602,0628,0,BOMAS,VYYY,,0101000020E61000005061F8CA34865840E082CF8379623140,0101000020E6100000BEC668FC860858409C66E4A042E83040,,0102000020E6100000020000005061F8CA34865840E082CF8379623140BEC668FC860858409C66E4A042E83040
VTCC,VYYY,MMA371,E190,260,20250607,1029,0,BOMAS,VYYY,,0101000020E61000005061F8CA34865840E082CF8379623140,0101000020E6100000BEC668FC860858409C66E4A042E83040,,0102000020E6100000020000005061F8CA34865840E082CF8379623140BEC668FC860858409C66E4A042E83040
ZGGG,VYYY,CSN3055,B38M,130,20250606,0327,0,BOMAS,VYYY,,0101000020E61000005061F8CA34865840E082CF8379623140,0101000020E6100000BEC668FC860858409C66E4A042E83040,,0102000020E6100000020000005061F8CA34865840E082CF8379623140BEC668FC860858409C66E4A042E83040
RKSI,VYYY,KAL489,A333,320,20250602,1407,0,BOMAS,VYYY,,0101000020E61000005061F8CA34865840E082CF8379623140,0101000020E6100000BEC668FC860858409C66E4A042E83040,,0102000020E6100000020000005061F8CA34865840E082CF8379623140BEC668FC860858409C66E4A042E83040
VVNP,VYYY,MMA451,E190,360,20250602,1452,0,BOMAS,VYYY,,0101000020E61000005061F8CA34865840E082CF8379623140,0101000020E6100000BEC668FC860858409C66E4A042E83040,,0102000020E6100000020000005061F8CA34865840E082CF8379623140BEC668FC860858409C66E4A042E83040
RKSI,VYYY,MMA802,A319,360,20250606,1254,0,BOMAS,VYYY,,0101000020E61000005061F8CA34865840E082CF8379623140,0101000020E6100000BEC668FC860858409C66E4A042E83040,,0102000020E6100000020000005061F8CA34865840E082CF8379623140BEC668FC860858409C66E4A042E83040
ZGGG,VYYY,CSN3055,B38M,130,20250604,0310,0,BOMAS,VYYY,,0101000020E61000005061F8CA34865840E082CF8379623140,0101000020E6100000BEC668FC860858409C66E4A042E83040,,0102000020E6100000020000005061F8CA34865840E082CF8379623140BEC668FC860858409C66E4A042E83040
ZGNN,VYYY,UBA8504,B738,360,20250606,1228,0,BOMAS,VYYY,,0101000020E61000005061F8CA34865840E082CF8379623140,0101000020E6100000BEC668FC860858409C66E4A042E83040,,0102000020E6100000020000005061F8CA34865840E082CF8379623140BEC668FC860858409C66E4A042E83040
