{"type": "FeatureCollection", "name": "airspace_boundaries", "crs": {"type": "name", "properties": {"name": "urn:ogc:def:crs:OGC:1.3:CRS84"}}, "features": [{"type": "Feature", "properties": {"type": "CTR", "designator": "", "name": "KENGTUNG CTR", "lower": "GND SFC", "upper": "130 STD", "activity_note": "", "restriction": "", "hazard": "", "remarks": ""}, "geometry": {"type": "MultiPolygon", "coordinates": [[[[99.992845, 21.299922], [99.992526, 21.316344], [99.991346, 21.332731], [99.98931, 21.349044], [99.986421, 21.365243], [99.982686, 21.38129], [99.978115, 21.397147], [99.972717, 21.412773], [99.966505, 21.428133], [99.959495, 21.443189], [99.951703, 21.457904], [99.943147, 21.472243], [99.933848, 21.486172], [99.923829, 21.499656], [99.913113, 21.512663], [99.901725, 21.525161], [99.889694, 21.537121], [99.877049, 21.548513], [99.863819, 21.559311], [99.850037, 21.569486], [99.835735, 21.579016], [99.820949, 21.587877], [99.805715, 21.596047], [99.790068, 21.603506], [99.774048, 21.610238], [99.757692, 21.616224], [99.74104, 21.621451], [99.724133, 21.625906], [99.707011, 21.629579], [99.689717, 21.63246], [99.672292, 21.634542], [99.654778, 21.63582], [99.637218, 21.636291], [99.619654, 21.635954], [99.602129, 21.634811], [99.584686, 21.632862], [99.567366, 21.630114], [99.550213, 21.626573], [99.533266, 21.622247], [99.516569, 21.617148], [99.50016, 21.611287], [99.48408, 21.604678], [99.468368, 21.597338], [99.453061, 21.589284], [99.438197, 21.580536], [99.423812, 21.571116], [99.40994, 21.561045], [99.396615, 21.550348], [99.383869, 21.539052], [99.371733, 21.527183], [99.360236, 21.514771], [99.349406, 21.501845], [99.339268, 21.488436], [99.329847, 21.474578], [99.321166, 21.460303], [99.313246, 21.445646], [99.306104, 21.430642], [99.299759, 21.415328], [99.294226, 21.399741], [99.289516, 21.383918], [99.285643, 21.367898], [99.282614, 21.351719], [99.280436, 21.33542], [99.279116, 21.319041], [99.278654, 21.30262], [99.279054, 21.286198], [99.280312, 21.269814], [99.282426, 21.253508], [99.28539, 21.237319], [99.289198, 21.221285], [99.293839, 21.205446], [99.299302, 21.189839], [99.305574, 21.174502], [99.31264, 21.159472], [99.320481, 21.144784], [99.32908, 21.130476], [99.338415, 21.116579], [99.348464, 21.103129], [99.359203, 21.090157], [99.370604, 21.077694], [99.382642, 21.06577], [99.395286, 21.054414], [99.408507, 21.043654], [99.422273, 21.033514], [99.43655, 21.024019], [99.451305, 21.015193], [99.466501, 21.007055], [99.482102, 20.999626], [99.498072, 20.992924], [99.514371, 20.986963], [99.53096, 20.98176], [99.547801, 20.977325], [99.564852, 20.973671], [99.582072, 20.970804], [99.599421, 20.968733], [99.616857, 20.967463], [99.634338, 20.966996], [99.651823, 20.967333], [99.669269, 20.968473], [99.686634, 20.970415], [99.703878, 20.973153], [99.720959, 20.976681], [99.737836, 20.980989], [99.754468, 20.986069], [99.770816, 20.991907], [99.786841, 20.998491], [99.802504, 21.005803], [99.817767, 21.013826], [99.832595, 21.022542], [99.846951, 21.031929], [99.8608, 21.041965], [99.874111, 21.052626], [99.88685, 21.063886], [99.898987, 21.075718], [99.910493, 21.088094], [99.92134, 21.100984], [99.931502, 21.114357], [99.940954, 21.128182], [99.949674, 21.142424], [99.957639, 21.157051], [99.964832, 21.172026], [99.971234, 21.187313], [99.97683, 21.202877], [99.981606, 21.218679], [99.98555, 21.234681], [99.988653, 21.250846], [99.990906, 21.267134], [99.992305, 21.283506], [99.992845, 21.299922]]]]}}, {"type": "Feature", "properties": {"type": "CTR", "designator": "", "name": "MYITKYINA CTR", "lower": "GND SFC", "upper": "100 STD", "activity_note": "", "restriction": "", "hazard": "", "remarks": ""}, "geometry": {"type": "MultiPolygon", "coordinates": [[[[97.904833, 25.387936], [97.903945, 25.412546], [97.901728, 25.437087], [97.898187, 25.461498], [97.893328, 25.485723], [97.887163, 25.509701], [97.879706, 25.533376], [97.870975, 25.556689], [97.860989, 25.579585], [97.849772, 25.602008], [97.837351, 25.623903], [97.823756, 25.645218], [97.809017, 25.665901], [97.793172, 25.685901], [97.776257, 25.705171], [97.758313, 25.723664], [97.739384, 25.741333], [97.719515, 25.758138], [97.698754, 25.774035], [97.67715, 25.788988], [97.654758, 25.80296], [97.63163, 25.815916], [97.607822, 25.827826], [97.583394, 25.838659], [97.558403, 25.848391], [97.532911, 25.856996], [97.50698, 25.864454], [97.480674, 25.870748], [97.454055, 25.875861], [97.42719, 25.879781], [97.400143, 25.882499], [97.37298, 25.884008], [97.345769, 25.884304], [97.318575, 25.883387], [97.291465, 25.881259], [97.264504, 25.877926], [97.237759, 25.873395], [97.211294, 25.867677], [97.185175, 25.860787], [97.159464, 25.852741], [97.134225, 25.84356], [97.109519, 25.833264], [97.085405, 25.82188], [97.061942, 25.809436], [97.039188, 25.795961], [97.017197, 25.781489], [96.996022, 25.766054], [96.975715, 25.749694], [96.956325, 25.73245], [96.937897, 25.714362], [96.920477, 25.695476], [96.904106, 25.675836], [96.888824, 25.655491], [96.874666, 25.634489], [96.861667, 25.612882], [96.849857, 25.590722], [96.839265, 25.568062], [96.829914, 25.544958], [96.821828, 25.521466], [96.815024, 25.497641], [96.809518, 25.473542], [96.805324, 25.449227], [96.802449, 25.424754], [96.800901, 25.400182], [96.800682, 25.375571], [96.801792, 25.35098], [96.804228, 25.326468], [96.807982, 25.302093], [96.813045, 25.277916], [96.819405, 25.253992], [96.827044, 25.230381], [96.835945, 25.207138], [96.846084, 25.184319], [96.857438, 25.161979], [96.869977, 25.140172], [96.883673, 25.11895], [96.898491, 25.098363], [96.914395, 25.078461], [96.931346, 25.059291], [96.949305, 25.0409], [96.968228, 25.023331], [96.988068, 25.006625], [97.008779, 24.990824], [97.030311, 24.975965], [97.052611, 24.962082], [97.075628, 24.949211], [97.099305, 24.93738], [97.123586, 24.926618], [97.148413, 24.916952], [97.173727, 24.908403], [97.199468, 24.900994], [97.225574, 24.89474], [97.251982, 24.889657], [97.278631, 24.885758], [97.305457, 24.883051], [97.332395, 24.881543], [97.359382, 24.881238], [97.386354, 24.882136], [97.413246, 24.884236], [97.439994, 24.887532], [97.466535, 24.892016], [97.492805, 24.897679], [97.518741, 24.904506], [97.544283, 24.912481], [97.569368, 24.921586], [97.593938, 24.931798], [97.617933, 24.943094], [97.641296, 24.955445], [97.663971, 24.968824], [97.685903, 24.983198], [97.707041, 24.998533], [97.727333, 25.014791], [97.74673, 25.031936], [97.765186, 25.049924], [97.782657, 25.068714], [97.799099, 25.08826], [97.814474, 25.108516], [97.828743, 25.129434], [97.841873, 25.150962], [97.85383, 25.17305], [97.864586, 25.195645], [97.874114, 25.218692], [97.882391, 25.242136], [97.889396, 25.265921], [97.895111, 25.28999], [97.899522, 25.314284], [97.902618, 25.338746], [97.90439, 25.363317], [97.904833, 25.387936]]]]}}, {"type": "Feature", "properties": {"type": "CTR", "designator": "", "name": "DAWEI CTR", "lower": "GND SFC", "upper": "130 STD", "activity_note": "", "restriction": "", "hazard": "", "remarks": ""}, "geometry": {"type": "MultiPolygon", "coordinates": [[[[98.7214, 14.09852], [98.72075, 14.123169], [98.718861, 14.147757], [98.715737, 14.172225], [98.711386, 14.196514], [98.705818, 14.220565], [98.699045, 14.24432], [98.691083, 14.267722], [98.681952, 14.290715], [98.671673, 14.313242], [98.660271, 14.33525], [98.647773, 14.356686], [98.634208, 14.377496], [98.61961, 14.397632], [98.604012, 14.417044], [98.587454, 14.435686], [98.569974, 14.453512], [98.551615, 14.470479], [98.532421, 14.486546], [98.512439, 14.501675], [98.491715, 14.515828], [98.470302, 14.528971], [98.44825, 14.541073], [98.425612, 14.552104], [98.402444, 14.562037], [98.378802, 14.570849], [98.354743, 14.578518], [98.330324, 14.585025], [98.305607, 14.590355], [98.280649, 14.594494], [98.255513, 14.597433], [98.230258, 14.599165], [98.204947, 14.599685], [98.17964, 14.598993], [98.154399, 14.597089], [98.129285, 14.593979], [98.104359, 14.589669], [98.079681, 14.584172], [98.055312, 14.577499], [98.03131, 14.569668], [98.007734, 14.560696], [97.98464, 14.550607], [97.962084, 14.539423], [97.940122, 14.527174], [97.918806, 14.513887], [97.898187, 14.499596], [97.878315, 14.484335], [97.859239, 14.468141], [97.841004, 14.451053], [97.823655, 14.433113], [97.807232, 14.414363], [97.791776, 14.39485], [97.777323, 14.374621], [97.763908, 14.353724], [97.751564, 14.33221], [97.740319, 14.310131], [97.730201, 14.28754], [97.721234, 14.264493], [97.713438, 14.241043], [97.706833, 14.217249], [97.701433, 14.193167], [97.697252, 14.168855], [97.694299, 14.144373], [97.692581, 14.119779], [97.692102, 14.095132], [97.692862, 14.070491], [97.694859, 14.045917], [97.698088, 14.021468], [97.702541, 13.997203], [97.708207, 13.97318], [97.715071, 13.949457], [97.723117, 13.926091], [97.732325, 13.903138], [97.742673, 13.880654], [97.754136, 13.858692], [97.766686, 13.837306], [97.780291, 13.816546], [97.794921, 13.796462], [97.810538, 13.777102], [97.827106, 13.758514], [97.844585, 13.740741], [97.862932, 13.723827], [97.882103, 13.707811], [97.902052, 13.692732], [97.922732, 13.678627], [97.944092, 13.665528], [97.966082, 13.653469], [97.988648, 13.642477], [98.011737, 13.632578], [98.035293, 13.623797], [98.05926, 13.616155], [98.08358, 13.60967], [98.108195, 13.604357], [98.133046, 13.60023], [98.158073, 13.597298], [98.183218, 13.595567], [98.208418, 13.595044], [98.233615, 13.595728], [98.258748, 13.597617], [98.283757, 13.600709], [98.308581, 13.604994], [98.333161, 13.610464], [98.357439, 13.617104], [98.381356, 13.624899], [98.404855, 13.633831], [98.42788, 13.643877], [98.450375, 13.655014], [98.472286, 13.667215], [98.493562, 13.680451], [98.514149, 13.69469], [98.534001, 13.709899], [98.553067, 13.72604], [98.571303, 13.743074], [98.588665, 13.760962], [98.60511, 13.77966], [98.6206, 13.799123], [98.635096, 13.819305], [98.648564, 13.840157], [98.660971, 13.861628], [98.672287, 13.883669], [98.682484, 13.906224], [98.691538, 13.929241], [98.699427, 13.952664], [98.70613, 13.976437], [98.711632, 14.000501], [98.71592, 14.024801], [98.718981, 14.049276], [98.72081, 14.073869], [98.7214, 14.09852]]]]}}, {"type": "Feature", "properties": {"type": "CTR", "designator": "", "name": "THANDWE CTR", "lower": "GND SFC", "upper": "130 STD", "activity_note": "", "restriction": "", "hazard": "", "remarks": ""}, "geometry": {"type": "MultiPolygon", "coordinates": [[[[94.913368, 18.455452], [94.912948, 18.48419], [94.91105, 18.512874], [94.907679, 18.541434], [94.902841, 18.569802], [94.896549, 18.597909], [94.888816, 18.625688], [94.87966, 18.653072], [94.869103, 18.679993], [94.85717, 18.706388], [94.843888, 18.732193], [94.829289, 18.757345], [94.813408, 18.781783], [94.796283, 18.805449], [94.777954, 18.828284], [94.758466, 18.850233], [94.737865, 18.871244], [94.716201, 18.891265], [94.693526, 18.910248], [94.669894, 18.928146], [94.645363, 18.944917], [94.619992, 18.960518], [94.593842, 18.974914], [94.566976, 18.988067], [94.539461, 18.999947], [94.511361, 19.010524], [94.482747, 19.019773], [94.453686, 19.02767], [94.42425, 19.034198], [94.394511, 19.03934], [94.364541, 19.043083], [94.334412, 19.045418], [94.304198, 19.046339], [94.273973, 19.045845], [94.243809, 19.043935], [94.213782, 19.040616], [94.183963, 19.035895], [94.154426, 19.029783], [94.125241, 19.022295], [94.096481, 19.01345], [94.068215, 19.003269], [94.040512, 18.991776], [94.013439, 18.979], [93.987061, 18.964971], [93.961444, 18.949724], [93.936648, 18.933296], [93.912734, 18.915727], [93.88976, 18.897059], [93.867781, 18.877338], [93.846851, 18.856611], [93.827019, 18.834929], [93.808333, 18.812345], [93.790839, 18.788912], [93.774577, 18.764689], [93.759588, 18.739734], [93.745906, 18.714106], [93.733565, 18.687869], [93.722593, 18.661085], [93.713017, 18.63382], [93.704859, 18.60614], [93.698137, 18.57811], [93.692868, 18.5498], [93.689064, 18.521276], [93.686732, 18.492609], [93.685878, 18.463867], [93.686503, 18.43512], [93.688605, 18.406437], [93.692179, 18.377886], [93.697213, 18.349537], [93.703697, 18.321458], [93.711614, 18.293716], [93.720943, 18.266379], [93.731662, 18.239511], [93.743745, 18.213177], [93.757162, 18.187441], [93.771879, 18.162364], [93.787862, 18.138006], [93.805072, 18.114426], [93.823466, 18.09168], [93.843, 18.069823], [93.863627, 18.048907], [93.885297, 18.028982], [93.907958, 18.010096], [93.931556, 17.992294], [93.956034, 17.975618], [93.981332, 17.960109], [94.007391, 17.945803], [94.034148, 17.932735], [94.061539, 17.920935], [94.089498, 17.910433], [94.117958, 17.901252], [94.146851, 17.893416], [94.176109, 17.886941], [94.205662, 17.881845], [94.235438, 17.878139], [94.265368, 17.875832], [94.295378, 17.874929], [94.325399, 17.875433], [94.355357, 17.877342], [94.385183, 17.880652], [94.414804, 17.885354], [94.44415, 17.891438], [94.473151, 17.898888], [94.501737, 17.907688], [94.529841, 17.917815], [94.557395, 17.929247], [94.584334, 17.941954], [94.610592, 17.955908], [94.636108, 17.971074], [94.66082, 17.987417], [94.684668, 18.004897], [94.707596, 18.023473], [94.729549, 18.043099], [94.750474, 18.06373], [94.77032, 18.085315], [94.789039, 18.107803], [94.806587, 18.131141], [94.822921, 18.155272], [94.838002, 18.180138], [94.851792, 18.20568], [94.864258, 18.231837], [94.87537, 18.258546], [94.885101, 18.285743], [94.893426, 18.313363], [94.900325, 18.341339], [94.905781, 18.369604], [94.90978, 18.39809], [94.912311, 18.426729], [94.913368, 18.455452]]]]}}, {"type": "Feature", "properties": {"type": "CTR", "designator": "", "name": "PAKHOKKU", "lower": "GND SFC", "upper": "2000 MSL", "activity_note": "", "restriction": "", "hazard": "", "remarks": ""}, "geometry": {"type": "MultiPolygon", "coordinates": [[[[95.28983, 21.403066], [95.289743, 21.411273], [95.289225, 21.419466], [95.28828, 21.427626], [95.286907, 21.435732], [95.285111, 21.443765], [95.282897, 21.451706], [95.280268, 21.459536], [95.277232, 21.467236], [95.273796, 21.474787], [95.269967, 21.48217], [95.265756, 21.489369], [95.261172, 21.496366], [95.256227, 21.503144], [95.250931, 21.509687], [95.245298, 21.515978], [95.239342, 21.522003], [95.233076, 21.527747], [95.226517, 21.533196], [95.219679, 21.538337], [95.212579, 21.543158], [95.205234, 21.547647], [95.197662, 21.551793], [95.189882, 21.555586], [95.181911, 21.559017], [95.17377, 21.562078], [95.165478, 21.564761], [95.157054, 21.567059], [95.14852, 21.568968], [95.139896, 21.570483], [95.131202, 21.571599], [95.122461, 21.572314], [95.113692, 21.572627], [95.104917, 21.572537], [95.096158, 21.572044], [95.087435, 21.571148], [95.07877, 21.569853], [95.070183, 21.568162], [95.061696, 21.566078], [95.053328, 21.563606], [95.0451, 21.560753], [95.037032, 21.557525], [95.029144, 21.55393], [95.021454, 21.549977], [95.013981, 21.545676], [95.006743, 21.541036], [94.999758, 21.53607], [94.993042, 21.530788], [94.986611, 21.525204], [94.980482, 21.519331], [94.974668, 21.513184], [94.969184, 21.506777], [94.964044, 21.500126], [94.959259, 21.493246], [94.95484, 21.486155], [94.950799, 21.478869], [94.947146, 21.471406], [94.943888, 21.463785], [94.941034, 21.456023], [94.938591, 21.448139], [94.936564, 21.440152], [94.934959, 21.432082], [94.933778, 21.423948], [94.933026, 21.415769], [94.932702, 21.407566], [94.93281, 21.399358], [94.933347, 21.391164], [94.934313, 21.383005], [94.935704, 21.3749], [94.937519, 21.366869], [94.939752, 21.358931], [94.942398, 21.351105], [94.94545, 21.34341], [94.948902, 21.335865], [94.952744, 21.328487], [94.956967, 21.321295], [94.961562, 21.314306], [94.966516, 21.307536], [94.971819, 21.301002], [94.977457, 21.294719], [94.983416, 21.288703], [94.989683, 21.282969], [94.996242, 21.277529], [95.003078, 21.272397], [95.010173, 21.267585], [95.017511, 21.263105], [95.025075, 21.258968], [95.032845, 21.255184], [95.040804, 21.251761], [95.048932, 21.248708], [95.05721, 21.246032], [95.065618, 21.243739], [95.074135, 21.241836], [95.082741, 21.240327], [95.091416, 21.239214], [95.100138, 21.238502], [95.108887, 21.238191], [95.117642, 21.238283], [95.126381, 21.238777], [95.135084, 21.239672], [95.14373, 21.240966], [95.152297, 21.242655], [95.160767, 21.244736], [95.169117, 21.247204], [95.177328, 21.250052], [95.185381, 21.253275], [95.193256, 21.256863], [95.200934, 21.260809], [95.208396, 21.265103], [95.215625, 21.269735], [95.222603, 21.274693], [95.229314, 21.279966], [95.235742, 21.285541], [95.24187, 21.291404], [95.247684, 21.297542], [95.25317, 21.30394], [95.258315, 21.310582], [95.263107, 21.317453], [95.267534, 21.324535], [95.271585, 21.331812], [95.27525, 21.339267], [95.278521, 21.346881], [95.281389, 21.354636], [95.283848, 21.362513], [95.285892, 21.370494], [95.287516, 21.37856], [95.288715, 21.38669], [95.289487, 21.394865], [95.28983, 21.403066]]]]}}, {"type": "Feature", "properties": {"type": "CTR", "designator": "", "name": "LASHIO CTR", "lower": "GND SFC", "upper": "4000 MSL", "activity_note": "", "restriction": "", "hazard": "", "remarks": ""}, "geometry": {"type": "MultiPolygon", "coordinates": [[[[97.933061, 22.978955], [97.932779, 22.987161], [97.932062, 22.995345], [97.930912, 23.003486], [97.929332, 23.011565], [97.927325, 23.019562], [97.924897, 23.027458], [97.922053, 23.035235], [97.918799, 23.042873], [97.915144, 23.050354], [97.911096, 23.05766], [97.906665, 23.064773], [97.901862, 23.071676], [97.896698, 23.078353], [97.891186, 23.084787], [97.885339, 23.090963], [97.87917, 23.096865], [97.872696, 23.102481], [97.86593, 23.107795], [97.858891, 23.112795], [97.851594, 23.11747], [97.844058, 23.121807], [97.8363, 23.125797], [97.828339, 23.129429], [97.820195, 23.132696], [97.811887, 23.135588], [97.803435, 23.1381], [97.79486, 23.140224], [97.786183, 23.141956], [97.777423, 23.143292], [97.768604, 23.144228], [97.759745, 23.144763], [97.750868, 23.144894], [97.741995, 23.144622], [97.733148, 23.143947], [97.724347, 23.142872], [97.715614, 23.141397], [97.70697, 23.139528], [97.698436, 23.137268], [97.690032, 23.134623], [97.681779, 23.131599], [97.673697, 23.128205], [97.665806, 23.124447], [97.658123, 23.120335], [97.650669, 23.115879], [97.64346, 23.11109], [97.636515, 23.105979], [97.629849, 23.100559], [97.62348, 23.094843], [97.617422, 23.088844], [97.61169, 23.082577], [97.606298, 23.076058], [97.601259, 23.069301], [97.596585, 23.062324], [97.592286, 23.055142], [97.588374, 23.047774], [97.584858, 23.040238], [97.581746, 23.03255], [97.579045, 23.024731], [97.576763, 23.016798], [97.574904, 23.008771], [97.573473, 23.000669], [97.572473, 22.992512], [97.571907, 22.98432], [97.571776, 22.976111], [97.57208, 22.967907], [97.572818, 22.959726], [97.573988, 22.951588], [97.575588, 22.943514], [97.577614, 22.935522], [97.580061, 22.927631], [97.582922, 22.919862], [97.58619, 22.912231], [97.589859, 22.904758], [97.593919, 22.897461], [97.59836, 22.890357], [97.603171, 22.883463], [97.608341, 22.876796], [97.613857, 22.870372], [97.619706, 22.864206], [97.625874, 22.858314], [97.632346, 22.852708], [97.639107, 22.847404], [97.64614, 22.842413], [97.653428, 22.837747], [97.660954, 22.833418], [97.668699, 22.829436], [97.676646, 22.825811], [97.684774, 22.822551], [97.693065, 22.819665], [97.701498, 22.817158], [97.710054, 22.815038], [97.718711, 22.813309], [97.72745, 22.811975], [97.736248, 22.81104], [97.745085, 22.810506], [97.75394, 22.810374], [97.762791, 22.810645], [97.771617, 22.811317], [97.780397, 22.812389], [97.78911, 22.813859], [97.797735, 22.815724], [97.806251, 22.817978], [97.814638, 22.820616], [97.822876, 22.823632], [97.830944, 22.827018], [97.838824, 22.830767], [97.846496, 22.83487], [97.853943, 22.839316], [97.861145, 22.844096], [97.868087, 22.849197], [97.87475, 22.854607], [97.88112, 22.860313], [97.88718, 22.866302], [97.892917, 22.872559], [97.898315, 22.879069], [97.903363, 22.885817], [97.908048, 22.892786], [97.912359, 22.899959], [97.916285, 22.90732], [97.919817, 22.91485], [97.922946, 22.922532], [97.925665, 22.930346], [97.927967, 22.938275], [97.929846, 22.946299], [97.931298, 22.954398], [97.93232, 22.962554], [97.932907, 22.970746], [97.933061, 22.978955]]]]}}, {"type": "Feature", "properties": {"type": "CTA", "designator": "", "name": "YANGON CTA", "lower": "170 STD", "upper": "560 STD", "activity_note": "", "restriction": "", "hazard": "", "remarks": ""}, "geometry": {"type": "MultiPolygon", "coordinates": [[[[97.871239, 16.924249], [97.868653, 17.006367], [97.861876, 17.088262], [97.850919, 17.169738], [97.835802, 17.250596], [97.816558, 17.330641], [97.793228, 17.409678], [97.765862, 17.487515], [97.734523, 17.563963], [97.699282, 17.638834], [97.66022, 17.711948], [97.617428, 17.783124], [97.571006, 17.852189], [97.521064, 17.918974], [97.467721, 17.983314], [97.411104, 18.045053], [97.351349, 18.104037], [97.2886, 18.160123], [97.223009, 18.213172], [97.154736, 18.263053], [97.083946, 18.309644], [97.010814, 18.352829], [96.935518, 18.392503], [96.858243, 18.428567], [96.779181, 18.460932], [96.698525, 18.489518], [96.616476, 18.514256], [96.533237, 18.535084], [96.449014, 18.551952], [96.364016, 18.564817], [96.278453, 18.57365], [96.192539, 18.578428], [96.106487, 18.57914], [96.020509, 18.575786], [95.934821, 18.568375], [95.849633, 18.556925], [95.765157, 18.541467], [95.681602, 18.52204], [95.599175, 18.498692], [95.518078, 18.471483], [95.438511, 18.44048], [95.360669, 18.405762], [95.284744, 18.367414], [95.21092, 18.325533], [95.139376, 18.280222], [95.070288, 18.231594], [95.003821, 18.17977], [94.940136, 18.124876], [94.879386, 18.06705], [94.821715, 18.006432], [94.76726, 17.943172], [94.71615, 17.877425], [94.668505, 17.809352], [94.624437, 17.739118], [94.584047, 17.666895], [94.547428, 17.592859], [94.514664, 17.51719], [94.485828, 17.44007], [94.460985, 17.361687], [94.440188, 17.282229], [94.423483, 17.201889], [94.410903, 17.120859], [94.402473, 17.039334], [94.398207, 16.95751], [94.398112, 16.875583], [94.40218, 16.793749], [94.410397, 16.712204], [94.422739, 16.631142], [94.439171, 16.550757], [94.459649, 16.47124], [94.48412, 16.39278], [94.512521, 16.315564], [94.544782, 16.239775], [94.580821, 16.165594], [94.62055, 16.093197], [94.663871, 16.022754], [94.71068, 15.954434], [94.760862, 15.888399], [94.814297, 15.824804], [94.870856, 15.763801], [94.930404, 15.705534], [94.992799, 15.650141], [95.057892, 15.597754], [95.125528, 15.548498], [95.195548, 15.502488], [95.267785, 15.459835], [95.342069, 15.420639], [95.418224, 15.384994], [95.496071, 15.352984], [95.575426, 15.324687], [95.656102, 15.30017], [95.73791, 15.27949], [95.820656, 15.262699], [95.904147, 15.249836], [95.988186, 15.240933], [96.072575, 15.236011], [96.157115, 15.235084], [96.241608, 15.238153], [96.325855, 15.245213], [96.409656, 15.256248], [96.492815, 15.271233], [96.575135, 15.290132], [96.656421, 15.312901], [96.736482, 15.339489], [96.815128, 15.369831], [96.892173, 15.403858], [96.967432, 15.441489], [97.040729, 15.482636], [97.111887, 15.527201], [97.180737, 15.57508], [97.247114, 15.626158], [97.31086, 15.680316], [97.37182, 15.737425], [97.429847, 15.79735], [97.484802, 15.859949], [97.53655, 15.925072], [97.584966, 15.992565], [97.629931, 16.062268], [97.671334, 16.134013], [97.709072, 16.207632], [97.743052, 16.282946], [97.773187, 16.359777], [97.799402, 16.437941], [97.821629, 16.517251], [97.839809, 16.597516], [97.853894, 16.678543], [97.863846, 16.760139], [97.869634, 16.842107], [97.871239, 16.924249]]]]}}, {"type": "Feature", "properties": {"type": "CTR", "designator": "", "name": "MAGWAY", "lower": "GND SFC", "upper": "3000 MSL", "activity_note": "", "restriction": "", "hazard": "", "remarks": ""}, "geometry": {"type": "MultiPolygon", "coordinates": [[[[95.145689, 20.151514], [95.145588, 20.159722], [95.145061, 20.167916], [95.144108, 20.176076], [95.142732, 20.184182], [95.140937, 20.192214], [95.138726, 20.200153], [95.136105, 20.207981], [95.13308, 20.215677], [95.129658, 20.223224], [95.125848, 20.230604], [95.121658, 20.237798], [95.117099, 20.244789], [95.112182, 20.251561], [95.106918, 20.258096], [95.10132, 20.26438], [95.095402, 20.270397], [95.089178, 20.276132], [95.082662, 20.281573], [95.075871, 20.286704], [95.068821, 20.291515], [95.061528, 20.295994], [95.054011, 20.300129], [95.046288, 20.303911], [95.038377, 20.30733], [95.030297, 20.310379], [95.022068, 20.31305], [95.01371, 20.315336], [95.005243, 20.317232], [94.996687, 20.318733], [94.988063, 20.319837], [94.979391, 20.320539], [94.970694, 20.320839], [94.961992, 20.320735], [94.953305, 20.320229], [94.944656, 20.31932], [94.936064, 20.318012], [94.92755, 20.316307], [94.919136, 20.314209], [94.910841, 20.311725], [94.902686, 20.308859], [94.89469, 20.305618], [94.886872, 20.302011], [94.879252, 20.298046], [94.871848, 20.293733], [94.864677, 20.289081], [94.857757, 20.284103], [94.851105, 20.278811], [94.844736, 20.273216], [94.838667, 20.267333], [94.832911, 20.261176], [94.827483, 20.25476], [94.822395, 20.248099], [94.817661, 20.241211], [94.81329, 20.234112], [94.809294, 20.226819], [94.805683, 20.21935], [94.802464, 20.211722], [94.799647, 20.203954], [94.797236, 20.196065], [94.795239, 20.188074], [94.79366, 20.18], [94.792502, 20.171862], [94.791769, 20.163681], [94.791462, 20.155475], [94.791582, 20.147265], [94.792128, 20.139071], [94.793099, 20.130911], [94.794493, 20.122807], [94.796306, 20.114777], [94.798534, 20.10684], [94.801171, 20.099017], [94.804211, 20.091324], [94.807646, 20.083783], [94.811469, 20.076409], [94.81567, 20.069221], [94.820239, 20.062237], [94.825164, 20.055473], [94.830435, 20.048945], [94.836037, 20.04267], [94.841958, 20.036661], [94.848184, 20.030934], [94.854699, 20.025503], [94.861488, 20.02038], [94.868534, 20.015578], [94.87582, 20.011108], [94.883329, 20.006981], [94.891043, 20.003207], [94.898944, 19.999795], [94.907011, 19.996753], [94.915226, 19.994089], [94.92357, 19.991809], [94.932021, 19.989918], [94.940561, 19.988421], [94.949167, 19.987321], [94.95782, 19.986622], [94.966499, 19.986324], [94.975183, 19.986429], [94.983851, 19.986937], [94.992482, 19.987845], [95.001056, 19.989152], [95.009552, 19.990855], [95.017949, 19.992949], [95.026228, 19.99543], [95.034368, 19.998292], [95.04235, 20.001527], [95.050155, 20.005128], [95.057764, 20.009087], [95.065159, 20.013393], [95.072321, 20.018037], [95.079235, 20.023007], [95.085882, 20.028292], [95.092247, 20.033878], [95.098316, 20.039752], [95.104072, 20.045901], [95.109503, 20.052308], [95.114595, 20.05896], [95.119335, 20.065839], [95.123714, 20.07293], [95.127719, 20.080215], [95.131341, 20.087677], [95.134572, 20.095298], [95.137403, 20.103059], [95.139829, 20.110942], [95.141842, 20.118928], [95.143438, 20.126998], [95.144613, 20.135132], [95.145364, 20.14331], [95.145689, 20.151514]]]]}}, {"type": "Feature", "properties": {"type": "CTR", "designator": "", "name": "PATHEIN CTR", "lower": "GND SFC", "upper": "130 STD", "activity_note": "", "restriction": "", "hazard": "", "remarks": ""}, "geometry": {"type": "MultiPolygon", "coordinates": [[[[95.294974, 16.806947], [95.294642, 16.831578], [95.293057, 16.856164], [95.29022, 16.880645], [95.286139, 16.904963], [95.280822, 16.929058], [95.274283, 16.952874], [95.266535, 16.976352], [95.257598, 16.999435], [95.247493, 17.022069], [95.236243, 17.044198], [95.223876, 17.065768], [95.21042, 17.086729], [95.195909, 17.107029], [95.180376, 17.126618], [95.163859, 17.14545], [95.146397, 17.163479], [95.128033, 17.180661], [95.10881, 17.196955], [95.088776, 17.212321], [95.067977, 17.226722], [95.046466, 17.240123], [95.024292, 17.252492], [95.001511, 17.263797], [94.978177, 17.274013], [94.954347, 17.283113], [94.930079, 17.291077], [94.90543, 17.297884], [94.880462, 17.303519], [94.855234, 17.307966], [94.829809, 17.311216], [94.804246, 17.31326], [94.77861, 17.314094], [94.752962, 17.313716], [94.727364, 17.312125], [94.701878, 17.309327], [94.676567, 17.305328], [94.651491, 17.300137], [94.626712, 17.293767], [94.60229, 17.286234], [94.578285, 17.277555], [94.554753, 17.267752], [94.531754, 17.256849], [94.509341, 17.244872], [94.48757, 17.23185], [94.466493, 17.217815], [94.446161, 17.2028], [94.426623, 17.186842], [94.407927, 17.16998], [94.390118, 17.152255], [94.373238, 17.133709], [94.357329, 17.114388], [94.342427, 17.094338], [94.32857, 17.073607], [94.315791, 17.052247], [94.304119, 17.030308], [94.293583, 17.007844], [94.284208, 16.984909], [94.276017, 16.961558], [94.269027, 16.937849], [94.263257, 16.913837], [94.258719, 16.889582], [94.255424, 16.865141], [94.253379, 16.840574], [94.252589, 16.815939], [94.253055, 16.791297], [94.254776, 16.766707], [94.257747, 16.742228], [94.26196, 16.717918], [94.267405, 16.693837], [94.274068, 16.670042], [94.281932, 16.646591], [94.290979, 16.62354], [94.301187, 16.600944], [94.312529, 16.578858], [94.324979, 16.557334], [94.338506, 16.536425], [94.353078, 16.516181], [94.368659, 16.496649], [94.385211, 16.477878], [94.402695, 16.459912], [94.421069, 16.442794], [94.440287, 16.426564], [94.460304, 16.411263], [94.481072, 16.396927], [94.50254, 16.383589], [94.524658, 16.371283], [94.547371, 16.360036], [94.570627, 16.349877], [94.594368, 16.340829], [94.618538, 16.332915], [94.643079, 16.326152], [94.667932, 16.320558], [94.693039, 16.316145], [94.718338, 16.312924], [94.743769, 16.310902], [94.769272, 16.310086], [94.794785, 16.310475], [94.820248, 16.31207], [94.8456, 16.314866], [94.870779, 16.318857], [94.895726, 16.324034], [94.920382, 16.330383], [94.944686, 16.337889], [94.968582, 16.346536], [94.992011, 16.356301], [95.014918, 16.367161], [95.037249, 16.379091], [95.058948, 16.392061], [95.079965, 16.406042], [95.100249, 16.420998], [95.119751, 16.436895], [95.138425, 16.453694], [95.156225, 16.471356], [95.173109, 16.489837], [95.189036, 16.509093], [95.203968, 16.529079], [95.217868, 16.549746], [95.230703, 16.571045], [95.242443, 16.592924], [95.253057, 16.615332], [95.262521, 16.638214], [95.270812, 16.661515], [95.277908, 16.685181], [95.283793, 16.709152], [95.288453, 16.733373], [95.291875, 16.757785], [95.29405, 16.782329], [95.294974, 16.806947]]]]}}, {"type": "Feature", "properties": {"type": "CTR", "designator": "", "name": "LOIKAW CTR", "lower": "GND SFC", "upper": "130 STD", "activity_note": "", "restriction": "", "hazard": "", "remarks": ""}, "geometry": {"type": "MultiPolygon", "coordinates": [[[[97.568157, 19.694922], [97.567585, 19.711338], [97.566163, 19.727707], [97.563894, 19.743991], [97.560784, 19.760149], [97.556838, 19.776144], [97.552068, 19.791935], [97.546483, 19.807486], [97.540098, 19.822758], [97.532928, 19.837715], [97.524988, 19.852321], [97.5163, 19.86654], [97.506883, 19.880338], [97.49676, 19.893681], [97.485955, 19.906538], [97.474494, 19.918877], [97.462406, 19.930668], [97.449718, 19.941883], [97.436462, 19.952494], [97.422669, 19.962477], [97.408374, 19.971807], [97.39361, 19.98046], [97.378413, 19.988417], [97.36282, 19.995658], [97.346869, 20.002165], [97.330598, 20.007924], [97.314047, 20.012918], [97.297256, 20.017138], [97.280265, 20.020572], [97.263116, 20.023212], [97.24585, 20.025052], [97.228509, 20.026088], [97.211136, 20.026316], [97.193771, 20.025737], [97.176459, 20.024351], [97.159239, 20.022163], [97.142155, 20.019177], [97.125247, 20.0154], [97.108557, 20.010843], [97.092124, 20.005515], [97.075989, 19.999431], [97.060191, 19.992604], [97.044768, 19.985051], [97.029757, 19.976791], [97.015195, 19.967843], [97.001116, 19.958229], [96.987555, 19.947973], [96.974544, 19.937099], [96.962115, 19.925634], [96.950298, 19.913606], [96.93912, 19.901043], [96.92861, 19.887975], [96.918791, 19.874435], [96.909689, 19.860456], [96.901323, 19.84607], [96.893715, 19.831313], [96.886883, 19.816221], [96.880843, 19.800829], [96.875608, 19.785175], [96.871193, 19.769297], [96.867606, 19.753233], [96.864857, 19.737021], [96.862951, 19.720701], [96.861893, 19.704313], [96.861686, 19.687895], [96.862329, 19.671487], [96.863821, 19.655129], [96.866158, 19.638859], [96.869334, 19.622718], [96.873341, 19.606744], [96.878169, 19.590975], [96.883807, 19.575449], [96.890241, 19.560204], [96.897454, 19.545276], [96.90543, 19.530701], [96.914149, 19.516514], [96.92359, 19.502749], [96.933731, 19.489439], [96.944546, 19.476616], [96.956009, 19.464311], [96.968094, 19.452554], [96.980771, 19.441372], [96.994009, 19.430793], [97.007777, 19.420841], [97.022041, 19.411541], [97.036767, 19.402915], [97.051921, 19.394983], [97.067465, 19.387765], [97.083362, 19.381278], [97.099575, 19.375538], [97.116064, 19.370558], [97.13279, 19.36635], [97.149712, 19.362925], [97.166791, 19.36029], [97.183985, 19.358452], [97.201254, 19.357415], [97.218555, 19.357182], [97.235848, 19.357753], [97.253091, 19.359128], [97.270242, 19.361302], [97.287261, 19.364271], [97.304107, 19.368027], [97.32074, 19.372562], [97.337119, 19.377865], [97.353205, 19.383922], [97.368961, 19.39072], [97.384347, 19.398242], [97.399327, 19.406471], [97.413866, 19.415385], [97.427927, 19.424965], [97.441478, 19.435187], [97.454486, 19.446027], [97.466919, 19.457458], [97.478747, 19.469454], [97.489942, 19.481985], [97.500478, 19.495021], [97.510327, 19.508532], [97.519467, 19.522484], [97.527876, 19.536844], [97.535533, 19.551578], [97.542419, 19.56665], [97.548518, 19.582024], [97.553814, 19.597663], [97.558295, 19.61353], [97.56195, 19.629585], [97.56477, 19.645791], [97.566747, 19.662109], [97.567877, 19.678499], [97.568157, 19.694922]]]]}}, {"type": "Feature", "properties": {"type": "CTR", "designator": "", "name": "BANMAW CTR", "lower": "GND SFC", "upper": "130 STD", "activity_note": "", "restriction": "", "hazard": "", "remarks": ""}, "geometry": {"type": "MultiPolygon", "coordinates": [[[[97.612082, 24.274599], [97.611464, 24.291006], [97.609968, 24.307364], [97.607597, 24.323636], [97.604358, 24.339782], [97.600256, 24.355762], [97.595302, 24.371538], [97.589508, 24.387072], [97.582887, 24.402327], [97.575454, 24.417266], [97.567229, 24.431852], [97.558229, 24.44605], [97.548477, 24.459826], [97.537996, 24.473147], [97.526812, 24.48598], [97.51495, 24.498294], [97.50244, 24.51006], [97.489312, 24.521248], [97.475598, 24.531833], [97.46133, 24.541787], [97.446543, 24.551088], [97.431273, 24.559712], [97.415557, 24.567639], [97.399432, 24.574849], [97.382939, 24.581325], [97.366116, 24.587051], [97.349005, 24.592013], [97.331648, 24.5962], [97.314085, 24.599601], [97.296361, 24.602208], [97.278518, 24.604014], [97.260599, 24.605015], [97.242648, 24.60521], [97.224708, 24.604596], [97.206824, 24.603177], [97.189037, 24.600954], [97.171393, 24.597935], [97.153933, 24.594125], [97.1367, 24.589535], [97.119735, 24.584176], [97.10308, 24.578059], [97.086775, 24.571202], [97.07086, 24.563619], [97.055373, 24.55533], [97.040351, 24.546354], [97.025831, 24.536714], [97.011848, 24.526432], [96.998436, 24.515534], [96.985627, 24.504046], [96.973451, 24.491996], [96.961939, 24.479413], [96.951118, 24.466328], [96.941013, 24.452771], [96.931649, 24.438777], [96.923048, 24.424379], [96.915231, 24.409611], [96.908217, 24.394509], [96.902021, 24.379111], [96.896659, 24.363452], [96.892144, 24.347571], [96.888485, 24.331507], [96.885692, 24.315297], [96.88377, 24.29898], [96.882725, 24.282598], [96.882557, 24.266187], [96.883268, 24.24979], [96.884856, 24.233443], [96.887315, 24.217188], [96.89064, 24.201063], [96.894823, 24.185106], [96.899853, 24.169357], [96.905717, 24.153853], [96.912402, 24.138631], [96.919891, 24.123729], [96.928166, 24.10918], [96.937207, 24.095021], [96.946992, 24.081286], [96.957496, 24.068007], [96.968696, 24.055217], [96.980563, 24.042945], [96.993069, 24.031222], [97.006184, 24.020075], [97.019877, 24.009531], [97.034114, 23.999616], [97.048862, 23.990353], [97.064084, 23.981764], [97.079746, 23.97387], [97.095808, 23.96669], [97.112232, 23.960241], [97.12898, 23.954539], [97.146011, 23.949596], [97.163284, 23.945426], [97.180758, 23.942037], [97.198392, 23.939438], [97.216142, 23.937636], [97.233967, 23.936635], [97.251824, 23.936436], [97.269671, 23.937041], [97.287464, 23.938448], [97.305161, 23.940654], [97.322721, 23.943653], [97.3401, 23.947439], [97.357257, 23.952002], [97.374151, 23.957331], [97.390742, 23.963414], [97.40699, 23.970236], [97.422856, 23.977781], [97.438303, 23.986031], [97.453292, 23.994966], [97.467788, 24.004565], [97.481756, 24.014804], [97.495162, 24.025659], [97.507975, 24.037105], [97.520163, 24.049113], [97.531697, 24.061655], [97.54255, 24.074701], [97.552694, 24.08822], [97.562105, 24.102179], [97.570761, 24.116545], [97.57864, 24.131282], [97.585724, 24.146357], [97.591994, 24.161732], [97.597436, 24.177371], [97.602036, 24.193235], [97.605783, 24.209288], [97.608667, 24.22549], [97.610681, 24.241802], [97.61182, 24.258185], [97.612082, 24.274599]]]]}}, {"type": "Feature", "properties": {"type": "CTR", "designator": "", "name": "ANN CTR", "lower": "GND SFC", "upper": "2000 MSL", "activity_note": "", "restriction": "", "hazard": "", "remarks": ""}, "geometry": {"type": "MultiPolygon", "coordinates": [[[[94.202981, 19.768168], [94.20283, 19.77638], [94.202253, 19.784575], [94.201252, 19.792733], [94.199829, 19.800835], [94.197988, 19.808861], [94.195733, 19.816792], [94.193069, 19.824608], [94.190003, 19.832292], [94.186542, 19.839823], [94.182694, 19.847185], [94.178468, 19.854359], [94.173875, 19.861328], [94.168926, 19.868076], [94.163633, 19.874585], [94.158008, 19.880841], [94.152064, 19.886828], [94.145817, 19.892532], [94.139281, 19.897938], [94.132472, 19.903035], [94.125407, 19.907809], [94.118102, 19.912249], [94.110575, 19.916345], [94.102844, 19.920086], [94.094928, 19.923463], [94.086846, 19.926469], [94.078617, 19.929095], [94.070262, 19.931336], [94.0618, 19.933186], [94.053253, 19.934642], [94.04464, 19.935698], [94.035982, 19.936353], [94.027301, 19.936605], [94.018618, 19.936453], [94.009952, 19.935898], [94.001326, 19.934942], [93.99276, 19.933586], [93.984275, 19.931833], [93.975892, 19.929689], [93.96763, 19.927158], [93.959509, 19.924246], [93.95155, 19.92096], [93.943771, 19.917308], [93.936191, 19.9133], [93.928828, 19.908944], [93.921701, 19.904252], [93.914827, 19.899234], [93.908221, 19.893903], [93.9019, 19.888271], [93.89588, 19.882353], [93.890174, 19.876162], [93.884797, 19.869713], [93.87976, 19.863023], [93.875078, 19.856107], [93.87076, 19.848981], [93.866817, 19.841663], [93.863259, 19.834171], [93.860094, 19.826523], [93.85733, 19.818737], [93.854973, 19.810832], [93.853028, 19.802827], [93.851502, 19.794742], [93.850396, 19.786595], [93.849714, 19.778406], [93.849458, 19.770196], [93.849627, 19.761984], [93.850222, 19.753789], [93.851241, 19.745632], [93.852681, 19.737532], [93.854539, 19.729509], [93.85681, 19.721582], [93.859489, 19.71377], [93.86257, 19.706091], [93.866044, 19.698565], [93.869904, 19.69121], [93.874139, 19.684042], [93.878741, 19.67708], [93.883697, 19.67034], [93.888996, 19.663839], [93.894625, 19.657591], [93.90057, 19.651613], [93.906817, 19.645917], [93.913352, 19.640519], [93.920157, 19.635431], [93.927218, 19.630665], [93.934516, 19.626233], [93.942035, 19.622145], [93.949756, 19.618412], [93.95766, 19.615041], [93.96573, 19.612042], [93.973944, 19.609421], [93.982285, 19.607185], [93.99073, 19.605339], [93.999261, 19.603888], [94.007857, 19.602834], [94.016496, 19.602182], [94.02516, 19.601931], [94.033825, 19.602083], [94.042472, 19.602638], [94.051081, 19.603593], [94.059629, 19.604947], [94.068097, 19.606697], [94.076465, 19.608838], [94.084712, 19.611365], [94.092818, 19.614272], [94.100765, 19.617552], [94.108532, 19.621197], [94.116102, 19.625199], [94.123455, 19.629547], [94.130575, 19.634232], [94.137445, 19.639242], [94.144047, 19.644565], [94.150365, 19.650188], [94.156386, 19.656098], [94.162093, 19.66228], [94.167474, 19.668721], [94.172515, 19.675403], [94.177204, 19.682311], [94.181531, 19.689429], [94.185483, 19.696739], [94.189053, 19.704225], [94.19223, 19.711866], [94.195009, 19.719647], [94.197381, 19.727547], [94.199341, 19.735547], [94.200884, 19.743629], [94.202007, 19.751773], [94.202707, 19.759959], [94.202981, 19.768168]]]]}}, {"type": "Feature", "properties": {"type": "CTR", "designator": "", "name": "ANISAKAN CTR", "lower": "GND SFC", "upper": "5000 MSL", "activity_note": "", "restriction": "", "hazard": "", "remarks": ""}, "geometry": {"type": "MultiPolygon", "coordinates": [[[[96.585543, 21.9587], [96.585188, 21.9669], [96.584402, 21.975073], [96.583188, 21.983201], [96.581547, 21.991263], [96.579483, 21.99924], [96.577002, 22.007113], [96.574109, 22.014864], [96.570812, 22.022472], [96.567117, 22.02992], [96.563035, 22.03719], [96.558575, 22.044264], [96.553747, 22.051126], [96.548563, 22.057758], [96.543036, 22.064145], [96.537179, 22.070272], [96.531006, 22.076122], [96.524532, 22.081683], [96.517773, 22.086941], [96.510744, 22.091884], [96.503463, 22.096498], [96.495947, 22.100774], [96.488215, 22.1047], [96.480286, 22.108268], [96.472177, 22.111468], [96.463909, 22.114293], [96.455503, 22.116737], [96.446978, 22.118792], [96.438354, 22.120455], [96.429653, 22.121721], [96.420896, 22.122588], [96.412104, 22.123052], [96.403298, 22.123114], [96.394499, 22.122772], [96.385729, 22.122028], [96.37701, 22.120884], [96.368361, 22.119341], [96.359804, 22.117405], [96.351359, 22.11508], [96.343048, 22.112371], [96.334889, 22.109284], [96.326904, 22.105828], [96.31911, 22.102011], [96.311527, 22.097842], [96.304174, 22.09333], [96.297067, 22.088488], [96.290224, 22.083326], [96.283662, 22.077857], [96.277396, 22.072095], [96.271442, 22.066053], [96.265813, 22.059745], [96.260524, 22.053188], [96.255586, 22.046396], [96.251013, 22.039387], [96.246814, 22.032177], [96.243, 22.024783], [96.239581, 22.017224], [96.236563, 22.009517], [96.233955, 22.001682], [96.231762, 21.993737], [96.229991, 21.985701], [96.228644, 21.977593], [96.227726, 21.969434], [96.227238, 21.961242], [96.227181, 21.953038], [96.227556, 21.944841], [96.228361, 21.936672], [96.229595, 21.928549], [96.231255, 21.920492], [96.233336, 21.912521], [96.235833, 21.904654], [96.23874, 21.896911], [96.242051, 21.889311], [96.245757, 21.881872], [96.249849, 21.87461], [96.254318, 21.867545], [96.259152, 21.860693], [96.26434, 21.85407], [96.269869, 21.847693], [96.275726, 21.841576], [96.281897, 21.835735], [96.288367, 21.830183], [96.295121, 21.824934], [96.302142, 21.820001], [96.309414, 21.815394], [96.316918, 21.811126], [96.324637, 21.807207], [96.332552, 21.803645], [96.340645, 21.80045], [96.348895, 21.79763], [96.357284, 21.79519], [96.36579, 21.793137], [96.374394, 21.791476], [96.383074, 21.790211], [96.391811, 21.789345], [96.400582, 21.788879], [96.409368, 21.788816], [96.418146, 21.789155], [96.426896, 21.789895], [96.435596, 21.791035], [96.444227, 21.792572], [96.452767, 21.794502], [96.461195, 21.796821], [96.469492, 21.799522], [96.477637, 21.8026], [96.485611, 21.806048], [96.493394, 21.809856], [96.500969, 21.814016], [96.508316, 21.818518], [96.515419, 21.823351], [96.522259, 21.828503], [96.528821, 21.833962], [96.535089, 21.839715], [96.541047, 21.845748], [96.546682, 21.852047], [96.551979, 21.858595], [96.556926, 21.865379], [96.561511, 21.872381], [96.565723, 21.879584], [96.569551, 21.886972], [96.572987, 21.894525], [96.576021, 21.902227], [96.578648, 21.910059], [96.580859, 21.918002], [96.582651, 21.926036], [96.584018, 21.934142], [96.584957, 21.942302], [96.585465, 21.950494], [96.585543, 21.9587]]]]}}, {"type": "Feature", "properties": {"type": "CTR", "designator": "", "name": "HPAPUN", "lower": "GND SFC", "upper": "1476 MSL", "activity_note": "", "restriction": "", "hazard": "", "remarks": ""}, "geometry": {"type": "MultiPolygon", "coordinates": [[[[97.537475, 18.067349], [97.537335, 18.071454], [97.536985, 18.075547], [97.536426, 18.079619], [97.535658, 18.083659], [97.534684, 18.087659], [97.533506, 18.091608], [97.532127, 18.095498], [97.530549, 18.099317], [97.528778, 18.103058], [97.526816, 18.106712], [97.52467, 18.110269], [97.522343, 18.113721], [97.519842, 18.117059], [97.517172, 18.120277], [97.514341, 18.123364], [97.511354, 18.126316], [97.50822, 18.129123], [97.504945, 18.131781], [97.501537, 18.134281], [97.498005, 18.136618], [97.494358, 18.138787], [97.490603, 18.140782], [97.486751, 18.142598], [97.482809, 18.144231], [97.478789, 18.145677], [97.474699, 18.146933], [97.47055, 18.147996], [97.466351, 18.148862], [97.462113, 18.14953], [97.457845, 18.149999], [97.453559, 18.150267], [97.449264, 18.150333], [97.444971, 18.150197], [97.44069, 18.149861], [97.436431, 18.149323], [97.432205, 18.148587], [97.428022, 18.147653], [97.423892, 18.146524], [97.419826, 18.145202], [97.415831, 18.143691], [97.41192, 18.141995], [97.4081, 18.140117], [97.404381, 18.138062], [97.400773, 18.135835], [97.397283, 18.133441], [97.39392, 18.130886], [97.390692, 18.128177], [97.387608, 18.125319], [97.384674, 18.122321], [97.381897, 18.119188], [97.379285, 18.115928], [97.376843, 18.11255], [97.374578, 18.109061], [97.372494, 18.105471], [97.370597, 18.101786], [97.368892, 18.098018], [97.367382, 18.094173], [97.366071, 18.090263], [97.364963, 18.086295], [97.364059, 18.082281], [97.363362, 18.078229], [97.362875, 18.074149], [97.362597, 18.070051], [97.362529, 18.065945], [97.362673, 18.061841], [97.363027, 18.057748], [97.36359, 18.053677], [97.364361, 18.049637], [97.365339, 18.045639], [97.36652, 18.041691], [97.367903, 18.037803], [97.369483, 18.033985], [97.371257, 18.030245], [97.37322, 18.026593], [97.375369, 18.023038], [97.377697, 18.019588], [97.380199, 18.016251], [97.382869, 18.013036], [97.385701, 18.00995], [97.388687, 18.007001], [97.391821, 18.004195], [97.395095, 18.00154], [97.398501, 17.999041], [97.402031, 17.996706], [97.405677, 17.994539], [97.409429, 17.992545], [97.413279, 17.99073], [97.417217, 17.989098], [97.421234, 17.987653], [97.42532, 17.986398], [97.429466, 17.985336], [97.433661, 17.98447], [97.437895, 17.983802], [97.442159, 17.983334], [97.446441, 17.983066], [97.450732, 17.983], [97.455021, 17.983135], [97.459298, 17.983471], [97.463553, 17.984008], [97.467775, 17.984743], [97.471955, 17.985676], [97.476081, 17.986804], [97.480145, 17.988124], [97.484136, 17.989633], [97.488046, 17.991328], [97.491863, 17.993204], [97.49558, 17.995258], [97.499188, 17.997483], [97.502677, 17.999875], [97.506039, 18.002427], [97.509266, 18.005135], [97.512351, 18.00799], [97.515286, 18.010987], [97.518063, 18.014118], [97.520677, 18.017376], [97.52312, 18.020753], [97.525388, 18.02424], [97.527474, 18.027829], [97.529373, 18.031512], [97.531082, 18.035279], [97.532595, 18.039123], [97.533909, 18.043032], [97.535021, 18.046999], [97.535929, 18.051013], [97.536629, 18.055065], [97.537121, 18.059145], [97.537403, 18.063243], [97.537475, 18.067349]]]]}}, {"type": "Feature", "properties": {"type": "CTR", "designator": "", "name": "NYAUNG U CTR", "lower": "GND SFC", "upper": "170 STD", "activity_note": "", "restriction": "", "hazard": "", "remarks": ""}, "geometry": {"type": "MultiPolygon", "coordinates": [[[[95.46518, 21.172012], [95.464944, 21.196631], [95.463421, 21.22121], [95.460613, 21.245688], [95.456526, 21.270008], [95.45117, 21.294111], [95.444557, 21.317938], [95.436702, 21.341432], [95.427624, 21.364537], [95.417344, 21.387196], [95.405886, 21.409355], [95.393278, 21.43096], [95.379549, 21.451959], [95.364731, 21.472301], [95.348862, 21.491937], [95.331978, 21.510819], [95.31412, 21.528901], [95.29533, 21.546141], [95.275655, 21.562494], [95.255141, 21.577923], [95.233839, 21.59239], [95.211798, 21.605859], [95.189074, 21.618297], [95.16572, 21.629675], [95.141793, 21.639965], [95.117352, 21.649141], [95.092456, 21.657181], [95.067165, 21.664066], [95.04154, 21.669779], [95.015644, 21.674306], [94.98954, 21.677636], [94.963292, 21.679761], [94.936963, 21.680674], [94.910617, 21.680376], [94.884318, 21.678865], [94.858132, 21.676145], [94.83212, 21.672224], [94.806347, 21.66711], [94.780876, 21.660816], [94.755767, 21.653358], [94.731083, 21.644753], [94.706884, 21.635022], [94.683227, 21.624189], [94.660171, 21.61228], [94.637772, 21.599325], [94.616083, 21.585354], [94.595157, 21.570401], [94.575046, 21.554504], [94.555797, 21.5377], [94.537457, 21.52003], [94.52007, 21.501537], [94.503678, 21.482266], [94.488321, 21.462264], [94.474034, 21.44158], [94.460853, 21.420262], [94.448809, 21.398364], [94.437931, 21.375937], [94.428244, 21.353037], [94.419771, 21.329718], [94.412532, 21.306037], [94.406544, 21.282052], [94.401821, 21.25782], [94.398374, 21.2334], [94.39621, 21.20885], [94.395334, 21.18423], [94.395747, 21.1596], [94.397449, 21.135018], [94.400433, 21.110544], [94.404693, 21.086237], [94.410217, 21.062155], [94.416991, 21.038356], [94.424999, 21.014898], [94.434221, 20.991837], [94.444634, 20.969227], [94.456212, 20.947125], [94.468927, 20.925582], [94.482749, 20.904649], [94.497643, 20.884379], [94.513574, 20.864818], [94.530503, 20.846014], [94.548388, 20.828012], [94.567187, 20.810855], [94.586855, 20.794584], [94.607344, 20.779238], [94.628605, 20.764854], [94.650587, 20.751465], [94.673237, 20.739104], [94.6965, 20.727801], [94.720322, 20.717582], [94.744644, 20.708472], [94.76941, 20.700493], [94.794559, 20.693663], [94.820032, 20.687999], [94.845768, 20.683514], [94.871705, 20.680219], [94.897781, 20.678122], [94.923934, 20.677227], [94.950102, 20.677538], [94.976223, 20.679052], [95.002234, 20.681767], [95.028072, 20.685675], [95.053677, 20.690768], [95.078987, 20.697034], [95.103943, 20.704456], [95.128483, 20.713018], [95.15255, 20.722699], [95.176086, 20.733476], [95.199035, 20.745323], [95.221342, 20.758211], [95.242953, 20.772111], [95.263818, 20.786988], [95.283885, 20.802807], [95.303106, 20.819531], [95.321436, 20.837119], [95.338831, 20.855528], [95.355247, 20.874716], [95.370647, 20.894637], [95.384992, 20.915241], [95.398247, 20.936481], [95.410382, 20.958305], [95.421365, 20.980661], [95.431171, 21.003495], [95.439775, 21.026752], [95.447156, 21.050378], [95.453295, 21.074314], [95.458178, 21.098504], [95.461793, 21.12289], [95.464129, 21.147412], [95.46518, 21.172012]]]]}}, {"type": "Feature", "properties": {"type": "CTR", "designator": "", "name": "MYEIK CTR", "lower": "GND SFC", "upper": "130 STD", "activity_note": "", "restriction": "", "hazard": "", "remarks": ""}, "geometry": {"type": "MultiPolygon", "coordinates": [[[[99.133383, 12.44937], [99.13278, 12.474023], [99.130946, 12.498618], [99.127886, 12.523095], [99.123606, 12.547394], [99.118117, 12.571458], [99.111431, 12.595228], [99.103565, 12.618647], [99.094537, 12.641658], [99.084368, 12.664206], [99.073083, 12.686237], [99.060708, 12.707696], [99.047274, 12.728533], [99.032812, 12.748697], [99.017357, 12.768139], [99.000946, 12.786813], [98.98362, 12.804672], [98.965419, 12.821675], [98.946387, 12.837779], [98.92657, 12.852945], [98.906017, 12.867138], [98.884776, 12.880323], [98.8629, 12.892467], [98.84044, 12.903542], [98.817452, 12.91352], [98.79399, 12.922377], [98.770113, 12.930093], [98.745876, 12.936647], [98.721341, 12.942025], [98.696564, 12.946213], [98.671608, 12.949202], [98.646532, 12.950983], [98.621396, 12.951553], [98.596263, 12.95091], [98.571192, 12.949056], [98.546245, 12.945995], [98.521482, 12.941735], [98.496963, 12.936286], [98.472748, 12.929661], [98.448894, 12.921877], [98.425461, 12.912952], [98.402503, 12.902908], [98.380078, 12.891769], [98.35824, 12.879562], [98.33704, 12.866317], [98.316531, 12.852066], [98.296761, 12.836843], [98.277779, 12.820686], [98.25963, 12.803632], [98.242358, 12.785725], [98.226005, 12.767006], [98.21061, 12.747521], [98.196209, 12.727318], [98.182838, 12.706445], [98.170528, 12.684952], [98.159309, 12.662892], [98.149207, 12.640317], [98.140247, 12.617283], [98.132451, 12.593844], [98.125836, 12.570058], [98.120417, 12.545982], [98.116209, 12.521673], [98.11322, 12.497191], [98.111458, 12.472594], [98.110926, 12.447941], [98.111626, 12.423293], [98.113555, 12.398708], [98.116708, 12.374246], [98.121077, 12.349965], [98.126652, 12.325924], [98.133419, 12.30218], [98.141361, 12.278791], [98.150459, 12.255813], [98.16069, 12.233302], [98.17203, 12.21131], [98.184452, 12.189892], [98.197925, 12.169098], [98.212416, 12.148979], [98.227892, 12.129583], [98.244313, 12.110956], [98.261641, 12.093143], [98.279835, 12.076187], [98.298849, 12.060128], [98.318639, 12.045006], [98.339157, 12.030856], [98.360354, 12.017712], [98.382178, 12.005606], [98.404578, 11.994567], [98.427499, 11.984622], [98.450887, 11.975793], [98.474685, 11.968103], [98.498837, 11.96157], [98.523284, 11.956209], [98.547969, 11.952034], [98.572831, 11.949054], [98.597811, 11.947277], [98.62285, 11.946706], [98.647887, 11.947344], [98.672863, 11.949189], [98.697717, 11.952235], [98.72239, 11.956477], [98.746823, 11.961903], [98.770957, 11.968501], [98.794735, 11.976256], [98.818099, 11.985147], [98.840994, 11.995155], [98.863364, 12.006255], [98.885156, 12.01842], [98.906317, 12.031622], [98.926797, 12.045828], [98.946546, 12.061005], [98.965517, 12.077116], [98.983664, 12.094123], [99.000944, 12.111985], [99.017314, 12.130658], [99.032736, 12.150098], [99.047173, 12.170259], [99.060588, 12.191091], [99.07295, 12.212545], [99.084229, 12.23457], [99.094398, 12.257112], [99.103431, 12.280117], [99.111307, 12.30353], [99.118007, 12.327295], [99.123513, 12.351354], [99.127814, 12.37565], [99.130897, 12.400124], [99.132755, 12.424717], [99.133383, 12.44937]]]]}}, {"type": "Feature", "properties": {"type": "CTR", "designator": "", "name": "HOMMALINN CTR", "lower": "GND SFC", "upper": "130 STD", "activity_note": "", "restriction": "", "hazard": "", "remarks": ""}, "geometry": {"type": "MultiPolygon", "coordinates": [[[[95.372364, 24.892272], [95.372204, 24.912781], [95.370941, 24.933258], [95.368577, 24.953653], [95.365118, 24.973918], [95.360572, 24.994004], [95.354947, 25.013862], [95.348259, 25.033445], [95.340522, 25.052705], [95.331755, 25.071595], [95.321977, 25.09007], [95.311214, 25.108086], [95.299489, 25.125598], [95.286831, 25.142565], [95.27327, 25.158945], [95.25884, 25.174698], [95.243573, 25.189787], [95.227507, 25.204174], [95.210681, 25.217825], [95.193136, 25.230707], [95.174912, 25.242788], [95.156056, 25.254039], [95.136611, 25.264433], [95.116626, 25.273944], [95.096149, 25.282549], [95.075229, 25.290228], [95.053917, 25.296961], [95.032265, 25.302733], [95.010325, 25.307528], [94.988152, 25.311336], [94.965798, 25.314147], [94.943318, 25.315955], [94.920767, 25.316754], [94.8982, 25.316543], [94.875672, 25.315322], [94.853237, 25.313095], [94.830951, 25.309866], [94.808866, 25.305643], [94.787038, 25.300438], [94.765519, 25.294261], [94.744362, 25.287129], [94.723617, 25.279059], [94.703336, 25.27007], [94.683567, 25.260184], [94.664359, 25.249426], [94.645758, 25.23782], [94.627809, 25.225396], [94.610555, 25.212184], [94.594039, 25.198215], [94.5783, 25.183524], [94.563376, 25.168146], [94.549302, 25.152119], [94.536114, 25.135481], [94.523841, 25.118272], [94.512515, 25.100536], [94.502161, 25.082313], [94.492804, 25.063649], [94.484467, 25.044589], [94.477169, 25.025179], [94.470928, 25.005465], [94.465758, 24.985496], [94.46167, 24.965319], [94.458675, 24.944983], [94.456779, 24.924538], [94.455986, 24.904033], [94.456298, 24.883517], [94.457712, 24.863039], [94.460226, 24.84265], [94.463832, 24.822397], [94.468522, 24.80233], [94.474283, 24.782497], [94.481101, 24.762946], [94.48896, 24.743724], [94.497839, 24.724876], [94.507718, 24.706449], [94.518572, 24.688486], [94.530374, 24.67103], [94.543096, 24.654123], [94.556707, 24.637807], [94.571174, 24.622119], [94.586462, 24.607097], [94.602535, 24.592778], [94.619353, 24.579196], [94.636875, 24.566382], [94.655061, 24.554369], [94.673866, 24.543184], [94.693245, 24.532854], [94.713151, 24.523403], [94.733538, 24.514856], [94.754355, 24.50723], [94.775554, 24.500546], [94.797084, 24.494819], [94.818893, 24.490062], [94.840929, 24.486288], [94.863139, 24.483504], [94.885471, 24.481717], [94.907872, 24.480932], [94.930287, 24.481151], [94.952664, 24.482373], [94.974948, 24.484594], [94.997088, 24.487811], [95.019029, 24.492014], [95.040721, 24.497194], [95.06211, 24.503339], [95.083145, 24.510434], [95.103778, 24.518461], [95.123958, 24.527402], [95.143636, 24.537236], [95.162767, 24.547938], [95.181304, 24.559483], [95.199202, 24.571844], [95.21642, 24.584991], [95.232914, 24.598893], [95.248647, 24.613516], [95.263579, 24.628825], [95.277676, 24.644784], [95.290902, 24.661354], [95.303226, 24.678497], [95.314618, 24.69617], [95.325051, 24.714331], [95.334498, 24.732937], [95.342938, 24.751944], [95.350349, 24.771305], [95.356712, 24.790975], [95.362013, 24.810905], [95.366238, 24.831049], [95.369377, 24.851357], [95.37142, 24.871781], [95.372364, 24.892272]]]]}}, {"type": "Feature", "properties": {"type": "TMA", "designator": "", "name": "NAYPYITAW TMA", "lower": "130 STD", "upper": "170 STD", "activity_note": "", "restriction": "", "hazard": "", "remarks": ""}, "geometry": {"type": "MultiPolygon", "coordinates": [[[[97.259979, 19.63691], [97.258171, 19.686148], [97.253812, 19.735242], [97.246909, 19.784074], [97.237476, 19.832526], [97.225536, 19.880479], [97.211113, 19.927819], [97.194241, 19.974429], [97.174959, 20.020198], [97.153312, 20.065013], [97.12935, 20.108767], [97.10313, 20.151351], [97.074713, 20.192664], [97.044169, 20.232603], [97.011568, 20.271073], [96.97699, 20.307978], [96.940518, 20.343229], [96.90224, 20.37674], [96.862248, 20.408428], [96.82064, 20.438217], [96.777516, 20.466034], [96.732981, 20.491809], [96.687145, 20.515482], [96.640118, 20.536992], [96.592017, 20.556289], [96.542958, 20.573324], [96.493063, 20.588056], [96.442453, 20.60045], [96.391252, 20.610474], [96.339588, 20.618105], [96.287585, 20.623323], [96.235373, 20.626118], [96.18308, 20.626481], [96.130834, 20.624412], [96.078763, 20.619917], [96.026996, 20.613006], [95.975659, 20.603698], [95.924878, 20.592016], [95.874778, 20.577987], [95.825482, 20.561648], [95.777109, 20.543038], [95.729778, 20.522204], [95.683604, 20.499196], [95.6387, 20.474072], [95.595175, 20.446892], [95.553133, 20.417724], [95.512678, 20.38664], [95.473905, 20.353715], [95.43691, 20.319029], [95.401779, 20.282669], [95.368598, 20.244721], [95.337445, 20.20528], [95.308394, 20.16444], [95.281514, 20.122302], [95.256868, 20.078967], [95.234514, 20.03454], [95.214504, 19.98913], [95.196883, 19.942847], [95.181693, 19.895802], [95.168968, 19.848108], [95.158735, 19.799881], [95.151018, 19.751238], [95.145832, 19.702295], [95.143188, 19.65317], [95.143089, 19.603981], [95.145534, 19.554847], [95.150514, 19.505884], [95.158016, 19.457211], [95.168018, 19.408944], [95.180495, 19.361199], [95.195415, 19.314089], [95.212741, 19.267728], [95.232429, 19.222226], [95.25443, 19.177692], [95.278691, 19.134231], [95.305152, 19.091948], [95.333748, 19.050943], [95.364411, 19.011315], [95.397066, 18.973157], [95.431635, 18.93656], [95.468034, 18.901611], [95.506176, 18.868394], [95.54597, 18.836988], [95.58732, 18.807467], [95.630129, 18.779902], [95.674294, 18.754358], [95.71971, 18.730896], [95.766269, 18.709572], [95.813861, 18.690436], [95.862373, 18.673536], [95.911689, 18.658909], [95.961694, 18.646593], [96.012268, 18.636616], [96.063292, 18.629002], [96.114645, 18.623769], [96.166205, 18.62093], [96.217851, 18.620493], [96.26946, 18.622458], [96.32091, 18.626821], [96.372079, 18.633572], [96.422845, 18.642696], [96.47309, 18.65417], [96.522692, 18.667968], [96.571535, 18.684058], [96.619501, 18.702401], [96.666478, 18.722955], [96.712353, 18.74567], [96.757017, 18.770492], [96.800362, 18.797364], [96.842286, 18.82622], [96.882688, 18.856994], [96.92147, 18.889611], [96.958539, 18.923993], [96.993806, 18.96006], [97.027186, 18.997726], [97.058597, 19.036899], [97.087963, 19.077488], [97.115213, 19.119395], [97.140279, 19.16252], [97.163101, 19.20676], [97.18362, 19.252008], [97.201788, 19.298158], [97.217556, 19.345097], [97.230887, 19.392714], [97.241746, 19.440893], [97.250103, 19.48952], [97.255938, 19.538477], [97.259234, 19.587646], [97.259979, 19.63691]]]]}}, {"type": "Feature", "properties": {"type": "CTR", "designator": "", "name": "MAWLAMYINE CTR", "lower": "GND SFC", "upper": "100 STD", "activity_note": "", "restriction": "", "hazard": "", "remarks": ""}, "geometry": {"type": "MultiPolygon", "coordinates": [[[[98.007739, 16.446781], [98.007237, 16.463207], [98.005901, 16.479589], [98.003733, 16.495888], [98.000738, 16.512064], [97.996923, 16.528079], [97.992297, 16.543894], [97.986872, 16.559471], [97.980659, 16.574772], [97.973675, 16.589761], [97.965935, 16.6044], [97.957458, 16.618656], [97.948265, 16.632492], [97.938377, 16.645876], [97.927818, 16.658776], [97.916614, 16.671161], [97.904792, 16.682999], [97.892379, 16.694264], [97.879407, 16.704927], [97.865906, 16.714963], [97.851909, 16.724347], [97.83745, 16.733057], [97.822563, 16.741072], [97.807285, 16.748372], [97.791653, 16.754939], [97.775704, 16.760759], [97.759477, 16.765816], [97.743012, 16.770099], [97.726348, 16.773596], [97.709525, 16.776301], [97.692584, 16.778205], [97.675567, 16.779305], [97.658514, 16.779598], [97.641467, 16.779083], [97.624467, 16.777762], [97.607555, 16.775637], [97.590772, 16.772714], [97.57416, 16.769], [97.557757, 16.764503], [97.541604, 16.759236], [97.52574, 16.75321], [97.510203, 16.74644], [97.49503, 16.738943], [97.480259, 16.730737], [97.465925, 16.721841], [97.452063, 16.712278], [97.438706, 16.702069], [97.425886, 16.691241], [97.413634, 16.679819], [97.40198, 16.66783], [97.390952, 16.655305], [97.380576, 16.642272], [97.370877, 16.628764], [97.361879, 16.614813], [97.353603, 16.600453], [97.346068, 16.585719], [97.339294, 16.570645], [97.333295, 16.555269], [97.328087, 16.539628], [97.323681, 16.523759], [97.320088, 16.5077], [97.317317, 16.491491], [97.315374, 16.47517], [97.314263, 16.458777], [97.313987, 16.442351], [97.314546, 16.425931], [97.315939, 16.409558], [97.318163, 16.39327], [97.321211, 16.377108], [97.325076, 16.361109], [97.329749, 16.345312], [97.335218, 16.329755], [97.341471, 16.314476], [97.34849, 16.299511], [97.356261, 16.284896], [97.364763, 16.270667], [97.373977, 16.256858], [97.38388, 16.243501], [97.394447, 16.230629], [97.405655, 16.218272], [97.417475, 16.206462], [97.429879, 16.195224], [97.442838, 16.184588], [97.456319, 16.174578], [97.470292, 16.165218], [97.484721, 16.156531], [97.499573, 16.148538], [97.514812, 16.141257], [97.530402, 16.134707], [97.546304, 16.128902], [97.562481, 16.123858], [97.578893, 16.119585], [97.595503, 16.116095], [97.612269, 16.113396], [97.629152, 16.111493], [97.646111, 16.110393], [97.663105, 16.110096], [97.680094, 16.110605], [97.697037, 16.111918], [97.713894, 16.114032], [97.730623, 16.116941], [97.747186, 16.120639], [97.763541, 16.125117], [97.77965, 16.130365], [97.795475, 16.136368], [97.810977, 16.143115], [97.826118, 16.150587], [97.840864, 16.158767], [97.855178, 16.167636], [97.869025, 16.177172], [97.882373, 16.187352], [97.89519, 16.198153], [97.907444, 16.209547], [97.919106, 16.221508], [97.930148, 16.234007], [97.940543, 16.247014], [97.950266, 16.260498], [97.959294, 16.274426], [97.967605, 16.288764], [97.975178, 16.303479], [97.981996, 16.318535], [97.988042, 16.333896], [97.9933, 16.349525], [97.997758, 16.365384], [98.001406, 16.381435], [98.004234, 16.397639], [98.006235, 16.413958], [98.007404, 16.430352], [98.007739, 16.446781]]]]}}, {"type": "Feature", "properties": {"type": "CTR", "designator": "", "name": "HMAWBY", "lower": "GND SFC", "upper": "1998 MSL", "activity_note": "", "restriction": "", "hazard": "", "remarks": ""}, "geometry": {"type": "MultiPolygon", "coordinates": [[[[96.118828, 17.117416], [96.118728, 17.119877], [96.118501, 17.122329], [96.11815, 17.124768], [96.117675, 17.127188], [96.117077, 17.129582], [96.116358, 17.131945], [96.115518, 17.134271], [96.114561, 17.136555], [96.113489, 17.138791], [96.112304, 17.140973], [96.111009, 17.143097], [96.109606, 17.145158], [96.108101, 17.147149], [96.106495, 17.149068], [96.104794, 17.150908], [96.103, 17.152666], [96.101119, 17.154337], [96.099155, 17.155917], [96.097113, 17.157402], [96.094997, 17.15879], [96.092813, 17.160076], [96.090566, 17.161257], [96.088262, 17.162331], [96.085905, 17.163295], [96.083502, 17.164146], [96.081058, 17.164883], [96.07858, 17.165504], [96.076073, 17.166008], [96.073543, 17.166392], [96.070996, 17.166656], [96.06844, 17.1668], [96.065879, 17.166824], [96.06332, 17.166726], [96.060769, 17.166508], [96.058232, 17.166169], [96.055715, 17.165711], [96.053225, 17.165136], [96.050768, 17.164443], [96.048348, 17.163635], [96.045973, 17.162714], [96.043648, 17.161682], [96.041378, 17.160542], [96.039169, 17.159296], [96.037027, 17.157947], [96.034956, 17.156499], [96.032961, 17.154955], [96.031048, 17.153318], [96.02922, 17.151594], [96.027483, 17.149785], [96.02584, 17.147896], [96.024296, 17.145932], [96.022854, 17.143898], [96.021517, 17.141798], [96.020289, 17.139637], [96.019173, 17.137421], [96.018172, 17.135155], [96.017287, 17.132845], [96.016521, 17.130496], [96.015876, 17.128113], [96.015354, 17.125703], [96.014955, 17.123271], [96.01468, 17.120823], [96.014531, 17.118365], [96.014508, 17.115904], [96.01461, 17.113443], [96.014837, 17.110991], [96.01519, 17.108553], [96.015666, 17.106134], [96.016265, 17.10374], [96.016986, 17.101378], [96.017826, 17.099052], [96.018784, 17.096769], [96.019857, 17.094533], [96.021043, 17.092351], [96.022338, 17.090228], [96.023741, 17.088168], [96.025247, 17.086177], [96.026852, 17.08426], [96.028554, 17.08242], [96.030347, 17.080663], [96.032228, 17.078993], [96.034191, 17.077413], [96.036233, 17.075928], [96.038348, 17.074541], [96.040531, 17.073256], [96.042777, 17.072075], [96.045081, 17.071001], [96.047436, 17.070038], [96.049838, 17.069187], [96.052281, 17.06845], [96.054758, 17.067829], [96.057264, 17.067326], [96.059792, 17.066942], [96.062337, 17.066677], [96.064892, 17.066533], [96.067452, 17.06651], [96.07001, 17.066607], [96.072559, 17.066825], [96.075095, 17.067163], [96.07761, 17.06762], [96.080099, 17.068196], [96.082556, 17.068888], [96.084974, 17.069695], [96.087349, 17.070615], [96.089673, 17.071646], [96.091942, 17.072786], [96.09415, 17.074032], [96.096293, 17.07538], [96.098363, 17.076827], [96.100358, 17.078371], [96.102271, 17.080007], [96.104099, 17.081731], [96.105836, 17.083539], [96.10748, 17.085427], [96.109025, 17.08739], [96.110468, 17.089424], [96.111805, 17.091524], [96.113034, 17.093684], [96.114151, 17.095899], [96.115154, 17.098165], [96.11604, 17.100475], [96.116807, 17.102824], [96.117453, 17.105206], [96.117977, 17.107617], [96.118377, 17.110048], [96.118653, 17.112496], [96.118804, 17.114954], [96.118828, 17.117416]]]]}}, {"type": "Feature", "properties": {"type": "CTR", "designator": "", "name": "MANDALAY CTR", "lower": "GND SFC", "upper": "100 STD", "activity_note": "", "restriction": "", "hazard": "", "remarks": ""}, "geometry": {"type": "MultiPolygon", "coordinates": [[[[96.603057, 21.688647], [96.603019, 21.717342], [96.601474, 21.746001], [96.598425, 21.774555], [96.59388, 21.802934], [96.587848, 21.831072], [96.580342, 21.858899], [96.571381, 21.886348], [96.560984, 21.913354], [96.549176, 21.939851], [96.535985, 21.965775], [96.521441, 21.991063], [96.50558, 22.015654], [96.488439, 22.039489], [96.470058, 22.06251], [96.450482, 22.084661], [96.429757, 22.105888], [96.407933, 22.126139], [96.385063, 22.145366], [96.361201, 22.163522], [96.336405, 22.180562], [96.310736, 22.196446], [96.284255, 22.211133], [96.257025, 22.224589], [96.229115, 22.23678], [96.20059, 22.247678], [96.17152, 22.257254], [96.141976, 22.265486], [96.112031, 22.272354], [96.081756, 22.277841], [96.051225, 22.281933], [96.020514, 22.28462], [95.989696, 22.285896], [95.958847, 22.285757], [95.928043, 22.284203], [95.897358, 22.281239], [95.866868, 22.276871], [95.836646, 22.27111], [95.806766, 22.26397], [95.777302, 22.255469], [95.748325, 22.245626], [95.719905, 22.234466], [95.692112, 22.222015], [95.665014, 22.208306], [95.638676, 22.193369], [95.613162, 22.177243], [95.588535, 22.159965], [95.564853, 22.141579], [95.542174, 22.122129], [95.520554, 22.101661], [95.500043, 22.080227], [95.480692, 22.057877], [95.462547, 22.034667], [95.445652, 22.010652], [95.430046, 21.985891], [95.415767, 21.960444], [95.40285, 21.934372], [95.391324, 21.907739], [95.381217, 21.88061], [95.372553, 21.853049], [95.365351, 21.825124], [95.359629, 21.796903], [95.355398, 21.768452], [95.352669, 21.739842], [95.351448, 21.711141], [95.351736, 21.682419], [95.353531, 21.653744], [95.356829, 21.625186], [95.361621, 21.596814], [95.367894, 21.568696], [95.375632, 21.540899], [95.384816, 21.513491], [95.395422, 21.486537], [95.407426, 21.460102], [95.420796, 21.434249], [95.435501, 21.409041], [95.451504, 21.384538], [95.468767, 21.360799], [95.487246, 21.33788], [95.506898, 21.315837], [95.527675, 21.294721], [95.549527, 21.274584], [95.5724, 21.255474], [95.59624, 21.237436], [95.62099, 21.220514], [95.64659, 21.204747], [95.672978, 21.190174], [95.700092, 21.176828], [95.727866, 21.164743], [95.756235, 21.153946], [95.785129, 21.144463], [95.814481, 21.136317], [95.84422, 21.129527], [95.874276, 21.12411], [95.904576, 21.120077], [95.935049, 21.117439], [95.965621, 21.116201], [95.996221, 21.116367], [96.026774, 21.117937], [96.05721, 21.120905], [96.087454, 21.125265], [96.117435, 21.131007], [96.147082, 21.138117], [96.176324, 21.146578], [96.205091, 21.156369], [96.233315, 21.167467], [96.260928, 21.179845], [96.287865, 21.193475], [96.314061, 21.208323], [96.339454, 21.224353], [96.363983, 21.241529], [96.387589, 21.259808], [96.410216, 21.279147], [96.431809, 21.299499], [96.452316, 21.320817], [96.471689, 21.343049], [96.48988, 21.366141], [96.506845, 21.39004], [96.522544, 21.414687], [96.536938, 21.440024], [96.549992, 21.465989], [96.561674, 21.492522], [96.571956, 21.519558], [96.580812, 21.547032], [96.58822, 21.574879], [96.594162, 21.603032], [96.598623, 21.631423], [96.601591, 21.659984], [96.603057, 21.688647]]]]}}, {"type": "Feature", "properties": {"type": "CTR", "designator": "", "name": "PUTAO CTR", "lower": "GND SFC", "upper": "130 STD", "activity_note": "", "restriction": "", "hazard": "", "remarks": ""}, "geometry": {"type": "MultiPolygon", "coordinates": [[[[97.80048, 27.333741], [97.799853, 27.350142], [97.798324, 27.366495], [97.795898, 27.382762], [97.79258, 27.398903], [97.788377, 27.414879], [97.783299, 27.430651], [97.777359, 27.446181], [97.77057, 27.461433], [97.762947, 27.476368], [97.754511, 27.490952], [97.745279, 27.505147], [97.735276, 27.518921], [97.724523, 27.53224], [97.713048, 27.545072], [97.700878, 27.557384], [97.688041, 27.569149], [97.67457, 27.580337], [97.660496, 27.59092], [97.645854, 27.600874], [97.630678, 27.610174], [97.615007, 27.618798], [97.598876, 27.626724], [97.582327, 27.633934], [97.565398, 27.64041], [97.548131, 27.646136], [97.530567, 27.651098], [97.51275, 27.655285], [97.494723, 27.658685], [97.47653, 27.661292], [97.458214, 27.663098], [97.43982, 27.664099], [97.421393, 27.664293], [97.402978, 27.66368], [97.38462, 27.66226], [97.366362, 27.660037], [97.348251, 27.657017], [97.330328, 27.653207], [97.312639, 27.648617], [97.295226, 27.643257], [97.278131, 27.63714], [97.261396, 27.630282], [97.245062, 27.622699], [97.229167, 27.614409], [97.21375, 27.605433], [97.198849, 27.595793], [97.1845, 27.585511], [97.170737, 27.574613], [97.157593, 27.563125], [97.1451, 27.551076], [97.133289, 27.538493], [97.122187, 27.525409], [97.111821, 27.511854], [97.102216, 27.497861], [97.093395, 27.483464], [97.085378, 27.468698], [97.078186, 27.453599], [97.071834, 27.438203], [97.066339, 27.422547], [97.061712, 27.40667], [97.057965, 27.390609], [97.055106, 27.374402], [97.053141, 27.358091], [97.052076, 27.341713], [97.051912, 27.325307], [97.052649, 27.308915], [97.054286, 27.292574], [97.056817, 27.276325], [97.060236, 27.260206], [97.064535, 27.244256], [97.069703, 27.228514], [97.075727, 27.213016], [97.082592, 27.197802], [97.090283, 27.182906], [97.098778, 27.168365], [97.108059, 27.154214], [97.118103, 27.140486], [97.128885, 27.127215], [97.140379, 27.114432], [97.152558, 27.102168], [97.165391, 27.090452], [97.178849, 27.079312], [97.192899, 27.068776], [97.207507, 27.058867], [97.222638, 27.04961], [97.238255, 27.041028], [97.254322, 27.03314], [97.2708, 27.025965], [97.287649, 27.019522], [97.304829, 27.013824], [97.322299, 27.008885], [97.340017, 27.004719], [97.357942, 27.001333], [97.376029, 26.998737], [97.394236, 26.996937], [97.41252, 26.995937], [97.430836, 26.99574], [97.449142, 26.996345], [97.467393, 26.997752], [97.485545, 26.999958], [97.503556, 27.002956], [97.521382, 27.00674], [97.538981, 27.0113], [97.55631, 27.016627], [97.573329, 27.022707], [97.589996, 27.029525], [97.606272, 27.037066], [97.622117, 27.045311], [97.637494, 27.05424], [97.652365, 27.063833], [97.666695, 27.074067], [97.68045, 27.084916], [97.693597, 27.096355], [97.706103, 27.108357], [97.717938, 27.120892], [97.729075, 27.133931], [97.739485, 27.147443], [97.749144, 27.161395], [97.758029, 27.175753], [97.766117, 27.190483], [97.77339, 27.205551], [97.779828, 27.220919], [97.785417, 27.23655], [97.790142, 27.252408], [97.793992, 27.268454], [97.796958, 27.284649], [97.799031, 27.300955], [97.800206, 27.317332], [97.80048, 27.333741]]]]}}, {"type": "Feature", "properties": {"type": "FIR", "designator": "VYYF", "name": "YANGON", "lower": "GND SFC", "upper": "UNL STD", "activity_note": "", "restriction": "", "hazard": "", "remarks": ""}, "geometry": {"type": "MultiPolygon", "coordinates": [[[[92.616667, 22.15], [92.35, 21.666667], [92.0, 21.0], [92.0, 14.0], [94.416667, 13.5], [94.416667, 10.0], [98.531892, 10.0], [98.554947, 9.972667], [98.681747, 10.177583], [98.801414, 10.448111], [98.779472, 10.677722], [98.921692, 10.819139], [99.001747, 10.831556], [99.023308, 10.962444], [99.087775, 10.956472], [99.235306, 11.104778], [99.473831, 11.525944], [99.478775, 11.617278], [99.570581, 11.625417], [99.668725, 11.815278], [99.597053, 11.870139], [99.596083, 11.992556], [99.553056, 12.010444], [99.580642, 12.138722], [99.479775, 12.132472], [99.491219, 12.268889], [99.415497, 12.455056], [99.443917, 12.581639], [99.248475, 12.725694], [99.197861, 12.984778], [99.11, 13.067583], [99.135278, 13.191194], [99.209725, 13.197083], [99.216972, 13.256889], [99.178664, 13.707222], [99.115975, 13.890806], [99.028778, 13.946389], [98.963608, 14.097278], [98.610442, 14.314639], [98.499969, 14.532056], [98.256142, 14.815], [98.191972, 15.099806], [98.209725, 15.234139], [98.268892, 15.237139], [98.304169, 15.310056], [98.411806, 15.251222], [98.429336, 15.360028], [98.495719, 15.385889], [98.562164, 15.329056], [98.583642, 15.362028], [98.559975, 15.69475], [98.618247, 15.966056], [98.561364, 16.052722], [98.625222, 16.056583], [98.690636, 16.141167], [98.847031, 16.141472], [98.916611, 16.397722], [98.832833, 16.432361], [98.681197, 16.267917], [98.658692, 16.4665], [98.467889, 16.7255], [98.549719, 16.809889], [98.496781, 16.83525], [98.544281, 16.855667], [98.5095, 16.944556], [98.412919, 17.049028], [98.325058, 17.059667], [98.248253, 17.224167], [98.141419, 17.287528], [98.123664, 17.3695], [97.772025, 17.716639], [97.678528, 17.867], [97.743331, 17.971222], [97.615692, 18.233139], [97.643608, 18.287639], [97.560944, 18.337056], [97.502053, 18.269389], [97.345642, 18.567306], [97.533164, 18.491722], [97.616889, 18.560167], [97.767669, 18.579222], [97.744889, 18.861806], [97.671167, 18.945444], [97.832031, 19.098972], [97.838608, 19.2115], [97.786056, 19.271556], [97.841972, 19.295583], [97.785278, 19.399306], [97.887886, 19.498917], [97.863556, 19.573639], [98.043031, 19.657194], [98.045167, 19.808583], [98.171142, 19.770139], [98.255058, 19.678583], [98.515219, 19.716056], [98.566475, 19.673278], [98.836944, 19.8115], [98.924583, 19.744139], [99.034942, 19.843667], [99.075417, 20.092556], [99.215722, 20.127111], [99.330475, 20.064111], [99.537278, 20.14475], [99.559472, 20.202694], [99.464531, 20.389278], [99.688667, 20.315472], [99.807778, 20.33575], [99.883919, 20.442139], [99.968803, 20.463194], [100.093056, 20.35575], [100.259475, 20.746944], [100.368858, 20.823667], [100.527222, 20.810889], [100.647414, 20.875556], [100.515586, 20.897833], [100.550414, 21.026083], [100.675086, 21.127389], [100.727028, 21.312111], [100.829444, 21.294861], [101.005386, 21.392222], [101.168114, 21.527944], [101.176781, 21.602806], [101.117247, 21.661583], [101.117722, 21.776167], [100.834914, 21.649194], [100.678642, 21.483056], [100.492111, 21.457917], [100.381333, 21.540444], [100.202583, 21.439361], [100.113892, 21.579972], [100.172531, 21.659917], [99.977836, 21.739278], [99.970611, 22.052028], [99.882028, 22.066139], [99.849219, 22.023917], [99.757919, 22.077944], [99.702889, 22.04325], [99.652611, 22.104861], [99.476417, 22.137472], [99.337997, 22.099778], [99.168975, 22.15525], [99.276611, 22.348444], [99.252053, 22.387667], [99.389528, 22.499417], [99.325469, 22.751083], [99.447892, 22.851167], [99.445778, 22.946861], [99.509086, 22.908278], [99.563531, 22.938667], [99.511275, 23.08375], [99.347253, 23.135444], [99.109803, 23.093694], [99.057556, 23.172583], [98.884719, 23.191667], [98.939142, 23.294056], [98.885108, 23.331389], [98.923058, 23.423111], [98.807664, 23.542278], [98.891608, 23.618028], [98.824531, 23.761167], [98.682219, 23.812333], [98.678528, 23.959972], [98.839722, 24.050556], [98.880944, 24.155028], [98.608222, 24.09475], [98.535919, 24.129583], [98.138053, 24.101833], [97.885247, 24.010222], [97.649614, 23.8445], [97.535028, 23.937806], [97.757889, 24.169944], [97.761475, 24.278806], [97.669358, 24.307167], [97.717392, 24.35475], [97.680358, 24.445472], [97.536583, 24.435861], [97.554497, 24.741278], [97.787942, 24.846722], [97.717444, 24.980833], [97.845025, 25.267889], [97.949058, 25.223722], [98.138917, 25.389722], [98.169944, 25.623333], [98.360725, 25.561972], [98.482972, 25.808306], [98.552056, 25.848417], [98.637581, 25.804222], [98.708, 25.866278], [98.572861, 26.119083], [98.649108, 26.146111], [98.666778, 26.091167], [98.717919, 26.134278], [98.676636, 26.31575], [98.737197, 26.384556], [98.781058, 26.619889], [98.764556, 27.052278], [98.686858, 27.213722], [98.732169, 27.317194], [98.699469, 27.578444], [98.428275, 27.689028], [98.418419, 27.577639], [98.333275, 27.527694], [98.221358, 27.732222], [98.228997, 27.827833], [98.164139, 27.861833], [98.207, 27.910167], [98.138442, 27.968806], [98.129914, 28.156694], [98.014917, 28.203528], [98.021361, 28.264694], [97.905083, 28.372111], [97.800444, 28.334889], [97.711197, 28.512278], [97.635139, 28.470583], [97.567917, 28.543222], [97.472947, 28.273833], [97.422553, 28.294083], [97.349281, 28.2215], [97.317475, 28.100833], [97.403306, 28.01725], [97.378219, 27.896194], [97.259278, 27.907556], [96.887558, 27.60775], [96.901253, 27.458472], [97.165969, 27.134917], [97.143525, 27.093972], [96.871392, 27.183083], [96.887086, 27.252444], [96.783692, 27.349056], [96.608056, 27.366861], [96.52925, 27.293222], [96.299919, 27.290417], [96.094025, 27.224278], [95.923364, 27.032417], [95.801864, 27.007861], [95.598503, 26.809167], [95.512, 26.811917], [95.434364, 26.697944], [95.275414, 26.64325], [95.240775, 26.680333], [95.154747, 26.621333], [95.072692, 26.471583], [95.070831, 26.307861], [95.115692, 26.112167], [95.183419, 26.063583], [95.023833, 25.924583], [95.037972, 25.7345], [94.631164, 25.387306], [94.579056, 25.210528], [94.733497, 25.12925], [94.739669, 25.022111], [94.602858, 24.708389], [94.545892, 24.6975], [94.322219, 24.318944], [94.160697, 23.855472], [93.933167, 23.949889], [93.812308, 23.928944], [93.761025, 24.0], [93.500253, 23.952694], [93.402833, 24.077806], [93.331139, 24.079778], [93.437553, 23.680472], [93.358719, 23.347583], [93.38775, 23.135861], [93.293031, 23.003528], [93.138053, 23.054639], [93.164414, 22.909583], [93.099914, 22.779417], [93.110725, 22.537222], [93.198753, 22.259917], [93.142944, 22.237722], [93.168031, 22.185056], [93.045608, 22.196222], [92.999253, 21.982028], [92.949586, 22.027333], [92.897719, 21.9495], [92.865219, 22.058917], [92.706611, 22.150611], [92.677497, 22.015528], [92.608803, 21.975861], [92.616667, 22.15]]]]}}, {"type": "Feature", "properties": {"type": "CTR", "designator": "", "name": "SITTWE CTR", "lower": "GND SFC", "upper": "130 STD", "activity_note": "", "restriction": "", "hazard": "", "remarks": ""}, "geometry": {"type": "MultiPolygon", "coordinates": [[[[93.492825, 20.132129], [93.492168, 20.160872], [93.490018, 20.189549], [93.486379, 20.218092], [93.48126, 20.246431], [93.474671, 20.2745], [93.466628, 20.302229], [93.45715, 20.329551], [93.446258, 20.356402], [93.433978, 20.382715], [93.42034, 20.408427], [93.405376, 20.433476], [93.38912, 20.457802], [93.371613, 20.481344], [93.352895, 20.504047], [93.333013, 20.525855], [93.312012, 20.546715], [93.289945, 20.566576], [93.266864, 20.585391], [93.242825, 20.603113], [93.217886, 20.6197], [93.192107, 20.635111], [93.165551, 20.649308], [93.138282, 20.662258], [93.110366, 20.673928], [93.081872, 20.68429], [93.052868, 20.693319], [93.023426, 20.700993], [92.993616, 20.707294], [92.963511, 20.712205], [92.933185, 20.715715], [92.902711, 20.717815], [92.872164, 20.718501], [92.841619, 20.71777], [92.811149, 20.715624], [92.780829, 20.712069], [92.750733, 20.707113], [92.720934, 20.700769], [92.691504, 20.693051], [92.662516, 20.683979], [92.63404, 20.673575], [92.606144, 20.661864], [92.578898, 20.648874], [92.552366, 20.634638], [92.526613, 20.619189], [92.501703, 20.602566], [92.477694, 20.584809], [92.454645, 20.56596], [92.432611, 20.546067], [92.411646, 20.525177], [92.3918, 20.50334], [92.373121, 20.480611], [92.355653, 20.457044], [92.339439, 20.432695], [92.324516, 20.407625], [92.310921, 20.381894], [92.298685, 20.355564], [92.287838, 20.328699], [92.278405, 20.301363], [92.270408, 20.273624], [92.263865, 20.245547], [92.258792, 20.217201], [92.2552, 20.188654], [92.253096, 20.159975], [92.252486, 20.131233], [92.253369, 20.102497], [92.255743, 20.073837], [92.259602, 20.045321], [92.264934, 20.017018], [92.271727, 19.988996], [92.279964, 19.961322], [92.289624, 19.934063], [92.300682, 19.907284], [92.313113, 19.88105], [92.326885, 19.855423], [92.341964, 19.830465], [92.358315, 19.806235], [92.375897, 19.782792], [92.394668, 19.760191], [92.414583, 19.738488], [92.435593, 19.717733], [92.457647, 19.697977], [92.480693, 19.679266], [92.504676, 19.661645], [92.529537, 19.645157], [92.555218, 19.629841], [92.581656, 19.615733], [92.608788, 19.602867], [92.63655, 19.591274], [92.664875, 19.580981], [92.693696, 19.572013], [92.722943, 19.564392], [92.752548, 19.558136], [92.782438, 19.553259], [92.812544, 19.549773], [92.842793, 19.547687], [92.873113, 19.547005], [92.903433, 19.547729], [92.933678, 19.549858], [92.963779, 19.553386], [92.993662, 19.558305], [93.023257, 19.564603], [93.052493, 19.572266], [93.0813, 19.581274], [93.109609, 19.591607], [93.137353, 19.603239], [93.164466, 19.616143], [93.190883, 19.630289], [93.21654, 19.645642], [93.241376, 19.662165], [93.265331, 19.67982], [93.288349, 19.698564], [93.310373, 19.718353], [93.33135, 19.739138], [93.351231, 19.76087], [93.369967, 19.783498], [93.387513, 19.806967], [93.403826, 19.831221], [93.418866, 19.856202], [93.432598, 19.881849], [93.444987, 19.908102], [93.456003, 19.934898], [93.46562, 19.962172], [93.473812, 19.989858], [93.480561, 20.017891], [93.485848, 20.046203], [93.48966, 20.074726], [93.491988, 20.103391], [93.492825, 20.132129]]]]}}, {"type": "Feature", "properties": {"type": "CTR", "designator": "", "name": "KYAUKTU", "lower": "GND SFC", "upper": "3000 MSL", "activity_note": "", "restriction": "", "hazard": "", "remarks": ""}, "geometry": {"type": "MultiPolygon", "coordinates": [[[[94.222654, 21.399372], [94.22258, 21.403478], [94.222292, 21.407574], [94.221789, 21.411653], [94.221073, 21.415704], [94.220146, 21.419716], [94.219009, 21.423682], [94.217666, 21.42759], [94.21612, 21.431432], [94.214374, 21.435198], [94.212433, 21.43888], [94.210301, 21.442468], [94.207983, 21.445953], [94.205485, 21.449328], [94.202814, 21.452584], [94.199975, 21.455714], [94.196975, 21.458709], [94.193822, 21.461563], [94.190522, 21.464268], [94.187085, 21.466818], [94.183518, 21.469208], [94.17983, 21.471431], [94.17603, 21.473481], [94.172127, 21.475355], [94.16813, 21.477046], [94.164049, 21.478553], [94.159895, 21.479869], [94.155676, 21.480994], [94.151403, 21.481923], [94.147086, 21.482654], [94.142737, 21.483187], [94.138364, 21.483519], [94.13398, 21.483649], [94.129594, 21.483578], [94.125216, 21.483306], [94.120859, 21.482832], [94.116532, 21.482159], [94.112245, 21.481288], [94.108009, 21.480221], [94.103834, 21.478961], [94.09973, 21.47751], [94.095707, 21.475873], [94.091776, 21.474053], [94.087944, 21.472054], [94.084222, 21.469881], [94.080618, 21.46754], [94.077142, 21.465037], [94.073801, 21.462376], [94.070604, 21.459565], [94.067558, 21.456611], [94.06467, 21.45352], [94.061948, 21.450301], [94.059399, 21.44696], [94.057028, 21.443506], [94.05484, 21.439947], [94.052842, 21.436292], [94.051038, 21.43255], [94.049433, 21.428729], [94.048029, 21.424839], [94.046831, 21.420889], [94.045842, 21.416889], [94.045064, 21.412848], [94.044498, 21.408777], [94.044146, 21.404684], [94.04401, 21.40058], [94.044088, 21.396475], [94.044382, 21.392378], [94.044889, 21.3883], [94.04561, 21.38425], [94.046542, 21.380238], [94.047683, 21.376273], [94.04903, 21.372366], [94.050581, 21.368525], [94.05233, 21.364761], [94.054275, 21.361081], [94.056409, 21.357495], [94.058729, 21.354011], [94.061229, 21.350638], [94.063902, 21.347384], [94.066742, 21.344257], [94.069743, 21.341264], [94.072896, 21.338413], [94.076195, 21.33571], [94.079631, 21.333162], [94.083197, 21.330774], [94.086883, 21.328554], [94.090681, 21.326506], [94.094581, 21.324634], [94.098575, 21.322944], [94.102652, 21.32144], [94.106803, 21.320124], [94.111018, 21.319001], [94.115286, 21.318074], [94.119598, 21.317343], [94.123943, 21.316811], [94.128311, 21.31648], [94.13269, 21.31635], [94.137071, 21.316421], [94.141443, 21.316694], [94.145796, 21.317167], [94.150119, 21.317839], [94.154401, 21.318709], [94.158632, 21.319775], [94.162803, 21.321034], [94.166903, 21.322484], [94.170922, 21.32412], [94.174851, 21.325938], [94.178679, 21.327935], [94.182399, 21.330106], [94.186001, 21.332445], [94.189476, 21.334946], [94.192816, 21.337605], [94.196012, 21.340413], [94.199058, 21.343365], [94.201946, 21.346453], [94.204669, 21.349671], [94.20722, 21.353009], [94.209593, 21.356461], [94.211782, 21.360018], [94.213783, 21.363671], [94.21559, 21.367411], [94.217199, 21.37123], [94.218607, 21.375119], [94.219808, 21.379067], [94.220802, 21.383066], [94.221585, 21.387106], [94.222156, 21.391177], [94.222512, 21.395269], [94.222654, 21.399372]]]]}}, {"type": "Feature", "properties": {"type": "CTR", "designator": "", "name": "KANTI CTR", "lower": "GND SFC", "upper": "130 STD", "activity_note": "", "restriction": "", "hazard": "", "remarks": ""}, "geometry": {"type": "MultiPolygon", "coordinates": [[[[96.044292, 25.981437], [96.044269, 25.997834], [96.043356, 26.014211], [96.041555, 26.030528], [96.03887, 26.046745], [96.035306, 26.062823], [96.030872, 26.078724], [96.025579, 26.09441], [96.019438, 26.109842], [96.012464, 26.124983], [96.004674, 26.139796], [95.996086, 26.154247], [95.986721, 26.168299], [95.976601, 26.181919], [95.96575, 26.195074], [95.954194, 26.207732], [95.941961, 26.219863], [95.929081, 26.231436], [95.915583, 26.242425], [95.901502, 26.252802], [95.88687, 26.262542], [95.871724, 26.271622], [95.856099, 26.280019], [95.840034, 26.287713], [95.823567, 26.294685], [95.806738, 26.300919], [95.789588, 26.3064], [95.77216, 26.311113], [95.754494, 26.315048], [95.736633, 26.318195], [95.718622, 26.320546], [95.700504, 26.322095], [95.682323, 26.322839], [95.664123, 26.322776], [95.645949, 26.321906], [95.627844, 26.320231], [95.609852, 26.317755], [95.592018, 26.314484], [95.574384, 26.310427], [95.556993, 26.305592], [95.539889, 26.299991], [95.523111, 26.293639], [95.506701, 26.286551], [95.490699, 26.278743], [95.475143, 26.270235], [95.460071, 26.261047], [95.44552, 26.251202], [95.431524, 26.240723], [95.418118, 26.229636], [95.405334, 26.217968], [95.393203, 26.205747], [95.381754, 26.193002], [95.371014, 26.179765], [95.361009, 26.166068], [95.351764, 26.151944], [95.3433, 26.137426], [95.335637, 26.12255], [95.328795, 26.107353], [95.322788, 26.09187], [95.317631, 26.076139], [95.313337, 26.060199], [95.309916, 26.044087], [95.307374, 26.027843], [95.305719, 26.011506], [95.304953, 25.995115], [95.305078, 25.97871], [95.306094, 25.96233], [95.307998, 25.946014], [95.310784, 25.929803], [95.314446, 25.913735], [95.318974, 25.897849], [95.324358, 25.882183], [95.330583, 25.866774], [95.337635, 25.85166], [95.345497, 25.836877], [95.354148, 25.82246], [95.363569, 25.808445], [95.373736, 25.794864], [95.384625, 25.781751], [95.396208, 25.769136], [95.408459, 25.757051], [95.421348, 25.745523], [95.434843, 25.734581], [95.448913, 25.72425], [95.463522, 25.714556], [95.478637, 25.705522], [95.49422, 25.697169], [95.510235, 25.689517], [95.526643, 25.682585], [95.543404, 25.676388], [95.56048, 25.670943], [95.577827, 25.666262], [95.595406, 25.662355], [95.613175, 25.659233], [95.63109, 25.656903], [95.649108, 25.65537], [95.667188, 25.654638], [95.685285, 25.654709], [95.703356, 25.655582], [95.721359, 25.657255], [95.73925, 25.659725], [95.756986, 25.662985], [95.774525, 25.667028], [95.791826, 25.671844], [95.808846, 25.677421], [95.825545, 25.683746], [95.841884, 25.690804], [95.857822, 25.698578], [95.873322, 25.70705], [95.888347, 25.716198], [95.902861, 25.726002], [95.916829, 25.736437], [95.930217, 25.747479], [95.942993, 25.759101], [95.955126, 25.771276], [95.966587, 25.783974], [95.97735, 25.797165], [95.987386, 25.810817], [95.996673, 25.824897], [96.005187, 25.839373], [96.012909, 25.854208], [96.019819, 25.869368], [96.0259, 25.884816], [96.031137, 25.900514], [96.035518, 25.916426], [96.039032, 25.932514], [96.041669, 25.948737], [96.043424, 25.965058], [96.044292, 25.981437]]]]}}, {"type": "Feature", "properties": {"type": "CTR", "designator": "", "name": "MONYWAR CTR", "lower": "GND SFC", "upper": "4000 MSL", "activity_note": "", "restriction": "", "hazard": "", "remarks": ""}, "geometry": {"type": "MultiPolygon", "coordinates": [[[[95.27302, 22.22197], [95.272936, 22.230176], [95.272419, 22.238369], [95.271472, 22.246528], [95.270095, 22.254634], [95.268293, 22.262667], [95.266069, 22.270609], [95.263429, 22.278439], [95.260379, 22.286139], [95.256926, 22.29369], [95.253079, 22.301075], [95.248847, 22.308275], [95.24424, 22.315273], [95.239268, 22.322053], [95.233945, 22.328597], [95.228283, 22.33489], [95.222295, 22.340916], [95.215996, 22.346662], [95.209401, 22.352113], [95.202525, 22.357257], [95.195387, 22.36208], [95.188002, 22.366571], [95.180388, 22.370719], [95.172564, 22.374515], [95.164549, 22.377949], [95.156362, 22.381012], [95.148023, 22.383698], [95.139552, 22.385999], [95.130969, 22.387911], [95.122296, 22.389428], [95.113553, 22.390548], [95.104761, 22.391266], [95.095942, 22.391582], [95.087117, 22.391495], [95.078307, 22.391004], [95.069533, 22.390112], [95.060817, 22.38882], [95.05218, 22.387132], [95.043643, 22.385051], [95.035226, 22.382582], [95.02695, 22.379732], [95.018834, 22.376507], [95.010899, 22.372915], [95.003163, 22.368965], [94.995646, 22.364666], [94.988364, 22.360029], [94.981337, 22.355065], [94.97458, 22.349786], [94.968111, 22.344205], [94.961944, 22.338334], [94.956095, 22.332189], [94.950577, 22.325785], [94.945405, 22.319135], [94.940589, 22.312258], [94.936143, 22.305169], [94.932077, 22.297885], [94.928399, 22.290424], [94.92512, 22.282804], [94.922247, 22.275044], [94.919787, 22.267161], [94.917746, 22.259176], [94.916129, 22.251107], [94.914939, 22.242974], [94.914179, 22.234796], [94.913851, 22.226593], [94.913956, 22.218386], [94.914493, 22.210193], [94.915462, 22.202034], [94.916859, 22.193929], [94.918681, 22.185898], [94.920924, 22.17796], [94.923582, 22.170134], [94.926649, 22.162439], [94.930118, 22.154893], [94.933979, 22.147515], [94.938224, 22.140322], [94.942842, 22.133332], [94.947823, 22.126561], [94.953153, 22.120026], [94.958821, 22.113742], [94.964812, 22.107725], [94.971112, 22.101989], [94.977707, 22.096547], [94.984579, 22.091413], [94.991713, 22.0866], [94.999092, 22.082118], [95.006696, 22.077979], [95.01451, 22.074192], [95.022512, 22.070767], [95.030685, 22.067711], [95.039009, 22.065033], [95.047463, 22.062738], [95.056028, 22.060832], [95.064683, 22.059319], [95.073406, 22.058204], [95.082178, 22.057489], [95.090976, 22.057175], [95.09978, 22.057264], [95.10857, 22.057755], [95.117322, 22.058647], [95.126018, 22.059937], [95.134635, 22.061623], [95.143153, 22.063701], [95.151552, 22.066166], [95.159811, 22.069011], [95.167911, 22.07223], [95.175832, 22.075815], [95.183555, 22.079758], [95.191061, 22.084049], [95.198333, 22.088678], [95.205354, 22.093633], [95.212105, 22.098903], [95.218571, 22.104475], [95.224737, 22.110335], [95.230586, 22.116471], [95.236107, 22.122866], [95.241284, 22.129505], [95.246106, 22.136373], [95.250561, 22.143454], [95.254639, 22.150729], [95.258328, 22.158181], [95.261621, 22.165793], [95.264509, 22.173547], [95.266986, 22.181422], [95.269045, 22.189402], [95.270681, 22.197466], [95.271891, 22.205595], [95.272671, 22.21377], [95.27302, 22.22197]]]]}}, {"type": "Feature", "properties": {"type": "CTR", "designator": "", "name": "KYAUKPYU", "lower": "GND SFC", "upper": "130 STD", "activity_note": "", "restriction": "", "hazard": "", "remarks": ""}, "geometry": {"type": "MultiPolygon", "coordinates": [[[[93.887487, 19.425166], [93.887151, 19.441591], [93.885966, 19.45798], [93.883935, 19.474295], [93.881061, 19.490495], [93.877352, 19.506542], [93.872816, 19.522397], [93.867465, 19.538022], [93.86131, 19.553379], [93.854366, 19.568431], [93.846651, 19.583141], [93.838181, 19.597475], [93.828979, 19.611397], [93.819065, 19.624874], [93.808463, 19.637873], [93.797199, 19.650363], [93.7853, 19.662313], [93.772795, 19.673695], [93.759714, 19.684481], [93.746088, 19.694646], [93.731949, 19.704164], [93.717334, 19.713012], [93.702275, 19.721169], [93.686811, 19.728615], [93.670978, 19.735333], [93.654815, 19.741305], [93.638361, 19.746518], [93.621655, 19.750958], [93.604739, 19.754616], [93.587652, 19.757481], [93.570438, 19.759548], [93.553136, 19.760811], [93.53579, 19.761267], [93.518441, 19.760915], [93.501131, 19.759755], [93.483902, 19.757792], [93.466797, 19.755028], [93.449856, 19.751472], [93.433121, 19.747132], [93.416631, 19.742017], [93.400428, 19.736141], [93.38455, 19.729519], [93.369035, 19.722164], [93.353922, 19.714097], [93.339247, 19.705336], [93.325045, 19.695902], [93.31135, 19.685819], [93.298196, 19.67511], [93.285615, 19.663802], [93.273636, 19.651921], [93.262289, 19.639498], [93.2516, 19.626561], [93.241596, 19.613142], [93.2323, 19.599274], [93.223736, 19.58499], [93.215922, 19.570324], [93.208879, 19.555312], [93.202622, 19.539991], [93.197167, 19.524396], [93.192527, 19.508567], [93.188712, 19.49254], [93.185732, 19.476356], [93.183593, 19.460052], [93.1823, 19.443668], [93.181857, 19.427243], [93.182264, 19.410818], [93.183519, 19.394432], [93.18562, 19.378123], [93.188561, 19.361932], [93.192335, 19.345897], [93.196933, 19.330058], [93.202343, 19.314451], [93.208552, 19.299115], [93.215544, 19.284086], [93.223304, 19.269401], [93.231812, 19.255095], [93.241047, 19.241202], [93.250987, 19.227756], [93.261608, 19.214788], [93.272884, 19.202331], [93.284789, 19.190413], [93.297293, 19.179064], [93.310366, 19.168311], [93.323977, 19.158179], [93.338093, 19.148693], [93.352681, 19.139875], [93.367705, 19.131748], [93.383128, 19.124329], [93.398915, 19.117637], [93.415027, 19.111688], [93.431426, 19.106497], [93.448072, 19.102075], [93.464925, 19.098433], [93.481946, 19.095581], [93.499092, 19.093524], [93.516324, 19.092268], [93.533599, 19.091815], [93.550878, 19.092168], [93.568117, 19.093324], [93.585276, 19.095282], [93.602314, 19.098035], [93.61919, 19.101579], [93.635864, 19.105904], [93.652295, 19.111001], [93.668444, 19.116856], [93.684273, 19.123455], [93.699743, 19.130784], [93.714818, 19.138824], [93.729461, 19.147556], [93.743637, 19.15696], [93.757312, 19.167011], [93.770453, 19.177688], [93.783029, 19.188963], [93.795009, 19.20081], [93.806365, 19.213201], [93.817069, 19.226105], [93.827095, 19.239492], [93.836418, 19.25333], [93.845018, 19.267585], [93.852872, 19.282223], [93.859961, 19.297209], [93.866269, 19.312507], [93.871779, 19.32808], [93.876479, 19.343891], [93.880357, 19.359901], [93.883404, 19.376073], [93.885611, 19.392367], [93.886973, 19.408745], [93.887487, 19.425166]]]]}}, {"type": "Feature", "properties": {"type": "CTR", "designator": "", "name": "KALAY CTR", "lower": "GND SFC", "upper": "130 STD", "activity_note": "", "restriction": "", "hazard": "", "remarks": ""}, "geometry": {"type": "MultiPolygon", "coordinates": [[[[94.412729, 23.185946], [94.412465, 23.202362], [94.411331, 23.218747], [94.409327, 23.23506], [94.40646, 23.251263], [94.402734, 23.267317], [94.39816, 23.283182], [94.392748, 23.29882], [94.38651, 23.314194], [94.379461, 23.329267], [94.371618, 23.344002], [94.363, 23.358363], [94.353628, 23.372316], [94.343523, 23.385827], [94.33271, 23.398863], [94.321215, 23.411394], [94.309065, 23.423387], [94.29629, 23.434816], [94.282921, 23.445651], [94.268989, 23.455866], [94.254529, 23.465437], [94.239574, 23.474341], [94.224163, 23.482556], [94.208331, 23.490062], [94.192117, 23.496841], [94.17556, 23.502876], [94.158701, 23.508153], [94.14158, 23.512658], [94.124239, 23.516382], [94.106719, 23.519315], [94.089064, 23.521449], [94.071316, 23.52278], [94.053519, 23.523305], [94.035715, 23.523021], [94.017947, 23.521931], [94.00026, 23.520035], [93.982695, 23.51734], [93.965295, 23.513851], [93.948103, 23.509577], [93.931161, 23.504529], [93.914508, 23.498718], [93.898187, 23.492158], [93.882236, 23.484867], [93.866693, 23.47686], [93.851598, 23.468158], [93.836985, 23.458782], [93.822891, 23.448754], [93.809349, 23.4381], [93.796393, 23.426843], [93.784052, 23.415013], [93.772358, 23.402637], [93.761338, 23.389746], [93.751019, 23.37637], [93.741425, 23.362542], [93.73258, 23.348296], [93.724504, 23.333665], [93.717218, 23.318686], [93.710737, 23.303395], [93.705078, 23.287828], [93.700254, 23.272023], [93.696276, 23.256018], [93.693154, 23.239852], [93.690895, 23.223564], [93.689504, 23.207193], [93.688984, 23.190778], [93.689336, 23.17436], [93.690558, 23.157977], [93.692649, 23.14167], [93.695601, 23.125477], [93.699408, 23.109437], [93.70406, 23.093589], [93.709547, 23.077972], [93.715853, 23.062622], [93.722965, 23.047576], [93.730864, 23.032872], [93.739531, 23.018543], [93.748946, 23.004624], [93.759085, 22.99115], [93.769924, 22.978151], [93.781437, 22.96566], [93.793596, 22.953706], [93.806371, 22.942318], [93.819732, 22.931523], [93.833647, 22.921348], [93.848082, 22.911816], [93.863003, 22.90295], [93.878373, 22.894771], [93.894157, 22.8873], [93.910315, 22.880553], [93.926809, 22.874548], [93.9436, 22.869298], [93.960648, 22.864816], [93.977912, 22.861113], [93.99535, 22.858197], [94.01292, 22.856076], [94.030581, 22.854755], [94.048291, 22.854236], [94.066007, 22.854522], [94.083686, 22.85561], [94.101287, 22.857499], [94.118767, 22.860185], [94.136085, 22.86366], [94.153198, 22.867917], [94.170067, 22.872944], [94.186651, 22.878731], [94.20291, 22.885263], [94.218804, 22.892525], [94.234297, 22.900499], [94.249351, 22.909166], [94.263929, 22.918506], [94.277997, 22.928496], [94.291521, 22.939112], [94.304469, 22.950328], [94.316809, 22.962118], [94.328511, 22.974454], [94.339548, 22.987305], [94.349892, 23.000642], [94.359519, 23.014432], [94.368406, 23.028642], [94.37653, 23.043238], [94.383873, 23.058185], [94.390416, 23.073446], [94.396143, 23.088987], [94.40104, 23.104768], [94.405096, 23.120752], [94.408299, 23.136901], [94.410643, 23.153176], [94.41212, 23.169537], [94.412729, 23.185946]]]]}}, {"type": "Feature", "properties": {"type": "CTR", "designator": "", "name": "BOKPYINN CTR", "lower": "GND SFC", "upper": "2000 MSL", "activity_note": "", "restriction": "", "hazard": "", "remarks": ""}, "geometry": {"type": "MultiPolygon", "coordinates": [[[[98.905828, 11.149423], [98.905621, 11.157642], [98.905006, 11.16584], [98.903984, 11.173999], [98.902558, 11.182099], [98.900731, 11.190119], [98.898508, 11.198042], [98.895893, 11.205847], [98.892893, 11.213516], [98.889516, 11.22103], [98.885769, 11.228372], [98.881662, 11.235523], [98.877204, 11.242467], [98.872405, 11.249186], [98.867279, 11.255665], [98.861836, 11.261887], [98.85609, 11.267839], [98.850056, 11.273504], [98.843746, 11.278871], [98.837177, 11.283925], [98.830365, 11.288655], [98.823325, 11.293049], [98.816076, 11.297096], [98.808633, 11.300788], [98.801016, 11.304114], [98.793243, 11.307068], [98.785332, 11.309641], [98.777302, 11.311827], [98.769173, 11.313622], [98.760965, 11.315021], [98.752697, 11.316021], [98.744389, 11.316618], [98.736062, 11.316813], [98.727735, 11.316604], [98.719428, 11.315991], [98.711162, 11.314977], [98.702956, 11.313563], [98.694831, 11.311754], [98.686805, 11.309553], [98.678899, 11.306966], [98.671131, 11.303998], [98.66352, 11.300659], [98.656084, 11.296954], [98.648842, 11.292893], [98.641811, 11.288487], [98.635007, 11.283745], [98.628448, 11.278679], [98.622148, 11.273302], [98.616124, 11.267625], [98.610389, 11.261664], [98.604958, 11.255432], [98.599843, 11.248944], [98.595057, 11.242217], [98.590612, 11.235265], [98.586518, 11.228107], [98.582784, 11.220759], [98.579421, 11.213239], [98.576435, 11.205564], [98.573835, 11.197755], [98.571626, 11.189829], [98.569813, 11.181805], [98.568402, 11.173703], [98.567395, 11.165543], [98.566794, 11.157344], [98.566602, 11.149125], [98.566819, 11.140907], [98.567443, 11.13271], [98.568474, 11.124552], [98.569909, 11.116454], [98.571745, 11.108436], [98.573976, 11.100516], [98.576598, 11.092714], [98.579605, 11.085048], [98.582988, 11.077537], [98.586741, 11.070199], [98.590853, 11.063052], [98.595315, 11.056113], [98.600116, 11.049398], [98.605245, 11.042924], [98.610689, 11.036706], [98.616434, 11.030759], [98.622469, 11.025098], [98.628776, 11.019736], [98.635343, 11.014687], [98.642152, 11.009961], [98.649187, 11.005571], [98.656431, 11.001527], [98.663868, 10.997839], [98.671478, 10.994516], [98.679245, 10.991566], [98.687148, 10.988995], [98.695169, 10.986811], [98.703289, 10.985018], [98.711489, 10.98362], [98.719747, 10.982621], [98.728046, 10.982024], [98.736364, 10.98183], [98.744681, 10.982039], [98.752979, 10.98265], [98.761236, 10.983663], [98.769432, 10.985075], [98.777549, 10.986882], [98.785567, 10.989081], [98.793466, 10.991665], [98.801227, 10.994629], [98.808831, 10.997965], [98.816261, 11.001666], [98.823499, 11.005722], [98.830526, 11.010125], [98.837327, 11.014862], [98.843884, 11.019923], [98.850183, 11.025296], [98.856207, 11.030968], [98.861942, 11.036925], [98.867375, 11.043152], [98.872492, 11.049635], [98.877282, 11.056359], [98.881731, 11.063306], [98.885831, 11.070461], [98.88957, 11.077805], [98.89294, 11.085322], [98.895933, 11.092993], [98.898541, 11.1008], [98.900759, 11.108724], [98.90258, 11.116746], [98.904, 11.124846], [98.905017, 11.133006], [98.905626, 11.141205], [98.905828, 11.149423]]]]}}, {"type": "Feature", "properties": {"type": "CTR", "designator": "", "name": "HPA-AN", "lower": "GND SFC", "upper": "1500 MSL", "activity_note": "", "restriction": "", "hazard": "", "remarks": ""}, "geometry": {"type": "MultiPolygon", "coordinates": [[[[97.848888, 16.895021], [97.848628, 16.903232], [97.847951, 16.911422], [97.846857, 16.91957], [97.845348, 16.927656], [97.843429, 16.935661], [97.841104, 16.943566], [97.838379, 16.951352], [97.83526, 16.958999], [97.831754, 16.96649], [97.82787, 16.973806], [97.823618, 16.98093], [97.819007, 16.987844], [97.814049, 16.994532], [97.808756, 17.000978], [97.803139, 17.007166], [97.797214, 17.013081], [97.790993, 17.018709], [97.784493, 17.024036], [97.777729, 17.02905], [97.770716, 17.033738], [97.763473, 17.03809], [97.756016, 17.042093], [97.748363, 17.04574], [97.740534, 17.049021], [97.732546, 17.051928], [97.72442, 17.054454], [97.716174, 17.056593], [97.707829, 17.05834], [97.699405, 17.059691], [97.690922, 17.060642], [97.6824, 17.061191], [97.673861, 17.061337], [97.665325, 17.06108], [97.656812, 17.060419], [97.648343, 17.059357], [97.639939, 17.057897], [97.63162, 17.056041], [97.623405, 17.053794], [97.615315, 17.051162], [97.60737, 17.048152], [97.599588, 17.044769], [97.591988, 17.041023], [97.584589, 17.036923], [97.577408, 17.032477], [97.570463, 17.027699], [97.56377, 17.022597], [97.557346, 17.017186], [97.551206, 17.011478], [97.545365, 17.005487], [97.539837, 16.999227], [97.534635, 16.992714], [97.529772, 16.985962], [97.525259, 16.978989], [97.521108, 16.971812], [97.517327, 16.964447], [97.513928, 16.956912], [97.510916, 16.949226], [97.508301, 16.941407], [97.506087, 16.933473], [97.50428, 16.925445], [97.502885, 16.917341], [97.501905, 16.909181], [97.501342, 16.900984], [97.501198, 16.892771], [97.501472, 16.88456], [97.502164, 16.876373], [97.503273, 16.868228], [97.504795, 16.860145], [97.506727, 16.852144], [97.509064, 16.844244], [97.511801, 16.836464], [97.51493, 16.828822], [97.518445, 16.821337], [97.522337, 16.814028], [97.526595, 16.80691], [97.531212, 16.800003], [97.536174, 16.793322], [97.54147, 16.786883], [97.547087, 16.780703], [97.553012, 16.774795], [97.55923, 16.769174], [97.565727, 16.763853], [97.572486, 16.758846], [97.579492, 16.754164], [97.586728, 16.749819], [97.594176, 16.74582], [97.601819, 16.742179], [97.609637, 16.738902], [97.617613, 16.735999], [97.625726, 16.733476], [97.633959, 16.73134], [97.64229, 16.729595], [97.650699, 16.728245], [97.659167, 16.727295], [97.667674, 16.726746], [97.676198, 16.726599], [97.684719, 16.726855], [97.693217, 16.727513], [97.701672, 16.728572], [97.710062, 16.730029], [97.718369, 16.731881], [97.726571, 16.734123], [97.734649, 16.73675], [97.742585, 16.739755], [97.750358, 16.743131], [97.75795, 16.746871], [97.765342, 16.750965], [97.772518, 16.755403], [97.779459, 16.760175], [97.786149, 16.765269], [97.792573, 16.770673], [97.798713, 16.776374], [97.804556, 16.782358], [97.810088, 16.788611], [97.815295, 16.795118], [97.820164, 16.801863], [97.824684, 16.80883], [97.828845, 16.816002], [97.832635, 16.823362], [97.836046, 16.830892], [97.839069, 16.838575], [97.841698, 16.846391], [97.843925, 16.854321], [97.845745, 16.862348], [97.847155, 16.87045], [97.84815, 16.87861], [97.848728, 16.886806], [97.848888, 16.895021]]]]}}, {"type": "Feature", "properties": {"type": "CTR", "designator": "", "name": "MINGALADON CTR", "lower": "GND SFC", "upper": "130 STD", "activity_note": "", "restriction": "", "hazard": "", "remarks": ""}, "geometry": {"type": "MultiPolygon", "coordinates": [[[[96.828191, 16.915829], [96.826977, 16.948655], [96.824089, 16.981384], [96.819534, 17.013936], [96.813322, 17.046234], [96.805467, 17.078199], [96.795987, 17.109754], [96.784904, 17.140822], [96.772245, 17.171329], [96.758039, 17.2012], [96.742319, 17.230363], [96.725125, 17.258748], [96.706496, 17.286286], [96.686476, 17.31291], [96.665115, 17.338555], [96.642464, 17.363159], [96.618577, 17.386662], [96.593511, 17.409008], [96.567327, 17.430142], [96.540089, 17.450012], [96.511863, 17.468571], [96.482717, 17.485774], [96.452721, 17.501578], [96.421949, 17.515945], [96.390475, 17.528841], [96.358376, 17.540234], [96.325731, 17.550096], [96.292617, 17.558403], [96.259117, 17.565136], [96.225312, 17.570279], [96.191283, 17.573817], [96.157115, 17.575744], [96.12289, 17.576055], [96.088691, 17.574748], [96.054603, 17.571828], [96.020707, 17.567301], [95.987087, 17.561179], [95.953824, 17.553477], [95.920999, 17.544214], [95.888692, 17.533412], [95.856981, 17.521097], [95.825944, 17.5073], [95.795655, 17.492055], [95.766188, 17.475399], [95.737614, 17.457371], [95.710002, 17.438017], [95.68342, 17.417383], [95.65793, 17.395519], [95.633594, 17.372479], [95.610471, 17.348319], [95.588617, 17.323096], [95.568083, 17.296873], [95.548918, 17.269712], [95.531169, 17.241681], [95.514877, 17.212845], [95.500082, 17.183276], [95.486817, 17.153044], [95.475114, 17.122223], [95.465001, 17.090887], [95.456501, 17.059112], [95.449634, 17.026974], [95.444415, 16.99455], [95.440857, 16.96192], [95.438966, 16.92916], [95.438746, 16.896351], [95.440198, 16.863571], [95.443316, 16.830898], [95.448093, 16.798412], [95.454516, 16.76619], [95.462568, 16.73431], [95.472231, 16.702847], [95.483479, 16.671878], [95.496286, 16.641477], [95.51062, 16.611717], [95.526446, 16.582668], [95.543725, 16.5544], [95.562416, 16.526982], [95.582473, 16.500478], [95.603849, 16.474953], [95.626491, 16.450466], [95.650345, 16.427078], [95.675354, 16.404843], [95.701458, 16.383815], [95.728594, 16.364044], [95.756697, 16.345578], [95.7857, 16.328461], [95.815533, 16.312733], [95.846126, 16.298433], [95.877406, 16.285594], [95.909296, 16.274247], [95.941723, 16.26442], [95.974607, 16.256137], [96.007871, 16.249416], [96.041435, 16.244274], [96.07522, 16.240724], [96.109145, 16.238774], [96.143128, 16.238429], [96.177089, 16.23969], [96.210947, 16.242554], [96.244621, 16.247014], [96.278031, 16.253061], [96.311096, 16.260678], [96.343739, 16.269849], [96.37588, 16.280552], [96.407443, 16.292761], [96.438353, 16.306447], [96.468536, 16.321578], [96.497918, 16.338117], [96.52643, 16.356025], [96.554003, 16.375259], [96.580572, 16.395774], [96.606071, 16.41752], [96.63044, 16.440445], [96.653619, 16.464495], [96.675554, 16.489611], [96.69619, 16.515735], [96.715478, 16.542802], [96.73337, 16.570749], [96.749824, 16.599508], [96.764799, 16.62901], [96.778258, 16.659185], [96.790169, 16.68996], [96.800501, 16.721261], [96.80923, 16.753012], [96.816333, 16.785138], [96.821793, 16.817561], [96.825595, 16.850203], [96.82773, 16.882986], [96.828191, 16.915829]]]]}}, {"type": "Feature", "properties": {"type": "CTR", "designator": "", "name": "TACHILEIK CTR", "lower": "GND SFC", "upper": "130 STD", "activity_note": "", "restriction": "", "hazard": "", "remarks": ""}, "geometry": {"type": "MultiPolygon", "coordinates": [[[[100.289452, 20.480533], [100.289161, 20.496955], [100.288016, 20.513344], [100.286018, 20.52966], [100.283172, 20.545864], [100.279486, 20.561916], [100.274966, 20.57778], [100.269624, 20.593414], [100.263474, 20.608784], [100.256528, 20.62385], [100.248804, 20.638577], [100.24032, 20.652929], [100.231097, 20.666871], [100.221156, 20.680371], [100.210522, 20.693394], [100.199219, 20.70591], [100.187276, 20.717889], [100.17472, 20.7293], [100.161583, 20.740118], [100.147895, 20.750315], [100.13369, 20.759867], [100.119002, 20.76875], [100.103867, 20.776944], [100.088321, 20.784428], [100.072401, 20.791185], [100.056147, 20.797197], [100.039598, 20.80245], [100.022793, 20.806932], [100.005773, 20.810632], [99.98858, 20.81354], [99.971256, 20.815649], [99.953842, 20.816955], [99.93638, 20.817455], [99.918914, 20.817146], [99.901484, 20.81603], [99.884135, 20.81411], [99.866906, 20.81139], [99.849842, 20.807876], [99.832982, 20.803578], [99.816367, 20.798505], [99.800039, 20.79267], [99.784036, 20.786088], [99.768397, 20.778773], [99.75316, 20.770744], [99.738362, 20.76202], [99.724039, 20.752623], [99.710225, 20.742574], [99.696953, 20.731899], [99.684257, 20.720623], [99.672165, 20.708774], [99.660708, 20.69638], [99.649913, 20.683471], [99.639806, 20.670079], [99.630411, 20.656235], [99.621751, 20.641974], [99.613846, 20.627329], [99.606716, 20.612336], [99.600376, 20.597032], [99.594844, 20.581453], [99.59013, 20.565638], [99.586248, 20.549623], [99.583205, 20.533448], [99.581008, 20.517151], [99.579664, 20.500773], [99.579174, 20.484352], [99.579541, 20.467929], [99.580761, 20.451542], [99.582833, 20.435231], [99.585751, 20.419036], [99.589508, 20.402995], [99.594095, 20.387147], [99.599499, 20.37153], [99.605709, 20.356182], [99.612708, 20.34114], [99.620481, 20.326439], [99.629007, 20.312115], [99.638266, 20.298203], [99.648236, 20.284735], [99.658892, 20.271745], [99.67021, 20.259263], [99.682161, 20.247319], [99.694717, 20.235943], [99.707847, 20.22516], [99.72152, 20.214998], [99.735703, 20.20548], [99.750362, 20.196629], [99.765462, 20.188467], [99.780967, 20.181013], [99.796838, 20.174285], [99.813039, 20.168299], [99.829531, 20.163069], [99.846273, 20.158608], [99.863226, 20.154926], [99.880348, 20.152033], [99.897601, 20.149935], [99.914941, 20.148638], [99.932327, 20.148143], [99.949718, 20.148453], [99.967072, 20.149567], [99.984347, 20.151483], [100.001503, 20.154194], [100.018498, 20.157696], [100.035291, 20.161979], [100.051842, 20.167033], [100.068112, 20.172847], [100.084061, 20.179406], [100.099652, 20.186695], [100.114847, 20.194696], [100.129609, 20.203389], [100.143903, 20.212755], [100.157694, 20.22277], [100.170951, 20.233411], [100.18364, 20.244652], [100.195731, 20.256466], [100.207195, 20.268825], [100.218005, 20.2817], [100.228134, 20.295058], [100.237557, 20.308869], [100.246253, 20.323098], [100.2542, 20.337713], [100.261378, 20.352677], [100.26777, 20.367956], [100.273362, 20.383511], [100.278138, 20.399306], [100.282087, 20.415303], [100.2852, 20.431463], [100.287468, 20.447748], [100.288887, 20.464117], [100.289452, 20.480533]]]]}}, {"type": "Feature", "properties": {"type": "TMA", "designator": "", "name": "MANDALAY TMA", "lower": "100 STD", "upper": "200 STD", "activity_note": "", "restriction": "", "hazard": "", "remarks": ""}, "geometry": {"type": "MultiPolygon", "coordinates": [[[[97.04962, 21.678332], [97.049706, 21.727502], [97.047212, 21.776617], [97.042141, 21.825558], [97.034502, 21.874208], [97.024313, 21.92245], [97.011593, 21.970167], [96.996372, 22.017244], [96.978683, 22.063568], [96.958567, 22.109026], [96.93607, 22.153509], [96.911245, 22.196908], [96.884148, 22.239117], [96.854843, 22.280035], [96.8234, 22.319562], [96.789894, 22.357602], [96.754403, 22.39406], [96.717012, 22.42885], [96.677812, 22.461884], [96.636897, 22.493083], [96.594365, 22.52237], [96.550319, 22.549673], [96.504866, 22.574925], [96.458116, 22.598063], [96.410183, 22.619031], [96.361185, 22.637777], [96.311241, 22.654254], [96.260473, 22.668422], [96.209006, 22.680246], [96.156966, 22.689696], [96.10448, 22.696749], [96.051679, 22.701386], [95.998692, 22.703597], [95.945649, 22.703375], [95.892681, 22.700721], [95.839919, 22.695641], [95.787492, 22.688147], [95.73553, 22.678257], [95.68416, 22.665996], [95.63351, 22.651394], [95.583702, 22.634485], [95.53486, 22.615312], [95.487104, 22.593922], [95.44055, 22.570367], [95.395313, 22.544704], [95.351502, 22.516996], [95.309225, 22.487312], [95.268585, 22.455725], [95.22968, 22.42231], [95.192604, 22.387151], [95.157447, 22.350333], [95.124293, 22.311947], [95.093222, 22.272085], [95.064307, 22.230846], [95.037619, 22.18833], [95.013219, 22.14464], [94.991165, 22.099883], [94.971509, 22.054169], [94.954296, 22.007607], [94.939565, 21.960312], [94.927351, 21.912397], [94.917679, 21.86398], [94.910571, 21.815177], [94.906041, 21.766107], [94.904098, 21.716887], [94.904744, 21.667638], [94.907974, 21.618477], [94.913779, 21.569524], [94.922141, 21.520896], [94.933038, 21.472709], [94.946441, 21.425081], [94.962315, 21.378124], [94.980621, 21.331953], [95.001312, 21.286677], [95.024336, 21.242404], [95.049636, 21.199242], [95.07715, 21.157292], [95.10681, 21.116655], [95.138543, 21.077427], [95.172272, 21.039703], [95.207916, 21.003572], [95.245388, 20.96912], [95.284597, 20.936429], [95.32545, 20.905576], [95.367847, 20.876635], [95.411689, 20.849674], [95.456869, 20.824758], [95.503279, 20.801944], [95.550811, 20.781287], [95.599349, 20.762836], [95.648779, 20.746634], [95.698983, 20.73272], [95.749843, 20.721125], [95.801238, 20.711878], [95.853047, 20.705], [95.905146, 20.700506], [95.957412, 20.698408], [96.009723, 20.698709], [96.061954, 20.701409], [96.113983, 20.706502], [96.165685, 20.713974], [96.21694, 20.723808], [96.267626, 20.73598], [96.317623, 20.750462], [96.366813, 20.767218], [96.41508, 20.786208], [96.462309, 20.807388], [96.508389, 20.830708], [96.55321, 20.856111], [96.596665, 20.883537], [96.638652, 20.912921], [96.67907, 20.944194], [96.717823, 20.97728], [96.754818, 21.012102], [96.789966, 21.048576], [96.823184, 21.086617], [96.85439, 21.126133], [96.883509, 21.16703], [96.910471, 21.209211], [96.93521, 21.252576], [96.957665, 21.297022], [96.977782, 21.342442], [96.995509, 21.388728], [97.010803, 21.43577], [97.023624, 21.483455], [97.033941, 21.53167], [97.041726, 21.580299], [97.046957, 21.629225], [97.04962, 21.678332]]]]}}, {"type": "Feature", "properties": {"type": "CTR", "designator": "", "name": "SHANTE", "lower": "GND SFC", "upper": "100 STD", "activity_note": "", "restriction": "", "hazard": "", "remarks": ""}, "geometry": {"type": "MultiPolygon", "coordinates": [[[[96.450297, 20.956693], [96.450219, 20.981294], [96.448856, 21.005862], [96.446211, 21.030338], [96.44229, 21.054662], [96.437101, 21.078777], [96.430657, 21.102623], [96.422971, 21.126144], [96.414063, 21.149282], [96.403953, 21.171983], [96.392664, 21.19419], [96.380225, 21.215851], [96.366663, 21.236912], [96.352011, 21.257324], [96.336305, 21.277036], [96.319582, 21.296001], [96.301882, 21.314172], [96.283247, 21.331507], [96.263723, 21.347962], [96.243356, 21.363498], [96.222195, 21.378076], [96.200292, 21.391663], [96.177699, 21.404224], [96.154471, 21.415728], [96.130664, 21.426149], [96.106337, 21.43546], [96.081548, 21.443639], [96.056356, 21.450666], [96.030825, 21.456524], [96.005014, 21.461198], [95.978988, 21.464677], [95.95281, 21.466952], [95.926542, 21.468019], [95.90025, 21.467873], [95.873997, 21.466516], [95.847847, 21.46395], [95.821864, 21.460182], [95.796111, 21.455221], [95.77065, 21.449079], [95.745544, 21.441771], [95.720854, 21.433314], [95.696639, 21.423729], [95.672959, 21.41304], [95.649871, 21.401272], [95.627431, 21.388454], [95.605693, 21.374616], [95.584711, 21.359793], [95.564535, 21.344021], [95.545213, 21.327338], [95.526792, 21.309783], [95.509318, 21.291401], [95.492831, 21.272235], [95.477372, 21.252332], [95.462978, 21.231741], [95.449683, 21.21051], [95.437518, 21.188692], [95.426514, 21.16634], [95.416696, 21.143507], [95.408086, 21.120248], [95.400707, 21.096621], [95.394574, 21.072682], [95.389702, 21.048489], [95.386103, 21.024101], [95.383784, 20.999575], [95.38275, 20.974973], [95.383003, 20.950352], [95.384542, 20.925773], [95.387362, 20.901294], [95.391457, 20.876975], [95.396815, 20.852873], [95.403424, 20.829048], [95.411266, 20.805556], [95.420322, 20.782454], [95.43057, 20.759797], [95.441985, 20.73764], [95.454539, 20.716037], [95.4682, 20.695037], [95.482937, 20.674693], [95.498713, 20.655053], [95.515489, 20.636164], [95.533226, 20.618072], [95.551881, 20.600819], [95.571407, 20.584446], [95.591759, 20.568994], [95.612888, 20.554498], [95.634742, 20.540995], [95.65727, 20.528514], [95.680417, 20.517088], [95.704127, 20.506742], [95.728344, 20.497502], [95.753011, 20.48939], [95.778067, 20.482424], [95.803453, 20.476622], [95.829109, 20.471997], [95.854973, 20.46856], [95.880983, 20.46632], [95.907078, 20.465281], [95.933195, 20.465446], [95.959271, 20.466815], [95.985245, 20.469384], [96.011055, 20.473147], [96.036639, 20.478094], [96.061936, 20.484215], [96.086885, 20.491495], [96.111427, 20.499915], [96.135504, 20.509456], [96.159058, 20.520095], [96.182032, 20.531806], [96.204372, 20.544562], [96.226025, 20.558332], [96.246938, 20.573083], [96.267061, 20.588779], [96.286346, 20.605384], [96.304746, 20.622857], [96.322219, 20.641156], [96.33872, 20.660239], [96.354211, 20.680058], [96.368655, 20.700567], [96.382015, 20.721717], [96.394261, 20.743457], [96.405361, 20.765734], [96.41529, 20.788496], [96.424022, 20.811688], [96.431537, 20.835254], [96.437815, 20.859137], [96.442841, 20.883281], [96.446603, 20.907627], [96.44909, 20.932118], [96.450297, 20.956693]]]]}}, {"type": "Feature", "properties": {"type": "TMA", "designator": "", "name": "MINGALADON TMA", "lower": "130 STD", "upper": "170 STD", "activity_note": "", "restriction": "", "hazard": "", "remarks": ""}, "geometry": {"type": "MultiPolygon", "coordinates": [[[[97.175805, 16.919226], [97.174074, 16.968477], [97.16983, 17.017587], [97.163083, 17.066436], [97.153846, 17.114907], [97.142141, 17.162883], [97.127993, 17.210246], [97.111435, 17.256883], [97.092506, 17.30268], [97.07125, 17.347527], [97.047716, 17.391314], [97.021961, 17.433934], [96.994045, 17.475285], [96.964036, 17.515266], [96.932005, 17.553778], [96.898028, 17.59073], [96.862188, 17.626029], [96.824571, 17.659592], [96.785269, 17.691334], [96.744375, 17.72118], [96.70199, 17.749056], [96.658217, 17.774895], [96.613163, 17.798632], [96.566936, 17.820211], [96.519651, 17.839579], [96.471422, 17.856688], [96.422368, 17.871497], [96.372608, 17.883969], [96.322265, 17.894075], [96.271462, 17.90179], [96.220323, 17.907094], [96.168974, 17.909977], [96.11754, 17.91043], [96.066148, 17.908452], [96.014924, 17.90405], [95.963993, 17.897234], [95.913479, 17.888021], [95.863507, 17.876435], [95.814198, 17.862502], [95.765672, 17.846259], [95.718049, 17.827745], [95.671444, 17.807006], [95.62597, 17.784092], [95.581738, 17.759061], [95.538855, 17.731972], [95.497425, 17.702893], [95.457548, 17.671895], [95.41932, 17.639054], [95.382833, 17.604449], [95.348174, 17.568166], [95.315427, 17.530291], [95.284669, 17.490919], [95.255973, 17.450143], [95.229408, 17.408064], [95.205036, 17.364784], [95.182915, 17.320407], [95.163095, 17.27504], [95.145624, 17.228794], [95.130541, 17.18178], [95.11788, 17.134112], [95.107671, 17.085904], [95.099935, 17.037273], [95.09469, 16.988335], [95.091946, 16.93921], [95.091707, 16.890013], [95.093972, 16.840864], [95.098735, 16.791881], [95.105981, 16.743181], [95.115691, 16.69488], [95.127841, 16.647095], [95.142399, 16.599939], [95.15933, 16.553526], [95.178591, 16.507966], [95.200134, 16.463369], [95.223908, 16.41984], [95.249853, 16.377484], [95.277908, 16.336401], [95.308004, 16.29669], [95.340068, 16.258446], [95.374023, 16.221759], [95.409789, 16.186718], [95.447278, 16.153405], [95.486401, 16.121901], [95.527065, 16.09228], [95.569172, 16.064613], [95.612623, 16.038966], [95.657313, 16.0154], [95.703136, 15.993972], [95.749984, 15.974732], [95.797745, 15.957728], [95.846305, 15.942998], [95.89555, 15.930579], [95.945361, 15.920501], [95.995622, 15.912787], [96.046213, 15.907457], [96.097013, 15.904523], [96.147903, 15.903992], [96.19876, 15.905867], [96.249466, 15.910143], [96.299898, 15.91681], [96.349938, 15.925852], [96.399466, 15.937249], [96.448364, 15.950973], [96.496517, 15.966992], [96.543808, 15.985269], [96.590127, 16.005759], [96.635361, 16.028415], [96.679402, 16.053182], [96.722146, 16.080002], [96.76349, 16.108811], [96.803335, 16.13954], [96.841584, 16.172117], [96.878147, 16.206463], [96.912933, 16.242498], [96.945861, 16.280134], [96.976848, 16.319281], [97.005821, 16.359848], [97.032709, 16.401735], [97.057445, 16.444844], [97.07997, 16.489071], [97.100227, 16.534309], [97.118166, 16.580452], [97.133743, 16.627386], [97.146919, 16.675001], [97.157659, 16.723182], [97.165937, 16.771812], [97.17173, 16.820775], [97.175023, 16.869952], [97.175805, 16.919226]]]]}}, {"type": "Feature", "properties": {"type": "CTR", "designator": "", "name": "MONG-HSAT CTR", "lower": "GND SFC", "upper": "130 STD", "activity_note": "", "restriction": "", "hazard": "", "remarks": ""}, "geometry": {"type": "MultiPolygon", "coordinates": [[[[99.613647, 20.517199], [99.613285, 20.533622], [99.612067, 20.550009], [99.609997, 20.56632], [99.607079, 20.582516], [99.60332, 20.598557], [99.598729, 20.614405], [99.593316, 20.630021], [99.587095, 20.645369], [99.58008, 20.66041], [99.572288, 20.675109], [99.563738, 20.68943], [99.554449, 20.703339], [99.544445, 20.716801], [99.533748, 20.729784], [99.522386, 20.742258], [99.510385, 20.754191], [99.497774, 20.765555], [99.484584, 20.776323], [99.470845, 20.786467], [99.456593, 20.795964], [99.44186, 20.804791], [99.426682, 20.812927], [99.411097, 20.82035], [99.395142, 20.827045], [99.378855, 20.832994], [99.362276, 20.838182], [99.345445, 20.842598], [99.328403, 20.846231], [99.311191, 20.849072], [99.293852, 20.851113], [99.276426, 20.85235], [99.258956, 20.852781], [99.241485, 20.852403], [99.224055, 20.851219], [99.206708, 20.84923], [99.189487, 20.846441], [99.172432, 20.84286], [99.155586, 20.838495], [99.138989, 20.833356], [99.122682, 20.827456], [99.106703, 20.82081], [99.091092, 20.813433], [99.075887, 20.805344], [99.061123, 20.796561], [99.046838, 20.787106], [99.033065, 20.777003], [99.019837, 20.766275], [99.007187, 20.754949], [98.995145, 20.743051], [98.98374, 20.730612], [98.972999, 20.71766], [98.962948, 20.704227], [98.953612, 20.690346], [98.945013, 20.67605], [98.937171, 20.661374], [98.930105, 20.646353], [98.923831, 20.631023], [98.918366, 20.615422], [98.913721, 20.599587], [98.909908, 20.583557], [98.906935, 20.567369], [98.90481, 20.551064], [98.903537, 20.53468], [98.903119, 20.518257], [98.903558, 20.501834], [98.90485, 20.485452], [98.906994, 20.469148], [98.909984, 20.452964], [98.913812, 20.436937], [98.918469, 20.421106], [98.923943, 20.40551], [98.930221, 20.390185], [98.937287, 20.375169], [98.945125, 20.360498], [98.953716, 20.346206], [98.963038, 20.332329], [98.973069, 20.3189], [98.983784, 20.30595], [98.995159, 20.293511], [99.007165, 20.281613], [99.019773, 20.270284], [99.032954, 20.259551], [99.046675, 20.249441], [99.060903, 20.239977], [99.075604, 20.231182], [99.090744, 20.223077], [99.106285, 20.215682], [99.12219, 20.209014], [99.138422, 20.20309], [99.15494, 20.197923], [99.171707, 20.193526], [99.188681, 20.189909], [99.205821, 20.187081], [99.223088, 20.185049], [99.240439, 20.183817], [99.257833, 20.183389], [99.275228, 20.183766], [99.292583, 20.184947], [99.309856, 20.186928], [99.327006, 20.189706], [99.343992, 20.193273], [99.360772, 20.197621], [99.377307, 20.202739], [99.393558, 20.208616], [99.409485, 20.215237], [99.42505, 20.222586], [99.440215, 20.230646], [99.454945, 20.239398], [99.469204, 20.248819], [99.482958, 20.258889], [99.496174, 20.269582], [99.508819, 20.280874], [99.520864, 20.292736], [99.532279, 20.305141], [99.543037, 20.318059], [99.553112, 20.331458], [99.562479, 20.345307], [99.571117, 20.359573], [99.579003, 20.37422], [99.586119, 20.389214], [99.592448, 20.40452], [99.597974, 20.420099], [99.602683, 20.435915], [99.606564, 20.45193], [99.609608, 20.468105], [99.611806, 20.484401], [99.613154, 20.500778], [99.613647, 20.517199]]]]}}, {"type": "Feature", "properties": {"type": "CTR", "designator": "", "name": "NAYPYITAW CTR", "lower": "GND SFC", "upper": "130 STD", "activity_note": "", "restriction": "", "hazard": "", "remarks": ""}, "geometry": {"type": "MultiPolygon", "coordinates": [[[[96.553894, 19.628694], [96.55322, 19.645098], [96.551697, 19.661451], [96.549329, 19.677713], [96.54612, 19.693845], [96.542078, 19.709808], [96.537213, 19.725564], [96.531536, 19.741075], [96.525061, 19.756303], [96.517803, 19.771211], [96.509779, 19.785764], [96.50101, 19.799926], [96.491515, 19.813663], [96.481317, 19.826941], [96.470442, 19.839729], [96.458914, 19.851996], [96.446763, 19.863712], [96.434017, 19.874849], [96.420707, 19.885379], [96.406865, 19.895277], [96.392525, 19.90452], [96.377721, 19.913085], [96.362489, 19.920951], [96.346866, 19.928098], [96.33089, 19.934511], [96.3146, 19.940173], [96.298034, 19.945071], [96.281233, 19.949192], [96.264239, 19.952528], [96.247091, 19.955069], [96.229832, 19.956809], [96.212503, 19.957745], [96.195147, 19.957875], [96.177805, 19.957197], [96.16052, 19.955713], [96.143334, 19.953428], [96.126287, 19.950347], [96.109422, 19.946477], [96.092779, 19.941828], [96.076399, 19.93641], [96.060321, 19.930238], [96.044584, 19.923326], [96.029226, 19.915691], [96.014285, 19.907351], [95.999796, 19.898327], [95.985794, 19.88864], [95.972313, 19.878315], [95.959386, 19.867375], [95.947044, 19.855848], [95.935316, 19.843761], [95.924231, 19.831143], [95.913816, 19.818026], [95.904094, 19.804441], [95.89509, 19.79042], [95.886825, 19.775997], [95.879319, 19.761208], [95.872589, 19.746088], [95.866653, 19.730674], [95.861523, 19.715002], [95.857212, 19.699111], [95.85373, 19.683038], [95.851085, 19.666823], [95.849283, 19.650505], [95.848329, 19.634123], [95.848225, 19.617716], [95.848969, 19.601323], [95.850561, 19.584986], [95.852996, 19.568741], [95.856269, 19.55263], [95.86037, 19.536689], [95.86529, 19.520959], [95.871018, 19.505476], [95.877538, 19.490278], [95.884835, 19.4754], [95.892892, 19.46088], [95.901688, 19.446752], [95.911203, 19.433049], [95.921414, 19.419805], [95.932296, 19.407052], [95.943822, 19.394819], [95.955965, 19.383137], [95.968696, 19.372033], [95.981984, 19.361534], [95.995797, 19.351665], [96.010102, 19.342451], [96.024865, 19.333912], [96.04005, 19.326069], [96.055621, 19.318942], [96.071541, 19.312547], [96.08777, 19.3069], [96.104272, 19.302014], [96.121005, 19.297901], [96.13793, 19.294571], [96.155007, 19.292032], [96.172194, 19.29029], [96.18945, 19.289349], [96.206734, 19.289211], [96.224005, 19.289878], [96.241221, 19.291346], [96.258341, 19.293614], [96.275325, 19.296675], [96.29213, 19.300521], [96.308718, 19.305145], [96.325048, 19.310535], [96.34108, 19.316677], [96.356778, 19.323558], [96.372103, 19.331161], [96.387017, 19.339467], [96.401486, 19.348457], [96.415475, 19.358109], [96.42895, 19.3684], [96.441878, 19.379306], [96.454228, 19.390799], [96.465971, 19.402854], [96.477078, 19.41544], [96.487522, 19.428527], [96.497279, 19.442085], [96.506324, 19.45608], [96.514636, 19.470479], [96.522194, 19.485247], [96.52898, 19.500349], [96.534977, 19.515749], [96.540171, 19.531409], [96.54455, 19.547292], [96.548101, 19.563359], [96.550817, 19.579572], [96.552691, 19.595892], [96.553718, 19.612279], [96.553894, 19.628694]]]]}}, {"type": "Feature", "properties": {"type": "CTR", "designator": "", "name": "HEHO CTR", "lower": "GND SFC", "upper": "130 STD", "activity_note": "", "restriction": "", "hazard": "", "remarks": ""}, "geometry": {"type": "MultiPolygon", "coordinates": [[[[97.414344, 20.753913], [97.413294, 20.782634], [97.410746, 20.811273], [97.406705, 20.839758], [97.40118, 20.868023], [97.394183, 20.895998], [97.385731, 20.923616], [97.375843, 20.950811], [97.364542, 20.977516], [97.351855, 21.003666], [97.337812, 21.029199], [97.322447, 21.054052], [97.305796, 21.078166], [97.287898, 21.101482], [97.268797, 21.123942], [97.248539, 21.145494], [97.227172, 21.166084], [97.204748, 21.185662], [97.181321, 21.204181], [97.156948, 21.221595], [97.131687, 21.237863], [97.1056, 21.252945], [97.078751, 21.266804], [97.051204, 21.279407], [97.023026, 21.290723], [96.994286, 21.300723], [96.965054, 21.309385], [96.935401, 21.316687], [96.905399, 21.322611], [96.875121, 21.327143], [96.844642, 21.330272], [96.814036, 21.33199], [96.783376, 21.332294], [96.752739, 21.331182], [96.722198, 21.328657], [96.691828, 21.324726], [96.661703, 21.319398], [96.631896, 21.312686], [96.602481, 21.304607], [96.573528, 21.295181], [96.545108, 21.28443], [96.51729, 21.272381], [96.490141, 21.259063], [96.463727, 21.244509], [96.438113, 21.228754], [96.41336, 21.211836], [96.389529, 21.193797], [96.366675, 21.17468], [96.344855, 21.154533], [96.324122, 21.133403], [96.304524, 21.111343], [96.286109, 21.088406], [96.268921, 21.064646], [96.253, 21.040123], [96.238386, 21.014896], [96.225111, 20.989024], [96.213208, 20.962572], [96.202705, 20.935603], [96.193626, 20.908182], [96.185993, 20.880375], [96.179822, 20.85225], [96.175128, 20.823874], [96.171922, 20.795316], [96.170209, 20.766644], [96.169995, 20.737927], [96.171277, 20.709235], [96.174053, 20.680637], [96.178315, 20.652201], [96.184051, 20.623996], [96.191248, 20.596088], [96.199886, 20.568546], [96.209945, 20.541436], [96.221401, 20.514822], [96.234223, 20.488767], [96.248383, 20.463336], [96.263844, 20.438588], [96.280569, 20.414582], [96.298519, 20.391376], [96.317649, 20.369026], [96.337913, 20.347586], [96.359262, 20.327105], [96.381646, 20.307634], [96.40501, 20.289219], [96.429298, 20.271903], [96.454453, 20.255729], [96.480413, 20.240734], [96.507117, 20.226956], [96.534502, 20.214425], [96.562501, 20.203174], [96.591047, 20.193228], [96.620074, 20.184611], [96.649511, 20.177344], [96.679288, 20.171445], [96.709335, 20.166926], [96.73958, 20.1638], [96.76995, 20.162074], [96.800374, 20.161752], [96.830778, 20.162835], [96.861092, 20.16532], [96.891241, 20.169201], [96.921155, 20.17447], [96.950762, 20.181113], [96.979991, 20.189116], [97.008773, 20.198458], [97.037038, 20.209119], [97.064721, 20.221071], [97.091753, 20.234288], [97.11807, 20.248737], [97.14361, 20.264384], [97.168311, 20.281192], [97.192114, 20.29912], [97.214962, 20.318126], [97.236799, 20.338164], [97.257573, 20.359187], [97.277234, 20.381144], [97.295734, 20.403982], [97.313028, 20.427648], [97.329075, 20.452083], [97.343835, 20.47723], [97.357273, 20.503029], [97.369355, 20.529417], [97.380051, 20.556332], [97.389335, 20.583708], [97.397185, 20.61148], [97.40358, 20.63958], [97.408505, 20.667943], [97.411946, 20.696498], [97.413894, 20.725178], [97.414344, 20.753913]]]]}}, {"type": "Feature", "properties": {"type": "CTR", "designator": "", "name": "KAWTHOUNG CTR", "lower": "GND SFC", "upper": "130 STD", "activity_note": "", "restriction": "", "hazard": "", "remarks": ""}, "geometry": {"type": "MultiPolygon", "coordinates": [[[[98.876142, 10.049893], [98.875728, 10.066331], [98.874501, 10.082729], [98.872464, 10.099048], [98.86962, 10.115248], [98.865978, 10.13129], [98.861545, 10.147135], [98.856332, 10.162746], [98.850352, 10.178084], [98.843619, 10.193114], [98.836148, 10.207797], [98.827959, 10.2221], [98.819071, 10.235987], [98.809504, 10.249425], [98.799282, 10.262381], [98.78843, 10.274825], [98.776974, 10.286726], [98.764941, 10.298055], [98.75236, 10.308786], [98.739262, 10.318892], [98.725678, 10.328348], [98.711641, 10.337133], [98.697185, 10.345224], [98.682344, 10.352602], [98.667156, 10.35925], [98.651655, 10.365151], [98.635881, 10.370292], [98.61987, 10.374659], [98.603661, 10.378242], [98.587294, 10.381032], [98.570809, 10.383023], [98.554245, 10.38421], [98.537641, 10.38459], [98.521039, 10.384162], [98.504478, 10.382928], [98.487999, 10.380889], [98.471641, 10.378052], [98.455443, 10.374422], [98.439446, 10.370009], [98.423686, 10.364824], [98.408204, 10.358878], [98.393035, 10.352187], [98.378217, 10.344766], [98.363786, 10.336634], [98.349775, 10.32781], [98.33622, 10.318315], [98.323152, 10.308172], [98.310603, 10.297406], [98.298604, 10.286043], [98.287183, 10.274111], [98.276368, 10.261637], [98.266185, 10.248652], [98.256658, 10.235188], [98.24781, 10.221277], [98.239663, 10.206953], [98.232235, 10.192249], [98.225546, 10.177202], [98.21961, 10.161848], [98.214443, 10.146224], [98.210056, 10.130368], [98.206459, 10.114317], [98.203663, 10.098111], [98.201672, 10.081788], [98.200492, 10.065388], [98.200125, 10.048951], [98.200572, 10.032515], [98.201833, 10.016121], [98.203903, 9.999808], [98.206778, 9.983615], [98.210451, 9.967582], [98.214912, 9.951746], [98.220151, 9.936147], [98.226156, 9.92082], [98.232911, 9.905805], [98.2404, 9.891135], [98.248606, 9.876848], [98.257507, 9.862977], [98.267084, 9.849555], [98.277312, 9.836615], [98.288168, 9.824188], [98.299624, 9.812303], [98.311654, 9.80099], [98.324228, 9.790276], [98.337317, 9.780186], [98.350887, 9.770744], [98.364908, 9.761974], [98.379345, 9.753896], [98.394164, 9.74653], [98.409329, 9.739894], [98.424803, 9.734002], [98.440549, 9.728871], [98.45653, 9.724511], [98.472707, 9.720934], [98.489041, 9.718148], [98.505493, 9.716159], [98.522023, 9.714973], [98.538592, 9.714592], [98.55516, 9.715017], [98.571687, 9.716248], [98.588134, 9.718281], [98.604461, 9.721112], [98.620628, 9.724733], [98.636597, 9.729136], [98.65233, 9.73431], [98.667788, 9.740243], [98.682935, 9.746921], [98.697734, 9.754327], [98.71215, 9.762445], [98.726147, 9.771253], [98.739692, 9.780732], [98.752754, 9.790858], [98.765299, 9.801607], [98.777298, 9.812954], [98.788722, 9.82487], [98.799544, 9.837328], [98.809737, 9.850296], [98.819277, 9.863745], [98.828141, 9.877642], [98.836307, 9.891953], [98.843756, 9.906644], [98.85047, 9.92168], [98.856432, 9.937024], [98.861628, 9.952639], [98.866045, 9.968489], [98.869673, 9.984534], [98.872502, 10.000736], [98.874527, 10.017056], [98.875741, 10.033455], [98.876142, 10.049893]]]]}}, {"type": "Feature", "properties": {"type": "CTR", "designator": "", "name": "SURBUNG CTR", "lower": "GND SFC", "upper": "150 STD", "activity_note": "", "restriction": "", "hazard": "", "remarks": ""}, "geometry": {"type": "MultiPolygon", "coordinates": [[[[93.379422, 23.192522], [93.379136, 23.189139], [93.378753, 23.184583], [93.374917, 23.177417], [93.374947, 23.175139], [93.374322, 23.171617], [93.372864, 23.163367], [93.371403, 23.155114], [93.369942, 23.146861], [93.372275, 23.141833], [93.375778, 23.139583], [93.384444, 23.140639], [93.386947, 23.13975], [93.38775, 23.135861], [93.383836, 23.131444], [93.381222, 23.129561], [93.374092, 23.124422], [93.366961, 23.119281], [93.359833, 23.114139], [93.357697, 23.109056], [93.356636, 23.103833], [93.355164, 23.096417], [93.352186, 23.092761], [93.346747, 23.086083], [93.343247, 23.081778], [93.342833, 23.077889], [93.344611, 23.074917], [93.351111, 23.07225], [93.349639, 23.070639], [93.34565, 23.066539], [93.339603, 23.060325], [93.333558, 23.054111], [93.332358, 23.051806], [93.328597, 23.044489], [93.324714, 23.036939], [93.320831, 23.029389], [93.317928, 23.025422], [93.312858, 23.0185], [93.311389, 23.017222], [93.304803, 23.0115], [93.300319, 23.008464], [93.293031, 23.003528], [93.285858, 23.0025], [93.277011, 23.00305], [93.267997, 23.003611], [93.266031, 23.004028], [93.260808, 23.003181], [93.259664, 22.997444], [93.258626, 22.991689], [93.257698, 22.985919], [93.256878, 22.980135], [93.256168, 22.974338], [93.255566, 22.968531], [93.255075, 22.962715], [93.254693, 22.956891], [93.25442, 22.951063], [93.254258, 22.945231], [93.254206, 22.939397], [93.254263, 22.933563], [93.25443, 22.927731], [93.254707, 22.921903], [93.255094, 22.91608], [93.25559, 22.910264], [93.256195, 22.904457], [93.25691, 22.898661], [93.257734, 22.892877], [93.258666, 22.887107], [93.259707, 22.881354], [93.260856, 22.875617], [93.262112, 22.869901], [93.263476, 22.864205], [93.264947, 22.858533], [93.266524, 22.852885], [93.268207, 22.847263], [93.269995, 22.841669], [93.271888, 22.836106], [93.273886, 22.830573], [93.275987, 22.825074], [93.278191, 22.819609], [93.280497, 22.814181], [93.282905, 22.808791], [93.285414, 22.803441], [93.288023, 22.798132], [93.290731, 22.792865], [93.293538, 22.787644], [93.296442, 22.782469], [93.299443, 22.777341], [93.30254, 22.772262], [93.305731, 22.767235], [93.309016, 22.762259], [93.312394, 22.757338], [93.315864, 22.752472], [93.319425, 22.747662], [93.323075, 22.742911], [93.326814, 22.73822], [93.33064, 22.733589], [93.334553, 22.729021], [93.33855, 22.724517], [93.342632, 22.720079], [93.346796, 22.715706], [93.351041, 22.711402], [93.355366, 22.707167], [93.35977, 22.703003], [93.364251, 22.69891], [93.368808, 22.694891], [93.37344, 22.690945], [93.378145, 22.687075], [93.382922, 22.683282], [93.387769, 22.679566], [93.392685, 22.675929], [93.397668, 22.672372], [93.402717, 22.668897], [93.407831, 22.665503], [93.413007, 22.662192], [93.418244, 22.658966], [93.423541, 22.655824], [93.428896, 22.652769], [93.434308, 22.649801], [93.439774, 22.64692], [93.445293, 22.644128], [93.450863, 22.641426], [93.456484, 22.638814], [93.462152, 22.636294], [93.467867, 22.633865], [93.473626, 22.631529], [93.479428, 22.629287], [93.485271, 22.627138], [93.491153, 22.625084], [93.497073, 22.623126], [93.503028, 22.621263], [93.509018, 22.619497], [93.515039, 22.617828], [93.521091, 22.616257], [93.527172, 22.614784], [93.533279, 22.613409], [93.539411, 22.612132], [93.545565, 22.610956], [93.551741, 22.609878], [93.557936, 22.608901], [93.564149, 22.608024], [93.570376, 22.607247], [93.576618, 22.606571], [93.582871, 22.605996], [93.589134, 22.605523], [93.595405, 22.60515], [93.601681, 22.604879], [93.607962, 22.604709], [93.614246, 22.604641], [93.620529, 22.604674], [93.626811, 22.604809], [93.63309, 22.605045], [93.639363, 22.605383], [93.645628, 22.605821], [93.651885, 22.606361], [93.658131, 22.607003], [93.664364, 22.607744], [93.670581, 22.608587], [93.676783, 22.60953], [93.682965, 22.610572], [93.689128, 22.611715], [93.695268, 22.612957], [93.701383, 22.614298], [93.707473, 22.615737], [93.713535, 22.617275], [93.719567, 22.61891], [93.725568, 22.620643], [93.731536, 22.622472], [93.737468, 22.624397], [93.743364, 22.626418], [93.74922, 22.628534], [93.755037, 22.630744], [93.760811, 22.633048], [93.766541, 22.635445], [93.772225, 22.637934], [93.777862, 22.640514], [93.78345, 22.643185], [93.788987, 22.645946], [93.794472, 22.648796], [93.799902, 22.651734], [93.805277, 22.654759], [93.810594, 22.657871], [93.815852, 22.661068], [93.82105, 22.66435], [93.826185, 22.667715], [93.831257, 22.671163], [93.836263, 22.674692], [93.841202, 22.678301], [93.846073, 22.68199], [93.850874, 22.685756], [93.855604, 22.6896], [93.860262, 22.69352], [93.864845, 22.697514], [93.869352, 22.701581], [93.873783, 22.705721], [93.878136, 22.709932], [93.882409, 22.714212], [93.886601, 22.718561], [93.890711, 22.722977], [93.894737, 22.727459], [93.898679, 22.732005], [93.902535, 22.736614], [93.906305, 22.741284], [93.909986, 22.746015], [93.913577, 22.750804], [93.917079, 22.755651], [93.920489, 22.760554], [93.923806, 22.765511], [93.92703, 22.77052], [93.93016, 22.775581], [93.933194, 22.780692], [93.936131, 22.785851], [93.938972, 22.791057], [93.941714, 22.796308], [93.944357, 22.801602], [93.946901, 22.806939], [93.949344, 22.812315], [93.951685, 22.81773], [93.953925, 22.823183], [93.956062, 22.82867], [93.958095, 22.834191], [93.960024, 22.839745], [93.961849, 22.845328], [93.963568, 22.85094], [93.965182, 22.856579], [93.966689, 22.862244], [93.96809, 22.867932], [93.969384, 22.873641], [93.97057, 22.879371], [93.971648, 22.885118], [93.972618, 22.890883], [93.973479, 22.896662], [93.974231, 22.902454], [93.974875, 22.908258], [93.975409, 22.914071], [93.975833, 22.919891], [93.976148, 22.925718], [93.976353, 22.931549], [93.976448, 22.937382], [93.976434, 22.943216], [93.976309, 22.949049], [93.976075, 22.954879], [93.975731, 22.960704], [93.975277, 22.966523], [93.974714, 22.972334], [93.974041, 22.978134], [93.973259, 22.983923], [93.972368, 22.989698], [93.971368, 22.995458], [93.97026, 23.001201], [93.969043, 23.006926], [93.967719, 23.012629], [93.966288, 23.018311], [93.964749, 23.023968], [93.963104, 23.0296], [93.961353, 23.035204], [93.959497, 23.040779], [93.957535, 23.046324], [93.95547, 23.051835], [93.9533, 23.057313], [93.951027, 23.062755], [93.948652, 23.068159], [93.946176, 23.073524], [93.943598, 23.078848], [93.94092, 23.084129], [93.938143, 23.089367], [93.935267, 23.094559], [93.932294, 23.099704], [93.929223, 23.104799], [93.926057, 23.109845], [93.922796, 23.114838], [93.919441, 23.119779], [93.915994, 23.124664], [93.912454, 23.129492], [93.908824, 23.134263], [93.905103, 23.138975], [93.901295, 23.143625], [93.897399, 23.148213], [93.893417, 23.152738], [93.889349, 23.157198], [93.885198, 23.161591], [93.880965, 23.165917], [93.87665, 23.170173], [93.872255, 23.174359], [93.867782, 23.178474], [93.863232, 23.182516], [93.858605, 23.186483], [93.853904, 23.190375], [93.849131, 23.194191], [93.844286, 23.197929], [93.83937, 23.201588], [93.834386, 23.205167], [93.829335, 23.208665], [93.824219, 23.212081], [93.819039, 23.215414], [93.813796, 23.218662], [93.808492, 23.221826], [93.80313, 23.224903], [93.79771, 23.227893], [93.792234, 23.230795], [93.786704, 23.233609], [93.781121, 23.236332], [93.775488, 23.238965], [93.769805, 23.241506], [93.764076, 23.243956], [93.7583, 23.246312], [93.752481, 23.248575], [93.74662, 23.250743], [93.740719, 23.252816], [93.734779, 23.254794], [93.728803, 23.256675], [93.722791, 23.25846], [93.716747, 23.260147], [93.710672, 23.261736], [93.704568, 23.263227], [93.698436, 23.26462], [93.692279, 23.265912], [93.686098, 23.267106], [93.679896, 23.268199], [93.673674, 23.269191], [93.667434, 23.270084], [93.661177, 23.270875], [93.654907, 23.271565], [93.648625, 23.272153], [93.642333, 23.27264], [93.636032, 23.273026], [93.629725, 23.273309], [93.623413, 23.273491], [93.617099, 23.27357], [93.610785, 23.273548], [93.604472, 23.273424], [93.598162, 23.273197], [93.591857, 23.272869], [93.58556, 23.272439], [93.579272, 23.271907], [93.572995, 23.271274], [93.566731, 23.270539], [93.560481, 23.269704], [93.554249, 23.268767], [93.548035, 23.26773], [93.541842, 23.266593], [93.535671, 23.265356], [93.529525, 23.26402], [93.523405, 23.262584], [93.517313, 23.26105], [93.511252, 23.259417], [93.505222, 23.257687], [93.499226, 23.25586], [93.493265, 23.253936], [93.487342, 23.251916], [93.481458, 23.249801], [93.475616, 23.247591], [93.469816, 23.245287], [93.46406, 23.24289], [93.458351, 23.2404], [93.45269, 23.237818], [93.447079, 23.235145], [93.441519, 23.232382], [93.436012, 23.22953], [93.430561, 23.226589], [93.425166, 23.22356], [93.419829, 23.220445], [93.414552, 23.217244], [93.409336, 23.213959], [93.404184, 23.210589], [93.399096, 23.207137], [93.394075, 23.203603], [93.389121, 23.199989], [93.384236, 23.196295], [93.379422, 23.192522]]]]}}, {"type": "Feature", "properties": {"type": "CTR", "designator": "", "name": "MANAUNG CTR", "lower": "GND SFC", "upper": "3000 MSL", "activity_note": "", "restriction": "", "hazard": "", "remarks": ""}, "geometry": {"type": "MultiPolygon", "coordinates": [[[[93.772167, 18.843993], [93.77208, 18.848099], [93.771782, 18.852197], [93.771272, 18.856275], [93.770553, 18.860325], [93.769626, 18.864337], [93.768493, 18.8683], [93.767158, 18.872206], [93.765622, 18.876044], [93.763891, 18.879806], [93.761967, 18.883483], [93.759857, 18.887066], [93.757564, 18.890545], [93.755094, 18.893913], [93.752454, 18.897162], [93.749649, 18.900284], [93.746687, 18.90327], [93.743574, 18.906115], [93.740318, 18.908811], [93.736926, 18.911351], [93.733408, 18.91373], [93.729772, 18.915942], [93.726025, 18.917981], [93.722178, 18.919843], [93.71824, 18.921523], [93.714219, 18.923017], [93.710126, 18.924321], [93.705971, 18.925432], [93.701764, 18.926348], [93.697514, 18.927066], [93.693233, 18.927585], [93.688929, 18.927903], [93.684615, 18.92802], [93.6803, 18.927935], [93.675994, 18.927649], [93.671708, 18.927161], [93.667453, 18.926475], [93.663238, 18.92559], [93.659074, 18.924509], [93.654971, 18.923235], [93.650938, 18.921771], [93.646986, 18.92012], [93.643124, 18.918287], [93.639361, 18.916275], [93.635706, 18.914091], [93.632169, 18.911737], [93.628757, 18.909222], [93.625479, 18.90655], [93.622343, 18.903728], [93.619356, 18.900763], [93.616526, 18.897663], [93.613859, 18.894433], [93.611362, 18.891083], [93.609041, 18.887621], [93.606901, 18.884054], [93.604948, 18.880391], [93.603186, 18.876642], [93.601619, 18.872815], [93.600252, 18.868919], [93.599087, 18.864964], [93.598127, 18.860959], [93.597376, 18.856914], [93.596833, 18.852839], [93.596501, 18.848744], [93.596381, 18.844638], [93.596472, 18.840532], [93.596775, 18.836434], [93.597289, 18.832356], [93.598012, 18.828306], [93.598943, 18.824296], [93.600079, 18.820333], [93.601418, 18.816429], [93.602957, 18.812591], [93.604692, 18.808831], [93.606618, 18.805155], [93.608731, 18.801575], [93.611026, 18.798097], [93.613497, 18.79473], [93.616139, 18.791484], [93.618944, 18.788364], [93.621907, 18.785379], [93.62502, 18.782537], [93.628275, 18.779843], [93.631666, 18.777304], [93.635183, 18.774927], [93.638818, 18.772717], [93.642562, 18.77068], [93.646407, 18.76882], [93.650342, 18.767141], [93.65436, 18.765649], [93.658449, 18.764346], [93.662601, 18.763236], [93.666804, 18.762321], [93.67105, 18.761604], [93.675328, 18.761086], [93.679627, 18.760768], [93.683937, 18.760651], [93.688248, 18.760736], [93.692549, 18.761023], [93.696831, 18.76151], [93.701082, 18.762196], [93.705293, 18.76308], [93.709453, 18.76416], [93.713553, 18.765433], [93.717582, 18.766895], [93.721532, 18.768545], [93.725391, 18.770377], [93.729152, 18.772387], [93.732804, 18.77457], [93.73634, 18.776921], [93.739751, 18.779435], [93.743028, 18.782105], [93.746163, 18.784924], [93.74915, 18.787887], [93.751981, 18.790986], [93.754649, 18.794213], [93.757147, 18.797561], [93.75947, 18.801022], [93.761612, 18.804587], [93.763567, 18.808248], [93.765332, 18.811996], [93.766902, 18.815822], [93.768272, 18.819716], [93.769441, 18.82367], [93.770404, 18.827674], [93.77116, 18.831718], [93.771707, 18.835792], [93.772043, 18.839887], [93.772167, 18.843993]]]]}}]}