{"type": "FeatureCollection", "name": "ils_wp", "crs": {"type": "name", "properties": {"name": "urn:ogc:def:crs:OGC:1.3:CRS84"}}, "features": [{"type": "Feature", "properties": {"fid": 653, "area_code": "PAC", "airport_identifier": "VYKP", "procedure_identifier": "N36", "route_type": "N", "transition_identifier": null, "seqno": 20, "waypoint_icao_code": "VY", "waypoint_identifier": "FN36", "waypoint_latitude": 19.32939722, "waypoint_longitude": 93.52928611, "waypoint_description_code": "E  F", "turn_direction": null, "rnp": null, "path_termination": "IF", "recommanded_navaid": null, "recommanded_navaid_latitude": null, "recommanded_navaid_longitude": null, "arc_radius": null, "theta": null, "rho": null, "magnetic_course": null, "route_distance_holding_distance_time": null, "distance_time": null, "altitude_description": "+", "altitude1": 1660.0, "altitude2": null, "transition_altitude": null, "speed_limit_description": null, "speed_limit": null, "vertical_angle": null, "center_waypoint": null, "center_waypoint_latitude": null, "center_waypoint_longitude": null, "aircraft_category": null}, "geometry": {"type": "MultiPoint", "coordinates": [[93.52928611, 19.32939722]]}}, {"type": "Feature", "properties": {"fid": 654, "area_code": "PAC", "airport_identifier": "VYKP", "procedure_identifier": "N36", "route_type": "N", "transition_identifier": null, "seqno": 30, "waypoint_icao_code": "VY", "waypoint_identifier": "RW36", "waypoint_latitude": 19.41230556, "waypoint_longitude": 93.53469444, "waypoint_description_code": "G  M", "turn_direction": null, "rnp": null, "path_termination": "CF", "recommanded_navaid": null, "recommanded_navaid_latitude": null, "recommanded_navaid_longitude": null, "arc_radius": null, "theta": null, "rho": null, "magnetic_course": 5.0, "route_distance_holding_distance_time": 5.1, "distance_time": "D", "altitude_description": "@", "altitude1": 59.0, "altitude2": null, "transition_altitude": null, "speed_limit_description": null, "speed_limit": null, "vertical_angle": -3.0, "center_waypoint": null, "center_waypoint_latitude": null, "center_waypoint_longitude": null, "aircraft_category": null}, "geometry": {"type": "MultiPoint", "coordinates": [[93.53469444, 19.41230556]]}}, {"type": "Feature", "properties": {"fid": 656, "area_code": "PAC", "airport_identifier": "VYKP", "procedure_identifier": "N36", "route_type": "N", "transition_identifier": null, "seqno": 40, "waypoint_icao_code": "VY", "waypoint_identifier": "KP", "waypoint_latitude": 19.42919444, "waypoint_longitude": 93.53663889, "waypoint_description_code": "E", "turn_direction": null, "rnp": null, "path_termination": "TF", "recommanded_navaid": null, "recommanded_navaid_latitude": null, "recommanded_navaid_longitude": null, "arc_radius": null, "theta": null, "rho": null, "magnetic_course": null, "route_distance_holding_distance_time": null, "distance_time": null, "altitude_description": "+", "altitude1": 520.0, "altitude2": null, "transition_altitude": null, "speed_limit_description": null, "speed_limit": null, "vertical_angle": null, "center_waypoint": null, "center_waypoint_latitude": null, "center_waypoint_longitude": null, "aircraft_category": null}, "geometry": {"type": "MultiPoint", "coordinates": [[93.53663889, 19.42919444]]}}, {"type": "Feature", "properties": {"fid": 657, "area_code": "PAC", "airport_identifier": "VYKP", "procedure_identifier": "N36", "route_type": "N", "transition_identifier": null, "seqno": 50, "waypoint_icao_code": null, "waypoint_identifier": null, "waypoint_latitude": null, "waypoint_longitude": null, "waypoint_description_code": null, "turn_direction": null, "rnp": null, "path_termination": "VA", "recommanded_navaid": null, "recommanded_navaid_latitude": null, "recommanded_navaid_longitude": null, "arc_radius": null, "theta": null, "rho": null, "magnetic_course": 360.0, "route_distance_holding_distance_time": null, "distance_time": null, "altitude_description": "+", "altitude1": 2000.0, "altitude2": null, "transition_altitude": null, "speed_limit_description": null, "speed_limit": null, "vertical_angle": null, "center_waypoint": null, "center_waypoint_latitude": null, "center_waypoint_longitude": null, "aircraft_category": null}, "geometry": {"type": "MultiPoint", "coordinates": []}}, {"type": "Feature", "properties": {"fid": 658, "area_code": "PAC", "airport_identifier": "VYKP", "procedure_identifier": "N36", "route_type": "N", "transition_identifier": null, "seqno": 60, "waypoint_icao_code": "VY", "waypoint_identifier": "KP", "waypoint_latitude": 19.42919444, "waypoint_longitude": 93.53663889, "waypoint_description_code": "E", "turn_direction": "R", "rnp": null, "path_termination": "DF", "recommanded_navaid": null, "recommanded_navaid_latitude": null, "recommanded_navaid_longitude": null, "arc_radius": null, "theta": null, "rho": null, "magnetic_course": null, "route_distance_holding_distance_time": null, "distance_time": null, "altitude_description": "@", "altitude1": 3000.0, "altitude2": null, "transition_altitude": null, "speed_limit_description": null, "speed_limit": null, "vertical_angle": null, "center_waypoint": null, "center_waypoint_latitude": null, "center_waypoint_longitude": null, "aircraft_category": null}, "geometry": {"type": "MultiPoint", "coordinates": [[93.53663889, 19.42919444]]}}, {"type": "Feature", "properties": {"fid": 659, "area_code": "PAC", "airport_identifier": "VYKP", "procedure_identifier": "N36", "route_type": "N", "transition_identifier": null, "seqno": 70, "waypoint_icao_code": "VY", "waypoint_identifier": "KP", "waypoint_latitude": 19.42919444, "waypoint_longitude": 93.53663889, "waypoint_description_code": "E  H", "turn_direction": "R", "rnp": null, "path_termination": "HM", "recommanded_navaid": null, "recommanded_navaid_latitude": null, "recommanded_navaid_longitude": null, "arc_radius": null, "theta": null, "rho": null, "magnetic_course": 210.0, "route_distance_holding_distance_time": 1.0, "distance_time": "T", "altitude_description": null, "altitude1": null, "altitude2": null, "transition_altitude": null, "speed_limit_description": null, "speed_limit": null, "vertical_angle": null, "center_waypoint": null, "center_waypoint_latitude": null, "center_waypoint_longitude": null, "aircraft_category": null}, "geometry": {"type": "MultiPoint", "coordinates": [[93.53663889, 19.42919444]]}}, {"type": "Feature", "properties": {"fid": 661, "area_code": "PAC", "airport_identifier": "VYYY", "procedure_identifier": "Q03", "route_type": "A", "transition_identifier": "BGO", "seqno": 10, "waypoint_icao_code": "VY", "waypoint_identifier": "BGO", "waypoint_latitude": 17.31849444, "waypoint_longitude": 96.519875, "waypoint_description_code": "E  A", "turn_direction": null, "rnp": null, "path_termination": "IF", "recommanded_navaid": null, "recommanded_navaid_latitude": null, "recommanded_navaid_longitude": null, "arc_radius": null, "theta": null, "rho": null, "magnetic_course": null, "route_distance_holding_distance_time": null, "distance_time": null, "altitude_description": null, "altitude1": null, "altitude2": null, "transition_altitude": null, "speed_limit_description": null, "speed_limit": null, "vertical_angle": null, "center_waypoint": null, "center_waypoint_latitude": null, "center_waypoint_longitude": null, "aircraft_category": null}, "geometry": {"type": "MultiPoint", "coordinates": [[96.519875, 17.31849444]]}}, {"type": "Feature", "properties": {"fid": 662, "area_code": "PAC", "airport_identifier": "VYYY", "procedure_identifier": "Q03", "route_type": "A", "transition_identifier": "BGO", "seqno": 20, "waypoint_icao_code": "VY", "waypoint_identifier": "HGU", "waypoint_latitude": 17.08030556, "waypoint_longitude": 96.251, "waypoint_description_code": "E", "turn_direction": null, "rnp": null, "path_termination": "TF", "recommanded_navaid": null, "recommanded_navaid_latitude": null, "recommanded_navaid_longitude": null, "arc_radius": null, "theta": null, "rho": null, "magnetic_course": null, "route_distance_holding_distance_time": null, "distance_time": null, "altitude_description": "+", "altitude1": 3000.0, "altitude2": null, "transition_altitude": null, "speed_limit_description": null, "speed_limit": null, "vertical_angle": null, "center_waypoint": null, "center_waypoint_latitude": null, "center_waypoint_longitude": null, "aircraft_category": null}, "geometry": {"type": "MultiPoint", "coordinates": [[96.251, 17.08030556]]}}, {"type": "Feature", "properties": {"fid": 663, "area_code": "PAC", "airport_identifier": "VYYY", "procedure_identifier": "Q03", "route_type": "A", "transition_identifier": "BGO", "seqno": 30, "waypoint_icao_code": "VY", "waypoint_identifier": "MDS", "waypoint_latitude": 16.86826667, "waypoint_longitude": 96.10598333, "waypoint_description_code": "E", "turn_direction": null, "rnp": null, "path_termination": "TF", "recommanded_navaid": null, "recommanded_navaid_latitude": null, "recommanded_navaid_longitude": null, "arc_radius": null, "theta": null, "rho": null, "magnetic_course": null, "route_distance_holding_distance_time": null, "distance_time": null, "altitude_description": "+", "altitude1": 3000.0, "altitude2": null, "transition_altitude": null, "speed_limit_description": null, "speed_limit": null, "vertical_angle": null, "center_waypoint": null, "center_waypoint_latitude": null, "center_waypoint_longitude": null, "aircraft_category": null}, "geometry": {"type": "MultiPoint", "coordinates": [[96.10598333, 16.86826667]]}}, {"type": "Feature", "properties": {"fid": 664, "area_code": "PAC", "airport_identifier": "VYYY", "procedure_identifier": "Q03", "route_type": "A", "transition_identifier": "BGO", "seqno": 40, "waypoint_icao_code": "VY", "waypoint_identifier": "FF03", "waypoint_latitude": 16.82852222, "waypoint_longitude": 96.07918611, "waypoint_description_code": "E", "turn_direction": null, "rnp": null, "path_termination": "TF", "recommanded_navaid": null, "recommanded_navaid_latitude": null, "recommanded_navaid_longitude": null, "arc_radius": null, "theta": null, "rho": null, "magnetic_course": null, "route_distance_holding_distance_time": null, "distance_time": null, "altitude_description": "+", "altitude1": 1760.0, "altitude2": null, "transition_altitude": null, "speed_limit_description": null, "speed_limit": null, "vertical_angle": null, "center_waypoint": null, "center_waypoint_latitude": null, "center_waypoint_longitude": null, "aircraft_category": null}, "geometry": {"type": "MultiPoint", "coordinates": [[96.07918611, 16.82852222]]}}, {"type": "Feature", "properties": {"fid": 665, "area_code": "PAC", "airport_identifier": "VYYY", "procedure_identifier": "Q03", "route_type": "A", "transition_identifier": "BGO", "seqno": 50, "waypoint_icao_code": null, "waypoint_identifier": null, "waypoint_latitude": null, "waypoint_longitude": null, "waypoint_description_code": null, "turn_direction": null, "rnp": null, "path_termination": "FC", "recommanded_navaid": null, "recommanded_navaid_latitude": null, "recommanded_navaid_longitude": null, "arc_radius": null, "theta": null, "rho": null, "magnetic_course": 259.0, "route_distance_holding_distance_time": 4.4, "distance_time": "D", "altitude_description": "+", "altitude1": 1760.0, "altitude2": null, "transition_altitude": null, "speed_limit_description": null, "speed_limit": null, "vertical_angle": null, "center_waypoint": null, "center_waypoint_latitude": null, "center_waypoint_longitude": null, "aircraft_category": null}, "geometry": {"type": "MultiPoint", "coordinates": []}}, {"type": "Feature", "properties": {"fid": 666, "area_code": "PAC", "airport_identifier": "VYYY", "procedure_identifier": "Q03", "route_type": "A", "transition_identifier": "BGO", "seqno": 60, "waypoint_icao_code": "VY", "waypoint_identifier": "FF03", "waypoint_latitude": 16.82852222, "waypoint_longitude": 96.07918611, "waypoint_description_code": "E", "turn_direction": "L", "rnp": null, "path_termination": "CF", "recommanded_navaid": null, "recommanded_navaid_latitude": null, "recommanded_navaid_longitude": null, "arc_radius": null, "theta": null, "rho": null, "magnetic_course": 34.0, "route_distance_holding_distance_time": 4.4, "distance_time": "D", "altitude_description": "+", "altitude1": 1760.0, "altitude2": null, "transition_altitude": null, "speed_limit_description": null, "speed_limit": null, "vertical_angle": null, "center_waypoint": null, "center_waypoint_latitude": null, "center_waypoint_longitude": null, "aircraft_category": null}, "geometry": {"type": "MultiPoint", "coordinates": [[96.07918611, 16.82852222]]}}, {"type": "Feature", "properties": {"fid": 668, "area_code": "PAC", "airport_identifier": "VYYY", "procedure_identifier": "Q03", "route_type": "Q", "transition_identifier": null, "seqno": 20, "waypoint_icao_code": "VY", "waypoint_identifier": "FF03", "waypoint_latitude": 16.82852222, "waypoint_longitude": 96.07918611, "waypoint_description_code": "E  F", "turn_direction": null, "rnp": null, "path_termination": "IF", "recommanded_navaid": null, "recommanded_navaid_latitude": null, "recommanded_navaid_longitude": null, "arc_radius": null, "theta": null, "rho": null, "magnetic_course": null, "route_distance_holding_distance_time": null, "distance_time": null, "altitude_description": "+", "altitude1": 1760.0, "altitude2": null, "transition_altitude": null, "speed_limit_description": null, "speed_limit": null, "vertical_angle": null, "center_waypoint": null, "center_waypoint_latitude": null, "center_waypoint_longitude": null, "aircraft_category": null}, "geometry": {"type": "MultiPoint", "coordinates": [[96.07918611, 16.82852222]]}}, {"type": "Feature", "properties": {"fid": 669, "area_code": "PAC", "airport_identifier": "VYYY", "procedure_identifier": "Q03", "route_type": "Q", "transition_identifier": null, "seqno": 30, "waypoint_icao_code": "VY", "waypoint_identifier": "MA03", "waypoint_latitude": 16.88328333, "waypoint_longitude": 96.11611111, "waypoint_description_code": "E  M", "turn_direction": null, "rnp": null, "path_termination": "CF", "recommanded_navaid": null, "recommanded_navaid_latitude": null, "recommanded_navaid_longitude": null, "arc_radius": null, "theta": null, "rho": null, "magnetic_course": 34.0, "route_distance_holding_distance_time": 3.9, "distance_time": "D", "altitude_description": "@", "altitude1": 507.0, "altitude2": null, "transition_altitude": null, "speed_limit_description": null, "speed_limit": null, "vertical_angle": -3.0, "center_waypoint": null, "center_waypoint_latitude": null, "center_waypoint_longitude": null, "aircraft_category": null}, "geometry": {"type": "MultiPoint", "coordinates": [[96.11611111, 16.88328333]]}}, {"type": "Feature", "properties": {"fid": 671, "area_code": "PAC", "airport_identifier": "VYYY", "procedure_identifier": "Q03", "route_type": "Q", "transition_identifier": null, "seqno": 40, "waypoint_icao_code": "VY", "waypoint_identifier": "HGU", "waypoint_latitude": 17.08030556, "waypoint_longitude": 96.251, "waypoint_description_code": "E", "turn_direction": null, "rnp": null, "path_termination": "CF", "recommanded_navaid": null, "recommanded_navaid_latitude": null, "recommanded_navaid_longitude": null, "arc_radius": null, "theta": null, "rho": null, "magnetic_course": 34.0, "route_distance_holding_distance_time": 14.1, "distance_time": "D", "altitude_description": "@", "altitude1": 3000.0, "altitude2": null, "transition_altitude": null, "speed_limit_description": null, "speed_limit": null, "vertical_angle": null, "center_waypoint": null, "center_waypoint_latitude": null, "center_waypoint_longitude": null, "aircraft_category": null}, "geometry": {"type": "MultiPoint", "coordinates": [[96.251, 17.08030556]]}}, {"type": "Feature", "properties": {"fid": 672, "area_code": "PAC", "airport_identifier": "VYYY", "procedure_identifier": "Q03", "route_type": "Q", "transition_identifier": null, "seqno": 50, "waypoint_icao_code": "VY", "waypoint_identifier": "HGU", "waypoint_latitude": 17.08030556, "waypoint_longitude": 96.251, "waypoint_description_code": "E  H", "turn_direction": "R", "rnp": null, "path_termination": "HM", "recommanded_navaid": null, "recommanded_navaid_latitude": null, "recommanded_navaid_longitude": null, "arc_radius": null, "theta": null, "rho": null, "magnetic_course": 214.0, "route_distance_holding_distance_time": 1.0, "distance_time": "T", "altitude_description": "+", "altitude1": 3000.0, "altitude2": null, "transition_altitude": null, "speed_limit_description": null, "speed_limit": null, "vertical_angle": null, "center_waypoint": null, "center_waypoint_latitude": null, "center_waypoint_longitude": null, "aircraft_category": null}, "geometry": {"type": "MultiPoint", "coordinates": [[96.251, 17.08030556]]}}, {"type": "Feature", "properties": {"fid": 674, "area_code": "PAC", "airport_identifier": "VYME", "procedure_identifier": "N18", "route_type": "A", "transition_identifier": "ME1", "seqno": 10, "waypoint_icao_code": "VY", "waypoint_identifier": "ME", "waypoint_latitude": 12.45006667, "waypoint_longitude": 98.61968611, "waypoint_description_code": "E  A", "turn_direction": null, "rnp": null, "path_termination": "IF", "recommanded_navaid": null, "recommanded_navaid_latitude": null, "recommanded_navaid_longitude": null, "arc_radius": null, "theta": null, "rho": null, "magnetic_course": null, "route_distance_holding_distance_time": null, "distance_time": null, "altitude_description": "+", "altitude1": 3000.0, "altitude2": null, "transition_altitude": null, "speed_limit_description": null, "speed_limit": null, "vertical_angle": null, "center_waypoint": null, "center_waypoint_latitude": null, "center_waypoint_longitude": null, "aircraft_category": null}, "geometry": {"type": "MultiPoint", "coordinates": [[98.61968611, 12.45006667]]}}, {"type": "Feature", "properties": {"fid": 675, "area_code": "PAC", "airport_identifier": "VYME", "procedure_identifier": "N18", "route_type": "A", "transition_identifier": "ME1", "seqno": 20, "waypoint_icao_code": null, "waypoint_identifier": null, "waypoint_latitude": null, "waypoint_longitude": null, "waypoint_description_code": null, "turn_direction": null, "rnp": null, "path_termination": "FC", "recommanded_navaid": null, "recommanded_navaid_latitude": null, "recommanded_navaid_longitude": null, "arc_radius": null, "theta": null, "rho": null, "magnetic_course": 46.0, "route_distance_holding_distance_time": 5.3, "distance_time": "D", "altitude_description": "+", "altitude1": 1700.0, "altitude2": null, "transition_altitude": null, "speed_limit_description": null, "speed_limit": null, "vertical_angle": null, "center_waypoint": null, "center_waypoint_latitude": null, "center_waypoint_longitude": null, "aircraft_category": null}, "geometry": {"type": "MultiPoint", "coordinates": []}}, {"type": "Feature", "properties": {"fid": 676, "area_code": "PAC", "airport_identifier": "VYME", "procedure_identifier": "N18", "route_type": "A", "transition_identifier": "ME1", "seqno": 30, "waypoint_icao_code": "VY", "waypoint_identifier": "FF18", "waypoint_latitude": 12.53523333, "waypoint_longitude": 98.63186944, "waypoint_description_code": "E", "turn_direction": "L", "rnp": null, "path_termination": "CF", "recommanded_navaid": null, "recommanded_navaid_latitude": null, "recommanded_navaid_longitude": null, "arc_radius": null, "theta": null, "rho": null, "magnetic_course": 189.0, "route_distance_holding_distance_time": 1.0, "distance_time": "D", "altitude_description": "+", "altitude1": 1700.0, "altitude2": null, "transition_altitude": null, "speed_limit_description": null, "speed_limit": null, "vertical_angle": null, "center_waypoint": null, "center_waypoint_latitude": null, "center_waypoint_longitude": null, "aircraft_category": null}, "geometry": {"type": "MultiPoint", "coordinates": [[98.63186944, 12.53523333]]}}, {"type": "Feature", "properties": {"fid": 678, "area_code": "PAC", "airport_identifier": "VYME", "procedure_identifier": "N18", "route_type": "A", "transition_identifier": "ME2", "seqno": 10, "waypoint_icao_code": "VY", "waypoint_identifier": "ME", "waypoint_latitude": 12.45006667, "waypoint_longitude": 98.61968611, "waypoint_description_code": "E  A", "turn_direction": null, "rnp": null, "path_termination": "IF", "recommanded_navaid": null, "recommanded_navaid_latitude": null, "recommanded_navaid_longitude": null, "arc_radius": null, "theta": null, "rho": null, "magnetic_course": null, "route_distance_holding_distance_time": null, "distance_time": null, "altitude_description": "+", "altitude1": 3000.0, "altitude2": null, "transition_altitude": null, "speed_limit_description": null, "speed_limit": null, "vertical_angle": null, "center_waypoint": null, "center_waypoint_latitude": null, "center_waypoint_longitude": null, "aircraft_category": null}, "geometry": {"type": "MultiPoint", "coordinates": [[98.61968611, 12.45006667]]}}, {"type": "Feature", "properties": {"fid": 679, "area_code": "PAC", "airport_identifier": "VYME", "procedure_identifier": "N18", "route_type": "A", "transition_identifier": "ME2", "seqno": 20, "waypoint_icao_code": null, "waypoint_identifier": null, "waypoint_latitude": null, "waypoint_longitude": null, "waypoint_description_code": null, "turn_direction": null, "rnp": null, "path_termination": "FC", "recommanded_navaid": null, "recommanded_navaid_latitude": null, "recommanded_navaid_longitude": null, "arc_radius": null, "theta": null, "rho": null, "magnetic_course": 24.0, "route_distance_holding_distance_time": 5.3, "distance_time": "D", "altitude_description": "+", "altitude1": 1700.0, "altitude2": null, "transition_altitude": null, "speed_limit_description": null, "speed_limit": null, "vertical_angle": null, "center_waypoint": null, "center_waypoint_latitude": null, "center_waypoint_longitude": null, "aircraft_category": null}, "geometry": {"type": "MultiPoint", "coordinates": []}}, {"type": "Feature", "properties": {"fid": 680, "area_code": "PAC", "airport_identifier": "VYME", "procedure_identifier": "N18", "route_type": "A", "transition_identifier": "ME2", "seqno": 30, "waypoint_icao_code": "VY", "waypoint_identifier": "FF18", "waypoint_latitude": 12.53523333, "waypoint_longitude": 98.63186944, "waypoint_description_code": "E", "turn_direction": "L", "rnp": null, "path_termination": "CF", "recommanded_navaid": null, "recommanded_navaid_latitude": null, "recommanded_navaid_longitude": null, "arc_radius": null, "theta": null, "rho": null, "magnetic_course": 189.0, "route_distance_holding_distance_time": 1.0, "distance_time": "D", "altitude_description": "+", "altitude1": 1700.0, "altitude2": null, "transition_altitude": null, "speed_limit_description": null, "speed_limit": null, "vertical_angle": null, "center_waypoint": null, "center_waypoint_latitude": null, "center_waypoint_longitude": null, "aircraft_category": null}, "geometry": {"type": "MultiPoint", "coordinates": [[98.63186944, 12.53523333]]}}, {"type": "Feature", "properties": {"fid": 682, "area_code": "PAC", "airport_identifier": "VYME", "procedure_identifier": "N18", "route_type": "N", "transition_identifier": null, "seqno": 20, "waypoint_icao_code": "VY", "waypoint_identifier": "FF18", "waypoint_latitude": 12.53523333, "waypoint_longitude": 98.63186944, "waypoint_description_code": "E  F", "turn_direction": null, "rnp": null, "path_termination": "IF", "recommanded_navaid": null, "recommanded_navaid_latitude": null, "recommanded_navaid_longitude": null, "arc_radius": null, "theta": null, "rho": null, "magnetic_course": null, "route_distance_holding_distance_time": null, "distance_time": null, "altitude_description": "+", "altitude1": 1700.0, "altitude2": null, "transition_altitude": null, "speed_limit_description": null, "speed_limit": null, "vertical_angle": null, "center_waypoint": null, "center_waypoint_latitude": null, "center_waypoint_longitude": null, "aircraft_category": null}, "geometry": {"type": "MultiPoint", "coordinates": [[98.63186944, 12.53523333]]}}, {"type": "Feature", "properties": {"fid": 683, "area_code": "PAC", "airport_identifier": "VYME", "procedure_identifier": "N18", "route_type": "N", "transition_identifier": null, "seqno": 30, "waypoint_icao_code": "VY", "waypoint_identifier": "RW18", "waypoint_latitude": 12.45235, "waypoint_longitude": 98.62169444, "waypoint_description_code": "G  M", "turn_direction": null, "rnp": null, "path_termination": "CF", "recommanded_navaid": null, "recommanded_navaid_latitude": null, "recommanded_navaid_longitude": null, "arc_radius": null, "theta": null, "rho": null, "magnetic_course": 189.0, "route_distance_holding_distance_time": 5.0, "distance_time": "D", "altitude_description": "@", "altitude1": 112.0, "altitude2": null, "transition_altitude": null, "speed_limit_description": null, "speed_limit": null, "vertical_angle": -3.0, "center_waypoint": null, "center_waypoint_latitude": null, "center_waypoint_longitude": null, "aircraft_category": null}, "geometry": {"type": "MultiPoint", "coordinates": [[98.62169444, 12.45235]]}}, {"type": "Feature", "properties": {"fid": 685, "area_code": "PAC", "airport_identifier": "VYME", "procedure_identifier": "N18", "route_type": "N", "transition_identifier": null, "seqno": 40, "waypoint_icao_code": "VY", "waypoint_identifier": "ME", "waypoint_latitude": 12.45006667, "waypoint_longitude": 98.61968611, "waypoint_description_code": "EY", "turn_direction": null, "rnp": null, "path_termination": "CF", "recommanded_navaid": null, "recommanded_navaid_latitude": null, "recommanded_navaid_longitude": null, "arc_radius": null, "theta": null, "rho": null, "magnetic_course": 189.0, "route_distance_holding_distance_time": 0.2, "distance_time": "D", "altitude_description": null, "altitude1": null, "altitude2": null, "transition_altitude": null, "speed_limit_description": null, "speed_limit": null, "vertical_angle": null, "center_waypoint": null, "center_waypoint_latitude": null, "center_waypoint_longitude": null, "aircraft_category": null}, "geometry": {"type": "MultiPoint", "coordinates": [[98.61968611, 12.45006667]]}}, {"type": "Feature", "properties": {"fid": 686, "area_code": "PAC", "airport_identifier": "VYME", "procedure_identifier": "N18", "route_type": "N", "transition_identifier": null, "seqno": 50, "waypoint_icao_code": null, "waypoint_identifier": null, "waypoint_latitude": null, "waypoint_longitude": null, "waypoint_description_code": null, "turn_direction": null, "rnp": null, "path_termination": "VA", "recommanded_navaid": null, "recommanded_navaid_latitude": null, "recommanded_navaid_longitude": null, "arc_radius": null, "theta": null, "rho": null, "magnetic_course": 189.0, "route_distance_holding_distance_time": null, "distance_time": null, "altitude_description": "+", "altitude1": 2000.0, "altitude2": null, "transition_altitude": null, "speed_limit_description": null, "speed_limit": null, "vertical_angle": null, "center_waypoint": null, "center_waypoint_latitude": null, "center_waypoint_longitude": null, "aircraft_category": null}, "geometry": {"type": "MultiPoint", "coordinates": []}}, {"type": "Feature", "properties": {"fid": 687, "area_code": "PAC", "airport_identifier": "VYME", "procedure_identifier": "N18", "route_type": "N", "transition_identifier": null, "seqno": 60, "waypoint_icao_code": "VY", "waypoint_identifier": "ME", "waypoint_latitude": 12.45006667, "waypoint_longitude": 98.61968611, "waypoint_description_code": "E", "turn_direction": "R", "rnp": null, "path_termination": "DF", "recommanded_navaid": null, "recommanded_navaid_latitude": null, "recommanded_navaid_longitude": null, "arc_radius": null, "theta": null, "rho": null, "magnetic_course": null, "route_distance_holding_distance_time": null, "distance_time": null, "altitude_description": "@", "altitude1": 3000.0, "altitude2": null, "transition_altitude": null, "speed_limit_description": null, "speed_limit": null, "vertical_angle": null, "center_waypoint": null, "center_waypoint_latitude": null, "center_waypoint_longitude": null, "aircraft_category": null}, "geometry": {"type": "MultiPoint", "coordinates": [[98.61968611, 12.45006667]]}}, {"type": "Feature", "properties": {"fid": 688, "area_code": "PAC", "airport_identifier": "VYME", "procedure_identifier": "N18", "route_type": "N", "transition_identifier": null, "seqno": 70, "waypoint_icao_code": "VY", "waypoint_identifier": "ME", "waypoint_latitude": 12.45006667, "waypoint_longitude": 98.61968611, "waypoint_description_code": "E  H", "turn_direction": "R", "rnp": null, "path_termination": "HM", "recommanded_navaid": null, "recommanded_navaid_latitude": null, "recommanded_navaid_longitude": null, "arc_radius": null, "theta": null, "rho": null, "magnetic_course": 46.0, "route_distance_holding_distance_time": 1.0, "distance_time": "T", "altitude_description": "+", "altitude1": 3000.0, "altitude2": null, "transition_altitude": null, "speed_limit_description": null, "speed_limit": null, "vertical_angle": null, "center_waypoint": null, "center_waypoint_latitude": null, "center_waypoint_longitude": null, "aircraft_category": null}, "geometry": {"type": "MultiPoint", "coordinates": [[98.61968611, 12.45006667]]}}, {"type": "Feature", "properties": {"fid": 690, "area_code": "PAC", "airport_identifier": "VYNT", "procedure_identifier": "R16", "route_type": "A", "transition_identifier": "MINGO", "seqno": 10, "waypoint_icao_code": "VY", "waypoint_identifier": "MINGO", "waypoint_latitude": 19.83827778, "waypoint_longitude": 96.01002778, "waypoint_description_code": "E  A", "turn_direction": null, "rnp": 1.0, "path_termination": "IF", "recommanded_navaid": null, "recommanded_navaid_latitude": null, "recommanded_navaid_longitude": null, "arc_radius": null, "theta": null, "rho": null, "magnetic_course": null, "route_distance_holding_distance_time": null, "distance_time": null, "altitude_description": "+", "altitude1": 4000.0, "altitude2": null, "transition_altitude": null, "speed_limit_description": "-", "speed_limit": 230.0, "vertical_angle": null, "center_waypoint": null, "center_waypoint_latitude": null, "center_waypoint_longitude": null, "aircraft_category": null}, "geometry": {"type": "MultiPoint", "coordinates": [[96.01002778, 19.83827778]]}}, {"type": "Feature", "properties": {"fid": 691, "area_code": "PAC", "airport_identifier": "VYNT", "procedure_identifier": "R16", "route_type": "A", "transition_identifier": "MINGO", "seqno": 20, "waypoint_icao_code": "VY", "waypoint_identifier": "NT901", "waypoint_latitude": 19.87061111, "waypoint_longitude": 96.09155556, "waypoint_description_code": "E", "turn_direction": null, "rnp": 1.0, "path_termination": "TF", "recommanded_navaid": null, "recommanded_navaid_latitude": null, "recommanded_navaid_longitude": null, "arc_radius": null, "theta": null, "rho": null, "magnetic_course": null, "route_distance_holding_distance_time": null, "distance_time": null, "altitude_description": "+", "altitude1": 4000.0, "altitude2": null, "transition_altitude": null, "speed_limit_description": "-", "speed_limit": 230.0, "vertical_angle": null, "center_waypoint": null, "center_waypoint_latitude": null, "center_waypoint_longitude": null, "aircraft_category": null}, "geometry": {"type": "MultiPoint", "coordinates": [[96.09155556, 19.87061111]]}}, {"type": "Feature", "properties": {"fid": 693, "area_code": "PAC", "airport_identifier": "VYNT", "procedure_identifier": "R16", "route_type": "A", "transition_identifier": "THIRI", "seqno": 10, "waypoint_icao_code": "VY", "waypoint_identifier": "THIRI", "waypoint_latitude": 19.94775, "waypoint_longitude": 96.05736111, "waypoint_description_code": "E  A", "turn_direction": null, "rnp": 1.0, "path_termination": "IF", "recommanded_navaid": null, "recommanded_navaid_latitude": null, "recommanded_navaid_longitude": null, "arc_radius": null, "theta": null, "rho": null, "magnetic_course": null, "route_distance_holding_distance_time": null, "distance_time": null, "altitude_description": "+", "altitude1": 4000.0, "altitude2": null, "transition_altitude": null, "speed_limit_description": "-", "speed_limit": 230.0, "vertical_angle": null, "center_waypoint": null, "center_waypoint_latitude": null, "center_waypoint_longitude": null, "aircraft_category": null}, "geometry": {"type": "MultiPoint", "coordinates": [[96.05736111, 19.94775]]}}, {"type": "Feature", "properties": {"fid": 694, "area_code": "PAC", "airport_identifier": "VYNT", "procedure_identifier": "R16", "route_type": "A", "transition_identifier": "THIRI", "seqno": 20, "waypoint_icao_code": "VY", "waypoint_identifier": "NT901", "waypoint_latitude": 19.87061111, "waypoint_longitude": 96.09155556, "waypoint_description_code": "E", "turn_direction": null, "rnp": 1.0, "path_termination": "TF", "recommanded_navaid": null, "recommanded_navaid_latitude": null, "recommanded_navaid_longitude": null, "arc_radius": null, "theta": null, "rho": null, "magnetic_course": null, "route_distance_holding_distance_time": null, "distance_time": null, "altitude_description": "+", "altitude1": 4000.0, "altitude2": null, "transition_altitude": null, "speed_limit_description": "-", "speed_limit": 230.0, "vertical_angle": null, "center_waypoint": null, "center_waypoint_latitude": null, "center_waypoint_longitude": null, "aircraft_category": null}, "geometry": {"type": "MultiPoint", "coordinates": [[96.09155556, 19.87061111]]}}, {"type": "Feature", "properties": {"fid": 696, "area_code": "PAC", "airport_identifier": "VYNT", "procedure_identifier": "R16", "route_type": "R", "transition_identifier": null, "seqno": 10, "waypoint_icao_code": "VY", "waypoint_identifier": "NT901", "waypoint_latitude": 19.87061111, "waypoint_longitude": 96.09155556, "waypoint_description_code": "E  I", "turn_direction": null, "rnp": null, "path_termination": "IF", "recommanded_navaid": null, "recommanded_navaid_latitude": null, "recommanded_navaid_longitude": null, "arc_radius": null, "theta": null, "rho": null, "magnetic_course": null, "route_distance_holding_distance_time": null, "distance_time": null, "altitude_description": "+", "altitude1": 4000.0, "altitude2": null, "transition_altitude": null, "speed_limit_description": "-", "speed_limit": 230.0, "vertical_angle": null, "center_waypoint": null, "center_waypoint_latitude": null, "center_waypoint_longitude": null, "aircraft_category": null}, "geometry": {"type": "MultiPoint", "coordinates": [[96.09155556, 19.87061111]]}}, {"type": "Feature", "properties": {"fid": 697, "area_code": "PAC", "airport_identifier": "VYNT", "procedure_identifier": "R16", "route_type": "R", "transition_identifier": null, "seqno": 20, "waypoint_icao_code": "VY", "waypoint_identifier": "MUDRA", "waypoint_latitude": 19.72730556, "waypoint_longitude": 96.15508333, "waypoint_description_code": "E  F", "turn_direction": null, "rnp": null, "path_termination": "TF", "recommanded_navaid": null, "recommanded_navaid_latitude": null, "recommanded_navaid_longitude": null, "arc_radius": null, "theta": null, "rho": null, "magnetic_course": 158.0, "route_distance_holding_distance_time": 9.3, "distance_time": "D", "altitude_description": "@", "altitude1": 2200.0, "altitude2": null, "transition_altitude": null, "speed_limit_description": null, "speed_limit": null, "vertical_angle": null, "center_waypoint": null, "center_waypoint_latitude": null, "center_waypoint_longitude": null, "aircraft_category": null}, "geometry": {"type": "MultiPoint", "coordinates": [[96.15508333, 19.72730556]]}}, {"type": "Feature", "properties": {"fid": 698, "area_code": "PAC", "airport_identifier": "VYNT", "procedure_identifier": "R16", "route_type": "R", "transition_identifier": null, "seqno": 30, "waypoint_icao_code": "VY", "waypoint_identifier": "RW16", "waypoint_latitude": 19.63878611, "waypoint_longitude": 96.19425556, "waypoint_description_code": "GY M", "turn_direction": null, "rnp": null, "path_termination": "TF", "recommanded_navaid": null, "recommanded_navaid_latitude": null, "recommanded_navaid_longitude": null, "arc_radius": null, "theta": null, "rho": null, "magnetic_course": 158.0, "route_distance_holding_distance_time": 5.7, "distance_time": "D", "altitude_description": "@", "altitude1": 345.0, "altitude2": null, "transition_altitude": null, "speed_limit_description": null, "speed_limit": null, "vertical_angle": -3.0, "center_waypoint": null, "center_waypoint_latitude": null, "center_waypoint_longitude": null, "aircraft_category": null}, "geometry": {"type": "MultiPoint", "coordinates": [[96.19425556, 19.63878611]]}}, {"type": "Feature", "properties": {"fid": 700, "area_code": "PAC", "airport_identifier": "VYNT", "procedure_identifier": "R16", "route_type": "R", "transition_identifier": null, "seqno": 40, "waypoint_icao_code": "VY", "waypoint_identifier": "NT902", "waypoint_latitude": 19.56163889, "waypoint_longitude": 96.22838889, "waypoint_description_code": "EY", "turn_direction": null, "rnp": 1.0, "path_termination": "DF", "recommanded_navaid": null, "recommanded_navaid_latitude": null, "recommanded_navaid_longitude": null, "arc_radius": null, "theta": null, "rho": null, "magnetic_course": null, "route_distance_holding_distance_time": null, "distance_time": null, "altitude_description": null, "altitude1": null, "altitude2": null, "transition_altitude": null, "speed_limit_description": "-", "speed_limit": 230.0, "vertical_angle": null, "center_waypoint": null, "center_waypoint_latitude": null, "center_waypoint_longitude": null, "aircraft_category": null}, "geometry": {"type": "MultiPoint", "coordinates": [[96.22838889, 19.56163889]]}}, {"type": "Feature", "properties": {"fid": 701, "area_code": "PAC", "airport_identifier": "VYNT", "procedure_identifier": "R16", "route_type": "R", "transition_identifier": null, "seqno": 50, "waypoint_icao_code": "VY", "waypoint_identifier": "NT903", "waypoint_latitude": 19.60641667, "waypoint_longitude": 96.11286111, "waypoint_description_code": "E", "turn_direction": "R", "rnp": 1.0, "path_termination": "DF", "recommanded_navaid": null, "recommanded_navaid_latitude": null, "recommanded_navaid_longitude": null, "arc_radius": null, "theta": null, "rho": null, "magnetic_course": null, "route_distance_holding_distance_time": null, "distance_time": null, "altitude_description": "+", "altitude1": 2000.0, "altitude2": null, "transition_altitude": null, "speed_limit_description": "-", "speed_limit": 230.0, "vertical_angle": null, "center_waypoint": null, "center_waypoint_latitude": null, "center_waypoint_longitude": null, "aircraft_category": null}, "geometry": {"type": "MultiPoint", "coordinates": [[96.11286111, 19.60641667]]}}, {"type": "Feature", "properties": {"fid": 702, "area_code": "PAC", "airport_identifier": "VYNT", "procedure_identifier": "R16", "route_type": "R", "transition_identifier": null, "seqno": 60, "waypoint_icao_code": "VY", "waypoint_identifier": "MINGO", "waypoint_latitude": 19.83827778, "waypoint_longitude": 96.01002778, "waypoint_description_code": "E", "turn_direction": null, "rnp": 1.0, "path_termination": "TF", "recommanded_navaid": null, "recommanded_navaid_latitude": null, "recommanded_navaid_longitude": null, "arc_radius": null, "theta": null, "rho": null, "magnetic_course": null, "route_distance_holding_distance_time": null, "distance_time": null, "altitude_description": "+", "altitude1": 4000.0, "altitude2": null, "transition_altitude": null, "speed_limit_description": "-", "speed_limit": 230.0, "vertical_angle": null, "center_waypoint": null, "center_waypoint_latitude": null, "center_waypoint_longitude": null, "aircraft_category": null}, "geometry": {"type": "MultiPoint", "coordinates": [[96.01002778, 19.83827778]]}}, {"type": "Feature", "properties": {"fid": 703, "area_code": "PAC", "airport_identifier": "VYNT", "procedure_identifier": "R16", "route_type": "R", "transition_identifier": null, "seqno": 70, "waypoint_icao_code": "VY", "waypoint_identifier": "MINGO", "waypoint_latitude": 19.83827778, "waypoint_longitude": 96.01002778, "waypoint_description_code": "E  H", "turn_direction": "L", "rnp": 1.0, "path_termination": "HM", "recommanded_navaid": null, "recommanded_navaid_latitude": null, "recommanded_navaid_longitude": null, "arc_radius": null, "theta": null, "rho": null, "magnetic_course": 68.0, "route_distance_holding_distance_time": 1.0, "distance_time": "T", "altitude_description": "+", "altitude1": 4000.0, "altitude2": null, "transition_altitude": null, "speed_limit_description": "-", "speed_limit": 230.0, "vertical_angle": null, "center_waypoint": null, "center_waypoint_latitude": null, "center_waypoint_longitude": null, "aircraft_category": null}, "geometry": {"type": "MultiPoint", "coordinates": [[96.01002778, 19.83827778]]}}, {"type": "Feature", "properties": {"fid": 705, "area_code": "PAC", "airport_identifier": "VYMS", "procedure_identifier": "N12", "route_type": "A", "transition_identifier": "MS", "seqno": 10, "waypoint_icao_code": "VY", "waypoint_identifier": "MS", "waypoint_latitude": 20.51704722, "waypoint_longitude": 99.25711389, "waypoint_description_code": "E  A", "turn_direction": null, "rnp": null, "path_termination": "IF", "recommanded_navaid": null, "recommanded_navaid_latitude": null, "recommanded_navaid_longitude": null, "arc_radius": null, "theta": null, "rho": null, "magnetic_course": null, "route_distance_holding_distance_time": null, "distance_time": null, "altitude_description": "+", "altitude1": 6000.0, "altitude2": null, "transition_altitude": null, "speed_limit_description": null, "speed_limit": null, "vertical_angle": null, "center_waypoint": null, "center_waypoint_latitude": null, "center_waypoint_longitude": null, "aircraft_category": null}, "geometry": {"type": "MultiPoint", "coordinates": [[99.25711389, 20.51704722]]}}, {"type": "Feature", "properties": {"fid": 706, "area_code": "PAC", "airport_identifier": "VYMS", "procedure_identifier": "N12", "route_type": "A", "transition_identifier": "MS", "seqno": 20, "waypoint_icao_code": "VY", "waypoint_identifier": "MS", "waypoint_latitude": 20.51704722, "waypoint_longitude": 99.25711389, "waypoint_description_code": "E  H", "turn_direction": "R", "rnp": null, "path_termination": "HF", "recommanded_navaid": null, "recommanded_navaid_latitude": null, "recommanded_navaid_longitude": null, "arc_radius": null, "theta": null, "rho": null, "magnetic_course": 330.0, "route_distance_holding_distance_time": 1.0, "distance_time": "T", "altitude_description": "+", "altitude1": 5300.0, "altitude2": null, "transition_altitude": null, "speed_limit_description": null, "speed_limit": null, "vertical_angle": null, "center_waypoint": null, "center_waypoint_latitude": null, "center_waypoint_longitude": null, "aircraft_category": null}, "geometry": {"type": "MultiPoint", "coordinates": [[99.25711389, 20.51704722]]}}, {"type": "Feature", "properties": {"fid": 707, "area_code": "PAC", "airport_identifier": "VYMS", "procedure_identifier": "N12", "route_type": "A", "transition_identifier": "MS", "seqno": 30, "waypoint_icao_code": null, "waypoint_identifier": null, "waypoint_latitude": null, "waypoint_longitude": null, "waypoint_description_code": null, "turn_direction": null, "rnp": null, "path_termination": "FC", "recommanded_navaid": null, "recommanded_navaid_latitude": null, "recommanded_navaid_longitude": null, "arc_radius": null, "theta": null, "rho": null, "magnetic_course": 315.0, "route_distance_holding_distance_time": 6.0, "distance_time": "D", "altitude_description": "+", "altitude1": 4000.0, "altitude2": null, "transition_altitude": null, "speed_limit_description": null, "speed_limit": null, "vertical_angle": null, "center_waypoint": null, "center_waypoint_latitude": null, "center_waypoint_longitude": null, "aircraft_category": null}, "geometry": {"type": "MultiPoint", "coordinates": []}}, {"type": "Feature", "properties": {"fid": 708, "area_code": "PAC", "airport_identifier": "VYMS", "procedure_identifier": "N12", "route_type": "A", "transition_identifier": "MS", "seqno": 40, "waypoint_icao_code": "VY", "waypoint_identifier": "FF12", "waypoint_latitude": 20.56568056, "waypoint_longitude": 99.16390278, "waypoint_description_code": "E", "turn_direction": "L", "rnp": null, "path_termination": "CF", "recommanded_navaid": null, "recommanded_navaid_latitude": null, "recommanded_navaid_longitude": null, "arc_radius": null, "theta": null, "rho": null, "magnetic_course": 120.0, "route_distance_holding_distance_time": 1.0, "distance_time": "D", "altitude_description": "+", "altitude1": 4000.0, "altitude2": null, "transition_altitude": null, "speed_limit_description": null, "speed_limit": null, "vertical_angle": null, "center_waypoint": null, "center_waypoint_latitude": null, "center_waypoint_longitude": null, "aircraft_category": null}, "geometry": {"type": "MultiPoint", "coordinates": [[99.16390278, 20.56568056]]}}, {"type": "Feature", "properties": {"fid": 710, "area_code": "PAC", "airport_identifier": "VYMS", "procedure_identifier": "N12", "route_type": "N", "transition_identifier": null, "seqno": 20, "waypoint_icao_code": "VY", "waypoint_identifier": "FF12", "waypoint_latitude": 20.56568056, "waypoint_longitude": 99.16390278, "waypoint_description_code": "E  F", "turn_direction": null, "rnp": null, "path_termination": "IF", "recommanded_navaid": null, "recommanded_navaid_latitude": null, "recommanded_navaid_longitude": null, "arc_radius": null, "theta": null, "rho": null, "magnetic_course": null, "route_distance_holding_distance_time": null, "distance_time": null, "altitude_description": "+", "altitude1": 4000.0, "altitude2": null, "transition_altitude": null, "speed_limit_description": null, "speed_limit": null, "vertical_angle": null, "center_waypoint": null, "center_waypoint_latitude": null, "center_waypoint_longitude": null, "aircraft_category": null}, "geometry": {"type": "MultiPoint", "coordinates": [[99.16390278, 20.56568056]]}}, {"type": "Feature", "properties": {"fid": 711, "area_code": "PAC", "airport_identifier": "VYMS", "procedure_identifier": "N12", "route_type": "N", "transition_identifier": null, "seqno": 30, "waypoint_icao_code": "VY", "waypoint_identifier": "MA12", "waypoint_latitude": 20.52961389, "waypoint_longitude": 99.23303889, "waypoint_description_code": "E  M", "turn_direction": null, "rnp": null, "path_termination": "CF", "recommanded_navaid": null, "recommanded_navaid_latitude": null, "recommanded_navaid_longitude": null, "arc_radius": null, "theta": null, "rho": null, "magnetic_course": 120.0, "route_distance_holding_distance_time": 4.5, "distance_time": "D", "altitude_description": "@", "altitude1": 2370.0, "altitude2": null, "transition_altitude": null, "speed_limit_description": null, "speed_limit": null, "vertical_angle": -3.45, "center_waypoint": null, "center_waypoint_latitude": null, "center_waypoint_longitude": null, "aircraft_category": null}, "geometry": {"type": "MultiPoint", "coordinates": [[99.23303889, 20.52961389]]}}, {"type": "Feature", "properties": {"fid": 713, "area_code": "PAC", "airport_identifier": "VYMS", "procedure_identifier": "N12", "route_type": "N", "transition_identifier": null, "seqno": 40, "waypoint_icao_code": null, "waypoint_identifier": null, "waypoint_latitude": null, "waypoint_longitude": null, "waypoint_description_code": null, "turn_direction": null, "rnp": null, "path_termination": "VA", "recommanded_navaid": null, "recommanded_navaid_latitude": null, "recommanded_navaid_longitude": null, "arc_radius": null, "theta": null, "rho": null, "magnetic_course": 120.0, "route_distance_holding_distance_time": null, "distance_time": null, "altitude_description": "+", "altitude1": 3500.0, "altitude2": null, "transition_altitude": null, "speed_limit_description": null, "speed_limit": null, "vertical_angle": null, "center_waypoint": null, "center_waypoint_latitude": null, "center_waypoint_longitude": null, "aircraft_category": null}, "geometry": {"type": "MultiPoint", "coordinates": []}}, {"type": "Feature", "properties": {"fid": 714, "area_code": "PAC", "airport_identifier": "VYMS", "procedure_identifier": "N12", "route_type": "N", "transition_identifier": null, "seqno": 50, "waypoint_icao_code": "VY", "waypoint_identifier": "MS", "waypoint_latitude": 20.51704722, "waypoint_longitude": 99.25711389, "waypoint_description_code": "E", "turn_direction": "R", "rnp": null, "path_termination": "DF", "recommanded_navaid": null, "recommanded_navaid_latitude": null, "recommanded_navaid_longitude": null, "arc_radius": null, "theta": null, "rho": null, "magnetic_course": null, "route_distance_holding_distance_time": null, "distance_time": null, "altitude_description": "@", "altitude1": 6000.0, "altitude2": null, "transition_altitude": null, "speed_limit_description": null, "speed_limit": null, "vertical_angle": null, "center_waypoint": null, "center_waypoint_latitude": null, "center_waypoint_longitude": null, "aircraft_category": null}, "geometry": {"type": "MultiPoint", "coordinates": [[99.25711389, 20.51704722]]}}, {"type": "Feature", "properties": {"fid": 715, "area_code": "PAC", "airport_identifier": "VYMS", "procedure_identifier": "N12", "route_type": "N", "transition_identifier": null, "seqno": 60, "waypoint_icao_code": "VY", "waypoint_identifier": "MS", "waypoint_latitude": 20.51704722, "waypoint_longitude": 99.25711389, "waypoint_description_code": "E  H", "turn_direction": "R", "rnp": null, "path_termination": "HM", "recommanded_navaid": null, "recommanded_navaid_latitude": null, "recommanded_navaid_longitude": null, "arc_radius": null, "theta": null, "rho": null, "magnetic_course": 330.0, "route_distance_holding_distance_time": 1.0, "distance_time": "T", "altitude_description": null, "altitude1": null, "altitude2": null, "transition_altitude": null, "speed_limit_description": null, "speed_limit": null, "vertical_angle": null, "center_waypoint": null, "center_waypoint_latitude": null, "center_waypoint_longitude": null, "aircraft_category": null}, "geometry": {"type": "MultiPoint", "coordinates": [[99.25711389, 20.51704722]]}}, {"type": "Feature", "properties": {"fid": 717, "area_code": "PAC", "airport_identifier": "VYNT", "procedure_identifier": "D16", "route_type": "A", "transition_identifier": "NPT1", "seqno": 10, "waypoint_icao_code": "VY", "waypoint_identifier": "NPT", "waypoint_latitude": 19.62655556, "waypoint_longitude": 96.19558333, "waypoint_description_code": "E  A", "turn_direction": null, "rnp": null, "path_termination": "IF", "recommanded_navaid": null, "recommanded_navaid_latitude": null, "recommanded_navaid_longitude": null, "arc_radius": null, "theta": null, "rho": null, "magnetic_course": null, "route_distance_holding_distance_time": null, "distance_time": null, "altitude_description": "+", "altitude1": 6000.0, "altitude2": null, "transition_altitude": null, "speed_limit_description": null, "speed_limit": null, "vertical_angle": null, "center_waypoint": null, "center_waypoint_latitude": null, "center_waypoint_longitude": null, "aircraft_category": null}, "geometry": {"type": "MultiPoint", "coordinates": [[96.19558333, 19.62655556]]}}, {"type": "Feature", "properties": {"fid": 718, "area_code": "PAC", "airport_identifier": "VYNT", "procedure_identifier": "D16", "route_type": "A", "transition_identifier": "NPT1", "seqno": 20, "waypoint_icao_code": "VY", "waypoint_identifier": "NPT", "waypoint_latitude": 19.62655556, "waypoint_longitude": 96.19558333, "waypoint_description_code": "E  H", "turn_direction": "R", "rnp": null, "path_termination": "HF", "recommanded_navaid": null, "recommanded_navaid_latitude": null, "recommanded_navaid_longitude": null, "arc_radius": null, "theta": null, "rho": null, "magnetic_course": 13.0, "route_distance_holding_distance_time": 1.0, "distance_time": "T", "altitude_description": "+", "altitude1": 3500.0, "altitude2": null, "transition_altitude": null, "speed_limit_description": null, "speed_limit": null, "vertical_angle": null, "center_waypoint": null, "center_waypoint_latitude": null, "center_waypoint_longitude": null, "aircraft_category": null}, "geometry": {"type": "MultiPoint", "coordinates": [[96.19558333, 19.62655556]]}}, {"type": "Feature", "properties": {"fid": 719, "area_code": "PAC", "airport_identifier": "VYNT", "procedure_identifier": "D16", "route_type": "A", "transition_identifier": "NPT1", "seqno": 30, "waypoint_icao_code": null, "waypoint_identifier": null, "waypoint_latitude": null, "waypoint_longitude": null, "waypoint_description_code": null, "turn_direction": null, "rnp": null, "path_termination": "FC", "recommanded_navaid": null, "recommanded_navaid_latitude": null, "recommanded_navaid_longitude": null, "arc_radius": null, "theta": null, "rho": null, "magnetic_course": 13.0, "route_distance_holding_distance_time": 7.0, "distance_time": "D", "altitude_description": "+", "altitude1": 2200.0, "altitude2": null, "transition_altitude": null, "speed_limit_description": null, "speed_limit": null, "vertical_angle": null, "center_waypoint": null, "center_waypoint_latitude": null, "center_waypoint_longitude": null, "aircraft_category": null}, "geometry": {"type": "MultiPoint", "coordinates": []}}, {"type": "Feature", "properties": {"fid": 720, "area_code": "PAC", "airport_identifier": "VYNT", "procedure_identifier": "D16", "route_type": "A", "transition_identifier": "NPT1", "seqno": 40, "waypoint_icao_code": "VY", "waypoint_identifier": "FD16", "waypoint_latitude": 19.73156389, "waypoint_longitude": 96.15954722, "waypoint_description_code": "E", "turn_direction": "L", "rnp": null, "path_termination": "CF", "recommanded_navaid": null, "recommanded_navaid_latitude": null, "recommanded_navaid_longitude": null, "arc_radius": null, "theta": null, "rho": null, "magnetic_course": 163.0, "route_distance_holding_distance_time": 1.4, "distance_time": "D", "altitude_description": "+", "altitude1": 2200.0, "altitude2": null, "transition_altitude": null, "speed_limit_description": null, "speed_limit": null, "vertical_angle": null, "center_waypoint": null, "center_waypoint_latitude": null, "center_waypoint_longitude": null, "aircraft_category": null}, "geometry": {"type": "MultiPoint", "coordinates": [[96.15954722, 19.73156389]]}}, {"type": "Feature", "properties": {"fid": 722, "area_code": "PAC", "airport_identifier": "VYNT", "procedure_identifier": "D16", "route_type": "A", "transition_identifier": "NPT2", "seqno": 10, "waypoint_icao_code": "VY", "waypoint_identifier": "NPT", "waypoint_latitude": 19.62655556, "waypoint_longitude": 96.19558333, "waypoint_description_code": "E  A", "turn_direction": null, "rnp": null, "path_termination": "IF", "recommanded_navaid": null, "recommanded_navaid_latitude": null, "recommanded_navaid_longitude": null, "arc_radius": null, "theta": null, "rho": null, "magnetic_course": null, "route_distance_holding_distance_time": null, "distance_time": null, "altitude_description": "+", "altitude1": 6000.0, "altitude2": null, "transition_altitude": null, "speed_limit_description": null, "speed_limit": null, "vertical_angle": null, "center_waypoint": null, "center_waypoint_latitude": null, "center_waypoint_longitude": null, "aircraft_category": null}, "geometry": {"type": "MultiPoint", "coordinates": [[96.19558333, 19.62655556]]}}, {"type": "Feature", "properties": {"fid": 723, "area_code": "PAC", "airport_identifier": "VYNT", "procedure_identifier": "D16", "route_type": "A", "transition_identifier": "NPT2", "seqno": 15, "waypoint_icao_code": "VY", "waypoint_identifier": "NPT", "waypoint_latitude": 19.62655556, "waypoint_longitude": 96.19558333, "waypoint_description_code": "E  H", "turn_direction": "R", "rnp": null, "path_termination": "HF", "recommanded_navaid": null, "recommanded_navaid_latitude": null, "recommanded_navaid_longitude": null, "arc_radius": null, "theta": null, "rho": null, "magnetic_course": 13.0, "route_distance_holding_distance_time": 1.0, "distance_time": "T", "altitude_description": "+", "altitude1": 3500.0, "altitude2": null, "transition_altitude": null, "speed_limit_description": null, "speed_limit": null, "vertical_angle": null, "center_waypoint": null, "center_waypoint_latitude": null, "center_waypoint_longitude": null, "aircraft_category": null}, "geometry": {"type": "MultiPoint", "coordinates": [[96.19558333, 19.62655556]]}}, {"type": "Feature", "properties": {"fid": 724, "area_code": "PAC", "airport_identifier": "VYNT", "procedure_identifier": "D16", "route_type": "A", "transition_identifier": "NPT2", "seqno": 20, "waypoint_icao_code": null, "waypoint_identifier": null, "waypoint_latitude": null, "waypoint_longitude": null, "waypoint_description_code": null, "turn_direction": null, "rnp": null, "path_termination": "FC", "recommanded_navaid": null, "recommanded_navaid_latitude": null, "recommanded_navaid_longitude": null, "arc_radius": null, "theta": null, "rho": null, "magnetic_course": 358.0, "route_distance_holding_distance_time": 7.0, "distance_time": "D", "altitude_description": "+", "altitude1": 2200.0, "altitude2": null, "transition_altitude": null, "speed_limit_description": null, "speed_limit": null, "vertical_angle": null, "center_waypoint": null, "center_waypoint_latitude": null, "center_waypoint_longitude": null, "aircraft_category": null}, "geometry": {"type": "MultiPoint", "coordinates": []}}, {"type": "Feature", "properties": {"fid": 725, "area_code": "PAC", "airport_identifier": "VYNT", "procedure_identifier": "D16", "route_type": "A", "transition_identifier": "NPT2", "seqno": 30, "waypoint_icao_code": "VY", "waypoint_identifier": "FD16", "waypoint_latitude": 19.73156389, "waypoint_longitude": 96.15954722, "waypoint_description_code": "E", "turn_direction": "L", "rnp": null, "path_termination": "CF", "recommanded_navaid": null, "recommanded_navaid_latitude": null, "recommanded_navaid_longitude": null, "arc_radius": null, "theta": null, "rho": null, "magnetic_course": 163.0, "route_distance_holding_distance_time": 1.4, "distance_time": "D", "altitude_description": "+", "altitude1": 2200.0, "altitude2": null, "transition_altitude": null, "speed_limit_description": null, "speed_limit": null, "vertical_angle": null, "center_waypoint": null, "center_waypoint_latitude": null, "center_waypoint_longitude": null, "aircraft_category": null}, "geometry": {"type": "MultiPoint", "coordinates": [[96.15954722, 19.73156389]]}}, {"type": "Feature", "properties": {"fid": 727, "area_code": "PAC", "airport_identifier": "VYNT", "procedure_identifier": "D16", "route_type": "D", "transition_identifier": null, "seqno": 20, "waypoint_icao_code": "VY", "waypoint_identifier": "FD16", "waypoint_latitude": 19.73156389, "waypoint_longitude": 96.15954722, "waypoint_description_code": "E  F", "turn_direction": null, "rnp": null, "path_termination": "IF", "recommanded_navaid": null, "recommanded_navaid_latitude": null, "recommanded_navaid_longitude": null, "arc_radius": null, "theta": null, "rho": null, "magnetic_course": null, "route_distance_holding_distance_time": null, "distance_time": null, "altitude_description": "+", "altitude1": 2200.0, "altitude2": null, "transition_altitude": null, "speed_limit_description": null, "speed_limit": null, "vertical_angle": null, "center_waypoint": null, "center_waypoint_latitude": null, "center_waypoint_longitude": null, "aircraft_category": null}, "geometry": {"type": "MultiPoint", "coordinates": [[96.15954722, 19.73156389]]}}, {"type": "Feature", "properties": {"fid": 728, "area_code": "PAC", "airport_identifier": "VYNT", "procedure_identifier": "D16", "route_type": "D", "transition_identifier": null, "seqno": 30, "waypoint_icao_code": "VY", "waypoint_identifier": "MA16", "waypoint_latitude": 19.65201111, "waypoint_longitude": 96.18685, "waypoint_description_code": "E  M", "turn_direction": null, "rnp": null, "path_termination": "CF", "recommanded_navaid": null, "recommanded_navaid_latitude": null, "recommanded_navaid_longitude": null, "arc_radius": null, "theta": null, "rho": null, "magnetic_course": 163.0, "route_distance_holding_distance_time": 5.0, "distance_time": "D", "altitude_description": "@", "altitude1": 630.0, "altitude2": null, "transition_altitude": null, "speed_limit_description": null, "speed_limit": null, "vertical_angle": -3.0, "center_waypoint": null, "center_waypoint_latitude": null, "center_waypoint_longitude": null, "aircraft_category": null}, "geometry": {"type": "MultiPoint", "coordinates": [[96.18685, 19.65201111]]}}, {"type": "Feature", "properties": {"fid": 730, "area_code": "PAC", "airport_identifier": "VYNT", "procedure_identifier": "D16", "route_type": "D", "transition_identifier": null, "seqno": 40, "waypoint_icao_code": null, "waypoint_identifier": null, "waypoint_latitude": null, "waypoint_longitude": null, "waypoint_description_code": null, "turn_direction": null, "rnp": null, "path_termination": "VA", "recommanded_navaid": null, "recommanded_navaid_latitude": null, "recommanded_navaid_longitude": null, "arc_radius": null, "theta": null, "rho": null, "magnetic_course": 165.0, "route_distance_holding_distance_time": null, "distance_time": null, "altitude_description": "+", "altitude1": 2000.0, "altitude2": null, "transition_altitude": null, "speed_limit_description": null, "speed_limit": null, "vertical_angle": null, "center_waypoint": null, "center_waypoint_latitude": null, "center_waypoint_longitude": null, "aircraft_category": null}, "geometry": {"type": "MultiPoint", "coordinates": []}}, {"type": "Feature", "properties": {"fid": 731, "area_code": "PAC", "airport_identifier": "VYNT", "procedure_identifier": "D16", "route_type": "D", "transition_identifier": null, "seqno": 50, "waypoint_icao_code": "VY", "waypoint_identifier": "NPT", "waypoint_latitude": 19.62655556, "waypoint_longitude": 96.19558333, "waypoint_description_code": "E", "turn_direction": "R", "rnp": null, "path_termination": "DF", "recommanded_navaid": null, "recommanded_navaid_latitude": null, "recommanded_navaid_longitude": null, "arc_radius": null, "theta": null, "rho": null, "magnetic_course": null, "route_distance_holding_distance_time": null, "distance_time": null, "altitude_description": "@", "altitude1": 6000.0, "altitude2": null, "transition_altitude": null, "speed_limit_description": null, "speed_limit": null, "vertical_angle": null, "center_waypoint": null, "center_waypoint_latitude": null, "center_waypoint_longitude": null, "aircraft_category": null}, "geometry": {"type": "MultiPoint", "coordinates": [[96.19558333, 19.62655556]]}}, {"type": "Feature", "properties": {"fid": 732, "area_code": "PAC", "airport_identifier": "VYNT", "procedure_identifier": "D16", "route_type": "D", "transition_identifier": null, "seqno": 60, "waypoint_icao_code": "VY", "waypoint_identifier": "NPT", "waypoint_latitude": 19.62655556, "waypoint_longitude": 96.19558333, "waypoint_description_code": "E  H", "turn_direction": "R", "rnp": null, "path_termination": "HM", "recommanded_navaid": null, "recommanded_navaid_latitude": null, "recommanded_navaid_longitude": null, "arc_radius": null, "theta": null, "rho": null, "magnetic_course": 13.0, "route_distance_holding_distance_time": 1.0, "distance_time": "T", "altitude_description": "+", "altitude1": 6000.0, "altitude2": null, "transition_altitude": null, "speed_limit_description": null, "speed_limit": null, "vertical_angle": null, "center_waypoint": null, "center_waypoint_latitude": null, "center_waypoint_longitude": null, "aircraft_category": null}, "geometry": {"type": "MultiPoint", "coordinates": [[96.19558333, 19.62655556]]}}, {"type": "Feature", "properties": {"fid": 734, "area_code": "PAC", "airport_identifier": "VYBG", "procedure_identifier": "D18", "route_type": "A", "transition_identifier": "BGN1", "seqno": 10, "waypoint_icao_code": "VY", "waypoint_identifier": "BGN", "waypoint_latitude": 21.16953611, "waypoint_longitude": 94.92815278, "waypoint_description_code": "E  A", "turn_direction": null, "rnp": null, "path_termination": "IF", "recommanded_navaid": null, "recommanded_navaid_latitude": null, "recommanded_navaid_longitude": null, "arc_radius": null, "theta": null, "rho": null, "magnetic_course": null, "route_distance_holding_distance_time": null, "distance_time": null, "altitude_description": "+", "altitude1": 3000.0, "altitude2": null, "transition_altitude": null, "speed_limit_description": null, "speed_limit": null, "vertical_angle": null, "center_waypoint": null, "center_waypoint_latitude": null, "center_waypoint_longitude": null, "aircraft_category": null}, "geometry": {"type": "MultiPoint", "coordinates": [[94.92815278, 21.16953611]]}}, {"type": "Feature", "properties": {"fid": 735, "area_code": "PAC", "airport_identifier": "VYBG", "procedure_identifier": "D18", "route_type": "A", "transition_identifier": "BGN1", "seqno": 20, "waypoint_icao_code": null, "waypoint_identifier": null, "waypoint_latitude": null, "waypoint_longitude": null, "waypoint_description_code": null, "turn_direction": null, "rnp": null, "path_termination": "FC", "recommanded_navaid": null, "recommanded_navaid_latitude": null, "recommanded_navaid_longitude": null, "arc_radius": null, "theta": null, "rho": null, "magnetic_course": 34.0, "route_distance_holding_distance_time": 6.4, "distance_time": "D", "altitude_description": "+", "altitude1": 2000.0, "altitude2": null, "transition_altitude": null, "speed_limit_description": null, "speed_limit": null, "vertical_angle": null, "center_waypoint": null, "center_waypoint_latitude": null, "center_waypoint_longitude": null, "aircraft_category": null}, "geometry": {"type": "MultiPoint", "coordinates": []}}, {"type": "Feature", "properties": {"fid": 736, "area_code": "PAC", "airport_identifier": "VYBG", "procedure_identifier": "D18", "route_type": "A", "transition_identifier": "BGN1", "seqno": 30, "waypoint_icao_code": "VY", "waypoint_identifier": "FF18", "waypoint_latitude": 21.27644167, "waypoint_longitude": 94.93412778, "waypoint_description_code": "E", "turn_direction": "L", "rnp": null, "path_termination": "CF", "recommanded_navaid": null, "recommanded_navaid_latitude": null, "recommanded_navaid_longitude": null, "arc_radius": null, "theta": null, "rho": null, "magnetic_course": 184.0, "route_distance_holding_distance_time": 1.0, "distance_time": "D", "altitude_description": "+", "altitude1": 2000.0, "altitude2": null, "transition_altitude": null, "speed_limit_description": null, "speed_limit": null, "vertical_angle": null, "center_waypoint": null, "center_waypoint_latitude": null, "center_waypoint_longitude": null, "aircraft_category": null}, "geometry": {"type": "MultiPoint", "coordinates": [[94.93412778, 21.27644167]]}}, {"type": "Feature", "properties": {"fid": 738, "area_code": "PAC", "airport_identifier": "VYBG", "procedure_identifier": "D18", "route_type": "A", "transition_identifier": "BGN2", "seqno": 10, "waypoint_icao_code": "VY", "waypoint_identifier": "BGN", "waypoint_latitude": 21.16953611, "waypoint_longitude": 94.92815278, "waypoint_description_code": "E  A", "turn_direction": null, "rnp": null, "path_termination": "IF", "recommanded_navaid": null, "recommanded_navaid_latitude": null, "recommanded_navaid_longitude": null, "arc_radius": null, "theta": null, "rho": null, "magnetic_course": null, "route_distance_holding_distance_time": null, "distance_time": null, "altitude_description": "+", "altitude1": 3000.0, "altitude2": null, "transition_altitude": null, "speed_limit_description": null, "speed_limit": null, "vertical_angle": null, "center_waypoint": null, "center_waypoint_latitude": null, "center_waypoint_longitude": null, "aircraft_category": null}, "geometry": {"type": "MultiPoint", "coordinates": [[94.92815278, 21.16953611]]}}, {"type": "Feature", "properties": {"fid": 739, "area_code": "PAC", "airport_identifier": "VYBG", "procedure_identifier": "D18", "route_type": "A", "transition_identifier": "BGN2", "seqno": 20, "waypoint_icao_code": null, "waypoint_identifier": null, "waypoint_latitude": null, "waypoint_longitude": null, "waypoint_description_code": null, "turn_direction": null, "rnp": null, "path_termination": "FC", "recommanded_navaid": null, "recommanded_navaid_latitude": null, "recommanded_navaid_longitude": null, "arc_radius": null, "theta": null, "rho": null, "magnetic_course": 19.0, "route_distance_holding_distance_time": 6.4, "distance_time": "D", "altitude_description": "+", "altitude1": 2000.0, "altitude2": null, "transition_altitude": null, "speed_limit_description": null, "speed_limit": null, "vertical_angle": null, "center_waypoint": null, "center_waypoint_latitude": null, "center_waypoint_longitude": null, "aircraft_category": null}, "geometry": {"type": "MultiPoint", "coordinates": []}}, {"type": "Feature", "properties": {"fid": 740, "area_code": "PAC", "airport_identifier": "VYBG", "procedure_identifier": "D18", "route_type": "A", "transition_identifier": "BGN2", "seqno": 30, "waypoint_icao_code": "VY", "waypoint_identifier": "FF18", "waypoint_latitude": 21.27644167, "waypoint_longitude": 94.93412778, "waypoint_description_code": "E", "turn_direction": "L", "rnp": null, "path_termination": "CF", "recommanded_navaid": null, "recommanded_navaid_latitude": null, "recommanded_navaid_longitude": null, "arc_radius": null, "theta": null, "rho": null, "magnetic_course": 184.0, "route_distance_holding_distance_time": 1.0, "distance_time": "D", "altitude_description": "+", "altitude1": 2000.0, "altitude2": null, "transition_altitude": null, "speed_limit_description": null, "speed_limit": null, "vertical_angle": null, "center_waypoint": null, "center_waypoint_latitude": null, "center_waypoint_longitude": null, "aircraft_category": null}, "geometry": {"type": "MultiPoint", "coordinates": [[94.93412778, 21.27644167]]}}, {"type": "Feature", "properties": {"fid": 742, "area_code": "PAC", "airport_identifier": "VYBG", "procedure_identifier": "D18", "route_type": "D", "transition_identifier": null, "seqno": 20, "waypoint_icao_code": "VY", "waypoint_identifier": "FF18", "waypoint_latitude": 21.27644167, "waypoint_longitude": 94.93412778, "waypoint_description_code": "E  F", "turn_direction": null, "rnp": null, "path_termination": "IF", "recommanded_navaid": null, "recommanded_navaid_latitude": null, "recommanded_navaid_longitude": null, "arc_radius": null, "theta": null, "rho": null, "magnetic_course": null, "route_distance_holding_distance_time": null, "distance_time": null, "altitude_description": "+", "altitude1": 2000.0, "altitude2": null, "transition_altitude": null, "speed_limit_description": null, "speed_limit": null, "vertical_angle": null, "center_waypoint": null, "center_waypoint_latitude": null, "center_waypoint_longitude": null, "aircraft_category": null}, "geometry": {"type": "MultiPoint", "coordinates": [[94.93412778, 21.27644167]]}}, {"type": "Feature", "properties": {"fid": 743, "area_code": "PAC", "airport_identifier": "VYBG", "procedure_identifier": "D18", "route_type": "D", "transition_identifier": null, "seqno": 30, "waypoint_icao_code": "VY", "waypoint_identifier": "RW18", "waypoint_latitude": 21.19068056, "waypoint_longitude": 94.93045278, "waypoint_description_code": "G  M", "turn_direction": null, "rnp": null, "path_termination": "CF", "recommanded_navaid": null, "recommanded_navaid_latitude": null, "recommanded_navaid_longitude": null, "arc_radius": null, "theta": null, "rho": null, "magnetic_course": 184.0, "route_distance_holding_distance_time": 5.1, "distance_time": "D", "altitude_description": "@", "altitude1": 366.0, "altitude2": null, "transition_altitude": null, "speed_limit_description": null, "speed_limit": null, "vertical_angle": -3.0, "center_waypoint": null, "center_waypoint_latitude": null, "center_waypoint_longitude": null, "aircraft_category": null}, "geometry": {"type": "MultiPoint", "coordinates": [[94.93045278, 21.19068056]]}}, {"type": "Feature", "properties": {"fid": 745, "area_code": "PAC", "airport_identifier": "VYBG", "procedure_identifier": "D18", "route_type": "D", "transition_identifier": null, "seqno": 40, "waypoint_icao_code": null, "waypoint_identifier": null, "waypoint_latitude": null, "waypoint_longitude": null, "waypoint_description_code": null, "turn_direction": null, "rnp": null, "path_termination": "CA", "recommanded_navaid": null, "recommanded_navaid_latitude": null, "recommanded_navaid_longitude": null, "arc_radius": null, "theta": null, "rho": null, "magnetic_course": 184.0, "route_distance_holding_distance_time": null, "distance_time": null, "altitude_description": "+", "altitude1": 2000.0, "altitude2": null, "transition_altitude": null, "speed_limit_description": null, "speed_limit": null, "vertical_angle": null, "center_waypoint": null, "center_waypoint_latitude": null, "center_waypoint_longitude": null, "aircraft_category": null}, "geometry": {"type": "MultiPoint", "coordinates": []}}, {"type": "Feature", "properties": {"fid": 746, "area_code": "PAC", "airport_identifier": "VYBG", "procedure_identifier": "D18", "route_type": "D", "transition_identifier": null, "seqno": 50, "waypoint_icao_code": "VY", "waypoint_identifier": "BGN", "waypoint_latitude": 21.16953611, "waypoint_longitude": 94.92815278, "waypoint_description_code": "E", "turn_direction": "R", "rnp": null, "path_termination": "DF", "recommanded_navaid": null, "recommanded_navaid_latitude": null, "recommanded_navaid_longitude": null, "arc_radius": null, "theta": null, "rho": null, "magnetic_course": null, "route_distance_holding_distance_time": null, "distance_time": null, "altitude_description": "@", "altitude1": 3000.0, "altitude2": null, "transition_altitude": null, "speed_limit_description": null, "speed_limit": null, "vertical_angle": null, "center_waypoint": null, "center_waypoint_latitude": null, "center_waypoint_longitude": null, "aircraft_category": null}, "geometry": {"type": "MultiPoint", "coordinates": [[94.92815278, 21.16953611]]}}, {"type": "Feature", "properties": {"fid": 747, "area_code": "PAC", "airport_identifier": "VYBG", "procedure_identifier": "D18", "route_type": "D", "transition_identifier": null, "seqno": 60, "waypoint_icao_code": "VY", "waypoint_identifier": "BGN", "waypoint_latitude": 21.16953611, "waypoint_longitude": 94.92815278, "waypoint_description_code": "E  H", "turn_direction": "R", "rnp": null, "path_termination": "HM", "recommanded_navaid": null, "recommanded_navaid_latitude": null, "recommanded_navaid_longitude": null, "arc_radius": null, "theta": null, "rho": null, "magnetic_course": 34.0, "route_distance_holding_distance_time": 1.0, "distance_time": "T", "altitude_description": "+", "altitude1": 3000.0, "altitude2": null, "transition_altitude": null, "speed_limit_description": null, "speed_limit": null, "vertical_angle": null, "center_waypoint": null, "center_waypoint_latitude": null, "center_waypoint_longitude": null, "aircraft_category": null}, "geometry": {"type": "MultiPoint", "coordinates": [[94.92815278, 21.16953611]]}}, {"type": "Feature", "properties": {"fid": 749, "area_code": "PAC", "airport_identifier": "VYSW", "procedure_identifier": "R29", "route_type": "A", "transition_identifier": "AKYAB", "seqno": 10, "waypoint_icao_code": "VY", "waypoint_identifier": "AKYAB", "waypoint_latitude": 20.0695, "waypoint_longitude": 93.13994444, "waypoint_description_code": "E  A", "turn_direction": null, "rnp": 1.0, "path_termination": "IF", "recommanded_navaid": null, "recommanded_navaid_latitude": null, "recommanded_navaid_longitude": null, "arc_radius": null, "theta": null, "rho": null, "magnetic_course": null, "route_distance_holding_distance_time": null, "distance_time": null, "altitude_description": "+", "altitude1": 3000.0, "altitude2": null, "transition_altitude": null, "speed_limit_description": "-", "speed_limit": 210.0, "vertical_angle": null, "center_waypoint": null, "center_waypoint_latitude": null, "center_waypoint_longitude": null, "aircraft_category": null}, "geometry": {"type": "MultiPoint", "coordinates": [[93.13994444, 20.0695]]}}, {"type": "Feature", "properties": {"fid": 750, "area_code": "PAC", "airport_identifier": "VYSW", "procedure_identifier": "R29", "route_type": "A", "transition_identifier": "AKYAB", "seqno": 20, "waypoint_icao_code": "VY", "waypoint_identifier": "SW901", "waypoint_latitude": 20.08983333, "waypoint_longitude": 93.05405556, "waypoint_description_code": "E", "turn_direction": null, "rnp": 1.0, "path_termination": "TF", "recommanded_navaid": null, "recommanded_navaid_latitude": null, "recommanded_navaid_longitude": null, "arc_radius": null, "theta": null, "rho": null, "magnetic_course": null, "route_distance_holding_distance_time": null, "distance_time": null, "altitude_description": "+", "altitude1": 2500.0, "altitude2": null, "transition_altitude": null, "speed_limit_description": null, "speed_limit": null, "vertical_angle": null, "center_waypoint": null, "center_waypoint_latitude": null, "center_waypoint_longitude": null, "aircraft_category": null}, "geometry": {"type": "MultiPoint", "coordinates": [[93.05405556, 20.08983333]]}}, {"type": "Feature", "properties": {"fid": 752, "area_code": "PAC", "airport_identifier": "VYSW", "procedure_identifier": "R29", "route_type": "A", "transition_identifier": "WADIE", "seqno": 10, "waypoint_icao_code": "VY", "waypoint_identifier": "WADIE", "waypoint_latitude": 19.94558333, "waypoint_longitude": 92.81436111, "waypoint_description_code": "E  A", "turn_direction": null, "rnp": 1.0, "path_termination": "IF", "recommanded_navaid": null, "recommanded_navaid_latitude": null, "recommanded_navaid_longitude": null, "arc_radius": null, "theta": null, "rho": null, "magnetic_course": null, "route_distance_holding_distance_time": null, "distance_time": null, "altitude_description": "+", "altitude1": 3000.0, "altitude2": null, "transition_altitude": null, "speed_limit_description": "-", "speed_limit": 210.0, "vertical_angle": null, "center_waypoint": null, "center_waypoint_latitude": null, "center_waypoint_longitude": null, "aircraft_category": null}, "geometry": {"type": "MultiPoint", "coordinates": [[92.81436111, 19.94558333]]}}, {"type": "Feature", "properties": {"fid": 753, "area_code": "PAC", "airport_identifier": "VYSW", "procedure_identifier": "R29", "route_type": "A", "transition_identifier": "WADIE", "seqno": 20, "waypoint_icao_code": "VY", "waypoint_identifier": "TAZIN", "waypoint_latitude": 19.97622222, "waypoint_longitude": 93.02397222, "waypoint_description_code": "E", "turn_direction": null, "rnp": 1.0, "path_termination": "TF", "recommanded_navaid": null, "recommanded_navaid_latitude": null, "recommanded_navaid_longitude": null, "arc_radius": null, "theta": null, "rho": null, "magnetic_course": null, "route_distance_holding_distance_time": null, "distance_time": null, "altitude_description": "+", "altitude1": 3000.0, "altitude2": null, "transition_altitude": null, "speed_limit_description": null, "speed_limit": null, "vertical_angle": null, "center_waypoint": null, "center_waypoint_latitude": null, "center_waypoint_longitude": null, "aircraft_category": null}, "geometry": {"type": "MultiPoint", "coordinates": [[93.02397222, 19.97622222]]}}, {"type": "Feature", "properties": {"fid": 754, "area_code": "PAC", "airport_identifier": "VYSW", "procedure_identifier": "R29", "route_type": "A", "transition_identifier": "WADIE", "seqno": 30, "waypoint_icao_code": "VY", "waypoint_identifier": "SW901", "waypoint_latitude": 20.08983333, "waypoint_longitude": 93.05405556, "waypoint_description_code": "E", "turn_direction": null, "rnp": 1.0, "path_termination": "TF", "recommanded_navaid": null, "recommanded_navaid_latitude": null, "recommanded_navaid_longitude": null, "arc_radius": null, "theta": null, "rho": null, "magnetic_course": null, "route_distance_holding_distance_time": null, "distance_time": null, "altitude_description": "+", "altitude1": 2500.0, "altitude2": null, "transition_altitude": null, "speed_limit_description": null, "speed_limit": null, "vertical_angle": null, "center_waypoint": null, "center_waypoint_latitude": null, "center_waypoint_longitude": null, "aircraft_category": null}, "geometry": {"type": "MultiPoint", "coordinates": [[93.05405556, 20.08983333]]}}, {"type": "Feature", "properties": {"fid": 756, "area_code": "PAC", "airport_identifier": "VYSW", "procedure_identifier": "R29", "route_type": "R", "transition_identifier": null, "seqno": 10, "waypoint_icao_code": "VY", "waypoint_identifier": "SW901", "waypoint_latitude": 20.08983333, "waypoint_longitude": 93.05405556, "waypoint_description_code": "E  I", "turn_direction": null, "rnp": null, "path_termination": "IF", "recommanded_navaid": null, "recommanded_navaid_latitude": null, "recommanded_navaid_longitude": null, "arc_radius": null, "theta": null, "rho": null, "magnetic_course": null, "route_distance_holding_distance_time": null, "distance_time": null, "altitude_description": "+", "altitude1": 2500.0, "altitude2": null, "transition_altitude": null, "speed_limit_description": null, "speed_limit": null, "vertical_angle": null, "center_waypoint": null, "center_waypoint_latitude": null, "center_waypoint_longitude": null, "aircraft_category": null}, "geometry": {"type": "MultiPoint", "coordinates": [[93.05405556, 20.08983333]]}}, {"type": "Feature", "properties": {"fid": 757, "area_code": "PAC", "airport_identifier": "VYSW", "procedure_identifier": "R29", "route_type": "R", "transition_identifier": null, "seqno": 20, "waypoint_icao_code": "VY", "waypoint_identifier": "SITWE", "waypoint_latitude": 20.11016667, "waypoint_longitude": 92.96816667, "waypoint_description_code": "E  F", "turn_direction": null, "rnp": null, "path_termination": "TF", "recommanded_navaid": null, "recommanded_navaid_latitude": null, "recommanded_navaid_longitude": null, "arc_radius": null, "theta": null, "rho": null, "magnetic_course": 285.0, "route_distance_holding_distance_time": 5.0, "distance_time": "D", "altitude_description": "@", "altitude1": 1700.0, "altitude2": null, "transition_altitude": null, "speed_limit_description": null, "speed_limit": null, "vertical_angle": null, "center_waypoint": null, "center_waypoint_latitude": null, "center_waypoint_longitude": null, "aircraft_category": null}, "geometry": {"type": "MultiPoint", "coordinates": [[92.96816667, 20.11016667]]}}, {"type": "Feature", "properties": {"fid": 758, "area_code": "PAC", "airport_identifier": "VYSW", "procedure_identifier": "R29", "route_type": "R", "transition_identifier": null, "seqno": 30, "waypoint_icao_code": "VY", "waypoint_identifier": "RW29", "waypoint_latitude": 20.13075, "waypoint_longitude": 92.88120833, "waypoint_description_code": "GY M", "turn_direction": null, "rnp": null, "path_termination": "TF", "recommanded_navaid": null, "recommanded_navaid_latitude": null, "recommanded_navaid_longitude": null, "arc_radius": null, "theta": null, "rho": null, "magnetic_course": 285.0, "route_distance_holding_distance_time": 5.1, "distance_time": "D", "altitude_description": "@", "altitude1": 89.0, "altitude2": null, "transition_altitude": null, "speed_limit_description": null, "speed_limit": null, "vertical_angle": -3.0, "center_waypoint": null, "center_waypoint_latitude": null, "center_waypoint_longitude": null, "aircraft_category": null}, "geometry": {"type": "MultiPoint", "coordinates": [[92.88120833, 20.13075]]}}, {"type": "Feature", "properties": {"fid": 760, "area_code": "PAC", "airport_identifier": "VYSW", "procedure_identifier": "R29", "route_type": "R", "transition_identifier": null, "seqno": 40, "waypoint_icao_code": "VY", "waypoint_identifier": "SW902", "waypoint_latitude": 20.14797222, "waypoint_longitude": 92.80833333, "waypoint_description_code": "EY", "turn_direction": null, "rnp": 1.0, "path_termination": "DF", "recommanded_navaid": null, "recommanded_navaid_latitude": null, "recommanded_navaid_longitude": null, "arc_radius": null, "theta": null, "rho": null, "magnetic_course": null, "route_distance_holding_distance_time": null, "distance_time": null, "altitude_description": null, "altitude1": null, "altitude2": null, "transition_altitude": null, "speed_limit_description": null, "speed_limit": null, "vertical_angle": null, "center_waypoint": null, "center_waypoint_latitude": null, "center_waypoint_longitude": null, "aircraft_category": null}, "geometry": {"type": "MultiPoint", "coordinates": [[92.80833333, 20.14797222]]}}, {"type": "Feature", "properties": {"fid": 761, "area_code": "PAC", "airport_identifier": "VYSW", "procedure_identifier": "R29", "route_type": "R", "transition_identifier": null, "seqno": 50, "waypoint_icao_code": "VY", "waypoint_identifier": "WADIE", "waypoint_latitude": 19.94558333, "waypoint_longitude": 92.81436111, "waypoint_description_code": "E", "turn_direction": "L", "rnp": 1.0, "path_termination": "DF", "recommanded_navaid": null, "recommanded_navaid_latitude": null, "recommanded_navaid_longitude": null, "arc_radius": null, "theta": null, "rho": null, "magnetic_course": null, "route_distance_holding_distance_time": null, "distance_time": null, "altitude_description": "+", "altitude1": 3000.0, "altitude2": null, "transition_altitude": null, "speed_limit_description": "-", "speed_limit": 210.0, "vertical_angle": null, "center_waypoint": null, "center_waypoint_latitude": null, "center_waypoint_longitude": null, "aircraft_category": null}, "geometry": {"type": "MultiPoint", "coordinates": [[92.81436111, 19.94558333]]}}, {"type": "Feature", "properties": {"fid": 762, "area_code": "PAC", "airport_identifier": "VYSW", "procedure_identifier": "R29", "route_type": "R", "transition_identifier": null, "seqno": 60, "waypoint_icao_code": "VY", "waypoint_identifier": "WADIE", "waypoint_latitude": 19.94558333, "waypoint_longitude": 92.81436111, "waypoint_description_code": "E  H", "turn_direction": "R", "rnp": 1.0, "path_termination": "HM", "recommanded_navaid": null, "recommanded_navaid_latitude": null, "recommanded_navaid_longitude": null, "arc_radius": null, "theta": null, "rho": null, "magnetic_course": 82.0, "route_distance_holding_distance_time": 1.0, "distance_time": "T", "altitude_description": "+", "altitude1": 3000.0, "altitude2": null, "transition_altitude": null, "speed_limit_description": "-", "speed_limit": 210.0, "vertical_angle": null, "center_waypoint": null, "center_waypoint_latitude": null, "center_waypoint_longitude": null, "aircraft_category": null}, "geometry": {"type": "MultiPoint", "coordinates": [[92.81436111, 19.94558333]]}}, {"type": "Feature", "properties": {"fid": 764, "area_code": "PAC", "airport_identifier": "VYMW", "procedure_identifier": "N19", "route_type": "A", "transition_identifier": "MW1", "seqno": 10, "waypoint_icao_code": "VY", "waypoint_identifier": "MW", "waypoint_latitude": 20.16118333, "waypoint_longitude": 94.97473333, "waypoint_description_code": "E  A", "turn_direction": null, "rnp": null, "path_termination": "IF", "recommanded_navaid": null, "recommanded_navaid_latitude": null, "recommanded_navaid_longitude": null, "arc_radius": null, "theta": null, "rho": null, "magnetic_course": null, "route_distance_holding_distance_time": null, "distance_time": null, "altitude_description": "+", "altitude1": 3000.0, "altitude2": null, "transition_altitude": null, "speed_limit_description": null, "speed_limit": null, "vertical_angle": null, "center_waypoint": null, "center_waypoint_latitude": null, "center_waypoint_longitude": null, "aircraft_category": null}, "geometry": {"type": "MultiPoint", "coordinates": [[94.97473333, 20.16118333]]}}, {"type": "Feature", "properties": {"fid": 765, "area_code": "PAC", "airport_identifier": "VYMW", "procedure_identifier": "N19", "route_type": "A", "transition_identifier": "MW1", "seqno": 20, "waypoint_icao_code": null, "waypoint_identifier": null, "waypoint_latitude": null, "waypoint_longitude": null, "waypoint_description_code": null, "turn_direction": null, "rnp": null, "path_termination": "FC", "recommanded_navaid": null, "recommanded_navaid_latitude": null, "recommanded_navaid_longitude": null, "arc_radius": null, "theta": null, "rho": null, "magnetic_course": 325.0, "route_distance_holding_distance_time": 5.3, "distance_time": "D", "altitude_description": "+", "altitude1": 1940.0, "altitude2": null, "transition_altitude": null, "speed_limit_description": null, "speed_limit": null, "vertical_angle": null, "center_waypoint": null, "center_waypoint_latitude": null, "center_waypoint_longitude": null, "aircraft_category": null}, "geometry": {"type": "MultiPoint", "coordinates": []}}, {"type": "Feature", "properties": {"fid": 766, "area_code": "PAC", "airport_identifier": "VYMW", "procedure_identifier": "N19", "route_type": "A", "transition_identifier": "MW1", "seqno": 30, "waypoint_icao_code": "VY", "waypoint_identifier": "FF19", "waypoint_latitude": 20.24936111, "waypoint_longitude": 94.96491111, "waypoint_description_code": "E", "turn_direction": "R", "rnp": null, "path_termination": "CF", "recommanded_navaid": null, "recommanded_navaid_latitude": null, "recommanded_navaid_longitude": null, "arc_radius": null, "theta": null, "rho": null, "magnetic_course": 175.0, "route_distance_holding_distance_time": 1.0, "distance_time": "D", "altitude_description": "+", "altitude1": 1940.0, "altitude2": null, "transition_altitude": null, "speed_limit_description": null, "speed_limit": null, "vertical_angle": null, "center_waypoint": null, "center_waypoint_latitude": null, "center_waypoint_longitude": null, "aircraft_category": null}, "geometry": {"type": "MultiPoint", "coordinates": [[94.96491111, 20.24936111]]}}, {"type": "Feature", "properties": {"fid": 768, "area_code": "PAC", "airport_identifier": "VYMW", "procedure_identifier": "N19", "route_type": "A", "transition_identifier": "MW2", "seqno": 10, "waypoint_icao_code": "VY", "waypoint_identifier": "MW", "waypoint_latitude": 20.16118333, "waypoint_longitude": 94.97473333, "waypoint_description_code": "E  A", "turn_direction": null, "rnp": null, "path_termination": "IF", "recommanded_navaid": null, "recommanded_navaid_latitude": null, "recommanded_navaid_longitude": null, "arc_radius": null, "theta": null, "rho": null, "magnetic_course": null, "route_distance_holding_distance_time": null, "distance_time": null, "altitude_description": "+", "altitude1": 3000.0, "altitude2": null, "transition_altitude": null, "speed_limit_description": null, "speed_limit": null, "vertical_angle": null, "center_waypoint": null, "center_waypoint_latitude": null, "center_waypoint_longitude": null, "aircraft_category": null}, "geometry": {"type": "MultiPoint", "coordinates": [[94.97473333, 20.16118333]]}}, {"type": "Feature", "properties": {"fid": 769, "area_code": "PAC", "airport_identifier": "VYMW", "procedure_identifier": "N19", "route_type": "A", "transition_identifier": "MW2", "seqno": 20, "waypoint_icao_code": null, "waypoint_identifier": null, "waypoint_latitude": null, "waypoint_longitude": null, "waypoint_description_code": null, "turn_direction": null, "rnp": null, "path_termination": "FC", "recommanded_navaid": null, "recommanded_navaid_latitude": null, "recommanded_navaid_longitude": null, "arc_radius": null, "theta": null, "rho": null, "magnetic_course": 340.0, "route_distance_holding_distance_time": 7.5, "distance_time": "D", "altitude_description": "+", "altitude1": 1940.0, "altitude2": null, "transition_altitude": null, "speed_limit_description": null, "speed_limit": null, "vertical_angle": null, "center_waypoint": null, "center_waypoint_latitude": null, "center_waypoint_longitude": null, "aircraft_category": null}, "geometry": {"type": "MultiPoint", "coordinates": []}}, {"type": "Feature", "properties": {"fid": 770, "area_code": "PAC", "airport_identifier": "VYMW", "procedure_identifier": "N19", "route_type": "A", "transition_identifier": "MW2", "seqno": 30, "waypoint_icao_code": "VY", "waypoint_identifier": "FF19", "waypoint_latitude": 20.24936111, "waypoint_longitude": 94.96491111, "waypoint_description_code": "E", "turn_direction": "R", "rnp": null, "path_termination": "CF", "recommanded_navaid": null, "recommanded_navaid_latitude": null, "recommanded_navaid_longitude": null, "arc_radius": null, "theta": null, "rho": null, "magnetic_course": 175.0, "route_distance_holding_distance_time": 3.2, "distance_time": "D", "altitude_description": "+", "altitude1": 1940.0, "altitude2": null, "transition_altitude": null, "speed_limit_description": null, "speed_limit": null, "vertical_angle": null, "center_waypoint": null, "center_waypoint_latitude": null, "center_waypoint_longitude": null, "aircraft_category": null}, "geometry": {"type": "MultiPoint", "coordinates": [[94.96491111, 20.24936111]]}}, {"type": "Feature", "properties": {"fid": 772, "area_code": "PAC", "airport_identifier": "VYMW", "procedure_identifier": "N19", "route_type": "N", "transition_identifier": null, "seqno": 20, "waypoint_icao_code": "VY", "waypoint_identifier": "FF19", "waypoint_latitude": 20.24936111, "waypoint_longitude": 94.96491111, "waypoint_description_code": "E  F", "turn_direction": null, "rnp": null, "path_termination": "IF", "recommanded_navaid": null, "recommanded_navaid_latitude": null, "recommanded_navaid_longitude": null, "arc_radius": null, "theta": null, "rho": null, "magnetic_course": null, "route_distance_holding_distance_time": null, "distance_time": null, "altitude_description": "+", "altitude1": 1940.0, "altitude2": null, "transition_altitude": null, "speed_limit_description": null, "speed_limit": null, "vertical_angle": null, "center_waypoint": null, "center_waypoint_latitude": null, "center_waypoint_longitude": null, "aircraft_category": null}, "geometry": {"type": "MultiPoint", "coordinates": [[94.96491111, 20.24936111]]}}, {"type": "Feature", "properties": {"fid": 773, "area_code": "PAC", "airport_identifier": "VYMW", "procedure_identifier": "N19", "route_type": "N", "transition_identifier": null, "seqno": 30, "waypoint_icao_code": "VY", "waypoint_identifier": "EP19", "waypoint_latitude": 20.16550833, "waypoint_longitude": 94.97425, "waypoint_description_code": "EY", "turn_direction": null, "rnp": null, "path_termination": "CF", "recommanded_navaid": null, "recommanded_navaid_latitude": null, "recommanded_navaid_longitude": null, "arc_radius": null, "theta": null, "rho": null, "magnetic_course": 175.0, "route_distance_holding_distance_time": 5.0, "distance_time": "D", "altitude_description": "@", "altitude1": 348.0, "altitude2": null, "transition_altitude": null, "speed_limit_description": null, "speed_limit": null, "vertical_angle": -2.98, "center_waypoint": null, "center_waypoint_latitude": null, "center_waypoint_longitude": null, "aircraft_category": null}, "geometry": {"type": "MultiPoint", "coordinates": [[94.97425, 20.16550833]]}}, {"type": "Feature", "properties": {"fid": 774, "area_code": "PAC", "airport_identifier": "VYMW", "procedure_identifier": "N19", "route_type": "N", "transition_identifier": null, "seqno": 40, "waypoint_icao_code": "VY", "waypoint_identifier": "MW", "waypoint_latitude": 20.16118333, "waypoint_longitude": 94.97473333, "waypoint_description_code": "EY M", "turn_direction": null, "rnp": null, "path_termination": "CF", "recommanded_navaid": null, "recommanded_navaid_latitude": null, "recommanded_navaid_longitude": null, "arc_radius": null, "theta": null, "rho": null, "magnetic_course": 175.0, "route_distance_holding_distance_time": 0.3, "distance_time": "D", "altitude_description": "+", "altitude1": 800.0, "altitude2": null, "transition_altitude": null, "speed_limit_description": null, "speed_limit": null, "vertical_angle": null, "center_waypoint": null, "center_waypoint_latitude": null, "center_waypoint_longitude": null, "aircraft_category": null}, "geometry": {"type": "MultiPoint", "coordinates": [[94.97473333, 20.16118333]]}}, {"type": "Feature", "properties": {"fid": 776, "area_code": "PAC", "airport_identifier": "VYMW", "procedure_identifier": "N19", "route_type": "N", "transition_identifier": null, "seqno": 50, "waypoint_icao_code": null, "waypoint_identifier": null, "waypoint_latitude": null, "waypoint_longitude": null, "waypoint_description_code": null, "turn_direction": null, "rnp": null, "path_termination": "VA", "recommanded_navaid": null, "recommanded_navaid_latitude": null, "recommanded_navaid_longitude": null, "arc_radius": null, "theta": null, "rho": null, "magnetic_course": 175.0, "route_distance_holding_distance_time": null, "distance_time": null, "altitude_description": "+", "altitude1": 2000.0, "altitude2": null, "transition_altitude": null, "speed_limit_description": null, "speed_limit": null, "vertical_angle": null, "center_waypoint": null, "center_waypoint_latitude": null, "center_waypoint_longitude": null, "aircraft_category": null}, "geometry": {"type": "MultiPoint", "coordinates": []}}, {"type": "Feature", "properties": {"fid": 777, "area_code": "PAC", "airport_identifier": "VYMW", "procedure_identifier": "N19", "route_type": "N", "transition_identifier": null, "seqno": 60, "waypoint_icao_code": "VY", "waypoint_identifier": "MW", "waypoint_latitude": 20.16118333, "waypoint_longitude": 94.97473333, "waypoint_description_code": "E", "turn_direction": "L", "rnp": null, "path_termination": "DF", "recommanded_navaid": null, "recommanded_navaid_latitude": null, "recommanded_navaid_longitude": null, "arc_radius": null, "theta": null, "rho": null, "magnetic_course": null, "route_distance_holding_distance_time": null, "distance_time": null, "altitude_description": "@", "altitude1": 3000.0, "altitude2": null, "transition_altitude": null, "speed_limit_description": null, "speed_limit": null, "vertical_angle": null, "center_waypoint": null, "center_waypoint_latitude": null, "center_waypoint_longitude": null, "aircraft_category": null}, "geometry": {"type": "MultiPoint", "coordinates": [[94.97473333, 20.16118333]]}}, {"type": "Feature", "properties": {"fid": 778, "area_code": "PAC", "airport_identifier": "VYMW", "procedure_identifier": "N19", "route_type": "N", "transition_identifier": null, "seqno": 70, "waypoint_icao_code": "VY", "waypoint_identifier": "MW", "waypoint_latitude": 20.16118333, "waypoint_longitude": 94.97473333, "waypoint_description_code": "E  H", "turn_direction": "L", "rnp": null, "path_termination": "HM", "recommanded_navaid": null, "recommanded_navaid_latitude": null, "recommanded_navaid_longitude": null, "arc_radius": null, "theta": null, "rho": null, "magnetic_course": 325.0, "route_distance_holding_distance_time": 1.0, "distance_time": "T", "altitude_description": null, "altitude1": null, "altitude2": null, "transition_altitude": null, "speed_limit_description": null, "speed_limit": null, "vertical_angle": null, "center_waypoint": null, "center_waypoint_latitude": null, "center_waypoint_longitude": null, "aircraft_category": null}, "geometry": {"type": "MultiPoint", "coordinates": [[94.97473333, 20.16118333]]}}, {"type": "Feature", "properties": {"fid": 780, "area_code": "PAC", "airport_identifier": "VYMK", "procedure_identifier": "D22", "route_type": "A", "transition_identifier": "D002W", "seqno": 10, "waypoint_icao_code": "VY", "waypoint_identifier": "D002W", "waypoint_latitude": 25.77209722, "waypoint_longitude": 97.36582778, "waypoint_description_code": "E  A", "turn_direction": null, "rnp": null, "path_termination": "IF", "recommanded_navaid": null, "recommanded_navaid_latitude": null, "recommanded_navaid_longitude": null, "arc_radius": null, "theta": null, "rho": null, "magnetic_course": null, "route_distance_holding_distance_time": null, "distance_time": null, "altitude_description": "+", "altitude1": 11000.0, "altitude2": null, "transition_altitude": null, "speed_limit_description": null, "speed_limit": null, "vertical_angle": null, "center_waypoint": null, "center_waypoint_latitude": null, "center_waypoint_longitude": null, "aircraft_category": null}, "geometry": {"type": "MultiPoint", "coordinates": [[97.36582778, 25.77209722]]}}, {"type": "Feature", "properties": {"fid": 781, "area_code": "PAC", "airport_identifier": "VYMK", "procedure_identifier": "D22", "route_type": "A", "transition_identifier": "D002W", "seqno": 20, "waypoint_icao_code": "VY", "waypoint_identifier": "D002O", "waypoint_latitude": 25.63837778, "waypoint_longitude": 97.36324722, "waypoint_description_code": "E", "turn_direction": null, "rnp": null, "path_termination": "TF", "recommanded_navaid": null, "recommanded_navaid_latitude": null, "recommanded_navaid_longitude": null, "arc_radius": null, "theta": null, "rho": null, "magnetic_course": null, "route_distance_holding_distance_time": null, "distance_time": null, "altitude_description": "+", "altitude1": 8100.0, "altitude2": null, "transition_altitude": null, "speed_limit_description": null, "speed_limit": null, "vertical_angle": null, "center_waypoint": null, "center_waypoint_latitude": null, "center_waypoint_longitude": null, "aircraft_category": null}, "geometry": {"type": "MultiPoint", "coordinates": [[97.36324722, 25.63837778]]}}, {"type": "Feature", "properties": {"fid": 782, "area_code": "PAC", "airport_identifier": "VYMK", "procedure_identifier": "D22", "route_type": "A", "transition_identifier": "D002W", "seqno": 30, "waypoint_icao_code": "VY", "waypoint_identifier": "D023O", "waypoint_latitude": 25.62012222, "waypoint_longitude": 97.46203056, "waypoint_description_code": "E", "turn_direction": "R", "rnp": null, "path_termination": "AF", "recommanded_navaid": null, "recommanded_navaid_latitude": null, "recommanded_navaid_longitude": null, "arc_radius": null, "theta": null, "rho": null, "magnetic_course": 2.0, "route_distance_holding_distance_time": null, "distance_time": null, "altitude_description": "+", "altitude1": 6100.0, "altitude2": null, "transition_altitude": null, "speed_limit_description": null, "speed_limit": null, "vertical_angle": null, "center_waypoint": "MKN", "center_waypoint_latitude": 25.38765, "center_waypoint_longitude": 97.35841944, "aircraft_category": null}, "geometry": {"type": "MultiPoint", "coordinates": [[97.46203056, 25.62012222]]}}, {"type": "Feature", "properties": {"fid": 783, "area_code": "PAC", "airport_identifier": "VYMK", "procedure_identifier": "D22", "route_type": "A", "transition_identifier": "D002W", "seqno": 40, "waypoint_icao_code": "VY", "waypoint_identifier": "CD22", "waypoint_latitude": 25.59546389, "waypoint_longitude": 97.51305556, "waypoint_description_code": "E", "turn_direction": "R", "rnp": null, "path_termination": "AF", "recommanded_navaid": null, "recommanded_navaid_latitude": null, "recommanded_navaid_longitude": null, "arc_radius": null, "theta": null, "rho": null, "magnetic_course": 23.0, "route_distance_holding_distance_time": null, "distance_time": null, "altitude_description": "+", "altitude1": 5000.0, "altitude2": null, "transition_altitude": null, "speed_limit_description": null, "speed_limit": null, "vertical_angle": null, "center_waypoint": "MKN", "center_waypoint_latitude": 25.38765, "center_waypoint_longitude": 97.35841944, "aircraft_category": null}, "geometry": {"type": "MultiPoint", "coordinates": [[97.51305556, 25.59546389]]}}, {"type": "Feature", "properties": {"fid": 785, "area_code": "PAC", "airport_identifier": "VYMK", "procedure_identifier": "D22", "route_type": "A", "transition_identifier": "MKN1", "seqno": 10, "waypoint_icao_code": "VY", "waypoint_identifier": "MKN", "waypoint_latitude": 25.38765, "waypoint_longitude": 97.35841944, "waypoint_description_code": "E  A", "turn_direction": null, "rnp": null, "path_termination": "IF", "recommanded_navaid": null, "recommanded_navaid_latitude": null, "recommanded_navaid_longitude": null, "arc_radius": null, "theta": null, "rho": null, "magnetic_course": null, "route_distance_holding_distance_time": null, "distance_time": null, "altitude_description": "+", "altitude1": 5000.0, "altitude2": null, "transition_altitude": null, "speed_limit_description": null, "speed_limit": null, "vertical_angle": null, "center_waypoint": null, "center_waypoint_latitude": null, "center_waypoint_longitude": null, "aircraft_category": null}, "geometry": {"type": "MultiPoint", "coordinates": [[97.35841944, 25.38765]]}}, {"type": "Feature", "properties": {"fid": 786, "area_code": "PAC", "airport_identifier": "VYMK", "procedure_identifier": "D22", "route_type": "A", "transition_identifier": "MKN1", "seqno": 20, "waypoint_icao_code": "VY", "waypoint_identifier": "D057O", "waypoint_latitude": 25.5277, "waypoint_longitude": 97.58754722, "waypoint_description_code": "E", "turn_direction": null, "rnp": null, "path_termination": "TF", "recommanded_navaid": null, "recommanded_navaid_latitude": null, "recommanded_navaid_longitude": null, "arc_radius": null, "theta": null, "rho": null, "magnetic_course": null, "route_distance_holding_distance_time": null, "distance_time": null, "altitude_description": "+", "altitude1": 5000.0, "altitude2": null, "transition_altitude": null, "speed_limit_description": null, "speed_limit": null, "vertical_angle": null, "center_waypoint": null, "center_waypoint_latitude": null, "center_waypoint_longitude": null, "aircraft_category": null}, "geometry": {"type": "MultiPoint", "coordinates": [[97.58754722, 25.5277]]}}, {"type": "Feature", "properties": {"fid": 787, "area_code": "PAC", "airport_identifier": "VYMK", "procedure_identifier": "D22", "route_type": "A", "transition_identifier": "MKN1", "seqno": 30, "waypoint_icao_code": "VY", "waypoint_identifier": "CD22", "waypoint_latitude": 25.59546389, "waypoint_longitude": 97.51305556, "waypoint_description_code": "E", "turn_direction": "L", "rnp": null, "path_termination": "AF", "recommanded_navaid": null, "recommanded_navaid_latitude": null, "recommanded_navaid_longitude": null, "arc_radius": null, "theta": null, "rho": null, "magnetic_course": 57.0, "route_distance_holding_distance_time": null, "distance_time": null, "altitude_description": "+", "altitude1": 5000.0, "altitude2": null, "transition_altitude": null, "speed_limit_description": null, "speed_limit": null, "vertical_angle": null, "center_waypoint": "MKN", "center_waypoint_latitude": 25.38765, "center_waypoint_longitude": 97.35841944, "aircraft_category": null}, "geometry": {"type": "MultiPoint", "coordinates": [[97.51305556, 25.59546389]]}}, {"type": "Feature", "properties": {"fid": 789, "area_code": "PAC", "airport_identifier": "VYMK", "procedure_identifier": "D22", "route_type": "A", "transition_identifier": "MKN2", "seqno": 10, "waypoint_icao_code": "VY", "waypoint_identifier": "MKN", "waypoint_latitude": 25.38765, "waypoint_longitude": 97.35841944, "waypoint_description_code": "E  A", "turn_direction": null, "rnp": null, "path_termination": "IF", "recommanded_navaid": null, "recommanded_navaid_latitude": null, "recommanded_navaid_longitude": null, "arc_radius": null, "theta": null, "rho": null, "magnetic_course": null, "route_distance_holding_distance_time": null, "distance_time": null, "altitude_description": "+", "altitude1": 5000.0, "altitude2": null, "transition_altitude": null, "speed_limit_description": null, "speed_limit": null, "vertical_angle": null, "center_waypoint": null, "center_waypoint_latitude": null, "center_waypoint_longitude": null, "aircraft_category": null}, "geometry": {"type": "MultiPoint", "coordinates": [[97.35841944, 25.38765]]}}, {"type": "Feature", "properties": {"fid": 790, "area_code": "PAC", "airport_identifier": "VYMK", "procedure_identifier": "D22", "route_type": "A", "transition_identifier": "MKN2", "seqno": 20, "waypoint_icao_code": "VY", "waypoint_identifier": "D050O", "waypoint_latitude": 25.55201944, "waypoint_longitude": 97.56704722, "waypoint_description_code": "E", "turn_direction": null, "rnp": null, "path_termination": "TF", "recommanded_navaid": null, "recommanded_navaid_latitude": null, "recommanded_navaid_longitude": null, "arc_radius": null, "theta": null, "rho": null, "magnetic_course": null, "route_distance_holding_distance_time": null, "distance_time": null, "altitude_description": "+", "altitude1": 5000.0, "altitude2": null, "transition_altitude": null, "speed_limit_description": null, "speed_limit": null, "vertical_angle": null, "center_waypoint": null, "center_waypoint_latitude": null, "center_waypoint_longitude": null, "aircraft_category": null}, "geometry": {"type": "MultiPoint", "coordinates": [[97.56704722, 25.55201944]]}}, {"type": "Feature", "properties": {"fid": 791, "area_code": "PAC", "airport_identifier": "VYMK", "procedure_identifier": "D22", "route_type": "A", "transition_identifier": "MKN2", "seqno": 30, "waypoint_icao_code": "VY", "waypoint_identifier": "CD22", "waypoint_latitude": 25.59546389, "waypoint_longitude": 97.51305556, "waypoint_description_code": "E", "turn_direction": "L", "rnp": null, "path_termination": "AF", "recommanded_navaid": null, "recommanded_navaid_latitude": null, "recommanded_navaid_longitude": null, "arc_radius": null, "theta": null, "rho": null, "magnetic_course": 50.0, "route_distance_holding_distance_time": null, "distance_time": null, "altitude_description": "+", "altitude1": 5000.0, "altitude2": null, "transition_altitude": null, "speed_limit_description": null, "speed_limit": null, "vertical_angle": null, "center_waypoint": "MKN", "center_waypoint_latitude": 25.38765, "center_waypoint_longitude": 97.35841944, "aircraft_category": null}, "geometry": {"type": "MultiPoint", "coordinates": [[97.51305556, 25.59546389]]}}, {"type": "Feature", "properties": {"fid": 793, "area_code": "PAC", "airport_identifier": "VYMK", "procedure_identifier": "D22", "route_type": "D", "transition_identifier": null, "seqno": 10, "waypoint_icao_code": "VY", "waypoint_identifier": "CD22", "waypoint_latitude": 25.59546389, "waypoint_longitude": 97.51305556, "waypoint_description_code": "E  I", "turn_direction": null, "rnp": null, "path_termination": "IF", "recommanded_navaid": null, "recommanded_navaid_latitude": null, "recommanded_navaid_longitude": null, "arc_radius": null, "theta": null, "rho": null, "magnetic_course": null, "route_distance_holding_distance_time": null, "distance_time": null, "altitude_description": "+", "altitude1": 5000.0, "altitude2": null, "transition_altitude": null, "speed_limit_description": null, "speed_limit": null, "vertical_angle": null, "center_waypoint": null, "center_waypoint_latitude": null, "center_waypoint_longitude": null, "aircraft_category": null}, "geometry": {"type": "MultiPoint", "coordinates": [[97.51305556, 25.59546389]]}}, {"type": "Feature", "properties": {"fid": 794, "area_code": "PAC", "airport_identifier": "VYMK", "procedure_identifier": "D22", "route_type": "D", "transition_identifier": null, "seqno": 20, "waypoint_icao_code": "VY", "waypoint_identifier": "FD22", "waypoint_latitude": 25.52621111, "waypoint_longitude": 97.46145, "waypoint_description_code": "E", "turn_direction": null, "rnp": null, "path_termination": "CF", "recommanded_navaid": null, "recommanded_navaid_latitude": null, "recommanded_navaid_longitude": null, "arc_radius": null, "theta": null, "rho": null, "magnetic_course": 215.0, "route_distance_holding_distance_time": 5.0, "distance_time": "D", "altitude_description": "+", "altitude1": 4200.0, "altitude2": null, "transition_altitude": null, "speed_limit_description": null, "speed_limit": null, "vertical_angle": null, "center_waypoint": null, "center_waypoint_latitude": null, "center_waypoint_longitude": null, "aircraft_category": null}, "geometry": {"type": "MultiPoint", "coordinates": [[97.46145, 25.52621111]]}}, {"type": "Feature", "properties": {"fid": 795, "area_code": "PAC", "airport_identifier": "VYMK", "procedure_identifier": "D22", "route_type": "D", "transition_identifier": null, "seqno": 25, "waypoint_icao_code": "VY", "waypoint_identifier": "50VOR", "waypoint_latitude": 25.45693889, "waypoint_longitude": 97.40990556, "waypoint_description_code": "E  F", "turn_direction": null, "rnp": null, "path_termination": "CF", "recommanded_navaid": null, "recommanded_navaid_latitude": null, "recommanded_navaid_longitude": null, "arc_radius": null, "theta": null, "rho": null, "magnetic_course": 215.0, "route_distance_holding_distance_time": 5.0, "distance_time": "D", "altitude_description": "+", "altitude1": 2320.0, "altitude2": null, "transition_altitude": null, "speed_limit_description": null, "speed_limit": null, "vertical_angle": -3.53, "center_waypoint": null, "center_waypoint_latitude": null, "center_waypoint_longitude": null, "aircraft_category": null}, "geometry": {"type": "MultiPoint", "coordinates": [[97.40990556, 25.45693889]]}}, {"type": "Feature", "properties": {"fid": 796, "area_code": "PAC", "airport_identifier": "VYMK", "procedure_identifier": "D22", "route_type": "D", "transition_identifier": null, "seqno": 30, "waypoint_icao_code": "VY", "waypoint_identifier": "RW22", "waypoint_latitude": 25.39161667, "waypoint_longitude": 97.35973611, "waypoint_description_code": "G  M", "turn_direction": null, "rnp": null, "path_termination": "CF", "recommanded_navaid": null, "recommanded_navaid_latitude": null, "recommanded_navaid_longitude": null, "arc_radius": null, "theta": null, "rho": null, "magnetic_course": 215.0, "route_distance_holding_distance_time": 4.8, "distance_time": "D", "altitude_description": "@", "altitude1": 534.0, "altitude2": null, "transition_altitude": null, "speed_limit_description": null, "speed_limit": null, "vertical_angle": -3.53, "center_waypoint": null, "center_waypoint_latitude": null, "center_waypoint_longitude": null, "aircraft_category": null}, "geometry": {"type": "MultiPoint", "coordinates": [[97.35973611, 25.39161667]]}}, {"type": "Feature", "properties": {"fid": 798, "area_code": "PAC", "airport_identifier": "VYMK", "procedure_identifier": "D22", "route_type": "D", "transition_identifier": null, "seqno": 40, "waypoint_icao_code": "VY", "waypoint_identifier": "MKN", "waypoint_latitude": 25.38765, "waypoint_longitude": 97.35841944, "waypoint_description_code": "EY", "turn_direction": null, "rnp": null, "path_termination": "CF", "recommanded_navaid": null, "recommanded_navaid_latitude": null, "recommanded_navaid_longitude": null, "arc_radius": null, "theta": null, "rho": null, "magnetic_course": 215.0, "route_distance_holding_distance_time": 0.3, "distance_time": "D", "altitude_description": null, "altitude1": null, "altitude2": null, "transition_altitude": null, "speed_limit_description": null, "speed_limit": null, "vertical_angle": null, "center_waypoint": null, "center_waypoint_latitude": null, "center_waypoint_longitude": null, "aircraft_category": null}, "geometry": {"type": "MultiPoint", "coordinates": [[97.35841944, 25.38765]]}}, {"type": "Feature", "properties": {"fid": 799, "area_code": "PAC", "airport_identifier": "VYMK", "procedure_identifier": "D22", "route_type": "D", "transition_identifier": null, "seqno": 50, "waypoint_icao_code": "VY", "waypoint_identifier": "D180G", "waypoint_latitude": 25.27063889, "waypoint_longitude": 97.36066389, "waypoint_description_code": "EY", "turn_direction": null, "rnp": null, "path_termination": "CF", "recommanded_navaid": null, "recommanded_navaid_latitude": null, "recommanded_navaid_longitude": null, "arc_radius": null, "theta": null, "rho": null, "magnetic_course": 180.0, "route_distance_holding_distance_time": 7.0, "distance_time": "D", "altitude_description": "+", "altitude1": 3000.0, "altitude2": null, "transition_altitude": null, "speed_limit_description": null, "speed_limit": null, "vertical_angle": null, "center_waypoint": null, "center_waypoint_latitude": null, "center_waypoint_longitude": null, "aircraft_category": null}, "geometry": {"type": "MultiPoint", "coordinates": [[97.36066389, 25.27063889]]}}, {"type": "Feature", "properties": {"fid": 800, "area_code": "PAC", "airport_identifier": "VYMK", "procedure_identifier": "D22", "route_type": "D", "transition_identifier": null, "seqno": 60, "waypoint_icao_code": "VY", "waypoint_identifier": "MKN", "waypoint_latitude": 25.38765, "waypoint_longitude": 97.35841944, "waypoint_description_code": "E", "turn_direction": "R", "rnp": null, "path_termination": "DF", "recommanded_navaid": null, "recommanded_navaid_latitude": null, "recommanded_navaid_longitude": null, "arc_radius": null, "theta": null, "rho": null, "magnetic_course": null, "route_distance_holding_distance_time": null, "distance_time": null, "altitude_description": null, "altitude1": null, "altitude2": null, "transition_altitude": null, "speed_limit_description": "-", "speed_limit": 210.0, "vertical_angle": null, "center_waypoint": null, "center_waypoint_latitude": null, "center_waypoint_longitude": null, "aircraft_category": null}, "geometry": {"type": "MultiPoint", "coordinates": [[97.35841944, 25.38765]]}}, {"type": "Feature", "properties": {"fid": 802, "area_code": "PAC", "airport_identifier": "VYMD", "procedure_identifier": "R35", "route_type": "A", "transition_identifier": "MDS01", "seqno": 10, "waypoint_icao_code": "VY", "waypoint_identifier": "MDS01", "waypoint_latitude": 21.49627778, "waypoint_longitude": 95.91480556, "waypoint_description_code": "E  A", "turn_direction": null, "rnp": 1.0, "path_termination": "IF", "recommanded_navaid": null, "recommanded_navaid_latitude": null, "recommanded_navaid_longitude": null, "arc_radius": null, "theta": null, "rho": null, "magnetic_course": null, "route_distance_holding_distance_time": null, "distance_time": null, "altitude_description": "+", "altitude1": 5000.0, "altitude2": null, "transition_altitude": null, "speed_limit_description": "-", "speed_limit": 230.0, "vertical_angle": null, "center_waypoint": null, "center_waypoint_latitude": null, "center_waypoint_longitude": null, "aircraft_category": null}, "geometry": {"type": "MultiPoint", "coordinates": [[95.91480556, 21.49627778]]}}, {"type": "Feature", "properties": {"fid": 803, "area_code": "PAC", "airport_identifier": "VYMD", "procedure_identifier": "R35", "route_type": "A", "transition_identifier": "MDS01", "seqno": 20, "waypoint_icao_code": "VY", "waypoint_identifier": "MDS05", "waypoint_latitude": 21.51372222, "waypoint_longitude": 96.01058333, "waypoint_description_code": "E", "turn_direction": null, "rnp": 1.0, "path_termination": "TF", "recommanded_navaid": null, "recommanded_navaid_latitude": null, "recommanded_navaid_longitude": null, "arc_radius": null, "theta": null, "rho": null, "magnetic_course": null, "route_distance_holding_distance_time": null, "distance_time": null, "altitude_description": "+", "altitude1": 3000.0, "altitude2": null, "transition_altitude": null, "speed_limit_description": "-", "speed_limit": 200.0, "vertical_angle": null, "center_waypoint": null, "center_waypoint_latitude": null, "center_waypoint_longitude": null, "aircraft_category": null}, "geometry": {"type": "MultiPoint", "coordinates": [[96.01058333, 21.51372222]]}}, {"type": "Feature", "properties": {"fid": 805, "area_code": "PAC", "airport_identifier": "VYMD", "procedure_identifier": "R35", "route_type": "A", "transition_identifier": "MDS02", "seqno": 10, "waypoint_icao_code": "VY", "waypoint_identifier": "MDS02", "waypoint_latitude": 21.42933333, "waypoint_longitude": 96.02811111, "waypoint_description_code": "E  A", "turn_direction": null, "rnp": 1.0, "path_termination": "IF", "recommanded_navaid": null, "recommanded_navaid_latitude": null, "recommanded_navaid_longitude": null, "arc_radius": null, "theta": null, "rho": null, "magnetic_course": null, "route_distance_holding_distance_time": null, "distance_time": null, "altitude_description": "+", "altitude1": 5000.0, "altitude2": null, "transition_altitude": null, "speed_limit_description": "-", "speed_limit": 230.0, "vertical_angle": null, "center_waypoint": null, "center_waypoint_latitude": null, "center_waypoint_longitude": null, "aircraft_category": null}, "geometry": {"type": "MultiPoint", "coordinates": [[96.02811111, 21.42933333]]}}, {"type": "Feature", "properties": {"fid": 806, "area_code": "PAC", "airport_identifier": "VYMD", "procedure_identifier": "R35", "route_type": "A", "transition_identifier": "MDS02", "seqno": 20, "waypoint_icao_code": "VY", "waypoint_identifier": "MDS05", "waypoint_latitude": 21.51372222, "waypoint_longitude": 96.01058333, "waypoint_description_code": "E", "turn_direction": null, "rnp": 1.0, "path_termination": "TF", "recommanded_navaid": null, "recommanded_navaid_latitude": null, "recommanded_navaid_longitude": null, "arc_radius": null, "theta": null, "rho": null, "magnetic_course": null, "route_distance_holding_distance_time": null, "distance_time": null, "altitude_description": "+", "altitude1": 3000.0, "altitude2": null, "transition_altitude": null, "speed_limit_description": "-", "speed_limit": 200.0, "vertical_angle": null, "center_waypoint": null, "center_waypoint_latitude": null, "center_waypoint_longitude": null, "aircraft_category": null}, "geometry": {"type": "MultiPoint", "coordinates": [[96.01058333, 21.51372222]]}}, {"type": "Feature", "properties": {"fid": 808, "area_code": "PAC", "airport_identifier": "VYMD", "procedure_identifier": "R35", "route_type": "A", "transition_identifier": "MDS03", "seqno": 10, "waypoint_icao_code": "VY", "waypoint_identifier": "MDS03", "waypoint_latitude": 21.53113889, "waypoint_longitude": 96.10641667, "waypoint_description_code": "E  A", "turn_direction": null, "rnp": 1.0, "path_termination": "IF", "recommanded_navaid": null, "recommanded_navaid_latitude": null, "recommanded_navaid_longitude": null, "arc_radius": null, "theta": null, "rho": null, "magnetic_course": null, "route_distance_holding_distance_time": null, "distance_time": null, "altitude_description": "+", "altitude1": 5000.0, "altitude2": null, "transition_altitude": null, "speed_limit_description": "-", "speed_limit": 230.0, "vertical_angle": null, "center_waypoint": null, "center_waypoint_latitude": null, "center_waypoint_longitude": null, "aircraft_category": null}, "geometry": {"type": "MultiPoint", "coordinates": [[96.10641667, 21.53113889]]}}, {"type": "Feature", "properties": {"fid": 809, "area_code": "PAC", "airport_identifier": "VYMD", "procedure_identifier": "R35", "route_type": "A", "transition_identifier": "MDS03", "seqno": 20, "waypoint_icao_code": "VY", "waypoint_identifier": "MDS05", "waypoint_latitude": 21.51372222, "waypoint_longitude": 96.01058333, "waypoint_description_code": "E", "turn_direction": null, "rnp": 1.0, "path_termination": "TF", "recommanded_navaid": null, "recommanded_navaid_latitude": null, "recommanded_navaid_longitude": null, "arc_radius": null, "theta": null, "rho": null, "magnetic_course": null, "route_distance_holding_distance_time": null, "distance_time": null, "altitude_description": "+", "altitude1": 3000.0, "altitude2": null, "transition_altitude": null, "speed_limit_description": "-", "speed_limit": 200.0, "vertical_angle": null, "center_waypoint": null, "center_waypoint_latitude": null, "center_waypoint_longitude": null, "aircraft_category": null}, "geometry": {"type": "MultiPoint", "coordinates": [[96.01058333, 21.51372222]]}}, {"type": "Feature", "properties": {"fid": 811, "area_code": "PAC", "airport_identifier": "VYMD", "procedure_identifier": "R35", "route_type": "R", "transition_identifier": null, "seqno": 10, "waypoint_icao_code": "VY", "waypoint_identifier": "MDS05", "waypoint_latitude": 21.51372222, "waypoint_longitude": 96.01058333, "waypoint_description_code": "E  I", "turn_direction": null, "rnp": null, "path_termination": "IF", "recommanded_navaid": null, "recommanded_navaid_latitude": null, "recommanded_navaid_longitude": null, "arc_radius": null, "theta": null, "rho": null, "magnetic_course": null, "route_distance_holding_distance_time": null, "distance_time": null, "altitude_description": "+", "altitude1": 3000.0, "altitude2": null, "transition_altitude": null, "speed_limit_description": "-", "speed_limit": 200.0, "vertical_angle": null, "center_waypoint": null, "center_waypoint_latitude": null, "center_waypoint_longitude": null, "aircraft_category": null}, "geometry": {"type": "MultiPoint", "coordinates": [[96.01058333, 21.51372222]]}}, {"type": "Feature", "properties": {"fid": 812, "area_code": "PAC", "airport_identifier": "VYMD", "procedure_identifier": "R35", "route_type": "R", "transition_identifier": null, "seqno": 20, "waypoint_icao_code": "VY", "waypoint_identifier": "MDS04", "waypoint_latitude": 21.59658333, "waypoint_longitude": 95.99594444, "waypoint_description_code": "E  F", "turn_direction": null, "rnp": null, "path_termination": "TF", "recommanded_navaid": null, "recommanded_navaid_latitude": null, "recommanded_navaid_longitude": null, "arc_radius": null, "theta": null, "rho": null, "magnetic_course": 352.0, "route_distance_holding_distance_time": 5.0, "distance_time": "D", "altitude_description": "@", "altitude1": 2000.0, "altitude2": null, "transition_altitude": null, "speed_limit_description": null, "speed_limit": null, "vertical_angle": null, "center_waypoint": null, "center_waypoint_latitude": null, "center_waypoint_longitude": null, "aircraft_category": null}, "geometry": {"type": "MultiPoint", "coordinates": [[95.99594444, 21.59658333]]}}, {"type": "Feature", "properties": {"fid": 813, "area_code": "PAC", "airport_identifier": "VYMD", "procedure_identifier": "R35", "route_type": "R", "transition_identifier": null, "seqno": 30, "waypoint_icao_code": "VY", "waypoint_identifier": "RW35", "waypoint_latitude": 21.68203333, "waypoint_longitude": 95.98074444, "waypoint_description_code": "GY M", "turn_direction": null, "rnp": null, "path_termination": "TF", "recommanded_navaid": null, "recommanded_navaid_latitude": null, "recommanded_navaid_longitude": null, "arc_radius": null, "theta": null, "rho": null, "magnetic_course": 352.0, "route_distance_holding_distance_time": 5.2, "distance_time": "D", "altitude_description": "@", "altitude1": 351.0, "altitude2": null, "transition_altitude": null, "speed_limit_description": null, "speed_limit": null, "vertical_angle": -3.0, "center_waypoint": null, "center_waypoint_latitude": null, "center_waypoint_longitude": null, "aircraft_category": null}, "geometry": {"type": "MultiPoint", "coordinates": [[95.98074444, 21.68203333]]}}, {"type": "Feature", "properties": {"fid": 815, "area_code": "PAC", "airport_identifier": "VYMD", "procedure_identifier": "R35", "route_type": "R", "transition_identifier": null, "seqno": 40, "waypoint_icao_code": "VY", "waypoint_identifier": "MDN08", "waypoint_latitude": 21.76011111, "waypoint_longitude": 95.94872222, "waypoint_description_code": "E", "turn_direction": null, "rnp": 1.0, "path_termination": "CF", "recommanded_navaid": null, "recommanded_navaid_latitude": null, "recommanded_navaid_longitude": null, "arc_radius": null, "theta": null, "rho": null, "magnetic_course": 340.0, "route_distance_holding_distance_time": 5.0, "distance_time": "D", "altitude_description": "+", "altitude1": 1400.0, "altitude2": null, "transition_altitude": null, "speed_limit_description": null, "speed_limit": null, "vertical_angle": null, "center_waypoint": null, "center_waypoint_latitude": null, "center_waypoint_longitude": null, "aircraft_category": null}, "geometry": {"type": "MultiPoint", "coordinates": [[95.94872222, 21.76011111]]}}, {"type": "Feature", "properties": {"fid": 816, "area_code": "PAC", "airport_identifier": "VYMD", "procedure_identifier": "R35", "route_type": "R", "transition_identifier": null, "seqno": 50, "waypoint_icao_code": "VY", "waypoint_identifier": "MDN09", "waypoint_latitude": 21.70008333, "waypoint_longitude": 95.78163889, "waypoint_description_code": "E", "turn_direction": null, "rnp": 1.0, "path_termination": "TF", "recommanded_navaid": null, "recommanded_navaid_latitude": null, "recommanded_navaid_longitude": null, "arc_radius": null, "theta": null, "rho": null, "magnetic_course": null, "route_distance_holding_distance_time": null, "distance_time": null, "altitude_description": "+", "altitude1": 2900.0, "altitude2": null, "transition_altitude": null, "speed_limit_description": "-", "speed_limit": 210.0, "vertical_angle": null, "center_waypoint": null, "center_waypoint_latitude": null, "center_waypoint_longitude": null, "aircraft_category": null}, "geometry": {"type": "MultiPoint", "coordinates": [[95.78163889, 21.70008333]]}}, {"type": "Feature", "properties": {"fid": 817, "area_code": "PAC", "airport_identifier": "VYMD", "procedure_identifier": "R35", "route_type": "R", "transition_identifier": null, "seqno": 60, "waypoint_icao_code": "VY", "waypoint_identifier": "MDN10", "waypoint_latitude": 21.62202778, "waypoint_longitude": 95.81369444, "waypoint_description_code": "EY", "turn_direction": null, "rnp": 1.0, "path_termination": "TF", "recommanded_navaid": null, "recommanded_navaid_latitude": null, "recommanded_navaid_longitude": null, "arc_radius": null, "theta": null, "rho": null, "magnetic_course": null, "route_distance_holding_distance_time": null, "distance_time": null, "altitude_description": "+", "altitude1": 3600.0, "altitude2": null, "transition_altitude": null, "speed_limit_description": "-", "speed_limit": 230.0, "vertical_angle": null, "center_waypoint": null, "center_waypoint_latitude": null, "center_waypoint_longitude": null, "aircraft_category": null}, "geometry": {"type": "MultiPoint", "coordinates": [[95.81369444, 21.62202778]]}}, {"type": "Feature", "properties": {"fid": 818, "area_code": "PAC", "airport_identifier": "VYMD", "procedure_identifier": "R35", "route_type": "R", "transition_identifier": null, "seqno": 70, "waypoint_icao_code": "VY", "waypoint_identifier": "MDN10", "waypoint_latitude": 21.62202778, "waypoint_longitude": 95.81369444, "waypoint_description_code": "E  H", "turn_direction": "R", "rnp": null, "path_termination": "HM", "recommanded_navaid": null, "recommanded_navaid_latitude": null, "recommanded_navaid_longitude": null, "arc_radius": null, "theta": null, "rho": null, "magnetic_course": 110.0, "route_distance_holding_distance_time": 1.0, "distance_time": "T", "altitude_description": "-", "altitude1": 4000.0, "altitude2": null, "transition_altitude": null, "speed_limit_description": "-", "speed_limit": 230.0, "vertical_angle": null, "center_waypoint": null, "center_waypoint_latitude": null, "center_waypoint_longitude": null, "aircraft_category": null}, "geometry": {"type": "MultiPoint", "coordinates": [[95.81369444, 21.62202778]]}}, {"type": "Feature", "properties": {"fid": 820, "area_code": "PAC", "airport_identifier": "VYBM", "procedure_identifier": "N15", "route_type": "A", "transition_identifier": "BM1", "seqno": 10, "waypoint_icao_code": "VY", "waypoint_identifier": "BM", "waypoint_latitude": 24.26932778, "waypoint_longitude": 97.24849722, "waypoint_description_code": "E  A", "turn_direction": null, "rnp": null, "path_termination": "IF", "recommanded_navaid": null, "recommanded_navaid_latitude": null, "recommanded_navaid_longitude": null, "arc_radius": null, "theta": null, "rho": null, "magnetic_course": null, "route_distance_holding_distance_time": null, "distance_time": null, "altitude_description": "+", "altitude1": 3000.0, "altitude2": null, "transition_altitude": null, "speed_limit_description": null, "speed_limit": null, "vertical_angle": null, "center_waypoint": null, "center_waypoint_latitude": null, "center_waypoint_longitude": null, "aircraft_category": null}, "geometry": {"type": "MultiPoint", "coordinates": [[97.24849722, 24.26932778]]}}, {"type": "Feature", "properties": {"fid": 821, "area_code": "PAC", "airport_identifier": "VYBM", "procedure_identifier": "N15", "route_type": "A", "transition_identifier": "BM1", "seqno": 20, "waypoint_icao_code": null, "waypoint_identifier": null, "waypoint_latitude": null, "waypoint_longitude": null, "waypoint_description_code": null, "turn_direction": null, "rnp": null, "path_termination": "FC", "recommanded_navaid": null, "recommanded_navaid_latitude": null, "recommanded_navaid_longitude": null, "arc_radius": null, "theta": null, "rho": null, "magnetic_course": 11.0, "route_distance_holding_distance_time": 5.3, "distance_time": "D", "altitude_description": "+", "altitude1": 2020.0, "altitude2": null, "transition_altitude": null, "speed_limit_description": null, "speed_limit": null, "vertical_angle": null, "center_waypoint": null, "center_waypoint_latitude": null, "center_waypoint_longitude": null, "aircraft_category": null}, "geometry": {"type": "MultiPoint", "coordinates": []}}, {"type": "Feature", "properties": {"fid": 822, "area_code": "PAC", "airport_identifier": "VYBM", "procedure_identifier": "N15", "route_type": "A", "transition_identifier": "BM1", "seqno": 30, "waypoint_icao_code": "VY", "waypoint_identifier": "FF15", "waypoint_latitude": 24.35972778, "waypoint_longitude": 97.212575, "waypoint_description_code": "E", "turn_direction": "L", "rnp": null, "path_termination": "CF", "recommanded_navaid": null, "recommanded_navaid_latitude": null, "recommanded_navaid_longitude": null, "arc_radius": null, "theta": null, "rho": null, "magnetic_course": 161.0, "route_distance_holding_distance_time": 1.0, "distance_time": "D", "altitude_description": "+", "altitude1": 2020.0, "altitude2": null, "transition_altitude": null, "speed_limit_description": null, "speed_limit": null, "vertical_angle": null, "center_waypoint": null, "center_waypoint_latitude": null, "center_waypoint_longitude": null, "aircraft_category": null}, "geometry": {"type": "MultiPoint", "coordinates": [[97.212575, 24.35972778]]}}, {"type": "Feature", "properties": {"fid": 824, "area_code": "PAC", "airport_identifier": "VYBM", "procedure_identifier": "N15", "route_type": "A", "transition_identifier": "BM2", "seqno": 10, "waypoint_icao_code": "VY", "waypoint_identifier": "BM", "waypoint_latitude": 24.26932778, "waypoint_longitude": 97.24849722, "waypoint_description_code": "E  A", "turn_direction": null, "rnp": null, "path_termination": "IF", "recommanded_navaid": null, "recommanded_navaid_latitude": null, "recommanded_navaid_longitude": null, "arc_radius": null, "theta": null, "rho": null, "magnetic_course": null, "route_distance_holding_distance_time": null, "distance_time": null, "altitude_description": "+", "altitude1": 3000.0, "altitude2": null, "transition_altitude": null, "speed_limit_description": null, "speed_limit": null, "vertical_angle": null, "center_waypoint": null, "center_waypoint_latitude": null, "center_waypoint_longitude": null, "aircraft_category": null}, "geometry": {"type": "MultiPoint", "coordinates": [[97.24849722, 24.26932778]]}}, {"type": "Feature", "properties": {"fid": 825, "area_code": "PAC", "airport_identifier": "VYBM", "procedure_identifier": "N15", "route_type": "A", "transition_identifier": "BM2", "seqno": 20, "waypoint_icao_code": null, "waypoint_identifier": null, "waypoint_latitude": null, "waypoint_longitude": null, "waypoint_description_code": null, "turn_direction": null, "rnp": null, "path_termination": "FC", "recommanded_navaid": null, "recommanded_navaid_latitude": null, "recommanded_navaid_longitude": null, "arc_radius": null, "theta": null, "rho": null, "magnetic_course": 356.0, "route_distance_holding_distance_time": 7.5, "distance_time": "D", "altitude_description": "+", "altitude1": 2020.0, "altitude2": null, "transition_altitude": null, "speed_limit_description": null, "speed_limit": null, "vertical_angle": null, "center_waypoint": null, "center_waypoint_latitude": null, "center_waypoint_longitude": null, "aircraft_category": null}, "geometry": {"type": "MultiPoint", "coordinates": []}}, {"type": "Feature", "properties": {"fid": 826, "area_code": "PAC", "airport_identifier": "VYBM", "procedure_identifier": "N15", "route_type": "A", "transition_identifier": "BM2", "seqno": 30, "waypoint_icao_code": "VY", "waypoint_identifier": "FF15", "waypoint_latitude": 24.35972778, "waypoint_longitude": 97.212575, "waypoint_description_code": "E", "turn_direction": "L", "rnp": null, "path_termination": "CF", "recommanded_navaid": null, "recommanded_navaid_latitude": null, "recommanded_navaid_longitude": null, "arc_radius": null, "theta": null, "rho": null, "magnetic_course": 161.0, "route_distance_holding_distance_time": 1.8, "distance_time": "D", "altitude_description": "+", "altitude1": 2020.0, "altitude2": null, "transition_altitude": null, "speed_limit_description": null, "speed_limit": null, "vertical_angle": null, "center_waypoint": null, "center_waypoint_latitude": null, "center_waypoint_longitude": null, "aircraft_category": null}, "geometry": {"type": "MultiPoint", "coordinates": [[97.212575, 24.35972778]]}}, {"type": "Feature", "properties": {"fid": 828, "area_code": "PAC", "airport_identifier": "VYBM", "procedure_identifier": "N15", "route_type": "N", "transition_identifier": null, "seqno": 20, "waypoint_icao_code": "VY", "waypoint_identifier": "FF15", "waypoint_latitude": 24.35972778, "waypoint_longitude": 97.212575, "waypoint_description_code": "E  F", "turn_direction": null, "rnp": null, "path_termination": "IF", "recommanded_navaid": null, "recommanded_navaid_latitude": null, "recommanded_navaid_longitude": null, "arc_radius": null, "theta": null, "rho": null, "magnetic_course": null, "route_distance_holding_distance_time": null, "distance_time": null, "altitude_description": "+", "altitude1": 2020.0, "altitude2": null, "transition_altitude": null, "speed_limit_description": null, "speed_limit": null, "vertical_angle": null, "center_waypoint": null, "center_waypoint_latitude": null, "center_waypoint_longitude": null, "aircraft_category": null}, "geometry": {"type": "MultiPoint", "coordinates": [[97.212575, 24.35972778]]}}, {"type": "Feature", "properties": {"fid": 829, "area_code": "PAC", "airport_identifier": "VYBM", "procedure_identifier": "N15", "route_type": "N", "transition_identifier": null, "seqno": 30, "waypoint_icao_code": "VY", "waypoint_identifier": "EP15", "waypoint_latitude": 24.28050278, "waypoint_longitude": 97.24405833, "waypoint_description_code": "EY", "turn_direction": null, "rnp": null, "path_termination": "CF", "recommanded_navaid": null, "recommanded_navaid_latitude": null, "recommanded_navaid_longitude": null, "arc_radius": null, "theta": null, "rho": null, "magnetic_course": 161.0, "route_distance_holding_distance_time": 5.0, "distance_time": "D", "altitude_description": "@", "altitude1": 425.0, "altitude2": null, "transition_altitude": null, "speed_limit_description": null, "speed_limit": null, "vertical_angle": -2.98, "center_waypoint": null, "center_waypoint_latitude": null, "center_waypoint_longitude": null, "aircraft_category": null}, "geometry": {"type": "MultiPoint", "coordinates": [[97.24405833, 24.28050278]]}}, {"type": "Feature", "properties": {"fid": 830, "area_code": "PAC", "airport_identifier": "VYBM", "procedure_identifier": "N15", "route_type": "N", "transition_identifier": null, "seqno": 40, "waypoint_icao_code": "VY", "waypoint_identifier": "BM", "waypoint_latitude": 24.26932778, "waypoint_longitude": 97.24849722, "waypoint_description_code": "EY M", "turn_direction": null, "rnp": null, "path_termination": "CF", "recommanded_navaid": null, "recommanded_navaid_latitude": null, "recommanded_navaid_longitude": null, "arc_radius": null, "theta": null, "rho": null, "magnetic_course": 161.0, "route_distance_holding_distance_time": 0.7, "distance_time": "D", "altitude_description": "+", "altitude1": 780.0, "altitude2": null, "transition_altitude": null, "speed_limit_description": null, "speed_limit": null, "vertical_angle": null, "center_waypoint": null, "center_waypoint_latitude": null, "center_waypoint_longitude": null, "aircraft_category": null}, "geometry": {"type": "MultiPoint", "coordinates": [[97.24849722, 24.26932778]]}}, {"type": "Feature", "properties": {"fid": 832, "area_code": "PAC", "airport_identifier": "VYBM", "procedure_identifier": "N15", "route_type": "N", "transition_identifier": null, "seqno": 50, "waypoint_icao_code": null, "waypoint_identifier": null, "waypoint_latitude": null, "waypoint_longitude": null, "waypoint_description_code": null, "turn_direction": null, "rnp": null, "path_termination": "VA", "recommanded_navaid": null, "recommanded_navaid_latitude": null, "recommanded_navaid_longitude": null, "arc_radius": null, "theta": null, "rho": null, "magnetic_course": 190.0, "route_distance_holding_distance_time": null, "distance_time": null, "altitude_description": "+", "altitude1": 2000.0, "altitude2": null, "transition_altitude": null, "speed_limit_description": null, "speed_limit": null, "vertical_angle": null, "center_waypoint": null, "center_waypoint_latitude": null, "center_waypoint_longitude": null, "aircraft_category": null}, "geometry": {"type": "MultiPoint", "coordinates": []}}, {"type": "Feature", "properties": {"fid": 833, "area_code": "PAC", "airport_identifier": "VYBM", "procedure_identifier": "N15", "route_type": "N", "transition_identifier": null, "seqno": 60, "waypoint_icao_code": "VY", "waypoint_identifier": "BM", "waypoint_latitude": 24.26932778, "waypoint_longitude": 97.24849722, "waypoint_description_code": "E", "turn_direction": "R", "rnp": null, "path_termination": "DF", "recommanded_navaid": null, "recommanded_navaid_latitude": null, "recommanded_navaid_longitude": null, "arc_radius": null, "theta": null, "rho": null, "magnetic_course": null, "route_distance_holding_distance_time": null, "distance_time": null, "altitude_description": "@", "altitude1": 3000.0, "altitude2": null, "transition_altitude": null, "speed_limit_description": null, "speed_limit": null, "vertical_angle": null, "center_waypoint": null, "center_waypoint_latitude": null, "center_waypoint_longitude": null, "aircraft_category": null}, "geometry": {"type": "MultiPoint", "coordinates": [[97.24849722, 24.26932778]]}}, {"type": "Feature", "properties": {"fid": 834, "area_code": "PAC", "airport_identifier": "VYBM", "procedure_identifier": "N15", "route_type": "N", "transition_identifier": null, "seqno": 70, "waypoint_icao_code": "VY", "waypoint_identifier": "BM", "waypoint_latitude": 24.26932778, "waypoint_longitude": 97.24849722, "waypoint_description_code": "E  H", "turn_direction": "L", "rnp": null, "path_termination": "HM", "recommanded_navaid": null, "recommanded_navaid_latitude": null, "recommanded_navaid_longitude": null, "arc_radius": null, "theta": null, "rho": null, "magnetic_course": 11.0, "route_distance_holding_distance_time": 1.0, "distance_time": "T", "altitude_description": null, "altitude1": null, "altitude2": null, "transition_altitude": null, "speed_limit_description": null, "speed_limit": null, "vertical_angle": null, "center_waypoint": null, "center_waypoint_latitude": null, "center_waypoint_longitude": null, "aircraft_category": null}, "geometry": {"type": "MultiPoint", "coordinates": [[97.24849722, 24.26932778]]}}, {"type": "Feature", "properties": {"fid": 836, "area_code": "PAC", "airport_identifier": "VYPT", "procedure_identifier": "N35", "route_type": "A", "transition_identifier": "PT", "seqno": 10, "waypoint_icao_code": "VY", "waypoint_identifier": "PT", "waypoint_latitude": 27.32605, "waypoint_longitude": 97.42415556, "waypoint_description_code": "E  A", "turn_direction": null, "rnp": null, "path_termination": "IF", "recommanded_navaid": null, "recommanded_navaid_latitude": null, "recommanded_navaid_longitude": null, "arc_radius": null, "theta": null, "rho": null, "magnetic_course": null, "route_distance_holding_distance_time": null, "distance_time": null, "altitude_description": "+", "altitude1": 4000.0, "altitude2": null, "transition_altitude": null, "speed_limit_description": null, "speed_limit": null, "vertical_angle": null, "center_waypoint": null, "center_waypoint_latitude": null, "center_waypoint_longitude": null, "aircraft_category": null}, "geometry": {"type": "MultiPoint", "coordinates": [[97.42415556, 27.32605]]}}, {"type": "Feature", "properties": {"fid": 837, "area_code": "PAC", "airport_identifier": "VYPT", "procedure_identifier": "N35", "route_type": "A", "transition_identifier": "PT", "seqno": 20, "waypoint_icao_code": null, "waypoint_identifier": null, "waypoint_latitude": null, "waypoint_longitude": null, "waypoint_description_code": null, "turn_direction": "R", "rnp": null, "path_termination": "PI", "recommanded_navaid": null, "recommanded_navaid_latitude": null, "recommanded_navaid_longitude": null, "arc_radius": null, "theta": null, "rho": null, "magnetic_course": 105.0, "route_distance_holding_distance_time": 10.0, "distance_time": "D", "altitude_description": "+", "altitude1": 2840.0, "altitude2": null, "transition_altitude": null, "speed_limit_description": null, "speed_limit": null, "vertical_angle": null, "center_waypoint": null, "center_waypoint_latitude": null, "center_waypoint_longitude": null, "aircraft_category": null}, "geometry": {"type": "MultiPoint", "coordinates": []}}, {"type": "Feature", "properties": {"fid": 838, "area_code": "PAC", "airport_identifier": "VYPT", "procedure_identifier": "N35", "route_type": "A", "transition_identifier": "PT", "seqno": 30, "waypoint_icao_code": "VY", "waypoint_identifier": "FF35", "waypoint_latitude": 27.23849722, "waypoint_longitude": 97.48298889, "waypoint_description_code": "E", "turn_direction": null, "rnp": null, "path_termination": "CF", "recommanded_navaid": null, "recommanded_navaid_latitude": null, "recommanded_navaid_longitude": null, "arc_radius": null, "theta": null, "rho": null, "magnetic_course": 330.0, "route_distance_holding_distance_time": 3.9, "distance_time": "D", "altitude_description": "+", "altitude1": 2840.0, "altitude2": null, "transition_altitude": null, "speed_limit_description": null, "speed_limit": null, "vertical_angle": null, "center_waypoint": null, "center_waypoint_latitude": null, "center_waypoint_longitude": null, "aircraft_category": null}, "geometry": {"type": "MultiPoint", "coordinates": [[97.48298889, 27.23849722]]}}, {"type": "Feature", "properties": {"fid": 840, "area_code": "PAC", "airport_identifier": "VYPT", "procedure_identifier": "N35", "route_type": "N", "transition_identifier": null, "seqno": 20, "waypoint_icao_code": "VY", "waypoint_identifier": "FF35", "waypoint_latitude": 27.23849722, "waypoint_longitude": 97.48298889, "waypoint_description_code": "E  F", "turn_direction": null, "rnp": null, "path_termination": "IF", "recommanded_navaid": null, "recommanded_navaid_latitude": null, "recommanded_navaid_longitude": null, "arc_radius": null, "theta": null, "rho": null, "magnetic_course": null, "route_distance_holding_distance_time": null, "distance_time": null, "altitude_description": "+", "altitude1": 2840.0, "altitude2": null, "transition_altitude": null, "speed_limit_description": null, "speed_limit": null, "vertical_angle": null, "center_waypoint": null, "center_waypoint_latitude": null, "center_waypoint_longitude": null, "aircraft_category": null}, "geometry": {"type": "MultiPoint", "coordinates": [[97.48298889, 27.23849722]]}}, {"type": "Feature", "properties": {"fid": 841, "area_code": "PAC", "airport_identifier": "VYPT", "procedure_identifier": "N35", "route_type": "N", "transition_identifier": null, "seqno": 30, "waypoint_icao_code": "VY", "waypoint_identifier": "MA35", "waypoint_latitude": 27.29576944, "waypoint_longitude": 97.44451667, "waypoint_description_code": "E  M", "turn_direction": null, "rnp": null, "path_termination": "CF", "recommanded_navaid": null, "recommanded_navaid_latitude": null, "recommanded_navaid_longitude": null, "arc_radius": null, "theta": null, "rho": null, "magnetic_course": 330.0, "route_distance_holding_distance_time": 4.0, "distance_time": "D", "altitude_description": "@", "altitude1": 2056.0, "altitude2": null, "transition_altitude": null, "speed_limit_description": null, "speed_limit": null, "vertical_angle": -3.0, "center_waypoint": null, "center_waypoint_latitude": null, "center_waypoint_longitude": null, "aircraft_category": null}, "geometry": {"type": "MultiPoint", "coordinates": [[97.44451667, 27.29576944]]}}, {"type": "Feature", "properties": {"fid": 843, "area_code": "PAC", "airport_identifier": "VYPT", "procedure_identifier": "N35", "route_type": "N", "transition_identifier": null, "seqno": 40, "waypoint_icao_code": null, "waypoint_identifier": null, "waypoint_latitude": null, "waypoint_longitude": null, "waypoint_description_code": null, "turn_direction": null, "rnp": null, "path_termination": "VA", "recommanded_navaid": null, "recommanded_navaid_latitude": null, "recommanded_navaid_longitude": null, "arc_radius": null, "theta": null, "rho": null, "magnetic_course": 340.0, "route_distance_holding_distance_time": null, "distance_time": null, "altitude_description": "+", "altitude1": 3500.0, "altitude2": null, "transition_altitude": null, "speed_limit_description": null, "speed_limit": null, "vertical_angle": null, "center_waypoint": null, "center_waypoint_latitude": null, "center_waypoint_longitude": null, "aircraft_category": null}, "geometry": {"type": "MultiPoint", "coordinates": []}}, {"type": "Feature", "properties": {"fid": 844, "area_code": "PAC", "airport_identifier": "VYPT", "procedure_identifier": "N35", "route_type": "N", "transition_identifier": null, "seqno": 50, "waypoint_icao_code": "VY", "waypoint_identifier": "PT", "waypoint_latitude": 27.32605, "waypoint_longitude": 97.42415556, "waypoint_description_code": "E", "turn_direction": "R", "rnp": null, "path_termination": "DF", "recommanded_navaid": null, "recommanded_navaid_latitude": null, "recommanded_navaid_longitude": null, "arc_radius": null, "theta": null, "rho": null, "magnetic_course": null, "route_distance_holding_distance_time": null, "distance_time": null, "altitude_description": "@", "altitude1": 4000.0, "altitude2": null, "transition_altitude": null, "speed_limit_description": null, "speed_limit": null, "vertical_angle": null, "center_waypoint": null, "center_waypoint_latitude": null, "center_waypoint_longitude": null, "aircraft_category": null}, "geometry": {"type": "MultiPoint", "coordinates": [[97.42415556, 27.32605]]}}, {"type": "Feature", "properties": {"fid": 845, "area_code": "PAC", "airport_identifier": "VYPT", "procedure_identifier": "N35", "route_type": "N", "transition_identifier": null, "seqno": 60, "waypoint_icao_code": "VY", "waypoint_identifier": "PT", "waypoint_latitude": 27.32605, "waypoint_longitude": 97.42415556, "waypoint_description_code": "E  H", "turn_direction": "L", "rnp": null, "path_termination": "HM", "recommanded_navaid": null, "recommanded_navaid_latitude": null, "recommanded_navaid_longitude": null, "arc_radius": null, "theta": null, "rho": null, "magnetic_course": 150.0, "route_distance_holding_distance_time": 1.0, "distance_time": "T", "altitude_description": null, "altitude1": null, "altitude2": null, "transition_altitude": null, "speed_limit_description": null, "speed_limit": null, "vertical_angle": null, "center_waypoint": null, "center_waypoint_latitude": null, "center_waypoint_longitude": null, "aircraft_category": null}, "geometry": {"type": "MultiPoint", "coordinates": [[97.42415556, 27.32605]]}}, {"type": "Feature", "properties": {"fid": 847, "area_code": "PAC", "airport_identifier": "VYME", "procedure_identifier": "N36", "route_type": "A", "transition_identifier": "ME1", "seqno": 10, "waypoint_icao_code": "VY", "waypoint_identifier": "ME", "waypoint_latitude": 12.45006667, "waypoint_longitude": 98.61968611, "waypoint_description_code": "E  A", "turn_direction": null, "rnp": null, "path_termination": "IF", "recommanded_navaid": null, "recommanded_navaid_latitude": null, "recommanded_navaid_longitude": null, "arc_radius": null, "theta": null, "rho": null, "magnetic_course": null, "route_distance_holding_distance_time": null, "distance_time": null, "altitude_description": "+", "altitude1": 3000.0, "altitude2": null, "transition_altitude": null, "speed_limit_description": null, "speed_limit": null, "vertical_angle": null, "center_waypoint": null, "center_waypoint_latitude": null, "center_waypoint_longitude": null, "aircraft_category": null}, "geometry": {"type": "MultiPoint", "coordinates": [[98.61968611, 12.45006667]]}}, {"type": "Feature", "properties": {"fid": 848, "area_code": "PAC", "airport_identifier": "VYME", "procedure_identifier": "N36", "route_type": "A", "transition_identifier": "ME1", "seqno": 20, "waypoint_icao_code": null, "waypoint_identifier": null, "waypoint_latitude": null, "waypoint_longitude": null, "waypoint_description_code": null, "turn_direction": null, "rnp": null, "path_termination": "FC", "recommanded_navaid": null, "recommanded_navaid_latitude": null, "recommanded_navaid_longitude": null, "arc_radius": null, "theta": null, "rho": null, "magnetic_course": 216.0, "route_distance_holding_distance_time": 7.5, "distance_time": "D", "altitude_description": "+", "altitude1": 1900.0, "altitude2": null, "transition_altitude": null, "speed_limit_description": null, "speed_limit": null, "vertical_angle": null, "center_waypoint": null, "center_waypoint_latitude": null, "center_waypoint_longitude": null, "aircraft_category": null}, "geometry": {"type": "MultiPoint", "coordinates": []}}, {"type": "Feature", "properties": {"fid": 849, "area_code": "PAC", "airport_identifier": "VYME", "procedure_identifier": "N36", "route_type": "A", "transition_identifier": "ME1", "seqno": 30, "waypoint_icao_code": "VY", "waypoint_identifier": "FF36", "waypoint_latitude": 12.33225556, "waypoint_longitude": 98.62386944, "waypoint_description_code": "E", "turn_direction": "L", "rnp": null, "path_termination": "CF", "recommanded_navaid": null, "recommanded_navaid_latitude": null, "recommanded_navaid_longitude": null, "arc_radius": null, "theta": null, "rho": null, "magnetic_course": 359.0, "route_distance_holding_distance_time": 1.0, "distance_time": "D", "altitude_description": "+", "altitude1": 1900.0, "altitude2": null, "transition_altitude": null, "speed_limit_description": null, "speed_limit": null, "vertical_angle": null, "center_waypoint": null, "center_waypoint_latitude": null, "center_waypoint_longitude": null, "aircraft_category": null}, "geometry": {"type": "MultiPoint", "coordinates": [[98.62386944, 12.33225556]]}}, {"type": "Feature", "properties": {"fid": 851, "area_code": "PAC", "airport_identifier": "VYME", "procedure_identifier": "N36", "route_type": "A", "transition_identifier": "ME2", "seqno": 10, "waypoint_icao_code": "VY", "waypoint_identifier": "ME", "waypoint_latitude": 12.45006667, "waypoint_longitude": 98.61968611, "waypoint_description_code": "E  A", "turn_direction": null, "rnp": null, "path_termination": "IF", "recommanded_navaid": null, "recommanded_navaid_latitude": null, "recommanded_navaid_longitude": null, "arc_radius": null, "theta": null, "rho": null, "magnetic_course": null, "route_distance_holding_distance_time": null, "distance_time": null, "altitude_description": "+", "altitude1": 3000.0, "altitude2": null, "transition_altitude": null, "speed_limit_description": null, "speed_limit": null, "vertical_angle": null, "center_waypoint": null, "center_waypoint_latitude": null, "center_waypoint_longitude": null, "aircraft_category": null}, "geometry": {"type": "MultiPoint", "coordinates": [[98.61968611, 12.45006667]]}}, {"type": "Feature", "properties": {"fid": 852, "area_code": "PAC", "airport_identifier": "VYME", "procedure_identifier": "N36", "route_type": "A", "transition_identifier": "ME2", "seqno": 20, "waypoint_icao_code": null, "waypoint_identifier": null, "waypoint_latitude": null, "waypoint_longitude": null, "waypoint_description_code": null, "turn_direction": null, "rnp": null, "path_termination": "FC", "recommanded_navaid": null, "recommanded_navaid_latitude": null, "recommanded_navaid_longitude": null, "arc_radius": null, "theta": null, "rho": null, "magnetic_course": 194.0, "route_distance_holding_distance_time": 7.5, "distance_time": "D", "altitude_description": "+", "altitude1": 1900.0, "altitude2": null, "transition_altitude": null, "speed_limit_description": null, "speed_limit": null, "vertical_angle": null, "center_waypoint": null, "center_waypoint_latitude": null, "center_waypoint_longitude": null, "aircraft_category": null}, "geometry": {"type": "MultiPoint", "coordinates": []}}, {"type": "Feature", "properties": {"fid": 853, "area_code": "PAC", "airport_identifier": "VYME", "procedure_identifier": "N36", "route_type": "A", "transition_identifier": "ME2", "seqno": 30, "waypoint_icao_code": "VY", "waypoint_identifier": "FF36", "waypoint_latitude": 12.33225556, "waypoint_longitude": 98.62386944, "waypoint_description_code": "E", "turn_direction": "L", "rnp": null, "path_termination": "CF", "recommanded_navaid": null, "recommanded_navaid_latitude": null, "recommanded_navaid_longitude": null, "arc_radius": null, "theta": null, "rho": null, "magnetic_course": 359.0, "route_distance_holding_distance_time": 1.0, "distance_time": "D", "altitude_description": "+", "altitude1": 1900.0, "altitude2": null, "transition_altitude": null, "speed_limit_description": null, "speed_limit": null, "vertical_angle": null, "center_waypoint": null, "center_waypoint_latitude": null, "center_waypoint_longitude": null, "aircraft_category": null}, "geometry": {"type": "MultiPoint", "coordinates": [[98.62386944, 12.33225556]]}}, {"type": "Feature", "properties": {"fid": 855, "area_code": "PAC", "airport_identifier": "VYME", "procedure_identifier": "N36", "route_type": "N", "transition_identifier": null, "seqno": 20, "waypoint_icao_code": "VY", "waypoint_identifier": "FF36", "waypoint_latitude": 12.33225556, "waypoint_longitude": 98.62386944, "waypoint_description_code": "E  F", "turn_direction": null, "rnp": null, "path_termination": "IF", "recommanded_navaid": null, "recommanded_navaid_latitude": null, "recommanded_navaid_longitude": null, "arc_radius": null, "theta": null, "rho": null, "magnetic_course": null, "route_distance_holding_distance_time": null, "distance_time": null, "altitude_description": "+", "altitude1": 1900.0, "altitude2": null, "transition_altitude": null, "speed_limit_description": null, "speed_limit": null, "vertical_angle": null, "center_waypoint": null, "center_waypoint_latitude": null, "center_waypoint_longitude": null, "aircraft_category": null}, "geometry": {"type": "MultiPoint", "coordinates": [[98.62386944, 12.33225556]]}}, {"type": "Feature", "properties": {"fid": 856, "area_code": "PAC", "airport_identifier": "VYME", "procedure_identifier": "N36", "route_type": "N", "transition_identifier": null, "seqno": 30, "waypoint_icao_code": "VY", "waypoint_identifier": "RW36", "waypoint_latitude": 12.42777778, "waypoint_longitude": 98.62051667, "waypoint_description_code": "G  M", "turn_direction": null, "rnp": null, "path_termination": "CF", "recommanded_navaid": null, "recommanded_navaid_latitude": null, "recommanded_navaid_longitude": null, "arc_radius": null, "theta": null, "rho": null, "magnetic_course": 359.0, "route_distance_holding_distance_time": 5.7, "distance_time": "D", "altitude_description": "@", "altitude1": 82.0, "altitude2": null, "transition_altitude": null, "speed_limit_description": null, "speed_limit": null, "vertical_angle": -3.0, "center_waypoint": null, "center_waypoint_latitude": null, "center_waypoint_longitude": null, "aircraft_category": null}, "geometry": {"type": "MultiPoint", "coordinates": [[98.62051667, 12.42777778]]}}, {"type": "Feature", "properties": {"fid": 858, "area_code": "PAC", "airport_identifier": "VYME", "procedure_identifier": "N36", "route_type": "N", "transition_identifier": null, "seqno": 40, "waypoint_icao_code": "VY", "waypoint_identifier": "ME", "waypoint_latitude": 12.45006667, "waypoint_longitude": 98.61968611, "waypoint_description_code": "EY", "turn_direction": null, "rnp": null, "path_termination": "CF", "recommanded_navaid": null, "recommanded_navaid_latitude": null, "recommanded_navaid_longitude": null, "arc_radius": null, "theta": null, "rho": null, "magnetic_course": 359.0, "route_distance_holding_distance_time": 1.3, "distance_time": "D", "altitude_description": null, "altitude1": null, "altitude2": null, "transition_altitude": null, "speed_limit_description": null, "speed_limit": null, "vertical_angle": null, "center_waypoint": null, "center_waypoint_latitude": null, "center_waypoint_longitude": null, "aircraft_category": null}, "geometry": {"type": "MultiPoint", "coordinates": [[98.61968611, 12.45006667]]}}, {"type": "Feature", "properties": {"fid": 859, "area_code": "PAC", "airport_identifier": "VYME", "procedure_identifier": "N36", "route_type": "N", "transition_identifier": null, "seqno": 50, "waypoint_icao_code": null, "waypoint_identifier": null, "waypoint_latitude": null, "waypoint_longitude": null, "waypoint_description_code": null, "turn_direction": null, "rnp": null, "path_termination": "VA", "recommanded_navaid": null, "recommanded_navaid_latitude": null, "recommanded_navaid_longitude": null, "arc_radius": null, "theta": null, "rho": null, "magnetic_course": 359.0, "route_distance_holding_distance_time": null, "distance_time": null, "altitude_description": "+", "altitude1": 2000.0, "altitude2": null, "transition_altitude": null, "speed_limit_description": null, "speed_limit": null, "vertical_angle": null, "center_waypoint": null, "center_waypoint_latitude": null, "center_waypoint_longitude": null, "aircraft_category": null}, "geometry": {"type": "MultiPoint", "coordinates": []}}, {"type": "Feature", "properties": {"fid": 860, "area_code": "PAC", "airport_identifier": "VYME", "procedure_identifier": "N36", "route_type": "N", "transition_identifier": null, "seqno": 60, "waypoint_icao_code": "VY", "waypoint_identifier": "ME", "waypoint_latitude": 12.45006667, "waypoint_longitude": 98.61968611, "waypoint_description_code": "E", "turn_direction": "L", "rnp": null, "path_termination": "DF", "recommanded_navaid": null, "recommanded_navaid_latitude": null, "recommanded_navaid_longitude": null, "arc_radius": null, "theta": null, "rho": null, "magnetic_course": null, "route_distance_holding_distance_time": null, "distance_time": null, "altitude_description": "@", "altitude1": 3000.0, "altitude2": null, "transition_altitude": null, "speed_limit_description": null, "speed_limit": null, "vertical_angle": null, "center_waypoint": null, "center_waypoint_latitude": null, "center_waypoint_longitude": null, "aircraft_category": null}, "geometry": {"type": "MultiPoint", "coordinates": [[98.61968611, 12.45006667]]}}, {"type": "Feature", "properties": {"fid": 861, "area_code": "PAC", "airport_identifier": "VYME", "procedure_identifier": "N36", "route_type": "N", "transition_identifier": null, "seqno": 70, "waypoint_icao_code": "VY", "waypoint_identifier": "ME", "waypoint_latitude": 12.45006667, "waypoint_longitude": 98.61968611, "waypoint_description_code": "E  H", "turn_direction": "R", "rnp": null, "path_termination": "HM", "recommanded_navaid": null, "recommanded_navaid_latitude": null, "recommanded_navaid_longitude": null, "arc_radius": null, "theta": null, "rho": null, "magnetic_course": 216.0, "route_distance_holding_distance_time": 1.0, "distance_time": "T", "altitude_description": "+", "altitude1": 3000.0, "altitude2": null, "transition_altitude": null, "speed_limit_description": null, "speed_limit": null, "vertical_angle": null, "center_waypoint": null, "center_waypoint_latitude": null, "center_waypoint_longitude": null, "aircraft_category": null}, "geometry": {"type": "MultiPoint", "coordinates": [[98.61968611, 12.45006667]]}}, {"type": "Feature", "properties": {"fid": 863, "area_code": "PAC", "airport_identifier": "VYNT", "procedure_identifier": "I16-Z", "route_type": "A", "transition_identifier": "MINGO", "seqno": 10, "waypoint_icao_code": "VY", "waypoint_identifier": "MINGO", "waypoint_latitude": 19.83827778, "waypoint_longitude": 96.01002778, "waypoint_description_code": "E  A", "turn_direction": null, "rnp": 1.0, "path_termination": "IF", "recommanded_navaid": null, "recommanded_navaid_latitude": null, "recommanded_navaid_longitude": null, "arc_radius": null, "theta": null, "rho": null, "magnetic_course": null, "route_distance_holding_distance_time": null, "distance_time": null, "altitude_description": "+", "altitude1": 4000.0, "altitude2": null, "transition_altitude": null, "speed_limit_description": "-", "speed_limit": 230.0, "vertical_angle": null, "center_waypoint": null, "center_waypoint_latitude": null, "center_waypoint_longitude": null, "aircraft_category": null}, "geometry": {"type": "MultiPoint", "coordinates": [[96.01002778, 19.83827778]]}}, {"type": "Feature", "properties": {"fid": 864, "area_code": "PAC", "airport_identifier": "VYNT", "procedure_identifier": "I16-Z", "route_type": "A", "transition_identifier": "MINGO", "seqno": 20, "waypoint_icao_code": "VY", "waypoint_identifier": "NT901", "waypoint_latitude": 19.87061111, "waypoint_longitude": 96.09155556, "waypoint_description_code": "E", "turn_direction": null, "rnp": 1.0, "path_termination": "TF", "recommanded_navaid": null, "recommanded_navaid_latitude": null, "recommanded_navaid_longitude": null, "arc_radius": null, "theta": null, "rho": null, "magnetic_course": null, "route_distance_holding_distance_time": null, "distance_time": null, "altitude_description": "+", "altitude1": 4000.0, "altitude2": null, "transition_altitude": null, "speed_limit_description": "-", "speed_limit": 230.0, "vertical_angle": null, "center_waypoint": null, "center_waypoint_latitude": null, "center_waypoint_longitude": null, "aircraft_category": null}, "geometry": {"type": "MultiPoint", "coordinates": [[96.09155556, 19.87061111]]}}, {"type": "Feature", "properties": {"fid": 866, "area_code": "PAC", "airport_identifier": "VYNT", "procedure_identifier": "I16-Z", "route_type": "A", "transition_identifier": "THIRI", "seqno": 10, "waypoint_icao_code": "VY", "waypoint_identifier": "THIRI", "waypoint_latitude": 19.94775, "waypoint_longitude": 96.05736111, "waypoint_description_code": "E  A", "turn_direction": null, "rnp": 1.0, "path_termination": "IF", "recommanded_navaid": null, "recommanded_navaid_latitude": null, "recommanded_navaid_longitude": null, "arc_radius": null, "theta": null, "rho": null, "magnetic_course": null, "route_distance_holding_distance_time": null, "distance_time": null, "altitude_description": "+", "altitude1": 4000.0, "altitude2": null, "transition_altitude": null, "speed_limit_description": "-", "speed_limit": 230.0, "vertical_angle": null, "center_waypoint": null, "center_waypoint_latitude": null, "center_waypoint_longitude": null, "aircraft_category": null}, "geometry": {"type": "MultiPoint", "coordinates": [[96.05736111, 19.94775]]}}, {"type": "Feature", "properties": {"fid": 867, "area_code": "PAC", "airport_identifier": "VYNT", "procedure_identifier": "I16-Z", "route_type": "A", "transition_identifier": "THIRI", "seqno": 20, "waypoint_icao_code": "VY", "waypoint_identifier": "NT901", "waypoint_latitude": 19.87061111, "waypoint_longitude": 96.09155556, "waypoint_description_code": "E", "turn_direction": null, "rnp": 1.0, "path_termination": "TF", "recommanded_navaid": null, "recommanded_navaid_latitude": null, "recommanded_navaid_longitude": null, "arc_radius": null, "theta": null, "rho": null, "magnetic_course": null, "route_distance_holding_distance_time": null, "distance_time": null, "altitude_description": "+", "altitude1": 4000.0, "altitude2": null, "transition_altitude": null, "speed_limit_description": "-", "speed_limit": 230.0, "vertical_angle": null, "center_waypoint": null, "center_waypoint_latitude": null, "center_waypoint_longitude": null, "aircraft_category": null}, "geometry": {"type": "MultiPoint", "coordinates": [[96.09155556, 19.87061111]]}}, {"type": "Feature", "properties": {"fid": 869, "area_code": "PAC", "airport_identifier": "VYNT", "procedure_identifier": "I16-Z", "route_type": "I", "transition_identifier": null, "seqno": 10, "waypoint_icao_code": "VY", "waypoint_identifier": "NT901", "waypoint_latitude": 19.87061111, "waypoint_longitude": 96.09155556, "waypoint_description_code": "E  I", "turn_direction": null, "rnp": null, "path_termination": "IF", "recommanded_navaid": null, "recommanded_navaid_latitude": null, "recommanded_navaid_longitude": null, "arc_radius": null, "theta": null, "rho": null, "magnetic_course": null, "route_distance_holding_distance_time": null, "distance_time": null, "altitude_description": "+", "altitude1": 4000.0, "altitude2": null, "transition_altitude": null, "speed_limit_description": "-", "speed_limit": 230.0, "vertical_angle": null, "center_waypoint": null, "center_waypoint_latitude": null, "center_waypoint_longitude": null, "aircraft_category": null}, "geometry": {"type": "MultiPoint", "coordinates": [[96.09155556, 19.87061111]]}}, {"type": "Feature", "properties": {"fid": 870, "area_code": "PAC", "airport_identifier": "VYNT", "procedure_identifier": "I16-Z", "route_type": "I", "transition_identifier": null, "seqno": 20, "waypoint_icao_code": "VY", "waypoint_identifier": "MUDRA", "waypoint_latitude": 19.72730556, "waypoint_longitude": 96.15508333, "waypoint_description_code": "E  F", "turn_direction": null, "rnp": null, "path_termination": "CF", "recommanded_navaid": null, "recommanded_navaid_latitude": null, "recommanded_navaid_longitude": null, "arc_radius": null, "theta": null, "rho": null, "magnetic_course": 158.0, "route_distance_holding_distance_time": 9.3, "distance_time": "D", "altitude_description": "@", "altitude1": 2200.0, "altitude2": null, "transition_altitude": null, "speed_limit_description": null, "speed_limit": null, "vertical_angle": -3.0, "center_waypoint": null, "center_waypoint_latitude": null, "center_waypoint_longitude": null, "aircraft_category": null}, "geometry": {"type": "MultiPoint", "coordinates": [[96.15508333, 19.72730556]]}}, {"type": "Feature", "properties": {"fid": 871, "area_code": "PAC", "airport_identifier": "VYNT", "procedure_identifier": "I16-Z", "route_type": "I", "transition_identifier": null, "seqno": 30, "waypoint_icao_code": "VY", "waypoint_identifier": "RW16", "waypoint_latitude": 19.63878611, "waypoint_longitude": 96.19425556, "waypoint_description_code": "GY M", "turn_direction": null, "rnp": null, "path_termination": "CF", "recommanded_navaid": null, "recommanded_navaid_latitude": null, "recommanded_navaid_longitude": null, "arc_radius": null, "theta": null, "rho": null, "magnetic_course": 158.0, "route_distance_holding_distance_time": 5.7, "distance_time": "D", "altitude_description": "@", "altitude1": 348.0, "altitude2": null, "transition_altitude": null, "speed_limit_description": null, "speed_limit": null, "vertical_angle": -3.0, "center_waypoint": null, "center_waypoint_latitude": null, "center_waypoint_longitude": null, "aircraft_category": null}, "geometry": {"type": "MultiPoint", "coordinates": [[96.19425556, 19.63878611]]}}, {"type": "Feature", "properties": {"fid": 873, "area_code": "PAC", "airport_identifier": "VYNT", "procedure_identifier": "I16-Z", "route_type": "I", "transition_identifier": null, "seqno": 40, "waypoint_icao_code": "VY", "waypoint_identifier": "NT902", "waypoint_latitude": 19.56163889, "waypoint_longitude": 96.22838889, "waypoint_description_code": "EY", "turn_direction": null, "rnp": 1.0, "path_termination": "DF", "recommanded_navaid": null, "recommanded_navaid_latitude": null, "recommanded_navaid_longitude": null, "arc_radius": null, "theta": null, "rho": null, "magnetic_course": null, "route_distance_holding_distance_time": null, "distance_time": null, "altitude_description": null, "altitude1": null, "altitude2": null, "transition_altitude": null, "speed_limit_description": "-", "speed_limit": 230.0, "vertical_angle": null, "center_waypoint": null, "center_waypoint_latitude": null, "center_waypoint_longitude": null, "aircraft_category": null}, "geometry": {"type": "MultiPoint", "coordinates": [[96.22838889, 19.56163889]]}}, {"type": "Feature", "properties": {"fid": 874, "area_code": "PAC", "airport_identifier": "VYNT", "procedure_identifier": "I16-Z", "route_type": "I", "transition_identifier": null, "seqno": 50, "waypoint_icao_code": "VY", "waypoint_identifier": "NT903", "waypoint_latitude": 19.60641667, "waypoint_longitude": 96.11286111, "waypoint_description_code": "E", "turn_direction": "R", "rnp": 1.0, "path_termination": "DF", "recommanded_navaid": null, "recommanded_navaid_latitude": null, "recommanded_navaid_longitude": null, "arc_radius": null, "theta": null, "rho": null, "magnetic_course": null, "route_distance_holding_distance_time": null, "distance_time": null, "altitude_description": "+", "altitude1": 2000.0, "altitude2": null, "transition_altitude": null, "speed_limit_description": "-", "speed_limit": 230.0, "vertical_angle": null, "center_waypoint": null, "center_waypoint_latitude": null, "center_waypoint_longitude": null, "aircraft_category": null}, "geometry": {"type": "MultiPoint", "coordinates": [[96.11286111, 19.60641667]]}}, {"type": "Feature", "properties": {"fid": 875, "area_code": "PAC", "airport_identifier": "VYNT", "procedure_identifier": "I16-Z", "route_type": "I", "transition_identifier": null, "seqno": 60, "waypoint_icao_code": "VY", "waypoint_identifier": "MINGO", "waypoint_latitude": 19.83827778, "waypoint_longitude": 96.01002778, "waypoint_description_code": "E", "turn_direction": null, "rnp": 1.0, "path_termination": "TF", "recommanded_navaid": null, "recommanded_navaid_latitude": null, "recommanded_navaid_longitude": null, "arc_radius": null, "theta": null, "rho": null, "magnetic_course": null, "route_distance_holding_distance_time": null, "distance_time": null, "altitude_description": "+", "altitude1": 4000.0, "altitude2": null, "transition_altitude": null, "speed_limit_description": "-", "speed_limit": 230.0, "vertical_angle": null, "center_waypoint": null, "center_waypoint_latitude": null, "center_waypoint_longitude": null, "aircraft_category": null}, "geometry": {"type": "MultiPoint", "coordinates": [[96.01002778, 19.83827778]]}}, {"type": "Feature", "properties": {"fid": 876, "area_code": "PAC", "airport_identifier": "VYNT", "procedure_identifier": "I16-Z", "route_type": "I", "transition_identifier": null, "seqno": 70, "waypoint_icao_code": "VY", "waypoint_identifier": "MINGO", "waypoint_latitude": 19.83827778, "waypoint_longitude": 96.01002778, "waypoint_description_code": "E  H", "turn_direction": "L", "rnp": 1.0, "path_termination": "HM", "recommanded_navaid": null, "recommanded_navaid_latitude": null, "recommanded_navaid_longitude": null, "arc_radius": null, "theta": null, "rho": null, "magnetic_course": 68.0, "route_distance_holding_distance_time": 1.0, "distance_time": "T", "altitude_description": "+", "altitude1": 4000.0, "altitude2": null, "transition_altitude": null, "speed_limit_description": "-", "speed_limit": 230.0, "vertical_angle": null, "center_waypoint": null, "center_waypoint_latitude": null, "center_waypoint_longitude": null, "aircraft_category": null}, "geometry": {"type": "MultiPoint", "coordinates": [[96.01002778, 19.83827778]]}}, {"type": "Feature", "properties": {"fid": 878, "area_code": "PAC", "airport_identifier": "VYBG", "procedure_identifier": "D36", "route_type": "A", "transition_identifier": "BGN1", "seqno": 10, "waypoint_icao_code": "VY", "waypoint_identifier": "BGN", "waypoint_latitude": 21.16953611, "waypoint_longitude": 94.92815278, "waypoint_description_code": "E  A", "turn_direction": null, "rnp": null, "path_termination": "IF", "recommanded_navaid": null, "recommanded_navaid_latitude": null, "recommanded_navaid_longitude": null, "arc_radius": null, "theta": null, "rho": null, "magnetic_course": null, "route_distance_holding_distance_time": null, "distance_time": null, "altitude_description": "+", "altitude1": 3000.0, "altitude2": null, "transition_altitude": null, "speed_limit_description": null, "speed_limit": null, "vertical_angle": null, "center_waypoint": null, "center_waypoint_latitude": null, "center_waypoint_longitude": null, "aircraft_category": null}, "geometry": {"type": "MultiPoint", "coordinates": [[94.92815278, 21.16953611]]}}, {"type": "Feature", "properties": {"fid": 879, "area_code": "PAC", "airport_identifier": "VYBG", "procedure_identifier": "D36", "route_type": "A", "transition_identifier": "BGN1", "seqno": 20, "waypoint_icao_code": null, "waypoint_identifier": null, "waypoint_latitude": null, "waypoint_longitude": null, "waypoint_description_code": null, "turn_direction": null, "rnp": null, "path_termination": "FC", "recommanded_navaid": null, "recommanded_navaid_latitude": null, "recommanded_navaid_longitude": null, "arc_radius": null, "theta": null, "rho": null, "magnetic_course": 210.0, "route_distance_holding_distance_time": 6.8, "distance_time": "D", "altitude_description": "+", "altitude1": 2500.0, "altitude2": null, "transition_altitude": null, "speed_limit_description": null, "speed_limit": null, "vertical_angle": null, "center_waypoint": null, "center_waypoint_latitude": null, "center_waypoint_longitude": null, "aircraft_category": null}, "geometry": {"type": "MultiPoint", "coordinates": []}}, {"type": "Feature", "properties": {"fid": 880, "area_code": "PAC", "airport_identifier": "VYBG", "procedure_identifier": "D36", "route_type": "A", "transition_identifier": "BGN1", "seqno": 30, "waypoint_icao_code": "VY", "waypoint_identifier": "FF36", "waypoint_latitude": 21.05578889, "waypoint_longitude": 94.92815278, "waypoint_description_code": "E", "turn_direction": "L", "rnp": null, "path_termination": "CF", "recommanded_navaid": null, "recommanded_navaid_latitude": null, "recommanded_navaid_longitude": null, "arc_radius": null, "theta": null, "rho": null, "magnetic_course": 1.0, "route_distance_holding_distance_time": 1.0, "distance_time": "D", "altitude_description": "+", "altitude1": 2500.0, "altitude2": null, "transition_altitude": null, "speed_limit_description": null, "speed_limit": null, "vertical_angle": null, "center_waypoint": null, "center_waypoint_latitude": null, "center_waypoint_longitude": null, "aircraft_category": null}, "geometry": {"type": "MultiPoint", "coordinates": [[94.92815278, 21.05578889]]}}, {"type": "Feature", "properties": {"fid": 882, "area_code": "PAC", "airport_identifier": "VYBG", "procedure_identifier": "D36", "route_type": "A", "transition_identifier": "BGN2", "seqno": 10, "waypoint_icao_code": "VY", "waypoint_identifier": "BGN", "waypoint_latitude": 21.16953611, "waypoint_longitude": 94.92815278, "waypoint_description_code": "E  A", "turn_direction": null, "rnp": null, "path_termination": "IF", "recommanded_navaid": null, "recommanded_navaid_latitude": null, "recommanded_navaid_longitude": null, "arc_radius": null, "theta": null, "rho": null, "magnetic_course": null, "route_distance_holding_distance_time": null, "distance_time": null, "altitude_description": "+", "altitude1": 3000.0, "altitude2": null, "transition_altitude": null, "speed_limit_description": null, "speed_limit": null, "vertical_angle": null, "center_waypoint": null, "center_waypoint_latitude": null, "center_waypoint_longitude": null, "aircraft_category": null}, "geometry": {"type": "MultiPoint", "coordinates": [[94.92815278, 21.16953611]]}}, {"type": "Feature", "properties": {"fid": 883, "area_code": "PAC", "airport_identifier": "VYBG", "procedure_identifier": "D36", "route_type": "A", "transition_identifier": "BGN2", "seqno": 20, "waypoint_icao_code": null, "waypoint_identifier": null, "waypoint_latitude": null, "waypoint_longitude": null, "waypoint_description_code": null, "turn_direction": null, "rnp": null, "path_termination": "FC", "recommanded_navaid": null, "recommanded_navaid_latitude": null, "recommanded_navaid_longitude": null, "arc_radius": null, "theta": null, "rho": null, "magnetic_course": 196.0, "route_distance_holding_distance_time": 6.8, "distance_time": "D", "altitude_description": "+", "altitude1": 2500.0, "altitude2": null, "transition_altitude": null, "speed_limit_description": null, "speed_limit": null, "vertical_angle": null, "center_waypoint": null, "center_waypoint_latitude": null, "center_waypoint_longitude": null, "aircraft_category": null}, "geometry": {"type": "MultiPoint", "coordinates": []}}, {"type": "Feature", "properties": {"fid": 884, "area_code": "PAC", "airport_identifier": "VYBG", "procedure_identifier": "D36", "route_type": "A", "transition_identifier": "BGN2", "seqno": 30, "waypoint_icao_code": "VY", "waypoint_identifier": "FF36", "waypoint_latitude": 21.05578889, "waypoint_longitude": 94.92815278, "waypoint_description_code": "E", "turn_direction": "L", "rnp": null, "path_termination": "CF", "recommanded_navaid": null, "recommanded_navaid_latitude": null, "recommanded_navaid_longitude": null, "arc_radius": null, "theta": null, "rho": null, "magnetic_course": 1.0, "route_distance_holding_distance_time": 1.0, "distance_time": "D", "altitude_description": "+", "altitude1": 2500.0, "altitude2": null, "transition_altitude": null, "speed_limit_description": null, "speed_limit": null, "vertical_angle": null, "center_waypoint": null, "center_waypoint_latitude": null, "center_waypoint_longitude": null, "aircraft_category": null}, "geometry": {"type": "MultiPoint", "coordinates": [[94.92815278, 21.05578889]]}}, {"type": "Feature", "properties": {"fid": 886, "area_code": "PAC", "airport_identifier": "VYBG", "procedure_identifier": "D36", "route_type": "D", "transition_identifier": null, "seqno": 20, "waypoint_icao_code": "VY", "waypoint_identifier": "FF36", "waypoint_latitude": 21.05578889, "waypoint_longitude": 94.92815278, "waypoint_description_code": "E  I", "turn_direction": null, "rnp": null, "path_termination": "IF", "recommanded_navaid": null, "recommanded_navaid_latitude": null, "recommanded_navaid_longitude": null, "arc_radius": null, "theta": null, "rho": null, "magnetic_course": null, "route_distance_holding_distance_time": null, "distance_time": null, "altitude_description": "+", "altitude1": 2500.0, "altitude2": null, "transition_altitude": null, "speed_limit_description": null, "speed_limit": null, "vertical_angle": null, "center_waypoint": null, "center_waypoint_latitude": null, "center_waypoint_longitude": null, "aircraft_category": null}, "geometry": {"type": "MultiPoint", "coordinates": [[94.92815278, 21.05578889]]}}, {"type": "Feature", "properties": {"fid": 887, "area_code": "PAC", "airport_identifier": "VYBG", "procedure_identifier": "D36", "route_type": "D", "transition_identifier": null, "seqno": 23, "waypoint_icao_code": "VY", "waypoint_identifier": "40VOR", "waypoint_latitude": 21.102625, "waypoint_longitude": 94.92815278, "waypoint_description_code": "E  F", "turn_direction": null, "rnp": null, "path_termination": "CF", "recommanded_navaid": null, "recommanded_navaid_latitude": null, "recommanded_navaid_longitude": null, "arc_radius": null, "theta": null, "rho": null, "magnetic_course": 1.0, "route_distance_holding_distance_time": 2.8, "distance_time": "D", "altitude_description": "+", "altitude1": 1640.0, "altitude2": null, "transition_altitude": null, "speed_limit_description": null, "speed_limit": null, "vertical_angle": -3.0, "center_waypoint": null, "center_waypoint_latitude": null, "center_waypoint_longitude": null, "aircraft_category": null}, "geometry": {"type": "MultiPoint", "coordinates": [[94.92815278, 21.102625]]}}, {"type": "Feature", "properties": {"fid": 888, "area_code": "PAC", "airport_identifier": "VYBG", "procedure_identifier": "D36", "route_type": "D", "transition_identifier": null, "seqno": 27, "waypoint_icao_code": "VY", "waypoint_identifier": "23VOR", "waypoint_latitude": 21.13106111, "waypoint_longitude": 94.92815278, "waypoint_description_code": "E", "turn_direction": null, "rnp": null, "path_termination": "CF", "recommanded_navaid": null, "recommanded_navaid_latitude": null, "recommanded_navaid_longitude": null, "arc_radius": null, "theta": null, "rho": null, "magnetic_course": 1.0, "route_distance_holding_distance_time": 1.7, "distance_time": "D", "altitude_description": "+", "altitude1": 1100.0, "altitude2": null, "transition_altitude": null, "speed_limit_description": null, "speed_limit": null, "vertical_angle": -3.0, "center_waypoint": null, "center_waypoint_latitude": null, "center_waypoint_longitude": null, "aircraft_category": null}, "geometry": {"type": "MultiPoint", "coordinates": [[94.92815278, 21.13106111]]}}, {"type": "Feature", "properties": {"fid": 889, "area_code": "PAC", "airport_identifier": "VYBG", "procedure_identifier": "D36", "route_type": "D", "transition_identifier": null, "seqno": 30, "waypoint_icao_code": "VY", "waypoint_identifier": "BGN", "waypoint_latitude": 21.16953611, "waypoint_longitude": 94.92815278, "waypoint_description_code": "E  M", "turn_direction": null, "rnp": null, "path_termination": "CF", "recommanded_navaid": null, "recommanded_navaid_latitude": null, "recommanded_navaid_longitude": null, "arc_radius": null, "theta": null, "rho": null, "magnetic_course": 1.0, "route_distance_holding_distance_time": 2.3, "distance_time": "D", "altitude_description": "@", "altitude1": 409.0, "altitude2": null, "transition_altitude": null, "speed_limit_description": null, "speed_limit": null, "vertical_angle": -3.0, "center_waypoint": null, "center_waypoint_latitude": null, "center_waypoint_longitude": null, "aircraft_category": null}, "geometry": {"type": "MultiPoint", "coordinates": [[94.92815278, 21.16953611]]}}, {"type": "Feature", "properties": {"fid": 891, "area_code": "PAC", "airport_identifier": "VYBG", "procedure_identifier": "D36", "route_type": "D", "transition_identifier": null, "seqno": 40, "waypoint_icao_code": null, "waypoint_identifier": null, "waypoint_latitude": null, "waypoint_longitude": null, "waypoint_description_code": null, "turn_direction": null, "rnp": null, "path_termination": "CA", "recommanded_navaid": null, "recommanded_navaid_latitude": null, "recommanded_navaid_longitude": null, "arc_radius": null, "theta": null, "rho": null, "magnetic_course": 1.0, "route_distance_holding_distance_time": null, "distance_time": null, "altitude_description": "+", "altitude1": 2000.0, "altitude2": null, "transition_altitude": null, "speed_limit_description": null, "speed_limit": null, "vertical_angle": null, "center_waypoint": null, "center_waypoint_latitude": null, "center_waypoint_longitude": null, "aircraft_category": null}, "geometry": {"type": "MultiPoint", "coordinates": []}}, {"type": "Feature", "properties": {"fid": 892, "area_code": "PAC", "airport_identifier": "VYBG", "procedure_identifier": "D36", "route_type": "D", "transition_identifier": null, "seqno": 50, "waypoint_icao_code": "VY", "waypoint_identifier": "BGN", "waypoint_latitude": 21.16953611, "waypoint_longitude": 94.92815278, "waypoint_description_code": "E", "turn_direction": "R", "rnp": null, "path_termination": "DF", "recommanded_navaid": null, "recommanded_navaid_latitude": null, "recommanded_navaid_longitude": null, "arc_radius": null, "theta": null, "rho": null, "magnetic_course": null, "route_distance_holding_distance_time": null, "distance_time": null, "altitude_description": "@", "altitude1": 3000.0, "altitude2": null, "transition_altitude": null, "speed_limit_description": null, "speed_limit": null, "vertical_angle": null, "center_waypoint": null, "center_waypoint_latitude": null, "center_waypoint_longitude": null, "aircraft_category": null}, "geometry": {"type": "MultiPoint", "coordinates": [[94.92815278, 21.16953611]]}}, {"type": "Feature", "properties": {"fid": 893, "area_code": "PAC", "airport_identifier": "VYBG", "procedure_identifier": "D36", "route_type": "D", "transition_identifier": null, "seqno": 60, "waypoint_icao_code": "VY", "waypoint_identifier": "BGN", "waypoint_latitude": 21.16953611, "waypoint_longitude": 94.92815278, "waypoint_description_code": "E  H", "turn_direction": "R", "rnp": null, "path_termination": "HM", "recommanded_navaid": null, "recommanded_navaid_latitude": null, "recommanded_navaid_longitude": null, "arc_radius": null, "theta": null, "rho": null, "magnetic_course": 210.0, "route_distance_holding_distance_time": 1.0, "distance_time": "T", "altitude_description": "+", "altitude1": 3000.0, "altitude2": null, "transition_altitude": null, "speed_limit_description": null, "speed_limit": null, "vertical_angle": null, "center_waypoint": null, "center_waypoint_latitude": null, "center_waypoint_longitude": null, "aircraft_category": null}, "geometry": {"type": "MultiPoint", "coordinates": [[94.92815278, 21.16953611]]}}, {"type": "Feature", "properties": {"fid": 895, "area_code": "PAC", "airport_identifier": "VYMM", "procedure_identifier": "N04", "route_type": "N", "transition_identifier": null, "seqno": 20, "waypoint_icao_code": "VY", "waypoint_identifier": "FF04", "waypoint_latitude": 16.37077778, "waypoint_longitude": 97.60511944, "waypoint_description_code": "E  F", "turn_direction": null, "rnp": null, "path_termination": "IF", "recommanded_navaid": null, "recommanded_navaid_latitude": null, "recommanded_navaid_longitude": null, "arc_radius": null, "theta": null, "rho": null, "magnetic_course": null, "route_distance_holding_distance_time": null, "distance_time": null, "altitude_description": "+", "altitude1": 1720.0, "altitude2": null, "transition_altitude": null, "speed_limit_description": null, "speed_limit": null, "vertical_angle": null, "center_waypoint": null, "center_waypoint_latitude": null, "center_waypoint_longitude": null, "aircraft_category": null}, "geometry": {"type": "MultiPoint", "coordinates": [[97.60511944, 16.37077778]]}}, {"type": "Feature", "properties": {"fid": 896, "area_code": "PAC", "airport_identifier": "VYMM", "procedure_identifier": "N04", "route_type": "N", "transition_identifier": null, "seqno": 30, "waypoint_icao_code": "VY", "waypoint_identifier": "RW04", "waypoint_latitude": 16.43891944, "waypoint_longitude": 97.65644722, "waypoint_description_code": "G  M", "turn_direction": null, "rnp": null, "path_termination": "CF", "recommanded_navaid": null, "recommanded_navaid_latitude": null, "recommanded_navaid_longitude": null, "arc_radius": null, "theta": null, "rho": null, "magnetic_course": 36.0, "route_distance_holding_distance_time": 5.0, "distance_time": "D", "altitude_description": "@", "altitude1": 128.0, "altitude2": null, "transition_altitude": null, "speed_limit_description": null, "speed_limit": null, "vertical_angle": -2.98, "center_waypoint": null, "center_waypoint_latitude": null, "center_waypoint_longitude": null, "aircraft_category": null}, "geometry": {"type": "MultiPoint", "coordinates": [[97.65644722, 16.43891944]]}}, {"type": "Feature", "properties": {"fid": 898, "area_code": "PAC", "airport_identifier": "VYMM", "procedure_identifier": "N04", "route_type": "N", "transition_identifier": null, "seqno": 40, "waypoint_icao_code": "VY", "waypoint_identifier": "MM", "waypoint_latitude": 16.44331944, "waypoint_longitude": 97.65773056, "waypoint_description_code": "E", "turn_direction": null, "rnp": null, "path_termination": "TF", "recommanded_navaid": null, "recommanded_navaid_latitude": null, "recommanded_navaid_longitude": null, "arc_radius": null, "theta": null, "rho": null, "magnetic_course": null, "route_distance_holding_distance_time": null, "distance_time": null, "altitude_description": null, "altitude1": null, "altitude2": null, "transition_altitude": null, "speed_limit_description": null, "speed_limit": null, "vertical_angle": null, "center_waypoint": null, "center_waypoint_latitude": null, "center_waypoint_longitude": null, "aircraft_category": null}, "geometry": {"type": "MultiPoint", "coordinates": [[97.65773056, 16.44331944]]}}, {"type": "Feature", "properties": {"fid": 899, "area_code": "PAC", "airport_identifier": "VYMM", "procedure_identifier": "N04", "route_type": "N", "transition_identifier": null, "seqno": 50, "waypoint_icao_code": null, "waypoint_identifier": null, "waypoint_latitude": null, "waypoint_longitude": null, "waypoint_description_code": null, "turn_direction": null, "rnp": null, "path_termination": "VA", "recommanded_navaid": null, "recommanded_navaid_latitude": null, "recommanded_navaid_longitude": null, "arc_radius": null, "theta": null, "rho": null, "magnetic_course": 36.0, "route_distance_holding_distance_time": null, "distance_time": null, "altitude_description": "+", "altitude1": 2000.0, "altitude2": null, "transition_altitude": null, "speed_limit_description": null, "speed_limit": null, "vertical_angle": null, "center_waypoint": null, "center_waypoint_latitude": null, "center_waypoint_longitude": null, "aircraft_category": null}, "geometry": {"type": "MultiPoint", "coordinates": []}}, {"type": "Feature", "properties": {"fid": 900, "area_code": "PAC", "airport_identifier": "VYMM", "procedure_identifier": "N04", "route_type": "N", "transition_identifier": null, "seqno": 60, "waypoint_icao_code": "VY", "waypoint_identifier": "MM", "waypoint_latitude": 16.44331944, "waypoint_longitude": 97.65773056, "waypoint_description_code": "E", "turn_direction": "L", "rnp": null, "path_termination": "DF", "recommanded_navaid": null, "recommanded_navaid_latitude": null, "recommanded_navaid_longitude": null, "arc_radius": null, "theta": null, "rho": null, "magnetic_course": null, "route_distance_holding_distance_time": null, "distance_time": null, "altitude_description": "@", "altitude1": 3000.0, "altitude2": null, "transition_altitude": null, "speed_limit_description": null, "speed_limit": null, "vertical_angle": null, "center_waypoint": null, "center_waypoint_latitude": null, "center_waypoint_longitude": null, "aircraft_category": null}, "geometry": {"type": "MultiPoint", "coordinates": [[97.65773056, 16.44331944]]}}, {"type": "Feature", "properties": {"fid": 901, "area_code": "PAC", "airport_identifier": "VYMM", "procedure_identifier": "N04", "route_type": "N", "transition_identifier": null, "seqno": 70, "waypoint_icao_code": "VY", "waypoint_identifier": "MM", "waypoint_latitude": 16.44331944, "waypoint_longitude": 97.65773056, "waypoint_description_code": "E  H", "turn_direction": "R", "rnp": null, "path_termination": "HM", "recommanded_navaid": null, "recommanded_navaid_latitude": null, "recommanded_navaid_longitude": null, "arc_radius": null, "theta": null, "rho": null, "magnetic_course": 246.0, "route_distance_holding_distance_time": 1.0, "distance_time": "T", "altitude_description": null, "altitude1": null, "altitude2": null, "transition_altitude": null, "speed_limit_description": null, "speed_limit": null, "vertical_angle": null, "center_waypoint": null, "center_waypoint_latitude": null, "center_waypoint_longitude": null, "aircraft_category": null}, "geometry": {"type": "MultiPoint", "coordinates": [[97.65773056, 16.44331944]]}}, {"type": "Feature", "properties": {"fid": 903, "area_code": "PAC", "airport_identifier": "VYMD", "procedure_identifier": "Q35", "route_type": "A", "transition_identifier": "MIA1", "seqno": 10, "waypoint_icao_code": "VY", "waypoint_identifier": "MIA", "waypoint_latitude": 21.68814722, "waypoint_longitude": 95.98685833, "waypoint_description_code": "E  A", "turn_direction": null, "rnp": null, "path_termination": "IF", "recommanded_navaid": null, "recommanded_navaid_latitude": null, "recommanded_navaid_longitude": null, "arc_radius": null, "theta": null, "rho": null, "magnetic_course": null, "route_distance_holding_distance_time": null, "distance_time": null, "altitude_description": "+", "altitude1": 3000.0, "altitude2": null, "transition_altitude": null, "speed_limit_description": null, "speed_limit": null, "vertical_angle": null, "center_waypoint": null, "center_waypoint_latitude": null, "center_waypoint_longitude": null, "aircraft_category": null}, "geometry": {"type": "MultiPoint", "coordinates": [[95.98685833, 21.68814722]]}}, {"type": "Feature", "properties": {"fid": 904, "area_code": "PAC", "airport_identifier": "VYMD", "procedure_identifier": "Q35", "route_type": "A", "transition_identifier": "MIA1", "seqno": 20, "waypoint_icao_code": null, "waypoint_identifier": null, "waypoint_latitude": null, "waypoint_longitude": null, "waypoint_description_code": null, "turn_direction": null, "rnp": null, "path_termination": "FC", "recommanded_navaid": null, "recommanded_navaid_latitude": null, "recommanded_navaid_longitude": null, "arc_radius": null, "theta": null, "rho": null, "magnetic_course": 208.0, "route_distance_holding_distance_time": 6.2, "distance_time": "D", "altitude_description": null, "altitude1": null, "altitude2": null, "transition_altitude": null, "speed_limit_description": null, "speed_limit": null, "vertical_angle": null, "center_waypoint": null, "center_waypoint_latitude": null, "center_waypoint_longitude": null, "aircraft_category": null}, "geometry": {"type": "MultiPoint", "coordinates": []}}, {"type": "Feature", "properties": {"fid": 905, "area_code": "PAC", "airport_identifier": "VYMD", "procedure_identifier": "Q35", "route_type": "A", "transition_identifier": "MIA1", "seqno": 30, "waypoint_icao_code": "VY", "waypoint_identifier": "FQ35", "waypoint_latitude": 21.58499167, "waypoint_longitude": 95.99263611, "waypoint_description_code": "E", "turn_direction": "L", "rnp": null, "path_termination": "CF", "recommanded_navaid": null, "recommanded_navaid_latitude": null, "recommanded_navaid_longitude": null, "arc_radius": null, "theta": null, "rho": null, "magnetic_course": 358.0, "route_distance_holding_distance_time": 1.0, "distance_time": "D", "altitude_description": "+", "altitude1": 2200.0, "altitude2": null, "transition_altitude": null, "speed_limit_description": null, "speed_limit": null, "vertical_angle": null, "center_waypoint": null, "center_waypoint_latitude": null, "center_waypoint_longitude": null, "aircraft_category": null}, "geometry": {"type": "MultiPoint", "coordinates": [[95.99263611, 21.58499167]]}}, {"type": "Feature", "properties": {"fid": 907, "area_code": "PAC", "airport_identifier": "VYMD", "procedure_identifier": "Q35", "route_type": "A", "transition_identifier": "MIA2", "seqno": 10, "waypoint_icao_code": "VY", "waypoint_identifier": "MIA", "waypoint_latitude": 21.68814722, "waypoint_longitude": 95.98685833, "waypoint_description_code": "E  A", "turn_direction": null, "rnp": null, "path_termination": "IF", "recommanded_navaid": null, "recommanded_navaid_latitude": null, "recommanded_navaid_longitude": null, "arc_radius": null, "theta": null, "rho": null, "magnetic_course": null, "route_distance_holding_distance_time": null, "distance_time": null, "altitude_description": "+", "altitude1": 3000.0, "altitude2": null, "transition_altitude": null, "speed_limit_description": null, "speed_limit": null, "vertical_angle": null, "center_waypoint": null, "center_waypoint_latitude": null, "center_waypoint_longitude": null, "aircraft_category": null}, "geometry": {"type": "MultiPoint", "coordinates": [[95.98685833, 21.68814722]]}}, {"type": "Feature", "properties": {"fid": 908, "area_code": "PAC", "airport_identifier": "VYMD", "procedure_identifier": "Q35", "route_type": "A", "transition_identifier": "MIA2", "seqno": 20, "waypoint_icao_code": null, "waypoint_identifier": null, "waypoint_latitude": null, "waypoint_longitude": null, "waypoint_description_code": null, "turn_direction": null, "rnp": null, "path_termination": "FC", "recommanded_navaid": null, "recommanded_navaid_latitude": null, "recommanded_navaid_longitude": null, "arc_radius": null, "theta": null, "rho": null, "magnetic_course": 193.0, "route_distance_holding_distance_time": 6.2, "distance_time": "D", "altitude_description": null, "altitude1": null, "altitude2": null, "transition_altitude": null, "speed_limit_description": null, "speed_limit": null, "vertical_angle": null, "center_waypoint": null, "center_waypoint_latitude": null, "center_waypoint_longitude": null, "aircraft_category": null}, "geometry": {"type": "MultiPoint", "coordinates": []}}, {"type": "Feature", "properties": {"fid": 909, "area_code": "PAC", "airport_identifier": "VYMD", "procedure_identifier": "Q35", "route_type": "A", "transition_identifier": "MIA2", "seqno": 30, "waypoint_icao_code": "VY", "waypoint_identifier": "FQ35", "waypoint_latitude": 21.58499167, "waypoint_longitude": 95.99263611, "waypoint_description_code": "E", "turn_direction": "L", "rnp": null, "path_termination": "CF", "recommanded_navaid": null, "recommanded_navaid_latitude": null, "recommanded_navaid_longitude": null, "arc_radius": null, "theta": null, "rho": null, "magnetic_course": 358.0, "route_distance_holding_distance_time": 1.0, "distance_time": "D", "altitude_description": "+", "altitude1": 2200.0, "altitude2": null, "transition_altitude": null, "speed_limit_description": null, "speed_limit": null, "vertical_angle": null, "center_waypoint": null, "center_waypoint_latitude": null, "center_waypoint_longitude": null, "aircraft_category": null}, "geometry": {"type": "MultiPoint", "coordinates": [[95.99263611, 21.58499167]]}}, {"type": "Feature", "properties": {"fid": 911, "area_code": "PAC", "airport_identifier": "VYMD", "procedure_identifier": "Q35", "route_type": "Q", "transition_identifier": null, "seqno": 20, "waypoint_icao_code": "VY", "waypoint_identifier": "FQ35", "waypoint_latitude": 21.58499167, "waypoint_longitude": 95.99263611, "waypoint_description_code": "E  F", "turn_direction": null, "rnp": null, "path_termination": "IF", "recommanded_navaid": null, "recommanded_navaid_latitude": null, "recommanded_navaid_longitude": null, "arc_radius": null, "theta": null, "rho": null, "magnetic_course": null, "route_distance_holding_distance_time": null, "distance_time": null, "altitude_description": "+", "altitude1": 2200.0, "altitude2": null, "transition_altitude": null, "speed_limit_description": null, "speed_limit": null, "vertical_angle": null, "center_waypoint": null, "center_waypoint_latitude": null, "center_waypoint_longitude": null, "aircraft_category": null}, "geometry": {"type": "MultiPoint", "coordinates": [[95.99263611, 21.58499167]]}}, {"type": "Feature", "properties": {"fid": 912, "area_code": "PAC", "airport_identifier": "VYMD", "procedure_identifier": "Q35", "route_type": "Q", "transition_identifier": null, "seqno": 30, "waypoint_icao_code": "VY", "waypoint_identifier": "MQ35", "waypoint_latitude": 21.65700833, "waypoint_longitude": 95.98860278, "waypoint_description_code": "E  M", "turn_direction": null, "rnp": null, "path_termination": "CF", "recommanded_navaid": null, "recommanded_navaid_latitude": null, "recommanded_navaid_longitude": null, "arc_radius": null, "theta": null, "rho": null, "magnetic_course": 358.0, "route_distance_holding_distance_time": 4.3, "distance_time": "D", "altitude_description": "@", "altitude1": 841.0, "altitude2": null, "transition_altitude": null, "speed_limit_description": null, "speed_limit": null, "vertical_angle": -3.0, "center_waypoint": null, "center_waypoint_latitude": null, "center_waypoint_longitude": null, "aircraft_category": null}, "geometry": {"type": "MultiPoint", "coordinates": [[95.98860278, 21.65700833]]}}, {"type": "Feature", "properties": {"fid": 914, "area_code": "PAC", "airport_identifier": "VYMD", "procedure_identifier": "Q35", "route_type": "Q", "transition_identifier": null, "seqno": 40, "waypoint_icao_code": null, "waypoint_identifier": null, "waypoint_latitude": null, "waypoint_longitude": null, "waypoint_description_code": null, "turn_direction": null, "rnp": null, "path_termination": "VA", "recommanded_navaid": null, "recommanded_navaid_latitude": null, "recommanded_navaid_longitude": null, "arc_radius": null, "theta": null, "rho": null, "magnetic_course": 358.0, "route_distance_holding_distance_time": null, "distance_time": null, "altitude_description": "+", "altitude1": 2000.0, "altitude2": null, "transition_altitude": null, "speed_limit_description": null, "speed_limit": null, "vertical_angle": null, "center_waypoint": null, "center_waypoint_latitude": null, "center_waypoint_longitude": null, "aircraft_category": null}, "geometry": {"type": "MultiPoint", "coordinates": []}}, {"type": "Feature", "properties": {"fid": 915, "area_code": "PAC", "airport_identifier": "VYMD", "procedure_identifier": "Q35", "route_type": "Q", "transition_identifier": null, "seqno": 50, "waypoint_icao_code": "VY", "waypoint_identifier": "MIA", "waypoint_latitude": 21.68814722, "waypoint_longitude": 95.98685833, "waypoint_description_code": "E", "turn_direction": "L", "rnp": null, "path_termination": "DF", "recommanded_navaid": null, "recommanded_navaid_latitude": null, "recommanded_navaid_longitude": null, "arc_radius": null, "theta": null, "rho": null, "magnetic_course": null, "route_distance_holding_distance_time": null, "distance_time": null, "altitude_description": "@", "altitude1": 3000.0, "altitude2": null, "transition_altitude": null, "speed_limit_description": null, "speed_limit": null, "vertical_angle": null, "center_waypoint": null, "center_waypoint_latitude": null, "center_waypoint_longitude": null, "aircraft_category": null}, "geometry": {"type": "MultiPoint", "coordinates": [[95.98685833, 21.68814722]]}}, {"type": "Feature", "properties": {"fid": 916, "area_code": "PAC", "airport_identifier": "VYMD", "procedure_identifier": "Q35", "route_type": "Q", "transition_identifier": null, "seqno": 60, "waypoint_icao_code": "VY", "waypoint_identifier": "MIA", "waypoint_latitude": 21.68814722, "waypoint_longitude": 95.98685833, "waypoint_description_code": "E  H", "turn_direction": "R", "rnp": null, "path_termination": "HM", "recommanded_navaid": null, "recommanded_navaid_latitude": null, "recommanded_navaid_longitude": null, "arc_radius": null, "theta": null, "rho": null, "magnetic_course": 208.0, "route_distance_holding_distance_time": 1.0, "distance_time": "T", "altitude_description": "+", "altitude1": 3000.0, "altitude2": null, "transition_altitude": null, "speed_limit_description": null, "speed_limit": null, "vertical_angle": null, "center_waypoint": null, "center_waypoint_latitude": null, "center_waypoint_longitude": null, "aircraft_category": null}, "geometry": {"type": "MultiPoint", "coordinates": [[95.98685833, 21.68814722]]}}, {"type": "Feature", "properties": {"fid": 918, "area_code": "PAC", "airport_identifier": "VYME", "procedure_identifier": "R36", "route_type": "A", "transition_identifier": "TELAM", "seqno": 10, "waypoint_icao_code": "VY", "waypoint_identifier": "TELAM", "waypoint_latitude": 12.17551389, "waypoint_longitude": 98.60843333, "waypoint_description_code": "E  A", "turn_direction": null, "rnp": 1.0, "path_termination": "IF", "recommanded_navaid": null, "recommanded_navaid_latitude": null, "recommanded_navaid_longitude": null, "arc_radius": null, "theta": null, "rho": null, "magnetic_course": null, "route_distance_holding_distance_time": null, "distance_time": null, "altitude_description": "+", "altitude1": 4000.0, "altitude2": null, "transition_altitude": null, "speed_limit_description": "-", "speed_limit": 210.0, "vertical_angle": null, "center_waypoint": null, "center_waypoint_latitude": null, "center_waypoint_longitude": null, "aircraft_category": null}, "geometry": {"type": "MultiPoint", "coordinates": [[98.60843333, 12.17551389]]}}, {"type": "Feature", "properties": {"fid": 919, "area_code": "PAC", "airport_identifier": "VYME", "procedure_identifier": "R36", "route_type": "A", "transition_identifier": "TELAM", "seqno": 20, "waypoint_icao_code": "VY", "waypoint_identifier": "ME907", "waypoint_latitude": 12.25912778, "waypoint_longitude": 98.61243889, "waypoint_description_code": "E", "turn_direction": null, "rnp": 1.0, "path_termination": "TF", "recommanded_navaid": null, "recommanded_navaid_latitude": null, "recommanded_navaid_longitude": null, "arc_radius": null, "theta": null, "rho": null, "magnetic_course": null, "route_distance_holding_distance_time": null, "distance_time": null, "altitude_description": "+", "altitude1": 2800.0, "altitude2": null, "transition_altitude": null, "speed_limit_description": null, "speed_limit": null, "vertical_angle": null, "center_waypoint": null, "center_waypoint_latitude": null, "center_waypoint_longitude": null, "aircraft_category": null}, "geometry": {"type": "MultiPoint", "coordinates": [[98.61243889, 12.25912778]]}}, {"type": "Feature", "properties": {"fid": 921, "area_code": "PAC", "airport_identifier": "VYME", "procedure_identifier": "R36", "route_type": "A", "transition_identifier": "VIMUM", "seqno": 10, "waypoint_icao_code": "VY", "waypoint_identifier": "VIMUM", "waypoint_latitude": 12.26305278, "waypoint_longitude": 98.52741944, "waypoint_description_code": "E  A", "turn_direction": null, "rnp": 1.0, "path_termination": "IF", "recommanded_navaid": null, "recommanded_navaid_latitude": null, "recommanded_navaid_longitude": null, "arc_radius": null, "theta": null, "rho": null, "magnetic_course": null, "route_distance_holding_distance_time": null, "distance_time": null, "altitude_description": "+", "altitude1": 4000.0, "altitude2": null, "transition_altitude": null, "speed_limit_description": "-", "speed_limit": 210.0, "vertical_angle": null, "center_waypoint": null, "center_waypoint_latitude": null, "center_waypoint_longitude": null, "aircraft_category": null}, "geometry": {"type": "MultiPoint", "coordinates": [[98.52741944, 12.26305278]]}}, {"type": "Feature", "properties": {"fid": 922, "area_code": "PAC", "airport_identifier": "VYME", "procedure_identifier": "R36", "route_type": "A", "transition_identifier": "VIMUM", "seqno": 20, "waypoint_icao_code": "VY", "waypoint_identifier": "ME907", "waypoint_latitude": 12.25912778, "waypoint_longitude": 98.61243889, "waypoint_description_code": "E", "turn_direction": null, "rnp": 1.0, "path_termination": "TF", "recommanded_navaid": null, "recommanded_navaid_latitude": null, "recommanded_navaid_longitude": null, "arc_radius": null, "theta": null, "rho": null, "magnetic_course": null, "route_distance_holding_distance_time": null, "distance_time": null, "altitude_description": "+", "altitude1": 2800.0, "altitude2": null, "transition_altitude": null, "speed_limit_description": null, "speed_limit": null, "vertical_angle": null, "center_waypoint": null, "center_waypoint_latitude": null, "center_waypoint_longitude": null, "aircraft_category": null}, "geometry": {"type": "MultiPoint", "coordinates": [[98.61243889, 12.25912778]]}}, {"type": "Feature", "properties": {"fid": 924, "area_code": "PAC", "airport_identifier": "VYME", "procedure_identifier": "R36", "route_type": "R", "transition_identifier": null, "seqno": 10, "waypoint_icao_code": "VY", "waypoint_identifier": "ME907", "waypoint_latitude": 12.25912778, "waypoint_longitude": 98.61243889, "waypoint_description_code": "E  I", "turn_direction": null, "rnp": null, "path_termination": "IF", "recommanded_navaid": null, "recommanded_navaid_latitude": null, "recommanded_navaid_longitude": null, "arc_radius": null, "theta": null, "rho": null, "magnetic_course": null, "route_distance_holding_distance_time": null, "distance_time": null, "altitude_description": "+", "altitude1": 2800.0, "altitude2": null, "transition_altitude": null, "speed_limit_description": null, "speed_limit": null, "vertical_angle": null, "center_waypoint": null, "center_waypoint_latitude": null, "center_waypoint_longitude": null, "aircraft_category": null}, "geometry": {"type": "MultiPoint", "coordinates": [[98.61243889, 12.25912778]]}}, {"type": "Feature", "properties": {"fid": 925, "area_code": "PAC", "airport_identifier": "VYME", "procedure_identifier": "R36", "route_type": "R", "transition_identifier": null, "seqno": 20, "waypoint_icao_code": "VY", "waypoint_identifier": "PAPSO", "waypoint_latitude": 12.34274167, "waypoint_longitude": 98.61644167, "waypoint_description_code": "E  F", "turn_direction": null, "rnp": null, "path_termination": "TF", "recommanded_navaid": null, "recommanded_navaid_latitude": null, "recommanded_navaid_longitude": null, "arc_radius": null, "theta": null, "rho": null, "magnetic_course": 3.0, "route_distance_holding_distance_time": 5.0, "distance_time": "D", "altitude_description": "@", "altitude1": 1700.0, "altitude2": null, "transition_altitude": null, "speed_limit_description": null, "speed_limit": null, "vertical_angle": null, "center_waypoint": null, "center_waypoint_latitude": null, "center_waypoint_longitude": null, "aircraft_category": null}, "geometry": {"type": "MultiPoint", "coordinates": [[98.61644167, 12.34274167]]}}, {"type": "Feature", "properties": {"fid": 926, "area_code": "PAC", "airport_identifier": "VYME", "procedure_identifier": "R36", "route_type": "R", "transition_identifier": null, "seqno": 30, "waypoint_icao_code": "VY", "waypoint_identifier": "RW36", "waypoint_latitude": 12.42777778, "waypoint_longitude": 98.62051667, "waypoint_description_code": "GY M", "turn_direction": null, "rnp": null, "path_termination": "TF", "recommanded_navaid": null, "recommanded_navaid_latitude": null, "recommanded_navaid_longitude": null, "arc_radius": null, "theta": null, "rho": null, "magnetic_course": 3.0, "route_distance_holding_distance_time": 5.1, "distance_time": "D", "altitude_description": "@", "altitude1": 82.0, "altitude2": null, "transition_altitude": null, "speed_limit_description": null, "speed_limit": null, "vertical_angle": -3.0, "center_waypoint": null, "center_waypoint_latitude": null, "center_waypoint_longitude": null, "aircraft_category": null}, "geometry": {"type": "MultiPoint", "coordinates": [[98.62051667, 12.42777778]]}}, {"type": "Feature", "properties": {"fid": 928, "area_code": "PAC", "airport_identifier": "VYME", "procedure_identifier": "R36", "route_type": "R", "transition_identifier": null, "seqno": 40, "waypoint_icao_code": "VY", "waypoint_identifier": "ME908", "waypoint_latitude": 12.53596389, "waypoint_longitude": 98.62570278, "waypoint_description_code": "EY", "turn_direction": null, "rnp": 1.0, "path_termination": "DF", "recommanded_navaid": null, "recommanded_navaid_latitude": null, "recommanded_navaid_longitude": null, "arc_radius": null, "theta": null, "rho": null, "magnetic_course": null, "route_distance_holding_distance_time": null, "distance_time": null, "altitude_description": null, "altitude1": null, "altitude2": null, "transition_altitude": null, "speed_limit_description": null, "speed_limit": null, "vertical_angle": null, "center_waypoint": null, "center_waypoint_latitude": null, "center_waypoint_longitude": null, "aircraft_category": null}, "geometry": {"type": "MultiPoint", "coordinates": [[98.62570278, 12.53596389]]}}, {"type": "Feature", "properties": {"fid": 929, "area_code": "PAC", "airport_identifier": "VYME", "procedure_identifier": "R36", "route_type": "R", "transition_identifier": null, "seqno": 50, "waypoint_icao_code": "VY", "waypoint_identifier": "ME909", "waypoint_latitude": 12.44730833, "waypoint_longitude": 98.49894167, "waypoint_description_code": "E", "turn_direction": "L", "rnp": 1.0, "path_termination": "DF", "recommanded_navaid": null, "recommanded_navaid_latitude": null, "recommanded_navaid_longitude": null, "arc_radius": null, "theta": null, "rho": null, "magnetic_course": null, "route_distance_holding_distance_time": null, "distance_time": null, "altitude_description": null, "altitude1": null, "altitude2": null, "transition_altitude": null, "speed_limit_description": null, "speed_limit": null, "vertical_angle": null, "center_waypoint": null, "center_waypoint_latitude": null, "center_waypoint_longitude": null, "aircraft_category": null}, "geometry": {"type": "MultiPoint", "coordinates": [[98.49894167, 12.44730833]]}}, {"type": "Feature", "properties": {"fid": 930, "area_code": "PAC", "airport_identifier": "VYME", "procedure_identifier": "R36", "route_type": "R", "transition_identifier": null, "seqno": 60, "waypoint_icao_code": "VY", "waypoint_identifier": "VIMUM", "waypoint_latitude": 12.26305278, "waypoint_longitude": 98.52741944, "waypoint_description_code": "E", "turn_direction": null, "rnp": 1.0, "path_termination": "TF", "recommanded_navaid": null, "recommanded_navaid_latitude": null, "recommanded_navaid_longitude": null, "arc_radius": null, "theta": null, "rho": null, "magnetic_course": null, "route_distance_holding_distance_time": null, "distance_time": null, "altitude_description": "+", "altitude1": 4000.0, "altitude2": null, "transition_altitude": null, "speed_limit_description": "-", "speed_limit": 210.0, "vertical_angle": null, "center_waypoint": null, "center_waypoint_latitude": null, "center_waypoint_longitude": null, "aircraft_category": null}, "geometry": {"type": "MultiPoint", "coordinates": [[98.52741944, 12.26305278]]}}, {"type": "Feature", "properties": {"fid": 931, "area_code": "PAC", "airport_identifier": "VYME", "procedure_identifier": "R36", "route_type": "R", "transition_identifier": null, "seqno": 70, "waypoint_icao_code": "VY", "waypoint_identifier": "VIMUM", "waypoint_latitude": 12.26305278, "waypoint_longitude": 98.52741944, "waypoint_description_code": "E  H", "turn_direction": "R", "rnp": 1.0, "path_termination": "HM", "recommanded_navaid": null, "recommanded_navaid_latitude": null, "recommanded_navaid_longitude": null, "arc_radius": null, "theta": null, "rho": null, "magnetic_course": 93.0, "route_distance_holding_distance_time": 1.0, "distance_time": "T", "altitude_description": "+", "altitude1": 4000.0, "altitude2": null, "transition_altitude": null, "speed_limit_description": "-", "speed_limit": 210.0, "vertical_angle": null, "center_waypoint": null, "center_waypoint_latitude": null, "center_waypoint_longitude": null, "aircraft_category": null}, "geometry": {"type": "MultiPoint", "coordinates": [[98.52741944, 12.26305278]]}}, {"type": "Feature", "properties": {"fid": 933, "area_code": "PAC", "airport_identifier": "VYHH", "procedure_identifier": "R36", "route_type": "A", "transition_identifier": "DUMER", "seqno": 10, "waypoint_icao_code": "VY", "waypoint_identifier": "DUMER", "waypoint_latitude": 20.41258333, "waypoint_longitude": 96.79061111, "waypoint_description_code": "E  A", "turn_direction": null, "rnp": 1.0, "path_termination": "IF", "recommanded_navaid": null, "recommanded_navaid_latitude": null, "recommanded_navaid_longitude": null, "arc_radius": null, "theta": null, "rho": null, "magnetic_course": null, "route_distance_holding_distance_time": null, "distance_time": null, "altitude_description": "+", "altitude1": 10000.0, "altitude2": null, "transition_altitude": null, "speed_limit_description": "-", "speed_limit": 230.0, "vertical_angle": null, "center_waypoint": null, "center_waypoint_latitude": null, "center_waypoint_longitude": null, "aircraft_category": null}, "geometry": {"type": "MultiPoint", "coordinates": [[96.79061111, 20.41258333]]}}, {"type": "Feature", "properties": {"fid": 934, "area_code": "PAC", "airport_identifier": "VYHH", "procedure_identifier": "R36", "route_type": "A", "transition_identifier": "DUMER", "seqno": 20, "waypoint_icao_code": "VY", "waypoint_identifier": "HH901", "waypoint_latitude": 20.54105556, "waypoint_longitude": 96.79113889, "waypoint_description_code": "E", "turn_direction": null, "rnp": 1.0, "path_termination": "TF", "recommanded_navaid": null, "recommanded_navaid_latitude": null, "recommanded_navaid_longitude": null, "arc_radius": null, "theta": null, "rho": null, "magnetic_course": null, "route_distance_holding_distance_time": null, "distance_time": null, "altitude_description": "+", "altitude1": 7000.0, "altitude2": null, "transition_altitude": null, "speed_limit_description": null, "speed_limit": null, "vertical_angle": null, "center_waypoint": null, "center_waypoint_latitude": null, "center_waypoint_longitude": null, "aircraft_category": null}, "geometry": {"type": "MultiPoint", "coordinates": [[96.79113889, 20.54105556]]}}, {"type": "Feature", "properties": {"fid": 936, "area_code": "PAC", "airport_identifier": "VYHH", "procedure_identifier": "R36", "route_type": "A", "transition_identifier": "GUSUM", "seqno": 10, "waypoint_icao_code": "VY", "waypoint_identifier": "GUSUM", "waypoint_latitude": 20.66413889, "waypoint_longitude": 96.51355556, "waypoint_description_code": "E  A", "turn_direction": null, "rnp": 1.0, "path_termination": "IF", "recommanded_navaid": null, "recommanded_navaid_latitude": null, "recommanded_navaid_longitude": null, "arc_radius": null, "theta": null, "rho": null, "magnetic_course": null, "route_distance_holding_distance_time": null, "distance_time": null, "altitude_description": "+", "altitude1": 10000.0, "altitude2": null, "transition_altitude": null, "speed_limit_description": "-", "speed_limit": 230.0, "vertical_angle": null, "center_waypoint": null, "center_waypoint_latitude": null, "center_waypoint_longitude": null, "aircraft_category": null}, "geometry": {"type": "MultiPoint", "coordinates": [[96.51355556, 20.66413889]]}}, {"type": "Feature", "properties": {"fid": 937, "area_code": "PAC", "airport_identifier": "VYHH", "procedure_identifier": "R36", "route_type": "A", "transition_identifier": "GUSUM", "seqno": 20, "waypoint_icao_code": "VY", "waypoint_identifier": "KALSI", "waypoint_latitude": 20.54144444, "waypoint_longitude": 96.68458333, "waypoint_description_code": "E", "turn_direction": null, "rnp": 1.0, "path_termination": "TF", "recommanded_navaid": null, "recommanded_navaid_latitude": null, "recommanded_navaid_longitude": null, "arc_radius": null, "theta": null, "rho": null, "magnetic_course": null, "route_distance_holding_distance_time": null, "distance_time": null, "altitude_description": "+", "altitude1": 8300.0, "altitude2": null, "transition_altitude": null, "speed_limit_description": null, "speed_limit": null, "vertical_angle": null, "center_waypoint": null, "center_waypoint_latitude": null, "center_waypoint_longitude": null, "aircraft_category": null}, "geometry": {"type": "MultiPoint", "coordinates": [[96.68458333, 20.54144444]]}}, {"type": "Feature", "properties": {"fid": 938, "area_code": "PAC", "airport_identifier": "VYHH", "procedure_identifier": "R36", "route_type": "A", "transition_identifier": "GUSUM", "seqno": 30, "waypoint_icao_code": "VY", "waypoint_identifier": "HH901", "waypoint_latitude": 20.54105556, "waypoint_longitude": 96.79113889, "waypoint_description_code": "E", "turn_direction": null, "rnp": 1.0, "path_termination": "TF", "recommanded_navaid": null, "recommanded_navaid_latitude": null, "recommanded_navaid_longitude": null, "arc_radius": null, "theta": null, "rho": null, "magnetic_course": null, "route_distance_holding_distance_time": null, "distance_time": null, "altitude_description": "+", "altitude1": 7000.0, "altitude2": null, "transition_altitude": null, "speed_limit_description": null, "speed_limit": null, "vertical_angle": null, "center_waypoint": null, "center_waypoint_latitude": null, "center_waypoint_longitude": null, "aircraft_category": null}, "geometry": {"type": "MultiPoint", "coordinates": [[96.79113889, 20.54105556]]}}, {"type": "Feature", "properties": {"fid": 940, "area_code": "PAC", "airport_identifier": "VYHH", "procedure_identifier": "R36", "route_type": "R", "transition_identifier": null, "seqno": 10, "waypoint_icao_code": "VY", "waypoint_identifier": "HH901", "waypoint_latitude": 20.54105556, "waypoint_longitude": 96.79113889, "waypoint_description_code": "E  I", "turn_direction": null, "rnp": null, "path_termination": "IF", "recommanded_navaid": null, "recommanded_navaid_latitude": null, "recommanded_navaid_longitude": null, "arc_radius": null, "theta": null, "rho": null, "magnetic_course": null, "route_distance_holding_distance_time": null, "distance_time": null, "altitude_description": "+", "altitude1": 7000.0, "altitude2": null, "transition_altitude": null, "speed_limit_description": null, "speed_limit": null, "vertical_angle": null, "center_waypoint": null, "center_waypoint_latitude": null, "center_waypoint_longitude": null, "aircraft_category": null}, "geometry": {"type": "MultiPoint", "coordinates": [[96.79113889, 20.54105556]]}}, {"type": "Feature", "properties": {"fid": 941, "area_code": "PAC", "airport_identifier": "VYHH", "procedure_identifier": "R36", "route_type": "R", "transition_identifier": null, "seqno": 20, "waypoint_icao_code": "VY", "waypoint_identifier": "BINAN", "waypoint_latitude": 20.62472222, "waypoint_longitude": 96.7915, "waypoint_description_code": "E  F", "turn_direction": null, "rnp": null, "path_termination": "TF", "recommanded_navaid": null, "recommanded_navaid_latitude": null, "recommanded_navaid_longitude": null, "arc_radius": null, "theta": null, "rho": null, "magnetic_course": 1.0, "route_distance_holding_distance_time": 5.0, "distance_time": "D", "altitude_description": "@", "altitude1": 6000.0, "altitude2": null, "transition_altitude": null, "speed_limit_description": null, "speed_limit": null, "vertical_angle": -3.0, "center_waypoint": null, "center_waypoint_latitude": null, "center_waypoint_longitude": null, "aircraft_category": null}, "geometry": {"type": "MultiPoint", "coordinates": [[96.7915, 20.62472222]]}}, {"type": "Feature", "properties": {"fid": 942, "area_code": "PAC", "airport_identifier": "VYHH", "procedure_identifier": "R36", "route_type": "R", "transition_identifier": null, "seqno": 30, "waypoint_icao_code": "VY", "waypoint_identifier": "PASNO", "waypoint_latitude": 20.71866667, "waypoint_longitude": 96.79188889, "waypoint_description_code": "EY M", "turn_direction": null, "rnp": null, "path_termination": "TF", "recommanded_navaid": null, "recommanded_navaid_latitude": null, "recommanded_navaid_longitude": null, "arc_radius": null, "theta": null, "rho": null, "magnetic_course": 1.0, "route_distance_holding_distance_time": 5.6, "distance_time": "D", "altitude_description": "@", "altitude1": 4215.0, "altitude2": null, "transition_altitude": null, "speed_limit_description": null, "speed_limit": null, "vertical_angle": -3.0, "center_waypoint": null, "center_waypoint_latitude": null, "center_waypoint_longitude": null, "aircraft_category": null}, "geometry": {"type": "MultiPoint", "coordinates": [[96.79188889, 20.71866667]]}}, {"type": "Feature", "properties": {"fid": 944, "area_code": "PAC", "airport_identifier": "VYHH", "procedure_identifier": "R36", "route_type": "R", "transition_identifier": null, "seqno": 40, "waypoint_icao_code": "VY", "waypoint_identifier": "HH902", "waypoint_latitude": 20.81644444, "waypoint_longitude": 96.77736111, "waypoint_description_code": "E", "turn_direction": null, "rnp": 1.0, "path_termination": "DF", "recommanded_navaid": null, "recommanded_navaid_latitude": null, "recommanded_navaid_longitude": null, "arc_radius": null, "theta": null, "rho": null, "magnetic_course": null, "route_distance_holding_distance_time": null, "distance_time": null, "altitude_description": null, "altitude1": null, "altitude2": null, "transition_altitude": null, "speed_limit_description": "-", "speed_limit": 200.0, "vertical_angle": null, "center_waypoint": null, "center_waypoint_latitude": null, "center_waypoint_longitude": null, "aircraft_category": null}, "geometry": {"type": "MultiPoint", "coordinates": [[96.77736111, 20.81644444]]}}, {"type": "Feature", "properties": {"fid": 945, "area_code": "PAC", "airport_identifier": "VYHH", "procedure_identifier": "R36", "route_type": "R", "transition_identifier": null, "seqno": 50, "waypoint_icao_code": "VY", "waypoint_identifier": "HH903", "waypoint_latitude": 20.78663889, "waypoint_longitude": 96.60994444, "waypoint_description_code": "E", "turn_direction": null, "rnp": 1.0, "path_termination": "TF", "recommanded_navaid": null, "recommanded_navaid_latitude": null, "recommanded_navaid_longitude": null, "arc_radius": null, "theta": null, "rho": null, "magnetic_course": null, "route_distance_holding_distance_time": null, "distance_time": null, "altitude_description": null, "altitude1": null, "altitude2": null, "transition_altitude": null, "speed_limit_description": "-", "speed_limit": 200.0, "vertical_angle": null, "center_waypoint": null, "center_waypoint_latitude": null, "center_waypoint_longitude": null, "aircraft_category": null}, "geometry": {"type": "MultiPoint", "coordinates": [[96.60994444, 20.78663889]]}}, {"type": "Feature", "properties": {"fid": 946, "area_code": "PAC", "airport_identifier": "VYHH", "procedure_identifier": "R36", "route_type": "R", "transition_identifier": null, "seqno": 60, "waypoint_icao_code": "VY", "waypoint_identifier": "GUSUM", "waypoint_latitude": 20.66413889, "waypoint_longitude": 96.51355556, "waypoint_description_code": "E", "turn_direction": null, "rnp": 1.0, "path_termination": "TF", "recommanded_navaid": null, "recommanded_navaid_latitude": null, "recommanded_navaid_longitude": null, "arc_radius": null, "theta": null, "rho": null, "magnetic_course": null, "route_distance_holding_distance_time": null, "distance_time": null, "altitude_description": "+", "altitude1": 10000.0, "altitude2": null, "transition_altitude": null, "speed_limit_description": "-", "speed_limit": 230.0, "vertical_angle": null, "center_waypoint": null, "center_waypoint_latitude": null, "center_waypoint_longitude": null, "aircraft_category": null}, "geometry": {"type": "MultiPoint", "coordinates": [[96.51355556, 20.66413889]]}}, {"type": "Feature", "properties": {"fid": 947, "area_code": "PAC", "airport_identifier": "VYHH", "procedure_identifier": "R36", "route_type": "R", "transition_identifier": null, "seqno": 70, "waypoint_icao_code": "VY", "waypoint_identifier": "GUSUM", "waypoint_latitude": 20.66413889, "waypoint_longitude": 96.51355556, "waypoint_description_code": "E  H", "turn_direction": "R", "rnp": 1.0, "path_termination": "HM", "recommanded_navaid": null, "recommanded_navaid_latitude": null, "recommanded_navaid_longitude": null, "arc_radius": null, "theta": null, "rho": null, "magnetic_course": 128.0, "route_distance_holding_distance_time": 1.0, "distance_time": "T", "altitude_description": "+", "altitude1": 10000.0, "altitude2": null, "transition_altitude": null, "speed_limit_description": "-", "speed_limit": 230.0, "vertical_angle": null, "center_waypoint": null, "center_waypoint_latitude": null, "center_waypoint_longitude": null, "aircraft_category": null}, "geometry": {"type": "MultiPoint", "coordinates": [[96.51355556, 20.66413889]]}}, {"type": "Feature", "properties": {"fid": 949, "area_code": "PAC", "airport_identifier": "VYMK", "procedure_identifier": "N04", "route_type": "A", "transition_identifier": "MK1", "seqno": 10, "waypoint_icao_code": "VY", "waypoint_identifier": "MK", "waypoint_latitude": 25.38365, "waypoint_longitude": 97.35706667, "waypoint_description_code": "E  A", "turn_direction": null, "rnp": null, "path_termination": "IF", "recommanded_navaid": null, "recommanded_navaid_latitude": null, "recommanded_navaid_longitude": null, "arc_radius": null, "theta": null, "rho": null, "magnetic_course": null, "route_distance_holding_distance_time": null, "distance_time": null, "altitude_description": "+", "altitude1": 3000.0, "altitude2": null, "transition_altitude": null, "speed_limit_description": null, "speed_limit": null, "vertical_angle": null, "center_waypoint": null, "center_waypoint_latitude": null, "center_waypoint_longitude": null, "aircraft_category": null}, "geometry": {"type": "MultiPoint", "coordinates": [[97.35706667, 25.38365]]}}, {"type": "Feature", "properties": {"fid": 950, "area_code": "PAC", "airport_identifier": "VYMK", "procedure_identifier": "N04", "route_type": "A", "transition_identifier": "MK1", "seqno": 20, "waypoint_icao_code": null, "waypoint_identifier": null, "waypoint_latitude": null, "waypoint_longitude": null, "waypoint_description_code": null, "turn_direction": null, "rnp": null, "path_termination": "FC", "recommanded_navaid": null, "recommanded_navaid_latitude": null, "recommanded_navaid_longitude": null, "arc_radius": null, "theta": null, "rho": null, "magnetic_course": 190.0, "route_distance_holding_distance_time": 5.7, "distance_time": "D", "altitude_description": "+", "altitude1": 2100.0, "altitude2": null, "transition_altitude": null, "speed_limit_description": null, "speed_limit": null, "vertical_angle": null, "center_waypoint": null, "center_waypoint_latitude": null, "center_waypoint_longitude": null, "aircraft_category": null}, "geometry": {"type": "MultiPoint", "coordinates": []}}, {"type": "Feature", "properties": {"fid": 951, "area_code": "PAC", "airport_identifier": "VYMK", "procedure_identifier": "N04", "route_type": "A", "transition_identifier": "MK1", "seqno": 30, "waypoint_icao_code": "VY", "waypoint_identifier": "FF04", "waypoint_latitude": 25.31008056, "waypoint_longitude": 97.29156389, "waypoint_description_code": "E", "turn_direction": "R", "rnp": null, "path_termination": "CF", "recommanded_navaid": null, "recommanded_navaid_latitude": null, "recommanded_navaid_longitude": null, "arc_radius": null, "theta": null, "rho": null, "magnetic_course": 40.0, "route_distance_holding_distance_time": 1.0, "distance_time": "D", "altitude_description": "+", "altitude1": 2100.0, "altitude2": null, "transition_altitude": null, "speed_limit_description": null, "speed_limit": null, "vertical_angle": null, "center_waypoint": null, "center_waypoint_latitude": null, "center_waypoint_longitude": null, "aircraft_category": null}, "geometry": {"type": "MultiPoint", "coordinates": [[97.29156389, 25.31008056]]}}, {"type": "Feature", "properties": {"fid": 953, "area_code": "PAC", "airport_identifier": "VYMK", "procedure_identifier": "N04", "route_type": "A", "transition_identifier": "MK2", "seqno": 10, "waypoint_icao_code": "VY", "waypoint_identifier": "MK", "waypoint_latitude": 25.38365, "waypoint_longitude": 97.35706667, "waypoint_description_code": "E  A", "turn_direction": null, "rnp": null, "path_termination": "IF", "recommanded_navaid": null, "recommanded_navaid_latitude": null, "recommanded_navaid_longitude": null, "arc_radius": null, "theta": null, "rho": null, "magnetic_course": null, "route_distance_holding_distance_time": null, "distance_time": null, "altitude_description": "+", "altitude1": 3000.0, "altitude2": null, "transition_altitude": null, "speed_limit_description": null, "speed_limit": null, "vertical_angle": null, "center_waypoint": null, "center_waypoint_latitude": null, "center_waypoint_longitude": null, "aircraft_category": null}, "geometry": {"type": "MultiPoint", "coordinates": [[97.35706667, 25.38365]]}}, {"type": "Feature", "properties": {"fid": 954, "area_code": "PAC", "airport_identifier": "VYMK", "procedure_identifier": "N04", "route_type": "A", "transition_identifier": "MK2", "seqno": 20, "waypoint_icao_code": null, "waypoint_identifier": null, "waypoint_latitude": null, "waypoint_longitude": null, "waypoint_description_code": null, "turn_direction": null, "rnp": null, "path_termination": "FC", "recommanded_navaid": null, "recommanded_navaid_latitude": null, "recommanded_navaid_longitude": null, "arc_radius": null, "theta": null, "rho": null, "magnetic_course": 205.0, "route_distance_holding_distance_time": 7.8, "distance_time": "D", "altitude_description": "+", "altitude1": 2100.0, "altitude2": null, "transition_altitude": null, "speed_limit_description": null, "speed_limit": null, "vertical_angle": null, "center_waypoint": null, "center_waypoint_latitude": null, "center_waypoint_longitude": null, "aircraft_category": null}, "geometry": {"type": "MultiPoint", "coordinates": []}}, {"type": "Feature", "properties": {"fid": 955, "area_code": "PAC", "airport_identifier": "VYMK", "procedure_identifier": "N04", "route_type": "A", "transition_identifier": "MK2", "seqno": 30, "waypoint_icao_code": "VY", "waypoint_identifier": "FF04", "waypoint_latitude": 25.31008056, "waypoint_longitude": 97.29156389, "waypoint_description_code": "E", "turn_direction": "R", "rnp": null, "path_termination": "CF", "recommanded_navaid": null, "recommanded_navaid_latitude": null, "recommanded_navaid_longitude": null, "arc_radius": null, "theta": null, "rho": null, "magnetic_course": 40.0, "route_distance_holding_distance_time": 3.1, "distance_time": "D", "altitude_description": "+", "altitude1": 2100.0, "altitude2": null, "transition_altitude": null, "speed_limit_description": null, "speed_limit": null, "vertical_angle": null, "center_waypoint": null, "center_waypoint_latitude": null, "center_waypoint_longitude": null, "aircraft_category": null}, "geometry": {"type": "MultiPoint", "coordinates": [[97.29156389, 25.31008056]]}}, {"type": "Feature", "properties": {"fid": 957, "area_code": "PAC", "airport_identifier": "VYMK", "procedure_identifier": "N04", "route_type": "N", "transition_identifier": null, "seqno": 20, "waypoint_icao_code": "VY", "waypoint_identifier": "FF04", "waypoint_latitude": 25.31008056, "waypoint_longitude": 97.29156389, "waypoint_description_code": "E  F", "turn_direction": null, "rnp": null, "path_termination": "IF", "recommanded_navaid": null, "recommanded_navaid_latitude": null, "recommanded_navaid_longitude": null, "arc_radius": null, "theta": null, "rho": null, "magnetic_course": null, "route_distance_holding_distance_time": null, "distance_time": null, "altitude_description": "+", "altitude1": 2100.0, "altitude2": null, "transition_altitude": null, "speed_limit_description": null, "speed_limit": null, "vertical_angle": null, "center_waypoint": null, "center_waypoint_latitude": null, "center_waypoint_longitude": null, "aircraft_category": null}, "geometry": {"type": "MultiPoint", "coordinates": [[97.29156389, 25.31008056]]}}, {"type": "Feature", "properties": {"fid": 958, "area_code": "PAC", "airport_identifier": "VYMK", "procedure_identifier": "N04", "route_type": "N", "transition_identifier": null, "seqno": 30, "waypoint_icao_code": "VY", "waypoint_identifier": "MA04", "waypoint_latitude": 25.35551111, "waypoint_longitude": 97.33201667, "waypoint_description_code": "E  M", "turn_direction": null, "rnp": null, "path_termination": "CF", "recommanded_navaid": null, "recommanded_navaid_latitude": null, "recommanded_navaid_longitude": null, "arc_radius": null, "theta": null, "rho": null, "magnetic_course": 40.0, "route_distance_holding_distance_time": 3.5, "distance_time": "D", "altitude_description": "@", "altitude1": 996.0, "altitude2": null, "transition_altitude": null, "speed_limit_description": null, "speed_limit": null, "vertical_angle": -2.98, "center_waypoint": null, "center_waypoint_latitude": null, "center_waypoint_longitude": null, "aircraft_category": null}, "geometry": {"type": "MultiPoint", "coordinates": [[97.33201667, 25.35551111]]}}, {"type": "Feature", "properties": {"fid": 960, "area_code": "PAC", "airport_identifier": "VYMK", "procedure_identifier": "N04", "route_type": "N", "transition_identifier": null, "seqno": 40, "waypoint_icao_code": null, "waypoint_identifier": null, "waypoint_latitude": null, "waypoint_longitude": null, "waypoint_description_code": null, "turn_direction": null, "rnp": null, "path_termination": "VA", "recommanded_navaid": null, "recommanded_navaid_latitude": null, "recommanded_navaid_longitude": null, "arc_radius": null, "theta": null, "rho": null, "magnetic_course": 50.0, "route_distance_holding_distance_time": null, "distance_time": null, "altitude_description": "+", "altitude1": 2000.0, "altitude2": null, "transition_altitude": null, "speed_limit_description": null, "speed_limit": null, "vertical_angle": null, "center_waypoint": null, "center_waypoint_latitude": null, "center_waypoint_longitude": null, "aircraft_category": null}, "geometry": {"type": "MultiPoint", "coordinates": []}}, {"type": "Feature", "properties": {"fid": 961, "area_code": "PAC", "airport_identifier": "VYMK", "procedure_identifier": "N04", "route_type": "N", "transition_identifier": null, "seqno": 50, "waypoint_icao_code": "VY", "waypoint_identifier": "MK", "waypoint_latitude": 25.38365, "waypoint_longitude": 97.35706667, "waypoint_description_code": "E", "turn_direction": "R", "rnp": null, "path_termination": "DF", "recommanded_navaid": null, "recommanded_navaid_latitude": null, "recommanded_navaid_longitude": null, "arc_radius": null, "theta": null, "rho": null, "magnetic_course": null, "route_distance_holding_distance_time": null, "distance_time": null, "altitude_description": "@", "altitude1": 3000.0, "altitude2": null, "transition_altitude": null, "speed_limit_description": null, "speed_limit": null, "vertical_angle": null, "center_waypoint": null, "center_waypoint_latitude": null, "center_waypoint_longitude": null, "aircraft_category": null}, "geometry": {"type": "MultiPoint", "coordinates": [[97.35706667, 25.38365]]}}, {"type": "Feature", "properties": {"fid": 962, "area_code": "PAC", "airport_identifier": "VYMK", "procedure_identifier": "N04", "route_type": "N", "transition_identifier": null, "seqno": 60, "waypoint_icao_code": "VY", "waypoint_identifier": "MK", "waypoint_latitude": 25.38365, "waypoint_longitude": 97.35706667, "waypoint_description_code": "E  H", "turn_direction": "L", "rnp": null, "path_termination": "HM", "recommanded_navaid": null, "recommanded_navaid_latitude": null, "recommanded_navaid_longitude": null, "arc_radius": null, "theta": null, "rho": null, "magnetic_course": 190.0, "route_distance_holding_distance_time": 1.0, "distance_time": "T", "altitude_description": null, "altitude1": null, "altitude2": null, "transition_altitude": null, "speed_limit_description": null, "speed_limit": null, "vertical_angle": null, "center_waypoint": null, "center_waypoint_latitude": null, "center_waypoint_longitude": null, "aircraft_category": null}, "geometry": {"type": "MultiPoint", "coordinates": [[97.35706667, 25.38365]]}}, {"type": "Feature", "properties": {"fid": 964, "area_code": "PAC", "airport_identifier": "VYHH", "procedure_identifier": "D36", "route_type": "A", "transition_identifier": "HHO1", "seqno": 10, "waypoint_icao_code": "VY", "waypoint_identifier": "HHO", "waypoint_latitude": 20.74802778, "waypoint_longitude": 96.78992778, "waypoint_description_code": "E  A", "turn_direction": null, "rnp": null, "path_termination": "IF", "recommanded_navaid": null, "recommanded_navaid_latitude": null, "recommanded_navaid_longitude": null, "arc_radius": null, "theta": null, "rho": null, "magnetic_course": null, "route_distance_holding_distance_time": null, "distance_time": null, "altitude_description": "+", "altitude1": 7000.0, "altitude2": null, "transition_altitude": null, "speed_limit_description": null, "speed_limit": null, "vertical_angle": null, "center_waypoint": null, "center_waypoint_latitude": null, "center_waypoint_longitude": null, "aircraft_category": null}, "geometry": {"type": "MultiPoint", "coordinates": [[96.78992778, 20.74802778]]}}, {"type": "Feature", "properties": {"fid": 965, "area_code": "PAC", "airport_identifier": "VYHH", "procedure_identifier": "D36", "route_type": "A", "transition_identifier": "HHO1", "seqno": 20, "waypoint_icao_code": null, "waypoint_identifier": null, "waypoint_latitude": null, "waypoint_longitude": null, "waypoint_description_code": null, "turn_direction": null, "rnp": null, "path_termination": "FC", "recommanded_navaid": null, "recommanded_navaid_latitude": null, "recommanded_navaid_longitude": null, "arc_radius": null, "theta": null, "rho": null, "magnetic_course": 202.0, "route_distance_holding_distance_time": 9.6, "distance_time": "D", "altitude_description": "+", "altitude1": 6900.0, "altitude2": null, "transition_altitude": null, "speed_limit_description": null, "speed_limit": null, "vertical_angle": null, "center_waypoint": null, "center_waypoint_latitude": null, "center_waypoint_longitude": null, "aircraft_category": null}, "geometry": {"type": "MultiPoint", "coordinates": []}}, {"type": "Feature", "properties": {"fid": 966, "area_code": "PAC", "airport_identifier": "VYHH", "procedure_identifier": "D36", "route_type": "A", "transition_identifier": "HHO1", "seqno": 30, "waypoint_icao_code": "VY", "waypoint_identifier": "FF36", "waypoint_latitude": 20.58782778, "waypoint_longitude": 96.80182222, "waypoint_description_code": "E", "turn_direction": "L", "rnp": null, "path_termination": "CF", "recommanded_navaid": null, "recommanded_navaid_latitude": null, "recommanded_navaid_longitude": null, "arc_radius": null, "theta": null, "rho": null, "magnetic_course": 357.0, "route_distance_holding_distance_time": 1.0, "distance_time": "D", "altitude_description": "+", "altitude1": 6700.0, "altitude2": null, "transition_altitude": null, "speed_limit_description": null, "speed_limit": null, "vertical_angle": null, "center_waypoint": null, "center_waypoint_latitude": null, "center_waypoint_longitude": null, "aircraft_category": null}, "geometry": {"type": "MultiPoint", "coordinates": [[96.80182222, 20.58782778]]}}, {"type": "Feature", "properties": {"fid": 968, "area_code": "PAC", "airport_identifier": "VYHH", "procedure_identifier": "D36", "route_type": "A", "transition_identifier": "HHO2", "seqno": 10, "waypoint_icao_code": "VY", "waypoint_identifier": "HHO", "waypoint_latitude": 20.74802778, "waypoint_longitude": 96.78992778, "waypoint_description_code": "E  A", "turn_direction": null, "rnp": null, "path_termination": "IF", "recommanded_navaid": null, "recommanded_navaid_latitude": null, "recommanded_navaid_longitude": null, "arc_radius": null, "theta": null, "rho": null, "magnetic_course": null, "route_distance_holding_distance_time": null, "distance_time": null, "altitude_description": "+", "altitude1": 7000.0, "altitude2": null, "transition_altitude": null, "speed_limit_description": null, "speed_limit": null, "vertical_angle": null, "center_waypoint": null, "center_waypoint_latitude": null, "center_waypoint_longitude": null, "aircraft_category": null}, "geometry": {"type": "MultiPoint", "coordinates": [[96.78992778, 20.74802778]]}}, {"type": "Feature", "properties": {"fid": 969, "area_code": "PAC", "airport_identifier": "VYHH", "procedure_identifier": "D36", "route_type": "A", "transition_identifier": "HHO2", "seqno": 20, "waypoint_icao_code": null, "waypoint_identifier": null, "waypoint_latitude": null, "waypoint_longitude": null, "waypoint_description_code": null, "turn_direction": null, "rnp": null, "path_termination": "FC", "recommanded_navaid": null, "recommanded_navaid_latitude": null, "recommanded_navaid_longitude": null, "arc_radius": null, "theta": null, "rho": null, "magnetic_course": 190.0, "route_distance_holding_distance_time": 9.6, "distance_time": "D", "altitude_description": "+", "altitude1": 6900.0, "altitude2": null, "transition_altitude": null, "speed_limit_description": null, "speed_limit": null, "vertical_angle": null, "center_waypoint": null, "center_waypoint_latitude": null, "center_waypoint_longitude": null, "aircraft_category": null}, "geometry": {"type": "MultiPoint", "coordinates": []}}, {"type": "Feature", "properties": {"fid": 970, "area_code": "PAC", "airport_identifier": "VYHH", "procedure_identifier": "D36", "route_type": "A", "transition_identifier": "HHO2", "seqno": 30, "waypoint_icao_code": "VY", "waypoint_identifier": "FF36", "waypoint_latitude": 20.58782778, "waypoint_longitude": 96.80182222, "waypoint_description_code": "E", "turn_direction": "L", "rnp": null, "path_termination": "CF", "recommanded_navaid": null, "recommanded_navaid_latitude": null, "recommanded_navaid_longitude": null, "arc_radius": null, "theta": null, "rho": null, "magnetic_course": 357.0, "route_distance_holding_distance_time": 1.0, "distance_time": "D", "altitude_description": "+", "altitude1": 6700.0, "altitude2": null, "transition_altitude": null, "speed_limit_description": null, "speed_limit": null, "vertical_angle": null, "center_waypoint": null, "center_waypoint_latitude": null, "center_waypoint_longitude": null, "aircraft_category": null}, "geometry": {"type": "MultiPoint", "coordinates": [[96.80182222, 20.58782778]]}}, {"type": "Feature", "properties": {"fid": 972, "area_code": "PAC", "airport_identifier": "VYHH", "procedure_identifier": "D36", "route_type": "D", "transition_identifier": null, "seqno": 20, "waypoint_icao_code": "VY", "waypoint_identifier": "FF36", "waypoint_latitude": 20.58782778, "waypoint_longitude": 96.80182222, "waypoint_description_code": "E  I", "turn_direction": null, "rnp": null, "path_termination": "IF", "recommanded_navaid": null, "recommanded_navaid_latitude": null, "recommanded_navaid_longitude": null, "arc_radius": null, "theta": null, "rho": null, "magnetic_course": null, "route_distance_holding_distance_time": null, "distance_time": null, "altitude_description": "+", "altitude1": 6700.0, "altitude2": null, "transition_altitude": null, "speed_limit_description": null, "speed_limit": null, "vertical_angle": null, "center_waypoint": null, "center_waypoint_latitude": null, "center_waypoint_longitude": null, "aircraft_category": null}, "geometry": {"type": "MultiPoint", "coordinates": [[96.80182222, 20.58782778]]}}, {"type": "Feature", "properties": {"fid": 973, "area_code": "PAC", "airport_identifier": "VYHH", "procedure_identifier": "D36", "route_type": "D", "transition_identifier": null, "seqno": 23, "waypoint_icao_code": "VY", "waypoint_identifier": "70VOR", "waypoint_latitude": 20.63121389, "waypoint_longitude": 96.79860278, "waypoint_description_code": "E", "turn_direction": null, "rnp": null, "path_termination": "CF", "recommanded_navaid": null, "recommanded_navaid_latitude": null, "recommanded_navaid_longitude": null, "arc_radius": null, "theta": null, "rho": null, "magnetic_course": 357.0, "route_distance_holding_distance_time": 2.6, "distance_time": "D", "altitude_description": "+", "altitude1": 5890.0, "altitude2": null, "transition_altitude": null, "speed_limit_description": null, "speed_limit": null, "vertical_angle": -3.0, "center_waypoint": null, "center_waypoint_latitude": null, "center_waypoint_longitude": null, "aircraft_category": null}, "geometry": {"type": "MultiPoint", "coordinates": [[96.79860278, 20.63121389]]}}, {"type": "Feature", "properties": {"fid": 974, "area_code": "PAC", "airport_identifier": "VYHH", "procedure_identifier": "D36", "route_type": "D", "transition_identifier": null, "seqno": 25, "waypoint_icao_code": "VY", "waypoint_identifier": "50VOR", "waypoint_latitude": 20.66458889, "waypoint_longitude": 96.796125, "waypoint_description_code": "E  F", "turn_direction": null, "rnp": null, "path_termination": "CF", "recommanded_navaid": null, "recommanded_navaid_latitude": null, "recommanded_navaid_longitude": null, "arc_radius": null, "theta": null, "rho": null, "magnetic_course": 357.0, "route_distance_holding_distance_time": 2.0, "distance_time": "D", "altitude_description": "+", "altitude1": 5250.0, "altitude2": null, "transition_altitude": null, "speed_limit_description": null, "speed_limit": null, "vertical_angle": -3.0, "center_waypoint": null, "center_waypoint_latitude": null, "center_waypoint_longitude": null, "aircraft_category": null}, "geometry": {"type": "MultiPoint", "coordinates": [[96.796125, 20.66458889]]}}, {"type": "Feature", "properties": {"fid": 975, "area_code": "PAC", "airport_identifier": "VYHH", "procedure_identifier": "D36", "route_type": "D", "transition_identifier": null, "seqno": 30, "waypoint_icao_code": "VY", "waypoint_identifier": "RW36", "waypoint_latitude": 20.73536944, "waypoint_longitude": 96.79196944, "waypoint_description_code": "G  M", "turn_direction": null, "rnp": null, "path_termination": "CF", "recommanded_navaid": null, "recommanded_navaid_latitude": null, "recommanded_navaid_longitude": null, "arc_radius": null, "theta": null, "rho": null, "magnetic_course": 357.0, "route_distance_holding_distance_time": 4.2, "distance_time": "D", "altitude_description": "@", "altitude1": 3894.0, "altitude2": null, "transition_altitude": null, "speed_limit_description": null, "speed_limit": null, "vertical_angle": -3.0, "center_waypoint": null, "center_waypoint_latitude": null, "center_waypoint_longitude": null, "aircraft_category": null}, "geometry": {"type": "MultiPoint", "coordinates": [[96.79196944, 20.73536944]]}}, {"type": "Feature", "properties": {"fid": 977, "area_code": "PAC", "airport_identifier": "VYHH", "procedure_identifier": "D36", "route_type": "D", "transition_identifier": null, "seqno": 40, "waypoint_icao_code": null, "waypoint_identifier": null, "waypoint_latitude": null, "waypoint_longitude": null, "waypoint_description_code": null, "turn_direction": null, "rnp": null, "path_termination": "CA", "recommanded_navaid": null, "recommanded_navaid_latitude": null, "recommanded_navaid_longitude": null, "arc_radius": null, "theta": null, "rho": null, "magnetic_course": 357.0, "route_distance_holding_distance_time": null, "distance_time": null, "altitude_description": "+", "altitude1": 6500.0, "altitude2": null, "transition_altitude": null, "speed_limit_description": null, "speed_limit": null, "vertical_angle": null, "center_waypoint": null, "center_waypoint_latitude": null, "center_waypoint_longitude": null, "aircraft_category": null}, "geometry": {"type": "MultiPoint", "coordinates": []}}, {"type": "Feature", "properties": {"fid": 978, "area_code": "PAC", "airport_identifier": "VYHH", "procedure_identifier": "D36", "route_type": "D", "transition_identifier": null, "seqno": 50, "waypoint_icao_code": "VY", "waypoint_identifier": "HHO", "waypoint_latitude": 20.74802778, "waypoint_longitude": 96.78992778, "waypoint_description_code": "E", "turn_direction": "L", "rnp": null, "path_termination": "DF", "recommanded_navaid": null, "recommanded_navaid_latitude": null, "recommanded_navaid_longitude": null, "arc_radius": null, "theta": null, "rho": null, "magnetic_course": null, "route_distance_holding_distance_time": null, "distance_time": null, "altitude_description": "@", "altitude1": 7000.0, "altitude2": null, "transition_altitude": null, "speed_limit_description": null, "speed_limit": null, "vertical_angle": null, "center_waypoint": null, "center_waypoint_latitude": null, "center_waypoint_longitude": null, "aircraft_category": null}, "geometry": {"type": "MultiPoint", "coordinates": [[96.78992778, 20.74802778]]}}, {"type": "Feature", "properties": {"fid": 979, "area_code": "PAC", "airport_identifier": "VYHH", "procedure_identifier": "D36", "route_type": "D", "transition_identifier": null, "seqno": 60, "waypoint_icao_code": "VY", "waypoint_identifier": "HHO", "waypoint_latitude": 20.74802778, "waypoint_longitude": 96.78992778, "waypoint_description_code": "E  H", "turn_direction": "R", "rnp": null, "path_termination": "HM", "recommanded_navaid": null, "recommanded_navaid_latitude": null, "recommanded_navaid_longitude": null, "arc_radius": null, "theta": null, "rho": null, "magnetic_course": 202.0, "route_distance_holding_distance_time": 1.0, "distance_time": "T", "altitude_description": "+", "altitude1": 7000.0, "altitude2": null, "transition_altitude": null, "speed_limit_description": null, "speed_limit": null, "vertical_angle": null, "center_waypoint": null, "center_waypoint_latitude": null, "center_waypoint_longitude": null, "aircraft_category": null}, "geometry": {"type": "MultiPoint", "coordinates": [[96.78992778, 20.74802778]]}}, {"type": "Feature", "properties": {"fid": 981, "area_code": "PAC", "airport_identifier": "VYMN", "procedure_identifier": "N16", "route_type": "A", "transition_identifier": "MN", "seqno": 10, "waypoint_icao_code": "VY", "waypoint_identifier": "MN", "waypoint_latitude": 18.84465556, "waypoint_longitude": 93.68593333, "waypoint_description_code": "E  A", "turn_direction": null, "rnp": null, "path_termination": "IF", "recommanded_navaid": null, "recommanded_navaid_latitude": null, "recommanded_navaid_longitude": null, "arc_radius": null, "theta": null, "rho": null, "magnetic_course": null, "route_distance_holding_distance_time": null, "distance_time": null, "altitude_description": "+", "altitude1": 3000.0, "altitude2": null, "transition_altitude": null, "speed_limit_description": null, "speed_limit": null, "vertical_angle": null, "center_waypoint": null, "center_waypoint_latitude": null, "center_waypoint_longitude": null, "aircraft_category": null}, "geometry": {"type": "MultiPoint", "coordinates": [[93.68593333, 18.84465556]]}}, {"type": "Feature", "properties": {"fid": 982, "area_code": "PAC", "airport_identifier": "VYMN", "procedure_identifier": "N16", "route_type": "A", "transition_identifier": "MN", "seqno": 20, "waypoint_icao_code": null, "waypoint_identifier": null, "waypoint_latitude": null, "waypoint_longitude": null, "waypoint_description_code": null, "turn_direction": null, "rnp": null, "path_termination": "FC", "recommanded_navaid": null, "recommanded_navaid_latitude": null, "recommanded_navaid_longitude": null, "arc_radius": null, "theta": null, "rho": null, "magnetic_course": 319.0, "route_distance_holding_distance_time": 6.0, "distance_time": "D", "altitude_description": "+", "altitude1": 1600.0, "altitude2": null, "transition_altitude": null, "speed_limit_description": null, "speed_limit": null, "vertical_angle": null, "center_waypoint": null, "center_waypoint_latitude": null, "center_waypoint_longitude": null, "aircraft_category": null}, "geometry": {"type": "MultiPoint", "coordinates": []}}, {"type": "Feature", "properties": {"fid": 983, "area_code": "PAC", "airport_identifier": "VYMN", "procedure_identifier": "N16", "route_type": "A", "transition_identifier": "MN", "seqno": 30, "waypoint_icao_code": "VY", "waypoint_identifier": "FF16", "waypoint_latitude": 18.923325, "waypoint_longitude": 93.649125, "waypoint_description_code": "E", "turn_direction": "R", "rnp": null, "path_termination": "CF", "recommanded_navaid": null, "recommanded_navaid_latitude": null, "recommanded_navaid_longitude": null, "arc_radius": null, "theta": null, "rho": null, "magnetic_course": 157.0, "route_distance_holding_distance_time": 1.0, "distance_time": "D", "altitude_description": "+", "altitude1": 1600.0, "altitude2": null, "transition_altitude": null, "speed_limit_description": null, "speed_limit": null, "vertical_angle": null, "center_waypoint": null, "center_waypoint_latitude": null, "center_waypoint_longitude": null, "aircraft_category": null}, "geometry": {"type": "MultiPoint", "coordinates": [[93.649125, 18.923325]]}}, {"type": "Feature", "properties": {"fid": 985, "area_code": "PAC", "airport_identifier": "VYMN", "procedure_identifier": "N16", "route_type": "N", "transition_identifier": null, "seqno": 20, "waypoint_icao_code": "VY", "waypoint_identifier": "FF16", "waypoint_latitude": 18.923325, "waypoint_longitude": 93.649125, "waypoint_description_code": "E  F", "turn_direction": null, "rnp": null, "path_termination": "IF", "recommanded_navaid": null, "recommanded_navaid_latitude": null, "recommanded_navaid_longitude": null, "arc_radius": null, "theta": null, "rho": null, "magnetic_course": null, "route_distance_holding_distance_time": null, "distance_time": null, "altitude_description": "+", "altitude1": 1600.0, "altitude2": null, "transition_altitude": null, "speed_limit_description": null, "speed_limit": null, "vertical_angle": null, "center_waypoint": null, "center_waypoint_latitude": null, "center_waypoint_longitude": null, "aircraft_category": null}, "geometry": {"type": "MultiPoint", "coordinates": [[93.649125, 18.923325]]}}, {"type": "Feature", "properties": {"fid": 986, "area_code": "PAC", "airport_identifier": "VYMN", "procedure_identifier": "N16", "route_type": "N", "transition_identifier": null, "seqno": 30, "waypoint_icao_code": "VY", "waypoint_identifier": "RW16", "waypoint_latitude": 18.85027222, "waypoint_longitude": 93.68163889, "waypoint_description_code": "G  M", "turn_direction": null, "rnp": null, "path_termination": "CF", "recommanded_navaid": null, "recommanded_navaid_latitude": null, "recommanded_navaid_longitude": null, "arc_radius": null, "theta": null, "rho": null, "magnetic_course": 157.0, "route_distance_holding_distance_time": 4.7, "distance_time": "D", "altitude_description": "@", "altitude1": 90.0, "altitude2": null, "transition_altitude": null, "speed_limit_description": null, "speed_limit": null, "vertical_angle": -3.0, "center_waypoint": null, "center_waypoint_latitude": null, "center_waypoint_longitude": null, "aircraft_category": null}, "geometry": {"type": "MultiPoint", "coordinates": [[93.68163889, 18.85027222]]}}, {"type": "Feature", "properties": {"fid": 988, "area_code": "PAC", "airport_identifier": "VYMN", "procedure_identifier": "N16", "route_type": "N", "transition_identifier": null, "seqno": 40, "waypoint_icao_code": "VY", "waypoint_identifier": "MN", "waypoint_latitude": 18.84465556, "waypoint_longitude": 93.68593333, "waypoint_description_code": "EY", "turn_direction": null, "rnp": null, "path_termination": "CF", "recommanded_navaid": null, "recommanded_navaid_latitude": null, "recommanded_navaid_longitude": null, "arc_radius": null, "theta": null, "rho": null, "magnetic_course": 157.0, "route_distance_holding_distance_time": 0.4, "distance_time": "D", "altitude_description": null, "altitude1": null, "altitude2": null, "transition_altitude": null, "speed_limit_description": null, "speed_limit": null, "vertical_angle": null, "center_waypoint": null, "center_waypoint_latitude": null, "center_waypoint_longitude": null, "aircraft_category": null}, "geometry": {"type": "MultiPoint", "coordinates": [[93.68593333, 18.84465556]]}}, {"type": "Feature", "properties": {"fid": 989, "area_code": "PAC", "airport_identifier": "VYMN", "procedure_identifier": "N16", "route_type": "N", "transition_identifier": null, "seqno": 50, "waypoint_icao_code": null, "waypoint_identifier": null, "waypoint_latitude": null, "waypoint_longitude": null, "waypoint_description_code": null, "turn_direction": null, "rnp": null, "path_termination": "VA", "recommanded_navaid": null, "recommanded_navaid_latitude": null, "recommanded_navaid_longitude": null, "arc_radius": null, "theta": null, "rho": null, "magnetic_course": 157.0, "route_distance_holding_distance_time": null, "distance_time": null, "altitude_description": "+", "altitude1": 1500.0, "altitude2": null, "transition_altitude": null, "speed_limit_description": null, "speed_limit": null, "vertical_angle": null, "center_waypoint": null, "center_waypoint_latitude": null, "center_waypoint_longitude": null, "aircraft_category": null}, "geometry": {"type": "MultiPoint", "coordinates": []}}, {"type": "Feature", "properties": {"fid": 990, "area_code": "PAC", "airport_identifier": "VYMN", "procedure_identifier": "N16", "route_type": "N", "transition_identifier": null, "seqno": 60, "waypoint_icao_code": "VY", "waypoint_identifier": "MN", "waypoint_latitude": 18.84465556, "waypoint_longitude": 93.68593333, "waypoint_description_code": "E", "turn_direction": "L", "rnp": null, "path_termination": "DF", "recommanded_navaid": null, "recommanded_navaid_latitude": null, "recommanded_navaid_longitude": null, "arc_radius": null, "theta": null, "rho": null, "magnetic_course": null, "route_distance_holding_distance_time": null, "distance_time": null, "altitude_description": "@", "altitude1": 3000.0, "altitude2": null, "transition_altitude": null, "speed_limit_description": null, "speed_limit": null, "vertical_angle": null, "center_waypoint": null, "center_waypoint_latitude": null, "center_waypoint_longitude": null, "aircraft_category": null}, "geometry": {"type": "MultiPoint", "coordinates": [[93.68593333, 18.84465556]]}}, {"type": "Feature", "properties": {"fid": 991, "area_code": "PAC", "airport_identifier": "VYMN", "procedure_identifier": "N16", "route_type": "N", "transition_identifier": null, "seqno": 70, "waypoint_icao_code": "VY", "waypoint_identifier": "MN", "waypoint_latitude": 18.84465556, "waypoint_longitude": 93.68593333, "waypoint_description_code": "E  H", "turn_direction": "R", "rnp": null, "path_termination": "HM", "recommanded_navaid": null, "recommanded_navaid_latitude": null, "recommanded_navaid_longitude": null, "arc_radius": null, "theta": null, "rho": null, "magnetic_course": 319.0, "route_distance_holding_distance_time": 1.0, "distance_time": "T", "altitude_description": "+", "altitude1": 3000.0, "altitude2": null, "transition_altitude": null, "speed_limit_description": null, "speed_limit": null, "vertical_angle": null, "center_waypoint": null, "center_waypoint_latitude": null, "center_waypoint_longitude": null, "aircraft_category": null}, "geometry": {"type": "MultiPoint", "coordinates": [[93.68593333, 18.84465556]]}}, {"type": "Feature", "properties": {"fid": 993, "area_code": "PAC", "airport_identifier": "VYSW", "procedure_identifier": "D11", "route_type": "A", "transition_identifier": "STW1", "seqno": 10, "waypoint_icao_code": "VY", "waypoint_identifier": "STW", "waypoint_latitude": 20.13291111, "waypoint_longitude": 92.87871111, "waypoint_description_code": "E  A", "turn_direction": null, "rnp": null, "path_termination": "IF", "recommanded_navaid": null, "recommanded_navaid_latitude": null, "recommanded_navaid_longitude": null, "arc_radius": null, "theta": null, "rho": null, "magnetic_course": null, "route_distance_holding_distance_time": null, "distance_time": null, "altitude_description": "+", "altitude1": 3000.0, "altitude2": null, "transition_altitude": null, "speed_limit_description": null, "speed_limit": null, "vertical_angle": null, "center_waypoint": null, "center_waypoint_latitude": null, "center_waypoint_longitude": null, "aircraft_category": null}, "geometry": {"type": "MultiPoint", "coordinates": [[92.87871111, 20.13291111]]}}, {"type": "Feature", "properties": {"fid": 994, "area_code": "PAC", "airport_identifier": "VYSW", "procedure_identifier": "D11", "route_type": "A", "transition_identifier": "STW1", "seqno": 20, "waypoint_icao_code": null, "waypoint_identifier": null, "waypoint_latitude": null, "waypoint_longitude": null, "waypoint_description_code": null, "turn_direction": null, "rnp": null, "path_termination": "FC", "recommanded_navaid": null, "recommanded_navaid_latitude": null, "recommanded_navaid_longitude": null, "arc_radius": null, "theta": null, "rho": null, "magnetic_course": 312.0, "route_distance_holding_distance_time": 7.0, "distance_time": "D", "altitude_description": "+", "altitude1": 2000.0, "altitude2": null, "transition_altitude": null, "speed_limit_description": null, "speed_limit": null, "vertical_angle": null, "center_waypoint": null, "center_waypoint_latitude": null, "center_waypoint_longitude": null, "aircraft_category": null}, "geometry": {"type": "MultiPoint", "coordinates": []}}, {"type": "Feature", "properties": {"fid": 995, "area_code": "PAC", "airport_identifier": "VYSW", "procedure_identifier": "D11", "route_type": "A", "transition_identifier": "STW1", "seqno": 30, "waypoint_icao_code": "VY", "waypoint_identifier": "FF11", "waypoint_latitude": 20.15521111, "waypoint_longitude": 92.75698056, "waypoint_description_code": "E", "turn_direction": "L", "rnp": null, "path_termination": "CF", "recommanded_navaid": null, "recommanded_navaid_latitude": null, "recommanded_navaid_longitude": null, "arc_radius": null, "theta": null, "rho": null, "magnetic_course": 102.0, "route_distance_holding_distance_time": 1.0, "distance_time": "D", "altitude_description": "+", "altitude1": 2000.0, "altitude2": null, "transition_altitude": null, "speed_limit_description": null, "speed_limit": null, "vertical_angle": null, "center_waypoint": null, "center_waypoint_latitude": null, "center_waypoint_longitude": null, "aircraft_category": null}, "geometry": {"type": "MultiPoint", "coordinates": [[92.75698056, 20.15521111]]}}, {"type": "Feature", "properties": {"fid": 997, "area_code": "PAC", "airport_identifier": "VYSW", "procedure_identifier": "D11", "route_type": "A", "transition_identifier": "STW2", "seqno": 10, "waypoint_icao_code": "VY", "waypoint_identifier": "STW", "waypoint_latitude": 20.13291111, "waypoint_longitude": 92.87871111, "waypoint_description_code": "E  A", "turn_direction": null, "rnp": null, "path_termination": "IF", "recommanded_navaid": null, "recommanded_navaid_latitude": null, "recommanded_navaid_longitude": null, "arc_radius": null, "theta": null, "rho": null, "magnetic_course": null, "route_distance_holding_distance_time": null, "distance_time": null, "altitude_description": "+", "altitude1": 3000.0, "altitude2": null, "transition_altitude": null, "speed_limit_description": null, "speed_limit": null, "vertical_angle": null, "center_waypoint": null, "center_waypoint_latitude": null, "center_waypoint_longitude": null, "aircraft_category": null}, "geometry": {"type": "MultiPoint", "coordinates": [[92.87871111, 20.13291111]]}}, {"type": "Feature", "properties": {"fid": 998, "area_code": "PAC", "airport_identifier": "VYSW", "procedure_identifier": "D11", "route_type": "A", "transition_identifier": "STW2", "seqno": 20, "waypoint_icao_code": null, "waypoint_identifier": null, "waypoint_latitude": null, "waypoint_longitude": null, "waypoint_description_code": null, "turn_direction": null, "rnp": null, "path_termination": "FC", "recommanded_navaid": null, "recommanded_navaid_latitude": null, "recommanded_navaid_longitude": null, "arc_radius": null, "theta": null, "rho": null, "magnetic_course": 297.0, "route_distance_holding_distance_time": 7.0, "distance_time": "D", "altitude_description": "+", "altitude1": 2000.0, "altitude2": null, "transition_altitude": null, "speed_limit_description": null, "speed_limit": null, "vertical_angle": null, "center_waypoint": null, "center_waypoint_latitude": null, "center_waypoint_longitude": null, "aircraft_category": null}, "geometry": {"type": "MultiPoint", "coordinates": []}}, {"type": "Feature", "properties": {"fid": 999, "area_code": "PAC", "airport_identifier": "VYSW", "procedure_identifier": "D11", "route_type": "A", "transition_identifier": "STW2", "seqno": 30, "waypoint_icao_code": "VY", "waypoint_identifier": "FF11", "waypoint_latitude": 20.15521111, "waypoint_longitude": 92.75698056, "waypoint_description_code": "E", "turn_direction": "L", "rnp": null, "path_termination": "CF", "recommanded_navaid": null, "recommanded_navaid_latitude": null, "recommanded_navaid_longitude": null, "arc_radius": null, "theta": null, "rho": null, "magnetic_course": 102.0, "route_distance_holding_distance_time": 1.0, "distance_time": "D", "altitude_description": "+", "altitude1": 2000.0, "altitude2": null, "transition_altitude": null, "speed_limit_description": null, "speed_limit": null, "vertical_angle": null, "center_waypoint": null, "center_waypoint_latitude": null, "center_waypoint_longitude": null, "aircraft_category": null}, "geometry": {"type": "MultiPoint", "coordinates": [[92.75698056, 20.15521111]]}}, {"type": "Feature", "properties": {"fid": 1001, "area_code": "PAC", "airport_identifier": "VYSW", "procedure_identifier": "D11", "route_type": "D", "transition_identifier": null, "seqno": 20, "waypoint_icao_code": "VY", "waypoint_identifier": "FF11", "waypoint_latitude": 20.15521111, "waypoint_longitude": 92.75698056, "waypoint_description_code": "E  F", "turn_direction": null, "rnp": null, "path_termination": "IF", "recommanded_navaid": null, "recommanded_navaid_latitude": null, "recommanded_navaid_longitude": null, "arc_radius": null, "theta": null, "rho": null, "magnetic_course": null, "route_distance_holding_distance_time": null, "distance_time": null, "altitude_description": "+", "altitude1": 2000.0, "altitude2": null, "transition_altitude": null, "speed_limit_description": null, "speed_limit": null, "vertical_angle": null, "center_waypoint": null, "center_waypoint_latitude": null, "center_waypoint_longitude": null, "aircraft_category": null}, "geometry": {"type": "MultiPoint", "coordinates": [[92.75698056, 20.15521111]]}}, {"type": "Feature", "properties": {"fid": 1002, "area_code": "PAC", "airport_identifier": "VYSW", "procedure_identifier": "D11", "route_type": "D", "transition_identifier": null, "seqno": 30, "waypoint_icao_code": "VY", "waypoint_identifier": "MA11", "waypoint_latitude": 20.13897222, "waypoint_longitude": 92.84567222, "waypoint_description_code": "E  M", "turn_direction": null, "rnp": null, "path_termination": "CF", "recommanded_navaid": null, "recommanded_navaid_latitude": null, "recommanded_navaid_longitude": null, "arc_radius": null, "theta": null, "rho": null, "magnetic_course": 102.0, "route_distance_holding_distance_time": 5.1, "distance_time": "D", "altitude_description": "@", "altitude1": 351.0, "altitude2": null, "transition_altitude": null, "speed_limit_description": null, "speed_limit": null, "vertical_angle": -3.05, "center_waypoint": null, "center_waypoint_latitude": null, "center_waypoint_longitude": null, "aircraft_category": null}, "geometry": {"type": "MultiPoint", "coordinates": [[92.84567222, 20.13897222]]}}, {"type": "Feature", "properties": {"fid": 1004, "area_code": "PAC", "airport_identifier": "VYSW", "procedure_identifier": "D11", "route_type": "D", "transition_identifier": null, "seqno": 40, "waypoint_icao_code": null, "waypoint_identifier": null, "waypoint_latitude": null, "waypoint_longitude": null, "waypoint_description_code": null, "turn_direction": null, "rnp": null, "path_termination": "CA", "recommanded_navaid": null, "recommanded_navaid_latitude": null, "recommanded_navaid_longitude": null, "arc_radius": null, "theta": null, "rho": null, "magnetic_course": 102.0, "route_distance_holding_distance_time": null, "distance_time": null, "altitude_description": "+", "altitude1": 1500.0, "altitude2": null, "transition_altitude": null, "speed_limit_description": null, "speed_limit": null, "vertical_angle": null, "center_waypoint": null, "center_waypoint_latitude": null, "center_waypoint_longitude": null, "aircraft_category": null}, "geometry": {"type": "MultiPoint", "coordinates": []}}, {"type": "Feature", "properties": {"fid": 1005, "area_code": "PAC", "airport_identifier": "VYSW", "procedure_identifier": "D11", "route_type": "D", "transition_identifier": null, "seqno": 50, "waypoint_icao_code": "VY", "waypoint_identifier": "STW", "waypoint_latitude": 20.13291111, "waypoint_longitude": 92.87871111, "waypoint_description_code": "E", "turn_direction": "R", "rnp": null, "path_termination": "DF", "recommanded_navaid": null, "recommanded_navaid_latitude": null, "recommanded_navaid_longitude": null, "arc_radius": null, "theta": null, "rho": null, "magnetic_course": null, "route_distance_holding_distance_time": null, "distance_time": null, "altitude_description": "@", "altitude1": 3000.0, "altitude2": null, "transition_altitude": null, "speed_limit_description": null, "speed_limit": null, "vertical_angle": null, "center_waypoint": null, "center_waypoint_latitude": null, "center_waypoint_longitude": null, "aircraft_category": null}, "geometry": {"type": "MultiPoint", "coordinates": [[92.87871111, 20.13291111]]}}, {"type": "Feature", "properties": {"fid": 1006, "area_code": "PAC", "airport_identifier": "VYSW", "procedure_identifier": "D11", "route_type": "D", "transition_identifier": null, "seqno": 60, "waypoint_icao_code": "VY", "waypoint_identifier": "STW", "waypoint_latitude": 20.13291111, "waypoint_longitude": 92.87871111, "waypoint_description_code": "E  H", "turn_direction": "R", "rnp": null, "path_termination": "HM", "recommanded_navaid": null, "recommanded_navaid_latitude": null, "recommanded_navaid_longitude": null, "arc_radius": null, "theta": null, "rho": null, "magnetic_course": 312.0, "route_distance_holding_distance_time": 1.0, "distance_time": "T", "altitude_description": "+", "altitude1": 3000.0, "altitude2": null, "transition_altitude": null, "speed_limit_description": null, "speed_limit": null, "vertical_angle": null, "center_waypoint": null, "center_waypoint_latitude": null, "center_waypoint_longitude": null, "aircraft_category": null}, "geometry": {"type": "MultiPoint", "coordinates": [[92.87871111, 20.13291111]]}}, {"type": "Feature", "properties": {"fid": 1008, "area_code": "PAC", "airport_identifier": "VYTD", "procedure_identifier": "N20", "route_type": "N", "transition_identifier": null, "seqno": 20, "waypoint_icao_code": "VY", "waypoint_identifier": "FN20", "waypoint_latitude": 18.54106389, "waypoint_longitude": 94.32353611, "waypoint_description_code": "E  F", "turn_direction": null, "rnp": null, "path_termination": "IF", "recommanded_navaid": null, "recommanded_navaid_latitude": null, "recommanded_navaid_longitude": null, "arc_radius": null, "theta": null, "rho": null, "magnetic_course": null, "route_distance_holding_distance_time": null, "distance_time": null, "altitude_description": "+", "altitude1": 1670.0, "altitude2": null, "transition_altitude": null, "speed_limit_description": null, "speed_limit": null, "vertical_angle": null, "center_waypoint": null, "center_waypoint_latitude": null, "center_waypoint_longitude": null, "aircraft_category": null}, "geometry": {"type": "MultiPoint", "coordinates": [[94.32353611, 18.54106389]]}}, {"type": "Feature", "properties": {"fid": 1009, "area_code": "PAC", "airport_identifier": "VYTD", "procedure_identifier": "N20", "route_type": "N", "transition_identifier": null, "seqno": 30, "waypoint_icao_code": "VY", "waypoint_identifier": "TD", "waypoint_latitude": 18.45501944, "waypoint_longitude": 94.30104444, "waypoint_description_code": "E  M", "turn_direction": null, "rnp": null, "path_termination": "CF", "recommanded_navaid": null, "recommanded_navaid_latitude": null, "recommanded_navaid_longitude": null, "arc_radius": null, "theta": null, "rho": null, "magnetic_course": 195.0, "route_distance_holding_distance_time": 5.3, "distance_time": "D", "altitude_description": "@", "altitude1": 740.0, "altitude2": null, "transition_altitude": null, "speed_limit_description": null, "speed_limit": null, "vertical_angle": null, "center_waypoint": null, "center_waypoint_latitude": null, "center_waypoint_longitude": null, "aircraft_category": null}, "geometry": {"type": "MultiPoint", "coordinates": [[94.30104444, 18.45501944]]}}, {"type": "Feature", "properties": {"fid": 1011, "area_code": "PAC", "airport_identifier": "VYTD", "procedure_identifier": "N20", "route_type": "N", "transition_identifier": null, "seqno": 40, "waypoint_icao_code": null, "waypoint_identifier": null, "waypoint_latitude": null, "waypoint_longitude": null, "waypoint_description_code": null, "turn_direction": null, "rnp": null, "path_termination": "VA", "recommanded_navaid": null, "recommanded_navaid_latitude": null, "recommanded_navaid_longitude": null, "arc_radius": null, "theta": null, "rho": null, "magnetic_course": 200.0, "route_distance_holding_distance_time": null, "distance_time": null, "altitude_description": "+", "altitude1": 2000.0, "altitude2": null, "transition_altitude": null, "speed_limit_description": null, "speed_limit": null, "vertical_angle": null, "center_waypoint": null, "center_waypoint_latitude": null, "center_waypoint_longitude": null, "aircraft_category": null}, "geometry": {"type": "MultiPoint", "coordinates": []}}, {"type": "Feature", "properties": {"fid": 1012, "area_code": "PAC", "airport_identifier": "VYTD", "procedure_identifier": "N20", "route_type": "N", "transition_identifier": null, "seqno": 50, "waypoint_icao_code": "VY", "waypoint_identifier": "TD", "waypoint_latitude": 18.45501944, "waypoint_longitude": 94.30104444, "waypoint_description_code": "E", "turn_direction": "R", "rnp": null, "path_termination": "DF", "recommanded_navaid": null, "recommanded_navaid_latitude": null, "recommanded_navaid_longitude": null, "arc_radius": null, "theta": null, "rho": null, "magnetic_course": null, "route_distance_holding_distance_time": null, "distance_time": null, "altitude_description": "@", "altitude1": 3000.0, "altitude2": null, "transition_altitude": null, "speed_limit_description": null, "speed_limit": null, "vertical_angle": null, "center_waypoint": null, "center_waypoint_latitude": null, "center_waypoint_longitude": null, "aircraft_category": null}, "geometry": {"type": "MultiPoint", "coordinates": [[94.30104444, 18.45501944]]}}, {"type": "Feature", "properties": {"fid": 1013, "area_code": "PAC", "airport_identifier": "VYTD", "procedure_identifier": "N20", "route_type": "N", "transition_identifier": null, "seqno": 60, "waypoint_icao_code": "VY", "waypoint_identifier": "TD", "waypoint_latitude": 18.45501944, "waypoint_longitude": 94.30104444, "waypoint_description_code": "E  H", "turn_direction": "R", "rnp": null, "path_termination": "HM", "recommanded_navaid": null, "recommanded_navaid_latitude": null, "recommanded_navaid_longitude": null, "arc_radius": null, "theta": null, "rho": null, "magnetic_course": 45.0, "route_distance_holding_distance_time": 1.0, "distance_time": "T", "altitude_description": null, "altitude1": null, "altitude2": null, "transition_altitude": null, "speed_limit_description": null, "speed_limit": null, "vertical_angle": null, "center_waypoint": null, "center_waypoint_latitude": null, "center_waypoint_longitude": null, "aircraft_category": null}, "geometry": {"type": "MultiPoint", "coordinates": [[94.30104444, 18.45501944]]}}, {"type": "Feature", "properties": {"fid": 1015, "area_code": "PAC", "airport_identifier": "VYMW", "procedure_identifier": "N01", "route_type": "A", "transition_identifier": "MW1", "seqno": 10, "waypoint_icao_code": "VY", "waypoint_identifier": "MW", "waypoint_latitude": 20.16118333, "waypoint_longitude": 94.97473333, "waypoint_description_code": "E  A", "turn_direction": null, "rnp": null, "path_termination": "IF", "recommanded_navaid": null, "recommanded_navaid_latitude": null, "recommanded_navaid_longitude": null, "arc_radius": null, "theta": null, "rho": null, "magnetic_course": null, "route_distance_holding_distance_time": null, "distance_time": null, "altitude_description": "+", "altitude1": 3000.0, "altitude2": null, "transition_altitude": null, "speed_limit_description": null, "speed_limit": null, "vertical_angle": null, "center_waypoint": null, "center_waypoint_latitude": null, "center_waypoint_longitude": null, "aircraft_category": null}, "geometry": {"type": "MultiPoint", "coordinates": [[94.97473333, 20.16118333]]}}, {"type": "Feature", "properties": {"fid": 1016, "area_code": "PAC", "airport_identifier": "VYMW", "procedure_identifier": "N01", "route_type": "A", "transition_identifier": "MW1", "seqno": 20, "waypoint_icao_code": null, "waypoint_identifier": null, "waypoint_latitude": null, "waypoint_longitude": null, "waypoint_description_code": null, "turn_direction": null, "rnp": null, "path_termination": "FC", "recommanded_navaid": null, "recommanded_navaid_latitude": null, "recommanded_navaid_longitude": null, "arc_radius": null, "theta": null, "rho": null, "magnetic_course": 225.0, "route_distance_holding_distance_time": 5.3, "distance_time": "D", "altitude_description": "+", "altitude1": 1920.0, "altitude2": null, "transition_altitude": null, "speed_limit_description": null, "speed_limit": null, "vertical_angle": null, "center_waypoint": null, "center_waypoint_latitude": null, "center_waypoint_longitude": null, "aircraft_category": null}, "geometry": {"type": "MultiPoint", "coordinates": []}}, {"type": "Feature", "properties": {"fid": 1017, "area_code": "PAC", "airport_identifier": "VYMW", "procedure_identifier": "N01", "route_type": "A", "transition_identifier": "MW1", "seqno": 30, "waypoint_icao_code": "VY", "waypoint_identifier": "FF01", "waypoint_latitude": 20.07515, "waypoint_longitude": 94.95203056, "waypoint_description_code": "E", "turn_direction": "L", "rnp": null, "path_termination": "CF", "recommanded_navaid": null, "recommanded_navaid_latitude": null, "recommanded_navaid_longitude": null, "arc_radius": null, "theta": null, "rho": null, "magnetic_course": 15.0, "route_distance_holding_distance_time": 1.0, "distance_time": "D", "altitude_description": "+", "altitude1": 1920.0, "altitude2": null, "transition_altitude": null, "speed_limit_description": null, "speed_limit": null, "vertical_angle": null, "center_waypoint": null, "center_waypoint_latitude": null, "center_waypoint_longitude": null, "aircraft_category": null}, "geometry": {"type": "MultiPoint", "coordinates": [[94.95203056, 20.07515]]}}, {"type": "Feature", "properties": {"fid": 1019, "area_code": "PAC", "airport_identifier": "VYMW", "procedure_identifier": "N01", "route_type": "A", "transition_identifier": "MW2", "seqno": 10, "waypoint_icao_code": "VY", "waypoint_identifier": "MW", "waypoint_latitude": 20.16118333, "waypoint_longitude": 94.97473333, "waypoint_description_code": "E  A", "turn_direction": null, "rnp": null, "path_termination": "IF", "recommanded_navaid": null, "recommanded_navaid_latitude": null, "recommanded_navaid_longitude": null, "arc_radius": null, "theta": null, "rho": null, "magnetic_course": null, "route_distance_holding_distance_time": null, "distance_time": null, "altitude_description": "+", "altitude1": 3000.0, "altitude2": null, "transition_altitude": null, "speed_limit_description": null, "speed_limit": null, "vertical_angle": null, "center_waypoint": null, "center_waypoint_latitude": null, "center_waypoint_longitude": null, "aircraft_category": null}, "geometry": {"type": "MultiPoint", "coordinates": [[94.97473333, 20.16118333]]}}, {"type": "Feature", "properties": {"fid": 1020, "area_code": "PAC", "airport_identifier": "VYMW", "procedure_identifier": "N01", "route_type": "A", "transition_identifier": "MW2", "seqno": 20, "waypoint_icao_code": null, "waypoint_identifier": null, "waypoint_latitude": null, "waypoint_longitude": null, "waypoint_description_code": null, "turn_direction": null, "rnp": null, "path_termination": "FC", "recommanded_navaid": null, "recommanded_navaid_latitude": null, "recommanded_navaid_longitude": null, "arc_radius": null, "theta": null, "rho": null, "magnetic_course": 210.0, "route_distance_holding_distance_time": 7.5, "distance_time": "D", "altitude_description": "+", "altitude1": 1920.0, "altitude2": null, "transition_altitude": null, "speed_limit_description": null, "speed_limit": null, "vertical_angle": null, "center_waypoint": null, "center_waypoint_latitude": null, "center_waypoint_longitude": null, "aircraft_category": null}, "geometry": {"type": "MultiPoint", "coordinates": []}}, {"type": "Feature", "properties": {"fid": 1021, "area_code": "PAC", "airport_identifier": "VYMW", "procedure_identifier": "N01", "route_type": "A", "transition_identifier": "MW2", "seqno": 30, "waypoint_icao_code": "VY", "waypoint_identifier": "FF01", "waypoint_latitude": 20.07515, "waypoint_longitude": 94.95203056, "waypoint_description_code": "E", "turn_direction": "L", "rnp": null, "path_termination": "CF", "recommanded_navaid": null, "recommanded_navaid_latitude": null, "recommanded_navaid_longitude": null, "arc_radius": null, "theta": null, "rho": null, "magnetic_course": 15.0, "route_distance_holding_distance_time": 3.2, "distance_time": "D", "altitude_description": "+", "altitude1": 1920.0, "altitude2": null, "transition_altitude": null, "speed_limit_description": null, "speed_limit": null, "vertical_angle": null, "center_waypoint": null, "center_waypoint_latitude": null, "center_waypoint_longitude": null, "aircraft_category": null}, "geometry": {"type": "MultiPoint", "coordinates": [[94.95203056, 20.07515]]}}, {"type": "Feature", "properties": {"fid": 1023, "area_code": "PAC", "airport_identifier": "VYMW", "procedure_identifier": "N01", "route_type": "N", "transition_identifier": null, "seqno": 20, "waypoint_icao_code": "VY", "waypoint_identifier": "FF01", "waypoint_latitude": 20.07515, "waypoint_longitude": 94.95203056, "waypoint_description_code": "E  F", "turn_direction": null, "rnp": null, "path_termination": "IF", "recommanded_navaid": null, "recommanded_navaid_latitude": null, "recommanded_navaid_longitude": null, "arc_radius": null, "theta": null, "rho": null, "magnetic_course": null, "route_distance_holding_distance_time": null, "distance_time": null, "altitude_description": "+", "altitude1": 1920.0, "altitude2": null, "transition_altitude": null, "speed_limit_description": null, "speed_limit": null, "vertical_angle": null, "center_waypoint": null, "center_waypoint_latitude": null, "center_waypoint_longitude": null, "aircraft_category": null}, "geometry": {"type": "MultiPoint", "coordinates": [[94.95203056, 20.07515]]}}, {"type": "Feature", "properties": {"fid": 1024, "area_code": "PAC", "airport_identifier": "VYMW", "procedure_identifier": "N01", "route_type": "N", "transition_identifier": null, "seqno": 30, "waypoint_icao_code": "VY", "waypoint_identifier": "EP01", "waypoint_latitude": 20.14135556, "waypoint_longitude": 94.96949722, "waypoint_description_code": "EY", "turn_direction": null, "rnp": null, "path_termination": "CF", "recommanded_navaid": null, "recommanded_navaid_latitude": null, "recommanded_navaid_longitude": null, "arc_radius": null, "theta": null, "rho": null, "magnetic_course": 15.0, "route_distance_holding_distance_time": 4.1, "distance_time": "D", "altitude_description": "@", "altitude1": 327.0, "altitude2": null, "transition_altitude": null, "speed_limit_description": null, "speed_limit": null, "vertical_angle": -3.68, "center_waypoint": null, "center_waypoint_latitude": null, "center_waypoint_longitude": null, "aircraft_category": null}, "geometry": {"type": "MultiPoint", "coordinates": [[94.96949722, 20.14135556]]}}, {"type": "Feature", "properties": {"fid": 1025, "area_code": "PAC", "airport_identifier": "VYMW", "procedure_identifier": "N01", "route_type": "N", "transition_identifier": null, "seqno": 40, "waypoint_icao_code": "VY", "waypoint_identifier": "MW", "waypoint_latitude": 20.16118333, "waypoint_longitude": 94.97473333, "waypoint_description_code": "EY M", "turn_direction": null, "rnp": null, "path_termination": "CF", "recommanded_navaid": null, "recommanded_navaid_latitude": null, "recommanded_navaid_longitude": null, "arc_radius": null, "theta": null, "rho": null, "magnetic_course": 15.0, "route_distance_holding_distance_time": 1.2, "distance_time": "D", "altitude_description": "+", "altitude1": 800.0, "altitude2": null, "transition_altitude": null, "speed_limit_description": null, "speed_limit": null, "vertical_angle": null, "center_waypoint": null, "center_waypoint_latitude": null, "center_waypoint_longitude": null, "aircraft_category": null}, "geometry": {"type": "MultiPoint", "coordinates": [[94.97473333, 20.16118333]]}}, {"type": "Feature", "properties": {"fid": 1027, "area_code": "PAC", "airport_identifier": "VYMW", "procedure_identifier": "N01", "route_type": "N", "transition_identifier": null, "seqno": 50, "waypoint_icao_code": null, "waypoint_identifier": null, "waypoint_latitude": null, "waypoint_longitude": null, "waypoint_description_code": null, "turn_direction": null, "rnp": null, "path_termination": "VA", "recommanded_navaid": null, "recommanded_navaid_latitude": null, "recommanded_navaid_longitude": null, "arc_radius": null, "theta": null, "rho": null, "magnetic_course": 15.0, "route_distance_holding_distance_time": null, "distance_time": null, "altitude_description": "+", "altitude1": 2000.0, "altitude2": null, "transition_altitude": null, "speed_limit_description": null, "speed_limit": null, "vertical_angle": null, "center_waypoint": null, "center_waypoint_latitude": null, "center_waypoint_longitude": null, "aircraft_category": null}, "geometry": {"type": "MultiPoint", "coordinates": []}}, {"type": "Feature", "properties": {"fid": 1028, "area_code": "PAC", "airport_identifier": "VYMW", "procedure_identifier": "N01", "route_type": "N", "transition_identifier": null, "seqno": 60, "waypoint_icao_code": "VY", "waypoint_identifier": "MW", "waypoint_latitude": 20.16118333, "waypoint_longitude": 94.97473333, "waypoint_description_code": "E", "turn_direction": "R", "rnp": null, "path_termination": "DF", "recommanded_navaid": null, "recommanded_navaid_latitude": null, "recommanded_navaid_longitude": null, "arc_radius": null, "theta": null, "rho": null, "magnetic_course": null, "route_distance_holding_distance_time": null, "distance_time": null, "altitude_description": "@", "altitude1": 3000.0, "altitude2": null, "transition_altitude": null, "speed_limit_description": null, "speed_limit": null, "vertical_angle": null, "center_waypoint": null, "center_waypoint_latitude": null, "center_waypoint_longitude": null, "aircraft_category": null}, "geometry": {"type": "MultiPoint", "coordinates": [[94.97473333, 20.16118333]]}}, {"type": "Feature", "properties": {"fid": 1029, "area_code": "PAC", "airport_identifier": "VYMW", "procedure_identifier": "N01", "route_type": "N", "transition_identifier": null, "seqno": 70, "waypoint_icao_code": "VY", "waypoint_identifier": "MW", "waypoint_latitude": 20.16118333, "waypoint_longitude": 94.97473333, "waypoint_description_code": "E  H", "turn_direction": "R", "rnp": null, "path_termination": "HM", "recommanded_navaid": null, "recommanded_navaid_latitude": null, "recommanded_navaid_longitude": null, "arc_radius": null, "theta": null, "rho": null, "magnetic_course": 225.0, "route_distance_holding_distance_time": 1.0, "distance_time": "T", "altitude_description": null, "altitude1": null, "altitude2": null, "transition_altitude": null, "speed_limit_description": null, "speed_limit": null, "vertical_angle": null, "center_waypoint": null, "center_waypoint_latitude": null, "center_waypoint_longitude": null, "aircraft_category": null}, "geometry": {"type": "MultiPoint", "coordinates": [[94.97473333, 20.16118333]]}}, {"type": "Feature", "properties": {"fid": 1031, "area_code": "PAC", "airport_identifier": "VYBG", "procedure_identifier": "R18", "route_type": "A", "transition_identifier": "LAWKA", "seqno": 10, "waypoint_icao_code": "VY", "waypoint_identifier": "LAWKA", "waypoint_latitude": 21.35725, "waypoint_longitude": 95.02115556, "waypoint_description_code": "E  A", "turn_direction": null, "rnp": 1.0, "path_termination": "IF", "recommanded_navaid": null, "recommanded_navaid_latitude": null, "recommanded_navaid_longitude": null, "arc_radius": null, "theta": null, "rho": null, "magnetic_course": null, "route_distance_holding_distance_time": null, "distance_time": null, "altitude_description": "+", "altitude1": 3000.0, "altitude2": null, "transition_altitude": null, "speed_limit_description": "-", "speed_limit": 210.0, "vertical_angle": null, "center_waypoint": null, "center_waypoint_latitude": null, "center_waypoint_longitude": null, "aircraft_category": null}, "geometry": {"type": "MultiPoint", "coordinates": [[95.02115556, 21.35725]]}}, {"type": "Feature", "properties": {"fid": 1032, "area_code": "PAC", "airport_identifier": "VYBG", "procedure_identifier": "R18", "route_type": "A", "transition_identifier": "LAWKA", "seqno": 20, "waypoint_icao_code": "VY", "waypoint_identifier": "BG901", "waypoint_latitude": 21.35901111, "waypoint_longitude": 94.93189167, "waypoint_description_code": "E", "turn_direction": null, "rnp": 1.0, "path_termination": "TF", "recommanded_navaid": null, "recommanded_navaid_latitude": null, "recommanded_navaid_longitude": null, "arc_radius": null, "theta": null, "rho": null, "magnetic_course": null, "route_distance_holding_distance_time": null, "distance_time": null, "altitude_description": "+", "altitude1": 2000.0, "altitude2": null, "transition_altitude": null, "speed_limit_description": "-", "speed_limit": 210.0, "vertical_angle": null, "center_waypoint": null, "center_waypoint_latitude": null, "center_waypoint_longitude": null, "aircraft_category": null}, "geometry": {"type": "MultiPoint", "coordinates": [[94.93189167, 21.35901111]]}}, {"type": "Feature", "properties": {"fid": 1034, "area_code": "PAC", "airport_identifier": "VYBG", "procedure_identifier": "R18", "route_type": "R", "transition_identifier": null, "seqno": 10, "waypoint_icao_code": "VY", "waypoint_identifier": "BG901", "waypoint_latitude": 21.35901111, "waypoint_longitude": 94.93189167, "waypoint_description_code": "E  I", "turn_direction": null, "rnp": null, "path_termination": "IF", "recommanded_navaid": null, "recommanded_navaid_latitude": null, "recommanded_navaid_longitude": null, "arc_radius": null, "theta": null, "rho": null, "magnetic_course": null, "route_distance_holding_distance_time": null, "distance_time": null, "altitude_description": "+", "altitude1": 2000.0, "altitude2": null, "transition_altitude": null, "speed_limit_description": "-", "speed_limit": 210.0, "vertical_angle": null, "center_waypoint": null, "center_waypoint_latitude": null, "center_waypoint_longitude": null, "aircraft_category": null}, "geometry": {"type": "MultiPoint", "coordinates": [[94.93189167, 21.35901111]]}}, {"type": "Feature", "properties": {"fid": 1035, "area_code": "PAC", "airport_identifier": "VYBG", "procedure_identifier": "R18", "route_type": "R", "transition_identifier": null, "seqno": 20, "waypoint_icao_code": "VY", "waypoint_identifier": "KABAR", "waypoint_latitude": 21.27538056, "waypoint_longitude": 94.931175, "waypoint_description_code": "E  F", "turn_direction": null, "rnp": null, "path_termination": "TF", "recommanded_navaid": null, "recommanded_navaid_latitude": null, "recommanded_navaid_longitude": null, "arc_radius": null, "theta": null, "rho": null, "magnetic_course": 181.0, "route_distance_holding_distance_time": 5.0, "distance_time": "D", "altitude_description": "@", "altitude1": 2000.0, "altitude2": null, "transition_altitude": null, "speed_limit_description": null, "speed_limit": null, "vertical_angle": null, "center_waypoint": null, "center_waypoint_latitude": null, "center_waypoint_longitude": null, "aircraft_category": null}, "geometry": {"type": "MultiPoint", "coordinates": [[94.931175, 21.27538056]]}}, {"type": "Feature", "properties": {"fid": 1036, "area_code": "PAC", "airport_identifier": "VYBG", "procedure_identifier": "R18", "route_type": "R", "transition_identifier": null, "seqno": 30, "waypoint_icao_code": "VY", "waypoint_identifier": "RW18", "waypoint_latitude": 21.19068056, "waypoint_longitude": 94.93045278, "waypoint_description_code": "GY M", "turn_direction": null, "rnp": null, "path_termination": "TF", "recommanded_navaid": null, "recommanded_navaid_latitude": null, "recommanded_navaid_longitude": null, "arc_radius": null, "theta": null, "rho": null, "magnetic_course": 181.0, "route_distance_holding_distance_time": 5.1, "distance_time": "D", "altitude_description": "@", "altitude1": 366.0, "altitude2": null, "transition_altitude": null, "speed_limit_description": null, "speed_limit": null, "vertical_angle": -3.0, "center_waypoint": null, "center_waypoint_latitude": null, "center_waypoint_longitude": null, "aircraft_category": null}, "geometry": {"type": "MultiPoint", "coordinates": [[94.93045278, 21.19068056]]}}, {"type": "Feature", "properties": {"fid": 1038, "area_code": "PAC", "airport_identifier": "VYBG", "procedure_identifier": "R18", "route_type": "R", "transition_identifier": null, "seqno": 40, "waypoint_icao_code": "VY", "waypoint_identifier": "BG902", "waypoint_latitude": 21.07359444, "waypoint_longitude": 94.92945278, "waypoint_description_code": "EY", "turn_direction": null, "rnp": 1.0, "path_termination": "DF", "recommanded_navaid": null, "recommanded_navaid_latitude": null, "recommanded_navaid_longitude": null, "arc_radius": null, "theta": null, "rho": null, "magnetic_course": null, "route_distance_holding_distance_time": null, "distance_time": null, "altitude_description": null, "altitude1": null, "altitude2": null, "transition_altitude": null, "speed_limit_description": "-", "speed_limit": 210.0, "vertical_angle": null, "center_waypoint": null, "center_waypoint_latitude": null, "center_waypoint_longitude": null, "aircraft_category": null}, "geometry": {"type": "MultiPoint", "coordinates": [[94.92945278, 21.07359444]]}}, {"type": "Feature", "properties": {"fid": 1039, "area_code": "PAC", "airport_identifier": "VYBG", "procedure_identifier": "R18", "route_type": "R", "transition_identifier": null, "seqno": 50, "waypoint_icao_code": "VY", "waypoint_identifier": "BAGAN", "waypoint_latitude": 21.16953333, "waypoint_longitude": 94.92815278, "waypoint_description_code": "E", "turn_direction": "R", "rnp": 1.0, "path_termination": "DF", "recommanded_navaid": null, "recommanded_navaid_latitude": null, "recommanded_navaid_longitude": null, "arc_radius": null, "theta": null, "rho": null, "magnetic_course": null, "route_distance_holding_distance_time": null, "distance_time": null, "altitude_description": null, "altitude1": null, "altitude2": null, "transition_altitude": null, "speed_limit_description": "-", "speed_limit": 210.0, "vertical_angle": null, "center_waypoint": null, "center_waypoint_latitude": null, "center_waypoint_longitude": null, "aircraft_category": null}, "geometry": {"type": "MultiPoint", "coordinates": [[94.92815278, 21.16953333]]}}, {"type": "Feature", "properties": {"fid": 1040, "area_code": "PAC", "airport_identifier": "VYBG", "procedure_identifier": "R18", "route_type": "R", "transition_identifier": null, "seqno": 60, "waypoint_icao_code": "VY", "waypoint_identifier": "SELFE", "waypoint_latitude": 21.27587778, "waypoint_longitude": 95.02046389, "waypoint_description_code": "E", "turn_direction": null, "rnp": 1.0, "path_termination": "TF", "recommanded_navaid": null, "recommanded_navaid_latitude": null, "recommanded_navaid_longitude": null, "arc_radius": null, "theta": null, "rho": null, "magnetic_course": null, "route_distance_holding_distance_time": null, "distance_time": null, "altitude_description": null, "altitude1": null, "altitude2": null, "transition_altitude": null, "speed_limit_description": "-", "speed_limit": 210.0, "vertical_angle": null, "center_waypoint": null, "center_waypoint_latitude": null, "center_waypoint_longitude": null, "aircraft_category": null}, "geometry": {"type": "MultiPoint", "coordinates": [[95.02046389, 21.27587778]]}}, {"type": "Feature", "properties": {"fid": 1041, "area_code": "PAC", "airport_identifier": "VYBG", "procedure_identifier": "R18", "route_type": "R", "transition_identifier": null, "seqno": 70, "waypoint_icao_code": "VY", "waypoint_identifier": "LAWKA", "waypoint_latitude": 21.35725, "waypoint_longitude": 95.02115556, "waypoint_description_code": "E", "turn_direction": null, "rnp": 1.0, "path_termination": "TF", "recommanded_navaid": null, "recommanded_navaid_latitude": null, "recommanded_navaid_longitude": null, "arc_radius": null, "theta": null, "rho": null, "magnetic_course": null, "route_distance_holding_distance_time": null, "distance_time": null, "altitude_description": "+", "altitude1": 3000.0, "altitude2": null, "transition_altitude": null, "speed_limit_description": "-", "speed_limit": 210.0, "vertical_angle": null, "center_waypoint": null, "center_waypoint_latitude": null, "center_waypoint_longitude": null, "aircraft_category": null}, "geometry": {"type": "MultiPoint", "coordinates": [[95.02115556, 21.35725]]}}, {"type": "Feature", "properties": {"fid": 1042, "area_code": "PAC", "airport_identifier": "VYBG", "procedure_identifier": "R18", "route_type": "R", "transition_identifier": null, "seqno": 80, "waypoint_icao_code": "VY", "waypoint_identifier": "LAWKA", "waypoint_latitude": 21.35725, "waypoint_longitude": 95.02115556, "waypoint_description_code": "E  H", "turn_direction": "R", "rnp": 1.0, "path_termination": "HM", "recommanded_navaid": null, "recommanded_navaid_latitude": null, "recommanded_navaid_longitude": null, "arc_radius": null, "theta": null, "rho": null, "magnetic_course": 272.0, "route_distance_holding_distance_time": 1.0, "distance_time": "T", "altitude_description": "+", "altitude1": 3000.0, "altitude2": null, "transition_altitude": null, "speed_limit_description": "-", "speed_limit": 210.0, "vertical_angle": null, "center_waypoint": null, "center_waypoint_latitude": null, "center_waypoint_longitude": null, "aircraft_category": null}, "geometry": {"type": "MultiPoint", "coordinates": [[95.02115556, 21.35725]]}}, {"type": "Feature", "properties": {"fid": 1044, "area_code": "PAC", "airport_identifier": "VYSW", "procedure_identifier": "R11", "route_type": "A", "transition_identifier": "BYALA", "seqno": 10, "waypoint_icao_code": "VY", "waypoint_identifier": "BYALA", "waypoint_latitude": 20.25655556, "waypoint_longitude": 92.7135, "waypoint_description_code": "E  A", "turn_direction": null, "rnp": 1.0, "path_termination": "IF", "recommanded_navaid": null, "recommanded_navaid_latitude": null, "recommanded_navaid_longitude": null, "arc_radius": null, "theta": null, "rho": null, "magnetic_course": null, "route_distance_holding_distance_time": null, "distance_time": null, "altitude_description": "+", "altitude1": 3000.0, "altitude2": null, "transition_altitude": null, "speed_limit_description": "-", "speed_limit": 210.0, "vertical_angle": null, "center_waypoint": null, "center_waypoint_latitude": null, "center_waypoint_longitude": null, "aircraft_category": null}, "geometry": {"type": "MultiPoint", "coordinates": [[92.7135, 20.25655556]]}}, {"type": "Feature", "properties": {"fid": 1045, "area_code": "PAC", "airport_identifier": "VYSW", "procedure_identifier": "R11", "route_type": "A", "transition_identifier": "BYALA", "seqno": 20, "waypoint_icao_code": "VY", "waypoint_identifier": "SW903", "waypoint_latitude": 20.17541667, "waypoint_longitude": 92.692, "waypoint_description_code": "E", "turn_direction": null, "rnp": 1.0, "path_termination": "TF", "recommanded_navaid": null, "recommanded_navaid_latitude": null, "recommanded_navaid_longitude": null, "arc_radius": null, "theta": null, "rho": null, "magnetic_course": null, "route_distance_holding_distance_time": null, "distance_time": null, "altitude_description": "+", "altitude1": 1600.0, "altitude2": null, "transition_altitude": null, "speed_limit_description": null, "speed_limit": null, "vertical_angle": null, "center_waypoint": null, "center_waypoint_latitude": null, "center_waypoint_longitude": null, "aircraft_category": null}, "geometry": {"type": "MultiPoint", "coordinates": [[92.692, 20.17541667]]}}, {"type": "Feature", "properties": {"fid": 1047, "area_code": "PAC", "airport_identifier": "VYSW", "procedure_identifier": "R11", "route_type": "A", "transition_identifier": "SIDRA", "seqno": 10, "waypoint_icao_code": "VY", "waypoint_identifier": "SIDRA", "waypoint_latitude": 20.09427778, "waypoint_longitude": 92.6705, "waypoint_description_code": "E  A", "turn_direction": null, "rnp": 1.0, "path_termination": "IF", "recommanded_navaid": null, "recommanded_navaid_latitude": null, "recommanded_navaid_longitude": null, "arc_radius": null, "theta": null, "rho": null, "magnetic_course": null, "route_distance_holding_distance_time": null, "distance_time": null, "altitude_description": "+", "altitude1": 3000.0, "altitude2": null, "transition_altitude": null, "speed_limit_description": "-", "speed_limit": 210.0, "vertical_angle": null, "center_waypoint": null, "center_waypoint_latitude": null, "center_waypoint_longitude": null, "aircraft_category": null}, "geometry": {"type": "MultiPoint", "coordinates": [[92.6705, 20.09427778]]}}, {"type": "Feature", "properties": {"fid": 1048, "area_code": "PAC", "airport_identifier": "VYSW", "procedure_identifier": "R11", "route_type": "A", "transition_identifier": "SIDRA", "seqno": 20, "waypoint_icao_code": "VY", "waypoint_identifier": "SW903", "waypoint_latitude": 20.17541667, "waypoint_longitude": 92.692, "waypoint_description_code": "E", "turn_direction": null, "rnp": 1.0, "path_termination": "TF", "recommanded_navaid": null, "recommanded_navaid_latitude": null, "recommanded_navaid_longitude": null, "arc_radius": null, "theta": null, "rho": null, "magnetic_course": null, "route_distance_holding_distance_time": null, "distance_time": null, "altitude_description": "+", "altitude1": 1600.0, "altitude2": null, "transition_altitude": null, "speed_limit_description": null, "speed_limit": null, "vertical_angle": null, "center_waypoint": null, "center_waypoint_latitude": null, "center_waypoint_longitude": null, "aircraft_category": null}, "geometry": {"type": "MultiPoint", "coordinates": [[92.692, 20.17541667]]}}, {"type": "Feature", "properties": {"fid": 1050, "area_code": "PAC", "airport_identifier": "VYSW", "procedure_identifier": "R11", "route_type": "R", "transition_identifier": null, "seqno": 10, "waypoint_icao_code": "VY", "waypoint_identifier": "SW903", "waypoint_latitude": 20.17541667, "waypoint_longitude": 92.692, "waypoint_description_code": "E  I", "turn_direction": null, "rnp": null, "path_termination": "IF", "recommanded_navaid": null, "recommanded_navaid_latitude": null, "recommanded_navaid_longitude": null, "arc_radius": null, "theta": null, "rho": null, "magnetic_course": null, "route_distance_holding_distance_time": null, "distance_time": null, "altitude_description": "+", "altitude1": 1600.0, "altitude2": null, "transition_altitude": null, "speed_limit_description": null, "speed_limit": null, "vertical_angle": null, "center_waypoint": null, "center_waypoint_latitude": null, "center_waypoint_longitude": null, "aircraft_category": null}, "geometry": {"type": "MultiPoint", "coordinates": [[92.692, 20.17541667]]}}, {"type": "Feature", "properties": {"fid": 1051, "area_code": "PAC", "airport_identifier": "VYSW", "procedure_identifier": "R11", "route_type": "R", "transition_identifier": null, "seqno": 20, "waypoint_icao_code": "VY", "waypoint_identifier": "DANYA", "waypoint_latitude": 20.15513889, "waypoint_longitude": 92.77794444, "waypoint_description_code": "E  F", "turn_direction": null, "rnp": null, "path_termination": "TF", "recommanded_navaid": null, "recommanded_navaid_latitude": null, "recommanded_navaid_longitude": null, "arc_radius": null, "theta": null, "rho": null, "magnetic_course": 105.0, "route_distance_holding_distance_time": 5.0, "distance_time": "D", "altitude_description": "@", "altitude1": 1600.0, "altitude2": null, "transition_altitude": null, "speed_limit_description": null, "speed_limit": null, "vertical_angle": null, "center_waypoint": null, "center_waypoint_latitude": null, "center_waypoint_longitude": null, "aircraft_category": null}, "geometry": {"type": "MultiPoint", "coordinates": [[92.77794444, 20.15513889]]}}, {"type": "Feature", "properties": {"fid": 1052, "area_code": "PAC", "airport_identifier": "VYSW", "procedure_identifier": "R11", "route_type": "R", "transition_identifier": null, "seqno": 30, "waypoint_icao_code": "VY", "waypoint_identifier": "RW11", "waypoint_latitude": 20.13578889, "waypoint_longitude": 92.85990278, "waypoint_description_code": "GY M", "turn_direction": null, "rnp": null, "path_termination": "TF", "recommanded_navaid": null, "recommanded_navaid_latitude": null, "recommanded_navaid_longitude": null, "arc_radius": null, "theta": null, "rho": null, "magnetic_course": 105.0, "route_distance_holding_distance_time": 4.8, "distance_time": "D", "altitude_description": "@", "altitude1": 82.0, "altitude2": null, "transition_altitude": null, "speed_limit_description": null, "speed_limit": null, "vertical_angle": -3.0, "center_waypoint": null, "center_waypoint_latitude": null, "center_waypoint_longitude": null, "aircraft_category": null}, "geometry": {"type": "MultiPoint", "coordinates": [[92.85990278, 20.13578889]]}}, {"type": "Feature", "properties": {"fid": 1054, "area_code": "PAC", "airport_identifier": "VYSW", "procedure_identifier": "R11", "route_type": "R", "transition_identifier": null, "seqno": 40, "waypoint_icao_code": "VY", "waypoint_identifier": "SW904", "waypoint_latitude": 20.11855556, "waypoint_longitude": 92.93275, "waypoint_description_code": "EY", "turn_direction": null, "rnp": 1.0, "path_termination": "DF", "recommanded_navaid": null, "recommanded_navaid_latitude": null, "recommanded_navaid_longitude": null, "arc_radius": null, "theta": null, "rho": null, "magnetic_course": null, "route_distance_holding_distance_time": null, "distance_time": null, "altitude_description": null, "altitude1": null, "altitude2": null, "transition_altitude": null, "speed_limit_description": null, "speed_limit": null, "vertical_angle": null, "center_waypoint": null, "center_waypoint_latitude": null, "center_waypoint_longitude": null, "aircraft_category": null}, "geometry": {"type": "MultiPoint", "coordinates": [[92.93275, 20.11855556]]}}, {"type": "Feature", "properties": {"fid": 1055, "area_code": "PAC", "airport_identifier": "VYSW", "procedure_identifier": "R11", "route_type": "R", "transition_identifier": null, "seqno": 50, "waypoint_icao_code": "VY", "waypoint_identifier": "SW905", "waypoint_latitude": 20.06288889, "waypoint_longitude": 92.80338889, "waypoint_description_code": "E", "turn_direction": "R", "rnp": 1.0, "path_termination": "DF", "recommanded_navaid": null, "recommanded_navaid_latitude": null, "recommanded_navaid_longitude": null, "arc_radius": null, "theta": null, "rho": null, "magnetic_course": null, "route_distance_holding_distance_time": null, "distance_time": null, "altitude_description": null, "altitude1": null, "altitude2": null, "transition_altitude": null, "speed_limit_description": null, "speed_limit": null, "vertical_angle": null, "center_waypoint": null, "center_waypoint_latitude": null, "center_waypoint_longitude": null, "aircraft_category": null}, "geometry": {"type": "MultiPoint", "coordinates": [[92.80338889, 20.06288889]]}}, {"type": "Feature", "properties": {"fid": 1056, "area_code": "PAC", "airport_identifier": "VYSW", "procedure_identifier": "R11", "route_type": "R", "transition_identifier": null, "seqno": 60, "waypoint_icao_code": "VY", "waypoint_identifier": "SIDRA", "waypoint_latitude": 20.09427778, "waypoint_longitude": 92.6705, "waypoint_description_code": "E", "turn_direction": null, "rnp": 1.0, "path_termination": "TF", "recommanded_navaid": null, "recommanded_navaid_latitude": null, "recommanded_navaid_longitude": null, "arc_radius": null, "theta": null, "rho": null, "magnetic_course": null, "route_distance_holding_distance_time": null, "distance_time": null, "altitude_description": "+", "altitude1": 3000.0, "altitude2": null, "transition_altitude": null, "speed_limit_description": "-", "speed_limit": 210.0, "vertical_angle": null, "center_waypoint": null, "center_waypoint_latitude": null, "center_waypoint_longitude": null, "aircraft_category": null}, "geometry": {"type": "MultiPoint", "coordinates": [[92.6705, 20.09427778]]}}, {"type": "Feature", "properties": {"fid": 1057, "area_code": "PAC", "airport_identifier": "VYSW", "procedure_identifier": "R11", "route_type": "R", "transition_identifier": null, "seqno": 70, "waypoint_icao_code": "VY", "waypoint_identifier": "SIDRA", "waypoint_latitude": 20.09427778, "waypoint_longitude": 92.6705, "waypoint_description_code": "E  H", "turn_direction": "R", "rnp": 1.0, "path_termination": "HM", "recommanded_navaid": null, "recommanded_navaid_latitude": null, "recommanded_navaid_longitude": null, "arc_radius": null, "theta": null, "rho": null, "magnetic_course": 15.0, "route_distance_holding_distance_time": 1.0, "distance_time": "T", "altitude_description": "+", "altitude1": 3000.0, "altitude2": null, "transition_altitude": null, "speed_limit_description": "-", "speed_limit": 210.0, "vertical_angle": null, "center_waypoint": null, "center_waypoint_latitude": null, "center_waypoint_longitude": null, "aircraft_category": null}, "geometry": {"type": "MultiPoint", "coordinates": [[92.6705, 20.09427778]]}}, {"type": "Feature", "properties": {"fid": 1059, "area_code": "PAC", "airport_identifier": "VYMN", "procedure_identifier": "N34", "route_type": "A", "transition_identifier": "MN", "seqno": 10, "waypoint_icao_code": "VY", "waypoint_identifier": "MN", "waypoint_latitude": 18.84465556, "waypoint_longitude": 93.68593333, "waypoint_description_code": "E  A", "turn_direction": null, "rnp": null, "path_termination": "IF", "recommanded_navaid": null, "recommanded_navaid_latitude": null, "recommanded_navaid_longitude": null, "arc_radius": null, "theta": null, "rho": null, "magnetic_course": null, "route_distance_holding_distance_time": null, "distance_time": null, "altitude_description": "+", "altitude1": 3000.0, "altitude2": null, "transition_altitude": null, "speed_limit_description": null, "speed_limit": null, "vertical_angle": null, "center_waypoint": null, "center_waypoint_latitude": null, "center_waypoint_longitude": null, "aircraft_category": null}, "geometry": {"type": "MultiPoint", "coordinates": [[93.68593333, 18.84465556]]}}, {"type": "Feature", "properties": {"fid": 1060, "area_code": "PAC", "airport_identifier": "VYMN", "procedure_identifier": "N34", "route_type": "A", "transition_identifier": "MN", "seqno": 20, "waypoint_icao_code": null, "waypoint_identifier": null, "waypoint_latitude": null, "waypoint_longitude": null, "waypoint_description_code": null, "turn_direction": null, "rnp": null, "path_termination": "FC", "recommanded_navaid": null, "recommanded_navaid_latitude": null, "recommanded_navaid_longitude": null, "arc_radius": null, "theta": null, "rho": null, "magnetic_course": 176.0, "route_distance_holding_distance_time": 6.0, "distance_time": "D", "altitude_description": "+", "altitude1": 1600.0, "altitude2": null, "transition_altitude": null, "speed_limit_description": null, "speed_limit": null, "vertical_angle": null, "center_waypoint": null, "center_waypoint_latitude": null, "center_waypoint_longitude": null, "aircraft_category": null}, "geometry": {"type": "MultiPoint", "coordinates": []}}, {"type": "Feature", "properties": {"fid": 1061, "area_code": "PAC", "airport_identifier": "VYMN", "procedure_identifier": "N34", "route_type": "A", "transition_identifier": "MN", "seqno": 30, "waypoint_icao_code": "VY", "waypoint_identifier": "FF34", "waypoint_latitude": 18.76670278, "waypoint_longitude": 93.72066667, "waypoint_description_code": "E", "turn_direction": "L", "rnp": null, "path_termination": "CF", "recommanded_navaid": null, "recommanded_navaid_latitude": null, "recommanded_navaid_longitude": null, "arc_radius": null, "theta": null, "rho": null, "magnetic_course": 338.0, "route_distance_holding_distance_time": 1.0, "distance_time": "D", "altitude_description": "+", "altitude1": 1600.0, "altitude2": null, "transition_altitude": null, "speed_limit_description": null, "speed_limit": null, "vertical_angle": null, "center_waypoint": null, "center_waypoint_latitude": null, "center_waypoint_longitude": null, "aircraft_category": null}, "geometry": {"type": "MultiPoint", "coordinates": [[93.72066667, 18.76670278]]}}, {"type": "Feature", "properties": {"fid": 1063, "area_code": "PAC", "airport_identifier": "VYMN", "procedure_identifier": "N34", "route_type": "N", "transition_identifier": null, "seqno": 20, "waypoint_icao_code": "VY", "waypoint_identifier": "FF34", "waypoint_latitude": 18.76670278, "waypoint_longitude": 93.72066667, "waypoint_description_code": "E  F", "turn_direction": null, "rnp": null, "path_termination": "IF", "recommanded_navaid": null, "recommanded_navaid_latitude": null, "recommanded_navaid_longitude": null, "arc_radius": null, "theta": null, "rho": null, "magnetic_course": null, "route_distance_holding_distance_time": null, "distance_time": null, "altitude_description": "+", "altitude1": 1600.0, "altitude2": null, "transition_altitude": null, "speed_limit_description": null, "speed_limit": null, "vertical_angle": null, "center_waypoint": null, "center_waypoint_latitude": null, "center_waypoint_longitude": null, "aircraft_category": null}, "geometry": {"type": "MultiPoint", "coordinates": [[93.72066667, 18.76670278]]}}, {"type": "Feature", "properties": {"fid": 1064, "area_code": "PAC", "airport_identifier": "VYMN", "procedure_identifier": "N34", "route_type": "N", "transition_identifier": null, "seqno": 30, "waypoint_icao_code": "VY", "waypoint_identifier": "RW34", "waypoint_latitude": 18.83886389, "waypoint_longitude": 93.68670833, "waypoint_description_code": "G  M", "turn_direction": null, "rnp": null, "path_termination": "CF", "recommanded_navaid": null, "recommanded_navaid_latitude": null, "recommanded_navaid_longitude": null, "arc_radius": null, "theta": null, "rho": null, "magnetic_course": 338.0, "route_distance_holding_distance_time": 4.7, "distance_time": "D", "altitude_description": "@", "altitude1": 95.0, "altitude2": null, "transition_altitude": null, "speed_limit_description": null, "speed_limit": null, "vertical_angle": -3.0, "center_waypoint": null, "center_waypoint_latitude": null, "center_waypoint_longitude": null, "aircraft_category": null}, "geometry": {"type": "MultiPoint", "coordinates": [[93.68670833, 18.83886389]]}}, {"type": "Feature", "properties": {"fid": 1066, "area_code": "PAC", "airport_identifier": "VYMN", "procedure_identifier": "N34", "route_type": "N", "transition_identifier": null, "seqno": 40, "waypoint_icao_code": "VY", "waypoint_identifier": "MN", "waypoint_latitude": 18.84465556, "waypoint_longitude": 93.68593333, "waypoint_description_code": "EY", "turn_direction": null, "rnp": null, "path_termination": "CF", "recommanded_navaid": null, "recommanded_navaid_latitude": null, "recommanded_navaid_longitude": null, "arc_radius": null, "theta": null, "rho": null, "magnetic_course": 338.0, "route_distance_holding_distance_time": 0.4, "distance_time": "D", "altitude_description": null, "altitude1": null, "altitude2": null, "transition_altitude": null, "speed_limit_description": null, "speed_limit": null, "vertical_angle": null, "center_waypoint": null, "center_waypoint_latitude": null, "center_waypoint_longitude": null, "aircraft_category": null}, "geometry": {"type": "MultiPoint", "coordinates": [[93.68593333, 18.84465556]]}}, {"type": "Feature", "properties": {"fid": 1067, "area_code": "PAC", "airport_identifier": "VYMN", "procedure_identifier": "N34", "route_type": "N", "transition_identifier": null, "seqno": 50, "waypoint_icao_code": null, "waypoint_identifier": null, "waypoint_latitude": null, "waypoint_longitude": null, "waypoint_description_code": null, "turn_direction": null, "rnp": null, "path_termination": "VA", "recommanded_navaid": null, "recommanded_navaid_latitude": null, "recommanded_navaid_longitude": null, "arc_radius": null, "theta": null, "rho": null, "magnetic_course": 338.0, "route_distance_holding_distance_time": null, "distance_time": null, "altitude_description": "+", "altitude1": 1500.0, "altitude2": null, "transition_altitude": null, "speed_limit_description": null, "speed_limit": null, "vertical_angle": null, "center_waypoint": null, "center_waypoint_latitude": null, "center_waypoint_longitude": null, "aircraft_category": null}, "geometry": {"type": "MultiPoint", "coordinates": []}}, {"type": "Feature", "properties": {"fid": 1068, "area_code": "PAC", "airport_identifier": "VYMN", "procedure_identifier": "N34", "route_type": "N", "transition_identifier": null, "seqno": 60, "waypoint_icao_code": "VY", "waypoint_identifier": "MN", "waypoint_latitude": 18.84465556, "waypoint_longitude": 93.68593333, "waypoint_description_code": "E", "turn_direction": "R", "rnp": null, "path_termination": "DF", "recommanded_navaid": null, "recommanded_navaid_latitude": null, "recommanded_navaid_longitude": null, "arc_radius": null, "theta": null, "rho": null, "magnetic_course": null, "route_distance_holding_distance_time": null, "distance_time": null, "altitude_description": "@", "altitude1": 3000.0, "altitude2": null, "transition_altitude": null, "speed_limit_description": null, "speed_limit": null, "vertical_angle": null, "center_waypoint": null, "center_waypoint_latitude": null, "center_waypoint_longitude": null, "aircraft_category": null}, "geometry": {"type": "MultiPoint", "coordinates": [[93.68593333, 18.84465556]]}}, {"type": "Feature", "properties": {"fid": 1069, "area_code": "PAC", "airport_identifier": "VYMN", "procedure_identifier": "N34", "route_type": "N", "transition_identifier": null, "seqno": 70, "waypoint_icao_code": "VY", "waypoint_identifier": "MN", "waypoint_latitude": 18.84465556, "waypoint_longitude": 93.68593333, "waypoint_description_code": "E  H", "turn_direction": "R", "rnp": null, "path_termination": "HM", "recommanded_navaid": null, "recommanded_navaid_latitude": null, "recommanded_navaid_longitude": null, "arc_radius": null, "theta": null, "rho": null, "magnetic_course": 176.0, "route_distance_holding_distance_time": 1.0, "distance_time": "T", "altitude_description": "+", "altitude1": 3000.0, "altitude2": null, "transition_altitude": null, "speed_limit_description": null, "speed_limit": null, "vertical_angle": null, "center_waypoint": null, "center_waypoint_latitude": null, "center_waypoint_longitude": null, "aircraft_category": null}, "geometry": {"type": "MultiPoint", "coordinates": [[93.68593333, 18.84465556]]}}, {"type": "Feature", "properties": {"fid": 1071, "area_code": "PAC", "airport_identifier": "VYTD", "procedure_identifier": "D02", "route_type": "A", "transition_identifier": "TDE1", "seqno": 10, "waypoint_icao_code": "VY", "waypoint_identifier": "TDE", "waypoint_latitude": 18.45671389, "waypoint_longitude": 94.29576389, "waypoint_description_code": "E  A", "turn_direction": null, "rnp": null, "path_termination": "IF", "recommanded_navaid": null, "recommanded_navaid_latitude": null, "recommanded_navaid_longitude": null, "arc_radius": null, "theta": null, "rho": null, "magnetic_course": null, "route_distance_holding_distance_time": null, "distance_time": null, "altitude_description": "+", "altitude1": 4000.0, "altitude2": null, "transition_altitude": null, "speed_limit_description": null, "speed_limit": null, "vertical_angle": null, "center_waypoint": null, "center_waypoint_latitude": null, "center_waypoint_longitude": null, "aircraft_category": null}, "geometry": {"type": "MultiPoint", "coordinates": [[94.29576389, 18.45671389]]}}, {"type": "Feature", "properties": {"fid": 1072, "area_code": "PAC", "airport_identifier": "VYTD", "procedure_identifier": "D02", "route_type": "A", "transition_identifier": "TDE1", "seqno": 20, "waypoint_icao_code": null, "waypoint_identifier": null, "waypoint_latitude": null, "waypoint_longitude": null, "waypoint_description_code": null, "turn_direction": null, "rnp": null, "path_termination": "FC", "recommanded_navaid": null, "recommanded_navaid_latitude": null, "recommanded_navaid_longitude": null, "arc_radius": null, "theta": null, "rho": null, "magnetic_course": 226.0, "route_distance_holding_distance_time": 7.2, "distance_time": "D", "altitude_description": "+", "altitude1": 2300.0, "altitude2": null, "transition_altitude": null, "speed_limit_description": null, "speed_limit": null, "vertical_angle": null, "center_waypoint": null, "center_waypoint_latitude": null, "center_waypoint_longitude": null, "aircraft_category": null}, "geometry": {"type": "MultiPoint", "coordinates": []}}, {"type": "Feature", "properties": {"fid": 1073, "area_code": "PAC", "airport_identifier": "VYTD", "procedure_identifier": "D02", "route_type": "A", "transition_identifier": "TDE1", "seqno": 30, "waypoint_icao_code": "VY", "waypoint_identifier": "FF02", "waypoint_latitude": 18.34090278, "waypoint_longitude": 94.26098889, "waypoint_description_code": "E", "turn_direction": "L", "rnp": null, "path_termination": "CF", "recommanded_navaid": null, "recommanded_navaid_latitude": null, "recommanded_navaid_longitude": null, "arc_radius": null, "theta": null, "rho": null, "magnetic_course": 17.0, "route_distance_holding_distance_time": 1.0, "distance_time": "D", "altitude_description": "+", "altitude1": 2300.0, "altitude2": null, "transition_altitude": null, "speed_limit_description": null, "speed_limit": null, "vertical_angle": null, "center_waypoint": null, "center_waypoint_latitude": null, "center_waypoint_longitude": null, "aircraft_category": null}, "geometry": {"type": "MultiPoint", "coordinates": [[94.26098889, 18.34090278]]}}, {"type": "Feature", "properties": {"fid": 1075, "area_code": "PAC", "airport_identifier": "VYTD", "procedure_identifier": "D02", "route_type": "A", "transition_identifier": "TDE2", "seqno": 10, "waypoint_icao_code": "VY", "waypoint_identifier": "TDE", "waypoint_latitude": 18.45671389, "waypoint_longitude": 94.29576389, "waypoint_description_code": "E  A", "turn_direction": null, "rnp": null, "path_termination": "IF", "recommanded_navaid": null, "recommanded_navaid_latitude": null, "recommanded_navaid_longitude": null, "arc_radius": null, "theta": null, "rho": null, "magnetic_course": null, "route_distance_holding_distance_time": null, "distance_time": null, "altitude_description": "+", "altitude1": 4000.0, "altitude2": null, "transition_altitude": null, "speed_limit_description": null, "speed_limit": null, "vertical_angle": null, "center_waypoint": null, "center_waypoint_latitude": null, "center_waypoint_longitude": null, "aircraft_category": null}, "geometry": {"type": "MultiPoint", "coordinates": [[94.29576389, 18.45671389]]}}, {"type": "Feature", "properties": {"fid": 1076, "area_code": "PAC", "airport_identifier": "VYTD", "procedure_identifier": "D02", "route_type": "A", "transition_identifier": "TDE2", "seqno": 20, "waypoint_icao_code": null, "waypoint_identifier": null, "waypoint_latitude": null, "waypoint_longitude": null, "waypoint_description_code": null, "turn_direction": null, "rnp": null, "path_termination": "FC", "recommanded_navaid": null, "recommanded_navaid_latitude": null, "recommanded_navaid_longitude": null, "arc_radius": null, "theta": null, "rho": null, "magnetic_course": 209.0, "route_distance_holding_distance_time": 7.2, "distance_time": "D", "altitude_description": "+", "altitude1": 2300.0, "altitude2": null, "transition_altitude": null, "speed_limit_description": null, "speed_limit": null, "vertical_angle": null, "center_waypoint": null, "center_waypoint_latitude": null, "center_waypoint_longitude": null, "aircraft_category": null}, "geometry": {"type": "MultiPoint", "coordinates": []}}, {"type": "Feature", "properties": {"fid": 1077, "area_code": "PAC", "airport_identifier": "VYTD", "procedure_identifier": "D02", "route_type": "A", "transition_identifier": "TDE2", "seqno": 30, "waypoint_icao_code": "VY", "waypoint_identifier": "FF02", "waypoint_latitude": 18.34090278, "waypoint_longitude": 94.26098889, "waypoint_description_code": "E", "turn_direction": "L", "rnp": null, "path_termination": "CF", "recommanded_navaid": null, "recommanded_navaid_latitude": null, "recommanded_navaid_longitude": null, "arc_radius": null, "theta": null, "rho": null, "magnetic_course": 17.0, "route_distance_holding_distance_time": 1.0, "distance_time": "D", "altitude_description": "+", "altitude1": 2300.0, "altitude2": null, "transition_altitude": null, "speed_limit_description": null, "speed_limit": null, "vertical_angle": null, "center_waypoint": null, "center_waypoint_latitude": null, "center_waypoint_longitude": null, "aircraft_category": null}, "geometry": {"type": "MultiPoint", "coordinates": [[94.26098889, 18.34090278]]}}, {"type": "Feature", "properties": {"fid": 1079, "area_code": "PAC", "airport_identifier": "VYTD", "procedure_identifier": "D02", "route_type": "D", "transition_identifier": null, "seqno": 20, "waypoint_icao_code": "VY", "waypoint_identifier": "FF02", "waypoint_latitude": 18.34090278, "waypoint_longitude": 94.26098889, "waypoint_description_code": "E  F", "turn_direction": null, "rnp": null, "path_termination": "IF", "recommanded_navaid": null, "recommanded_navaid_latitude": null, "recommanded_navaid_longitude": null, "arc_radius": null, "theta": null, "rho": null, "magnetic_course": null, "route_distance_holding_distance_time": null, "distance_time": null, "altitude_description": "+", "altitude1": 2300.0, "altitude2": null, "transition_altitude": null, "speed_limit_description": null, "speed_limit": null, "vertical_angle": null, "center_waypoint": null, "center_waypoint_latitude": null, "center_waypoint_longitude": null, "aircraft_category": null}, "geometry": {"type": "MultiPoint", "coordinates": [[94.26098889, 18.34090278]]}}, {"type": "Feature", "properties": {"fid": 1080, "area_code": "PAC", "airport_identifier": "VYTD", "procedure_identifier": "D02", "route_type": "D", "transition_identifier": null, "seqno": 30, "waypoint_icao_code": "VY", "waypoint_identifier": "TDE", "waypoint_latitude": 18.45671389, "waypoint_longitude": 94.29576389, "waypoint_description_code": "E  M", "turn_direction": null, "rnp": null, "path_termination": "CF", "recommanded_navaid": null, "recommanded_navaid_latitude": null, "recommanded_navaid_longitude": null, "arc_radius": null, "theta": null, "rho": null, "magnetic_course": 17.0, "route_distance_holding_distance_time": 7.2, "distance_time": "D", "altitude_description": "@", "altitude1": 17.0, "altitude2": null, "transition_altitude": null, "speed_limit_description": null, "speed_limit": null, "vertical_angle": -3.0, "center_waypoint": null, "center_waypoint_latitude": null, "center_waypoint_longitude": null, "aircraft_category": null}, "geometry": {"type": "MultiPoint", "coordinates": [[94.29576389, 18.45671389]]}}, {"type": "Feature", "properties": {"fid": 1082, "area_code": "PAC", "airport_identifier": "VYTD", "procedure_identifier": "D02", "route_type": "D", "transition_identifier": null, "seqno": 40, "waypoint_icao_code": null, "waypoint_identifier": null, "waypoint_latitude": null, "waypoint_longitude": null, "waypoint_description_code": null, "turn_direction": null, "rnp": null, "path_termination": "CA", "recommanded_navaid": null, "recommanded_navaid_latitude": null, "recommanded_navaid_longitude": null, "arc_radius": null, "theta": null, "rho": null, "magnetic_course": 360.0, "route_distance_holding_distance_time": null, "distance_time": null, "altitude_description": "+", "altitude1": 2000.0, "altitude2": null, "transition_altitude": null, "speed_limit_description": null, "speed_limit": null, "vertical_angle": null, "center_waypoint": null, "center_waypoint_latitude": null, "center_waypoint_longitude": null, "aircraft_category": null}, "geometry": {"type": "MultiPoint", "coordinates": []}}, {"type": "Feature", "properties": {"fid": 1083, "area_code": "PAC", "airport_identifier": "VYTD", "procedure_identifier": "D02", "route_type": "D", "transition_identifier": null, "seqno": 50, "waypoint_icao_code": "VY", "waypoint_identifier": "TDE", "waypoint_latitude": 18.45671389, "waypoint_longitude": 94.29576389, "waypoint_description_code": "E", "turn_direction": "L", "rnp": null, "path_termination": "DF", "recommanded_navaid": null, "recommanded_navaid_latitude": null, "recommanded_navaid_longitude": null, "arc_radius": null, "theta": null, "rho": null, "magnetic_course": null, "route_distance_holding_distance_time": null, "distance_time": null, "altitude_description": "@", "altitude1": 4000.0, "altitude2": null, "transition_altitude": null, "speed_limit_description": null, "speed_limit": null, "vertical_angle": null, "center_waypoint": null, "center_waypoint_latitude": null, "center_waypoint_longitude": null, "aircraft_category": null}, "geometry": {"type": "MultiPoint", "coordinates": [[94.29576389, 18.45671389]]}}, {"type": "Feature", "properties": {"fid": 1084, "area_code": "PAC", "airport_identifier": "VYTD", "procedure_identifier": "D02", "route_type": "D", "transition_identifier": null, "seqno": 60, "waypoint_icao_code": "VY", "waypoint_identifier": "TDE", "waypoint_latitude": 18.45671389, "waypoint_longitude": 94.29576389, "waypoint_description_code": "E  H", "turn_direction": "R", "rnp": null, "path_termination": "HM", "recommanded_navaid": null, "recommanded_navaid_latitude": null, "recommanded_navaid_longitude": null, "arc_radius": null, "theta": null, "rho": null, "magnetic_course": 226.0, "route_distance_holding_distance_time": 1.0, "distance_time": "T", "altitude_description": "+", "altitude1": 4000.0, "altitude2": null, "transition_altitude": null, "speed_limit_description": null, "speed_limit": null, "vertical_angle": null, "center_waypoint": null, "center_waypoint_latitude": null, "center_waypoint_longitude": null, "aircraft_category": null}, "geometry": {"type": "MultiPoint", "coordinates": [[94.29576389, 18.45671389]]}}, {"type": "Feature", "properties": {"fid": 1086, "area_code": "PAC", "airport_identifier": "VYMD", "procedure_identifier": "R17", "route_type": "A", "transition_identifier": "MDN02", "seqno": 10, "waypoint_icao_code": "VY", "waypoint_identifier": "MDN02", "waypoint_latitude": 21.96552778, "waypoint_longitude": 95.92802778, "waypoint_description_code": "E  A", "turn_direction": null, "rnp": 1.0, "path_termination": "IF", "recommanded_navaid": null, "recommanded_navaid_latitude": null, "recommanded_navaid_longitude": null, "arc_radius": null, "theta": null, "rho": null, "magnetic_course": null, "route_distance_holding_distance_time": null, "distance_time": null, "altitude_description": null, "altitude1": null, "altitude2": null, "transition_altitude": null, "speed_limit_description": "-", "speed_limit": 230.0, "vertical_angle": null, "center_waypoint": null, "center_waypoint_latitude": null, "center_waypoint_longitude": null, "aircraft_category": null}, "geometry": {"type": "MultiPoint", "coordinates": [[95.92802778, 21.96552778]]}}, {"type": "Feature", "properties": {"fid": 1087, "area_code": "PAC", "airport_identifier": "VYMD", "procedure_identifier": "R17", "route_type": "A", "transition_identifier": "MDN02", "seqno": 20, "waypoint_icao_code": "VY", "waypoint_identifier": "MDN05", "waypoint_latitude": 21.88344444, "waypoint_longitude": 95.94513889, "waypoint_description_code": "E", "turn_direction": null, "rnp": 1.0, "path_termination": "TF", "recommanded_navaid": null, "recommanded_navaid_latitude": null, "recommanded_navaid_longitude": null, "arc_radius": null, "theta": null, "rho": null, "magnetic_course": null, "route_distance_holding_distance_time": null, "distance_time": null, "altitude_description": "+", "altitude1": 2800.0, "altitude2": null, "transition_altitude": null, "speed_limit_description": "-", "speed_limit": 200.0, "vertical_angle": null, "center_waypoint": null, "center_waypoint_latitude": null, "center_waypoint_longitude": null, "aircraft_category": null}, "geometry": {"type": "MultiPoint", "coordinates": [[95.94513889, 21.88344444]]}}, {"type": "Feature", "properties": {"fid": 1089, "area_code": "PAC", "airport_identifier": "VYMD", "procedure_identifier": "R17", "route_type": "A", "transition_identifier": "MDN03", "seqno": 10, "waypoint_icao_code": "VY", "waypoint_identifier": "MDN03", "waypoint_latitude": 21.86702778, "waypoint_longitude": 95.85488889, "waypoint_description_code": "E  A", "turn_direction": null, "rnp": 1.0, "path_termination": "IF", "recommanded_navaid": null, "recommanded_navaid_latitude": null, "recommanded_navaid_longitude": null, "arc_radius": null, "theta": null, "rho": null, "magnetic_course": null, "route_distance_holding_distance_time": null, "distance_time": null, "altitude_description": null, "altitude1": null, "altitude2": null, "transition_altitude": null, "speed_limit_description": "-", "speed_limit": 230.0, "vertical_angle": null, "center_waypoint": null, "center_waypoint_latitude": null, "center_waypoint_longitude": null, "aircraft_category": null}, "geometry": {"type": "MultiPoint", "coordinates": [[95.85488889, 21.86702778]]}}, {"type": "Feature", "properties": {"fid": 1090, "area_code": "PAC", "airport_identifier": "VYMD", "procedure_identifier": "R17", "route_type": "A", "transition_identifier": "MDN03", "seqno": 20, "waypoint_icao_code": "VY", "waypoint_identifier": "MDN05", "waypoint_latitude": 21.88344444, "waypoint_longitude": 95.94513889, "waypoint_description_code": "E", "turn_direction": null, "rnp": 1.0, "path_termination": "TF", "recommanded_navaid": null, "recommanded_navaid_latitude": null, "recommanded_navaid_longitude": null, "arc_radius": null, "theta": null, "rho": null, "magnetic_course": null, "route_distance_holding_distance_time": null, "distance_time": null, "altitude_description": "+", "altitude1": 2800.0, "altitude2": null, "transition_altitude": null, "speed_limit_description": "-", "speed_limit": 200.0, "vertical_angle": null, "center_waypoint": null, "center_waypoint_latitude": null, "center_waypoint_longitude": null, "aircraft_category": null}, "geometry": {"type": "MultiPoint", "coordinates": [[95.94513889, 21.88344444]]}}, {"type": "Feature", "properties": {"fid": 1092, "area_code": "PAC", "airport_identifier": "VYMD", "procedure_identifier": "R17", "route_type": "A", "transition_identifier": "THADU", "seqno": 10, "waypoint_icao_code": "VY", "waypoint_identifier": "THADU", "waypoint_latitude": 21.93427778, "waypoint_longitude": 96.12975, "waypoint_description_code": "E  A", "turn_direction": null, "rnp": 1.0, "path_termination": "IF", "recommanded_navaid": null, "recommanded_navaid_latitude": null, "recommanded_navaid_longitude": null, "arc_radius": null, "theta": null, "rho": null, "magnetic_course": null, "route_distance_holding_distance_time": null, "distance_time": null, "altitude_description": "+", "altitude1": 6000.0, "altitude2": null, "transition_altitude": null, "speed_limit_description": "-", "speed_limit": 230.0, "vertical_angle": null, "center_waypoint": null, "center_waypoint_latitude": null, "center_waypoint_longitude": null, "aircraft_category": null}, "geometry": {"type": "MultiPoint", "coordinates": [[96.12975, 21.93427778]]}}, {"type": "Feature", "properties": {"fid": 1093, "area_code": "PAC", "airport_identifier": "VYMD", "procedure_identifier": "R17", "route_type": "A", "transition_identifier": "THADU", "seqno": 20, "waypoint_icao_code": "VY", "waypoint_identifier": "MDN01", "waypoint_latitude": 21.90777778, "waypoint_longitude": 96.03327778, "waypoint_description_code": "E", "turn_direction": null, "rnp": 1.0, "path_termination": "TF", "recommanded_navaid": null, "recommanded_navaid_latitude": null, "recommanded_navaid_longitude": null, "arc_radius": null, "theta": null, "rho": null, "magnetic_course": null, "route_distance_holding_distance_time": null, "distance_time": null, "altitude_description": "+", "altitude1": 4200.0, "altitude2": null, "transition_altitude": null, "speed_limit_description": "-", "speed_limit": 230.0, "vertical_angle": null, "center_waypoint": null, "center_waypoint_latitude": null, "center_waypoint_longitude": null, "aircraft_category": null}, "geometry": {"type": "MultiPoint", "coordinates": [[96.03327778, 21.90777778]]}}, {"type": "Feature", "properties": {"fid": 1094, "area_code": "PAC", "airport_identifier": "VYMD", "procedure_identifier": "R17", "route_type": "A", "transition_identifier": "THADU", "seqno": 30, "waypoint_icao_code": "VY", "waypoint_identifier": "MDN05", "waypoint_latitude": 21.88344444, "waypoint_longitude": 95.94513889, "waypoint_description_code": "E", "turn_direction": null, "rnp": 1.0, "path_termination": "TF", "recommanded_navaid": null, "recommanded_navaid_latitude": null, "recommanded_navaid_longitude": null, "arc_radius": null, "theta": null, "rho": null, "magnetic_course": null, "route_distance_holding_distance_time": null, "distance_time": null, "altitude_description": "+", "altitude1": 2800.0, "altitude2": null, "transition_altitude": null, "speed_limit_description": "-", "speed_limit": 200.0, "vertical_angle": null, "center_waypoint": null, "center_waypoint_latitude": null, "center_waypoint_longitude": null, "aircraft_category": null}, "geometry": {"type": "MultiPoint", "coordinates": [[95.94513889, 21.88344444]]}}, {"type": "Feature", "properties": {"fid": 1096, "area_code": "PAC", "airport_identifier": "VYMD", "procedure_identifier": "R17", "route_type": "R", "transition_identifier": null, "seqno": 10, "waypoint_icao_code": "VY", "waypoint_identifier": "MDN05", "waypoint_latitude": 21.88344444, "waypoint_longitude": 95.94513889, "waypoint_description_code": "E  I", "turn_direction": null, "rnp": null, "path_termination": "IF", "recommanded_navaid": null, "recommanded_navaid_latitude": null, "recommanded_navaid_longitude": null, "arc_radius": null, "theta": null, "rho": null, "magnetic_course": null, "route_distance_holding_distance_time": null, "distance_time": null, "altitude_description": "+", "altitude1": 2800.0, "altitude2": null, "transition_altitude": null, "speed_limit_description": "-", "speed_limit": 200.0, "vertical_angle": null, "center_waypoint": null, "center_waypoint_latitude": null, "center_waypoint_longitude": null, "aircraft_category": null}, "geometry": {"type": "MultiPoint", "coordinates": [[95.94513889, 21.88344444]]}}, {"type": "Feature", "properties": {"fid": 1097, "area_code": "PAC", "airport_identifier": "VYMD", "procedure_identifier": "R17", "route_type": "R", "transition_identifier": null, "seqno": 20, "waypoint_icao_code": "VY", "waypoint_identifier": "MDN04", "waypoint_latitude": 21.80622222, "waypoint_longitude": 95.95883333, "waypoint_description_code": "E  F", "turn_direction": null, "rnp": null, "path_termination": "TF", "recommanded_navaid": null, "recommanded_navaid_latitude": null, "recommanded_navaid_longitude": null, "arc_radius": null, "theta": null, "rho": null, "magnetic_course": 171.0, "route_distance_holding_distance_time": 4.7, "distance_time": "D", "altitude_description": "@", "altitude1": 2000.0, "altitude2": null, "transition_altitude": null, "speed_limit_description": null, "speed_limit": null, "vertical_angle": null, "center_waypoint": null, "center_waypoint_latitude": null, "center_waypoint_longitude": null, "aircraft_category": null}, "geometry": {"type": "MultiPoint", "coordinates": [[95.95883333, 21.80622222]]}}, {"type": "Feature", "properties": {"fid": 1098, "area_code": "PAC", "airport_identifier": "VYMD", "procedure_identifier": "R17", "route_type": "R", "transition_identifier": null, "seqno": 30, "waypoint_icao_code": "VY", "waypoint_identifier": "RW17", "waypoint_latitude": 21.72005833, "waypoint_longitude": 95.97401111, "waypoint_description_code": "GY M", "turn_direction": null, "rnp": null, "path_termination": "TF", "recommanded_navaid": null, "recommanded_navaid_latitude": null, "recommanded_navaid_longitude": null, "arc_radius": null, "theta": null, "rho": null, "magnetic_course": 171.0, "route_distance_holding_distance_time": 5.2, "distance_time": "D", "altitude_description": "@", "altitude1": 336.0, "altitude2": null, "transition_altitude": null, "speed_limit_description": null, "speed_limit": null, "vertical_angle": -3.0, "center_waypoint": null, "center_waypoint_latitude": null, "center_waypoint_longitude": null, "aircraft_category": null}, "geometry": {"type": "MultiPoint", "coordinates": [[95.97401111, 21.72005833]]}}, {"type": "Feature", "properties": {"fid": 1100, "area_code": "PAC", "airport_identifier": "VYMD", "procedure_identifier": "R17", "route_type": "R", "transition_identifier": null, "seqno": 40, "waypoint_icao_code": "VY", "waypoint_identifier": "MDS07", "waypoint_latitude": 21.63755556, "waypoint_longitude": 95.98872222, "waypoint_description_code": "E", "turn_direction": null, "rnp": 1.0, "path_termination": "CF", "recommanded_navaid": null, "recommanded_navaid_latitude": null, "recommanded_navaid_longitude": null, "arc_radius": null, "theta": null, "rho": null, "magnetic_course": 171.0, "route_distance_holding_distance_time": 5.0, "distance_time": "D", "altitude_description": "+", "altitude1": 1400.0, "altitude2": null, "transition_altitude": null, "speed_limit_description": null, "speed_limit": null, "vertical_angle": null, "center_waypoint": null, "center_waypoint_latitude": null, "center_waypoint_longitude": null, "aircraft_category": null}, "geometry": {"type": "MultiPoint", "coordinates": [[95.98872222, 21.63755556]]}}, {"type": "Feature", "properties": {"fid": 1101, "area_code": "PAC", "airport_identifier": "VYMD", "procedure_identifier": "R17", "route_type": "R", "transition_identifier": null, "seqno": 50, "waypoint_icao_code": "VY", "waypoint_identifier": "MDS08", "waypoint_latitude": 21.60555556, "waypoint_longitude": 95.81313889, "waypoint_description_code": "E", "turn_direction": null, "rnp": 1.0, "path_termination": "TF", "recommanded_navaid": null, "recommanded_navaid_latitude": null, "recommanded_navaid_longitude": null, "arc_radius": null, "theta": null, "rho": null, "magnetic_course": null, "route_distance_holding_distance_time": null, "distance_time": null, "altitude_description": "+", "altitude1": 2900.0, "altitude2": null, "transition_altitude": null, "speed_limit_description": "-", "speed_limit": 210.0, "vertical_angle": null, "center_waypoint": null, "center_waypoint_latitude": null, "center_waypoint_longitude": null, "aircraft_category": null}, "geometry": {"type": "MultiPoint", "coordinates": [[95.81313889, 21.60555556]]}}, {"type": "Feature", "properties": {"fid": 1102, "area_code": "PAC", "airport_identifier": "VYMD", "procedure_identifier": "R17", "route_type": "R", "transition_identifier": null, "seqno": 60, "waypoint_icao_code": "VY", "waypoint_identifier": "MDS09", "waypoint_latitude": 21.71063889, "waypoint_longitude": 95.79127778, "waypoint_description_code": "EY", "turn_direction": null, "rnp": 1.0, "path_termination": "TF", "recommanded_navaid": null, "recommanded_navaid_latitude": null, "recommanded_navaid_longitude": null, "arc_radius": null, "theta": null, "rho": null, "magnetic_course": null, "route_distance_holding_distance_time": null, "distance_time": null, "altitude_description": "+", "altitude1": 3000.0, "altitude2": null, "transition_altitude": null, "speed_limit_description": "-", "speed_limit": 230.0, "vertical_angle": null, "center_waypoint": null, "center_waypoint_latitude": null, "center_waypoint_longitude": null, "aircraft_category": null}, "geometry": {"type": "MultiPoint", "coordinates": [[95.79127778, 21.71063889]]}}, {"type": "Feature", "properties": {"fid": 1103, "area_code": "PAC", "airport_identifier": "VYMD", "procedure_identifier": "R17", "route_type": "R", "transition_identifier": null, "seqno": 70, "waypoint_icao_code": "VY", "waypoint_identifier": "MDS09", "waypoint_latitude": 21.71063889, "waypoint_longitude": 95.79127778, "waypoint_description_code": "E  H", "turn_direction": "R", "rnp": null, "path_termination": "HM", "recommanded_navaid": null, "recommanded_navaid_latitude": null, "recommanded_navaid_longitude": null, "arc_radius": null, "theta": null, "rho": null, "magnetic_course": 50.0, "route_distance_holding_distance_time": 1.0, "distance_time": "T", "altitude_description": "+", "altitude1": 3000.0, "altitude2": null, "transition_altitude": null, "speed_limit_description": "-", "speed_limit": 230.0, "vertical_angle": null, "center_waypoint": null, "center_waypoint_latitude": null, "center_waypoint_longitude": null, "aircraft_category": null}, "geometry": {"type": "MultiPoint", "coordinates": [[95.79127778, 21.71063889]]}}, {"type": "Feature", "properties": {"fid": 1105, "area_code": "PAC", "airport_identifier": "VYMD", "procedure_identifier": "D35", "route_type": "A", "transition_identifier": "MIA1", "seqno": 10, "waypoint_icao_code": "VY", "waypoint_identifier": "MIA", "waypoint_latitude": 21.71147222, "waypoint_longitude": 95.97901389, "waypoint_description_code": "E  A", "turn_direction": null, "rnp": null, "path_termination": "IF", "recommanded_navaid": null, "recommanded_navaid_latitude": null, "recommanded_navaid_longitude": null, "arc_radius": null, "theta": null, "rho": null, "magnetic_course": null, "route_distance_holding_distance_time": null, "distance_time": null, "altitude_description": "+", "altitude1": 3000.0, "altitude2": null, "transition_altitude": null, "speed_limit_description": null, "speed_limit": null, "vertical_angle": null, "center_waypoint": null, "center_waypoint_latitude": null, "center_waypoint_longitude": null, "aircraft_category": null}, "geometry": {"type": "MultiPoint", "coordinates": [[95.97901389, 21.71147222]]}}, {"type": "Feature", "properties": {"fid": 1106, "area_code": "PAC", "airport_identifier": "VYMD", "procedure_identifier": "D35", "route_type": "A", "transition_identifier": "MIA1", "seqno": 20, "waypoint_icao_code": null, "waypoint_identifier": null, "waypoint_latitude": null, "waypoint_longitude": null, "waypoint_description_code": null, "turn_direction": null, "rnp": null, "path_termination": "FC", "recommanded_navaid": null, "recommanded_navaid_latitude": null, "recommanded_navaid_longitude": null, "arc_radius": null, "theta": null, "rho": null, "magnetic_course": 203.0, "route_distance_holding_distance_time": 7.6, "distance_time": "D", "altitude_description": "+", "altitude1": 2200.0, "altitude2": null, "transition_altitude": null, "speed_limit_description": null, "speed_limit": null, "vertical_angle": null, "center_waypoint": null, "center_waypoint_latitude": null, "center_waypoint_longitude": null, "aircraft_category": null}, "geometry": {"type": "MultiPoint", "coordinates": []}}, {"type": "Feature", "properties": {"fid": 1107, "area_code": "PAC", "airport_identifier": "VYMD", "procedure_identifier": "D35", "route_type": "A", "transition_identifier": "MIA1", "seqno": 30, "waypoint_icao_code": "VY", "waypoint_identifier": "FF35", "waypoint_latitude": 21.58558889, "waypoint_longitude": 95.99792778, "waypoint_description_code": "E", "turn_direction": "L", "rnp": null, "path_termination": "CF", "recommanded_navaid": null, "recommanded_navaid_latitude": null, "recommanded_navaid_longitude": null, "arc_radius": null, "theta": null, "rho": null, "magnetic_course": 353.0, "route_distance_holding_distance_time": 1.0, "distance_time": "D", "altitude_description": "+", "altitude1": 2200.0, "altitude2": null, "transition_altitude": null, "speed_limit_description": null, "speed_limit": null, "vertical_angle": null, "center_waypoint": null, "center_waypoint_latitude": null, "center_waypoint_longitude": null, "aircraft_category": null}, "geometry": {"type": "MultiPoint", "coordinates": [[95.99792778, 21.58558889]]}}, {"type": "Feature", "properties": {"fid": 1109, "area_code": "PAC", "airport_identifier": "VYMD", "procedure_identifier": "D35", "route_type": "A", "transition_identifier": "MIA2", "seqno": 10, "waypoint_icao_code": "VY", "waypoint_identifier": "MIA", "waypoint_latitude": 21.71147222, "waypoint_longitude": 95.97901389, "waypoint_description_code": "E  A", "turn_direction": null, "rnp": null, "path_termination": "IF", "recommanded_navaid": null, "recommanded_navaid_latitude": null, "recommanded_navaid_longitude": null, "arc_radius": null, "theta": null, "rho": null, "magnetic_course": null, "route_distance_holding_distance_time": null, "distance_time": null, "altitude_description": "+", "altitude1": 3000.0, "altitude2": null, "transition_altitude": null, "speed_limit_description": null, "speed_limit": null, "vertical_angle": null, "center_waypoint": null, "center_waypoint_latitude": null, "center_waypoint_longitude": null, "aircraft_category": null}, "geometry": {"type": "MultiPoint", "coordinates": [[95.97901389, 21.71147222]]}}, {"type": "Feature", "properties": {"fid": 1110, "area_code": "PAC", "airport_identifier": "VYMD", "procedure_identifier": "D35", "route_type": "A", "transition_identifier": "MIA2", "seqno": 20, "waypoint_icao_code": null, "waypoint_identifier": null, "waypoint_latitude": null, "waypoint_longitude": null, "waypoint_description_code": null, "turn_direction": null, "rnp": null, "path_termination": "FC", "recommanded_navaid": null, "recommanded_navaid_latitude": null, "recommanded_navaid_longitude": null, "arc_radius": null, "theta": null, "rho": null, "magnetic_course": 188.0, "route_distance_holding_distance_time": 7.6, "distance_time": "D", "altitude_description": "+", "altitude1": 2200.0, "altitude2": null, "transition_altitude": null, "speed_limit_description": null, "speed_limit": null, "vertical_angle": null, "center_waypoint": null, "center_waypoint_latitude": null, "center_waypoint_longitude": null, "aircraft_category": null}, "geometry": {"type": "MultiPoint", "coordinates": []}}, {"type": "Feature", "properties": {"fid": 1111, "area_code": "PAC", "airport_identifier": "VYMD", "procedure_identifier": "D35", "route_type": "A", "transition_identifier": "MIA2", "seqno": 30, "waypoint_icao_code": "VY", "waypoint_identifier": "FF35", "waypoint_latitude": 21.58558889, "waypoint_longitude": 95.99792778, "waypoint_description_code": "E", "turn_direction": "L", "rnp": null, "path_termination": "CF", "recommanded_navaid": null, "recommanded_navaid_latitude": null, "recommanded_navaid_longitude": null, "arc_radius": null, "theta": null, "rho": null, "magnetic_course": 353.0, "route_distance_holding_distance_time": 1.0, "distance_time": "D", "altitude_description": "+", "altitude1": 2200.0, "altitude2": null, "transition_altitude": null, "speed_limit_description": null, "speed_limit": null, "vertical_angle": null, "center_waypoint": null, "center_waypoint_latitude": null, "center_waypoint_longitude": null, "aircraft_category": null}, "geometry": {"type": "MultiPoint", "coordinates": [[95.99792778, 21.58558889]]}}, {"type": "Feature", "properties": {"fid": 1113, "area_code": "PAC", "airport_identifier": "VYMD", "procedure_identifier": "D35", "route_type": "D", "transition_identifier": null, "seqno": 20, "waypoint_icao_code": "VY", "waypoint_identifier": "FF35", "waypoint_latitude": 21.58558889, "waypoint_longitude": 95.99792778, "waypoint_description_code": "E  F", "turn_direction": null, "rnp": null, "path_termination": "IF", "recommanded_navaid": null, "recommanded_navaid_latitude": null, "recommanded_navaid_longitude": null, "arc_radius": null, "theta": null, "rho": null, "magnetic_course": null, "route_distance_holding_distance_time": null, "distance_time": null, "altitude_description": "+", "altitude1": 2200.0, "altitude2": null, "transition_altitude": null, "speed_limit_description": null, "speed_limit": null, "vertical_angle": null, "center_waypoint": null, "center_waypoint_latitude": null, "center_waypoint_longitude": null, "aircraft_category": null}, "geometry": {"type": "MultiPoint", "coordinates": [[95.99792778, 21.58558889]]}}, {"type": "Feature", "properties": {"fid": 1114, "area_code": "PAC", "airport_identifier": "VYMD", "procedure_identifier": "D35", "route_type": "D", "transition_identifier": null, "seqno": 30, "waypoint_icao_code": "VY", "waypoint_identifier": "MA35", "waypoint_latitude": 21.66625278, "waypoint_longitude": 95.98581111, "waypoint_description_code": "E  M", "turn_direction": null, "rnp": null, "path_termination": "CF", "recommanded_navaid": null, "recommanded_navaid_latitude": null, "recommanded_navaid_longitude": null, "arc_radius": null, "theta": null, "rho": null, "magnetic_course": 353.0, "route_distance_holding_distance_time": 4.9, "distance_time": "D", "altitude_description": "@", "altitude1": 663.0, "altitude2": null, "transition_altitude": null, "speed_limit_description": null, "speed_limit": null, "vertical_angle": -3.0, "center_waypoint": null, "center_waypoint_latitude": null, "center_waypoint_longitude": null, "aircraft_category": null}, "geometry": {"type": "MultiPoint", "coordinates": [[95.98581111, 21.66625278]]}}, {"type": "Feature", "properties": {"fid": 1116, "area_code": "PAC", "airport_identifier": "VYMD", "procedure_identifier": "D35", "route_type": "D", "transition_identifier": null, "seqno": 40, "waypoint_icao_code": null, "waypoint_identifier": null, "waypoint_latitude": null, "waypoint_longitude": null, "waypoint_description_code": null, "turn_direction": null, "rnp": null, "path_termination": "VA", "recommanded_navaid": null, "recommanded_navaid_latitude": null, "recommanded_navaid_longitude": null, "arc_radius": null, "theta": null, "rho": null, "magnetic_course": 353.0, "route_distance_holding_distance_time": null, "distance_time": null, "altitude_description": "+", "altitude1": 2000.0, "altitude2": null, "transition_altitude": null, "speed_limit_description": null, "speed_limit": null, "vertical_angle": null, "center_waypoint": null, "center_waypoint_latitude": null, "center_waypoint_longitude": null, "aircraft_category": null}, "geometry": {"type": "MultiPoint", "coordinates": []}}, {"type": "Feature", "properties": {"fid": 1117, "area_code": "PAC", "airport_identifier": "VYMD", "procedure_identifier": "D35", "route_type": "D", "transition_identifier": null, "seqno": 50, "waypoint_icao_code": "VY", "waypoint_identifier": "MIA", "waypoint_latitude": 21.71147222, "waypoint_longitude": 95.97901389, "waypoint_description_code": "E", "turn_direction": "L", "rnp": null, "path_termination": "DF", "recommanded_navaid": null, "recommanded_navaid_latitude": null, "recommanded_navaid_longitude": null, "arc_radius": null, "theta": null, "rho": null, "magnetic_course": null, "route_distance_holding_distance_time": null, "distance_time": null, "altitude_description": "@", "altitude1": 3000.0, "altitude2": null, "transition_altitude": null, "speed_limit_description": null, "speed_limit": null, "vertical_angle": null, "center_waypoint": null, "center_waypoint_latitude": null, "center_waypoint_longitude": null, "aircraft_category": null}, "geometry": {"type": "MultiPoint", "coordinates": [[95.97901389, 21.71147222]]}}, {"type": "Feature", "properties": {"fid": 1118, "area_code": "PAC", "airport_identifier": "VYMD", "procedure_identifier": "D35", "route_type": "D", "transition_identifier": null, "seqno": 60, "waypoint_icao_code": "VY", "waypoint_identifier": "MIA", "waypoint_latitude": 21.71147222, "waypoint_longitude": 95.97901389, "waypoint_description_code": "E  H", "turn_direction": "R", "rnp": null, "path_termination": "HM", "recommanded_navaid": null, "recommanded_navaid_latitude": null, "recommanded_navaid_longitude": null, "arc_radius": null, "theta": null, "rho": null, "magnetic_course": 203.0, "route_distance_holding_distance_time": 1.0, "distance_time": "T", "altitude_description": "+", "altitude1": 3000.0, "altitude2": null, "transition_altitude": null, "speed_limit_description": null, "speed_limit": null, "vertical_angle": null, "center_waypoint": null, "center_waypoint_latitude": null, "center_waypoint_longitude": null, "aircraft_category": null}, "geometry": {"type": "MultiPoint", "coordinates": [[95.97901389, 21.71147222]]}}, {"type": "Feature", "properties": {"fid": 1120, "area_code": "PAC", "airport_identifier": "VYNT", "procedure_identifier": "Q16", "route_type": "A", "transition_identifier": "NT1", "seqno": 10, "waypoint_icao_code": "VY", "waypoint_identifier": "NT", "waypoint_latitude": 19.63255278, "waypoint_longitude": 96.20112222, "waypoint_description_code": "E  A", "turn_direction": null, "rnp": null, "path_termination": "IF", "recommanded_navaid": null, "recommanded_navaid_latitude": null, "recommanded_navaid_longitude": null, "arc_radius": null, "theta": null, "rho": null, "magnetic_course": null, "route_distance_holding_distance_time": null, "distance_time": null, "altitude_description": "+", "altitude1": 6000.0, "altitude2": null, "transition_altitude": null, "speed_limit_description": null, "speed_limit": null, "vertical_angle": null, "center_waypoint": null, "center_waypoint_latitude": null, "center_waypoint_longitude": null, "aircraft_category": null}, "geometry": {"type": "MultiPoint", "coordinates": [[96.20112222, 19.63255278]]}}, {"type": "Feature", "properties": {"fid": 1121, "area_code": "PAC", "airport_identifier": "VYNT", "procedure_identifier": "Q16", "route_type": "A", "transition_identifier": "NT1", "seqno": 20, "waypoint_icao_code": "VY", "waypoint_identifier": "NT", "waypoint_latitude": 19.63255278, "waypoint_longitude": 96.20112222, "waypoint_description_code": "E  H", "turn_direction": "R", "rnp": null, "path_termination": "HF", "recommanded_navaid": null, "recommanded_navaid_latitude": null, "recommanded_navaid_longitude": null, "arc_radius": null, "theta": null, "rho": null, "magnetic_course": 2.0, "route_distance_holding_distance_time": 1.0, "distance_time": "T", "altitude_description": "+", "altitude1": 3500.0, "altitude2": null, "transition_altitude": null, "speed_limit_description": null, "speed_limit": null, "vertical_angle": null, "center_waypoint": null, "center_waypoint_latitude": null, "center_waypoint_longitude": null, "aircraft_category": null}, "geometry": {"type": "MultiPoint", "coordinates": [[96.20112222, 19.63255278]]}}, {"type": "Feature", "properties": {"fid": 1122, "area_code": "PAC", "airport_identifier": "VYNT", "procedure_identifier": "Q16", "route_type": "A", "transition_identifier": "NT1", "seqno": 30, "waypoint_icao_code": null, "waypoint_identifier": null, "waypoint_latitude": null, "waypoint_longitude": null, "waypoint_description_code": null, "turn_direction": null, "rnp": null, "path_termination": "FC", "recommanded_navaid": null, "recommanded_navaid_latitude": null, "recommanded_navaid_longitude": null, "arc_radius": null, "theta": null, "rho": null, "magnetic_course": 2.0, "route_distance_holding_distance_time": 7.0, "distance_time": "D", "altitude_description": "+", "altitude1": 2200.0, "altitude2": null, "transition_altitude": null, "speed_limit_description": null, "speed_limit": null, "vertical_angle": null, "center_waypoint": null, "center_waypoint_latitude": null, "center_waypoint_longitude": null, "aircraft_category": null}, "geometry": {"type": "MultiPoint", "coordinates": []}}, {"type": "Feature", "properties": {"fid": 1123, "area_code": "PAC", "airport_identifier": "VYNT", "procedure_identifier": "Q16", "route_type": "A", "transition_identifier": "NT1", "seqno": 40, "waypoint_icao_code": "VY", "waypoint_identifier": "FQ16", "waypoint_latitude": 19.72653333, "waypoint_longitude": 96.14610278, "waypoint_description_code": "E", "turn_direction": "L", "rnp": null, "path_termination": "CF", "recommanded_navaid": null, "recommanded_navaid_latitude": null, "recommanded_navaid_longitude": null, "arc_radius": null, "theta": null, "rho": null, "magnetic_course": 152.0, "route_distance_holding_distance_time": 1.6, "distance_time": "D", "altitude_description": "+", "altitude1": 2200.0, "altitude2": null, "transition_altitude": null, "speed_limit_description": null, "speed_limit": null, "vertical_angle": null, "center_waypoint": null, "center_waypoint_latitude": null, "center_waypoint_longitude": null, "aircraft_category": null}, "geometry": {"type": "MultiPoint", "coordinates": [[96.14610278, 19.72653333]]}}, {"type": "Feature", "properties": {"fid": 1125, "area_code": "PAC", "airport_identifier": "VYNT", "procedure_identifier": "Q16", "route_type": "A", "transition_identifier": "NT2", "seqno": 10, "waypoint_icao_code": "VY", "waypoint_identifier": "NT", "waypoint_latitude": 19.63255278, "waypoint_longitude": 96.20112222, "waypoint_description_code": "E  A", "turn_direction": null, "rnp": null, "path_termination": "IF", "recommanded_navaid": null, "recommanded_navaid_latitude": null, "recommanded_navaid_longitude": null, "arc_radius": null, "theta": null, "rho": null, "magnetic_course": null, "route_distance_holding_distance_time": null, "distance_time": null, "altitude_description": "+", "altitude1": 6000.0, "altitude2": null, "transition_altitude": null, "speed_limit_description": null, "speed_limit": null, "vertical_angle": null, "center_waypoint": null, "center_waypoint_latitude": null, "center_waypoint_longitude": null, "aircraft_category": null}, "geometry": {"type": "MultiPoint", "coordinates": [[96.20112222, 19.63255278]]}}, {"type": "Feature", "properties": {"fid": 1126, "area_code": "PAC", "airport_identifier": "VYNT", "procedure_identifier": "Q16", "route_type": "A", "transition_identifier": "NT2", "seqno": 20, "waypoint_icao_code": "VY", "waypoint_identifier": "NT", "waypoint_latitude": 19.63255278, "waypoint_longitude": 96.20112222, "waypoint_description_code": "E  H", "turn_direction": "R", "rnp": null, "path_termination": "HF", "recommanded_navaid": null, "recommanded_navaid_latitude": null, "recommanded_navaid_longitude": null, "arc_radius": null, "theta": null, "rho": null, "magnetic_course": 2.0, "route_distance_holding_distance_time": 1.0, "distance_time": "T", "altitude_description": "+", "altitude1": 3500.0, "altitude2": null, "transition_altitude": null, "speed_limit_description": null, "speed_limit": null, "vertical_angle": null, "center_waypoint": null, "center_waypoint_latitude": null, "center_waypoint_longitude": null, "aircraft_category": null}, "geometry": {"type": "MultiPoint", "coordinates": [[96.20112222, 19.63255278]]}}, {"type": "Feature", "properties": {"fid": 1127, "area_code": "PAC", "airport_identifier": "VYNT", "procedure_identifier": "Q16", "route_type": "A", "transition_identifier": "NT2", "seqno": 30, "waypoint_icao_code": null, "waypoint_identifier": null, "waypoint_latitude": null, "waypoint_longitude": null, "waypoint_description_code": null, "turn_direction": null, "rnp": null, "path_termination": "FC", "recommanded_navaid": null, "recommanded_navaid_latitude": null, "recommanded_navaid_longitude": null, "arc_radius": null, "theta": null, "rho": null, "magnetic_course": 347.0, "route_distance_holding_distance_time": 7.0, "distance_time": "D", "altitude_description": "+", "altitude1": 2200.0, "altitude2": null, "transition_altitude": null, "speed_limit_description": null, "speed_limit": null, "vertical_angle": null, "center_waypoint": null, "center_waypoint_latitude": null, "center_waypoint_longitude": null, "aircraft_category": null}, "geometry": {"type": "MultiPoint", "coordinates": []}}, {"type": "Feature", "properties": {"fid": 1128, "area_code": "PAC", "airport_identifier": "VYNT", "procedure_identifier": "Q16", "route_type": "A", "transition_identifier": "NT2", "seqno": 40, "waypoint_icao_code": "VY", "waypoint_identifier": "FQ16", "waypoint_latitude": 19.72653333, "waypoint_longitude": 96.14610278, "waypoint_description_code": "E", "turn_direction": "L", "rnp": null, "path_termination": "CF", "recommanded_navaid": null, "recommanded_navaid_latitude": null, "recommanded_navaid_longitude": null, "arc_radius": null, "theta": null, "rho": null, "magnetic_course": 152.0, "route_distance_holding_distance_time": 1.6, "distance_time": "D", "altitude_description": "+", "altitude1": 2200.0, "altitude2": null, "transition_altitude": null, "speed_limit_description": null, "speed_limit": null, "vertical_angle": null, "center_waypoint": null, "center_waypoint_latitude": null, "center_waypoint_longitude": null, "aircraft_category": null}, "geometry": {"type": "MultiPoint", "coordinates": [[96.14610278, 19.72653333]]}}, {"type": "Feature", "properties": {"fid": 1130, "area_code": "PAC", "airport_identifier": "VYNT", "procedure_identifier": "Q16", "route_type": "Q", "transition_identifier": null, "seqno": 20, "waypoint_icao_code": "VY", "waypoint_identifier": "FQ16", "waypoint_latitude": 19.72653333, "waypoint_longitude": 96.14610278, "waypoint_description_code": "E  F", "turn_direction": null, "rnp": null, "path_termination": "IF", "recommanded_navaid": null, "recommanded_navaid_latitude": null, "recommanded_navaid_longitude": null, "arc_radius": null, "theta": null, "rho": null, "magnetic_course": null, "route_distance_holding_distance_time": null, "distance_time": null, "altitude_description": "+", "altitude1": 2200.0, "altitude2": null, "transition_altitude": null, "speed_limit_description": null, "speed_limit": null, "vertical_angle": null, "center_waypoint": null, "center_waypoint_latitude": null, "center_waypoint_longitude": null, "aircraft_category": null}, "geometry": {"type": "MultiPoint", "coordinates": [[96.14610278, 19.72653333]]}}, {"type": "Feature", "properties": {"fid": 1131, "area_code": "PAC", "airport_identifier": "VYNT", "procedure_identifier": "Q16", "route_type": "Q", "transition_identifier": null, "seqno": 30, "waypoint_icao_code": "VY", "waypoint_identifier": "MQ16", "waypoint_latitude": 19.66155556, "waypoint_longitude": 96.18415, "waypoint_description_code": "E  M", "turn_direction": null, "rnp": null, "path_termination": "CF", "recommanded_navaid": null, "recommanded_navaid_latitude": null, "recommanded_navaid_longitude": null, "arc_radius": null, "theta": null, "rho": null, "magnetic_course": 152.0, "route_distance_holding_distance_time": 4.4, "distance_time": "D", "altitude_description": "@", "altitude1": 817.0, "altitude2": null, "transition_altitude": null, "speed_limit_description": null, "speed_limit": null, "vertical_angle": -3.0, "center_waypoint": null, "center_waypoint_latitude": null, "center_waypoint_longitude": null, "aircraft_category": null}, "geometry": {"type": "MultiPoint", "coordinates": [[96.18415, 19.66155556]]}}, {"type": "Feature", "properties": {"fid": 1133, "area_code": "PAC", "airport_identifier": "VYNT", "procedure_identifier": "Q16", "route_type": "Q", "transition_identifier": null, "seqno": 40, "waypoint_icao_code": null, "waypoint_identifier": null, "waypoint_latitude": null, "waypoint_longitude": null, "waypoint_description_code": null, "turn_direction": null, "rnp": null, "path_termination": "VA", "recommanded_navaid": null, "recommanded_navaid_latitude": null, "recommanded_navaid_longitude": null, "arc_radius": null, "theta": null, "rho": null, "magnetic_course": 155.0, "route_distance_holding_distance_time": null, "distance_time": null, "altitude_description": "+", "altitude1": 2000.0, "altitude2": null, "transition_altitude": null, "speed_limit_description": null, "speed_limit": null, "vertical_angle": null, "center_waypoint": null, "center_waypoint_latitude": null, "center_waypoint_longitude": null, "aircraft_category": null}, "geometry": {"type": "MultiPoint", "coordinates": []}}, {"type": "Feature", "properties": {"fid": 1134, "area_code": "PAC", "airport_identifier": "VYNT", "procedure_identifier": "Q16", "route_type": "Q", "transition_identifier": null, "seqno": 50, "waypoint_icao_code": "VY", "waypoint_identifier": "NT", "waypoint_latitude": 19.63255278, "waypoint_longitude": 96.20112222, "waypoint_description_code": "E", "turn_direction": "R", "rnp": null, "path_termination": "DF", "recommanded_navaid": null, "recommanded_navaid_latitude": null, "recommanded_navaid_longitude": null, "arc_radius": null, "theta": null, "rho": null, "magnetic_course": null, "route_distance_holding_distance_time": null, "distance_time": null, "altitude_description": "@", "altitude1": 6000.0, "altitude2": null, "transition_altitude": null, "speed_limit_description": null, "speed_limit": null, "vertical_angle": null, "center_waypoint": null, "center_waypoint_latitude": null, "center_waypoint_longitude": null, "aircraft_category": null}, "geometry": {"type": "MultiPoint", "coordinates": [[96.20112222, 19.63255278]]}}, {"type": "Feature", "properties": {"fid": 1135, "area_code": "PAC", "airport_identifier": "VYNT", "procedure_identifier": "Q16", "route_type": "Q", "transition_identifier": null, "seqno": 60, "waypoint_icao_code": "VY", "waypoint_identifier": "NT", "waypoint_latitude": 19.63255278, "waypoint_longitude": 96.20112222, "waypoint_description_code": "E  H", "turn_direction": "R", "rnp": null, "path_termination": "HM", "recommanded_navaid": null, "recommanded_navaid_latitude": null, "recommanded_navaid_longitude": null, "arc_radius": null, "theta": null, "rho": null, "magnetic_course": 2.0, "route_distance_holding_distance_time": 1.0, "distance_time": "T", "altitude_description": "+", "altitude1": 6000.0, "altitude2": null, "transition_altitude": null, "speed_limit_description": null, "speed_limit": null, "vertical_angle": null, "center_waypoint": null, "center_waypoint_latitude": null, "center_waypoint_longitude": null, "aircraft_category": null}, "geometry": {"type": "MultiPoint", "coordinates": [[96.20112222, 19.63255278]]}}, {"type": "Feature", "properties": {"fid": 1137, "area_code": "PAC", "airport_identifier": "VYNT", "procedure_identifier": "D34", "route_type": "A", "transition_identifier": "NPT1", "seqno": 10, "waypoint_icao_code": "VY", "waypoint_identifier": "NPT", "waypoint_latitude": 19.62655556, "waypoint_longitude": 96.19558333, "waypoint_description_code": "E  A", "turn_direction": null, "rnp": null, "path_termination": "IF", "recommanded_navaid": null, "recommanded_navaid_latitude": null, "recommanded_navaid_longitude": null, "arc_radius": null, "theta": null, "rho": null, "magnetic_course": null, "route_distance_holding_distance_time": null, "distance_time": null, "altitude_description": "+", "altitude1": 3500.0, "altitude2": null, "transition_altitude": null, "speed_limit_description": null, "speed_limit": null, "vertical_angle": null, "center_waypoint": null, "center_waypoint_latitude": null, "center_waypoint_longitude": null, "aircraft_category": null}, "geometry": {"type": "MultiPoint", "coordinates": [[96.19558333, 19.62655556]]}}, {"type": "Feature", "properties": {"fid": 1138, "area_code": "PAC", "airport_identifier": "VYNT", "procedure_identifier": "D34", "route_type": "A", "transition_identifier": "NPT1", "seqno": 20, "waypoint_icao_code": null, "waypoint_identifier": null, "waypoint_latitude": null, "waypoint_longitude": null, "waypoint_description_code": null, "turn_direction": null, "rnp": null, "path_termination": "FC", "recommanded_navaid": null, "recommanded_navaid_latitude": null, "recommanded_navaid_longitude": null, "arc_radius": null, "theta": null, "rho": null, "magnetic_course": 184.0, "route_distance_holding_distance_time": 7.1, "distance_time": "D", "altitude_description": "+", "altitude1": 2200.0, "altitude2": null, "transition_altitude": null, "speed_limit_description": null, "speed_limit": null, "vertical_angle": null, "center_waypoint": null, "center_waypoint_latitude": null, "center_waypoint_longitude": null, "aircraft_category": null}, "geometry": {"type": "MultiPoint", "coordinates": []}}, {"type": "Feature", "properties": {"fid": 1139, "area_code": "PAC", "airport_identifier": "VYNT", "procedure_identifier": "D34", "route_type": "A", "transition_identifier": "NPT1", "seqno": 30, "waypoint_icao_code": "VY", "waypoint_identifier": "FD34", "waypoint_latitude": 19.52070833, "waypoint_longitude": 96.25245833, "waypoint_description_code": "E", "turn_direction": "L", "rnp": null, "path_termination": "CF", "recommanded_navaid": null, "recommanded_navaid_latitude": null, "recommanded_navaid_longitude": null, "arc_radius": null, "theta": null, "rho": null, "magnetic_course": 334.0, "route_distance_holding_distance_time": 1.0, "distance_time": "D", "altitude_description": "+", "altitude1": 2200.0, "altitude2": null, "transition_altitude": null, "speed_limit_description": null, "speed_limit": null, "vertical_angle": null, "center_waypoint": null, "center_waypoint_latitude": null, "center_waypoint_longitude": null, "aircraft_category": null}, "geometry": {"type": "MultiPoint", "coordinates": [[96.25245833, 19.52070833]]}}, {"type": "Feature", "properties": {"fid": 1141, "area_code": "PAC", "airport_identifier": "VYNT", "procedure_identifier": "D34", "route_type": "A", "transition_identifier": "NPT2", "seqno": 10, "waypoint_icao_code": "VY", "waypoint_identifier": "NPT", "waypoint_latitude": 19.62655556, "waypoint_longitude": 96.19558333, "waypoint_description_code": "E  A", "turn_direction": null, "rnp": null, "path_termination": "IF", "recommanded_navaid": null, "recommanded_navaid_latitude": null, "recommanded_navaid_longitude": null, "arc_radius": null, "theta": null, "rho": null, "magnetic_course": null, "route_distance_holding_distance_time": null, "distance_time": null, "altitude_description": "+", "altitude1": 3500.0, "altitude2": null, "transition_altitude": null, "speed_limit_description": null, "speed_limit": null, "vertical_angle": null, "center_waypoint": null, "center_waypoint_latitude": null, "center_waypoint_longitude": null, "aircraft_category": null}, "geometry": {"type": "MultiPoint", "coordinates": [[96.19558333, 19.62655556]]}}, {"type": "Feature", "properties": {"fid": 1142, "area_code": "PAC", "airport_identifier": "VYNT", "procedure_identifier": "D34", "route_type": "A", "transition_identifier": "NPT2", "seqno": 20, "waypoint_icao_code": null, "waypoint_identifier": null, "waypoint_latitude": null, "waypoint_longitude": null, "waypoint_description_code": null, "turn_direction": null, "rnp": null, "path_termination": "FC", "recommanded_navaid": null, "recommanded_navaid_latitude": null, "recommanded_navaid_longitude": null, "arc_radius": null, "theta": null, "rho": null, "magnetic_course": 169.0, "route_distance_holding_distance_time": 7.1, "distance_time": "D", "altitude_description": "+", "altitude1": 2200.0, "altitude2": null, "transition_altitude": null, "speed_limit_description": null, "speed_limit": null, "vertical_angle": null, "center_waypoint": null, "center_waypoint_latitude": null, "center_waypoint_longitude": null, "aircraft_category": null}, "geometry": {"type": "MultiPoint", "coordinates": []}}, {"type": "Feature", "properties": {"fid": 1143, "area_code": "PAC", "airport_identifier": "VYNT", "procedure_identifier": "D34", "route_type": "A", "transition_identifier": "NPT2", "seqno": 30, "waypoint_icao_code": "VY", "waypoint_identifier": "FD34", "waypoint_latitude": 19.52070833, "waypoint_longitude": 96.25245833, "waypoint_description_code": "E", "turn_direction": "L", "rnp": null, "path_termination": "CF", "recommanded_navaid": null, "recommanded_navaid_latitude": null, "recommanded_navaid_longitude": null, "arc_radius": null, "theta": null, "rho": null, "magnetic_course": 334.0, "route_distance_holding_distance_time": 1.0, "distance_time": "D", "altitude_description": "+", "altitude1": 2200.0, "altitude2": null, "transition_altitude": null, "speed_limit_description": null, "speed_limit": null, "vertical_angle": null, "center_waypoint": null, "center_waypoint_latitude": null, "center_waypoint_longitude": null, "aircraft_category": null}, "geometry": {"type": "MultiPoint", "coordinates": [[96.25245833, 19.52070833]]}}, {"type": "Feature", "properties": {"fid": 1145, "area_code": "PAC", "airport_identifier": "VYNT", "procedure_identifier": "D34", "route_type": "D", "transition_identifier": null, "seqno": 20, "waypoint_icao_code": "VY", "waypoint_identifier": "FD34", "waypoint_latitude": 19.52070833, "waypoint_longitude": 96.25245833, "waypoint_description_code": "E  F", "turn_direction": null, "rnp": null, "path_termination": "IF", "recommanded_navaid": null, "recommanded_navaid_latitude": null, "recommanded_navaid_longitude": null, "arc_radius": null, "theta": null, "rho": null, "magnetic_course": null, "route_distance_holding_distance_time": null, "distance_time": null, "altitude_description": "+", "altitude1": 2200.0, "altitude2": null, "transition_altitude": null, "speed_limit_description": null, "speed_limit": null, "vertical_angle": null, "center_waypoint": null, "center_waypoint_latitude": null, "center_waypoint_longitude": null, "aircraft_category": null}, "geometry": {"type": "MultiPoint", "coordinates": [[96.25245833, 19.52070833]]}}, {"type": "Feature", "properties": {"fid": 1146, "area_code": "PAC", "airport_identifier": "VYNT", "procedure_identifier": "D34", "route_type": "D", "transition_identifier": null, "seqno": 30, "waypoint_icao_code": "VY", "waypoint_identifier": "MA34", "waypoint_latitude": 19.59495, "waypoint_longitude": 96.21257222, "waypoint_description_code": "E  M", "turn_direction": null, "rnp": null, "path_termination": "CF", "recommanded_navaid": null, "recommanded_navaid_latitude": null, "recommanded_navaid_longitude": null, "arc_radius": null, "theta": null, "rho": null, "magnetic_course": 334.0, "route_distance_holding_distance_time": 5.0, "distance_time": "D", "altitude_description": "@", "altitude1": 613.0, "altitude2": null, "transition_altitude": null, "speed_limit_description": null, "speed_limit": null, "vertical_angle": -3.0, "center_waypoint": null, "center_waypoint_latitude": null, "center_waypoint_longitude": null, "aircraft_category": null}, "geometry": {"type": "MultiPoint", "coordinates": [[96.21257222, 19.59495]]}}, {"type": "Feature", "properties": {"fid": 1148, "area_code": "PAC", "airport_identifier": "VYNT", "procedure_identifier": "D34", "route_type": "D", "transition_identifier": null, "seqno": 40, "waypoint_icao_code": null, "waypoint_identifier": null, "waypoint_latitude": null, "waypoint_longitude": null, "waypoint_description_code": null, "turn_direction": null, "rnp": null, "path_termination": "VA", "recommanded_navaid": null, "recommanded_navaid_latitude": null, "recommanded_navaid_longitude": null, "arc_radius": null, "theta": null, "rho": null, "magnetic_course": 335.0, "route_distance_holding_distance_time": null, "distance_time": null, "altitude_description": "+", "altitude1": 2000.0, "altitude2": null, "transition_altitude": null, "speed_limit_description": null, "speed_limit": null, "vertical_angle": null, "center_waypoint": null, "center_waypoint_latitude": null, "center_waypoint_longitude": null, "aircraft_category": null}, "geometry": {"type": "MultiPoint", "coordinates": []}}, {"type": "Feature", "properties": {"fid": 1149, "area_code": "PAC", "airport_identifier": "VYNT", "procedure_identifier": "D34", "route_type": "D", "transition_identifier": null, "seqno": 50, "waypoint_icao_code": "VY", "waypoint_identifier": "NPT", "waypoint_latitude": 19.62655556, "waypoint_longitude": 96.19558333, "waypoint_description_code": "E", "turn_direction": "L", "rnp": null, "path_termination": "DF", "recommanded_navaid": null, "recommanded_navaid_latitude": null, "recommanded_navaid_longitude": null, "arc_radius": null, "theta": null, "rho": null, "magnetic_course": null, "route_distance_holding_distance_time": null, "distance_time": null, "altitude_description": "@", "altitude1": 6000.0, "altitude2": null, "transition_altitude": null, "speed_limit_description": null, "speed_limit": null, "vertical_angle": null, "center_waypoint": null, "center_waypoint_latitude": null, "center_waypoint_longitude": null, "aircraft_category": null}, "geometry": {"type": "MultiPoint", "coordinates": [[96.19558333, 19.62655556]]}}, {"type": "Feature", "properties": {"fid": 1150, "area_code": "PAC", "airport_identifier": "VYNT", "procedure_identifier": "D34", "route_type": "D", "transition_identifier": null, "seqno": 60, "waypoint_icao_code": "VY", "waypoint_identifier": "NPT", "waypoint_latitude": 19.62655556, "waypoint_longitude": 96.19558333, "waypoint_description_code": "E  H", "turn_direction": "R", "rnp": null, "path_termination": "HM", "recommanded_navaid": null, "recommanded_navaid_latitude": null, "recommanded_navaid_longitude": null, "arc_radius": null, "theta": null, "rho": null, "magnetic_course": 184.0, "route_distance_holding_distance_time": 1.0, "distance_time": "T", "altitude_description": "+", "altitude1": 6000.0, "altitude2": null, "transition_altitude": null, "speed_limit_description": null, "speed_limit": null, "vertical_angle": null, "center_waypoint": null, "center_waypoint_latitude": null, "center_waypoint_longitude": null, "aircraft_category": null}, "geometry": {"type": "MultiPoint", "coordinates": [[96.19558333, 19.62655556]]}}, {"type": "Feature", "properties": {"fid": 1152, "area_code": "PAC", "airport_identifier": "VYHL", "procedure_identifier": "N34", "route_type": "N", "transition_identifier": null, "seqno": 20, "waypoint_icao_code": "VY", "waypoint_identifier": "FN34", "waypoint_latitude": 24.81537222, "waypoint_longitude": 94.95576111, "waypoint_description_code": "E  F", "turn_direction": null, "rnp": null, "path_termination": "IF", "recommanded_navaid": null, "recommanded_navaid_latitude": null, "recommanded_navaid_longitude": null, "arc_radius": null, "theta": null, "rho": null, "magnetic_course": null, "route_distance_holding_distance_time": null, "distance_time": null, "altitude_description": "+", "altitude1": 2180.0, "altitude2": null, "transition_altitude": null, "speed_limit_description": null, "speed_limit": null, "vertical_angle": null, "center_waypoint": null, "center_waypoint_latitude": null, "center_waypoint_longitude": null, "aircraft_category": null}, "geometry": {"type": "MultiPoint", "coordinates": [[94.95576111, 24.81537222]]}}, {"type": "Feature", "properties": {"fid": 1153, "area_code": "PAC", "airport_identifier": "VYHL", "procedure_identifier": "N34", "route_type": "N", "transition_identifier": null, "seqno": 30, "waypoint_icao_code": "VY", "waypoint_identifier": "RW34", "waypoint_latitude": 24.88329167, "waypoint_longitude": 94.92025278, "waypoint_description_code": "G  M", "turn_direction": null, "rnp": null, "path_termination": "CF", "recommanded_navaid": null, "recommanded_navaid_latitude": null, "recommanded_navaid_longitude": null, "arc_radius": null, "theta": null, "rho": null, "magnetic_course": 335.0, "route_distance_holding_distance_time": 4.5, "distance_time": "D", "altitude_description": "@", "altitude1": 583.0, "altitude2": null, "transition_altitude": null, "speed_limit_description": null, "speed_limit": null, "vertical_angle": -3.34, "center_waypoint": null, "center_waypoint_latitude": null, "center_waypoint_longitude": null, "aircraft_category": null}, "geometry": {"type": "MultiPoint", "coordinates": [[94.92025278, 24.88329167]]}}, {"type": "Feature", "properties": {"fid": 1155, "area_code": "PAC", "airport_identifier": "VYHL", "procedure_identifier": "N34", "route_type": "N", "transition_identifier": null, "seqno": 40, "waypoint_icao_code": "VY", "waypoint_identifier": "HL", "waypoint_latitude": 24.89502778, "waypoint_longitude": 94.91320556, "waypoint_description_code": "E", "turn_direction": null, "rnp": null, "path_termination": "TF", "recommanded_navaid": null, "recommanded_navaid_latitude": null, "recommanded_navaid_longitude": null, "arc_radius": null, "theta": null, "rho": null, "magnetic_course": null, "route_distance_holding_distance_time": null, "distance_time": null, "altitude_description": null, "altitude1": null, "altitude2": null, "transition_altitude": null, "speed_limit_description": null, "speed_limit": null, "vertical_angle": null, "center_waypoint": null, "center_waypoint_latitude": null, "center_waypoint_longitude": null, "aircraft_category": null}, "geometry": {"type": "MultiPoint", "coordinates": [[94.91320556, 24.89502778]]}}, {"type": "Feature", "properties": {"fid": 1156, "area_code": "PAC", "airport_identifier": "VYHL", "procedure_identifier": "N34", "route_type": "N", "transition_identifier": null, "seqno": 50, "waypoint_icao_code": null, "waypoint_identifier": null, "waypoint_latitude": null, "waypoint_longitude": null, "waypoint_description_code": null, "turn_direction": null, "rnp": null, "path_termination": "VA", "recommanded_navaid": null, "recommanded_navaid_latitude": null, "recommanded_navaid_longitude": null, "arc_radius": null, "theta": null, "rho": null, "magnetic_course": 350.0, "route_distance_holding_distance_time": null, "distance_time": null, "altitude_description": "+", "altitude1": 3000.0, "altitude2": null, "transition_altitude": null, "speed_limit_description": null, "speed_limit": null, "vertical_angle": null, "center_waypoint": null, "center_waypoint_latitude": null, "center_waypoint_longitude": null, "aircraft_category": null}, "geometry": {"type": "MultiPoint", "coordinates": []}}, {"type": "Feature", "properties": {"fid": 1157, "area_code": "PAC", "airport_identifier": "VYHL", "procedure_identifier": "N34", "route_type": "N", "transition_identifier": null, "seqno": 60, "waypoint_icao_code": "VY", "waypoint_identifier": "HL", "waypoint_latitude": 24.89502778, "waypoint_longitude": 94.91320556, "waypoint_description_code": "E", "turn_direction": "R", "rnp": null, "path_termination": "DF", "recommanded_navaid": null, "recommanded_navaid_latitude": null, "recommanded_navaid_longitude": null, "arc_radius": null, "theta": null, "rho": null, "magnetic_course": null, "route_distance_holding_distance_time": null, "distance_time": null, "altitude_description": null, "altitude1": null, "altitude2": null, "transition_altitude": null, "speed_limit_description": null, "speed_limit": null, "vertical_angle": null, "center_waypoint": null, "center_waypoint_latitude": null, "center_waypoint_longitude": null, "aircraft_category": null}, "geometry": {"type": "MultiPoint", "coordinates": [[94.91320556, 24.89502778]]}}, {"type": "Feature", "properties": {"fid": 1158, "area_code": "PAC", "airport_identifier": "VYHL", "procedure_identifier": "N34", "route_type": "N", "transition_identifier": null, "seqno": 70, "waypoint_icao_code": "VY", "waypoint_identifier": "HL", "waypoint_latitude": 24.89502778, "waypoint_longitude": 94.91320556, "waypoint_description_code": "E  H", "turn_direction": "L", "rnp": null, "path_termination": "HM", "recommanded_navaid": null, "recommanded_navaid_latitude": null, "recommanded_navaid_longitude": null, "arc_radius": null, "theta": null, "rho": null, "magnetic_course": 185.0, "route_distance_holding_distance_time": 1.0, "distance_time": "T", "altitude_description": null, "altitude1": null, "altitude2": null, "transition_altitude": null, "speed_limit_description": null, "speed_limit": null, "vertical_angle": null, "center_waypoint": null, "center_waypoint_latitude": null, "center_waypoint_longitude": null, "aircraft_category": null}, "geometry": {"type": "MultiPoint", "coordinates": [[94.91320556, 24.89502778]]}}, {"type": "Feature", "properties": {"fid": 1160, "area_code": "PAC", "airport_identifier": "VYNT", "procedure_identifier": "Q34", "route_type": "A", "transition_identifier": "NT1", "seqno": 10, "waypoint_icao_code": "VY", "waypoint_identifier": "NT", "waypoint_latitude": 19.63255278, "waypoint_longitude": 96.20112222, "waypoint_description_code": "E  A", "turn_direction": null, "rnp": null, "path_termination": "IF", "recommanded_navaid": null, "recommanded_navaid_latitude": null, "recommanded_navaid_longitude": null, "arc_radius": null, "theta": null, "rho": null, "magnetic_course": null, "route_distance_holding_distance_time": null, "distance_time": null, "altitude_description": "+", "altitude1": 6000.0, "altitude2": null, "transition_altitude": null, "speed_limit_description": null, "speed_limit": null, "vertical_angle": null, "center_waypoint": null, "center_waypoint_latitude": null, "center_waypoint_longitude": null, "aircraft_category": null}, "geometry": {"type": "MultiPoint", "coordinates": [[96.20112222, 19.63255278]]}}, {"type": "Feature", "properties": {"fid": 1161, "area_code": "PAC", "airport_identifier": "VYNT", "procedure_identifier": "Q34", "route_type": "A", "transition_identifier": "NT1", "seqno": 20, "waypoint_icao_code": "VY", "waypoint_identifier": "NT", "waypoint_latitude": 19.63255278, "waypoint_longitude": 96.20112222, "waypoint_description_code": "E  H", "turn_direction": "R", "rnp": null, "path_termination": "HF", "recommanded_navaid": null, "recommanded_navaid_latitude": null, "recommanded_navaid_longitude": null, "arc_radius": null, "theta": null, "rho": null, "magnetic_course": 192.0, "route_distance_holding_distance_time": 1.0, "distance_time": "T", "altitude_description": "+", "altitude1": 3500.0, "altitude2": null, "transition_altitude": null, "speed_limit_description": null, "speed_limit": null, "vertical_angle": null, "center_waypoint": null, "center_waypoint_latitude": null, "center_waypoint_longitude": null, "aircraft_category": null}, "geometry": {"type": "MultiPoint", "coordinates": [[96.20112222, 19.63255278]]}}, {"type": "Feature", "properties": {"fid": 1162, "area_code": "PAC", "airport_identifier": "VYNT", "procedure_identifier": "Q34", "route_type": "A", "transition_identifier": "NT1", "seqno": 30, "waypoint_icao_code": null, "waypoint_identifier": null, "waypoint_latitude": null, "waypoint_longitude": null, "waypoint_description_code": null, "turn_direction": null, "rnp": null, "path_termination": "FC", "recommanded_navaid": null, "recommanded_navaid_latitude": null, "recommanded_navaid_longitude": null, "arc_radius": null, "theta": null, "rho": null, "magnetic_course": 192.0, "route_distance_holding_distance_time": 7.3, "distance_time": "D", "altitude_description": "+", "altitude1": 2200.0, "altitude2": null, "transition_altitude": null, "speed_limit_description": null, "speed_limit": null, "vertical_angle": null, "center_waypoint": null, "center_waypoint_latitude": null, "center_waypoint_longitude": null, "aircraft_category": null}, "geometry": {"type": "MultiPoint", "coordinates": []}}, {"type": "Feature", "properties": {"fid": 1163, "area_code": "PAC", "airport_identifier": "VYNT", "procedure_identifier": "Q34", "route_type": "A", "transition_identifier": "NT1", "seqno": 40, "waypoint_icao_code": "VY", "waypoint_identifier": "FF34", "waypoint_latitude": 19.51667778, "waypoint_longitude": 96.2432, "waypoint_description_code": "E", "turn_direction": "L", "rnp": null, "path_termination": "CF", "recommanded_navaid": null, "recommanded_navaid_latitude": null, "recommanded_navaid_longitude": null, "arc_radius": null, "theta": null, "rho": null, "magnetic_course": 342.0, "route_distance_holding_distance_time": 1.0, "distance_time": "D", "altitude_description": "+", "altitude1": 2200.0, "altitude2": null, "transition_altitude": null, "speed_limit_description": null, "speed_limit": null, "vertical_angle": null, "center_waypoint": null, "center_waypoint_latitude": null, "center_waypoint_longitude": null, "aircraft_category": null}, "geometry": {"type": "MultiPoint", "coordinates": [[96.2432, 19.51667778]]}}, {"type": "Feature", "properties": {"fid": 1165, "area_code": "PAC", "airport_identifier": "VYNT", "procedure_identifier": "Q34", "route_type": "A", "transition_identifier": "NT2", "seqno": 10, "waypoint_icao_code": "VY", "waypoint_identifier": "NT", "waypoint_latitude": 19.63255278, "waypoint_longitude": 96.20112222, "waypoint_description_code": "E  A", "turn_direction": null, "rnp": null, "path_termination": "IF", "recommanded_navaid": null, "recommanded_navaid_latitude": null, "recommanded_navaid_longitude": null, "arc_radius": null, "theta": null, "rho": null, "magnetic_course": null, "route_distance_holding_distance_time": null, "distance_time": null, "altitude_description": "+", "altitude1": 6000.0, "altitude2": null, "transition_altitude": null, "speed_limit_description": null, "speed_limit": null, "vertical_angle": null, "center_waypoint": null, "center_waypoint_latitude": null, "center_waypoint_longitude": null, "aircraft_category": null}, "geometry": {"type": "MultiPoint", "coordinates": [[96.20112222, 19.63255278]]}}, {"type": "Feature", "properties": {"fid": 1166, "area_code": "PAC", "airport_identifier": "VYNT", "procedure_identifier": "Q34", "route_type": "A", "transition_identifier": "NT2", "seqno": 20, "waypoint_icao_code": "VY", "waypoint_identifier": "NT", "waypoint_latitude": 19.63255278, "waypoint_longitude": 96.20112222, "waypoint_description_code": "E  H", "turn_direction": "R", "rnp": null, "path_termination": "HF", "recommanded_navaid": null, "recommanded_navaid_latitude": null, "recommanded_navaid_longitude": null, "arc_radius": null, "theta": null, "rho": null, "magnetic_course": 192.0, "route_distance_holding_distance_time": 1.0, "distance_time": "T", "altitude_description": "+", "altitude1": 3500.0, "altitude2": null, "transition_altitude": null, "speed_limit_description": null, "speed_limit": null, "vertical_angle": null, "center_waypoint": null, "center_waypoint_latitude": null, "center_waypoint_longitude": null, "aircraft_category": null}, "geometry": {"type": "MultiPoint", "coordinates": [[96.20112222, 19.63255278]]}}, {"type": "Feature", "properties": {"fid": 1167, "area_code": "PAC", "airport_identifier": "VYNT", "procedure_identifier": "Q34", "route_type": "A", "transition_identifier": "NT2", "seqno": 30, "waypoint_icao_code": null, "waypoint_identifier": null, "waypoint_latitude": null, "waypoint_longitude": null, "waypoint_description_code": null, "turn_direction": null, "rnp": null, "path_termination": "FC", "recommanded_navaid": null, "recommanded_navaid_latitude": null, "recommanded_navaid_longitude": null, "arc_radius": null, "theta": null, "rho": null, "magnetic_course": 177.0, "route_distance_holding_distance_time": 7.3, "distance_time": "D", "altitude_description": "+", "altitude1": 2200.0, "altitude2": null, "transition_altitude": null, "speed_limit_description": null, "speed_limit": null, "vertical_angle": null, "center_waypoint": null, "center_waypoint_latitude": null, "center_waypoint_longitude": null, "aircraft_category": null}, "geometry": {"type": "MultiPoint", "coordinates": []}}, {"type": "Feature", "properties": {"fid": 1168, "area_code": "PAC", "airport_identifier": "VYNT", "procedure_identifier": "Q34", "route_type": "A", "transition_identifier": "NT2", "seqno": 40, "waypoint_icao_code": "VY", "waypoint_identifier": "FF34", "waypoint_latitude": 19.51667778, "waypoint_longitude": 96.2432, "waypoint_description_code": "E", "turn_direction": "L", "rnp": null, "path_termination": "CF", "recommanded_navaid": null, "recommanded_navaid_latitude": null, "recommanded_navaid_longitude": null, "arc_radius": null, "theta": null, "rho": null, "magnetic_course": 342.0, "route_distance_holding_distance_time": 1.0, "distance_time": "D", "altitude_description": "+", "altitude1": 2200.0, "altitude2": null, "transition_altitude": null, "speed_limit_description": null, "speed_limit": null, "vertical_angle": null, "center_waypoint": null, "center_waypoint_latitude": null, "center_waypoint_longitude": null, "aircraft_category": null}, "geometry": {"type": "MultiPoint", "coordinates": [[96.2432, 19.51667778]]}}, {"type": "Feature", "properties": {"fid": 1170, "area_code": "PAC", "airport_identifier": "VYNT", "procedure_identifier": "Q34", "route_type": "Q", "transition_identifier": null, "seqno": 20, "waypoint_icao_code": "VY", "waypoint_identifier": "FF34", "waypoint_latitude": 19.51667778, "waypoint_longitude": 96.2432, "waypoint_description_code": "E  F", "turn_direction": null, "rnp": null, "path_termination": "IF", "recommanded_navaid": null, "recommanded_navaid_latitude": null, "recommanded_navaid_longitude": null, "arc_radius": null, "theta": null, "rho": null, "magnetic_course": null, "route_distance_holding_distance_time": null, "distance_time": null, "altitude_description": "+", "altitude1": 2200.0, "altitude2": null, "transition_altitude": null, "speed_limit_description": null, "speed_limit": null, "vertical_angle": null, "center_waypoint": null, "center_waypoint_latitude": null, "center_waypoint_longitude": null, "aircraft_category": null}, "geometry": {"type": "MultiPoint", "coordinates": [[96.2432, 19.51667778]]}}, {"type": "Feature", "properties": {"fid": 1171, "area_code": "PAC", "airport_identifier": "VYNT", "procedure_identifier": "Q34", "route_type": "Q", "transition_identifier": null, "seqno": 30, "waypoint_icao_code": "VY", "waypoint_identifier": "MQ34", "waypoint_latitude": 19.59591389, "waypoint_longitude": 96.21443333, "waypoint_description_code": "E  M", "turn_direction": null, "rnp": null, "path_termination": "CF", "recommanded_navaid": null, "recommanded_navaid_latitude": null, "recommanded_navaid_longitude": null, "arc_radius": null, "theta": null, "rho": null, "magnetic_course": 342.0, "route_distance_holding_distance_time": 5.0, "distance_time": "D", "altitude_description": "@", "altitude1": 609.0, "altitude2": null, "transition_altitude": null, "speed_limit_description": null, "speed_limit": null, "vertical_angle": -3.0, "center_waypoint": null, "center_waypoint_latitude": null, "center_waypoint_longitude": null, "aircraft_category": null}, "geometry": {"type": "MultiPoint", "coordinates": [[96.21443333, 19.59591389]]}}, {"type": "Feature", "properties": {"fid": 1173, "area_code": "PAC", "airport_identifier": "VYNT", "procedure_identifier": "Q34", "route_type": "Q", "transition_identifier": null, "seqno": 40, "waypoint_icao_code": null, "waypoint_identifier": null, "waypoint_latitude": null, "waypoint_longitude": null, "waypoint_description_code": null, "turn_direction": null, "rnp": null, "path_termination": "VA", "recommanded_navaid": null, "recommanded_navaid_latitude": null, "recommanded_navaid_longitude": null, "arc_radius": null, "theta": null, "rho": null, "magnetic_course": 340.0, "route_distance_holding_distance_time": null, "distance_time": null, "altitude_description": "+", "altitude1": 2000.0, "altitude2": null, "transition_altitude": null, "speed_limit_description": null, "speed_limit": null, "vertical_angle": null, "center_waypoint": null, "center_waypoint_latitude": null, "center_waypoint_longitude": null, "aircraft_category": null}, "geometry": {"type": "MultiPoint", "coordinates": []}}, {"type": "Feature", "properties": {"fid": 1174, "area_code": "PAC", "airport_identifier": "VYNT", "procedure_identifier": "Q34", "route_type": "Q", "transition_identifier": null, "seqno": 50, "waypoint_icao_code": "VY", "waypoint_identifier": "NT", "waypoint_latitude": 19.63255278, "waypoint_longitude": 96.20112222, "waypoint_description_code": "E", "turn_direction": "L", "rnp": null, "path_termination": "DF", "recommanded_navaid": null, "recommanded_navaid_latitude": null, "recommanded_navaid_longitude": null, "arc_radius": null, "theta": null, "rho": null, "magnetic_course": null, "route_distance_holding_distance_time": null, "distance_time": null, "altitude_description": "@", "altitude1": 6000.0, "altitude2": null, "transition_altitude": null, "speed_limit_description": null, "speed_limit": null, "vertical_angle": null, "center_waypoint": null, "center_waypoint_latitude": null, "center_waypoint_longitude": null, "aircraft_category": null}, "geometry": {"type": "MultiPoint", "coordinates": [[96.20112222, 19.63255278]]}}, {"type": "Feature", "properties": {"fid": 1175, "area_code": "PAC", "airport_identifier": "VYNT", "procedure_identifier": "Q34", "route_type": "Q", "transition_identifier": null, "seqno": 60, "waypoint_icao_code": "VY", "waypoint_identifier": "NT", "waypoint_latitude": 19.63255278, "waypoint_longitude": 96.20112222, "waypoint_description_code": "E  H", "turn_direction": "R", "rnp": null, "path_termination": "HM", "recommanded_navaid": null, "recommanded_navaid_latitude": null, "recommanded_navaid_longitude": null, "arc_radius": null, "theta": null, "rho": null, "magnetic_course": 192.0, "route_distance_holding_distance_time": 1.0, "distance_time": "T", "altitude_description": "+", "altitude1": 6000.0, "altitude2": null, "transition_altitude": null, "speed_limit_description": null, "speed_limit": null, "vertical_angle": null, "center_waypoint": null, "center_waypoint_latitude": null, "center_waypoint_longitude": null, "aircraft_category": null}, "geometry": {"type": "MultiPoint", "coordinates": [[96.20112222, 19.63255278]]}}, {"type": "Feature", "properties": {"fid": 1177, "area_code": "PAC", "airport_identifier": "VYBG", "procedure_identifier": "N18", "route_type": "A", "transition_identifier": "BG1", "seqno": 10, "waypoint_icao_code": "VY", "waypoint_identifier": "BGN", "waypoint_latitude": 21.17652778, "waypoint_longitude": 94.92869444, "waypoint_description_code": "E  A", "turn_direction": null, "rnp": null, "path_termination": "IF", "recommanded_navaid": null, "recommanded_navaid_latitude": null, "recommanded_navaid_longitude": null, "arc_radius": null, "theta": null, "rho": null, "magnetic_course": null, "route_distance_holding_distance_time": null, "distance_time": null, "altitude_description": "+", "altitude1": 3000.0, "altitude2": null, "transition_altitude": null, "speed_limit_description": null, "speed_limit": null, "vertical_angle": null, "center_waypoint": null, "center_waypoint_latitude": null, "center_waypoint_longitude": null, "aircraft_category": null}, "geometry": {"type": "MultiPoint", "coordinates": [[94.92869444, 21.17652778]]}}, {"type": "Feature", "properties": {"fid": 1178, "area_code": "PAC", "airport_identifier": "VYBG", "procedure_identifier": "N18", "route_type": "A", "transition_identifier": "BG1", "seqno": 20, "waypoint_icao_code": null, "waypoint_identifier": null, "waypoint_latitude": null, "waypoint_longitude": null, "waypoint_description_code": null, "turn_direction": null, "rnp": null, "path_termination": "FC", "recommanded_navaid": null, "recommanded_navaid_latitude": null, "recommanded_navaid_longitude": null, "arc_radius": null, "theta": null, "rho": null, "magnetic_course": 30.0, "route_distance_holding_distance_time": 5.3, "distance_time": "D", "altitude_description": "+", "altitude1": 1960.0, "altitude2": null, "transition_altitude": null, "speed_limit_description": null, "speed_limit": null, "vertical_angle": null, "center_waypoint": null, "center_waypoint_latitude": null, "center_waypoint_longitude": null, "aircraft_category": null}, "geometry": {"type": "MultiPoint", "coordinates": []}}, {"type": "Feature", "properties": {"fid": 1179, "area_code": "PAC", "airport_identifier": "VYBG", "procedure_identifier": "N18", "route_type": "A", "transition_identifier": "BG1", "seqno": 30, "waypoint_icao_code": "VY", "waypoint_identifier": "FN18", "waypoint_latitude": 21.26516667, "waypoint_longitude": 94.92704167, "waypoint_description_code": "E", "turn_direction": "L", "rnp": null, "path_termination": "CF", "recommanded_navaid": null, "recommanded_navaid_latitude": null, "recommanded_navaid_longitude": null, "arc_radius": null, "theta": null, "rho": null, "magnetic_course": 180.0, "route_distance_holding_distance_time": 1.0, "distance_time": "D", "altitude_description": "+", "altitude1": 1960.0, "altitude2": null, "transition_altitude": null, "speed_limit_description": null, "speed_limit": null, "vertical_angle": null, "center_waypoint": null, "center_waypoint_latitude": null, "center_waypoint_longitude": null, "aircraft_category": null}, "geometry": {"type": "MultiPoint", "coordinates": [[94.92704167, 21.26516667]]}}, {"type": "Feature", "properties": {"fid": 1181, "area_code": "PAC", "airport_identifier": "VYBG", "procedure_identifier": "N18", "route_type": "A", "transition_identifier": "BG2", "seqno": 10, "waypoint_icao_code": "VY", "waypoint_identifier": "BGN", "waypoint_latitude": 21.17652778, "waypoint_longitude": 94.92869444, "waypoint_description_code": "E  A", "turn_direction": null, "rnp": null, "path_termination": "IF", "recommanded_navaid": null, "recommanded_navaid_latitude": null, "recommanded_navaid_longitude": null, "arc_radius": null, "theta": null, "rho": null, "magnetic_course": null, "route_distance_holding_distance_time": null, "distance_time": null, "altitude_description": "+", "altitude1": 3000.0, "altitude2": null, "transition_altitude": null, "speed_limit_description": null, "speed_limit": null, "vertical_angle": null, "center_waypoint": null, "center_waypoint_latitude": null, "center_waypoint_longitude": null, "aircraft_category": null}, "geometry": {"type": "MultiPoint", "coordinates": [[94.92869444, 21.17652778]]}}, {"type": "Feature", "properties": {"fid": 1182, "area_code": "PAC", "airport_identifier": "VYBG", "procedure_identifier": "N18", "route_type": "A", "transition_identifier": "BG2", "seqno": 20, "waypoint_icao_code": null, "waypoint_identifier": null, "waypoint_latitude": null, "waypoint_longitude": null, "waypoint_description_code": null, "turn_direction": null, "rnp": null, "path_termination": "FC", "recommanded_navaid": null, "recommanded_navaid_latitude": null, "recommanded_navaid_longitude": null, "arc_radius": null, "theta": null, "rho": null, "magnetic_course": 15.0, "route_distance_holding_distance_time": 6.0, "distance_time": "D", "altitude_description": "+", "altitude1": 1960.0, "altitude2": null, "transition_altitude": null, "speed_limit_description": null, "speed_limit": null, "vertical_angle": null, "center_waypoint": null, "center_waypoint_latitude": null, "center_waypoint_longitude": null, "aircraft_category": null}, "geometry": {"type": "MultiPoint", "coordinates": []}}, {"type": "Feature", "properties": {"fid": 1183, "area_code": "PAC", "airport_identifier": "VYBG", "procedure_identifier": "N18", "route_type": "A", "transition_identifier": "BG2", "seqno": 30, "waypoint_icao_code": "VY", "waypoint_identifier": "FN18", "waypoint_latitude": 21.26516667, "waypoint_longitude": 94.92704167, "waypoint_description_code": "E", "turn_direction": "L", "rnp": null, "path_termination": "CF", "recommanded_navaid": null, "recommanded_navaid_latitude": null, "recommanded_navaid_longitude": null, "arc_radius": null, "theta": null, "rho": null, "magnetic_course": 180.0, "route_distance_holding_distance_time": 1.0, "distance_time": "D", "altitude_description": "+", "altitude1": 1960.0, "altitude2": null, "transition_altitude": null, "speed_limit_description": null, "speed_limit": null, "vertical_angle": null, "center_waypoint": null, "center_waypoint_latitude": null, "center_waypoint_longitude": null, "aircraft_category": null}, "geometry": {"type": "MultiPoint", "coordinates": [[94.92704167, 21.26516667]]}}, {"type": "Feature", "properties": {"fid": 1185, "area_code": "PAC", "airport_identifier": "VYBG", "procedure_identifier": "N18", "route_type": "N", "transition_identifier": null, "seqno": 20, "waypoint_icao_code": "VY", "waypoint_identifier": "FN18", "waypoint_latitude": 21.26516667, "waypoint_longitude": 94.92704167, "waypoint_description_code": "E  F", "turn_direction": null, "rnp": null, "path_termination": "IF", "recommanded_navaid": null, "recommanded_navaid_latitude": null, "recommanded_navaid_longitude": null, "arc_radius": null, "theta": null, "rho": null, "magnetic_course": null, "route_distance_holding_distance_time": null, "distance_time": null, "altitude_description": "+", "altitude1": 1960.0, "altitude2": null, "transition_altitude": null, "speed_limit_description": null, "speed_limit": null, "vertical_angle": null, "center_waypoint": null, "center_waypoint_latitude": null, "center_waypoint_longitude": null, "aircraft_category": null}, "geometry": {"type": "MultiPoint", "coordinates": [[94.92704167, 21.26516667]]}}, {"type": "Feature", "properties": {"fid": 1186, "area_code": "PAC", "airport_identifier": "VYBG", "procedure_identifier": "N18", "route_type": "N", "transition_identifier": null, "seqno": 30, "waypoint_icao_code": "VY", "waypoint_identifier": "RW18", "waypoint_latitude": 21.19068056, "waypoint_longitude": 94.93045278, "waypoint_description_code": "G  M", "turn_direction": null, "rnp": null, "path_termination": "CF", "recommanded_navaid": null, "recommanded_navaid_latitude": null, "recommanded_navaid_longitude": null, "arc_radius": null, "theta": null, "rho": null, "magnetic_course": 180.0, "route_distance_holding_distance_time": 4.5, "distance_time": "D", "altitude_description": "@", "altitude1": 366.0, "altitude2": null, "transition_altitude": null, "speed_limit_description": null, "speed_limit": null, "vertical_angle": -3.37, "center_waypoint": null, "center_waypoint_latitude": null, "center_waypoint_longitude": null, "aircraft_category": null}, "geometry": {"type": "MultiPoint", "coordinates": [[94.93045278, 21.19068056]]}}, {"type": "Feature", "properties": {"fid": 1188, "area_code": "PAC", "airport_identifier": "VYBG", "procedure_identifier": "N18", "route_type": "N", "transition_identifier": null, "seqno": 40, "waypoint_icao_code": "VY", "waypoint_identifier": "BGN", "waypoint_latitude": 21.17652778, "waypoint_longitude": 94.92869444, "waypoint_description_code": "EY", "turn_direction": null, "rnp": null, "path_termination": "CF", "recommanded_navaid": null, "recommanded_navaid_latitude": null, "recommanded_navaid_longitude": null, "arc_radius": null, "theta": null, "rho": null, "magnetic_course": 180.0, "route_distance_holding_distance_time": 0.9, "distance_time": "D", "altitude_description": null, "altitude1": null, "altitude2": null, "transition_altitude": null, "speed_limit_description": null, "speed_limit": null, "vertical_angle": null, "center_waypoint": null, "center_waypoint_latitude": null, "center_waypoint_longitude": null, "aircraft_category": null}, "geometry": {"type": "MultiPoint", "coordinates": [[94.92869444, 21.17652778]]}}, {"type": "Feature", "properties": {"fid": 1189, "area_code": "PAC", "airport_identifier": "VYBG", "procedure_identifier": "N18", "route_type": "N", "transition_identifier": null, "seqno": 50, "waypoint_icao_code": null, "waypoint_identifier": null, "waypoint_latitude": null, "waypoint_longitude": null, "waypoint_description_code": null, "turn_direction": null, "rnp": null, "path_termination": "VA", "recommanded_navaid": null, "recommanded_navaid_latitude": null, "recommanded_navaid_longitude": null, "arc_radius": null, "theta": null, "rho": null, "magnetic_course": 200.0, "route_distance_holding_distance_time": null, "distance_time": null, "altitude_description": "+", "altitude1": 2000.0, "altitude2": null, "transition_altitude": null, "speed_limit_description": null, "speed_limit": null, "vertical_angle": null, "center_waypoint": null, "center_waypoint_latitude": null, "center_waypoint_longitude": null, "aircraft_category": null}, "geometry": {"type": "MultiPoint", "coordinates": []}}, {"type": "Feature", "properties": {"fid": 1190, "area_code": "PAC", "airport_identifier": "VYBG", "procedure_identifier": "N18", "route_type": "N", "transition_identifier": null, "seqno": 60, "waypoint_icao_code": "VY", "waypoint_identifier": "BGN", "waypoint_latitude": 21.17652778, "waypoint_longitude": 94.92869444, "waypoint_description_code": "E", "turn_direction": "R", "rnp": null, "path_termination": "DF", "recommanded_navaid": null, "recommanded_navaid_latitude": null, "recommanded_navaid_longitude": null, "arc_radius": null, "theta": null, "rho": null, "magnetic_course": null, "route_distance_holding_distance_time": null, "distance_time": null, "altitude_description": "@", "altitude1": 3000.0, "altitude2": null, "transition_altitude": null, "speed_limit_description": null, "speed_limit": null, "vertical_angle": null, "center_waypoint": null, "center_waypoint_latitude": null, "center_waypoint_longitude": null, "aircraft_category": null}, "geometry": {"type": "MultiPoint", "coordinates": [[94.92869444, 21.17652778]]}}, {"type": "Feature", "properties": {"fid": 1191, "area_code": "PAC", "airport_identifier": "VYBG", "procedure_identifier": "N18", "route_type": "N", "transition_identifier": null, "seqno": 70, "waypoint_icao_code": "VY", "waypoint_identifier": "BGN", "waypoint_latitude": 21.17652778, "waypoint_longitude": 94.92869444, "waypoint_description_code": "E  H", "turn_direction": "R", "rnp": null, "path_termination": "HM", "recommanded_navaid": null, "recommanded_navaid_latitude": null, "recommanded_navaid_longitude": null, "arc_radius": null, "theta": null, "rho": null, "magnetic_course": 30.0, "route_distance_holding_distance_time": 1.0, "distance_time": "T", "altitude_description": "+", "altitude1": 3000.0, "altitude2": null, "transition_altitude": null, "speed_limit_description": null, "speed_limit": null, "vertical_angle": null, "center_waypoint": null, "center_waypoint_latitude": null, "center_waypoint_longitude": null, "aircraft_category": null}, "geometry": {"type": "MultiPoint", "coordinates": [[94.92869444, 21.17652778]]}}, {"type": "Feature", "properties": {"fid": 1193, "area_code": "PAC", "airport_identifier": "VYKI", "procedure_identifier": "N03", "route_type": "A", "transition_identifier": "KI1", "seqno": 10, "waypoint_icao_code": "VY", "waypoint_identifier": "KI", "waypoint_latitude": 25.99050556, "waypoint_longitude": 95.67839722, "waypoint_description_code": "E  A", "turn_direction": null, "rnp": null, "path_termination": "IF", "recommanded_navaid": null, "recommanded_navaid_latitude": null, "recommanded_navaid_longitude": null, "arc_radius": null, "theta": null, "rho": null, "magnetic_course": null, "route_distance_holding_distance_time": null, "distance_time": null, "altitude_description": "+", "altitude1": 6000.0, "altitude2": null, "transition_altitude": null, "speed_limit_description": null, "speed_limit": null, "vertical_angle": null, "center_waypoint": null, "center_waypoint_latitude": null, "center_waypoint_longitude": null, "aircraft_category": null}, "geometry": {"type": "MultiPoint", "coordinates": [[95.67839722, 25.99050556]]}}, {"type": "Feature", "properties": {"fid": 1194, "area_code": "PAC", "airport_identifier": "VYKI", "procedure_identifier": "N03", "route_type": "A", "transition_identifier": "KI1", "seqno": 20, "waypoint_icao_code": "VY", "waypoint_identifier": "KI", "waypoint_latitude": 25.99050556, "waypoint_longitude": 95.67839722, "waypoint_description_code": "E  H", "turn_direction": "L", "rnp": null, "path_termination": "HF", "recommanded_navaid": null, "recommanded_navaid_latitude": null, "recommanded_navaid_longitude": null, "arc_radius": null, "theta": null, "rho": null, "magnetic_course": 195.0, "route_distance_holding_distance_time": 1.0, "distance_time": "T", "altitude_description": "+", "altitude1": 3500.0, "altitude2": null, "transition_altitude": null, "speed_limit_description": null, "speed_limit": null, "vertical_angle": null, "center_waypoint": null, "center_waypoint_latitude": null, "center_waypoint_longitude": null, "aircraft_category": null}, "geometry": {"type": "MultiPoint", "coordinates": [[95.67839722, 25.99050556]]}}, {"type": "Feature", "properties": {"fid": 1195, "area_code": "PAC", "airport_identifier": "VYKI", "procedure_identifier": "N03", "route_type": "A", "transition_identifier": "KI1", "seqno": 30, "waypoint_icao_code": null, "waypoint_identifier": null, "waypoint_latitude": null, "waypoint_longitude": null, "waypoint_description_code": null, "turn_direction": null, "rnp": null, "path_termination": "FC", "recommanded_navaid": null, "recommanded_navaid_latitude": null, "recommanded_navaid_longitude": null, "arc_radius": null, "theta": null, "rho": null, "magnetic_course": 195.0, "route_distance_holding_distance_time": 7.0, "distance_time": "D", "altitude_description": "+", "altitude1": 2500.0, "altitude2": null, "transition_altitude": null, "speed_limit_description": null, "speed_limit": null, "vertical_angle": null, "center_waypoint": null, "center_waypoint_latitude": null, "center_waypoint_longitude": null, "aircraft_category": null}, "geometry": {"type": "MultiPoint", "coordinates": []}}, {"type": "Feature", "properties": {"fid": 1196, "area_code": "PAC", "airport_identifier": "VYKI", "procedure_identifier": "N03", "route_type": "A", "transition_identifier": "KI1", "seqno": 40, "waypoint_icao_code": "VY", "waypoint_identifier": "FN03", "waypoint_latitude": 25.908675, "waypoint_longitude": 95.61737778, "waypoint_description_code": "E", "turn_direction": "R", "rnp": null, "path_termination": "CF", "recommanded_navaid": null, "recommanded_navaid_latitude": null, "recommanded_navaid_longitude": null, "arc_radius": null, "theta": null, "rho": null, "magnetic_course": 35.0, "route_distance_holding_distance_time": 1.0, "distance_time": "D", "altitude_description": "+", "altitude1": 2500.0, "altitude2": null, "transition_altitude": null, "speed_limit_description": null, "speed_limit": null, "vertical_angle": null, "center_waypoint": null, "center_waypoint_latitude": null, "center_waypoint_longitude": null, "aircraft_category": null}, "geometry": {"type": "MultiPoint", "coordinates": [[95.61737778, 25.908675]]}}, {"type": "Feature", "properties": {"fid": 1198, "area_code": "PAC", "airport_identifier": "VYKI", "procedure_identifier": "N03", "route_type": "A", "transition_identifier": "KI2", "seqno": 10, "waypoint_icao_code": "VY", "waypoint_identifier": "KI", "waypoint_latitude": 25.99050556, "waypoint_longitude": 95.67839722, "waypoint_description_code": "E  A", "turn_direction": null, "rnp": null, "path_termination": "IF", "recommanded_navaid": null, "recommanded_navaid_latitude": null, "recommanded_navaid_longitude": null, "arc_radius": null, "theta": null, "rho": null, "magnetic_course": null, "route_distance_holding_distance_time": null, "distance_time": null, "altitude_description": "+", "altitude1": 6000.0, "altitude2": null, "transition_altitude": null, "speed_limit_description": null, "speed_limit": null, "vertical_angle": null, "center_waypoint": null, "center_waypoint_latitude": null, "center_waypoint_longitude": null, "aircraft_category": null}, "geometry": {"type": "MultiPoint", "coordinates": [[95.67839722, 25.99050556]]}}, {"type": "Feature", "properties": {"fid": 1199, "area_code": "PAC", "airport_identifier": "VYKI", "procedure_identifier": "N03", "route_type": "A", "transition_identifier": "KI2", "seqno": 20, "waypoint_icao_code": "VY", "waypoint_identifier": "KI", "waypoint_latitude": 25.99050556, "waypoint_longitude": 95.67839722, "waypoint_description_code": "E  H", "turn_direction": "L", "rnp": null, "path_termination": "HF", "recommanded_navaid": null, "recommanded_navaid_latitude": null, "recommanded_navaid_longitude": null, "arc_radius": null, "theta": null, "rho": null, "magnetic_course": 195.0, "route_distance_holding_distance_time": 1.0, "distance_time": "T", "altitude_description": "+", "altitude1": 3500.0, "altitude2": null, "transition_altitude": null, "speed_limit_description": null, "speed_limit": null, "vertical_angle": null, "center_waypoint": null, "center_waypoint_latitude": null, "center_waypoint_longitude": null, "aircraft_category": null}, "geometry": {"type": "MultiPoint", "coordinates": [[95.67839722, 25.99050556]]}}, {"type": "Feature", "properties": {"fid": 1200, "area_code": "PAC", "airport_identifier": "VYKI", "procedure_identifier": "N03", "route_type": "A", "transition_identifier": "KI2", "seqno": 30, "waypoint_icao_code": null, "waypoint_identifier": null, "waypoint_latitude": null, "waypoint_longitude": null, "waypoint_description_code": null, "turn_direction": null, "rnp": null, "path_termination": "FC", "recommanded_navaid": null, "recommanded_navaid_latitude": null, "recommanded_navaid_longitude": null, "arc_radius": null, "theta": null, "rho": null, "magnetic_course": 195.0, "route_distance_holding_distance_time": 6.0, "distance_time": "D", "altitude_description": "+", "altitude1": 2500.0, "altitude2": null, "transition_altitude": null, "speed_limit_description": null, "speed_limit": null, "vertical_angle": null, "center_waypoint": null, "center_waypoint_latitude": null, "center_waypoint_longitude": null, "aircraft_category": null}, "geometry": {"type": "MultiPoint", "coordinates": []}}, {"type": "Feature", "properties": {"fid": 1201, "area_code": "PAC", "airport_identifier": "VYKI", "procedure_identifier": "N03", "route_type": "A", "transition_identifier": "KI2", "seqno": 40, "waypoint_icao_code": "VY", "waypoint_identifier": "FN03", "waypoint_latitude": 25.908675, "waypoint_longitude": 95.61737778, "waypoint_description_code": "E", "turn_direction": "R", "rnp": null, "path_termination": "CF", "recommanded_navaid": null, "recommanded_navaid_latitude": null, "recommanded_navaid_longitude": null, "arc_radius": null, "theta": null, "rho": null, "magnetic_course": 35.0, "route_distance_holding_distance_time": 1.0, "distance_time": "D", "altitude_description": "+", "altitude1": 2500.0, "altitude2": null, "transition_altitude": null, "speed_limit_description": null, "speed_limit": null, "vertical_angle": null, "center_waypoint": null, "center_waypoint_latitude": null, "center_waypoint_longitude": null, "aircraft_category": null}, "geometry": {"type": "MultiPoint", "coordinates": [[95.61737778, 25.908675]]}}, {"type": "Feature", "properties": {"fid": 1203, "area_code": "PAC", "airport_identifier": "VYKI", "procedure_identifier": "N03", "route_type": "N", "transition_identifier": null, "seqno": 20, "waypoint_icao_code": "VY", "waypoint_identifier": "FN03", "waypoint_latitude": 25.908675, "waypoint_longitude": 95.61737778, "waypoint_description_code": "E  F", "turn_direction": null, "rnp": null, "path_termination": "IF", "recommanded_navaid": null, "recommanded_navaid_latitude": null, "recommanded_navaid_longitude": null, "arc_radius": null, "theta": null, "rho": null, "magnetic_course": null, "route_distance_holding_distance_time": null, "distance_time": null, "altitude_description": "+", "altitude1": 2500.0, "altitude2": null, "transition_altitude": null, "speed_limit_description": null, "speed_limit": null, "vertical_angle": null, "center_waypoint": null, "center_waypoint_latitude": null, "center_waypoint_longitude": null, "aircraft_category": null}, "geometry": {"type": "MultiPoint", "coordinates": [[95.61737778, 25.908675]]}}, {"type": "Feature", "properties": {"fid": 1204, "area_code": "PAC", "airport_identifier": "VYKI", "procedure_identifier": "N03", "route_type": "N", "transition_identifier": null, "seqno": 30, "waypoint_icao_code": "VY", "waypoint_identifier": "MN03", "waypoint_latitude": 25.967325, "waypoint_longitude": 95.6611, "waypoint_description_code": "EY M", "turn_direction": null, "rnp": null, "path_termination": "CF", "recommanded_navaid": null, "recommanded_navaid_latitude": null, "recommanded_navaid_longitude": null, "arc_radius": null, "theta": null, "rho": null, "magnetic_course": 35.0, "route_distance_holding_distance_time": 4.2, "distance_time": "D", "altitude_description": "@", "altitude1": 1059.0, "altitude2": null, "transition_altitude": null, "speed_limit_description": null, "speed_limit": null, "vertical_angle": -3.21, "center_waypoint": null, "center_waypoint_latitude": null, "center_waypoint_longitude": null, "aircraft_category": null}, "geometry": {"type": "MultiPoint", "coordinates": [[95.6611, 25.967325]]}}, {"type": "Feature", "properties": {"fid": 1206, "area_code": "PAC", "airport_identifier": "VYKI", "procedure_identifier": "N03", "route_type": "N", "transition_identifier": null, "seqno": 40, "waypoint_icao_code": null, "waypoint_identifier": null, "waypoint_latitude": null, "waypoint_longitude": null, "waypoint_description_code": null, "turn_direction": null, "rnp": null, "path_termination": "VA", "recommanded_navaid": null, "recommanded_navaid_latitude": null, "recommanded_navaid_longitude": null, "arc_radius": null, "theta": null, "rho": null, "magnetic_course": 50.0, "route_distance_holding_distance_time": null, "distance_time": null, "altitude_description": "+", "altitude1": 3500.0, "altitude2": null, "transition_altitude": null, "speed_limit_description": null, "speed_limit": null, "vertical_angle": null, "center_waypoint": null, "center_waypoint_latitude": null, "center_waypoint_longitude": null, "aircraft_category": null}, "geometry": {"type": "MultiPoint", "coordinates": []}}, {"type": "Feature", "properties": {"fid": 1207, "area_code": "PAC", "airport_identifier": "VYKI", "procedure_identifier": "N03", "route_type": "N", "transition_identifier": null, "seqno": 50, "waypoint_icao_code": "VY", "waypoint_identifier": "KI", "waypoint_latitude": 25.99050556, "waypoint_longitude": 95.67839722, "waypoint_description_code": "E", "turn_direction": "L", "rnp": null, "path_termination": "DF", "recommanded_navaid": null, "recommanded_navaid_latitude": null, "recommanded_navaid_longitude": null, "arc_radius": null, "theta": null, "rho": null, "magnetic_course": null, "route_distance_holding_distance_time": null, "distance_time": null, "altitude_description": "@", "altitude1": 6000.0, "altitude2": null, "transition_altitude": null, "speed_limit_description": null, "speed_limit": null, "vertical_angle": null, "center_waypoint": null, "center_waypoint_latitude": null, "center_waypoint_longitude": null, "aircraft_category": null}, "geometry": {"type": "MultiPoint", "coordinates": [[95.67839722, 25.99050556]]}}, {"type": "Feature", "properties": {"fid": 1208, "area_code": "PAC", "airport_identifier": "VYKI", "procedure_identifier": "N03", "route_type": "N", "transition_identifier": null, "seqno": 60, "waypoint_icao_code": "VY", "waypoint_identifier": "KI", "waypoint_latitude": 25.99050556, "waypoint_longitude": 95.67839722, "waypoint_description_code": "E  H", "turn_direction": "L", "rnp": null, "path_termination": "HM", "recommanded_navaid": null, "recommanded_navaid_latitude": null, "recommanded_navaid_longitude": null, "arc_radius": null, "theta": null, "rho": null, "magnetic_course": 195.0, "route_distance_holding_distance_time": 1.0, "distance_time": "T", "altitude_description": null, "altitude1": null, "altitude2": null, "transition_altitude": null, "speed_limit_description": null, "speed_limit": null, "vertical_angle": null, "center_waypoint": null, "center_waypoint_latitude": null, "center_waypoint_longitude": null, "aircraft_category": null}, "geometry": {"type": "MultiPoint", "coordinates": [[95.67839722, 25.99050556]]}}, {"type": "Feature", "properties": {"fid": 1210, "area_code": "PAC", "airport_identifier": "VYBM", "procedure_identifier": "N33", "route_type": "A", "transition_identifier": "BM1", "seqno": 10, "waypoint_icao_code": "VY", "waypoint_identifier": "BM", "waypoint_latitude": 24.26932778, "waypoint_longitude": 97.24849722, "waypoint_description_code": "E  A", "turn_direction": null, "rnp": null, "path_termination": "IF", "recommanded_navaid": null, "recommanded_navaid_latitude": null, "recommanded_navaid_longitude": null, "arc_radius": null, "theta": null, "rho": null, "magnetic_course": null, "route_distance_holding_distance_time": null, "distance_time": null, "altitude_description": "+", "altitude1": 3000.0, "altitude2": null, "transition_altitude": null, "speed_limit_description": null, "speed_limit": null, "vertical_angle": null, "center_waypoint": null, "center_waypoint_latitude": null, "center_waypoint_longitude": null, "aircraft_category": null}, "geometry": {"type": "MultiPoint", "coordinates": [[97.24849722, 24.26932778]]}}, {"type": "Feature", "properties": {"fid": 1211, "area_code": "PAC", "airport_identifier": "VYBM", "procedure_identifier": "N33", "route_type": "A", "transition_identifier": "BM1", "seqno": 20, "waypoint_icao_code": null, "waypoint_identifier": null, "waypoint_latitude": null, "waypoint_longitude": null, "waypoint_description_code": null, "turn_direction": null, "rnp": null, "path_termination": "FC", "recommanded_navaid": null, "recommanded_navaid_latitude": null, "recommanded_navaid_longitude": null, "arc_radius": null, "theta": null, "rho": null, "magnetic_course": 170.0, "route_distance_holding_distance_time": 5.3, "distance_time": "D", "altitude_description": "+", "altitude1": 2020.0, "altitude2": null, "transition_altitude": null, "speed_limit_description": null, "speed_limit": null, "vertical_angle": null, "center_waypoint": null, "center_waypoint_latitude": null, "center_waypoint_longitude": null, "aircraft_category": null}, "geometry": {"type": "MultiPoint", "coordinates": []}}, {"type": "Feature", "properties": {"fid": 1212, "area_code": "PAC", "airport_identifier": "VYBM", "procedure_identifier": "N33", "route_type": "A", "transition_identifier": "BM1", "seqno": 30, "waypoint_icao_code": "VY", "waypoint_identifier": "FF33", "waypoint_latitude": 24.19953333, "waypoint_longitude": 97.31462778, "waypoint_description_code": "E", "turn_direction": "L", "rnp": null, "path_termination": "CF", "recommanded_navaid": null, "recommanded_navaid_latitude": null, "recommanded_navaid_longitude": null, "arc_radius": null, "theta": null, "rho": null, "magnetic_course": 320.0, "route_distance_holding_distance_time": 1.0, "distance_time": "D", "altitude_description": "+", "altitude1": 2020.0, "altitude2": null, "transition_altitude": null, "speed_limit_description": null, "speed_limit": null, "vertical_angle": null, "center_waypoint": null, "center_waypoint_latitude": null, "center_waypoint_longitude": null, "aircraft_category": null}, "geometry": {"type": "MultiPoint", "coordinates": [[97.31462778, 24.19953333]]}}, {"type": "Feature", "properties": {"fid": 1214, "area_code": "PAC", "airport_identifier": "VYBM", "procedure_identifier": "N33", "route_type": "A", "transition_identifier": "BM2", "seqno": 10, "waypoint_icao_code": "VY", "waypoint_identifier": "BM", "waypoint_latitude": 24.26932778, "waypoint_longitude": 97.24849722, "waypoint_description_code": "E  A", "turn_direction": null, "rnp": null, "path_termination": "IF", "recommanded_navaid": null, "recommanded_navaid_latitude": null, "recommanded_navaid_longitude": null, "arc_radius": null, "theta": null, "rho": null, "magnetic_course": null, "route_distance_holding_distance_time": null, "distance_time": null, "altitude_description": "+", "altitude1": 3000.0, "altitude2": null, "transition_altitude": null, "speed_limit_description": null, "speed_limit": null, "vertical_angle": null, "center_waypoint": null, "center_waypoint_latitude": null, "center_waypoint_longitude": null, "aircraft_category": null}, "geometry": {"type": "MultiPoint", "coordinates": [[97.24849722, 24.26932778]]}}, {"type": "Feature", "properties": {"fid": 1215, "area_code": "PAC", "airport_identifier": "VYBM", "procedure_identifier": "N33", "route_type": "A", "transition_identifier": "BM2", "seqno": 20, "waypoint_icao_code": null, "waypoint_identifier": null, "waypoint_latitude": null, "waypoint_longitude": null, "waypoint_description_code": null, "turn_direction": null, "rnp": null, "path_termination": "FC", "recommanded_navaid": null, "recommanded_navaid_latitude": null, "recommanded_navaid_longitude": null, "arc_radius": null, "theta": null, "rho": null, "magnetic_course": 155.0, "route_distance_holding_distance_time": 7.8, "distance_time": "D", "altitude_description": "+", "altitude1": 2020.0, "altitude2": null, "transition_altitude": null, "speed_limit_description": null, "speed_limit": null, "vertical_angle": null, "center_waypoint": null, "center_waypoint_latitude": null, "center_waypoint_longitude": null, "aircraft_category": null}, "geometry": {"type": "MultiPoint", "coordinates": []}}, {"type": "Feature", "properties": {"fid": 1216, "area_code": "PAC", "airport_identifier": "VYBM", "procedure_identifier": "N33", "route_type": "A", "transition_identifier": "BM2", "seqno": 30, "waypoint_icao_code": "VY", "waypoint_identifier": "FF33", "waypoint_latitude": 24.19953333, "waypoint_longitude": 97.31462778, "waypoint_description_code": "E", "turn_direction": "L", "rnp": null, "path_termination": "CF", "recommanded_navaid": null, "recommanded_navaid_latitude": null, "recommanded_navaid_longitude": null, "arc_radius": null, "theta": null, "rho": null, "magnetic_course": 320.0, "route_distance_holding_distance_time": 2.0, "distance_time": "D", "altitude_description": "+", "altitude1": 2020.0, "altitude2": null, "transition_altitude": null, "speed_limit_description": null, "speed_limit": null, "vertical_angle": null, "center_waypoint": null, "center_waypoint_latitude": null, "center_waypoint_longitude": null, "aircraft_category": null}, "geometry": {"type": "MultiPoint", "coordinates": [[97.31462778, 24.19953333]]}}, {"type": "Feature", "properties": {"fid": 1218, "area_code": "PAC", "airport_identifier": "VYBM", "procedure_identifier": "N33", "route_type": "N", "transition_identifier": null, "seqno": 20, "waypoint_icao_code": "VY", "waypoint_identifier": "FF33", "waypoint_latitude": 24.19953333, "waypoint_longitude": 97.31462778, "waypoint_description_code": "E  F", "turn_direction": null, "rnp": null, "path_termination": "IF", "recommanded_navaid": null, "recommanded_navaid_latitude": null, "recommanded_navaid_longitude": null, "arc_radius": null, "theta": null, "rho": null, "magnetic_course": null, "route_distance_holding_distance_time": null, "distance_time": null, "altitude_description": "+", "altitude1": 2020.0, "altitude2": null, "transition_altitude": null, "speed_limit_description": null, "speed_limit": null, "vertical_angle": null, "center_waypoint": null, "center_waypoint_latitude": null, "center_waypoint_longitude": null, "aircraft_category": null}, "geometry": {"type": "MultiPoint", "coordinates": [[97.31462778, 24.19953333]]}}, {"type": "Feature", "properties": {"fid": 1219, "area_code": "PAC", "airport_identifier": "VYBM", "procedure_identifier": "N33", "route_type": "N", "transition_identifier": null, "seqno": 30, "waypoint_icao_code": "VY", "waypoint_identifier": "RW33", "waypoint_latitude": 24.26206389, "waypoint_longitude": 97.25321111, "waypoint_description_code": "G  M", "turn_direction": null, "rnp": null, "path_termination": "CF", "recommanded_navaid": null, "recommanded_navaid_latitude": null, "recommanded_navaid_longitude": null, "arc_radius": null, "theta": null, "rho": null, "magnetic_course": 320.0, "route_distance_holding_distance_time": 5.0, "distance_time": "D", "altitude_description": "@", "altitude1": 428.0, "altitude2": null, "transition_altitude": null, "speed_limit_description": null, "speed_limit": null, "vertical_angle": -2.98, "center_waypoint": null, "center_waypoint_latitude": null, "center_waypoint_longitude": null, "aircraft_category": null}, "geometry": {"type": "MultiPoint", "coordinates": [[97.25321111, 24.26206389]]}}, {"type": "Feature", "properties": {"fid": 1221, "area_code": "PAC", "airport_identifier": "VYBM", "procedure_identifier": "N33", "route_type": "N", "transition_identifier": null, "seqno": 40, "waypoint_icao_code": "VY", "waypoint_identifier": "BM", "waypoint_latitude": 24.26932778, "waypoint_longitude": 97.24849722, "waypoint_description_code": "EY", "turn_direction": null, "rnp": null, "path_termination": "TF", "recommanded_navaid": null, "recommanded_navaid_latitude": null, "recommanded_navaid_longitude": null, "arc_radius": null, "theta": null, "rho": null, "magnetic_course": null, "route_distance_holding_distance_time": null, "distance_time": null, "altitude_description": null, "altitude1": null, "altitude2": null, "transition_altitude": null, "speed_limit_description": null, "speed_limit": null, "vertical_angle": null, "center_waypoint": null, "center_waypoint_latitude": null, "center_waypoint_longitude": null, "aircraft_category": null}, "geometry": {"type": "MultiPoint", "coordinates": [[97.24849722, 24.26932778]]}}, {"type": "Feature", "properties": {"fid": 1222, "area_code": "PAC", "airport_identifier": "VYBM", "procedure_identifier": "N33", "route_type": "N", "transition_identifier": null, "seqno": 50, "waypoint_icao_code": null, "waypoint_identifier": null, "waypoint_latitude": null, "waypoint_longitude": null, "waypoint_description_code": null, "turn_direction": null, "rnp": null, "path_termination": "VA", "recommanded_navaid": null, "recommanded_navaid_latitude": null, "recommanded_navaid_longitude": null, "arc_radius": null, "theta": null, "rho": null, "magnetic_course": 20.0, "route_distance_holding_distance_time": null, "distance_time": null, "altitude_description": "+", "altitude1": 3000.0, "altitude2": null, "transition_altitude": null, "speed_limit_description": null, "speed_limit": null, "vertical_angle": null, "center_waypoint": null, "center_waypoint_latitude": null, "center_waypoint_longitude": null, "aircraft_category": null}, "geometry": {"type": "MultiPoint", "coordinates": []}}, {"type": "Feature", "properties": {"fid": 1223, "area_code": "PAC", "airport_identifier": "VYBM", "procedure_identifier": "N33", "route_type": "N", "transition_identifier": null, "seqno": 60, "waypoint_icao_code": "VY", "waypoint_identifier": "BM", "waypoint_latitude": 24.26932778, "waypoint_longitude": 97.24849722, "waypoint_description_code": "E", "turn_direction": "L", "rnp": null, "path_termination": "DF", "recommanded_navaid": null, "recommanded_navaid_latitude": null, "recommanded_navaid_longitude": null, "arc_radius": null, "theta": null, "rho": null, "magnetic_course": null, "route_distance_holding_distance_time": null, "distance_time": null, "altitude_description": null, "altitude1": null, "altitude2": null, "transition_altitude": null, "speed_limit_description": null, "speed_limit": null, "vertical_angle": null, "center_waypoint": null, "center_waypoint_latitude": null, "center_waypoint_longitude": null, "aircraft_category": null}, "geometry": {"type": "MultiPoint", "coordinates": [[97.24849722, 24.26932778]]}}, {"type": "Feature", "properties": {"fid": 1224, "area_code": "PAC", "airport_identifier": "VYBM", "procedure_identifier": "N33", "route_type": "N", "transition_identifier": null, "seqno": 70, "waypoint_icao_code": "VY", "waypoint_identifier": "BM", "waypoint_latitude": 24.26932778, "waypoint_longitude": 97.24849722, "waypoint_description_code": "E  H", "turn_direction": "R", "rnp": null, "path_termination": "HM", "recommanded_navaid": null, "recommanded_navaid_latitude": null, "recommanded_navaid_longitude": null, "arc_radius": null, "theta": null, "rho": null, "magnetic_course": 170.0, "route_distance_holding_distance_time": 1.0, "distance_time": "T", "altitude_description": null, "altitude1": null, "altitude2": null, "transition_altitude": null, "speed_limit_description": null, "speed_limit": null, "vertical_angle": null, "center_waypoint": null, "center_waypoint_latitude": null, "center_waypoint_longitude": null, "aircraft_category": null}, "geometry": {"type": "MultiPoint", "coordinates": [[97.24849722, 24.26932778]]}}, {"type": "Feature", "properties": {"fid": 1226, "area_code": "PAC", "airport_identifier": "VYNT", "procedure_identifier": "R34", "route_type": "A", "transition_identifier": "WUNNA", "seqno": 10, "waypoint_icao_code": "VY", "waypoint_identifier": "WUNNA", "waypoint_latitude": 19.41969444, "waypoint_longitude": 96.19547222, "waypoint_description_code": "E  A", "turn_direction": null, "rnp": 1.0, "path_termination": "IF", "recommanded_navaid": null, "recommanded_navaid_latitude": null, "recommanded_navaid_longitude": null, "arc_radius": null, "theta": null, "rho": null, "magnetic_course": null, "route_distance_holding_distance_time": null, "distance_time": null, "altitude_description": "+", "altitude1": 3000.0, "altitude2": null, "transition_altitude": null, "speed_limit_description": "-", "speed_limit": 230.0, "vertical_angle": null, "center_waypoint": null, "center_waypoint_latitude": null, "center_waypoint_longitude": null, "aircraft_category": null}, "geometry": {"type": "MultiPoint", "coordinates": [[96.19547222, 19.41969444]]}}, {"type": "Feature", "properties": {"fid": 1227, "area_code": "PAC", "airport_identifier": "VYNT", "procedure_identifier": "R34", "route_type": "A", "transition_identifier": "WUNNA", "seqno": 20, "waypoint_icao_code": "VY", "waypoint_identifier": "NT913", "waypoint_latitude": 19.45205556, "waypoint_longitude": 96.27677778, "waypoint_description_code": "E", "turn_direction": null, "rnp": 1.0, "path_termination": "TF", "recommanded_navaid": null, "recommanded_navaid_latitude": null, "recommanded_navaid_longitude": null, "arc_radius": null, "theta": null, "rho": null, "magnetic_course": null, "route_distance_holding_distance_time": null, "distance_time": null, "altitude_description": "+", "altitude1": 3000.0, "altitude2": null, "transition_altitude": null, "speed_limit_description": "-", "speed_limit": 230.0, "vertical_angle": null, "center_waypoint": null, "center_waypoint_latitude": null, "center_waypoint_longitude": null, "aircraft_category": null}, "geometry": {"type": "MultiPoint", "coordinates": [[96.27677778, 19.45205556]]}}, {"type": "Feature", "properties": {"fid": 1229, "area_code": "PAC", "airport_identifier": "VYNT", "procedure_identifier": "R34", "route_type": "A", "transition_identifier": "ZIBYU", "seqno": 10, "waypoint_icao_code": "VY", "waypoint_identifier": "ZIBYU", "waypoint_latitude": 19.35947222, "waypoint_longitude": 96.31766667, "waypoint_description_code": "E  A", "turn_direction": null, "rnp": 1.0, "path_termination": "IF", "recommanded_navaid": null, "recommanded_navaid_latitude": null, "recommanded_navaid_longitude": null, "arc_radius": null, "theta": null, "rho": null, "magnetic_course": null, "route_distance_holding_distance_time": null, "distance_time": null, "altitude_description": "+", "altitude1": 5400.0, "altitude2": null, "transition_altitude": null, "speed_limit_description": "-", "speed_limit": 230.0, "vertical_angle": null, "center_waypoint": null, "center_waypoint_latitude": null, "center_waypoint_longitude": null, "aircraft_category": null}, "geometry": {"type": "MultiPoint", "coordinates": [[96.31766667, 19.35947222]]}}, {"type": "Feature", "properties": {"fid": 1230, "area_code": "PAC", "airport_identifier": "VYNT", "procedure_identifier": "R34", "route_type": "A", "transition_identifier": "ZIBYU", "seqno": 20, "waypoint_icao_code": "VY", "waypoint_identifier": "NT913", "waypoint_latitude": 19.45205556, "waypoint_longitude": 96.27677778, "waypoint_description_code": "E", "turn_direction": null, "rnp": 1.0, "path_termination": "TF", "recommanded_navaid": null, "recommanded_navaid_latitude": null, "recommanded_navaid_longitude": null, "arc_radius": null, "theta": null, "rho": null, "magnetic_course": null, "route_distance_holding_distance_time": null, "distance_time": null, "altitude_description": "+", "altitude1": 3000.0, "altitude2": null, "transition_altitude": null, "speed_limit_description": "-", "speed_limit": 230.0, "vertical_angle": null, "center_waypoint": null, "center_waypoint_latitude": null, "center_waypoint_longitude": null, "aircraft_category": null}, "geometry": {"type": "MultiPoint", "coordinates": [[96.27677778, 19.45205556]]}}, {"type": "Feature", "properties": {"fid": 1232, "area_code": "PAC", "airport_identifier": "VYNT", "procedure_identifier": "R34", "route_type": "R", "transition_identifier": null, "seqno": 10, "waypoint_icao_code": "VY", "waypoint_identifier": "NT913", "waypoint_latitude": 19.45205556, "waypoint_longitude": 96.27677778, "waypoint_description_code": "E  I", "turn_direction": null, "rnp": null, "path_termination": "IF", "recommanded_navaid": null, "recommanded_navaid_latitude": null, "recommanded_navaid_longitude": null, "arc_radius": null, "theta": null, "rho": null, "magnetic_course": null, "route_distance_holding_distance_time": null, "distance_time": null, "altitude_description": "+", "altitude1": 3000.0, "altitude2": null, "transition_altitude": null, "speed_limit_description": "-", "speed_limit": 230.0, "vertical_angle": null, "center_waypoint": null, "center_waypoint_latitude": null, "center_waypoint_longitude": null, "aircraft_category": null}, "geometry": {"type": "MultiPoint", "coordinates": [[96.27677778, 19.45205556]]}}, {"type": "Feature", "properties": {"fid": 1233, "area_code": "PAC", "airport_identifier": "VYNT", "procedure_identifier": "R34", "route_type": "R", "transition_identifier": null, "seqno": 20, "waypoint_icao_code": "VY", "waypoint_identifier": "HAYKO", "waypoint_latitude": 19.52922222, "waypoint_longitude": 96.24269444, "waypoint_description_code": "E  F", "turn_direction": null, "rnp": null, "path_termination": "TF", "recommanded_navaid": null, "recommanded_navaid_latitude": null, "recommanded_navaid_longitude": null, "arc_radius": null, "theta": null, "rho": null, "magnetic_course": 338.0, "route_distance_holding_distance_time": 5.0, "distance_time": "D", "altitude_description": "@", "altitude1": 2000.0, "altitude2": null, "transition_altitude": null, "speed_limit_description": null, "speed_limit": null, "vertical_angle": null, "center_waypoint": null, "center_waypoint_latitude": null, "center_waypoint_longitude": null, "aircraft_category": null}, "geometry": {"type": "MultiPoint", "coordinates": [[96.24269444, 19.52922222]]}}, {"type": "Feature", "properties": {"fid": 1234, "area_code": "PAC", "airport_identifier": "VYNT", "procedure_identifier": "R34", "route_type": "R", "transition_identifier": null, "seqno": 30, "waypoint_icao_code": "VY", "waypoint_identifier": "RW34", "waypoint_latitude": 19.60832222, "waypoint_longitude": 96.20773333, "waypoint_description_code": "GY M", "turn_direction": null, "rnp": null, "path_termination": "TF", "recommanded_navaid": null, "recommanded_navaid_latitude": null, "recommanded_navaid_longitude": null, "arc_radius": null, "theta": null, "rho": null, "magnetic_course": 338.0, "route_distance_holding_distance_time": 5.1, "distance_time": "D", "altitude_description": "@", "altitude1": 345.0, "altitude2": null, "transition_altitude": null, "speed_limit_description": null, "speed_limit": null, "vertical_angle": -3.0, "center_waypoint": null, "center_waypoint_latitude": null, "center_waypoint_longitude": null, "aircraft_category": null}, "geometry": {"type": "MultiPoint", "coordinates": [[96.20773333, 19.60832222]]}}, {"type": "Feature", "properties": {"fid": 1236, "area_code": "PAC", "airport_identifier": "VYNT", "procedure_identifier": "R34", "route_type": "R", "transition_identifier": null, "seqno": 40, "waypoint_icao_code": "VY", "waypoint_identifier": "NT914", "waypoint_latitude": 19.65461111, "waypoint_longitude": 96.18727778, "waypoint_description_code": "EY", "turn_direction": null, "rnp": 1.0, "path_termination": "DF", "recommanded_navaid": null, "recommanded_navaid_latitude": null, "recommanded_navaid_longitude": null, "arc_radius": null, "theta": null, "rho": null, "magnetic_course": null, "route_distance_holding_distance_time": null, "distance_time": null, "altitude_description": null, "altitude1": null, "altitude2": null, "transition_altitude": null, "speed_limit_description": "-", "speed_limit": 230.0, "vertical_angle": null, "center_waypoint": null, "center_waypoint_latitude": null, "center_waypoint_longitude": null, "aircraft_category": null}, "geometry": {"type": "MultiPoint", "coordinates": [[96.18727778, 19.65461111]]}}, {"type": "Feature", "properties": {"fid": 1237, "area_code": "PAC", "airport_identifier": "VYNT", "procedure_identifier": "R34", "route_type": "R", "transition_identifier": null, "seqno": 50, "waypoint_icao_code": "VY", "waypoint_identifier": "NT915", "waypoint_latitude": 19.49686111, "waypoint_longitude": 96.16136111, "waypoint_description_code": "E", "turn_direction": "L", "rnp": 1.0, "path_termination": "DF", "recommanded_navaid": null, "recommanded_navaid_latitude": null, "recommanded_navaid_longitude": null, "arc_radius": null, "theta": null, "rho": null, "magnetic_course": null, "route_distance_holding_distance_time": null, "distance_time": null, "altitude_description": null, "altitude1": null, "altitude2": null, "transition_altitude": null, "speed_limit_description": "-", "speed_limit": 230.0, "vertical_angle": null, "center_waypoint": null, "center_waypoint_latitude": null, "center_waypoint_longitude": null, "aircraft_category": null}, "geometry": {"type": "MultiPoint", "coordinates": [[96.16136111, 19.49686111]]}}, {"type": "Feature", "properties": {"fid": 1238, "area_code": "PAC", "airport_identifier": "VYNT", "procedure_identifier": "R34", "route_type": "R", "transition_identifier": null, "seqno": 60, "waypoint_icao_code": "VY", "waypoint_identifier": "WUNNA", "waypoint_latitude": 19.41969444, "waypoint_longitude": 96.19547222, "waypoint_description_code": "E", "turn_direction": null, "rnp": 1.0, "path_termination": "TF", "recommanded_navaid": null, "recommanded_navaid_latitude": null, "recommanded_navaid_longitude": null, "arc_radius": null, "theta": null, "rho": null, "magnetic_course": null, "route_distance_holding_distance_time": null, "distance_time": null, "altitude_description": "+", "altitude1": 3000.0, "altitude2": null, "transition_altitude": null, "speed_limit_description": "-", "speed_limit": 230.0, "vertical_angle": null, "center_waypoint": null, "center_waypoint_latitude": null, "center_waypoint_longitude": null, "aircraft_category": null}, "geometry": {"type": "MultiPoint", "coordinates": [[96.19547222, 19.41969444]]}}, {"type": "Feature", "properties": {"fid": 1239, "area_code": "PAC", "airport_identifier": "VYNT", "procedure_identifier": "R34", "route_type": "R", "transition_identifier": null, "seqno": 70, "waypoint_icao_code": "VY", "waypoint_identifier": "WUNNA", "waypoint_latitude": 19.41969444, "waypoint_longitude": 96.19547222, "waypoint_description_code": "E  H", "turn_direction": "R", "rnp": 1.0, "path_termination": "HM", "recommanded_navaid": null, "recommanded_navaid_latitude": null, "recommanded_navaid_longitude": null, "arc_radius": null, "theta": null, "rho": null, "magnetic_course": 68.0, "route_distance_holding_distance_time": 1.0, "distance_time": "T", "altitude_description": "+", "altitude1": 3000.0, "altitude2": null, "transition_altitude": null, "speed_limit_description": "-", "speed_limit": 230.0, "vertical_angle": null, "center_waypoint": null, "center_waypoint_latitude": null, "center_waypoint_longitude": null, "aircraft_category": null}, "geometry": {"type": "MultiPoint", "coordinates": [[96.19547222, 19.41969444]]}}, {"type": "Feature", "properties": {"fid": 1241, "area_code": "PAC", "airport_identifier": "VYYY", "procedure_identifier": "I21-Z", "route_type": "A", "transition_identifier": "BAGOO", "seqno": 10, "waypoint_icao_code": "VY", "waypoint_identifier": "BAGOO", "waypoint_latitude": 17.3185, "waypoint_longitude": 96.51986111, "waypoint_description_code": "E  A", "turn_direction": null, "rnp": null, "path_termination": "IF", "recommanded_navaid": null, "recommanded_navaid_latitude": null, "recommanded_navaid_longitude": null, "arc_radius": null, "theta": null, "rho": null, "magnetic_course": null, "route_distance_holding_distance_time": null, "distance_time": null, "altitude_description": null, "altitude1": null, "altitude2": null, "transition_altitude": null, "speed_limit_description": null, "speed_limit": null, "vertical_angle": null, "center_waypoint": null, "center_waypoint_latitude": null, "center_waypoint_longitude": null, "aircraft_category": null}, "geometry": {"type": "MultiPoint", "coordinates": [[96.51986111, 17.3185]]}}, {"type": "Feature", "properties": {"fid": 1242, "area_code": "PAC", "airport_identifier": "VYYY", "procedure_identifier": "I21-Z", "route_type": "A", "transition_identifier": "BAGOO", "seqno": 20, "waypoint_icao_code": "VY", "waypoint_identifier": "PAKSU", "waypoint_latitude": 17.14961111, "waypoint_longitude": 96.32894444, "waypoint_description_code": "E", "turn_direction": null, "rnp": null, "path_termination": "TF", "recommanded_navaid": null, "recommanded_navaid_latitude": null, "recommanded_navaid_longitude": null, "arc_radius": null, "theta": null, "rho": null, "magnetic_course": null, "route_distance_holding_distance_time": null, "distance_time": null, "altitude_description": "+", "altitude1": 4000.0, "altitude2": null, "transition_altitude": null, "speed_limit_description": "-", "speed_limit": 230.0, "vertical_angle": null, "center_waypoint": null, "center_waypoint_latitude": null, "center_waypoint_longitude": null, "aircraft_category": null}, "geometry": {"type": "MultiPoint", "coordinates": [[96.32894444, 17.14961111]]}}, {"type": "Feature", "properties": {"fid": 1243, "area_code": "PAC", "airport_identifier": "VYYY", "procedure_identifier": "I21-Z", "route_type": "A", "transition_identifier": "BAGOO", "seqno": 30, "waypoint_icao_code": "VY", "waypoint_identifier": "HLEGU", "waypoint_latitude": 17.08030556, "waypoint_longitude": 96.251, "waypoint_description_code": "E", "turn_direction": null, "rnp": null, "path_termination": "TF", "recommanded_navaid": null, "recommanded_navaid_latitude": null, "recommanded_navaid_longitude": null, "arc_radius": null, "theta": null, "rho": null, "magnetic_course": null, "route_distance_holding_distance_time": null, "distance_time": null, "altitude_description": "+", "altitude1": 3000.0, "altitude2": null, "transition_altitude": null, "speed_limit_description": "-", "speed_limit": 200.0, "vertical_angle": null, "center_waypoint": null, "center_waypoint_latitude": null, "center_waypoint_longitude": null, "aircraft_category": null}, "geometry": {"type": "MultiPoint", "coordinates": [[96.251, 17.08030556]]}}, {"type": "Feature", "properties": {"fid": 1244, "area_code": "PAC", "airport_identifier": "VYYY", "procedure_identifier": "I21-Z", "route_type": "A", "transition_identifier": "BAGOO", "seqno": 40, "waypoint_icao_code": "VY", "waypoint_identifier": "BAVEL", "waypoint_latitude": 17.01695, "waypoint_longitude": 96.20721944, "waypoint_description_code": "E", "turn_direction": null, "rnp": null, "path_termination": "TF", "recommanded_navaid": null, "recommanded_navaid_latitude": null, "recommanded_navaid_longitude": null, "arc_radius": null, "theta": null, "rho": null, "magnetic_course": null, "route_distance_holding_distance_time": null, "distance_time": null, "altitude_description": "+", "altitude1": 2200.0, "altitude2": null, "transition_altitude": null, "speed_limit_description": null, "speed_limit": null, "vertical_angle": null, "center_waypoint": null, "center_waypoint_latitude": null, "center_waypoint_longitude": null, "aircraft_category": null}, "geometry": {"type": "MultiPoint", "coordinates": [[96.20721944, 17.01695]]}}, {"type": "Feature", "properties": {"fid": 1246, "area_code": "PAC", "airport_identifier": "VYYY", "procedure_identifier": "I21-Z", "route_type": "A", "transition_identifier": "DANSO", "seqno": 10, "waypoint_icao_code": "VY", "waypoint_identifier": "DANSO", "waypoint_latitude": 17.02355556, "waypoint_longitude": 96.34541667, "waypoint_description_code": "E  A", "turn_direction": null, "rnp": null, "path_termination": "IF", "recommanded_navaid": null, "recommanded_navaid_latitude": null, "recommanded_navaid_longitude": null, "arc_radius": null, "theta": null, "rho": null, "magnetic_course": null, "route_distance_holding_distance_time": null, "distance_time": null, "altitude_description": "+", "altitude1": 4000.0, "altitude2": null, "transition_altitude": null, "speed_limit_description": "-", "speed_limit": 230.0, "vertical_angle": null, "center_waypoint": null, "center_waypoint_latitude": null, "center_waypoint_longitude": null, "aircraft_category": null}, "geometry": {"type": "MultiPoint", "coordinates": [[96.34541667, 17.02355556]]}}, {"type": "Feature", "properties": {"fid": 1247, "area_code": "PAC", "airport_identifier": "VYYY", "procedure_identifier": "I21-Z", "route_type": "A", "transition_identifier": "DANSO", "seqno": 20, "waypoint_icao_code": "VY", "waypoint_identifier": "HLEGU", "waypoint_latitude": 17.08030556, "waypoint_longitude": 96.251, "waypoint_description_code": "E", "turn_direction": null, "rnp": null, "path_termination": "TF", "recommanded_navaid": null, "recommanded_navaid_latitude": null, "recommanded_navaid_longitude": null, "arc_radius": null, "theta": null, "rho": null, "magnetic_course": null, "route_distance_holding_distance_time": null, "distance_time": null, "altitude_description": "+", "altitude1": 3000.0, "altitude2": null, "transition_altitude": null, "speed_limit_description": "-", "speed_limit": 200.0, "vertical_angle": null, "center_waypoint": null, "center_waypoint_latitude": null, "center_waypoint_longitude": null, "aircraft_category": null}, "geometry": {"type": "MultiPoint", "coordinates": [[96.251, 17.08030556]]}}, {"type": "Feature", "properties": {"fid": 1248, "area_code": "PAC", "airport_identifier": "VYYY", "procedure_identifier": "I21-Z", "route_type": "A", "transition_identifier": "DANSO", "seqno": 30, "waypoint_icao_code": "VY", "waypoint_identifier": "BAVEL", "waypoint_latitude": 17.01695, "waypoint_longitude": 96.20721944, "waypoint_description_code": "E", "turn_direction": null, "rnp": null, "path_termination": "TF", "recommanded_navaid": null, "recommanded_navaid_latitude": null, "recommanded_navaid_longitude": null, "arc_radius": null, "theta": null, "rho": null, "magnetic_course": null, "route_distance_holding_distance_time": null, "distance_time": null, "altitude_description": "+", "altitude1": 2200.0, "altitude2": null, "transition_altitude": null, "speed_limit_description": null, "speed_limit": null, "vertical_angle": null, "center_waypoint": null, "center_waypoint_latitude": null, "center_waypoint_longitude": null, "aircraft_category": null}, "geometry": {"type": "MultiPoint", "coordinates": [[96.20721944, 17.01695]]}}, {"type": "Feature", "properties": {"fid": 1250, "area_code": "PAC", "airport_identifier": "VYYY", "procedure_identifier": "I21-Z", "route_type": "A", "transition_identifier": "GONAS", "seqno": 10, "waypoint_icao_code": "VY", "waypoint_identifier": "GONAS", "waypoint_latitude": 17.16733333, "waypoint_longitude": 96.19222222, "waypoint_description_code": "E  A", "turn_direction": null, "rnp": null, "path_termination": "IF", "recommanded_navaid": null, "recommanded_navaid_latitude": null, "recommanded_navaid_longitude": null, "arc_radius": null, "theta": null, "rho": null, "magnetic_course": null, "route_distance_holding_distance_time": null, "distance_time": null, "altitude_description": "+", "altitude1": 4000.0, "altitude2": null, "transition_altitude": null, "speed_limit_description": "-", "speed_limit": 230.0, "vertical_angle": null, "center_waypoint": null, "center_waypoint_latitude": null, "center_waypoint_longitude": null, "aircraft_category": null}, "geometry": {"type": "MultiPoint", "coordinates": [[96.19222222, 17.16733333]]}}, {"type": "Feature", "properties": {"fid": 1251, "area_code": "PAC", "airport_identifier": "VYYY", "procedure_identifier": "I21-Z", "route_type": "A", "transition_identifier": "GONAS", "seqno": 20, "waypoint_icao_code": "VY", "waypoint_identifier": "HLEGU", "waypoint_latitude": 17.08030556, "waypoint_longitude": 96.251, "waypoint_description_code": "E", "turn_direction": null, "rnp": null, "path_termination": "TF", "recommanded_navaid": null, "recommanded_navaid_latitude": null, "recommanded_navaid_longitude": null, "arc_radius": null, "theta": null, "rho": null, "magnetic_course": null, "route_distance_holding_distance_time": null, "distance_time": null, "altitude_description": "+", "altitude1": 3000.0, "altitude2": null, "transition_altitude": null, "speed_limit_description": "-", "speed_limit": 200.0, "vertical_angle": null, "center_waypoint": null, "center_waypoint_latitude": null, "center_waypoint_longitude": null, "aircraft_category": null}, "geometry": {"type": "MultiPoint", "coordinates": [[96.251, 17.08030556]]}}, {"type": "Feature", "properties": {"fid": 1252, "area_code": "PAC", "airport_identifier": "VYYY", "procedure_identifier": "I21-Z", "route_type": "A", "transition_identifier": "GONAS", "seqno": 30, "waypoint_icao_code": "VY", "waypoint_identifier": "BAVEL", "waypoint_latitude": 17.01695, "waypoint_longitude": 96.20721944, "waypoint_description_code": "E", "turn_direction": null, "rnp": null, "path_termination": "TF", "recommanded_navaid": null, "recommanded_navaid_latitude": null, "recommanded_navaid_longitude": null, "arc_radius": null, "theta": null, "rho": null, "magnetic_course": null, "route_distance_holding_distance_time": null, "distance_time": null, "altitude_description": "+", "altitude1": 2200.0, "altitude2": null, "transition_altitude": null, "speed_limit_description": null, "speed_limit": null, "vertical_angle": null, "center_waypoint": null, "center_waypoint_latitude": null, "center_waypoint_longitude": null, "aircraft_category": null}, "geometry": {"type": "MultiPoint", "coordinates": [[96.20721944, 17.01695]]}}, {"type": "Feature", "properties": {"fid": 1254, "area_code": "PAC", "airport_identifier": "VYYY", "procedure_identifier": "I21-Z", "route_type": "I", "transition_identifier": null, "seqno": 10, "waypoint_icao_code": "VY", "waypoint_identifier": "BAVEL", "waypoint_latitude": 17.01695, "waypoint_longitude": 96.20721944, "waypoint_description_code": "E  I", "turn_direction": null, "rnp": null, "path_termination": "IF", "recommanded_navaid": null, "recommanded_navaid_latitude": null, "recommanded_navaid_longitude": null, "arc_radius": null, "theta": null, "rho": null, "magnetic_course": null, "route_distance_holding_distance_time": null, "distance_time": null, "altitude_description": "+", "altitude1": 2200.0, "altitude2": null, "transition_altitude": null, "speed_limit_description": null, "speed_limit": null, "vertical_angle": null, "center_waypoint": null, "center_waypoint_latitude": null, "center_waypoint_longitude": null, "aircraft_category": null}, "geometry": {"type": "MultiPoint", "coordinates": [[96.20721944, 17.01695]]}}, {"type": "Feature", "properties": {"fid": 1255, "area_code": "PAC", "airport_identifier": "VYYY", "procedure_identifier": "I21-Z", "route_type": "I", "transition_identifier": null, "seqno": 20, "waypoint_icao_code": "VY", "waypoint_identifier": "SULAP", "waypoint_latitude": 16.98563889, "waypoint_longitude": 96.18655556, "waypoint_description_code": "E  F", "turn_direction": null, "rnp": null, "path_termination": "CF", "recommanded_navaid": null, "recommanded_navaid_latitude": null, "recommanded_navaid_longitude": null, "arc_radius": null, "theta": null, "rho": null, "magnetic_course": 214.0, "route_distance_holding_distance_time": 2.2, "distance_time": "D", "altitude_description": "@", "altitude1": 2200.0, "altitude2": null, "transition_altitude": null, "speed_limit_description": null, "speed_limit": null, "vertical_angle": -3.0, "center_waypoint": null, "center_waypoint_latitude": null, "center_waypoint_longitude": null, "aircraft_category": null}, "geometry": {"type": "MultiPoint", "coordinates": [[96.18655556, 16.98563889]]}}, {"type": "Feature", "properties": {"fid": 1256, "area_code": "PAC", "airport_identifier": "VYYY", "procedure_identifier": "I21-Z", "route_type": "I", "transition_identifier": null, "seqno": 30, "waypoint_icao_code": "VY", "waypoint_identifier": "RW21", "waypoint_latitude": 16.92373611, "waypoint_longitude": 96.14445556, "waypoint_description_code": "G  M", "turn_direction": null, "rnp": null, "path_termination": "CF", "recommanded_navaid": null, "recommanded_navaid_latitude": null, "recommanded_navaid_longitude": null, "arc_radius": null, "theta": null, "rho": null, "magnetic_course": 214.0, "route_distance_holding_distance_time": 4.4, "distance_time": "D", "altitude_description": "@", "altitude1": 97.0, "altitude2": null, "transition_altitude": null, "speed_limit_description": null, "speed_limit": null, "vertical_angle": -3.0, "center_waypoint": null, "center_waypoint_latitude": null, "center_waypoint_longitude": null, "aircraft_category": null}, "geometry": {"type": "MultiPoint", "coordinates": [[96.14445556, 16.92373611]]}}, {"type": "Feature", "properties": {"fid": 1258, "area_code": "PAC", "airport_identifier": "VYYY", "procedure_identifier": "I21-Z", "route_type": "I", "transition_identifier": null, "seqno": 40, "waypoint_icao_code": null, "waypoint_identifier": null, "waypoint_latitude": null, "waypoint_longitude": null, "waypoint_description_code": null, "turn_direction": null, "rnp": null, "path_termination": "CA", "recommanded_navaid": null, "recommanded_navaid_latitude": null, "recommanded_navaid_longitude": null, "arc_radius": null, "theta": null, "rho": null, "magnetic_course": 214.0, "route_distance_holding_distance_time": null, "distance_time": null, "altitude_description": "+", "altitude1": 610.0, "altitude2": null, "transition_altitude": null, "speed_limit_description": null, "speed_limit": null, "vertical_angle": null, "center_waypoint": null, "center_waypoint_latitude": null, "center_waypoint_longitude": null, "aircraft_category": null}, "geometry": {"type": "MultiPoint", "coordinates": []}}, {"type": "Feature", "properties": {"fid": 1259, "area_code": "PAC", "airport_identifier": "VYYY", "procedure_identifier": "I21-Z", "route_type": "I", "transition_identifier": null, "seqno": 50, "waypoint_icao_code": "VY", "waypoint_identifier": "YY901", "waypoint_latitude": 16.86352778, "waypoint_longitude": 96.08408333, "waypoint_description_code": "E", "turn_direction": null, "rnp": null, "path_termination": "CF", "recommanded_navaid": null, "recommanded_navaid_latitude": null, "recommanded_navaid_longitude": null, "arc_radius": null, "theta": null, "rho": null, "magnetic_course": 225.0, "route_distance_holding_distance_time": 5.0, "distance_time": "D", "altitude_description": "+", "altitude1": 1100.0, "altitude2": null, "transition_altitude": null, "speed_limit_description": null, "speed_limit": null, "vertical_angle": null, "center_waypoint": null, "center_waypoint_latitude": null, "center_waypoint_longitude": null, "aircraft_category": null}, "geometry": {"type": "MultiPoint", "coordinates": [[96.08408333, 16.86352778]]}}, {"type": "Feature", "properties": {"fid": 1260, "area_code": "PAC", "airport_identifier": "VYYY", "procedure_identifier": "I21-Z", "route_type": "I", "transition_identifier": null, "seqno": 60, "waypoint_icao_code": "VY", "waypoint_identifier": "PUKIS", "waypoint_latitude": 17.00297222, "waypoint_longitude": 95.93397222, "waypoint_description_code": "EY", "turn_direction": null, "rnp": null, "path_termination": "TF", "recommanded_navaid": null, "recommanded_navaid_latitude": null, "recommanded_navaid_longitude": null, "arc_radius": null, "theta": null, "rho": null, "magnetic_course": 315.0, "route_distance_holding_distance_time": 12.0, "distance_time": "D", "altitude_description": "+", "altitude1": 3000.0, "altitude2": null, "transition_altitude": null, "speed_limit_description": "-", "speed_limit": 230.0, "vertical_angle": null, "center_waypoint": null, "center_waypoint_latitude": null, "center_waypoint_longitude": null, "aircraft_category": null}, "geometry": {"type": "MultiPoint", "coordinates": [[95.93397222, 17.00297222]]}}, {"type": "Feature", "properties": {"fid": 1261, "area_code": "PAC", "airport_identifier": "VYYY", "procedure_identifier": "I21-Z", "route_type": "I", "transition_identifier": null, "seqno": 70, "waypoint_icao_code": "VY", "waypoint_identifier": "PUKIS", "waypoint_latitude": 17.00297222, "waypoint_longitude": 95.93397222, "waypoint_description_code": "E  H", "turn_direction": "R", "rnp": null, "path_termination": "HM", "recommanded_navaid": null, "recommanded_navaid_latitude": null, "recommanded_navaid_longitude": null, "arc_radius": null, "theta": null, "rho": null, "magnetic_course": 360.0, "route_distance_holding_distance_time": 1.0, "distance_time": "T", "altitude_description": "+", "altitude1": 3000.0, "altitude2": null, "transition_altitude": null, "speed_limit_description": "-", "speed_limit": 230.0, "vertical_angle": null, "center_waypoint": null, "center_waypoint_latitude": null, "center_waypoint_longitude": null, "aircraft_category": null}, "geometry": {"type": "MultiPoint", "coordinates": [[95.93397222, 17.00297222]]}}, {"type": "Feature", "properties": {"fid": 1263, "area_code": "PAC", "airport_identifier": "VYPN", "procedure_identifier": "D24", "route_type": "A", "transition_identifier": "PTN1", "seqno": 10, "waypoint_icao_code": "VY", "waypoint_identifier": "PTN", "waypoint_latitude": 16.80868889, "waypoint_longitude": 94.76955, "waypoint_description_code": "E  A", "turn_direction": null, "rnp": null, "path_termination": "IF", "recommanded_navaid": null, "recommanded_navaid_latitude": null, "recommanded_navaid_longitude": null, "arc_radius": null, "theta": null, "rho": null, "magnetic_course": null, "route_distance_holding_distance_time": null, "distance_time": null, "altitude_description": "+", "altitude1": 3000.0, "altitude2": null, "transition_altitude": null, "speed_limit_description": null, "speed_limit": null, "vertical_angle": null, "center_waypoint": null, "center_waypoint_latitude": null, "center_waypoint_longitude": null, "aircraft_category": null}, "geometry": {"type": "MultiPoint", "coordinates": [[94.76955, 16.80868889]]}}, {"type": "Feature", "properties": {"fid": 1264, "area_code": "PAC", "airport_identifier": "VYPN", "procedure_identifier": "D24", "route_type": "A", "transition_identifier": "PTN1", "seqno": 20, "waypoint_icao_code": null, "waypoint_identifier": null, "waypoint_latitude": null, "waypoint_longitude": null, "waypoint_description_code": null, "turn_direction": null, "rnp": null, "path_termination": "FD", "recommanded_navaid": null, "recommanded_navaid_latitude": null, "recommanded_navaid_longitude": null, "arc_radius": null, "theta": null, "rho": null, "magnetic_course": 95.0, "route_distance_holding_distance_time": 6.0, "distance_time": "D", "altitude_description": "+", "altitude1": 1720.0, "altitude2": null, "transition_altitude": null, "speed_limit_description": null, "speed_limit": null, "vertical_angle": null, "center_waypoint": null, "center_waypoint_latitude": null, "center_waypoint_longitude": null, "aircraft_category": null}, "geometry": {"type": "MultiPoint", "coordinates": []}}, {"type": "Feature", "properties": {"fid": 1265, "area_code": "PAC", "airport_identifier": "VYPN", "procedure_identifier": "D24", "route_type": "A", "transition_identifier": "PTN1", "seqno": 30, "waypoint_icao_code": "VY", "waypoint_identifier": "FD24", "waypoint_latitude": 16.85268333, "waypoint_longitude": 94.86326667, "waypoint_description_code": "E", "turn_direction": "L", "rnp": null, "path_termination": "CF", "recommanded_navaid": null, "recommanded_navaid_latitude": null, "recommanded_navaid_longitude": null, "arc_radius": null, "theta": null, "rho": null, "magnetic_course": 245.0, "route_distance_holding_distance_time": 1.0, "distance_time": "D", "altitude_description": "+", "altitude1": 1720.0, "altitude2": null, "transition_altitude": null, "speed_limit_description": null, "speed_limit": null, "vertical_angle": null, "center_waypoint": null, "center_waypoint_latitude": null, "center_waypoint_longitude": null, "aircraft_category": null}, "geometry": {"type": "MultiPoint", "coordinates": [[94.86326667, 16.85268333]]}}, {"type": "Feature", "properties": {"fid": 1267, "area_code": "PAC", "airport_identifier": "VYPN", "procedure_identifier": "D24", "route_type": "A", "transition_identifier": "PTN2", "seqno": 10, "waypoint_icao_code": "VY", "waypoint_identifier": "PTN", "waypoint_latitude": 16.80868889, "waypoint_longitude": 94.76955, "waypoint_description_code": "E  A", "turn_direction": null, "rnp": null, "path_termination": "IF", "recommanded_navaid": null, "recommanded_navaid_latitude": null, "recommanded_navaid_longitude": null, "arc_radius": null, "theta": null, "rho": null, "magnetic_course": null, "route_distance_holding_distance_time": null, "distance_time": null, "altitude_description": "+", "altitude1": 3000.0, "altitude2": null, "transition_altitude": null, "speed_limit_description": null, "speed_limit": null, "vertical_angle": null, "center_waypoint": null, "center_waypoint_latitude": null, "center_waypoint_longitude": null, "aircraft_category": null}, "geometry": {"type": "MultiPoint", "coordinates": [[94.76955, 16.80868889]]}}, {"type": "Feature", "properties": {"fid": 1268, "area_code": "PAC", "airport_identifier": "VYPN", "procedure_identifier": "D24", "route_type": "A", "transition_identifier": "PTN2", "seqno": 20, "waypoint_icao_code": null, "waypoint_identifier": null, "waypoint_latitude": null, "waypoint_longitude": null, "waypoint_description_code": null, "turn_direction": null, "rnp": null, "path_termination": "FD", "recommanded_navaid": null, "recommanded_navaid_latitude": null, "recommanded_navaid_longitude": null, "arc_radius": null, "theta": null, "rho": null, "magnetic_course": 80.0, "route_distance_holding_distance_time": 6.0, "distance_time": "D", "altitude_description": "+", "altitude1": 1720.0, "altitude2": null, "transition_altitude": null, "speed_limit_description": null, "speed_limit": null, "vertical_angle": null, "center_waypoint": null, "center_waypoint_latitude": null, "center_waypoint_longitude": null, "aircraft_category": null}, "geometry": {"type": "MultiPoint", "coordinates": []}}, {"type": "Feature", "properties": {"fid": 1269, "area_code": "PAC", "airport_identifier": "VYPN", "procedure_identifier": "D24", "route_type": "A", "transition_identifier": "PTN2", "seqno": 30, "waypoint_icao_code": "VY", "waypoint_identifier": "FD24", "waypoint_latitude": 16.85268333, "waypoint_longitude": 94.86326667, "waypoint_description_code": "E", "turn_direction": "L", "rnp": null, "path_termination": "CF", "recommanded_navaid": null, "recommanded_navaid_latitude": null, "recommanded_navaid_longitude": null, "arc_radius": null, "theta": null, "rho": null, "magnetic_course": 245.0, "route_distance_holding_distance_time": 1.0, "distance_time": "D", "altitude_description": "+", "altitude1": 1720.0, "altitude2": null, "transition_altitude": null, "speed_limit_description": null, "speed_limit": null, "vertical_angle": null, "center_waypoint": null, "center_waypoint_latitude": null, "center_waypoint_longitude": null, "aircraft_category": null}, "geometry": {"type": "MultiPoint", "coordinates": [[94.86326667, 16.85268333]]}}, {"type": "Feature", "properties": {"fid": 1271, "area_code": "PAC", "airport_identifier": "VYPN", "procedure_identifier": "D24", "route_type": "D", "transition_identifier": null, "seqno": 20, "waypoint_icao_code": "VY", "waypoint_identifier": "FD24", "waypoint_latitude": 16.85268333, "waypoint_longitude": 94.86326667, "waypoint_description_code": "E  F", "turn_direction": null, "rnp": null, "path_termination": "IF", "recommanded_navaid": null, "recommanded_navaid_latitude": null, "recommanded_navaid_longitude": null, "arc_radius": null, "theta": null, "rho": null, "magnetic_course": null, "route_distance_holding_distance_time": null, "distance_time": null, "altitude_description": "+", "altitude1": 1720.0, "altitude2": null, "transition_altitude": null, "speed_limit_description": null, "speed_limit": null, "vertical_angle": null, "center_waypoint": null, "center_waypoint_latitude": null, "center_waypoint_longitude": null, "aircraft_category": null}, "geometry": {"type": "MultiPoint", "coordinates": [[94.86326667, 16.85268333]]}}, {"type": "Feature", "properties": {"fid": 1272, "area_code": "PAC", "airport_identifier": "VYPN", "procedure_identifier": "D24", "route_type": "D", "transition_identifier": null, "seqno": 30, "waypoint_icao_code": "VY", "waypoint_identifier": "MD24", "waypoint_latitude": 16.82115833, "waypoint_longitude": 94.79609722, "waypoint_description_code": "E  M", "turn_direction": null, "rnp": null, "path_termination": "CF", "recommanded_navaid": null, "recommanded_navaid_latitude": null, "recommanded_navaid_longitude": null, "arc_radius": null, "theta": null, "rho": null, "magnetic_course": 245.0, "route_distance_holding_distance_time": 4.3, "distance_time": "D", "altitude_description": "@", "altitude1": 350.0, "altitude2": null, "transition_altitude": null, "speed_limit_description": null, "speed_limit": null, "vertical_angle": -3.0, "center_waypoint": null, "center_waypoint_latitude": null, "center_waypoint_longitude": null, "aircraft_category": null}, "geometry": {"type": "MultiPoint", "coordinates": [[94.79609722, 16.82115833]]}}, {"type": "Feature", "properties": {"fid": 1274, "area_code": "PAC", "airport_identifier": "VYPN", "procedure_identifier": "D24", "route_type": "D", "transition_identifier": null, "seqno": 40, "waypoint_icao_code": null, "waypoint_identifier": null, "waypoint_latitude": null, "waypoint_longitude": null, "waypoint_description_code": null, "turn_direction": null, "rnp": null, "path_termination": "CA", "recommanded_navaid": null, "recommanded_navaid_latitude": null, "recommanded_navaid_longitude": null, "arc_radius": null, "theta": null, "rho": null, "magnetic_course": 245.0, "route_distance_holding_distance_time": null, "distance_time": null, "altitude_description": "+", "altitude1": 520.0, "altitude2": null, "transition_altitude": null, "speed_limit_description": null, "speed_limit": null, "vertical_angle": null, "center_waypoint": null, "center_waypoint_latitude": null, "center_waypoint_longitude": null, "aircraft_category": null}, "geometry": {"type": "MultiPoint", "coordinates": []}}, {"type": "Feature", "properties": {"fid": 1275, "area_code": "PAC", "airport_identifier": "VYPN", "procedure_identifier": "D24", "route_type": "D", "transition_identifier": null, "seqno": 50, "waypoint_icao_code": null, "waypoint_identifier": null, "waypoint_latitude": null, "waypoint_longitude": null, "waypoint_description_code": null, "turn_direction": null, "rnp": null, "path_termination": "VA", "recommanded_navaid": null, "recommanded_navaid_latitude": null, "recommanded_navaid_longitude": null, "arc_radius": null, "theta": null, "rho": null, "magnetic_course": 240.0, "route_distance_holding_distance_time": null, "distance_time": null, "altitude_description": "+", "altitude1": 3000.0, "altitude2": null, "transition_altitude": null, "speed_limit_description": null, "speed_limit": null, "vertical_angle": null, "center_waypoint": null, "center_waypoint_latitude": null, "center_waypoint_longitude": null, "aircraft_category": null}, "geometry": {"type": "MultiPoint", "coordinates": []}}, {"type": "Feature", "properties": {"fid": 1276, "area_code": "PAC", "airport_identifier": "VYPN", "procedure_identifier": "D24", "route_type": "D", "transition_identifier": null, "seqno": 60, "waypoint_icao_code": "VY", "waypoint_identifier": "PTN", "waypoint_latitude": 16.80868889, "waypoint_longitude": 94.76955, "waypoint_description_code": "E", "turn_direction": "R", "rnp": null, "path_termination": "DF", "recommanded_navaid": null, "recommanded_navaid_latitude": null, "recommanded_navaid_longitude": null, "arc_radius": null, "theta": null, "rho": null, "magnetic_course": null, "route_distance_holding_distance_time": null, "distance_time": null, "altitude_description": "+", "altitude1": 3000.0, "altitude2": null, "transition_altitude": null, "speed_limit_description": null, "speed_limit": null, "vertical_angle": null, "center_waypoint": null, "center_waypoint_latitude": null, "center_waypoint_longitude": null, "aircraft_category": null}, "geometry": {"type": "MultiPoint", "coordinates": [[94.76955, 16.80868889]]}}, {"type": "Feature", "properties": {"fid": 1277, "area_code": "PAC", "airport_identifier": "VYPN", "procedure_identifier": "D24", "route_type": "D", "transition_identifier": null, "seqno": 70, "waypoint_icao_code": "VY", "waypoint_identifier": "PTN", "waypoint_latitude": 16.80868889, "waypoint_longitude": 94.76955, "waypoint_description_code": "E  H", "turn_direction": "R", "rnp": null, "path_termination": "HM", "recommanded_navaid": null, "recommanded_navaid_latitude": null, "recommanded_navaid_longitude": null, "arc_radius": null, "theta": null, "rho": null, "magnetic_course": 95.0, "route_distance_holding_distance_time": 1.0, "distance_time": "T", "altitude_description": null, "altitude1": null, "altitude2": null, "transition_altitude": null, "speed_limit_description": null, "speed_limit": null, "vertical_angle": null, "center_waypoint": null, "center_waypoint_latitude": null, "center_waypoint_longitude": null, "aircraft_category": null}, "geometry": {"type": "MultiPoint", "coordinates": [[94.76955, 16.80868889]]}}, {"type": "Feature", "properties": {"fid": 1279, "area_code": "PAC", "airport_identifier": "VYKT", "procedure_identifier": "N02", "route_type": "A", "transition_identifier": "KT1", "seqno": 10, "waypoint_icao_code": "VY", "waypoint_identifier": "KT", "waypoint_latitude": 10.05000833, "waypoint_longitude": 98.54006944, "waypoint_description_code": "E  A", "turn_direction": null, "rnp": null, "path_termination": "IF", "recommanded_navaid": null, "recommanded_navaid_latitude": null, "recommanded_navaid_longitude": null, "arc_radius": null, "theta": null, "rho": null, "magnetic_course": null, "route_distance_holding_distance_time": null, "distance_time": null, "altitude_description": "+", "altitude1": 3500.0, "altitude2": null, "transition_altitude": null, "speed_limit_description": null, "speed_limit": null, "vertical_angle": null, "center_waypoint": null, "center_waypoint_latitude": null, "center_waypoint_longitude": null, "aircraft_category": null}, "geometry": {"type": "MultiPoint", "coordinates": [[98.54006944, 10.05000833]]}}, {"type": "Feature", "properties": {"fid": 1280, "area_code": "PAC", "airport_identifier": "VYKT", "procedure_identifier": "N02", "route_type": "A", "transition_identifier": "KT1", "seqno": 20, "waypoint_icao_code": null, "waypoint_identifier": null, "waypoint_latitude": null, "waypoint_longitude": null, "waypoint_description_code": null, "turn_direction": null, "rnp": null, "path_termination": "FC", "recommanded_navaid": null, "recommanded_navaid_latitude": null, "recommanded_navaid_longitude": null, "arc_radius": null, "theta": null, "rho": null, "magnetic_course": 240.0, "route_distance_holding_distance_time": 5.3, "distance_time": "D", "altitude_description": "+", "altitude1": 1700.0, "altitude2": null, "transition_altitude": null, "speed_limit_description": null, "speed_limit": null, "vertical_angle": null, "center_waypoint": null, "center_waypoint_latitude": null, "center_waypoint_longitude": null, "aircraft_category": null}, "geometry": {"type": "MultiPoint", "coordinates": []}}, {"type": "Feature", "properties": {"fid": 1281, "area_code": "PAC", "airport_identifier": "VYKT", "procedure_identifier": "N02", "route_type": "A", "transition_identifier": "KT1", "seqno": 30, "waypoint_icao_code": "VY", "waypoint_identifier": "FF02", "waypoint_latitude": 9.97474444, "waypoint_longitude": 98.49263056, "waypoint_description_code": "E", "turn_direction": "L", "rnp": null, "path_termination": "CF", "recommanded_navaid": null, "recommanded_navaid_latitude": null, "recommanded_navaid_longitude": null, "arc_radius": null, "theta": null, "rho": null, "magnetic_course": 33.0, "route_distance_holding_distance_time": 1.0, "distance_time": "D", "altitude_description": "+", "altitude1": 1700.0, "altitude2": null, "transition_altitude": null, "speed_limit_description": null, "speed_limit": null, "vertical_angle": null, "center_waypoint": null, "center_waypoint_latitude": null, "center_waypoint_longitude": null, "aircraft_category": null}, "geometry": {"type": "MultiPoint", "coordinates": [[98.49263056, 9.97474444]]}}, {"type": "Feature", "properties": {"fid": 1283, "area_code": "PAC", "airport_identifier": "VYKT", "procedure_identifier": "N02", "route_type": "A", "transition_identifier": "KT2", "seqno": 10, "waypoint_icao_code": "VY", "waypoint_identifier": "KT", "waypoint_latitude": 10.05000833, "waypoint_longitude": 98.54006944, "waypoint_description_code": "E  A", "turn_direction": null, "rnp": null, "path_termination": "IF", "recommanded_navaid": null, "recommanded_navaid_latitude": null, "recommanded_navaid_longitude": null, "arc_radius": null, "theta": null, "rho": null, "magnetic_course": null, "route_distance_holding_distance_time": null, "distance_time": null, "altitude_description": "+", "altitude1": 3500.0, "altitude2": null, "transition_altitude": null, "speed_limit_description": null, "speed_limit": null, "vertical_angle": null, "center_waypoint": null, "center_waypoint_latitude": null, "center_waypoint_longitude": null, "aircraft_category": null}, "geometry": {"type": "MultiPoint", "coordinates": [[98.54006944, 10.05000833]]}}, {"type": "Feature", "properties": {"fid": 1284, "area_code": "PAC", "airport_identifier": "VYKT", "procedure_identifier": "N02", "route_type": "A", "transition_identifier": "KT2", "seqno": 20, "waypoint_icao_code": null, "waypoint_identifier": null, "waypoint_latitude": null, "waypoint_longitude": null, "waypoint_description_code": null, "turn_direction": null, "rnp": null, "path_termination": "FC", "recommanded_navaid": null, "recommanded_navaid_latitude": null, "recommanded_navaid_longitude": null, "arc_radius": null, "theta": null, "rho": null, "magnetic_course": 240.0, "route_distance_holding_distance_time": 7.5, "distance_time": "D", "altitude_description": "+", "altitude1": 1700.0, "altitude2": null, "transition_altitude": null, "speed_limit_description": null, "speed_limit": null, "vertical_angle": null, "center_waypoint": null, "center_waypoint_latitude": null, "center_waypoint_longitude": null, "aircraft_category": null}, "geometry": {"type": "MultiPoint", "coordinates": []}}, {"type": "Feature", "properties": {"fid": 1285, "area_code": "PAC", "airport_identifier": "VYKT", "procedure_identifier": "N02", "route_type": "A", "transition_identifier": "KT2", "seqno": 30, "waypoint_icao_code": "VY", "waypoint_identifier": "FF02", "waypoint_latitude": 9.97474444, "waypoint_longitude": 98.49263056, "waypoint_description_code": "E", "turn_direction": "L", "rnp": null, "path_termination": "CF", "recommanded_navaid": null, "recommanded_navaid_latitude": null, "recommanded_navaid_longitude": null, "arc_radius": null, "theta": null, "rho": null, "magnetic_course": 33.0, "route_distance_holding_distance_time": 3.2, "distance_time": "D", "altitude_description": "+", "altitude1": 1700.0, "altitude2": null, "transition_altitude": null, "speed_limit_description": null, "speed_limit": null, "vertical_angle": null, "center_waypoint": null, "center_waypoint_latitude": null, "center_waypoint_longitude": null, "aircraft_category": null}, "geometry": {"type": "MultiPoint", "coordinates": [[98.49263056, 9.97474444]]}}, {"type": "Feature", "properties": {"fid": 1287, "area_code": "PAC", "airport_identifier": "VYKT", "procedure_identifier": "N02", "route_type": "N", "transition_identifier": null, "seqno": 20, "waypoint_icao_code": "VY", "waypoint_identifier": "FF02", "waypoint_latitude": 9.97474444, "waypoint_longitude": 98.49263056, "waypoint_description_code": "E  F", "turn_direction": null, "rnp": null, "path_termination": "IF", "recommanded_navaid": null, "recommanded_navaid_latitude": null, "recommanded_navaid_longitude": null, "arc_radius": null, "theta": null, "rho": null, "magnetic_course": null, "route_distance_holding_distance_time": null, "distance_time": null, "altitude_description": "+", "altitude1": 1700.0, "altitude2": null, "transition_altitude": null, "speed_limit_description": null, "speed_limit": null, "vertical_angle": null, "center_waypoint": null, "center_waypoint_latitude": null, "center_waypoint_longitude": null, "aircraft_category": null}, "geometry": {"type": "MultiPoint", "coordinates": [[98.49263056, 9.97474444]]}}, {"type": "Feature", "properties": {"fid": 1288, "area_code": "PAC", "airport_identifier": "VYKT", "procedure_identifier": "N02", "route_type": "N", "transition_identifier": null, "seqno": 30, "waypoint_icao_code": "VY", "waypoint_identifier": "MA02", "waypoint_latitude": 10.02104444, "waypoint_longitude": 98.52181111, "waypoint_description_code": "E  M", "turn_direction": null, "rnp": null, "path_termination": "CF", "recommanded_navaid": null, "recommanded_navaid_latitude": null, "recommanded_navaid_longitude": null, "arc_radius": null, "theta": null, "rho": null, "magnetic_course": 33.0, "route_distance_holding_distance_time": 3.3, "distance_time": "D", "altitude_description": "@", "altitude1": 590.0, "altitude2": null, "transition_altitude": null, "speed_limit_description": null, "speed_limit": null, "vertical_angle": -3.21, "center_waypoint": null, "center_waypoint_latitude": null, "center_waypoint_longitude": null, "aircraft_category": null}, "geometry": {"type": "MultiPoint", "coordinates": [[98.52181111, 10.02104444]]}}, {"type": "Feature", "properties": {"fid": 1290, "area_code": "PAC", "airport_identifier": "VYKT", "procedure_identifier": "N02", "route_type": "N", "transition_identifier": null, "seqno": 40, "waypoint_icao_code": null, "waypoint_identifier": null, "waypoint_latitude": null, "waypoint_longitude": null, "waypoint_description_code": null, "turn_direction": null, "rnp": null, "path_termination": "VA", "recommanded_navaid": null, "recommanded_navaid_latitude": null, "recommanded_navaid_longitude": null, "arc_radius": null, "theta": null, "rho": null, "magnetic_course": 330.0, "route_distance_holding_distance_time": null, "distance_time": null, "altitude_description": "+", "altitude1": 2000.0, "altitude2": null, "transition_altitude": null, "speed_limit_description": null, "speed_limit": null, "vertical_angle": null, "center_waypoint": null, "center_waypoint_latitude": null, "center_waypoint_longitude": null, "aircraft_category": null}, "geometry": {"type": "MultiPoint", "coordinates": []}}, {"type": "Feature", "properties": {"fid": 1291, "area_code": "PAC", "airport_identifier": "VYKT", "procedure_identifier": "N02", "route_type": "N", "transition_identifier": null, "seqno": 50, "waypoint_icao_code": "VY", "waypoint_identifier": "KT", "waypoint_latitude": 10.05000833, "waypoint_longitude": 98.54006944, "waypoint_description_code": "E", "turn_direction": "L", "rnp": null, "path_termination": "DF", "recommanded_navaid": null, "recommanded_navaid_latitude": null, "recommanded_navaid_longitude": null, "arc_radius": null, "theta": null, "rho": null, "magnetic_course": null, "route_distance_holding_distance_time": null, "distance_time": null, "altitude_description": "@", "altitude1": 3500.0, "altitude2": null, "transition_altitude": null, "speed_limit_description": null, "speed_limit": null, "vertical_angle": null, "center_waypoint": null, "center_waypoint_latitude": null, "center_waypoint_longitude": null, "aircraft_category": null}, "geometry": {"type": "MultiPoint", "coordinates": [[98.54006944, 10.05000833]]}}, {"type": "Feature", "properties": {"fid": 1292, "area_code": "PAC", "airport_identifier": "VYKT", "procedure_identifier": "N02", "route_type": "N", "transition_identifier": null, "seqno": 60, "waypoint_icao_code": "VY", "waypoint_identifier": "KT", "waypoint_latitude": 10.05000833, "waypoint_longitude": 98.54006944, "waypoint_description_code": "E  H", "turn_direction": "R", "rnp": null, "path_termination": "HM", "recommanded_navaid": null, "recommanded_navaid_latitude": null, "recommanded_navaid_longitude": null, "arc_radius": null, "theta": null, "rho": null, "magnetic_course": 240.0, "route_distance_holding_distance_time": 1.0, "distance_time": "T", "altitude_description": null, "altitude1": null, "altitude2": null, "transition_altitude": null, "speed_limit_description": null, "speed_limit": null, "vertical_angle": null, "center_waypoint": null, "center_waypoint_latitude": null, "center_waypoint_longitude": null, "aircraft_category": null}, "geometry": {"type": "MultiPoint", "coordinates": [[98.54006944, 10.05000833]]}}, {"type": "Feature", "properties": {"fid": 1294, "area_code": "PAC", "airport_identifier": "VYME", "procedure_identifier": "R18", "route_type": "A", "transition_identifier": "KALVO", "seqno": 10, "waypoint_icao_code": "VY", "waypoint_identifier": "KALVO", "waypoint_latitude": 12.70300833, "waypoint_longitude": 98.63371667, "waypoint_description_code": "E  A", "turn_direction": null, "rnp": 1.0, "path_termination": "IF", "recommanded_navaid": null, "recommanded_navaid_latitude": null, "recommanded_navaid_longitude": null, "arc_radius": null, "theta": null, "rho": null, "magnetic_course": null, "route_distance_holding_distance_time": null, "distance_time": null, "altitude_description": "+", "altitude1": 4000.0, "altitude2": null, "transition_altitude": null, "speed_limit_description": "-", "speed_limit": 210.0, "vertical_angle": null, "center_waypoint": null, "center_waypoint_latitude": null, "center_waypoint_longitude": null, "aircraft_category": null}, "geometry": {"type": "MultiPoint", "coordinates": [[98.63371667, 12.70300833]]}}, {"type": "Feature", "properties": {"fid": 1295, "area_code": "PAC", "airport_identifier": "VYME", "procedure_identifier": "R18", "route_type": "A", "transition_identifier": "KALVO", "seqno": 20, "waypoint_icao_code": "VY", "waypoint_identifier": "ME901", "waypoint_latitude": 12.61939722, "waypoint_longitude": 98.62970556, "waypoint_description_code": "E", "turn_direction": null, "rnp": 1.0, "path_termination": "TF", "recommanded_navaid": null, "recommanded_navaid_latitude": null, "recommanded_navaid_longitude": null, "arc_radius": null, "theta": null, "rho": null, "magnetic_course": null, "route_distance_holding_distance_time": null, "distance_time": null, "altitude_description": "+", "altitude1": 2800.0, "altitude2": null, "transition_altitude": null, "speed_limit_description": null, "speed_limit": null, "vertical_angle": null, "center_waypoint": null, "center_waypoint_latitude": null, "center_waypoint_longitude": null, "aircraft_category": null}, "geometry": {"type": "MultiPoint", "coordinates": [[98.62970556, 12.61939722]]}}, {"type": "Feature", "properties": {"fid": 1297, "area_code": "PAC", "airport_identifier": "VYME", "procedure_identifier": "R18", "route_type": "A", "transition_identifier": "TEGAN", "seqno": 10, "waypoint_icao_code": "VY", "waypoint_identifier": "TEGAN", "waypoint_latitude": 12.61544444, "waypoint_longitude": 98.71483889, "waypoint_description_code": "E  A", "turn_direction": null, "rnp": 1.0, "path_termination": "IF", "recommanded_navaid": null, "recommanded_navaid_latitude": null, "recommanded_navaid_longitude": null, "arc_radius": null, "theta": null, "rho": null, "magnetic_course": null, "route_distance_holding_distance_time": null, "distance_time": null, "altitude_description": "+", "altitude1": 4000.0, "altitude2": null, "transition_altitude": null, "speed_limit_description": "-", "speed_limit": 210.0, "vertical_angle": null, "center_waypoint": null, "center_waypoint_latitude": null, "center_waypoint_longitude": null, "aircraft_category": null}, "geometry": {"type": "MultiPoint", "coordinates": [[98.71483889, 12.61544444]]}}, {"type": "Feature", "properties": {"fid": 1298, "area_code": "PAC", "airport_identifier": "VYME", "procedure_identifier": "R18", "route_type": "A", "transition_identifier": "TEGAN", "seqno": 20, "waypoint_icao_code": "VY", "waypoint_identifier": "ME901", "waypoint_latitude": 12.61939722, "waypoint_longitude": 98.62970556, "waypoint_description_code": "E", "turn_direction": null, "rnp": 1.0, "path_termination": "TF", "recommanded_navaid": null, "recommanded_navaid_latitude": null, "recommanded_navaid_longitude": null, "arc_radius": null, "theta": null, "rho": null, "magnetic_course": null, "route_distance_holding_distance_time": null, "distance_time": null, "altitude_description": "+", "altitude1": 2800.0, "altitude2": null, "transition_altitude": null, "speed_limit_description": null, "speed_limit": null, "vertical_angle": null, "center_waypoint": null, "center_waypoint_latitude": null, "center_waypoint_longitude": null, "aircraft_category": null}, "geometry": {"type": "MultiPoint", "coordinates": [[98.62970556, 12.61939722]]}}, {"type": "Feature", "properties": {"fid": 1300, "area_code": "PAC", "airport_identifier": "VYME", "procedure_identifier": "R18", "route_type": "R", "transition_identifier": null, "seqno": 10, "waypoint_icao_code": "VY", "waypoint_identifier": "ME901", "waypoint_latitude": 12.61939722, "waypoint_longitude": 98.62970556, "waypoint_description_code": "E  I", "turn_direction": null, "rnp": null, "path_termination": "IF", "recommanded_navaid": null, "recommanded_navaid_latitude": null, "recommanded_navaid_longitude": null, "arc_radius": null, "theta": null, "rho": null, "magnetic_course": null, "route_distance_holding_distance_time": null, "distance_time": null, "altitude_description": "+", "altitude1": 2800.0, "altitude2": null, "transition_altitude": null, "speed_limit_description": null, "speed_limit": null, "vertical_angle": null, "center_waypoint": null, "center_waypoint_latitude": null, "center_waypoint_longitude": null, "aircraft_category": null}, "geometry": {"type": "MultiPoint", "coordinates": [[98.62970556, 12.61939722]]}}, {"type": "Feature", "properties": {"fid": 1301, "area_code": "PAC", "airport_identifier": "VYME", "procedure_identifier": "R18", "route_type": "R", "transition_identifier": null, "seqno": 20, "waypoint_icao_code": "VY", "waypoint_identifier": "VANBI", "waypoint_latitude": 12.53578333, "waypoint_longitude": 98.62569444, "waypoint_description_code": "E  F", "turn_direction": null, "rnp": null, "path_termination": "TF", "recommanded_navaid": null, "recommanded_navaid_latitude": null, "recommanded_navaid_longitude": null, "arc_radius": null, "theta": null, "rho": null, "magnetic_course": 183.0, "route_distance_holding_distance_time": 5.0, "distance_time": "D", "altitude_description": "@", "altitude1": 1700.0, "altitude2": null, "transition_altitude": null, "speed_limit_description": null, "speed_limit": null, "vertical_angle": null, "center_waypoint": null, "center_waypoint_latitude": null, "center_waypoint_longitude": null, "aircraft_category": null}, "geometry": {"type": "MultiPoint", "coordinates": [[98.62569444, 12.53578333]]}}, {"type": "Feature", "properties": {"fid": 1302, "area_code": "PAC", "airport_identifier": "VYME", "procedure_identifier": "R18", "route_type": "R", "transition_identifier": null, "seqno": 30, "waypoint_icao_code": "VY", "waypoint_identifier": "RW18", "waypoint_latitude": 12.45235, "waypoint_longitude": 98.62169444, "waypoint_description_code": "GY M", "turn_direction": null, "rnp": null, "path_termination": "TF", "recommanded_navaid": null, "recommanded_navaid_latitude": null, "recommanded_navaid_longitude": null, "arc_radius": null, "theta": null, "rho": null, "magnetic_course": 183.0, "route_distance_holding_distance_time": 5.0, "distance_time": "D", "altitude_description": "@", "altitude1": 112.0, "altitude2": null, "transition_altitude": null, "speed_limit_description": null, "speed_limit": null, "vertical_angle": -3.0, "center_waypoint": null, "center_waypoint_latitude": null, "center_waypoint_longitude": null, "aircraft_category": null}, "geometry": {"type": "MultiPoint", "coordinates": [[98.62169444, 12.45235]]}}, {"type": "Feature", "properties": {"fid": 1304, "area_code": "PAC", "airport_identifier": "VYME", "procedure_identifier": "R18", "route_type": "R", "transition_identifier": null, "seqno": 40, "waypoint_icao_code": "VY", "waypoint_identifier": "ME902", "waypoint_latitude": 12.34416389, "waypoint_longitude": 98.61651111, "waypoint_description_code": "EY", "turn_direction": null, "rnp": 1.0, "path_termination": "DF", "recommanded_navaid": null, "recommanded_navaid_latitude": null, "recommanded_navaid_longitude": null, "arc_radius": null, "theta": null, "rho": null, "magnetic_course": null, "route_distance_holding_distance_time": null, "distance_time": null, "altitude_description": null, "altitude1": null, "altitude2": null, "transition_altitude": null, "speed_limit_description": null, "speed_limit": null, "vertical_angle": null, "center_waypoint": null, "center_waypoint_latitude": null, "center_waypoint_longitude": null, "aircraft_category": null}, "geometry": {"type": "MultiPoint", "coordinates": [[98.61651111, 12.34416389]]}}, {"type": "Feature", "properties": {"fid": 1305, "area_code": "PAC", "airport_identifier": "VYME", "procedure_identifier": "R18", "route_type": "R", "transition_identifier": null, "seqno": 50, "waypoint_icao_code": "VY", "waypoint_identifier": "ME903", "waypoint_latitude": 12.48481111, "waypoint_longitude": 98.736325, "waypoint_description_code": "E", "turn_direction": "L", "rnp": 1.0, "path_termination": "DF", "recommanded_navaid": null, "recommanded_navaid_latitude": null, "recommanded_navaid_longitude": null, "arc_radius": null, "theta": null, "rho": null, "magnetic_course": null, "route_distance_holding_distance_time": null, "distance_time": null, "altitude_description": null, "altitude1": null, "altitude2": null, "transition_altitude": null, "speed_limit_description": null, "speed_limit": null, "vertical_angle": null, "center_waypoint": null, "center_waypoint_latitude": null, "center_waypoint_longitude": null, "aircraft_category": null}, "geometry": {"type": "MultiPoint", "coordinates": [[98.736325, 12.48481111]]}}, {"type": "Feature", "properties": {"fid": 1306, "area_code": "PAC", "airport_identifier": "VYME", "procedure_identifier": "R18", "route_type": "R", "transition_identifier": null, "seqno": 60, "waypoint_icao_code": "VY", "waypoint_identifier": "TEGAN", "waypoint_latitude": 12.61544444, "waypoint_longitude": 98.71483889, "waypoint_description_code": "E", "turn_direction": null, "rnp": 1.0, "path_termination": "TF", "recommanded_navaid": null, "recommanded_navaid_latitude": null, "recommanded_navaid_longitude": null, "arc_radius": null, "theta": null, "rho": null, "magnetic_course": null, "route_distance_holding_distance_time": null, "distance_time": null, "altitude_description": "+", "altitude1": 4000.0, "altitude2": null, "transition_altitude": null, "speed_limit_description": "-", "speed_limit": 210.0, "vertical_angle": null, "center_waypoint": null, "center_waypoint_latitude": null, "center_waypoint_longitude": null, "aircraft_category": null}, "geometry": {"type": "MultiPoint", "coordinates": [[98.71483889, 12.61544444]]}}, {"type": "Feature", "properties": {"fid": 1307, "area_code": "PAC", "airport_identifier": "VYME", "procedure_identifier": "R18", "route_type": "R", "transition_identifier": null, "seqno": 70, "waypoint_icao_code": "VY", "waypoint_identifier": "TEGAN", "waypoint_latitude": 12.61544444, "waypoint_longitude": 98.71483889, "waypoint_description_code": "E  H", "turn_direction": "R", "rnp": 1.0, "path_termination": "HM", "recommanded_navaid": null, "recommanded_navaid_latitude": null, "recommanded_navaid_longitude": null, "arc_radius": null, "theta": null, "rho": null, "magnetic_course": 273.0, "route_distance_holding_distance_time": 1.0, "distance_time": "T", "altitude_description": "+", "altitude1": 4000.0, "altitude2": null, "transition_altitude": null, "speed_limit_description": "-", "speed_limit": 210.0, "vertical_angle": null, "center_waypoint": null, "center_waypoint_latitude": null, "center_waypoint_longitude": null, "aircraft_category": null}, "geometry": {"type": "MultiPoint", "coordinates": [[98.71483889, 12.61544444]]}}, {"type": "Feature", "properties": {"fid": 1309, "area_code": "PAC", "airport_identifier": "VYBG", "procedure_identifier": "R36", "route_type": "A", "transition_identifier": "LAMIN", "seqno": 10, "waypoint_icao_code": "VY", "waypoint_identifier": "LAMIN", "waypoint_latitude": 20.91300556, "waypoint_longitude": 94.92808611, "waypoint_description_code": "E  A", "turn_direction": null, "rnp": 1.0, "path_termination": "IF", "recommanded_navaid": null, "recommanded_navaid_latitude": null, "recommanded_navaid_longitude": null, "arc_radius": null, "theta": null, "rho": null, "magnetic_course": null, "route_distance_holding_distance_time": null, "distance_time": null, "altitude_description": "+", "altitude1": 4000.0, "altitude2": null, "transition_altitude": null, "speed_limit_description": "-", "speed_limit": 210.0, "vertical_angle": null, "center_waypoint": null, "center_waypoint_latitude": null, "center_waypoint_longitude": null, "aircraft_category": null}, "geometry": {"type": "MultiPoint", "coordinates": [[94.92808611, 20.91300556]]}}, {"type": "Feature", "properties": {"fid": 1310, "area_code": "PAC", "airport_identifier": "VYBG", "procedure_identifier": "R36", "route_type": "A", "transition_identifier": "LAMIN", "seqno": 20, "waypoint_icao_code": "VY", "waypoint_identifier": "BG903", "waypoint_latitude": 20.99664167, "waypoint_longitude": 94.92879722, "waypoint_description_code": "E", "turn_direction": null, "rnp": 1.0, "path_termination": "TF", "recommanded_navaid": null, "recommanded_navaid_latitude": null, "recommanded_navaid_longitude": null, "arc_radius": null, "theta": null, "rho": null, "magnetic_course": null, "route_distance_holding_distance_time": null, "distance_time": null, "altitude_description": "+", "altitude1": 2500.0, "altitude2": null, "transition_altitude": null, "speed_limit_description": "-", "speed_limit": 210.0, "vertical_angle": null, "center_waypoint": null, "center_waypoint_latitude": null, "center_waypoint_longitude": null, "aircraft_category": null}, "geometry": {"type": "MultiPoint", "coordinates": [[94.92879722, 20.99664167]]}}, {"type": "Feature", "properties": {"fid": 1312, "area_code": "PAC", "airport_identifier": "VYBG", "procedure_identifier": "R36", "route_type": "A", "transition_identifier": "MAHAR", "seqno": 10, "waypoint_icao_code": "VY", "waypoint_identifier": "MAHAR", "waypoint_latitude": 21.1257, "waypoint_longitude": 95.13454722, "waypoint_description_code": "E  A", "turn_direction": null, "rnp": 1.0, "path_termination": "IF", "recommanded_navaid": null, "recommanded_navaid_latitude": null, "recommanded_navaid_longitude": null, "arc_radius": null, "theta": null, "rho": null, "magnetic_course": null, "route_distance_holding_distance_time": null, "distance_time": null, "altitude_description": "+", "altitude1": 5000.0, "altitude2": null, "transition_altitude": null, "speed_limit_description": "-", "speed_limit": 230.0, "vertical_angle": null, "center_waypoint": null, "center_waypoint_latitude": null, "center_waypoint_longitude": null, "aircraft_category": null}, "geometry": {"type": "MultiPoint", "coordinates": [[95.13454722, 21.1257]]}}, {"type": "Feature", "properties": {"fid": 1313, "area_code": "PAC", "airport_identifier": "VYBG", "procedure_identifier": "R36", "route_type": "A", "transition_identifier": "MAHAR", "seqno": 20, "waypoint_icao_code": "VY", "waypoint_identifier": "NANDA", "waypoint_latitude": 20.99594722, "waypoint_longitude": 95.01785556, "waypoint_description_code": "E", "turn_direction": null, "rnp": 1.0, "path_termination": "TF", "recommanded_navaid": null, "recommanded_navaid_latitude": null, "recommanded_navaid_longitude": null, "arc_radius": null, "theta": null, "rho": null, "magnetic_course": null, "route_distance_holding_distance_time": null, "distance_time": null, "altitude_description": "+", "altitude1": 4000.0, "altitude2": null, "transition_altitude": null, "speed_limit_description": "-", "speed_limit": 210.0, "vertical_angle": null, "center_waypoint": null, "center_waypoint_latitude": null, "center_waypoint_longitude": null, "aircraft_category": null}, "geometry": {"type": "MultiPoint", "coordinates": [[95.01785556, 20.99594722]]}}, {"type": "Feature", "properties": {"fid": 1314, "area_code": "PAC", "airport_identifier": "VYBG", "procedure_identifier": "R36", "route_type": "A", "transition_identifier": "MAHAR", "seqno": 30, "waypoint_icao_code": "VY", "waypoint_identifier": "BG903", "waypoint_latitude": 20.99664167, "waypoint_longitude": 94.92879722, "waypoint_description_code": "E", "turn_direction": null, "rnp": 1.0, "path_termination": "TF", "recommanded_navaid": null, "recommanded_navaid_latitude": null, "recommanded_navaid_longitude": null, "arc_radius": null, "theta": null, "rho": null, "magnetic_course": null, "route_distance_holding_distance_time": null, "distance_time": null, "altitude_description": "+", "altitude1": 2500.0, "altitude2": null, "transition_altitude": null, "speed_limit_description": "-", "speed_limit": 210.0, "vertical_angle": null, "center_waypoint": null, "center_waypoint_latitude": null, "center_waypoint_longitude": null, "aircraft_category": null}, "geometry": {"type": "MultiPoint", "coordinates": [[94.92879722, 20.99664167]]}}, {"type": "Feature", "properties": {"fid": 1316, "area_code": "PAC", "airport_identifier": "VYBG", "procedure_identifier": "R36", "route_type": "R", "transition_identifier": null, "seqno": 10, "waypoint_icao_code": "VY", "waypoint_identifier": "BG903", "waypoint_latitude": 20.99664167, "waypoint_longitude": 94.92879722, "waypoint_description_code": "E  I", "turn_direction": null, "rnp": null, "path_termination": "IF", "recommanded_navaid": null, "recommanded_navaid_latitude": null, "recommanded_navaid_longitude": null, "arc_radius": null, "theta": null, "rho": null, "magnetic_course": null, "route_distance_holding_distance_time": null, "distance_time": null, "altitude_description": "+", "altitude1": 2500.0, "altitude2": null, "transition_altitude": null, "speed_limit_description": "-", "speed_limit": 210.0, "vertical_angle": null, "center_waypoint": null, "center_waypoint_latitude": null, "center_waypoint_longitude": null, "aircraft_category": null}, "geometry": {"type": "MultiPoint", "coordinates": [[94.92879722, 20.99664167]]}}, {"type": "Feature", "properties": {"fid": 1317, "area_code": "PAC", "airport_identifier": "VYBG", "procedure_identifier": "R36", "route_type": "R", "transition_identifier": null, "seqno": 20, "waypoint_icao_code": "VY", "waypoint_identifier": "YADAR", "waypoint_latitude": 21.08474722, "waypoint_longitude": 94.92955, "waypoint_description_code": "E  F", "turn_direction": null, "rnp": null, "path_termination": "TF", "recommanded_navaid": null, "recommanded_navaid_latitude": null, "recommanded_navaid_longitude": null, "arc_radius": null, "theta": null, "rho": null, "magnetic_course": 1.0, "route_distance_holding_distance_time": 5.2, "distance_time": "D", "altitude_description": "@", "altitude1": 2000.0, "altitude2": null, "transition_altitude": null, "speed_limit_description": null, "speed_limit": null, "vertical_angle": null, "center_waypoint": null, "center_waypoint_latitude": null, "center_waypoint_longitude": null, "aircraft_category": null}, "geometry": {"type": "MultiPoint", "coordinates": [[94.92955, 21.08474722]]}}, {"type": "Feature", "properties": {"fid": 1318, "area_code": "PAC", "airport_identifier": "VYBG", "procedure_identifier": "R36", "route_type": "R", "transition_identifier": null, "seqno": 30, "waypoint_icao_code": "VY", "waypoint_identifier": "RW36", "waypoint_latitude": 21.16725278, "waypoint_longitude": 94.93025278, "waypoint_description_code": "GY M", "turn_direction": null, "rnp": null, "path_termination": "TF", "recommanded_navaid": null, "recommanded_navaid_latitude": null, "recommanded_navaid_longitude": null, "arc_radius": null, "theta": null, "rho": null, "magnetic_course": 1.0, "route_distance_holding_distance_time": 5.0, "distance_time": "D", "altitude_description": "@", "altitude1": 409.0, "altitude2": null, "transition_altitude": null, "speed_limit_description": null, "speed_limit": null, "vertical_angle": -3.0, "center_waypoint": null, "center_waypoint_latitude": null, "center_waypoint_longitude": null, "aircraft_category": null}, "geometry": {"type": "MultiPoint", "coordinates": [[94.93025278, 21.16725278]]}}, {"type": "Feature", "properties": {"fid": 1320, "area_code": "PAC", "airport_identifier": "VYBG", "procedure_identifier": "R36", "route_type": "R", "transition_identifier": null, "seqno": 40, "waypoint_icao_code": "VY", "waypoint_identifier": "BG904", "waypoint_latitude": 21.28433611, "waypoint_longitude": 94.93125278, "waypoint_description_code": "EY", "turn_direction": null, "rnp": 1.0, "path_termination": "DF", "recommanded_navaid": null, "recommanded_navaid_latitude": null, "recommanded_navaid_longitude": null, "arc_radius": null, "theta": null, "rho": null, "magnetic_course": null, "route_distance_holding_distance_time": null, "distance_time": null, "altitude_description": null, "altitude1": null, "altitude2": null, "transition_altitude": null, "speed_limit_description": "-", "speed_limit": 230.0, "vertical_angle": null, "center_waypoint": null, "center_waypoint_latitude": null, "center_waypoint_longitude": null, "aircraft_category": null}, "geometry": {"type": "MultiPoint", "coordinates": [[94.93125278, 21.28433611]]}}, {"type": "Feature", "properties": {"fid": 1321, "area_code": "PAC", "airport_identifier": "VYBG", "procedure_identifier": "R36", "route_type": "R", "transition_identifier": null, "seqno": 50, "waypoint_icao_code": "VY", "waypoint_identifier": "MAHAR", "waypoint_latitude": 21.1257, "waypoint_longitude": 95.13454722, "waypoint_description_code": "E", "turn_direction": "R", "rnp": 1.0, "path_termination": "DF", "recommanded_navaid": null, "recommanded_navaid_latitude": null, "recommanded_navaid_longitude": null, "arc_radius": null, "theta": null, "rho": null, "magnetic_course": null, "route_distance_holding_distance_time": null, "distance_time": null, "altitude_description": "+", "altitude1": 5000.0, "altitude2": null, "transition_altitude": null, "speed_limit_description": "-", "speed_limit": 230.0, "vertical_angle": null, "center_waypoint": null, "center_waypoint_latitude": null, "center_waypoint_longitude": null, "aircraft_category": null}, "geometry": {"type": "MultiPoint", "coordinates": [[95.13454722, 21.1257]]}}, {"type": "Feature", "properties": {"fid": 1322, "area_code": "PAC", "airport_identifier": "VYBG", "procedure_identifier": "R36", "route_type": "R", "transition_identifier": null, "seqno": 60, "waypoint_icao_code": "VY", "waypoint_identifier": "MAHAR", "waypoint_latitude": 21.1257, "waypoint_longitude": 95.13454722, "waypoint_description_code": "E  H", "turn_direction": "L", "rnp": 1.0, "path_termination": "HM", "recommanded_navaid": null, "recommanded_navaid_latitude": null, "recommanded_navaid_longitude": null, "arc_radius": null, "theta": null, "rho": null, "magnetic_course": 221.0, "route_distance_holding_distance_time": 1.0, "distance_time": "T", "altitude_description": "+", "altitude1": 5000.0, "altitude2": null, "transition_altitude": null, "speed_limit_description": "-", "speed_limit": 230.0, "vertical_angle": null, "center_waypoint": null, "center_waypoint_latitude": null, "center_waypoint_longitude": null, "aircraft_category": null}, "geometry": {"type": "MultiPoint", "coordinates": [[95.13454722, 21.1257]]}}, {"type": "Feature", "properties": {"fid": 1324, "area_code": "PAC", "airport_identifier": "VYTD", "procedure_identifier": "N02", "route_type": "A", "transition_identifier": "TD1", "seqno": 10, "waypoint_icao_code": "VY", "waypoint_identifier": "TD", "waypoint_latitude": 18.45501944, "waypoint_longitude": 94.30104444, "waypoint_description_code": "E  A", "turn_direction": null, "rnp": null, "path_termination": "IF", "recommanded_navaid": null, "recommanded_navaid_latitude": null, "recommanded_navaid_longitude": null, "arc_radius": null, "theta": null, "rho": null, "magnetic_course": null, "route_distance_holding_distance_time": null, "distance_time": null, "altitude_description": "+", "altitude1": 3000.0, "altitude2": null, "transition_altitude": null, "speed_limit_description": null, "speed_limit": null, "vertical_angle": null, "center_waypoint": null, "center_waypoint_latitude": null, "center_waypoint_longitude": null, "aircraft_category": null}, "geometry": {"type": "MultiPoint", "coordinates": [[94.30104444, 18.45501944]]}}, {"type": "Feature", "properties": {"fid": 1325, "area_code": "PAC", "airport_identifier": "VYTD", "procedure_identifier": "N02", "route_type": "A", "transition_identifier": "TD1", "seqno": 20, "waypoint_icao_code": null, "waypoint_identifier": null, "waypoint_latitude": null, "waypoint_longitude": null, "waypoint_description_code": null, "turn_direction": null, "rnp": null, "path_termination": "FC", "recommanded_navaid": null, "recommanded_navaid_latitude": null, "recommanded_navaid_longitude": null, "arc_radius": null, "theta": null, "rho": null, "magnetic_course": 240.0, "route_distance_holding_distance_time": 5.3, "distance_time": "D", "altitude_description": "+", "altitude1": 1660.0, "altitude2": null, "transition_altitude": null, "speed_limit_description": null, "speed_limit": null, "vertical_angle": null, "center_waypoint": null, "center_waypoint_latitude": null, "center_waypoint_longitude": null, "aircraft_category": null}, "geometry": {"type": "MultiPoint", "coordinates": []}}, {"type": "Feature", "properties": {"fid": 1326, "area_code": "PAC", "airport_identifier": "VYTD", "procedure_identifier": "N02", "route_type": "A", "transition_identifier": "TD1", "seqno": 30, "waypoint_icao_code": "VY", "waypoint_identifier": "FN02", "waypoint_latitude": 18.37915278, "waypoint_longitude": 94.257, "waypoint_description_code": "E", "turn_direction": "L", "rnp": null, "path_termination": "CF", "recommanded_navaid": null, "recommanded_navaid_latitude": null, "recommanded_navaid_longitude": null, "arc_radius": null, "theta": null, "rho": null, "magnetic_course": 30.0, "route_distance_holding_distance_time": 1.0, "distance_time": "D", "altitude_description": "+", "altitude1": 1660.0, "altitude2": null, "transition_altitude": null, "speed_limit_description": null, "speed_limit": null, "vertical_angle": null, "center_waypoint": null, "center_waypoint_latitude": null, "center_waypoint_longitude": null, "aircraft_category": null}, "geometry": {"type": "MultiPoint", "coordinates": [[94.257, 18.37915278]]}}, {"type": "Feature", "properties": {"fid": 1328, "area_code": "PAC", "airport_identifier": "VYTD", "procedure_identifier": "N02", "route_type": "A", "transition_identifier": "TD2", "seqno": 10, "waypoint_icao_code": "VY", "waypoint_identifier": "TD", "waypoint_latitude": 18.45501944, "waypoint_longitude": 94.30104444, "waypoint_description_code": "E  A", "turn_direction": null, "rnp": null, "path_termination": "IF", "recommanded_navaid": null, "recommanded_navaid_latitude": null, "recommanded_navaid_longitude": null, "arc_radius": null, "theta": null, "rho": null, "magnetic_course": null, "route_distance_holding_distance_time": null, "distance_time": null, "altitude_description": "+", "altitude1": 3000.0, "altitude2": null, "transition_altitude": null, "speed_limit_description": null, "speed_limit": null, "vertical_angle": null, "center_waypoint": null, "center_waypoint_latitude": null, "center_waypoint_longitude": null, "aircraft_category": null}, "geometry": {"type": "MultiPoint", "coordinates": [[94.30104444, 18.45501944]]}}, {"type": "Feature", "properties": {"fid": 1329, "area_code": "PAC", "airport_identifier": "VYTD", "procedure_identifier": "N02", "route_type": "A", "transition_identifier": "TD2", "seqno": 20, "waypoint_icao_code": null, "waypoint_identifier": null, "waypoint_latitude": null, "waypoint_longitude": null, "waypoint_description_code": null, "turn_direction": null, "rnp": null, "path_termination": "FC", "recommanded_navaid": null, "recommanded_navaid_latitude": null, "recommanded_navaid_longitude": null, "arc_radius": null, "theta": null, "rho": null, "magnetic_course": 225.0, "route_distance_holding_distance_time": 6.0, "distance_time": "D", "altitude_description": "+", "altitude1": 1660.0, "altitude2": null, "transition_altitude": null, "speed_limit_description": null, "speed_limit": null, "vertical_angle": null, "center_waypoint": null, "center_waypoint_latitude": null, "center_waypoint_longitude": null, "aircraft_category": null}, "geometry": {"type": "MultiPoint", "coordinates": []}}, {"type": "Feature", "properties": {"fid": 1330, "area_code": "PAC", "airport_identifier": "VYTD", "procedure_identifier": "N02", "route_type": "A", "transition_identifier": "TD2", "seqno": 30, "waypoint_icao_code": "VY", "waypoint_identifier": "FN02", "waypoint_latitude": 18.37915278, "waypoint_longitude": 94.257, "waypoint_description_code": "E", "turn_direction": "L", "rnp": null, "path_termination": "CF", "recommanded_navaid": null, "recommanded_navaid_latitude": null, "recommanded_navaid_longitude": null, "arc_radius": null, "theta": null, "rho": null, "magnetic_course": 30.0, "route_distance_holding_distance_time": 1.0, "distance_time": "D", "altitude_description": "+", "altitude1": 1660.0, "altitude2": null, "transition_altitude": null, "speed_limit_description": null, "speed_limit": null, "vertical_angle": null, "center_waypoint": null, "center_waypoint_latitude": null, "center_waypoint_longitude": null, "aircraft_category": null}, "geometry": {"type": "MultiPoint", "coordinates": [[94.257, 18.37915278]]}}, {"type": "Feature", "properties": {"fid": 1332, "area_code": "PAC", "airport_identifier": "VYTD", "procedure_identifier": "N02", "route_type": "N", "transition_identifier": null, "seqno": 20, "waypoint_icao_code": "VY", "waypoint_identifier": "FN02", "waypoint_latitude": 18.37915278, "waypoint_longitude": 94.257, "waypoint_description_code": "E  F", "turn_direction": null, "rnp": null, "path_termination": "IF", "recommanded_navaid": null, "recommanded_navaid_latitude": null, "recommanded_navaid_longitude": null, "arc_radius": null, "theta": null, "rho": null, "magnetic_course": null, "route_distance_holding_distance_time": null, "distance_time": null, "altitude_description": "+", "altitude1": 1660.0, "altitude2": null, "transition_altitude": null, "speed_limit_description": null, "speed_limit": null, "vertical_angle": null, "center_waypoint": null, "center_waypoint_latitude": null, "center_waypoint_longitude": null, "aircraft_category": null}, "geometry": {"type": "MultiPoint", "coordinates": [[94.257, 18.37915278]]}}, {"type": "Feature", "properties": {"fid": 1333, "area_code": "PAC", "airport_identifier": "VYTD", "procedure_identifier": "N02", "route_type": "N", "transition_identifier": null, "seqno": 30, "waypoint_icao_code": "VY", "waypoint_identifier": "MN02", "waypoint_latitude": 18.42985556, "waypoint_longitude": 94.28643056, "waypoint_description_code": "E  M", "turn_direction": null, "rnp": null, "path_termination": "CF", "recommanded_navaid": null, "recommanded_navaid_latitude": null, "recommanded_navaid_longitude": null, "arc_radius": null, "theta": null, "rho": null, "magnetic_course": 30.0, "route_distance_holding_distance_time": 3.5, "distance_time": "D", "altitude_description": "@", "altitude1": 560.0, "altitude2": null, "transition_altitude": null, "speed_limit_description": null, "speed_limit": null, "vertical_angle": -3.0, "center_waypoint": null, "center_waypoint_latitude": null, "center_waypoint_longitude": null, "aircraft_category": null}, "geometry": {"type": "MultiPoint", "coordinates": [[94.28643056, 18.42985556]]}}, {"type": "Feature", "properties": {"fid": 1335, "area_code": "PAC", "airport_identifier": "VYTD", "procedure_identifier": "N02", "route_type": "N", "transition_identifier": null, "seqno": 40, "waypoint_icao_code": null, "waypoint_identifier": null, "waypoint_latitude": null, "waypoint_longitude": null, "waypoint_description_code": null, "turn_direction": null, "rnp": null, "path_termination": "VA", "recommanded_navaid": null, "recommanded_navaid_latitude": null, "recommanded_navaid_longitude": null, "arc_radius": null, "theta": null, "rho": null, "magnetic_course": 340.0, "route_distance_holding_distance_time": null, "distance_time": null, "altitude_description": "+", "altitude1": 2000.0, "altitude2": null, "transition_altitude": null, "speed_limit_description": null, "speed_limit": null, "vertical_angle": null, "center_waypoint": null, "center_waypoint_latitude": null, "center_waypoint_longitude": null, "aircraft_category": null}, "geometry": {"type": "MultiPoint", "coordinates": []}}, {"type": "Feature", "properties": {"fid": 1336, "area_code": "PAC", "airport_identifier": "VYTD", "procedure_identifier": "N02", "route_type": "N", "transition_identifier": null, "seqno": 50, "waypoint_icao_code": "VY", "waypoint_identifier": "TD", "waypoint_latitude": 18.45501944, "waypoint_longitude": 94.30104444, "waypoint_description_code": "E", "turn_direction": "L", "rnp": null, "path_termination": "DF", "recommanded_navaid": null, "recommanded_navaid_latitude": null, "recommanded_navaid_longitude": null, "arc_radius": null, "theta": null, "rho": null, "magnetic_course": null, "route_distance_holding_distance_time": null, "distance_time": null, "altitude_description": "@", "altitude1": 3000.0, "altitude2": null, "transition_altitude": null, "speed_limit_description": null, "speed_limit": null, "vertical_angle": null, "center_waypoint": null, "center_waypoint_latitude": null, "center_waypoint_longitude": null, "aircraft_category": null}, "geometry": {"type": "MultiPoint", "coordinates": [[94.30104444, 18.45501944]]}}, {"type": "Feature", "properties": {"fid": 1337, "area_code": "PAC", "airport_identifier": "VYTD", "procedure_identifier": "N02", "route_type": "N", "transition_identifier": null, "seqno": 60, "waypoint_icao_code": "VY", "waypoint_identifier": "TD", "waypoint_latitude": 18.45501944, "waypoint_longitude": 94.30104444, "waypoint_description_code": "E  H", "turn_direction": "R", "rnp": null, "path_termination": "HM", "recommanded_navaid": null, "recommanded_navaid_latitude": null, "recommanded_navaid_longitude": null, "arc_radius": null, "theta": null, "rho": null, "magnetic_course": 240.0, "route_distance_holding_distance_time": 1.0, "distance_time": "T", "altitude_description": "+", "altitude1": 3000.0, "altitude2": null, "transition_altitude": null, "speed_limit_description": null, "speed_limit": null, "vertical_angle": null, "center_waypoint": null, "center_waypoint_latitude": null, "center_waypoint_longitude": null, "aircraft_category": null}, "geometry": {"type": "MultiPoint", "coordinates": [[94.30104444, 18.45501944]]}}, {"type": "Feature", "properties": {"fid": 1339, "area_code": "PAC", "airport_identifier": "VYAS", "procedure_identifier": "D21", "route_type": "A", "transition_identifier": "ASN1", "seqno": 10, "waypoint_icao_code": "VY", "waypoint_identifier": "ASN", "waypoint_latitude": 21.96295, "waypoint_longitude": 96.41126944, "waypoint_description_code": "E  A", "turn_direction": null, "rnp": null, "path_termination": "IF", "recommanded_navaid": null, "recommanded_navaid_latitude": null, "recommanded_navaid_longitude": null, "arc_radius": null, "theta": null, "rho": null, "magnetic_course": null, "route_distance_holding_distance_time": null, "distance_time": null, "altitude_description": "+", "altitude1": 7000.0, "altitude2": null, "transition_altitude": null, "speed_limit_description": null, "speed_limit": null, "vertical_angle": null, "center_waypoint": null, "center_waypoint_latitude": null, "center_waypoint_longitude": null, "aircraft_category": null}, "geometry": {"type": "MultiPoint", "coordinates": [[96.41126944, 21.96295]]}}, {"type": "Feature", "properties": {"fid": 1340, "area_code": "PAC", "airport_identifier": "VYAS", "procedure_identifier": "D21", "route_type": "A", "transition_identifier": "ASN1", "seqno": 20, "waypoint_icao_code": null, "waypoint_identifier": null, "waypoint_latitude": null, "waypoint_longitude": null, "waypoint_description_code": null, "turn_direction": null, "rnp": null, "path_termination": "FD", "recommanded_navaid": null, "recommanded_navaid_latitude": null, "recommanded_navaid_longitude": null, "arc_radius": null, "theta": null, "rho": null, "magnetic_course": 53.0, "route_distance_holding_distance_time": 8.0, "distance_time": "D", "altitude_description": "+", "altitude1": 5870.0, "altitude2": null, "transition_altitude": null, "speed_limit_description": null, "speed_limit": null, "vertical_angle": null, "center_waypoint": null, "center_waypoint_latitude": null, "center_waypoint_longitude": null, "aircraft_category": null}, "geometry": {"type": "MultiPoint", "coordinates": []}}, {"type": "Feature", "properties": {"fid": 1341, "area_code": "PAC", "airport_identifier": "VYAS", "procedure_identifier": "D21", "route_type": "A", "transition_identifier": "ASN1", "seqno": 30, "waypoint_icao_code": "VY", "waypoint_identifier": "FD21", "waypoint_latitude": 22.08420556, "waypoint_longitude": 96.47194167, "waypoint_description_code": "E", "turn_direction": "L", "rnp": null, "path_termination": "CF", "recommanded_navaid": null, "recommanded_navaid_latitude": null, "recommanded_navaid_longitude": null, "arc_radius": null, "theta": null, "rho": null, "magnetic_course": 206.0, "route_distance_holding_distance_time": 1.0, "distance_time": "D", "altitude_description": "+", "altitude1": 5870.0, "altitude2": null, "transition_altitude": null, "speed_limit_description": null, "speed_limit": null, "vertical_angle": null, "center_waypoint": null, "center_waypoint_latitude": null, "center_waypoint_longitude": null, "aircraft_category": null}, "geometry": {"type": "MultiPoint", "coordinates": [[96.47194167, 22.08420556]]}}, {"type": "Feature", "properties": {"fid": 1343, "area_code": "PAC", "airport_identifier": "VYAS", "procedure_identifier": "D21", "route_type": "A", "transition_identifier": "ASN2", "seqno": 10, "waypoint_icao_code": "VY", "waypoint_identifier": "ASN", "waypoint_latitude": 21.96295, "waypoint_longitude": 96.41126944, "waypoint_description_code": "E  A", "turn_direction": null, "rnp": null, "path_termination": "IF", "recommanded_navaid": null, "recommanded_navaid_latitude": null, "recommanded_navaid_longitude": null, "arc_radius": null, "theta": null, "rho": null, "magnetic_course": null, "route_distance_holding_distance_time": null, "distance_time": null, "altitude_description": "+", "altitude1": 7000.0, "altitude2": null, "transition_altitude": null, "speed_limit_description": null, "speed_limit": null, "vertical_angle": null, "center_waypoint": null, "center_waypoint_latitude": null, "center_waypoint_longitude": null, "aircraft_category": null}, "geometry": {"type": "MultiPoint", "coordinates": [[96.41126944, 21.96295]]}}, {"type": "Feature", "properties": {"fid": 1344, "area_code": "PAC", "airport_identifier": "VYAS", "procedure_identifier": "D21", "route_type": "A", "transition_identifier": "ASN2", "seqno": 20, "waypoint_icao_code": null, "waypoint_identifier": null, "waypoint_latitude": null, "waypoint_longitude": null, "waypoint_description_code": null, "turn_direction": null, "rnp": null, "path_termination": "FD", "recommanded_navaid": null, "recommanded_navaid_latitude": null, "recommanded_navaid_longitude": null, "arc_radius": null, "theta": null, "rho": null, "magnetic_course": 38.0, "route_distance_holding_distance_time": 8.0, "distance_time": "D", "altitude_description": "+", "altitude1": 5870.0, "altitude2": null, "transition_altitude": null, "speed_limit_description": null, "speed_limit": null, "vertical_angle": null, "center_waypoint": null, "center_waypoint_latitude": null, "center_waypoint_longitude": null, "aircraft_category": null}, "geometry": {"type": "MultiPoint", "coordinates": []}}, {"type": "Feature", "properties": {"fid": 1345, "area_code": "PAC", "airport_identifier": "VYAS", "procedure_identifier": "D21", "route_type": "A", "transition_identifier": "ASN2", "seqno": 30, "waypoint_icao_code": "VY", "waypoint_identifier": "FD21", "waypoint_latitude": 22.08420556, "waypoint_longitude": 96.47194167, "waypoint_description_code": "E", "turn_direction": "L", "rnp": null, "path_termination": "CF", "recommanded_navaid": null, "recommanded_navaid_latitude": null, "recommanded_navaid_longitude": null, "arc_radius": null, "theta": null, "rho": null, "magnetic_course": 206.0, "route_distance_holding_distance_time": 1.0, "distance_time": "D", "altitude_description": "+", "altitude1": 5870.0, "altitude2": null, "transition_altitude": null, "speed_limit_description": null, "speed_limit": null, "vertical_angle": null, "center_waypoint": null, "center_waypoint_latitude": null, "center_waypoint_longitude": null, "aircraft_category": null}, "geometry": {"type": "MultiPoint", "coordinates": [[96.47194167, 22.08420556]]}}, {"type": "Feature", "properties": {"fid": 1347, "area_code": "PAC", "airport_identifier": "VYAS", "procedure_identifier": "D21", "route_type": "D", "transition_identifier": null, "seqno": 20, "waypoint_icao_code": "VY", "waypoint_identifier": "FD21", "waypoint_latitude": 22.08420556, "waypoint_longitude": 96.47194167, "waypoint_description_code": "E  I", "turn_direction": null, "rnp": null, "path_termination": "IF", "recommanded_navaid": null, "recommanded_navaid_latitude": null, "recommanded_navaid_longitude": null, "arc_radius": null, "theta": null, "rho": null, "magnetic_course": null, "route_distance_holding_distance_time": null, "distance_time": null, "altitude_description": "+", "altitude1": 5870.0, "altitude2": null, "transition_altitude": null, "speed_limit_description": null, "speed_limit": null, "vertical_angle": null, "center_waypoint": null, "center_waypoint_latitude": null, "center_waypoint_longitude": null, "aircraft_category": null}, "geometry": {"type": "MultiPoint", "coordinates": [[96.47194167, 22.08420556]]}}, {"type": "Feature", "properties": {"fid": 1348, "area_code": "PAC", "airport_identifier": "VYAS", "procedure_identifier": "D21", "route_type": "D", "transition_identifier": null, "seqno": 25, "waypoint_icao_code": "VY", "waypoint_identifier": "45VOR", "waypoint_latitude": 22.03115833, "waypoint_longitude": 96.44538333, "waypoint_description_code": "E  F", "turn_direction": null, "rnp": null, "path_termination": "CF", "recommanded_navaid": null, "recommanded_navaid_latitude": null, "recommanded_navaid_longitude": null, "arc_radius": null, "theta": null, "rho": null, "magnetic_course": 206.0, "route_distance_holding_distance_time": 3.5, "distance_time": "D", "altitude_description": "+", "altitude1": 4650.0, "altitude2": null, "transition_altitude": null, "speed_limit_description": null, "speed_limit": null, "vertical_angle": -3.3, "center_waypoint": null, "center_waypoint_latitude": null, "center_waypoint_longitude": null, "aircraft_category": null}, "geometry": {"type": "MultiPoint", "coordinates": [[96.44538333, 22.03115833]]}}, {"type": "Feature", "properties": {"fid": 1349, "area_code": "PAC", "airport_identifier": "VYAS", "procedure_identifier": "D21", "route_type": "D", "transition_identifier": null, "seqno": 30, "waypoint_icao_code": "VY", "waypoint_identifier": "RW21", "waypoint_latitude": 21.96846111, "waypoint_longitude": 96.41253889, "waypoint_description_code": "G  M", "turn_direction": null, "rnp": null, "path_termination": "CF", "recommanded_navaid": null, "recommanded_navaid_latitude": null, "recommanded_navaid_longitude": null, "arc_radius": null, "theta": null, "rho": null, "magnetic_course": 206.0, "route_distance_holding_distance_time": 4.2, "distance_time": "D", "altitude_description": "@", "altitude1": 3180.0, "altitude2": null, "transition_altitude": null, "speed_limit_description": null, "speed_limit": null, "vertical_angle": -3.3, "center_waypoint": null, "center_waypoint_latitude": null, "center_waypoint_longitude": null, "aircraft_category": null}, "geometry": {"type": "MultiPoint", "coordinates": [[96.41253889, 21.96846111]]}}, {"type": "Feature", "properties": {"fid": 1351, "area_code": "PAC", "airport_identifier": "VYAS", "procedure_identifier": "D21", "route_type": "D", "transition_identifier": null, "seqno": 40, "waypoint_icao_code": "VY", "waypoint_identifier": "ASN", "waypoint_latitude": 21.96295, "waypoint_longitude": 96.41126944, "waypoint_description_code": "EY", "turn_direction": null, "rnp": null, "path_termination": "CF", "recommanded_navaid": null, "recommanded_navaid_latitude": null, "recommanded_navaid_longitude": null, "arc_radius": null, "theta": null, "rho": null, "magnetic_course": 206.0, "route_distance_holding_distance_time": 0.3, "distance_time": "D", "altitude_description": null, "altitude1": null, "altitude2": null, "transition_altitude": null, "speed_limit_description": null, "speed_limit": null, "vertical_angle": null, "center_waypoint": null, "center_waypoint_latitude": null, "center_waypoint_longitude": null, "aircraft_category": null}, "geometry": {"type": "MultiPoint", "coordinates": [[96.41126944, 21.96295]]}}, {"type": "Feature", "properties": {"fid": 1352, "area_code": "PAC", "airport_identifier": "VYAS", "procedure_identifier": "D21", "route_type": "D", "transition_identifier": null, "seqno": 50, "waypoint_icao_code": null, "waypoint_identifier": null, "waypoint_latitude": null, "waypoint_longitude": null, "waypoint_description_code": null, "turn_direction": null, "rnp": null, "path_termination": "VA", "recommanded_navaid": null, "recommanded_navaid_latitude": null, "recommanded_navaid_longitude": null, "arc_radius": null, "theta": null, "rho": null, "magnetic_course": 220.0, "route_distance_holding_distance_time": null, "distance_time": null, "altitude_description": "+", "altitude1": 5000.0, "altitude2": null, "transition_altitude": null, "speed_limit_description": null, "speed_limit": null, "vertical_angle": null, "center_waypoint": null, "center_waypoint_latitude": null, "center_waypoint_longitude": null, "aircraft_category": null}, "geometry": {"type": "MultiPoint", "coordinates": []}}, {"type": "Feature", "properties": {"fid": 1353, "area_code": "PAC", "airport_identifier": "VYAS", "procedure_identifier": "D21", "route_type": "D", "transition_identifier": null, "seqno": 60, "waypoint_icao_code": "VY", "waypoint_identifier": "ASN", "waypoint_latitude": 21.96295, "waypoint_longitude": 96.41126944, "waypoint_description_code": "E", "turn_direction": "R", "rnp": null, "path_termination": "DF", "recommanded_navaid": null, "recommanded_navaid_latitude": null, "recommanded_navaid_longitude": null, "arc_radius": null, "theta": null, "rho": null, "magnetic_course": null, "route_distance_holding_distance_time": null, "distance_time": null, "altitude_description": "@", "altitude1": 7000.0, "altitude2": null, "transition_altitude": null, "speed_limit_description": null, "speed_limit": null, "vertical_angle": null, "center_waypoint": null, "center_waypoint_latitude": null, "center_waypoint_longitude": null, "aircraft_category": null}, "geometry": {"type": "MultiPoint", "coordinates": [[96.41126944, 21.96295]]}}, {"type": "Feature", "properties": {"fid": 1354, "area_code": "PAC", "airport_identifier": "VYAS", "procedure_identifier": "D21", "route_type": "D", "transition_identifier": null, "seqno": 70, "waypoint_icao_code": "VY", "waypoint_identifier": "ASN", "waypoint_latitude": 21.96295, "waypoint_longitude": 96.41126944, "waypoint_description_code": "E  H", "turn_direction": "R", "rnp": null, "path_termination": "HM", "recommanded_navaid": null, "recommanded_navaid_latitude": null, "recommanded_navaid_longitude": null, "arc_radius": null, "theta": null, "rho": null, "magnetic_course": 53.0, "route_distance_holding_distance_time": 1.0, "distance_time": "T", "altitude_description": "+", "altitude1": 7000.0, "altitude2": null, "transition_altitude": null, "speed_limit_description": null, "speed_limit": null, "vertical_angle": null, "center_waypoint": null, "center_waypoint_latitude": null, "center_waypoint_longitude": null, "aircraft_category": null}, "geometry": {"type": "MultiPoint", "coordinates": [[96.41126944, 21.96295]]}}, {"type": "Feature", "properties": {"fid": 1356, "area_code": "PAC", "airport_identifier": "VYPN", "procedure_identifier": "N06", "route_type": "A", "transition_identifier": "PTN1", "seqno": 10, "waypoint_icao_code": "VY", "waypoint_identifier": "PTN", "waypoint_latitude": 16.8131, "waypoint_longitude": 94.77969444, "waypoint_description_code": "E  A", "turn_direction": null, "rnp": null, "path_termination": "IF", "recommanded_navaid": null, "recommanded_navaid_latitude": null, "recommanded_navaid_longitude": null, "arc_radius": null, "theta": null, "rho": null, "magnetic_course": null, "route_distance_holding_distance_time": null, "distance_time": null, "altitude_description": "+", "altitude1": 3000.0, "altitude2": null, "transition_altitude": null, "speed_limit_description": null, "speed_limit": null, "vertical_angle": null, "center_waypoint": null, "center_waypoint_latitude": null, "center_waypoint_longitude": null, "aircraft_category": null}, "geometry": {"type": "MultiPoint", "coordinates": [[94.77969444, 16.8131]]}}, {"type": "Feature", "properties": {"fid": 1357, "area_code": "PAC", "airport_identifier": "VYPN", "procedure_identifier": "N06", "route_type": "A", "transition_identifier": "PTN1", "seqno": 20, "waypoint_icao_code": null, "waypoint_identifier": null, "waypoint_latitude": null, "waypoint_longitude": null, "waypoint_description_code": null, "turn_direction": null, "rnp": null, "path_termination": "FC", "recommanded_navaid": null, "recommanded_navaid_latitude": null, "recommanded_navaid_longitude": null, "arc_radius": null, "theta": null, "rho": null, "magnetic_course": 273.0, "route_distance_holding_distance_time": 5.3, "distance_time": "D", "altitude_description": "+", "altitude1": 1660.0, "altitude2": null, "transition_altitude": null, "speed_limit_description": null, "speed_limit": null, "vertical_angle": null, "center_waypoint": null, "center_waypoint_latitude": null, "center_waypoint_longitude": null, "aircraft_category": null}, "geometry": {"type": "MultiPoint", "coordinates": []}}, {"type": "Feature", "properties": {"fid": 1358, "area_code": "PAC", "airport_identifier": "VYPN", "procedure_identifier": "N06", "route_type": "A", "transition_identifier": "PTN1", "seqno": 30, "waypoint_icao_code": "VY", "waypoint_identifier": "FN06", "waypoint_latitude": 16.77144167, "waypoint_longitude": 94.69840278, "waypoint_description_code": "E", "turn_direction": "L", "rnp": null, "path_termination": "CF", "recommanded_navaid": null, "recommanded_navaid_latitude": null, "recommanded_navaid_longitude": null, "arc_radius": null, "theta": null, "rho": null, "magnetic_course": 63.0, "route_distance_holding_distance_time": 1.0, "distance_time": "D", "altitude_description": "+", "altitude1": 1660.0, "altitude2": null, "transition_altitude": null, "speed_limit_description": null, "speed_limit": null, "vertical_angle": null, "center_waypoint": null, "center_waypoint_latitude": null, "center_waypoint_longitude": null, "aircraft_category": null}, "geometry": {"type": "MultiPoint", "coordinates": [[94.69840278, 16.77144167]]}}, {"type": "Feature", "properties": {"fid": 1360, "area_code": "PAC", "airport_identifier": "VYPN", "procedure_identifier": "N06", "route_type": "A", "transition_identifier": "PTN2", "seqno": 10, "waypoint_icao_code": "VY", "waypoint_identifier": "PTN", "waypoint_latitude": 16.8131, "waypoint_longitude": 94.77969444, "waypoint_description_code": "E  A", "turn_direction": null, "rnp": null, "path_termination": "IF", "recommanded_navaid": null, "recommanded_navaid_latitude": null, "recommanded_navaid_longitude": null, "arc_radius": null, "theta": null, "rho": null, "magnetic_course": null, "route_distance_holding_distance_time": null, "distance_time": null, "altitude_description": "+", "altitude1": 3000.0, "altitude2": null, "transition_altitude": null, "speed_limit_description": null, "speed_limit": null, "vertical_angle": null, "center_waypoint": null, "center_waypoint_latitude": null, "center_waypoint_longitude": null, "aircraft_category": null}, "geometry": {"type": "MultiPoint", "coordinates": [[94.77969444, 16.8131]]}}, {"type": "Feature", "properties": {"fid": 1361, "area_code": "PAC", "airport_identifier": "VYPN", "procedure_identifier": "N06", "route_type": "A", "transition_identifier": "PTN2", "seqno": 20, "waypoint_icao_code": null, "waypoint_identifier": null, "waypoint_latitude": null, "waypoint_longitude": null, "waypoint_description_code": null, "turn_direction": null, "rnp": null, "path_termination": "FC", "recommanded_navaid": null, "recommanded_navaid_latitude": null, "recommanded_navaid_longitude": null, "arc_radius": null, "theta": null, "rho": null, "magnetic_course": 258.0, "route_distance_holding_distance_time": 7.5, "distance_time": "D", "altitude_description": "+", "altitude1": 1660.0, "altitude2": null, "transition_altitude": null, "speed_limit_description": null, "speed_limit": null, "vertical_angle": null, "center_waypoint": null, "center_waypoint_latitude": null, "center_waypoint_longitude": null, "aircraft_category": null}, "geometry": {"type": "MultiPoint", "coordinates": []}}, {"type": "Feature", "properties": {"fid": 1362, "area_code": "PAC", "airport_identifier": "VYPN", "procedure_identifier": "N06", "route_type": "A", "transition_identifier": "PTN2", "seqno": 30, "waypoint_icao_code": "VY", "waypoint_identifier": "FN06", "waypoint_latitude": 16.77144167, "waypoint_longitude": 94.69840278, "waypoint_description_code": "E", "turn_direction": "L", "rnp": null, "path_termination": "CF", "recommanded_navaid": null, "recommanded_navaid_latitude": null, "recommanded_navaid_longitude": null, "arc_radius": null, "theta": null, "rho": null, "magnetic_course": 63.0, "route_distance_holding_distance_time": 2.2, "distance_time": "D", "altitude_description": "+", "altitude1": 1660.0, "altitude2": null, "transition_altitude": null, "speed_limit_description": null, "speed_limit": null, "vertical_angle": null, "center_waypoint": null, "center_waypoint_latitude": null, "center_waypoint_longitude": null, "aircraft_category": null}, "geometry": {"type": "MultiPoint", "coordinates": [[94.69840278, 16.77144167]]}}, {"type": "Feature", "properties": {"fid": 1364, "area_code": "PAC", "airport_identifier": "VYPN", "procedure_identifier": "N06", "route_type": "N", "transition_identifier": null, "seqno": 20, "waypoint_icao_code": "VY", "waypoint_identifier": "FN06", "waypoint_latitude": 16.77144167, "waypoint_longitude": 94.69840278, "waypoint_description_code": "E  F", "turn_direction": null, "rnp": null, "path_termination": "IF", "recommanded_navaid": null, "recommanded_navaid_latitude": null, "recommanded_navaid_longitude": null, "arc_radius": null, "theta": null, "rho": null, "magnetic_course": null, "route_distance_holding_distance_time": null, "distance_time": null, "altitude_description": "+", "altitude1": 1660.0, "altitude2": null, "transition_altitude": null, "speed_limit_description": null, "speed_limit": null, "vertical_angle": null, "center_waypoint": null, "center_waypoint_latitude": null, "center_waypoint_longitude": null, "aircraft_category": null}, "geometry": {"type": "MultiPoint", "coordinates": [[94.69840278, 16.77144167]]}}, {"type": "Feature", "properties": {"fid": 1365, "area_code": "PAC", "airport_identifier": "VYPN", "procedure_identifier": "N06", "route_type": "N", "transition_identifier": null, "seqno": 30, "waypoint_icao_code": "VY", "waypoint_identifier": "RW06", "waypoint_latitude": 16.80645833, "waypoint_longitude": 94.761925, "waypoint_description_code": "G  M", "turn_direction": null, "rnp": null, "path_termination": "CF", "recommanded_navaid": null, "recommanded_navaid_latitude": null, "recommanded_navaid_longitude": null, "arc_radius": null, "theta": null, "rho": null, "magnetic_course": 63.0, "route_distance_holding_distance_time": 4.2, "distance_time": "D", "altitude_description": "@", "altitude1": 63.0, "altitude2": null, "transition_altitude": null, "speed_limit_description": null, "speed_limit": null, "vertical_angle": -3.57, "center_waypoint": null, "center_waypoint_latitude": null, "center_waypoint_longitude": null, "aircraft_category": null}, "geometry": {"type": "MultiPoint", "coordinates": [[94.761925, 16.80645833]]}}, {"type": "Feature", "properties": {"fid": 1367, "area_code": "PAC", "airport_identifier": "VYPN", "procedure_identifier": "N06", "route_type": "N", "transition_identifier": null, "seqno": 40, "waypoint_icao_code": "VY", "waypoint_identifier": "PTN", "waypoint_latitude": 16.8131, "waypoint_longitude": 94.77969444, "waypoint_description_code": "E", "turn_direction": null, "rnp": null, "path_termination": "CF", "recommanded_navaid": null, "recommanded_navaid_latitude": null, "recommanded_navaid_longitude": null, "arc_radius": null, "theta": null, "rho": null, "magnetic_course": 63.0, "route_distance_holding_distance_time": 1.1, "distance_time": "D", "altitude_description": null, "altitude1": null, "altitude2": null, "transition_altitude": null, "speed_limit_description": null, "speed_limit": null, "vertical_angle": null, "center_waypoint": null, "center_waypoint_latitude": null, "center_waypoint_longitude": null, "aircraft_category": null}, "geometry": {"type": "MultiPoint", "coordinates": [[94.77969444, 16.8131]]}}, {"type": "Feature", "properties": {"fid": 1368, "area_code": "PAC", "airport_identifier": "VYPN", "procedure_identifier": "N06", "route_type": "N", "transition_identifier": null, "seqno": 50, "waypoint_icao_code": null, "waypoint_identifier": null, "waypoint_latitude": null, "waypoint_longitude": null, "waypoint_description_code": null, "turn_direction": null, "rnp": null, "path_termination": "VA", "recommanded_navaid": null, "recommanded_navaid_latitude": null, "recommanded_navaid_longitude": null, "arc_radius": null, "theta": null, "rho": null, "magnetic_course": 60.0, "route_distance_holding_distance_time": null, "distance_time": null, "altitude_description": "+", "altitude1": 2000.0, "altitude2": null, "transition_altitude": null, "speed_limit_description": null, "speed_limit": null, "vertical_angle": null, "center_waypoint": null, "center_waypoint_latitude": null, "center_waypoint_longitude": null, "aircraft_category": null}, "geometry": {"type": "MultiPoint", "coordinates": []}}, {"type": "Feature", "properties": {"fid": 1369, "area_code": "PAC", "airport_identifier": "VYPN", "procedure_identifier": "N06", "route_type": "N", "transition_identifier": null, "seqno": 60, "waypoint_icao_code": "VY", "waypoint_identifier": "PTN", "waypoint_latitude": 16.8131, "waypoint_longitude": 94.77969444, "waypoint_description_code": "E", "turn_direction": "R", "rnp": null, "path_termination": "DF", "recommanded_navaid": null, "recommanded_navaid_latitude": null, "recommanded_navaid_longitude": null, "arc_radius": null, "theta": null, "rho": null, "magnetic_course": null, "route_distance_holding_distance_time": null, "distance_time": null, "altitude_description": "@", "altitude1": 3000.0, "altitude2": null, "transition_altitude": null, "speed_limit_description": null, "speed_limit": null, "vertical_angle": null, "center_waypoint": null, "center_waypoint_latitude": null, "center_waypoint_longitude": null, "aircraft_category": null}, "geometry": {"type": "MultiPoint", "coordinates": [[94.77969444, 16.8131]]}}, {"type": "Feature", "properties": {"fid": 1370, "area_code": "PAC", "airport_identifier": "VYPN", "procedure_identifier": "N06", "route_type": "N", "transition_identifier": null, "seqno": 70, "waypoint_icao_code": "VY", "waypoint_identifier": "PTN", "waypoint_latitude": 16.8131, "waypoint_longitude": 94.77969444, "waypoint_description_code": "E  H", "turn_direction": "R", "rnp": null, "path_termination": "HM", "recommanded_navaid": null, "recommanded_navaid_latitude": null, "recommanded_navaid_longitude": null, "arc_radius": null, "theta": null, "rho": null, "magnetic_course": 273.0, "route_distance_holding_distance_time": 1.0, "distance_time": "T", "altitude_description": null, "altitude1": null, "altitude2": null, "transition_altitude": null, "speed_limit_description": null, "speed_limit": null, "vertical_angle": null, "center_waypoint": null, "center_waypoint_latitude": null, "center_waypoint_longitude": null, "aircraft_category": null}, "geometry": {"type": "MultiPoint", "coordinates": [[94.77969444, 16.8131]]}}, {"type": "Feature", "properties": {"fid": 1372, "area_code": "PAC", "airport_identifier": "VYFS", "procedure_identifier": "D18", "route_type": "A", "transition_identifier": "SBG1", "seqno": 10, "waypoint_icao_code": "VY", "waypoint_identifier": "SBG", "waypoint_latitude": 22.92023056, "waypoint_longitude": 93.61666389, "waypoint_description_code": "E  A", "turn_direction": null, "rnp": null, "path_termination": "IF", "recommanded_navaid": null, "recommanded_navaid_latitude": null, "recommanded_navaid_longitude": null, "arc_radius": null, "theta": null, "rho": null, "magnetic_course": null, "route_distance_holding_distance_time": null, "distance_time": null, "altitude_description": "+", "altitude1": 11000.0, "altitude2": null, "transition_altitude": null, "speed_limit_description": null, "speed_limit": null, "vertical_angle": null, "center_waypoint": null, "center_waypoint_latitude": null, "center_waypoint_longitude": null, "aircraft_category": null}, "geometry": {"type": "MultiPoint", "coordinates": [[93.61666389, 22.92023056]]}}, {"type": "Feature", "properties": {"fid": 1373, "area_code": "PAC", "airport_identifier": "VYFS", "procedure_identifier": "D18", "route_type": "A", "transition_identifier": "SBG1", "seqno": 20, "waypoint_icao_code": null, "waypoint_identifier": null, "waypoint_latitude": null, "waypoint_longitude": null, "waypoint_description_code": null, "turn_direction": null, "rnp": null, "path_termination": "FD", "recommanded_navaid": null, "recommanded_navaid_latitude": null, "recommanded_navaid_longitude": null, "arc_radius": null, "theta": null, "rho": null, "magnetic_course": 22.0, "route_distance_holding_distance_time": 10.8, "distance_time": "D", "altitude_description": "+", "altitude1": 9000.0, "altitude2": null, "transition_altitude": null, "speed_limit_description": null, "speed_limit": null, "vertical_angle": null, "center_waypoint": null, "center_waypoint_latitude": null, "center_waypoint_longitude": null, "aircraft_category": null}, "geometry": {"type": "MultiPoint", "coordinates": []}}, {"type": "Feature", "properties": {"fid": 1374, "area_code": "PAC", "airport_identifier": "VYFS", "procedure_identifier": "D18", "route_type": "A", "transition_identifier": "SBG1", "seqno": 30, "waypoint_icao_code": "VY", "waypoint_identifier": "FD18", "waypoint_latitude": 23.1004, "waypoint_longitude": 93.60304444, "waypoint_description_code": "E", "turn_direction": "L", "rnp": null, "path_termination": "CF", "recommanded_navaid": null, "recommanded_navaid_latitude": null, "recommanded_navaid_longitude": null, "arc_radius": null, "theta": null, "rho": null, "magnetic_course": 177.0, "route_distance_holding_distance_time": 1.0, "distance_time": "D", "altitude_description": "+", "altitude1": 9000.0, "altitude2": null, "transition_altitude": null, "speed_limit_description": null, "speed_limit": null, "vertical_angle": null, "center_waypoint": null, "center_waypoint_latitude": null, "center_waypoint_longitude": null, "aircraft_category": null}, "geometry": {"type": "MultiPoint", "coordinates": [[93.60304444, 23.1004]]}}, {"type": "Feature", "properties": {"fid": 1376, "area_code": "PAC", "airport_identifier": "VYFS", "procedure_identifier": "D18", "route_type": "A", "transition_identifier": "SBG2", "seqno": 10, "waypoint_icao_code": "VY", "waypoint_identifier": "SBG", "waypoint_latitude": 22.92023056, "waypoint_longitude": 93.61666389, "waypoint_description_code": "E  A", "turn_direction": null, "rnp": null, "path_termination": "IF", "recommanded_navaid": null, "recommanded_navaid_latitude": null, "recommanded_navaid_longitude": null, "arc_radius": null, "theta": null, "rho": null, "magnetic_course": null, "route_distance_holding_distance_time": null, "distance_time": null, "altitude_description": "+", "altitude1": 11000.0, "altitude2": null, "transition_altitude": null, "speed_limit_description": null, "speed_limit": null, "vertical_angle": null, "center_waypoint": null, "center_waypoint_latitude": null, "center_waypoint_longitude": null, "aircraft_category": null}, "geometry": {"type": "MultiPoint", "coordinates": [[93.61666389, 22.92023056]]}}, {"type": "Feature", "properties": {"fid": 1377, "area_code": "PAC", "airport_identifier": "VYFS", "procedure_identifier": "D18", "route_type": "A", "transition_identifier": "SBG2", "seqno": 20, "waypoint_icao_code": null, "waypoint_identifier": null, "waypoint_latitude": null, "waypoint_longitude": null, "waypoint_description_code": null, "turn_direction": null, "rnp": null, "path_termination": "FD", "recommanded_navaid": null, "recommanded_navaid_latitude": null, "recommanded_navaid_longitude": null, "arc_radius": null, "theta": null, "rho": null, "magnetic_course": 5.0, "route_distance_holding_distance_time": 10.8, "distance_time": "D", "altitude_description": "+", "altitude1": 9000.0, "altitude2": null, "transition_altitude": null, "speed_limit_description": null, "speed_limit": null, "vertical_angle": null, "center_waypoint": null, "center_waypoint_latitude": null, "center_waypoint_longitude": null, "aircraft_category": null}, "geometry": {"type": "MultiPoint", "coordinates": []}}, {"type": "Feature", "properties": {"fid": 1378, "area_code": "PAC", "airport_identifier": "VYFS", "procedure_identifier": "D18", "route_type": "A", "transition_identifier": "SBG2", "seqno": 30, "waypoint_icao_code": "VY", "waypoint_identifier": "FD18", "waypoint_latitude": 23.1004, "waypoint_longitude": 93.60304444, "waypoint_description_code": "E", "turn_direction": "L", "rnp": null, "path_termination": "CF", "recommanded_navaid": null, "recommanded_navaid_latitude": null, "recommanded_navaid_longitude": null, "arc_radius": null, "theta": null, "rho": null, "magnetic_course": 177.0, "route_distance_holding_distance_time": 1.0, "distance_time": "D", "altitude_description": "+", "altitude1": 9000.0, "altitude2": null, "transition_altitude": null, "speed_limit_description": null, "speed_limit": null, "vertical_angle": null, "center_waypoint": null, "center_waypoint_latitude": null, "center_waypoint_longitude": null, "aircraft_category": null}, "geometry": {"type": "MultiPoint", "coordinates": [[93.60304444, 23.1004]]}}, {"type": "Feature", "properties": {"fid": 1380, "area_code": "PAC", "airport_identifier": "VYFS", "procedure_identifier": "D18", "route_type": "D", "transition_identifier": null, "seqno": 20, "waypoint_icao_code": "VY", "waypoint_identifier": "FD18", "waypoint_latitude": 23.1004, "waypoint_longitude": 93.60304444, "waypoint_description_code": "E  I", "turn_direction": null, "rnp": null, "path_termination": "IF", "recommanded_navaid": null, "recommanded_navaid_latitude": null, "recommanded_navaid_longitude": null, "arc_radius": null, "theta": null, "rho": null, "magnetic_course": null, "route_distance_holding_distance_time": null, "distance_time": null, "altitude_description": "+", "altitude1": 9000.0, "altitude2": null, "transition_altitude": null, "speed_limit_description": null, "speed_limit": null, "vertical_angle": null, "center_waypoint": null, "center_waypoint_latitude": null, "center_waypoint_longitude": null, "aircraft_category": null}, "geometry": {"type": "MultiPoint", "coordinates": [[93.60304444, 23.1004]]}}, {"type": "Feature", "properties": {"fid": 1381, "area_code": "PAC", "airport_identifier": "VYFS", "procedure_identifier": "D18", "route_type": "D", "transition_identifier": null, "seqno": 25, "waypoint_icao_code": "VY", "waypoint_identifier": "66VOR", "waypoint_latitude": 23.03033611, "waypoint_longitude": 93.60834444, "waypoint_description_code": "E  F", "turn_direction": null, "rnp": null, "path_termination": "CF", "recommanded_navaid": null, "recommanded_navaid_latitude": null, "recommanded_navaid_longitude": null, "arc_radius": null, "theta": null, "rho": null, "magnetic_course": 177.0, "route_distance_holding_distance_time": 4.2, "distance_time": "D", "altitude_description": "+", "altitude1": 7700.0, "altitude2": null, "transition_altitude": null, "speed_limit_description": null, "speed_limit": null, "vertical_angle": -3.1, "center_waypoint": null, "center_waypoint_latitude": null, "center_waypoint_longitude": null, "aircraft_category": null}, "geometry": {"type": "MultiPoint", "coordinates": [[93.60834444, 23.03033611]]}}, {"type": "Feature", "properties": {"fid": 1382, "area_code": "PAC", "airport_identifier": "VYFS", "procedure_identifier": "D18", "route_type": "D", "transition_identifier": null, "seqno": 30, "waypoint_icao_code": "VY", "waypoint_identifier": "RW18", "waypoint_latitude": 22.94735278, "waypoint_longitude": 93.61475, "waypoint_description_code": "G  M", "turn_direction": null, "rnp": null, "path_termination": "CF", "recommanded_navaid": null, "recommanded_navaid_latitude": null, "recommanded_navaid_longitude": null, "arc_radius": null, "theta": null, "rho": null, "magnetic_course": 177.0, "route_distance_holding_distance_time": 5.0, "distance_time": "D", "altitude_description": "@", "altitude1": 6062.0, "altitude2": null, "transition_altitude": null, "speed_limit_description": null, "speed_limit": null, "vertical_angle": -3.1, "center_waypoint": null, "center_waypoint_latitude": null, "center_waypoint_longitude": null, "aircraft_category": null}, "geometry": {"type": "MultiPoint", "coordinates": [[93.61475, 22.94735278]]}}, {"type": "Feature", "properties": {"fid": 1384, "area_code": "PAC", "airport_identifier": "VYFS", "procedure_identifier": "D18", "route_type": "D", "transition_identifier": null, "seqno": 40, "waypoint_icao_code": null, "waypoint_identifier": null, "waypoint_latitude": null, "waypoint_longitude": null, "waypoint_description_code": null, "turn_direction": null, "rnp": null, "path_termination": "CA", "recommanded_navaid": null, "recommanded_navaid_latitude": null, "recommanded_navaid_longitude": null, "arc_radius": null, "theta": null, "rho": null, "magnetic_course": 177.0, "route_distance_holding_distance_time": null, "distance_time": null, "altitude_description": "+", "altitude1": 6520.0, "altitude2": null, "transition_altitude": null, "speed_limit_description": null, "speed_limit": null, "vertical_angle": null, "center_waypoint": null, "center_waypoint_latitude": null, "center_waypoint_longitude": null, "aircraft_category": null}, "geometry": {"type": "MultiPoint", "coordinates": []}}, {"type": "Feature", "properties": {"fid": 1385, "area_code": "PAC", "airport_identifier": "VYFS", "procedure_identifier": "D18", "route_type": "D", "transition_identifier": null, "seqno": 50, "waypoint_icao_code": null, "waypoint_identifier": null, "waypoint_latitude": null, "waypoint_longitude": null, "waypoint_description_code": null, "turn_direction": null, "rnp": null, "path_termination": "VA", "recommanded_navaid": null, "recommanded_navaid_latitude": null, "recommanded_navaid_longitude": null, "arc_radius": null, "theta": null, "rho": null, "magnetic_course": 150.0, "route_distance_holding_distance_time": null, "distance_time": null, "altitude_description": "+", "altitude1": 8500.0, "altitude2": null, "transition_altitude": null, "speed_limit_description": null, "speed_limit": null, "vertical_angle": null, "center_waypoint": null, "center_waypoint_latitude": null, "center_waypoint_longitude": null, "aircraft_category": null}, "geometry": {"type": "MultiPoint", "coordinates": []}}, {"type": "Feature", "properties": {"fid": 1386, "area_code": "PAC", "airport_identifier": "VYFS", "procedure_identifier": "D18", "route_type": "D", "transition_identifier": null, "seqno": 60, "waypoint_icao_code": "VY", "waypoint_identifier": "SBG", "waypoint_latitude": 22.92023056, "waypoint_longitude": 93.61666389, "waypoint_description_code": "E", "turn_direction": "L", "rnp": null, "path_termination": "DF", "recommanded_navaid": null, "recommanded_navaid_latitude": null, "recommanded_navaid_longitude": null, "arc_radius": null, "theta": null, "rho": null, "magnetic_course": null, "route_distance_holding_distance_time": null, "distance_time": null, "altitude_description": "@", "altitude1": 11000.0, "altitude2": null, "transition_altitude": null, "speed_limit_description": null, "speed_limit": null, "vertical_angle": null, "center_waypoint": null, "center_waypoint_latitude": null, "center_waypoint_longitude": null, "aircraft_category": null}, "geometry": {"type": "MultiPoint", "coordinates": [[93.61666389, 22.92023056]]}}, {"type": "Feature", "properties": {"fid": 1387, "area_code": "PAC", "airport_identifier": "VYFS", "procedure_identifier": "D18", "route_type": "D", "transition_identifier": null, "seqno": 70, "waypoint_icao_code": "VY", "waypoint_identifier": "SBG", "waypoint_latitude": 22.92023056, "waypoint_longitude": 93.61666389, "waypoint_description_code": "E  H", "turn_direction": "R", "rnp": null, "path_termination": "HM", "recommanded_navaid": null, "recommanded_navaid_latitude": null, "recommanded_navaid_longitude": null, "arc_radius": null, "theta": null, "rho": null, "magnetic_course": 5.0, "route_distance_holding_distance_time": 1.0, "distance_time": "T", "altitude_description": "+", "altitude1": 11000.0, "altitude2": null, "transition_altitude": null, "speed_limit_description": null, "speed_limit": null, "vertical_angle": null, "center_waypoint": null, "center_waypoint_latitude": null, "center_waypoint_longitude": null, "aircraft_category": null}, "geometry": {"type": "MultiPoint", "coordinates": [[93.61666389, 22.92023056]]}}, {"type": "Feature", "properties": {"fid": 1389, "area_code": "PAC", "airport_identifier": "VYKG", "procedure_identifier": "N12", "route_type": "A", "transition_identifier": "KG1", "seqno": 10, "waypoint_icao_code": "VY", "waypoint_identifier": "KG", "waypoint_latitude": 21.30273333, "waypoint_longitude": 99.63055833, "waypoint_description_code": "E  A", "turn_direction": null, "rnp": null, "path_termination": "IF", "recommanded_navaid": null, "recommanded_navaid_latitude": null, "recommanded_navaid_longitude": null, "arc_radius": null, "theta": null, "rho": null, "magnetic_course": null, "route_distance_holding_distance_time": null, "distance_time": null, "altitude_description": "+", "altitude1": 9000.0, "altitude2": null, "transition_altitude": null, "speed_limit_description": null, "speed_limit": null, "vertical_angle": null, "center_waypoint": null, "center_waypoint_latitude": null, "center_waypoint_longitude": null, "aircraft_category": null}, "geometry": {"type": "MultiPoint", "coordinates": [[99.63055833, 21.30273333]]}}, {"type": "Feature", "properties": {"fid": 1390, "area_code": "PAC", "airport_identifier": "VYKG", "procedure_identifier": "N12", "route_type": "A", "transition_identifier": "KG1", "seqno": 20, "waypoint_icao_code": "VY", "waypoint_identifier": "KG", "waypoint_latitude": 21.30273333, "waypoint_longitude": 99.63055833, "waypoint_description_code": "E  H", "turn_direction": "R", "rnp": null, "path_termination": "HF", "recommanded_navaid": null, "recommanded_navaid_latitude": null, "recommanded_navaid_longitude": null, "arc_radius": null, "theta": null, "rho": null, "magnetic_course": 330.0, "route_distance_holding_distance_time": 1.0, "distance_time": "T", "altitude_description": "+", "altitude1": 5500.0, "altitude2": null, "transition_altitude": null, "speed_limit_description": null, "speed_limit": null, "vertical_angle": null, "center_waypoint": null, "center_waypoint_latitude": null, "center_waypoint_longitude": null, "aircraft_category": null}, "geometry": {"type": "MultiPoint", "coordinates": [[99.63055833, 21.30273333]]}}, {"type": "Feature", "properties": {"fid": 1391, "area_code": "PAC", "airport_identifier": "VYKG", "procedure_identifier": "N12", "route_type": "A", "transition_identifier": "KG1", "seqno": 30, "waypoint_icao_code": null, "waypoint_identifier": null, "waypoint_latitude": null, "waypoint_longitude": null, "waypoint_description_code": null, "turn_direction": null, "rnp": null, "path_termination": "FC", "recommanded_navaid": null, "recommanded_navaid_latitude": null, "recommanded_navaid_longitude": null, "arc_radius": null, "theta": null, "rho": null, "magnetic_course": 330.0, "route_distance_holding_distance_time": 3.5, "distance_time": "D", "altitude_description": "+", "altitude1": 4030.0, "altitude2": null, "transition_altitude": null, "speed_limit_description": null, "speed_limit": null, "vertical_angle": null, "center_waypoint": null, "center_waypoint_latitude": null, "center_waypoint_longitude": null, "aircraft_category": null}, "geometry": {"type": "MultiPoint", "coordinates": []}}, {"type": "Feature", "properties": {"fid": 1392, "area_code": "PAC", "airport_identifier": "VYKG", "procedure_identifier": "N12", "route_type": "A", "transition_identifier": "KG1", "seqno": 40, "waypoint_icao_code": "VY", "waypoint_identifier": "FN12", "waypoint_latitude": 21.34481667, "waypoint_longitude": 99.56393333, "waypoint_description_code": "E", "turn_direction": "L", "rnp": null, "path_termination": "CF", "recommanded_navaid": null, "recommanded_navaid_latitude": null, "recommanded_navaid_longitude": null, "arc_radius": null, "theta": null, "rho": null, "magnetic_course": 125.0, "route_distance_holding_distance_time": 2.0, "distance_time": "D", "altitude_description": "+", "altitude1": 4030.0, "altitude2": null, "transition_altitude": null, "speed_limit_description": null, "speed_limit": null, "vertical_angle": null, "center_waypoint": null, "center_waypoint_latitude": null, "center_waypoint_longitude": null, "aircraft_category": null}, "geometry": {"type": "MultiPoint", "coordinates": [[99.56393333, 21.34481667]]}}, {"type": "Feature", "properties": {"fid": 1394, "area_code": "PAC", "airport_identifier": "VYKG", "procedure_identifier": "N12", "route_type": "A", "transition_identifier": "KG2", "seqno": 10, "waypoint_icao_code": "VY", "waypoint_identifier": "KG", "waypoint_latitude": 21.30273333, "waypoint_longitude": 99.63055833, "waypoint_description_code": "E  A", "turn_direction": null, "rnp": null, "path_termination": "IF", "recommanded_navaid": null, "recommanded_navaid_latitude": null, "recommanded_navaid_longitude": null, "arc_radius": null, "theta": null, "rho": null, "magnetic_course": null, "route_distance_holding_distance_time": null, "distance_time": null, "altitude_description": "+", "altitude1": 9000.0, "altitude2": null, "transition_altitude": null, "speed_limit_description": null, "speed_limit": null, "vertical_angle": null, "center_waypoint": null, "center_waypoint_latitude": null, "center_waypoint_longitude": null, "aircraft_category": null}, "geometry": {"type": "MultiPoint", "coordinates": [[99.63055833, 21.30273333]]}}, {"type": "Feature", "properties": {"fid": 1395, "area_code": "PAC", "airport_identifier": "VYKG", "procedure_identifier": "N12", "route_type": "A", "transition_identifier": "KG2", "seqno": 20, "waypoint_icao_code": "VY", "waypoint_identifier": "KG", "waypoint_latitude": 21.30273333, "waypoint_longitude": 99.63055833, "waypoint_description_code": "E  H", "turn_direction": "R", "rnp": null, "path_termination": "HF", "recommanded_navaid": null, "recommanded_navaid_latitude": null, "recommanded_navaid_longitude": null, "arc_radius": null, "theta": null, "rho": null, "magnetic_course": 330.0, "route_distance_holding_distance_time": 1.0, "distance_time": "T", "altitude_description": "+", "altitude1": 5500.0, "altitude2": null, "transition_altitude": null, "speed_limit_description": null, "speed_limit": null, "vertical_angle": null, "center_waypoint": null, "center_waypoint_latitude": null, "center_waypoint_longitude": null, "aircraft_category": null}, "geometry": {"type": "MultiPoint", "coordinates": [[99.63055833, 21.30273333]]}}, {"type": "Feature", "properties": {"fid": 1396, "area_code": "PAC", "airport_identifier": "VYKG", "procedure_identifier": "N12", "route_type": "A", "transition_identifier": "KG2", "seqno": 30, "waypoint_icao_code": null, "waypoint_identifier": null, "waypoint_latitude": null, "waypoint_longitude": null, "waypoint_description_code": null, "turn_direction": null, "rnp": null, "path_termination": "FC", "recommanded_navaid": null, "recommanded_navaid_latitude": null, "recommanded_navaid_longitude": null, "arc_radius": null, "theta": null, "rho": null, "magnetic_course": 330.0, "route_distance_holding_distance_time": 4.5, "distance_time": "D", "altitude_description": "+", "altitude1": 4030.0, "altitude2": null, "transition_altitude": null, "speed_limit_description": null, "speed_limit": null, "vertical_angle": null, "center_waypoint": null, "center_waypoint_latitude": null, "center_waypoint_longitude": null, "aircraft_category": null}, "geometry": {"type": "MultiPoint", "coordinates": []}}, {"type": "Feature", "properties": {"fid": 1397, "area_code": "PAC", "airport_identifier": "VYKG", "procedure_identifier": "N12", "route_type": "A", "transition_identifier": "KG2", "seqno": 40, "waypoint_icao_code": "VY", "waypoint_identifier": "FN12", "waypoint_latitude": 21.34481667, "waypoint_longitude": 99.56393333, "waypoint_description_code": "E", "turn_direction": "L", "rnp": null, "path_termination": "CF", "recommanded_navaid": null, "recommanded_navaid_latitude": null, "recommanded_navaid_longitude": null, "arc_radius": null, "theta": null, "rho": null, "magnetic_course": 125.0, "route_distance_holding_distance_time": 1.0, "distance_time": "D", "altitude_description": "+", "altitude1": 4030.0, "altitude2": null, "transition_altitude": null, "speed_limit_description": null, "speed_limit": null, "vertical_angle": null, "center_waypoint": null, "center_waypoint_latitude": null, "center_waypoint_longitude": null, "aircraft_category": null}, "geometry": {"type": "MultiPoint", "coordinates": [[99.56393333, 21.34481667]]}}, {"type": "Feature", "properties": {"fid": 1399, "area_code": "PAC", "airport_identifier": "VYKG", "procedure_identifier": "N12", "route_type": "N", "transition_identifier": null, "seqno": 20, "waypoint_icao_code": "VY", "waypoint_identifier": "FN12", "waypoint_latitude": 21.34481667, "waypoint_longitude": 99.56393333, "waypoint_description_code": "E  F", "turn_direction": null, "rnp": null, "path_termination": "IF", "recommanded_navaid": null, "recommanded_navaid_latitude": null, "recommanded_navaid_longitude": null, "arc_radius": null, "theta": null, "rho": null, "magnetic_course": null, "route_distance_holding_distance_time": null, "distance_time": null, "altitude_description": "+", "altitude1": 4030.0, "altitude2": null, "transition_altitude": null, "speed_limit_description": null, "speed_limit": null, "vertical_angle": null, "center_waypoint": null, "center_waypoint_latitude": null, "center_waypoint_longitude": null, "aircraft_category": null}, "geometry": {"type": "MultiPoint", "coordinates": [[99.56393333, 21.34481667]]}}, {"type": "Feature", "properties": {"fid": 1400, "area_code": "PAC", "airport_identifier": "VYKG", "procedure_identifier": "N12", "route_type": "N", "transition_identifier": null, "seqno": 30, "waypoint_icao_code": "VY", "waypoint_identifier": "MN12", "waypoint_latitude": 21.31844167, "waypoint_longitude": 99.6057, "waypoint_description_code": "EY M", "turn_direction": null, "rnp": null, "path_termination": "CF", "recommanded_navaid": null, "recommanded_navaid_latitude": null, "recommanded_navaid_longitude": null, "arc_radius": null, "theta": null, "rho": null, "magnetic_course": 125.0, "route_distance_holding_distance_time": 2.8, "distance_time": "D", "altitude_description": "@", "altitude1": 3169.0, "altitude2": null, "transition_altitude": null, "speed_limit_description": null, "speed_limit": null, "vertical_angle": -3.0, "center_waypoint": null, "center_waypoint_latitude": null, "center_waypoint_longitude": null, "aircraft_category": null}, "geometry": {"type": "MultiPoint", "coordinates": [[99.6057, 21.31844167]]}}, {"type": "Feature", "properties": {"fid": 1402, "area_code": "PAC", "airport_identifier": "VYKG", "procedure_identifier": "N12", "route_type": "N", "transition_identifier": null, "seqno": 40, "waypoint_icao_code": null, "waypoint_identifier": null, "waypoint_latitude": null, "waypoint_longitude": null, "waypoint_description_code": null, "turn_direction": null, "rnp": null, "path_termination": "VA", "recommanded_navaid": null, "recommanded_navaid_latitude": null, "recommanded_navaid_longitude": null, "arc_radius": null, "theta": null, "rho": null, "magnetic_course": 165.0, "route_distance_holding_distance_time": null, "distance_time": null, "altitude_description": "+", "altitude1": 4500.0, "altitude2": null, "transition_altitude": null, "speed_limit_description": null, "speed_limit": null, "vertical_angle": null, "center_waypoint": null, "center_waypoint_latitude": null, "center_waypoint_longitude": null, "aircraft_category": null}, "geometry": {"type": "MultiPoint", "coordinates": []}}, {"type": "Feature", "properties": {"fid": 1403, "area_code": "PAC", "airport_identifier": "VYKG", "procedure_identifier": "N12", "route_type": "N", "transition_identifier": null, "seqno": 50, "waypoint_icao_code": "VY", "waypoint_identifier": "KG", "waypoint_latitude": 21.30273333, "waypoint_longitude": 99.63055833, "waypoint_description_code": "E", "turn_direction": "L", "rnp": null, "path_termination": "DF", "recommanded_navaid": null, "recommanded_navaid_latitude": null, "recommanded_navaid_longitude": null, "arc_radius": null, "theta": null, "rho": null, "magnetic_course": null, "route_distance_holding_distance_time": null, "distance_time": null, "altitude_description": "@", "altitude1": 5500.0, "altitude2": null, "transition_altitude": null, "speed_limit_description": null, "speed_limit": null, "vertical_angle": null, "center_waypoint": null, "center_waypoint_latitude": null, "center_waypoint_longitude": null, "aircraft_category": null}, "geometry": {"type": "MultiPoint", "coordinates": [[99.63055833, 21.30273333]]}}, {"type": "Feature", "properties": {"fid": 1404, "area_code": "PAC", "airport_identifier": "VYKG", "procedure_identifier": "N12", "route_type": "N", "transition_identifier": null, "seqno": 60, "waypoint_icao_code": "VY", "waypoint_identifier": "KG", "waypoint_latitude": 21.30273333, "waypoint_longitude": 99.63055833, "waypoint_description_code": "E  H", "turn_direction": "R", "rnp": null, "path_termination": "HM", "recommanded_navaid": null, "recommanded_navaid_latitude": null, "recommanded_navaid_longitude": null, "arc_radius": null, "theta": null, "rho": null, "magnetic_course": 330.0, "route_distance_holding_distance_time": 1.0, "distance_time": "T", "altitude_description": "+", "altitude1": 5500.0, "altitude2": null, "transition_altitude": null, "speed_limit_description": null, "speed_limit": null, "vertical_angle": null, "center_waypoint": null, "center_waypoint_latitude": null, "center_waypoint_longitude": null, "aircraft_category": null}, "geometry": {"type": "MultiPoint", "coordinates": [[99.63055833, 21.30273333]]}}, {"type": "Feature", "properties": {"fid": 1406, "area_code": "PAC", "airport_identifier": "VYMK", "procedure_identifier": "N22", "route_type": "A", "transition_identifier": "MK1", "seqno": 10, "waypoint_icao_code": "VY", "waypoint_identifier": "MK", "waypoint_latitude": 25.38365, "waypoint_longitude": 97.35706667, "waypoint_description_code": "E  A", "turn_direction": null, "rnp": null, "path_termination": "IF", "recommanded_navaid": null, "recommanded_navaid_latitude": null, "recommanded_navaid_longitude": null, "arc_radius": null, "theta": null, "rho": null, "magnetic_course": null, "route_distance_holding_distance_time": null, "distance_time": null, "altitude_description": "+", "altitude1": 3000.0, "altitude2": null, "transition_altitude": null, "speed_limit_description": null, "speed_limit": null, "vertical_angle": null, "center_waypoint": null, "center_waypoint_latitude": null, "center_waypoint_longitude": null, "aircraft_category": null}, "geometry": {"type": "MultiPoint", "coordinates": [[97.35706667, 25.38365]]}}, {"type": "Feature", "properties": {"fid": 1407, "area_code": "PAC", "airport_identifier": "VYMK", "procedure_identifier": "N22", "route_type": "A", "transition_identifier": "MK1", "seqno": 20, "waypoint_icao_code": null, "waypoint_identifier": null, "waypoint_latitude": null, "waypoint_longitude": null, "waypoint_description_code": null, "turn_direction": null, "rnp": null, "path_termination": "FC", "recommanded_navaid": null, "recommanded_navaid_latitude": null, "recommanded_navaid_longitude": null, "arc_radius": null, "theta": null, "rho": null, "magnetic_course": 360.0, "route_distance_holding_distance_time": 5.6, "distance_time": "D", "altitude_description": "+", "altitude1": 2100.0, "altitude2": null, "transition_altitude": null, "speed_limit_description": null, "speed_limit": null, "vertical_angle": null, "center_waypoint": null, "center_waypoint_latitude": null, "center_waypoint_longitude": null, "aircraft_category": null}, "geometry": {"type": "MultiPoint", "coordinates": []}}, {"type": "Feature", "properties": {"fid": 1408, "area_code": "PAC", "airport_identifier": "VYMK", "procedure_identifier": "N22", "route_type": "A", "transition_identifier": "MK1", "seqno": 30, "waypoint_icao_code": "VY", "waypoint_identifier": "FF22", "waypoint_latitude": 25.46259722, "waypoint_longitude": 97.40530278, "waypoint_description_code": "E", "turn_direction": "R", "rnp": null, "path_termination": "CF", "recommanded_navaid": null, "recommanded_navaid_latitude": null, "recommanded_navaid_longitude": null, "arc_radius": null, "theta": null, "rho": null, "magnetic_course": 210.0, "route_distance_holding_distance_time": 1.0, "distance_time": "D", "altitude_description": "+", "altitude1": 2100.0, "altitude2": null, "transition_altitude": null, "speed_limit_description": null, "speed_limit": null, "vertical_angle": null, "center_waypoint": null, "center_waypoint_latitude": null, "center_waypoint_longitude": null, "aircraft_category": null}, "geometry": {"type": "MultiPoint", "coordinates": [[97.40530278, 25.46259722]]}}, {"type": "Feature", "properties": {"fid": 1410, "area_code": "PAC", "airport_identifier": "VYMK", "procedure_identifier": "N22", "route_type": "A", "transition_identifier": "MK2", "seqno": 10, "waypoint_icao_code": "VY", "waypoint_identifier": "MK", "waypoint_latitude": 25.38365, "waypoint_longitude": 97.35706667, "waypoint_description_code": "E  A", "turn_direction": null, "rnp": null, "path_termination": "IF", "recommanded_navaid": null, "recommanded_navaid_latitude": null, "recommanded_navaid_longitude": null, "arc_radius": null, "theta": null, "rho": null, "magnetic_course": null, "route_distance_holding_distance_time": null, "distance_time": null, "altitude_description": "+", "altitude1": 3000.0, "altitude2": null, "transition_altitude": null, "speed_limit_description": null, "speed_limit": null, "vertical_angle": null, "center_waypoint": null, "center_waypoint_latitude": null, "center_waypoint_longitude": null, "aircraft_category": null}, "geometry": {"type": "MultiPoint", "coordinates": [[97.35706667, 25.38365]]}}, {"type": "Feature", "properties": {"fid": 1411, "area_code": "PAC", "airport_identifier": "VYMK", "procedure_identifier": "N22", "route_type": "A", "transition_identifier": "MK2", "seqno": 20, "waypoint_icao_code": null, "waypoint_identifier": null, "waypoint_latitude": null, "waypoint_longitude": null, "waypoint_description_code": null, "turn_direction": null, "rnp": null, "path_termination": "FC", "recommanded_navaid": null, "recommanded_navaid_latitude": null, "recommanded_navaid_longitude": null, "arc_radius": null, "theta": null, "rho": null, "magnetic_course": 15.0, "route_distance_holding_distance_time": 7.8, "distance_time": "D", "altitude_description": "+", "altitude1": 2100.0, "altitude2": null, "transition_altitude": null, "speed_limit_description": null, "speed_limit": null, "vertical_angle": null, "center_waypoint": null, "center_waypoint_latitude": null, "center_waypoint_longitude": null, "aircraft_category": null}, "geometry": {"type": "MultiPoint", "coordinates": []}}, {"type": "Feature", "properties": {"fid": 1412, "area_code": "PAC", "airport_identifier": "VYMK", "procedure_identifier": "N22", "route_type": "A", "transition_identifier": "MK2", "seqno": 30, "waypoint_icao_code": "VY", "waypoint_identifier": "FF22", "waypoint_latitude": 25.46259722, "waypoint_longitude": 97.40530278, "waypoint_description_code": "E", "turn_direction": "R", "rnp": null, "path_termination": "CF", "recommanded_navaid": null, "recommanded_navaid_latitude": null, "recommanded_navaid_longitude": null, "arc_radius": null, "theta": null, "rho": null, "magnetic_course": 210.0, "route_distance_holding_distance_time": 3.2, "distance_time": "D", "altitude_description": "+", "altitude1": 2100.0, "altitude2": null, "transition_altitude": null, "speed_limit_description": null, "speed_limit": null, "vertical_angle": null, "center_waypoint": null, "center_waypoint_latitude": null, "center_waypoint_longitude": null, "aircraft_category": null}, "geometry": {"type": "MultiPoint", "coordinates": [[97.40530278, 25.46259722]]}}, {"type": "Feature", "properties": {"fid": 1414, "area_code": "PAC", "airport_identifier": "VYMK", "procedure_identifier": "N22", "route_type": "N", "transition_identifier": null, "seqno": 20, "waypoint_icao_code": "VY", "waypoint_identifier": "FF22", "waypoint_latitude": 25.46259722, "waypoint_longitude": 97.40530278, "waypoint_description_code": "E  F", "turn_direction": null, "rnp": null, "path_termination": "IF", "recommanded_navaid": null, "recommanded_navaid_latitude": null, "recommanded_navaid_longitude": null, "arc_radius": null, "theta": null, "rho": null, "magnetic_course": null, "route_distance_holding_distance_time": null, "distance_time": null, "altitude_description": "+", "altitude1": 2100.0, "altitude2": null, "transition_altitude": null, "speed_limit_description": null, "speed_limit": null, "vertical_angle": null, "center_waypoint": null, "center_waypoint_latitude": null, "center_waypoint_longitude": null, "aircraft_category": null}, "geometry": {"type": "MultiPoint", "coordinates": [[97.40530278, 25.46259722]]}}, {"type": "Feature", "properties": {"fid": 1415, "area_code": "PAC", "airport_identifier": "VYMK", "procedure_identifier": "N22", "route_type": "N", "transition_identifier": null, "seqno": 30, "waypoint_icao_code": "VY", "waypoint_identifier": "MA22", "waypoint_latitude": 25.41801111, "waypoint_longitude": 97.37806667, "waypoint_description_code": "E  M", "turn_direction": null, "rnp": null, "path_termination": "CF", "recommanded_navaid": null, "recommanded_navaid_latitude": null, "recommanded_navaid_longitude": null, "arc_radius": null, "theta": null, "rho": null, "magnetic_course": 210.0, "route_distance_holding_distance_time": 3.1, "distance_time": "D", "altitude_description": "@", "altitude1": 1129.0, "altitude2": null, "transition_altitude": null, "speed_limit_description": null, "speed_limit": null, "vertical_angle": -3.0, "center_waypoint": null, "center_waypoint_latitude": null, "center_waypoint_longitude": null, "aircraft_category": null}, "geometry": {"type": "MultiPoint", "coordinates": [[97.37806667, 25.41801111]]}}, {"type": "Feature", "properties": {"fid": 1417, "area_code": "PAC", "airport_identifier": "VYMK", "procedure_identifier": "N22", "route_type": "N", "transition_identifier": null, "seqno": 40, "waypoint_icao_code": null, "waypoint_identifier": null, "waypoint_latitude": null, "waypoint_longitude": null, "waypoint_description_code": null, "turn_direction": null, "rnp": null, "path_termination": "VA", "recommanded_navaid": null, "recommanded_navaid_latitude": null, "recommanded_navaid_longitude": null, "arc_radius": null, "theta": null, "rho": null, "magnetic_course": 180.0, "route_distance_holding_distance_time": null, "distance_time": null, "altitude_description": "+", "altitude1": 2000.0, "altitude2": null, "transition_altitude": null, "speed_limit_description": null, "speed_limit": null, "vertical_angle": null, "center_waypoint": null, "center_waypoint_latitude": null, "center_waypoint_longitude": null, "aircraft_category": null}, "geometry": {"type": "MultiPoint", "coordinates": []}}, {"type": "Feature", "properties": {"fid": 1418, "area_code": "PAC", "airport_identifier": "VYMK", "procedure_identifier": "N22", "route_type": "N", "transition_identifier": null, "seqno": 50, "waypoint_icao_code": "VY", "waypoint_identifier": "MK", "waypoint_latitude": 25.38365, "waypoint_longitude": 97.35706667, "waypoint_description_code": "E", "turn_direction": "R", "rnp": null, "path_termination": "DF", "recommanded_navaid": null, "recommanded_navaid_latitude": null, "recommanded_navaid_longitude": null, "arc_radius": null, "theta": null, "rho": null, "magnetic_course": null, "route_distance_holding_distance_time": null, "distance_time": null, "altitude_description": "+", "altitude1": 3000.0, "altitude2": null, "transition_altitude": null, "speed_limit_description": null, "speed_limit": null, "vertical_angle": null, "center_waypoint": null, "center_waypoint_latitude": null, "center_waypoint_longitude": null, "aircraft_category": null}, "geometry": {"type": "MultiPoint", "coordinates": [[97.35706667, 25.38365]]}}, {"type": "Feature", "properties": {"fid": 1419, "area_code": "PAC", "airport_identifier": "VYMK", "procedure_identifier": "N22", "route_type": "N", "transition_identifier": null, "seqno": 60, "waypoint_icao_code": "VY", "waypoint_identifier": "MK", "waypoint_latitude": 25.38365, "waypoint_longitude": 97.35706667, "waypoint_description_code": "E  H", "turn_direction": "R", "rnp": null, "path_termination": "HM", "recommanded_navaid": null, "recommanded_navaid_latitude": null, "recommanded_navaid_longitude": null, "arc_radius": null, "theta": null, "rho": null, "magnetic_course": 15.0, "route_distance_holding_distance_time": 1.0, "distance_time": "T", "altitude_description": null, "altitude1": null, "altitude2": null, "transition_altitude": null, "speed_limit_description": null, "speed_limit": null, "vertical_angle": null, "center_waypoint": null, "center_waypoint_latitude": null, "center_waypoint_longitude": null, "aircraft_category": null}, "geometry": {"type": "MultiPoint", "coordinates": [[97.35706667, 25.38365]]}}, {"type": "Feature", "properties": {"fid": 1421, "area_code": "PAC", "airport_identifier": "VYYY", "procedure_identifier": "R21", "route_type": "A", "transition_identifier": "BAGOO", "seqno": 10, "waypoint_icao_code": "VY", "waypoint_identifier": "BAGOO", "waypoint_latitude": 17.3185, "waypoint_longitude": 96.51986111, "waypoint_description_code": "E  A", "turn_direction": null, "rnp": 1.0, "path_termination": "IF", "recommanded_navaid": null, "recommanded_navaid_latitude": null, "recommanded_navaid_longitude": null, "arc_radius": null, "theta": null, "rho": null, "magnetic_course": null, "route_distance_holding_distance_time": null, "distance_time": null, "altitude_description": null, "altitude1": null, "altitude2": null, "transition_altitude": null, "speed_limit_description": null, "speed_limit": null, "vertical_angle": null, "center_waypoint": null, "center_waypoint_latitude": null, "center_waypoint_longitude": null, "aircraft_category": null}, "geometry": {"type": "MultiPoint", "coordinates": [[96.51986111, 17.3185]]}}, {"type": "Feature", "properties": {"fid": 1422, "area_code": "PAC", "airport_identifier": "VYYY", "procedure_identifier": "R21", "route_type": "A", "transition_identifier": "BAGOO", "seqno": 20, "waypoint_icao_code": "VY", "waypoint_identifier": "PAKSU", "waypoint_latitude": 17.14961111, "waypoint_longitude": 96.32894444, "waypoint_description_code": "E", "turn_direction": null, "rnp": 1.0, "path_termination": "TF", "recommanded_navaid": null, "recommanded_navaid_latitude": null, "recommanded_navaid_longitude": null, "arc_radius": null, "theta": null, "rho": null, "magnetic_course": null, "route_distance_holding_distance_time": null, "distance_time": null, "altitude_description": "+", "altitude1": 4000.0, "altitude2": null, "transition_altitude": null, "speed_limit_description": "-", "speed_limit": 230.0, "vertical_angle": null, "center_waypoint": null, "center_waypoint_latitude": null, "center_waypoint_longitude": null, "aircraft_category": null}, "geometry": {"type": "MultiPoint", "coordinates": [[96.32894444, 17.14961111]]}}, {"type": "Feature", "properties": {"fid": 1423, "area_code": "PAC", "airport_identifier": "VYYY", "procedure_identifier": "R21", "route_type": "A", "transition_identifier": "BAGOO", "seqno": 30, "waypoint_icao_code": "VY", "waypoint_identifier": "HLEGU", "waypoint_latitude": 17.08030556, "waypoint_longitude": 96.251, "waypoint_description_code": "E", "turn_direction": null, "rnp": 1.0, "path_termination": "TF", "recommanded_navaid": null, "recommanded_navaid_latitude": null, "recommanded_navaid_longitude": null, "arc_radius": null, "theta": null, "rho": null, "magnetic_course": null, "route_distance_holding_distance_time": null, "distance_time": null, "altitude_description": "+", "altitude1": 3000.0, "altitude2": null, "transition_altitude": null, "speed_limit_description": "-", "speed_limit": 200.0, "vertical_angle": null, "center_waypoint": null, "center_waypoint_latitude": null, "center_waypoint_longitude": null, "aircraft_category": null}, "geometry": {"type": "MultiPoint", "coordinates": [[96.251, 17.08030556]]}}, {"type": "Feature", "properties": {"fid": 1425, "area_code": "PAC", "airport_identifier": "VYYY", "procedure_identifier": "R21", "route_type": "A", "transition_identifier": "DANSO", "seqno": 10, "waypoint_icao_code": "VY", "waypoint_identifier": "DANSO", "waypoint_latitude": 17.02355556, "waypoint_longitude": 96.34541667, "waypoint_description_code": "E  A", "turn_direction": null, "rnp": 1.0, "path_termination": "IF", "recommanded_navaid": null, "recommanded_navaid_latitude": null, "recommanded_navaid_longitude": null, "arc_radius": null, "theta": null, "rho": null, "magnetic_course": null, "route_distance_holding_distance_time": null, "distance_time": null, "altitude_description": "+", "altitude1": 4000.0, "altitude2": null, "transition_altitude": null, "speed_limit_description": "-", "speed_limit": 230.0, "vertical_angle": null, "center_waypoint": null, "center_waypoint_latitude": null, "center_waypoint_longitude": null, "aircraft_category": null}, "geometry": {"type": "MultiPoint", "coordinates": [[96.34541667, 17.02355556]]}}, {"type": "Feature", "properties": {"fid": 1426, "area_code": "PAC", "airport_identifier": "VYYY", "procedure_identifier": "R21", "route_type": "A", "transition_identifier": "DANSO", "seqno": 20, "waypoint_icao_code": "VY", "waypoint_identifier": "HLEGU", "waypoint_latitude": 17.08030556, "waypoint_longitude": 96.251, "waypoint_description_code": "E", "turn_direction": null, "rnp": 1.0, "path_termination": "TF", "recommanded_navaid": null, "recommanded_navaid_latitude": null, "recommanded_navaid_longitude": null, "arc_radius": null, "theta": null, "rho": null, "magnetic_course": null, "route_distance_holding_distance_time": null, "distance_time": null, "altitude_description": "+", "altitude1": 3000.0, "altitude2": null, "transition_altitude": null, "speed_limit_description": "-", "speed_limit": 200.0, "vertical_angle": null, "center_waypoint": null, "center_waypoint_latitude": null, "center_waypoint_longitude": null, "aircraft_category": null}, "geometry": {"type": "MultiPoint", "coordinates": [[96.251, 17.08030556]]}}, {"type": "Feature", "properties": {"fid": 1428, "area_code": "PAC", "airport_identifier": "VYYY", "procedure_identifier": "R21", "route_type": "A", "transition_identifier": "GONAS", "seqno": 10, "waypoint_icao_code": "VY", "waypoint_identifier": "GONAS", "waypoint_latitude": 17.16733333, "waypoint_longitude": 96.19222222, "waypoint_description_code": "E  A", "turn_direction": null, "rnp": 1.0, "path_termination": "IF", "recommanded_navaid": null, "recommanded_navaid_latitude": null, "recommanded_navaid_longitude": null, "arc_radius": null, "theta": null, "rho": null, "magnetic_course": null, "route_distance_holding_distance_time": null, "distance_time": null, "altitude_description": "+", "altitude1": 4000.0, "altitude2": null, "transition_altitude": null, "speed_limit_description": "-", "speed_limit": 230.0, "vertical_angle": null, "center_waypoint": null, "center_waypoint_latitude": null, "center_waypoint_longitude": null, "aircraft_category": null}, "geometry": {"type": "MultiPoint", "coordinates": [[96.19222222, 17.16733333]]}}, {"type": "Feature", "properties": {"fid": 1429, "area_code": "PAC", "airport_identifier": "VYYY", "procedure_identifier": "R21", "route_type": "A", "transition_identifier": "GONAS", "seqno": 20, "waypoint_icao_code": "VY", "waypoint_identifier": "HLEGU", "waypoint_latitude": 17.08030556, "waypoint_longitude": 96.251, "waypoint_description_code": "E", "turn_direction": null, "rnp": 1.0, "path_termination": "TF", "recommanded_navaid": null, "recommanded_navaid_latitude": null, "recommanded_navaid_longitude": null, "arc_radius": null, "theta": null, "rho": null, "magnetic_course": null, "route_distance_holding_distance_time": null, "distance_time": null, "altitude_description": "+", "altitude1": 3000.0, "altitude2": null, "transition_altitude": null, "speed_limit_description": "-", "speed_limit": 200.0, "vertical_angle": null, "center_waypoint": null, "center_waypoint_latitude": null, "center_waypoint_longitude": null, "aircraft_category": null}, "geometry": {"type": "MultiPoint", "coordinates": [[96.251, 17.08030556]]}}, {"type": "Feature", "properties": {"fid": 1431, "area_code": "PAC", "airport_identifier": "VYYY", "procedure_identifier": "R21", "route_type": "R", "transition_identifier": null, "seqno": 10, "waypoint_icao_code": "VY", "waypoint_identifier": "HLEGU", "waypoint_latitude": 17.08030556, "waypoint_longitude": 96.251, "waypoint_description_code": "E  I", "turn_direction": null, "rnp": null, "path_termination": "IF", "recommanded_navaid": null, "recommanded_navaid_latitude": null, "recommanded_navaid_longitude": null, "arc_radius": null, "theta": null, "rho": null, "magnetic_course": null, "route_distance_holding_distance_time": null, "distance_time": null, "altitude_description": "+", "altitude1": 3000.0, "altitude2": null, "transition_altitude": null, "speed_limit_description": "-", "speed_limit": 200.0, "vertical_angle": null, "center_waypoint": null, "center_waypoint_latitude": null, "center_waypoint_longitude": null, "aircraft_category": null}, "geometry": {"type": "MultiPoint", "coordinates": [[96.251, 17.08030556]]}}, {"type": "Feature", "properties": {"fid": 1432, "area_code": "PAC", "airport_identifier": "VYYY", "procedure_identifier": "R21", "route_type": "R", "transition_identifier": null, "seqno": 20, "waypoint_icao_code": "VY", "waypoint_identifier": "SULAP", "waypoint_latitude": 16.98563889, "waypoint_longitude": 96.18655556, "waypoint_description_code": "E  F", "turn_direction": null, "rnp": null, "path_termination": "TF", "recommanded_navaid": null, "recommanded_navaid_latitude": null, "recommanded_navaid_longitude": null, "arc_radius": null, "theta": null, "rho": null, "magnetic_course": 214.0, "route_distance_holding_distance_time": 6.8, "distance_time": "D", "altitude_description": "@", "altitude1": 1500.0, "altitude2": null, "transition_altitude": null, "speed_limit_description": null, "speed_limit": null, "vertical_angle": null, "center_waypoint": null, "center_waypoint_latitude": null, "center_waypoint_longitude": null, "aircraft_category": null}, "geometry": {"type": "MultiPoint", "coordinates": [[96.18655556, 16.98563889]]}}, {"type": "Feature", "properties": {"fid": 1433, "area_code": "PAC", "airport_identifier": "VYYY", "procedure_identifier": "R21", "route_type": "R", "transition_identifier": null, "seqno": 30, "waypoint_icao_code": "VY", "waypoint_identifier": "RW21", "waypoint_latitude": 16.92373611, "waypoint_longitude": 96.14445556, "waypoint_description_code": "GY M", "turn_direction": null, "rnp": null, "path_termination": "TF", "recommanded_navaid": null, "recommanded_navaid_latitude": null, "recommanded_navaid_longitude": null, "arc_radius": null, "theta": null, "rho": null, "magnetic_course": 214.0, "route_distance_holding_distance_time": 4.4, "distance_time": "D", "altitude_description": "@", "altitude1": 93.0, "altitude2": null, "transition_altitude": null, "speed_limit_description": null, "speed_limit": null, "vertical_angle": -3.0, "center_waypoint": null, "center_waypoint_latitude": null, "center_waypoint_longitude": null, "aircraft_category": null}, "geometry": {"type": "MultiPoint", "coordinates": [[96.14445556, 16.92373611]]}}, {"type": "Feature", "properties": {"fid": 1435, "area_code": "PAC", "airport_identifier": "VYYY", "procedure_identifier": "R21", "route_type": "R", "transition_identifier": null, "seqno": 40, "waypoint_icao_code": "VY", "waypoint_identifier": "YY901", "waypoint_latitude": 16.86352778, "waypoint_longitude": 96.08408333, "waypoint_description_code": "E", "turn_direction": null, "rnp": 1.0, "path_termination": "CF", "recommanded_navaid": null, "recommanded_navaid_latitude": null, "recommanded_navaid_longitude": null, "arc_radius": null, "theta": null, "rho": null, "magnetic_course": 225.0, "route_distance_holding_distance_time": 5.0, "distance_time": "D", "altitude_description": "+", "altitude1": 1100.0, "altitude2": null, "transition_altitude": null, "speed_limit_description": null, "speed_limit": null, "vertical_angle": null, "center_waypoint": null, "center_waypoint_latitude": null, "center_waypoint_longitude": null, "aircraft_category": null}, "geometry": {"type": "MultiPoint", "coordinates": [[96.08408333, 16.86352778]]}}, {"type": "Feature", "properties": {"fid": 1436, "area_code": "PAC", "airport_identifier": "VYYY", "procedure_identifier": "R21", "route_type": "R", "transition_identifier": null, "seqno": 50, "waypoint_icao_code": "VY", "waypoint_identifier": "PUKIS", "waypoint_latitude": 17.00297222, "waypoint_longitude": 95.93397222, "waypoint_description_code": "EY", "turn_direction": null, "rnp": 1.0, "path_termination": "TF", "recommanded_navaid": null, "recommanded_navaid_latitude": null, "recommanded_navaid_longitude": null, "arc_radius": null, "theta": null, "rho": null, "magnetic_course": null, "route_distance_holding_distance_time": null, "distance_time": null, "altitude_description": "+", "altitude1": 3000.0, "altitude2": null, "transition_altitude": null, "speed_limit_description": "-", "speed_limit": 230.0, "vertical_angle": null, "center_waypoint": null, "center_waypoint_latitude": null, "center_waypoint_longitude": null, "aircraft_category": null}, "geometry": {"type": "MultiPoint", "coordinates": [[95.93397222, 17.00297222]]}}, {"type": "Feature", "properties": {"fid": 1437, "area_code": "PAC", "airport_identifier": "VYYY", "procedure_identifier": "R21", "route_type": "R", "transition_identifier": null, "seqno": 60, "waypoint_icao_code": "VY", "waypoint_identifier": "PUKIS", "waypoint_latitude": 17.00297222, "waypoint_longitude": 95.93397222, "waypoint_description_code": "E  H", "turn_direction": "R", "rnp": 1.0, "path_termination": "HM", "recommanded_navaid": null, "recommanded_navaid_latitude": null, "recommanded_navaid_longitude": null, "arc_radius": null, "theta": null, "rho": null, "magnetic_course": 360.0, "route_distance_holding_distance_time": 1.0, "distance_time": "T", "altitude_description": "+", "altitude1": 3000.0, "altitude2": null, "transition_altitude": null, "speed_limit_description": "-", "speed_limit": 230.0, "vertical_angle": null, "center_waypoint": null, "center_waypoint_latitude": null, "center_waypoint_longitude": null, "aircraft_category": null}, "geometry": {"type": "MultiPoint", "coordinates": [[95.93397222, 17.00297222]]}}, {"type": "Feature", "properties": {"fid": 1439, "area_code": "PAC", "airport_identifier": "VYSW", "procedure_identifier": "D29", "route_type": "A", "transition_identifier": "STW1", "seqno": 10, "waypoint_icao_code": "VY", "waypoint_identifier": "STW", "waypoint_latitude": 20.13291111, "waypoint_longitude": 92.87871111, "waypoint_description_code": "E  A", "turn_direction": null, "rnp": null, "path_termination": "IF", "recommanded_navaid": null, "recommanded_navaid_latitude": null, "recommanded_navaid_longitude": null, "arc_radius": null, "theta": null, "rho": null, "magnetic_course": null, "route_distance_holding_distance_time": null, "distance_time": null, "altitude_description": "+", "altitude1": 3000.0, "altitude2": null, "transition_altitude": null, "speed_limit_description": null, "speed_limit": null, "vertical_angle": null, "center_waypoint": null, "center_waypoint_latitude": null, "center_waypoint_longitude": null, "aircraft_category": null}, "geometry": {"type": "MultiPoint", "coordinates": [[92.87871111, 20.13291111]]}}, {"type": "Feature", "properties": {"fid": 1440, "area_code": "PAC", "airport_identifier": "VYSW", "procedure_identifier": "D29", "route_type": "A", "transition_identifier": "STW1", "seqno": 20, "waypoint_icao_code": null, "waypoint_identifier": null, "waypoint_latitude": null, "waypoint_longitude": null, "waypoint_description_code": null, "turn_direction": null, "rnp": null, "path_termination": "FD", "recommanded_navaid": null, "recommanded_navaid_latitude": null, "recommanded_navaid_longitude": null, "arc_radius": null, "theta": null, "rho": null, "magnetic_course": 145.0, "route_distance_holding_distance_time": 6.7, "distance_time": "D", "altitude_description": "+", "altitude1": 2000.0, "altitude2": null, "transition_altitude": null, "speed_limit_description": null, "speed_limit": null, "vertical_angle": null, "center_waypoint": null, "center_waypoint_latitude": null, "center_waypoint_longitude": null, "aircraft_category": null}, "geometry": {"type": "MultiPoint", "coordinates": []}}, {"type": "Feature", "properties": {"fid": 1441, "area_code": "PAC", "airport_identifier": "VYSW", "procedure_identifier": "D29", "route_type": "A", "transition_identifier": "STW1", "seqno": 30, "waypoint_icao_code": "VY", "waypoint_identifier": "FF29", "waypoint_latitude": 20.11037222, "waypoint_longitude": 92.96766389, "waypoint_description_code": "E", "turn_direction": "L", "rnp": null, "path_termination": "CF", "recommanded_navaid": null, "recommanded_navaid_latitude": null, "recommanded_navaid_longitude": null, "arc_radius": null, "theta": null, "rho": null, "magnetic_course": 286.0, "route_distance_holding_distance_time": 1.5, "distance_time": "D", "altitude_description": "+", "altitude1": 1700.0, "altitude2": null, "transition_altitude": null, "speed_limit_description": null, "speed_limit": null, "vertical_angle": null, "center_waypoint": null, "center_waypoint_latitude": null, "center_waypoint_longitude": null, "aircraft_category": null}, "geometry": {"type": "MultiPoint", "coordinates": [[92.96766389, 20.11037222]]}}, {"type": "Feature", "properties": {"fid": 1443, "area_code": "PAC", "airport_identifier": "VYSW", "procedure_identifier": "D29", "route_type": "A", "transition_identifier": "STW2", "seqno": 10, "waypoint_icao_code": "VY", "waypoint_identifier": "STW", "waypoint_latitude": 20.13291111, "waypoint_longitude": 92.87871111, "waypoint_description_code": "E  A", "turn_direction": null, "rnp": null, "path_termination": "IF", "recommanded_navaid": null, "recommanded_navaid_latitude": null, "recommanded_navaid_longitude": null, "arc_radius": null, "theta": null, "rho": null, "magnetic_course": null, "route_distance_holding_distance_time": null, "distance_time": null, "altitude_description": "+", "altitude1": 3000.0, "altitude2": null, "transition_altitude": null, "speed_limit_description": null, "speed_limit": null, "vertical_angle": null, "center_waypoint": null, "center_waypoint_latitude": null, "center_waypoint_longitude": null, "aircraft_category": null}, "geometry": {"type": "MultiPoint", "coordinates": [[92.87871111, 20.13291111]]}}, {"type": "Feature", "properties": {"fid": 1444, "area_code": "PAC", "airport_identifier": "VYSW", "procedure_identifier": "D29", "route_type": "A", "transition_identifier": "STW2", "seqno": 20, "waypoint_icao_code": null, "waypoint_identifier": null, "waypoint_latitude": null, "waypoint_longitude": null, "waypoint_description_code": null, "turn_direction": null, "rnp": null, "path_termination": "FD", "recommanded_navaid": null, "recommanded_navaid_latitude": null, "recommanded_navaid_longitude": null, "arc_radius": null, "theta": null, "rho": null, "magnetic_course": 120.0, "route_distance_holding_distance_time": 6.7, "distance_time": "D", "altitude_description": "+", "altitude1": 2000.0, "altitude2": null, "transition_altitude": null, "speed_limit_description": null, "speed_limit": null, "vertical_angle": null, "center_waypoint": null, "center_waypoint_latitude": null, "center_waypoint_longitude": null, "aircraft_category": null}, "geometry": {"type": "MultiPoint", "coordinates": []}}, {"type": "Feature", "properties": {"fid": 1445, "area_code": "PAC", "airport_identifier": "VYSW", "procedure_identifier": "D29", "route_type": "A", "transition_identifier": "STW2", "seqno": 30, "waypoint_icao_code": "VY", "waypoint_identifier": "FF29", "waypoint_latitude": 20.11037222, "waypoint_longitude": 92.96766389, "waypoint_description_code": "E", "turn_direction": "L", "rnp": null, "path_termination": "CF", "recommanded_navaid": null, "recommanded_navaid_latitude": null, "recommanded_navaid_longitude": null, "arc_radius": null, "theta": null, "rho": null, "magnetic_course": 286.0, "route_distance_holding_distance_time": 1.5, "distance_time": "D", "altitude_description": "+", "altitude1": 1700.0, "altitude2": null, "transition_altitude": null, "speed_limit_description": null, "speed_limit": null, "vertical_angle": null, "center_waypoint": null, "center_waypoint_latitude": null, "center_waypoint_longitude": null, "aircraft_category": null}, "geometry": {"type": "MultiPoint", "coordinates": [[92.96766389, 20.11037222]]}}, {"type": "Feature", "properties": {"fid": 1447, "area_code": "PAC", "airport_identifier": "VYSW", "procedure_identifier": "D29", "route_type": "D", "transition_identifier": null, "seqno": 20, "waypoint_icao_code": "VY", "waypoint_identifier": "FF29", "waypoint_latitude": 20.11037222, "waypoint_longitude": 92.96766389, "waypoint_description_code": "E  F", "turn_direction": null, "rnp": null, "path_termination": "IF", "recommanded_navaid": null, "recommanded_navaid_latitude": null, "recommanded_navaid_longitude": null, "arc_radius": null, "theta": null, "rho": null, "magnetic_course": null, "route_distance_holding_distance_time": null, "distance_time": null, "altitude_description": "+", "altitude1": 1700.0, "altitude2": null, "transition_altitude": null, "speed_limit_description": null, "speed_limit": null, "vertical_angle": null, "center_waypoint": null, "center_waypoint_latitude": null, "center_waypoint_longitude": null, "aircraft_category": null}, "geometry": {"type": "MultiPoint", "coordinates": [[92.96766389, 20.11037222]]}}, {"type": "Feature", "properties": {"fid": 1448, "area_code": "PAC", "airport_identifier": "VYSW", "procedure_identifier": "D29", "route_type": "D", "transition_identifier": null, "seqno": 30, "waypoint_icao_code": "VY", "waypoint_identifier": "RW29", "waypoint_latitude": 20.13075, "waypoint_longitude": 92.88120833, "waypoint_description_code": "G  M", "turn_direction": null, "rnp": null, "path_termination": "CF", "recommanded_navaid": null, "recommanded_navaid_latitude": null, "recommanded_navaid_longitude": null, "arc_radius": null, "theta": null, "rho": null, "magnetic_course": 286.0, "route_distance_holding_distance_time": 5.0, "distance_time": "D", "altitude_description": "@", "altitude1": 89.0, "altitude2": null, "transition_altitude": null, "speed_limit_description": null, "speed_limit": null, "vertical_angle": -3.0, "center_waypoint": null, "center_waypoint_latitude": null, "center_waypoint_longitude": null, "aircraft_category": null}, "geometry": {"type": "MultiPoint", "coordinates": [[92.88120833, 20.13075]]}}, {"type": "Feature", "properties": {"fid": 1450, "area_code": "PAC", "airport_identifier": "VYSW", "procedure_identifier": "D29", "route_type": "D", "transition_identifier": null, "seqno": 40, "waypoint_icao_code": "VY", "waypoint_identifier": "STW", "waypoint_latitude": 20.13291111, "waypoint_longitude": 92.87871111, "waypoint_description_code": "EY", "turn_direction": null, "rnp": null, "path_termination": "CF", "recommanded_navaid": null, "recommanded_navaid_latitude": null, "recommanded_navaid_longitude": null, "arc_radius": null, "theta": null, "rho": null, "magnetic_course": 286.0, "route_distance_holding_distance_time": 0.2, "distance_time": "D", "altitude_description": null, "altitude1": null, "altitude2": null, "transition_altitude": null, "speed_limit_description": null, "speed_limit": null, "vertical_angle": null, "center_waypoint": null, "center_waypoint_latitude": null, "center_waypoint_longitude": null, "aircraft_category": null}, "geometry": {"type": "MultiPoint", "coordinates": [[92.87871111, 20.13291111]]}}, {"type": "Feature", "properties": {"fid": 1451, "area_code": "PAC", "airport_identifier": "VYSW", "procedure_identifier": "D29", "route_type": "D", "transition_identifier": null, "seqno": 50, "waypoint_icao_code": null, "waypoint_identifier": null, "waypoint_latitude": null, "waypoint_longitude": null, "waypoint_description_code": null, "turn_direction": null, "rnp": null, "path_termination": "CA", "recommanded_navaid": null, "recommanded_navaid_latitude": null, "recommanded_navaid_longitude": null, "arc_radius": null, "theta": null, "rho": null, "magnetic_course": 286.0, "route_distance_holding_distance_time": null, "distance_time": null, "altitude_description": "+", "altitude1": 1500.0, "altitude2": null, "transition_altitude": null, "speed_limit_description": null, "speed_limit": null, "vertical_angle": null, "center_waypoint": null, "center_waypoint_latitude": null, "center_waypoint_longitude": null, "aircraft_category": null}, "geometry": {"type": "MultiPoint", "coordinates": []}}, {"type": "Feature", "properties": {"fid": 1452, "area_code": "PAC", "airport_identifier": "VYSW", "procedure_identifier": "D29", "route_type": "D", "transition_identifier": null, "seqno": 60, "waypoint_icao_code": "VY", "waypoint_identifier": "STW", "waypoint_latitude": 20.13291111, "waypoint_longitude": 92.87871111, "waypoint_description_code": "E", "turn_direction": "R", "rnp": null, "path_termination": "DF", "recommanded_navaid": null, "recommanded_navaid_latitude": null, "recommanded_navaid_longitude": null, "arc_radius": null, "theta": null, "rho": null, "magnetic_course": null, "route_distance_holding_distance_time": null, "distance_time": null, "altitude_description": "@", "altitude1": 3000.0, "altitude2": null, "transition_altitude": null, "speed_limit_description": null, "speed_limit": null, "vertical_angle": null, "center_waypoint": null, "center_waypoint_latitude": null, "center_waypoint_longitude": null, "aircraft_category": null}, "geometry": {"type": "MultiPoint", "coordinates": [[92.87871111, 20.13291111]]}}, {"type": "Feature", "properties": {"fid": 1453, "area_code": "PAC", "airport_identifier": "VYSW", "procedure_identifier": "D29", "route_type": "D", "transition_identifier": null, "seqno": 70, "waypoint_icao_code": "VY", "waypoint_identifier": "STW", "waypoint_latitude": 20.13291111, "waypoint_longitude": 92.87871111, "waypoint_description_code": "E  H", "turn_direction": "R", "rnp": null, "path_termination": "HM", "recommanded_navaid": null, "recommanded_navaid_latitude": null, "recommanded_navaid_longitude": null, "arc_radius": null, "theta": null, "rho": null, "magnetic_course": 145.0, "route_distance_holding_distance_time": 1.0, "distance_time": "T", "altitude_description": "+", "altitude1": 3000.0, "altitude2": null, "transition_altitude": null, "speed_limit_description": null, "speed_limit": null, "vertical_angle": null, "center_waypoint": null, "center_waypoint_latitude": null, "center_waypoint_longitude": null, "aircraft_category": null}, "geometry": {"type": "MultiPoint", "coordinates": [[92.87871111, 20.13291111]]}}, {"type": "Feature", "properties": {"fid": 1455, "area_code": "PAC", "airport_identifier": "VYTL", "procedure_identifier": "D22", "route_type": "A", "transition_identifier": "D274M", "seqno": 10, "waypoint_icao_code": "VY", "waypoint_identifier": "D274M", "waypoint_latitude": 20.49486944, "waypoint_longitude": 99.705, "waypoint_description_code": "E  A", "turn_direction": null, "rnp": null, "path_termination": "IF", "recommanded_navaid": null, "recommanded_navaid_latitude": null, "recommanded_navaid_longitude": null, "arc_radius": null, "theta": null, "rho": null, "magnetic_course": null, "route_distance_holding_distance_time": null, "distance_time": null, "altitude_description": "+", "altitude1": 9000.0, "altitude2": null, "transition_altitude": null, "speed_limit_description": null, "speed_limit": null, "vertical_angle": null, "center_waypoint": null, "center_waypoint_latitude": null, "center_waypoint_longitude": null, "aircraft_category": null}, "geometry": {"type": "MultiPoint", "coordinates": [[99.705, 20.49486944]]}}, {"type": "Feature", "properties": {"fid": 1456, "area_code": "PAC", "airport_identifier": "VYTL", "procedure_identifier": "D22", "route_type": "A", "transition_identifier": "D274M", "seqno": 20, "waypoint_icao_code": "VY", "waypoint_identifier": "TCL", "waypoint_latitude": 20.48364167, "waypoint_longitude": 99.93548611, "waypoint_description_code": "E", "turn_direction": null, "rnp": null, "path_termination": "CF", "recommanded_navaid": null, "recommanded_navaid_latitude": null, "recommanded_navaid_longitude": null, "arc_radius": null, "theta": null, "rho": null, "magnetic_course": 94.0, "route_distance_holding_distance_time": 13.0, "distance_time": "D", "altitude_description": "+", "altitude1": 7000.0, "altitude2": null, "transition_altitude": null, "speed_limit_description": null, "speed_limit": null, "vertical_angle": null, "center_waypoint": null, "center_waypoint_latitude": null, "center_waypoint_longitude": null, "aircraft_category": null}, "geometry": {"type": "MultiPoint", "coordinates": [[99.93548611, 20.48364167]]}}, {"type": "Feature", "properties": {"fid": 1457, "area_code": "PAC", "airport_identifier": "VYTL", "procedure_identifier": "D22", "route_type": "A", "transition_identifier": "D274M", "seqno": 30, "waypoint_icao_code": "VY", "waypoint_identifier": "D013M", "waypoint_latitude": 20.69635, "waypoint_longitude": 99.98353333, "waypoint_description_code": "E", "turn_direction": null, "rnp": null, "path_termination": "CF", "recommanded_navaid": null, "recommanded_navaid_latitude": null, "recommanded_navaid_longitude": null, "arc_radius": null, "theta": null, "rho": null, "magnetic_course": 13.0, "route_distance_holding_distance_time": 13.0, "distance_time": "D", "altitude_description": null, "altitude1": null, "altitude2": null, "transition_altitude": null, "speed_limit_description": null, "speed_limit": null, "vertical_angle": null, "center_waypoint": null, "center_waypoint_latitude": null, "center_waypoint_longitude": null, "aircraft_category": null}, "geometry": {"type": "MultiPoint", "coordinates": [[99.98353333, 20.69635]]}}, {"type": "Feature", "properties": {"fid": 1458, "area_code": "PAC", "airport_identifier": "VYTL", "procedure_identifier": "D22", "route_type": "A", "transition_identifier": "D274M", "seqno": 40, "waypoint_icao_code": "VY", "waypoint_identifier": "D035M", "waypoint_latitude": 20.66388056, "waypoint_longitude": 100.06468889, "waypoint_description_code": "E", "turn_direction": "R", "rnp": null, "path_termination": "AF", "recommanded_navaid": null, "recommanded_navaid_latitude": null, "recommanded_navaid_longitude": null, "arc_radius": null, "theta": null, "rho": null, "magnetic_course": 13.0, "route_distance_holding_distance_time": null, "distance_time": null, "altitude_description": "+", "altitude1": 5300.0, "altitude2": null, "transition_altitude": null, "speed_limit_description": null, "speed_limit": null, "vertical_angle": null, "center_waypoint": "TCL", "center_waypoint_latitude": 20.48364167, "center_waypoint_longitude": 99.93548611, "aircraft_category": null}, "geometry": {"type": "MultiPoint", "coordinates": [[100.06468889, 20.66388056]]}}, {"type": "Feature", "properties": {"fid": 1460, "area_code": "PAC", "airport_identifier": "VYTL", "procedure_identifier": "D22", "route_type": "A", "transition_identifier": "D342P", "seqno": 10, "waypoint_icao_code": "VY", "waypoint_identifier": "D342P", "waypoint_latitude": 20.73668611, "waypoint_longitude": 99.84285833, "waypoint_description_code": "E  A", "turn_direction": null, "rnp": null, "path_termination": "IF", "recommanded_navaid": null, "recommanded_navaid_latitude": null, "recommanded_navaid_longitude": null, "arc_radius": null, "theta": null, "rho": null, "magnetic_course": null, "route_distance_holding_distance_time": null, "distance_time": null, "altitude_description": "+", "altitude1": 9000.0, "altitude2": null, "transition_altitude": null, "speed_limit_description": null, "speed_limit": null, "vertical_angle": null, "center_waypoint": null, "center_waypoint_latitude": null, "center_waypoint_longitude": null, "aircraft_category": null}, "geometry": {"type": "MultiPoint", "coordinates": [[99.84285833, 20.73668611]]}}, {"type": "Feature", "properties": {"fid": 1461, "area_code": "PAC", "airport_identifier": "VYTL", "procedure_identifier": "D22", "route_type": "A", "transition_identifier": "D342P", "seqno": 20, "waypoint_icao_code": null, "waypoint_identifier": null, "waypoint_latitude": null, "waypoint_longitude": null, "waypoint_description_code": null, "turn_direction": null, "rnp": null, "path_termination": "VI", "recommanded_navaid": null, "recommanded_navaid_latitude": null, "recommanded_navaid_longitude": null, "arc_radius": null, "theta": null, "rho": null, "magnetic_course": 162.0, "route_distance_holding_distance_time": null, "distance_time": null, "altitude_description": null, "altitude1": null, "altitude2": null, "transition_altitude": null, "speed_limit_description": null, "speed_limit": null, "vertical_angle": null, "center_waypoint": null, "center_waypoint_latitude": null, "center_waypoint_longitude": null, "aircraft_category": null}, "geometry": {"type": "MultiPoint", "coordinates": []}}, {"type": "Feature", "properties": {"fid": 1462, "area_code": "PAC", "airport_identifier": "VYTL", "procedure_identifier": "D22", "route_type": "A", "transition_identifier": "D342P", "seqno": 30, "waypoint_icao_code": "VY", "waypoint_identifier": "D035M", "waypoint_latitude": 20.66388056, "waypoint_longitude": 100.06468889, "waypoint_description_code": "E", "turn_direction": "R", "rnp": null, "path_termination": "AF", "recommanded_navaid": null, "recommanded_navaid_latitude": null, "recommanded_navaid_longitude": null, "arc_radius": null, "theta": null, "rho": null, "magnetic_course": 342.0, "route_distance_holding_distance_time": null, "distance_time": null, "altitude_description": "+", "altitude1": 5300.0, "altitude2": null, "transition_altitude": null, "speed_limit_description": null, "speed_limit": null, "vertical_angle": null, "center_waypoint": "TCL", "center_waypoint_latitude": 20.48364167, "center_waypoint_longitude": 99.93548611, "aircraft_category": null}, "geometry": {"type": "MultiPoint", "coordinates": [[100.06468889, 20.66388056]]}}, {"type": "Feature", "properties": {"fid": 1464, "area_code": "PAC", "airport_identifier": "VYTL", "procedure_identifier": "D22", "route_type": "A", "transition_identifier": "TCL", "seqno": 10, "waypoint_icao_code": "VY", "waypoint_identifier": "TCL", "waypoint_latitude": 20.48364167, "waypoint_longitude": 99.93548611, "waypoint_description_code": "E  A", "turn_direction": null, "rnp": null, "path_termination": "IF", "recommanded_navaid": null, "recommanded_navaid_latitude": null, "recommanded_navaid_longitude": null, "arc_radius": null, "theta": null, "rho": null, "magnetic_course": null, "route_distance_holding_distance_time": null, "distance_time": null, "altitude_description": "+", "altitude1": 7000.0, "altitude2": null, "transition_altitude": null, "speed_limit_description": null, "speed_limit": null, "vertical_angle": null, "center_waypoint": null, "center_waypoint_latitude": null, "center_waypoint_longitude": null, "aircraft_category": null}, "geometry": {"type": "MultiPoint", "coordinates": [[99.93548611, 20.48364167]]}}, {"type": "Feature", "properties": {"fid": 1465, "area_code": "PAC", "airport_identifier": "VYTL", "procedure_identifier": "D22", "route_type": "A", "transition_identifier": "TCL", "seqno": 20, "waypoint_icao_code": "VY", "waypoint_identifier": "D013M", "waypoint_latitude": 20.69635, "waypoint_longitude": 99.98353333, "waypoint_description_code": "E", "turn_direction": null, "rnp": null, "path_termination": "CF", "recommanded_navaid": null, "recommanded_navaid_latitude": null, "recommanded_navaid_longitude": null, "arc_radius": null, "theta": null, "rho": null, "magnetic_course": 13.0, "route_distance_holding_distance_time": 13.0, "distance_time": "D", "altitude_description": null, "altitude1": null, "altitude2": null, "transition_altitude": null, "speed_limit_description": null, "speed_limit": null, "vertical_angle": null, "center_waypoint": null, "center_waypoint_latitude": null, "center_waypoint_longitude": null, "aircraft_category": null}, "geometry": {"type": "MultiPoint", "coordinates": [[99.98353333, 20.69635]]}}, {"type": "Feature", "properties": {"fid": 1466, "area_code": "PAC", "airport_identifier": "VYTL", "procedure_identifier": "D22", "route_type": "A", "transition_identifier": "TCL", "seqno": 30, "waypoint_icao_code": "VY", "waypoint_identifier": "D035M", "waypoint_latitude": 20.66388056, "waypoint_longitude": 100.06468889, "waypoint_description_code": "E", "turn_direction": "R", "rnp": null, "path_termination": "AF", "recommanded_navaid": null, "recommanded_navaid_latitude": null, "recommanded_navaid_longitude": null, "arc_radius": null, "theta": null, "rho": null, "magnetic_course": 13.0, "route_distance_holding_distance_time": null, "distance_time": null, "altitude_description": "+", "altitude1": 5300.0, "altitude2": null, "transition_altitude": null, "speed_limit_description": null, "speed_limit": null, "vertical_angle": null, "center_waypoint": "TCL", "center_waypoint_latitude": 20.48364167, "center_waypoint_longitude": 99.93548611, "aircraft_category": null}, "geometry": {"type": "MultiPoint", "coordinates": [[100.06468889, 20.66388056]]}}, {"type": "Feature", "properties": {"fid": 1468, "area_code": "PAC", "airport_identifier": "VYTL", "procedure_identifier": "D22", "route_type": "D", "transition_identifier": null, "seqno": 10, "waypoint_icao_code": "VY", "waypoint_identifier": "D035M", "waypoint_latitude": 20.66388056, "waypoint_longitude": 100.06468889, "waypoint_description_code": "E  I", "turn_direction": null, "rnp": null, "path_termination": "IF", "recommanded_navaid": null, "recommanded_navaid_latitude": null, "recommanded_navaid_longitude": null, "arc_radius": null, "theta": null, "rho": null, "magnetic_course": null, "route_distance_holding_distance_time": null, "distance_time": null, "altitude_description": "+", "altitude1": 5300.0, "altitude2": null, "transition_altitude": null, "speed_limit_description": null, "speed_limit": null, "vertical_angle": null, "center_waypoint": null, "center_waypoint_latitude": null, "center_waypoint_longitude": null, "aircraft_category": null}, "geometry": {"type": "MultiPoint", "coordinates": [[100.06468889, 20.66388056]]}}, {"type": "Feature", "properties": {"fid": 1469, "area_code": "PAC", "airport_identifier": "VYTL", "procedure_identifier": "D22", "route_type": "D", "transition_identifier": null, "seqno": 20, "waypoint_icao_code": "VY", "waypoint_identifier": "FF22", "waypoint_latitude": 20.59456944, "waypoint_longitude": 100.01495833, "waypoint_description_code": "E  F", "turn_direction": null, "rnp": null, "path_termination": "CF", "recommanded_navaid": null, "recommanded_navaid_latitude": null, "recommanded_navaid_longitude": null, "arc_radius": null, "theta": null, "rho": null, "magnetic_course": 215.0, "route_distance_holding_distance_time": 5.0, "distance_time": "D", "altitude_description": "+", "altitude1": 4000.0, "altitude2": null, "transition_altitude": null, "speed_limit_description": null, "speed_limit": null, "vertical_angle": null, "center_waypoint": null, "center_waypoint_latitude": null, "center_waypoint_longitude": null, "aircraft_category": null}, "geometry": {"type": "MultiPoint", "coordinates": [[100.01495833, 20.59456944]]}}, {"type": "Feature", "properties": {"fid": 1470, "area_code": "PAC", "airport_identifier": "VYTL", "procedure_identifier": "D22", "route_type": "D", "transition_identifier": null, "seqno": 30, "waypoint_icao_code": "VY", "waypoint_identifier": "RW22", "waypoint_latitude": 20.49244722, "waypoint_longitude": 99.94104444, "waypoint_description_code": "G  M", "turn_direction": null, "rnp": null, "path_termination": "CF", "recommanded_navaid": null, "recommanded_navaid_latitude": null, "recommanded_navaid_longitude": null, "arc_radius": null, "theta": null, "rho": null, "magnetic_course": 215.0, "route_distance_holding_distance_time": 7.4, "distance_time": "D", "altitude_description": "@", "altitude1": 1324.0, "altitude2": null, "transition_altitude": null, "speed_limit_description": null, "speed_limit": null, "vertical_angle": -3.44, "center_waypoint": null, "center_waypoint_latitude": null, "center_waypoint_longitude": null, "aircraft_category": null}, "geometry": {"type": "MultiPoint", "coordinates": [[99.94104444, 20.49244722]]}}, {"type": "Feature", "properties": {"fid": 1472, "area_code": "PAC", "airport_identifier": "VYTL", "procedure_identifier": "D22", "route_type": "D", "transition_identifier": null, "seqno": 40, "waypoint_icao_code": "VY", "waypoint_identifier": "TCL", "waypoint_latitude": 20.48364167, "waypoint_longitude": 99.93548611, "waypoint_description_code": "EY", "turn_direction": null, "rnp": null, "path_termination": "CF", "recommanded_navaid": null, "recommanded_navaid_latitude": null, "recommanded_navaid_longitude": null, "arc_radius": null, "theta": null, "rho": null, "magnetic_course": 215.0, "route_distance_holding_distance_time": 0.6, "distance_time": "D", "altitude_description": null, "altitude1": null, "altitude2": null, "transition_altitude": null, "speed_limit_description": null, "speed_limit": null, "vertical_angle": null, "center_waypoint": null, "center_waypoint_latitude": null, "center_waypoint_longitude": null, "aircraft_category": null}, "geometry": {"type": "MultiPoint", "coordinates": [[99.93548611, 20.48364167]]}}, {"type": "Feature", "properties": {"fid": 1473, "area_code": "PAC", "airport_identifier": "VYTL", "procedure_identifier": "D22", "route_type": "D", "transition_identifier": null, "seqno": 50, "waypoint_icao_code": null, "waypoint_identifier": null, "waypoint_latitude": null, "waypoint_longitude": null, "waypoint_description_code": null, "turn_direction": null, "rnp": null, "path_termination": "FA", "recommanded_navaid": null, "recommanded_navaid_latitude": null, "recommanded_navaid_longitude": null, "arc_radius": null, "theta": null, "rho": null, "magnetic_course": 185.0, "route_distance_holding_distance_time": null, "distance_time": null, "altitude_description": "+", "altitude1": 4000.0, "altitude2": null, "transition_altitude": null, "speed_limit_description": "-", "speed_limit": 185.0, "vertical_angle": null, "center_waypoint": null, "center_waypoint_latitude": null, "center_waypoint_longitude": null, "aircraft_category": null}, "geometry": {"type": "MultiPoint", "coordinates": []}}, {"type": "Feature", "properties": {"fid": 1474, "area_code": "PAC", "airport_identifier": "VYTL", "procedure_identifier": "D22", "route_type": "D", "transition_identifier": null, "seqno": 60, "waypoint_icao_code": "VY", "waypoint_identifier": "TCL", "waypoint_latitude": 20.48364167, "waypoint_longitude": 99.93548611, "waypoint_description_code": "E", "turn_direction": "L", "rnp": null, "path_termination": "DF", "recommanded_navaid": null, "recommanded_navaid_latitude": null, "recommanded_navaid_longitude": null, "arc_radius": null, "theta": null, "rho": null, "magnetic_course": null, "route_distance_holding_distance_time": null, "distance_time": null, "altitude_description": "+", "altitude1": 7000.0, "altitude2": null, "transition_altitude": null, "speed_limit_description": null, "speed_limit": null, "vertical_angle": null, "center_waypoint": null, "center_waypoint_latitude": null, "center_waypoint_longitude": null, "aircraft_category": null}, "geometry": {"type": "MultiPoint", "coordinates": [[99.93548611, 20.48364167]]}}, {"type": "Feature", "properties": {"fid": 1475, "area_code": "PAC", "airport_identifier": "VYTL", "procedure_identifier": "D22", "route_type": "D", "transition_identifier": null, "seqno": 70, "waypoint_icao_code": "VY", "waypoint_identifier": "TCL", "waypoint_latitude": 20.48364167, "waypoint_longitude": 99.93548611, "waypoint_description_code": "E  H", "turn_direction": "L", "rnp": null, "path_termination": "HM", "recommanded_navaid": null, "recommanded_navaid_latitude": null, "recommanded_navaid_longitude": null, "arc_radius": null, "theta": null, "rho": null, "magnetic_course": 35.0, "route_distance_holding_distance_time": 1.0, "distance_time": "T", "altitude_description": "+", "altitude1": 7000.0, "altitude2": null, "transition_altitude": null, "speed_limit_description": null, "speed_limit": null, "vertical_angle": null, "center_waypoint": null, "center_waypoint_latitude": null, "center_waypoint_longitude": null, "aircraft_category": null}, "geometry": {"type": "MultiPoint", "coordinates": [[99.93548611, 20.48364167]]}}, {"type": "Feature", "properties": {"fid": 1477, "area_code": "PAC", "airport_identifier": "VYYY", "procedure_identifier": "D21", "route_type": "A", "transition_identifier": "BGO", "seqno": 10, "waypoint_icao_code": "VY", "waypoint_identifier": "BGO", "waypoint_latitude": 17.31849444, "waypoint_longitude": 96.519875, "waypoint_description_code": "E  A", "turn_direction": null, "rnp": null, "path_termination": "IF", "recommanded_navaid": null, "recommanded_navaid_latitude": null, "recommanded_navaid_longitude": null, "arc_radius": null, "theta": null, "rho": null, "magnetic_course": null, "route_distance_holding_distance_time": null, "distance_time": null, "altitude_description": null, "altitude1": null, "altitude2": null, "transition_altitude": null, "speed_limit_description": null, "speed_limit": null, "vertical_angle": null, "center_waypoint": null, "center_waypoint_latitude": null, "center_waypoint_longitude": null, "aircraft_category": null}, "geometry": {"type": "MultiPoint", "coordinates": [[96.519875, 17.31849444]]}}, {"type": "Feature", "properties": {"fid": 1478, "area_code": "PAC", "airport_identifier": "VYYY", "procedure_identifier": "D21", "route_type": "A", "transition_identifier": "BGO", "seqno": 20, "waypoint_icao_code": "VY", "waypoint_identifier": "HGU", "waypoint_latitude": 17.08030556, "waypoint_longitude": 96.251, "waypoint_description_code": "E", "turn_direction": null, "rnp": null, "path_termination": "CF", "recommanded_navaid": null, "recommanded_navaid_latitude": null, "recommanded_navaid_longitude": null, "arc_radius": null, "theta": null, "rho": null, "magnetic_course": 228.0, "route_distance_holding_distance_time": 21.0, "distance_time": "D", "altitude_description": "+", "altitude1": 3000.0, "altitude2": null, "transition_altitude": null, "speed_limit_description": null, "speed_limit": null, "vertical_angle": null, "center_waypoint": null, "center_waypoint_latitude": null, "center_waypoint_longitude": null, "aircraft_category": null}, "geometry": {"type": "MultiPoint", "coordinates": [[96.251, 17.08030556]]}}, {"type": "Feature", "properties": {"fid": 1480, "area_code": "PAC", "airport_identifier": "VYYY", "procedure_identifier": "D21", "route_type": "A", "transition_identifier": "HGU", "seqno": 10, "waypoint_icao_code": "VY", "waypoint_identifier": "HGU", "waypoint_latitude": 17.08030556, "waypoint_longitude": 96.251, "waypoint_description_code": "E  A", "turn_direction": "R", "rnp": null, "path_termination": "HF", "recommanded_navaid": null, "recommanded_navaid_latitude": null, "recommanded_navaid_longitude": null, "arc_radius": null, "theta": null, "rho": null, "magnetic_course": 214.0, "route_distance_holding_distance_time": 1.0, "distance_time": "T", "altitude_description": "+", "altitude1": 3000.0, "altitude2": null, "transition_altitude": null, "speed_limit_description": null, "speed_limit": null, "vertical_angle": null, "center_waypoint": null, "center_waypoint_latitude": null, "center_waypoint_longitude": null, "aircraft_category": null}, "geometry": {"type": "MultiPoint", "coordinates": [[96.251, 17.08030556]]}}, {"type": "Feature", "properties": {"fid": 1481, "area_code": "PAC", "airport_identifier": "VYYY", "procedure_identifier": "D21", "route_type": "D", "transition_identifier": null, "seqno": 10, "waypoint_icao_code": "VY", "waypoint_identifier": "HGU", "waypoint_latitude": 17.08030556, "waypoint_longitude": 96.251, "waypoint_description_code": "E  I", "turn_direction": null, "rnp": null, "path_termination": "IF", "recommanded_navaid": null, "recommanded_navaid_latitude": null, "recommanded_navaid_longitude": null, "arc_radius": null, "theta": null, "rho": null, "magnetic_course": null, "route_distance_holding_distance_time": null, "distance_time": null, "altitude_description": "+", "altitude1": 3000.0, "altitude2": null, "transition_altitude": null, "speed_limit_description": null, "speed_limit": null, "vertical_angle": null, "center_waypoint": null, "center_waypoint_latitude": null, "center_waypoint_longitude": null, "aircraft_category": null}, "geometry": {"type": "MultiPoint", "coordinates": [[96.251, 17.08030556]]}}, {"type": "Feature", "properties": {"fid": 1482, "area_code": "PAC", "airport_identifier": "VYYY", "procedure_identifier": "D21", "route_type": "D", "transition_identifier": null, "seqno": 20, "waypoint_icao_code": "VY", "waypoint_identifier": "FD21", "waypoint_latitude": 16.98510833, "waypoint_longitude": 96.18619167, "waypoint_description_code": "E  F", "turn_direction": null, "rnp": null, "path_termination": "CF", "recommanded_navaid": null, "recommanded_navaid_latitude": null, "recommanded_navaid_longitude": null, "arc_radius": null, "theta": null, "rho": null, "magnetic_course": 214.0, "route_distance_holding_distance_time": 6.8, "distance_time": "D", "altitude_description": "+", "altitude1": 1500.0, "altitude2": null, "transition_altitude": null, "speed_limit_description": null, "speed_limit": null, "vertical_angle": null, "center_waypoint": null, "center_waypoint_latitude": null, "center_waypoint_longitude": null, "aircraft_category": null}, "geometry": {"type": "MultiPoint", "coordinates": [[96.18619167, 16.98510833]]}}, {"type": "Feature", "properties": {"fid": 1483, "area_code": "PAC", "airport_identifier": "VYYY", "procedure_identifier": "D21", "route_type": "D", "transition_identifier": null, "seqno": 30, "waypoint_icao_code": "VY", "waypoint_identifier": "RW21", "waypoint_latitude": 16.92373611, "waypoint_longitude": 96.14445556, "waypoint_description_code": "G  M", "turn_direction": null, "rnp": null, "path_termination": "CF", "recommanded_navaid": null, "recommanded_navaid_latitude": null, "recommanded_navaid_longitude": null, "arc_radius": null, "theta": null, "rho": null, "magnetic_course": 214.0, "route_distance_holding_distance_time": 4.4, "distance_time": "D", "altitude_description": "@", "altitude1": 97.0, "altitude2": null, "transition_altitude": null, "speed_limit_description": null, "speed_limit": null, "vertical_angle": -3.0, "center_waypoint": null, "center_waypoint_latitude": null, "center_waypoint_longitude": null, "aircraft_category": null}, "geometry": {"type": "MultiPoint", "coordinates": [[96.14445556, 16.92373611]]}}, {"type": "Feature", "properties": {"fid": 1485, "area_code": "PAC", "airport_identifier": "VYYY", "procedure_identifier": "D21", "route_type": "D", "transition_identifier": null, "seqno": 40, "waypoint_icao_code": null, "waypoint_identifier": null, "waypoint_latitude": null, "waypoint_longitude": null, "waypoint_description_code": null, "turn_direction": null, "rnp": null, "path_termination": "VA", "recommanded_navaid": null, "recommanded_navaid_latitude": null, "recommanded_navaid_longitude": null, "arc_radius": null, "theta": null, "rho": null, "magnetic_course": 214.0, "route_distance_holding_distance_time": null, "distance_time": null, "altitude_description": "+", "altitude1": 2000.0, "altitude2": null, "transition_altitude": null, "speed_limit_description": null, "speed_limit": null, "vertical_angle": null, "center_waypoint": null, "center_waypoint_latitude": null, "center_waypoint_longitude": null, "aircraft_category": null}, "geometry": {"type": "MultiPoint", "coordinates": []}}, {"type": "Feature", "properties": {"fid": 1486, "area_code": "PAC", "airport_identifier": "VYYY", "procedure_identifier": "D21", "route_type": "D", "transition_identifier": null, "seqno": 50, "waypoint_icao_code": "VY", "waypoint_identifier": "HGU", "waypoint_latitude": 17.08030556, "waypoint_longitude": 96.251, "waypoint_description_code": "E", "turn_direction": "R", "rnp": null, "path_termination": "DF", "recommanded_navaid": null, "recommanded_navaid_latitude": null, "recommanded_navaid_longitude": null, "arc_radius": null, "theta": null, "rho": null, "magnetic_course": null, "route_distance_holding_distance_time": null, "distance_time": null, "altitude_description": "@", "altitude1": 3000.0, "altitude2": null, "transition_altitude": null, "speed_limit_description": null, "speed_limit": null, "vertical_angle": null, "center_waypoint": null, "center_waypoint_latitude": null, "center_waypoint_longitude": null, "aircraft_category": null}, "geometry": {"type": "MultiPoint", "coordinates": [[96.251, 17.08030556]]}}, {"type": "Feature", "properties": {"fid": 1487, "area_code": "PAC", "airport_identifier": "VYYY", "procedure_identifier": "D21", "route_type": "D", "transition_identifier": null, "seqno": 60, "waypoint_icao_code": "VY", "waypoint_identifier": "HGU", "waypoint_latitude": 17.08030556, "waypoint_longitude": 96.251, "waypoint_description_code": "E  H", "turn_direction": "R", "rnp": null, "path_termination": "HM", "recommanded_navaid": null, "recommanded_navaid_latitude": null, "recommanded_navaid_longitude": null, "arc_radius": null, "theta": null, "rho": null, "magnetic_course": 214.0, "route_distance_holding_distance_time": 1.0, "distance_time": "T", "altitude_description": "+", "altitude1": 3000.0, "altitude2": null, "transition_altitude": null, "speed_limit_description": null, "speed_limit": null, "vertical_angle": null, "center_waypoint": null, "center_waypoint_latitude": null, "center_waypoint_longitude": null, "aircraft_category": null}, "geometry": {"type": "MultiPoint", "coordinates": [[96.251, 17.08030556]]}}, {"type": "Feature", "properties": {"fid": 1489, "area_code": "PAC", "airport_identifier": "VYYY", "procedure_identifier": "I21-Y", "route_type": "A", "transition_identifier": "BGO", "seqno": 10, "waypoint_icao_code": "VY", "waypoint_identifier": "BGO", "waypoint_latitude": 17.31849444, "waypoint_longitude": 96.519875, "waypoint_description_code": "E  A", "turn_direction": null, "rnp": null, "path_termination": "IF", "recommanded_navaid": null, "recommanded_navaid_latitude": null, "recommanded_navaid_longitude": null, "arc_radius": null, "theta": null, "rho": null, "magnetic_course": null, "route_distance_holding_distance_time": null, "distance_time": null, "altitude_description": null, "altitude1": null, "altitude2": null, "transition_altitude": null, "speed_limit_description": null, "speed_limit": null, "vertical_angle": null, "center_waypoint": null, "center_waypoint_latitude": null, "center_waypoint_longitude": null, "aircraft_category": null}, "geometry": {"type": "MultiPoint", "coordinates": [[96.519875, 17.31849444]]}}, {"type": "Feature", "properties": {"fid": 1490, "area_code": "PAC", "airport_identifier": "VYYY", "procedure_identifier": "I21-Y", "route_type": "A", "transition_identifier": "BGO", "seqno": 20, "waypoint_icao_code": "VY", "waypoint_identifier": "HGU", "waypoint_latitude": 17.08030556, "waypoint_longitude": 96.251, "waypoint_description_code": "E", "turn_direction": null, "rnp": null, "path_termination": "TF", "recommanded_navaid": null, "recommanded_navaid_latitude": null, "recommanded_navaid_longitude": null, "arc_radius": null, "theta": null, "rho": null, "magnetic_course": null, "route_distance_holding_distance_time": null, "distance_time": null, "altitude_description": "+", "altitude1": 4000.0, "altitude2": null, "transition_altitude": null, "speed_limit_description": null, "speed_limit": null, "vertical_angle": null, "center_waypoint": null, "center_waypoint_latitude": null, "center_waypoint_longitude": null, "aircraft_category": null}, "geometry": {"type": "MultiPoint", "coordinates": [[96.251, 17.08030556]]}}, {"type": "Feature", "properties": {"fid": 1491, "area_code": "PAC", "airport_identifier": "VYYY", "procedure_identifier": "I21-Y", "route_type": "A", "transition_identifier": "BGO", "seqno": 30, "waypoint_icao_code": "VY", "waypoint_identifier": "HGU", "waypoint_latitude": 17.08030556, "waypoint_longitude": 96.251, "waypoint_description_code": "E  H", "turn_direction": "R", "rnp": null, "path_termination": "HF", "recommanded_navaid": null, "recommanded_navaid_latitude": null, "recommanded_navaid_longitude": null, "arc_radius": null, "theta": null, "rho": null, "magnetic_course": 214.0, "route_distance_holding_distance_time": 1.0, "distance_time": "T", "altitude_description": "+", "altitude1": 3000.0, "altitude2": null, "transition_altitude": null, "speed_limit_description": null, "speed_limit": null, "vertical_angle": null, "center_waypoint": null, "center_waypoint_latitude": null, "center_waypoint_longitude": null, "aircraft_category": null}, "geometry": {"type": "MultiPoint", "coordinates": [[96.251, 17.08030556]]}}, {"type": "Feature", "properties": {"fid": 1492, "area_code": "PAC", "airport_identifier": "VYYY", "procedure_identifier": "I21-Y", "route_type": "A", "transition_identifier": "BGO", "seqno": 40, "waypoint_icao_code": "VY", "waypoint_identifier": "BAVEL", "waypoint_latitude": 17.01695, "waypoint_longitude": 96.20721944, "waypoint_description_code": "E", "turn_direction": null, "rnp": null, "path_termination": "CF", "recommanded_navaid": null, "recommanded_navaid_latitude": null, "recommanded_navaid_longitude": null, "arc_radius": null, "theta": null, "rho": null, "magnetic_course": 214.0, "route_distance_holding_distance_time": 4.6, "distance_time": "D", "altitude_description": "+", "altitude1": 2200.0, "altitude2": null, "transition_altitude": null, "speed_limit_description": null, "speed_limit": null, "vertical_angle": null, "center_waypoint": null, "center_waypoint_latitude": null, "center_waypoint_longitude": null, "aircraft_category": null}, "geometry": {"type": "MultiPoint", "coordinates": [[96.20721944, 17.01695]]}}, {"type": "Feature", "properties": {"fid": 1494, "area_code": "PAC", "airport_identifier": "VYYY", "procedure_identifier": "I21-Y", "route_type": "I", "transition_identifier": null, "seqno": 10, "waypoint_icao_code": "VY", "waypoint_identifier": "BAVEL", "waypoint_latitude": 17.01695, "waypoint_longitude": 96.20721944, "waypoint_description_code": "E  I", "turn_direction": null, "rnp": null, "path_termination": "IF", "recommanded_navaid": null, "recommanded_navaid_latitude": null, "recommanded_navaid_longitude": null, "arc_radius": null, "theta": null, "rho": null, "magnetic_course": null, "route_distance_holding_distance_time": null, "distance_time": null, "altitude_description": "+", "altitude1": 2200.0, "altitude2": null, "transition_altitude": null, "speed_limit_description": null, "speed_limit": null, "vertical_angle": null, "center_waypoint": null, "center_waypoint_latitude": null, "center_waypoint_longitude": null, "aircraft_category": null}, "geometry": {"type": "MultiPoint", "coordinates": [[96.20721944, 17.01695]]}}, {"type": "Feature", "properties": {"fid": 1495, "area_code": "PAC", "airport_identifier": "VYYY", "procedure_identifier": "I21-Y", "route_type": "I", "transition_identifier": null, "seqno": 20, "waypoint_icao_code": "VY", "waypoint_identifier": "SULAP", "waypoint_latitude": 16.98563889, "waypoint_longitude": 96.18655556, "waypoint_description_code": "E  F", "turn_direction": null, "rnp": null, "path_termination": "CF", "recommanded_navaid": null, "recommanded_navaid_latitude": null, "recommanded_navaid_longitude": null, "arc_radius": null, "theta": null, "rho": null, "magnetic_course": 214.0, "route_distance_holding_distance_time": 2.2, "distance_time": "D", "altitude_description": "+", "altitude1": 2200.0, "altitude2": null, "transition_altitude": null, "speed_limit_description": null, "speed_limit": null, "vertical_angle": -3.0, "center_waypoint": null, "center_waypoint_latitude": null, "center_waypoint_longitude": null, "aircraft_category": null}, "geometry": {"type": "MultiPoint", "coordinates": [[96.18655556, 16.98563889]]}}, {"type": "Feature", "properties": {"fid": 1496, "area_code": "PAC", "airport_identifier": "VYYY", "procedure_identifier": "I21-Y", "route_type": "I", "transition_identifier": null, "seqno": 30, "waypoint_icao_code": "VY", "waypoint_identifier": "RW21", "waypoint_latitude": 16.92373611, "waypoint_longitude": 96.14445556, "waypoint_description_code": "G  M", "turn_direction": null, "rnp": null, "path_termination": "CF", "recommanded_navaid": null, "recommanded_navaid_latitude": null, "recommanded_navaid_longitude": null, "arc_radius": null, "theta": null, "rho": null, "magnetic_course": 214.0, "route_distance_holding_distance_time": 4.4, "distance_time": "D", "altitude_description": "@", "altitude1": 97.0, "altitude2": null, "transition_altitude": null, "speed_limit_description": null, "speed_limit": null, "vertical_angle": -3.0, "center_waypoint": null, "center_waypoint_latitude": null, "center_waypoint_longitude": null, "aircraft_category": null}, "geometry": {"type": "MultiPoint", "coordinates": [[96.14445556, 16.92373611]]}}, {"type": "Feature", "properties": {"fid": 1498, "area_code": "PAC", "airport_identifier": "VYYY", "procedure_identifier": "I21-Y", "route_type": "I", "transition_identifier": null, "seqno": 40, "waypoint_icao_code": null, "waypoint_identifier": null, "waypoint_latitude": null, "waypoint_longitude": null, "waypoint_description_code": null, "turn_direction": null, "rnp": null, "path_termination": "VA", "recommanded_navaid": null, "recommanded_navaid_latitude": null, "recommanded_navaid_longitude": null, "arc_radius": null, "theta": null, "rho": null, "magnetic_course": 214.0, "route_distance_holding_distance_time": null, "distance_time": null, "altitude_description": "+", "altitude1": 2000.0, "altitude2": null, "transition_altitude": null, "speed_limit_description": null, "speed_limit": null, "vertical_angle": null, "center_waypoint": null, "center_waypoint_latitude": null, "center_waypoint_longitude": null, "aircraft_category": null}, "geometry": {"type": "MultiPoint", "coordinates": []}}, {"type": "Feature", "properties": {"fid": 1499, "area_code": "PAC", "airport_identifier": "VYYY", "procedure_identifier": "I21-Y", "route_type": "I", "transition_identifier": null, "seqno": 50, "waypoint_icao_code": "VY", "waypoint_identifier": "HGU", "waypoint_latitude": 17.08030556, "waypoint_longitude": 96.251, "waypoint_description_code": "EY", "turn_direction": "R", "rnp": null, "path_termination": "DF", "recommanded_navaid": null, "recommanded_navaid_latitude": null, "recommanded_navaid_longitude": null, "arc_radius": null, "theta": null, "rho": null, "magnetic_course": null, "route_distance_holding_distance_time": null, "distance_time": null, "altitude_description": "@", "altitude1": 3000.0, "altitude2": null, "transition_altitude": null, "speed_limit_description": null, "speed_limit": null, "vertical_angle": null, "center_waypoint": null, "center_waypoint_latitude": null, "center_waypoint_longitude": null, "aircraft_category": null}, "geometry": {"type": "MultiPoint", "coordinates": [[96.251, 17.08030556]]}}, {"type": "Feature", "properties": {"fid": 1500, "area_code": "PAC", "airport_identifier": "VYYY", "procedure_identifier": "I21-Y", "route_type": "I", "transition_identifier": null, "seqno": 60, "waypoint_icao_code": "VY", "waypoint_identifier": "HGU", "waypoint_latitude": 17.08030556, "waypoint_longitude": 96.251, "waypoint_description_code": "E  H", "turn_direction": "R", "rnp": null, "path_termination": "HM", "recommanded_navaid": null, "recommanded_navaid_latitude": null, "recommanded_navaid_longitude": null, "arc_radius": null, "theta": null, "rho": null, "magnetic_course": 214.0, "route_distance_holding_distance_time": 1.0, "distance_time": "T", "altitude_description": "+", "altitude1": 3000.0, "altitude2": null, "transition_altitude": null, "speed_limit_description": null, "speed_limit": null, "vertical_angle": null, "center_waypoint": null, "center_waypoint_latitude": null, "center_waypoint_longitude": null, "aircraft_category": null}, "geometry": {"type": "MultiPoint", "coordinates": [[96.251, 17.08030556]]}}, {"type": "Feature", "properties": {"fid": 1502, "area_code": "PAC", "airport_identifier": "VYKL", "procedure_identifier": "N28", "route_type": "A", "transition_identifier": "KL1", "seqno": 10, "waypoint_icao_code": "VY", "waypoint_identifier": "KL", "waypoint_latitude": 23.18873333, "waypoint_longitude": 94.05850278, "waypoint_description_code": "E  A", "turn_direction": null, "rnp": null, "path_termination": "IF", "recommanded_navaid": null, "recommanded_navaid_latitude": null, "recommanded_navaid_longitude": null, "arc_radius": null, "theta": null, "rho": null, "magnetic_course": null, "route_distance_holding_distance_time": null, "distance_time": null, "altitude_description": "+", "altitude1": 3000.0, "altitude2": null, "transition_altitude": null, "speed_limit_description": null, "speed_limit": null, "vertical_angle": null, "center_waypoint": null, "center_waypoint_latitude": null, "center_waypoint_longitude": null, "aircraft_category": null}, "geometry": {"type": "MultiPoint", "coordinates": [[94.05850278, 23.18873333]]}}, {"type": "Feature", "properties": {"fid": 1503, "area_code": "PAC", "airport_identifier": "VYKL", "procedure_identifier": "N28", "route_type": "A", "transition_identifier": "KL1", "seqno": 20, "waypoint_icao_code": null, "waypoint_identifier": null, "waypoint_latitude": null, "waypoint_longitude": null, "waypoint_description_code": null, "turn_direction": null, "rnp": null, "path_termination": "FC", "recommanded_navaid": null, "recommanded_navaid_latitude": null, "recommanded_navaid_longitude": null, "arc_radius": null, "theta": null, "rho": null, "magnetic_course": 158.0, "route_distance_holding_distance_time": 5.1, "distance_time": "D", "altitude_description": null, "altitude1": null, "altitude2": null, "transition_altitude": null, "speed_limit_description": null, "speed_limit": null, "vertical_angle": null, "center_waypoint": null, "center_waypoint_latitude": null, "center_waypoint_longitude": null, "aircraft_category": null}, "geometry": {"type": "MultiPoint", "coordinates": []}}, {"type": "Feature", "properties": {"fid": 1504, "area_code": "PAC", "airport_identifier": "VYKL", "procedure_identifier": "N28", "route_type": "A", "transition_identifier": "KL1", "seqno": 30, "waypoint_icao_code": "VY", "waypoint_identifier": "FF28", "waypoint_latitude": 23.17404722, "waypoint_longitude": 94.14842222, "waypoint_description_code": "E", "turn_direction": "L", "rnp": null, "path_termination": "CF", "recommanded_navaid": null, "recommanded_navaid_latitude": null, "recommanded_navaid_longitude": null, "arc_radius": null, "theta": null, "rho": null, "magnetic_course": 281.0, "route_distance_holding_distance_time": 1.0, "distance_time": "D", "altitude_description": "+", "altitude1": 1800.0, "altitude2": null, "transition_altitude": null, "speed_limit_description": null, "speed_limit": null, "vertical_angle": null, "center_waypoint": null, "center_waypoint_latitude": null, "center_waypoint_longitude": null, "aircraft_category": null}, "geometry": {"type": "MultiPoint", "coordinates": [[94.14842222, 23.17404722]]}}, {"type": "Feature", "properties": {"fid": 1506, "area_code": "PAC", "airport_identifier": "VYKL", "procedure_identifier": "N28", "route_type": "A", "transition_identifier": "KL2", "seqno": 10, "waypoint_icao_code": "VY", "waypoint_identifier": "KL", "waypoint_latitude": 23.18873333, "waypoint_longitude": 94.05850278, "waypoint_description_code": "E  A", "turn_direction": null, "rnp": null, "path_termination": "IF", "recommanded_navaid": null, "recommanded_navaid_latitude": null, "recommanded_navaid_longitude": null, "arc_radius": null, "theta": null, "rho": null, "magnetic_course": null, "route_distance_holding_distance_time": null, "distance_time": null, "altitude_description": "+", "altitude1": 3000.0, "altitude2": null, "transition_altitude": null, "speed_limit_description": null, "speed_limit": null, "vertical_angle": null, "center_waypoint": null, "center_waypoint_latitude": null, "center_waypoint_longitude": null, "aircraft_category": null}, "geometry": {"type": "MultiPoint", "coordinates": [[94.05850278, 23.18873333]]}}, {"type": "Feature", "properties": {"fid": 1507, "area_code": "PAC", "airport_identifier": "VYKL", "procedure_identifier": "N28", "route_type": "A", "transition_identifier": "KL2", "seqno": 20, "waypoint_icao_code": null, "waypoint_identifier": null, "waypoint_latitude": null, "waypoint_longitude": null, "waypoint_description_code": null, "turn_direction": null, "rnp": null, "path_termination": "FC", "recommanded_navaid": null, "recommanded_navaid_latitude": null, "recommanded_navaid_longitude": null, "arc_radius": null, "theta": null, "rho": null, "magnetic_course": 126.0, "route_distance_holding_distance_time": 5.1, "distance_time": "D", "altitude_description": null, "altitude1": null, "altitude2": null, "transition_altitude": null, "speed_limit_description": null, "speed_limit": null, "vertical_angle": null, "center_waypoint": null, "center_waypoint_latitude": null, "center_waypoint_longitude": null, "aircraft_category": null}, "geometry": {"type": "MultiPoint", "coordinates": []}}, {"type": "Feature", "properties": {"fid": 1508, "area_code": "PAC", "airport_identifier": "VYKL", "procedure_identifier": "N28", "route_type": "A", "transition_identifier": "KL2", "seqno": 30, "waypoint_icao_code": "VY", "waypoint_identifier": "FF28", "waypoint_latitude": 23.17404722, "waypoint_longitude": 94.14842222, "waypoint_description_code": "E", "turn_direction": "L", "rnp": null, "path_termination": "CF", "recommanded_navaid": null, "recommanded_navaid_latitude": null, "recommanded_navaid_longitude": null, "arc_radius": null, "theta": null, "rho": null, "magnetic_course": 281.0, "route_distance_holding_distance_time": 1.0, "distance_time": "D", "altitude_description": "+", "altitude1": 1800.0, "altitude2": null, "transition_altitude": null, "speed_limit_description": null, "speed_limit": null, "vertical_angle": null, "center_waypoint": null, "center_waypoint_latitude": null, "center_waypoint_longitude": null, "aircraft_category": null}, "geometry": {"type": "MultiPoint", "coordinates": [[94.14842222, 23.17404722]]}}, {"type": "Feature", "properties": {"fid": 1510, "area_code": "PAC", "airport_identifier": "VYKL", "procedure_identifier": "N28", "route_type": "N", "transition_identifier": null, "seqno": 20, "waypoint_icao_code": "VY", "waypoint_identifier": "FF28", "waypoint_latitude": 23.17404722, "waypoint_longitude": 94.14842222, "waypoint_description_code": "E  F", "turn_direction": null, "rnp": null, "path_termination": "IF", "recommanded_navaid": null, "recommanded_navaid_latitude": null, "recommanded_navaid_longitude": null, "arc_radius": null, "theta": null, "rho": null, "magnetic_course": null, "route_distance_holding_distance_time": null, "distance_time": null, "altitude_description": "+", "altitude1": 1800.0, "altitude2": null, "transition_altitude": null, "speed_limit_description": null, "speed_limit": null, "vertical_angle": null, "center_waypoint": null, "center_waypoint_latitude": null, "center_waypoint_longitude": null, "aircraft_category": null}, "geometry": {"type": "MultiPoint", "coordinates": [[94.14842222, 23.17404722]]}}, {"type": "Feature", "properties": {"fid": 1511, "area_code": "PAC", "airport_identifier": "VYKL", "procedure_identifier": "N28", "route_type": "N", "transition_identifier": null, "seqno": 30, "waypoint_icao_code": "VY", "waypoint_identifier": "MA28", "waypoint_latitude": 23.18568611, "waypoint_longitude": 94.07717222, "waypoint_description_code": "E  M", "turn_direction": null, "rnp": null, "path_termination": "CF", "recommanded_navaid": null, "recommanded_navaid_latitude": null, "recommanded_navaid_longitude": null, "arc_radius": null, "theta": null, "rho": null, "magnetic_course": 281.0, "route_distance_holding_distance_time": 4.0, "distance_time": "D", "altitude_description": "@", "altitude1": 825.0, "altitude2": null, "transition_altitude": null, "speed_limit_description": null, "speed_limit": null, "vertical_angle": -3.49, "center_waypoint": null, "center_waypoint_latitude": null, "center_waypoint_longitude": null, "aircraft_category": null}, "geometry": {"type": "MultiPoint", "coordinates": [[94.07717222, 23.18568611]]}}, {"type": "Feature", "properties": {"fid": 1513, "area_code": "PAC", "airport_identifier": "VYKL", "procedure_identifier": "N28", "route_type": "N", "transition_identifier": null, "seqno": 40, "waypoint_icao_code": null, "waypoint_identifier": null, "waypoint_latitude": null, "waypoint_longitude": null, "waypoint_description_code": null, "turn_direction": null, "rnp": null, "path_termination": "CA", "recommanded_navaid": null, "recommanded_navaid_latitude": null, "recommanded_navaid_longitude": null, "arc_radius": null, "theta": null, "rho": null, "magnetic_course": 281.0, "route_distance_holding_distance_time": null, "distance_time": null, "altitude_description": "+", "altitude1": 940.0, "altitude2": null, "transition_altitude": null, "speed_limit_description": null, "speed_limit": null, "vertical_angle": null, "center_waypoint": null, "center_waypoint_latitude": null, "center_waypoint_longitude": null, "aircraft_category": null}, "geometry": {"type": "MultiPoint", "coordinates": []}}, {"type": "Feature", "properties": {"fid": 1514, "area_code": "PAC", "airport_identifier": "VYKL", "procedure_identifier": "N28", "route_type": "N", "transition_identifier": null, "seqno": 50, "waypoint_icao_code": null, "waypoint_identifier": null, "waypoint_latitude": null, "waypoint_longitude": null, "waypoint_description_code": null, "turn_direction": null, "rnp": null, "path_termination": "VA", "recommanded_navaid": null, "recommanded_navaid_latitude": null, "recommanded_navaid_longitude": null, "arc_radius": null, "theta": null, "rho": null, "magnetic_course": 350.0, "route_distance_holding_distance_time": null, "distance_time": null, "altitude_description": "+", "altitude1": 3000.0, "altitude2": null, "transition_altitude": null, "speed_limit_description": null, "speed_limit": null, "vertical_angle": null, "center_waypoint": null, "center_waypoint_latitude": null, "center_waypoint_longitude": null, "aircraft_category": null}, "geometry": {"type": "MultiPoint", "coordinates": []}}, {"type": "Feature", "properties": {"fid": 1515, "area_code": "PAC", "airport_identifier": "VYKL", "procedure_identifier": "N28", "route_type": "N", "transition_identifier": null, "seqno": 60, "waypoint_icao_code": "VY", "waypoint_identifier": "KL", "waypoint_latitude": 23.18873333, "waypoint_longitude": 94.05850278, "waypoint_description_code": "E", "turn_direction": "R", "rnp": null, "path_termination": "DF", "recommanded_navaid": null, "recommanded_navaid_latitude": null, "recommanded_navaid_longitude": null, "arc_radius": null, "theta": null, "rho": null, "magnetic_course": null, "route_distance_holding_distance_time": null, "distance_time": null, "altitude_description": "@", "altitude1": 6000.0, "altitude2": null, "transition_altitude": null, "speed_limit_description": null, "speed_limit": null, "vertical_angle": null, "center_waypoint": null, "center_waypoint_latitude": null, "center_waypoint_longitude": null, "aircraft_category": null}, "geometry": {"type": "MultiPoint", "coordinates": [[94.05850278, 23.18873333]]}}, {"type": "Feature", "properties": {"fid": 1516, "area_code": "PAC", "airport_identifier": "VYKL", "procedure_identifier": "N28", "route_type": "N", "transition_identifier": null, "seqno": 70, "waypoint_icao_code": "VY", "waypoint_identifier": "KL", "waypoint_latitude": 23.18873333, "waypoint_longitude": 94.05850278, "waypoint_description_code": "E  H", "turn_direction": "R", "rnp": null, "path_termination": "HM", "recommanded_navaid": null, "recommanded_navaid_latitude": null, "recommanded_navaid_longitude": null, "arc_radius": null, "theta": null, "rho": null, "magnetic_course": 180.0, "route_distance_holding_distance_time": 1.0, "distance_time": "T", "altitude_description": "+", "altitude1": 6000.0, "altitude2": null, "transition_altitude": null, "speed_limit_description": null, "speed_limit": null, "vertical_angle": null, "center_waypoint": null, "center_waypoint_latitude": null, "center_waypoint_longitude": null, "aircraft_category": null}, "geometry": {"type": "MultiPoint", "coordinates": [[94.05850278, 23.18873333]]}}, {"type": "Feature", "properties": {"fid": 1518, "area_code": "PAC", "airport_identifier": "VYDW", "procedure_identifier": "D16", "route_type": "A", "transition_identifier": "DWI1", "seqno": 10, "waypoint_icao_code": "VY", "waypoint_identifier": "DWI", "waypoint_latitude": 14.10056111, "waypoint_longitude": 98.20680278, "waypoint_description_code": "E  A", "turn_direction": null, "rnp": null, "path_termination": "IF", "recommanded_navaid": null, "recommanded_navaid_latitude": null, "recommanded_navaid_longitude": null, "arc_radius": null, "theta": null, "rho": null, "magnetic_course": null, "route_distance_holding_distance_time": null, "distance_time": null, "altitude_description": "+", "altitude1": 4000.0, "altitude2": null, "transition_altitude": null, "speed_limit_description": null, "speed_limit": null, "vertical_angle": null, "center_waypoint": null, "center_waypoint_latitude": null, "center_waypoint_longitude": null, "aircraft_category": null}, "geometry": {"type": "MultiPoint", "coordinates": [[98.20680278, 14.10056111]]}}, {"type": "Feature", "properties": {"fid": 1519, "area_code": "PAC", "airport_identifier": "VYDW", "procedure_identifier": "D16", "route_type": "A", "transition_identifier": "DWI1", "seqno": 20, "waypoint_icao_code": null, "waypoint_identifier": null, "waypoint_latitude": null, "waypoint_longitude": null, "waypoint_description_code": null, "turn_direction": null, "rnp": null, "path_termination": "FD", "recommanded_navaid": null, "recommanded_navaid_latitude": null, "recommanded_navaid_longitude": null, "arc_radius": null, "theta": null, "rho": null, "magnetic_course": 9.0, "route_distance_holding_distance_time": 7.5, "distance_time": "D", "altitude_description": "+", "altitude1": 2300.0, "altitude2": null, "transition_altitude": null, "speed_limit_description": null, "speed_limit": null, "vertical_angle": null, "center_waypoint": null, "center_waypoint_latitude": null, "center_waypoint_longitude": null, "aircraft_category": null}, "geometry": {"type": "MultiPoint", "coordinates": []}}, {"type": "Feature", "properties": {"fid": 1520, "area_code": "PAC", "airport_identifier": "VYDW", "procedure_identifier": "D16", "route_type": "A", "transition_identifier": "DWI1", "seqno": 30, "waypoint_icao_code": "VY", "waypoint_identifier": "FF16", "waypoint_latitude": 14.19158056, "waypoint_longitude": 98.16329444, "waypoint_description_code": "E", "turn_direction": "L", "rnp": null, "path_termination": "CF", "recommanded_navaid": null, "recommanded_navaid_latitude": null, "recommanded_navaid_longitude": null, "arc_radius": null, "theta": null, "rho": null, "magnetic_course": 156.0, "route_distance_holding_distance_time": 1.5, "distance_time": "D", "altitude_description": "+", "altitude1": 1850.0, "altitude2": null, "transition_altitude": null, "speed_limit_description": null, "speed_limit": null, "vertical_angle": null, "center_waypoint": null, "center_waypoint_latitude": null, "center_waypoint_longitude": null, "aircraft_category": null}, "geometry": {"type": "MultiPoint", "coordinates": [[98.16329444, 14.19158056]]}}, {"type": "Feature", "properties": {"fid": 1522, "area_code": "PAC", "airport_identifier": "VYDW", "procedure_identifier": "D16", "route_type": "A", "transition_identifier": "DWI2", "seqno": 10, "waypoint_icao_code": "VY", "waypoint_identifier": "DWI", "waypoint_latitude": 14.10056111, "waypoint_longitude": 98.20680278, "waypoint_description_code": "E  A", "turn_direction": null, "rnp": null, "path_termination": "IF", "recommanded_navaid": null, "recommanded_navaid_latitude": null, "recommanded_navaid_longitude": null, "arc_radius": null, "theta": null, "rho": null, "magnetic_course": null, "route_distance_holding_distance_time": null, "distance_time": null, "altitude_description": "+", "altitude1": 4000.0, "altitude2": null, "transition_altitude": null, "speed_limit_description": null, "speed_limit": null, "vertical_angle": null, "center_waypoint": null, "center_waypoint_latitude": null, "center_waypoint_longitude": null, "aircraft_category": null}, "geometry": {"type": "MultiPoint", "coordinates": [[98.20680278, 14.10056111]]}}, {"type": "Feature", "properties": {"fid": 1523, "area_code": "PAC", "airport_identifier": "VYDW", "procedure_identifier": "D16", "route_type": "A", "transition_identifier": "DWI2", "seqno": 20, "waypoint_icao_code": null, "waypoint_identifier": null, "waypoint_latitude": null, "waypoint_longitude": null, "waypoint_description_code": null, "turn_direction": null, "rnp": null, "path_termination": "FD", "recommanded_navaid": null, "recommanded_navaid_latitude": null, "recommanded_navaid_longitude": null, "arc_radius": null, "theta": null, "rho": null, "magnetic_course": 348.0, "route_distance_holding_distance_time": 7.5, "distance_time": "D", "altitude_description": "+", "altitude1": 2300.0, "altitude2": null, "transition_altitude": null, "speed_limit_description": null, "speed_limit": null, "vertical_angle": null, "center_waypoint": null, "center_waypoint_latitude": null, "center_waypoint_longitude": null, "aircraft_category": null}, "geometry": {"type": "MultiPoint", "coordinates": []}}, {"type": "Feature", "properties": {"fid": 1524, "area_code": "PAC", "airport_identifier": "VYDW", "procedure_identifier": "D16", "route_type": "A", "transition_identifier": "DWI2", "seqno": 30, "waypoint_icao_code": "VY", "waypoint_identifier": "FF16", "waypoint_latitude": 14.19158056, "waypoint_longitude": 98.16329444, "waypoint_description_code": "E", "turn_direction": "L", "rnp": null, "path_termination": "CF", "recommanded_navaid": null, "recommanded_navaid_latitude": null, "recommanded_navaid_longitude": null, "arc_radius": null, "theta": null, "rho": null, "magnetic_course": 156.0, "route_distance_holding_distance_time": 1.5, "distance_time": "D", "altitude_description": "+", "altitude1": 1850.0, "altitude2": null, "transition_altitude": null, "speed_limit_description": null, "speed_limit": null, "vertical_angle": null, "center_waypoint": null, "center_waypoint_latitude": null, "center_waypoint_longitude": null, "aircraft_category": null}, "geometry": {"type": "MultiPoint", "coordinates": [[98.16329444, 14.19158056]]}}, {"type": "Feature", "properties": {"fid": 1526, "area_code": "PAC", "airport_identifier": "VYDW", "procedure_identifier": "D16", "route_type": "D", "transition_identifier": null, "seqno": 20, "waypoint_icao_code": "VY", "waypoint_identifier": "FF16", "waypoint_latitude": 14.19158056, "waypoint_longitude": 98.16329444, "waypoint_description_code": "E  F", "turn_direction": null, "rnp": null, "path_termination": "IF", "recommanded_navaid": null, "recommanded_navaid_latitude": null, "recommanded_navaid_longitude": null, "arc_radius": null, "theta": null, "rho": null, "magnetic_course": null, "route_distance_holding_distance_time": null, "distance_time": null, "altitude_description": "+", "altitude1": 1850.0, "altitude2": null, "transition_altitude": null, "speed_limit_description": null, "speed_limit": null, "vertical_angle": null, "center_waypoint": null, "center_waypoint_latitude": null, "center_waypoint_longitude": null, "aircraft_category": null}, "geometry": {"type": "MultiPoint", "coordinates": [[98.16329444, 14.19158056]]}}, {"type": "Feature", "properties": {"fid": 1527, "area_code": "PAC", "airport_identifier": "VYDW", "procedure_identifier": "D16", "route_type": "D", "transition_identifier": null, "seqno": 30, "waypoint_icao_code": "VY", "waypoint_identifier": "RW16", "waypoint_latitude": 14.10908611, "waypoint_longitude": 98.20155833, "waypoint_description_code": "G  M", "turn_direction": null, "rnp": null, "path_termination": "CF", "recommanded_navaid": null, "recommanded_navaid_latitude": null, "recommanded_navaid_longitude": null, "arc_radius": null, "theta": null, "rho": null, "magnetic_course": 156.0, "route_distance_holding_distance_time": 5.4, "distance_time": "D", "altitude_description": "@", "altitude1": 123.0, "altitude2": null, "transition_altitude": null, "speed_limit_description": null, "speed_limit": null, "vertical_angle": -3.0, "center_waypoint": null, "center_waypoint_latitude": null, "center_waypoint_longitude": null, "aircraft_category": null}, "geometry": {"type": "MultiPoint", "coordinates": [[98.20155833, 14.10908611]]}}, {"type": "Feature", "properties": {"fid": 1529, "area_code": "PAC", "airport_identifier": "VYDW", "procedure_identifier": "D16", "route_type": "D", "transition_identifier": null, "seqno": 40, "waypoint_icao_code": "VY", "waypoint_identifier": "DWI", "waypoint_latitude": 14.10056111, "waypoint_longitude": 98.20680278, "waypoint_description_code": "EY", "turn_direction": null, "rnp": null, "path_termination": "CF", "recommanded_navaid": null, "recommanded_navaid_latitude": null, "recommanded_navaid_longitude": null, "arc_radius": null, "theta": null, "rho": null, "magnetic_course": 156.0, "route_distance_holding_distance_time": 0.6, "distance_time": "D", "altitude_description": null, "altitude1": null, "altitude2": null, "transition_altitude": null, "speed_limit_description": null, "speed_limit": null, "vertical_angle": null, "center_waypoint": null, "center_waypoint_latitude": null, "center_waypoint_longitude": null, "aircraft_category": null}, "geometry": {"type": "MultiPoint", "coordinates": [[98.20680278, 14.10056111]]}}, {"type": "Feature", "properties": {"fid": 1530, "area_code": "PAC", "airport_identifier": "VYDW", "procedure_identifier": "D16", "route_type": "D", "transition_identifier": null, "seqno": 50, "waypoint_icao_code": "VY", "waypoint_identifier": "D177H", "waypoint_latitude": 13.96697222, "waypoint_longitude": 98.21636944, "waypoint_description_code": "EY", "turn_direction": null, "rnp": null, "path_termination": "CF", "recommanded_navaid": null, "recommanded_navaid_latitude": null, "recommanded_navaid_longitude": null, "arc_radius": null, "theta": null, "rho": null, "magnetic_course": 177.0, "route_distance_holding_distance_time": 8.0, "distance_time": "D", "altitude_description": null, "altitude1": null, "altitude2": null, "transition_altitude": null, "speed_limit_description": null, "speed_limit": null, "vertical_angle": null, "center_waypoint": null, "center_waypoint_latitude": null, "center_waypoint_longitude": null, "aircraft_category": null}, "geometry": {"type": "MultiPoint", "coordinates": [[98.21636944, 13.96697222]]}}, {"type": "Feature", "properties": {"fid": 1531, "area_code": "PAC", "airport_identifier": "VYDW", "procedure_identifier": "D16", "route_type": "D", "transition_identifier": null, "seqno": 60, "waypoint_icao_code": "VY", "waypoint_identifier": "DWI", "waypoint_latitude": 14.10056111, "waypoint_longitude": 98.20680278, "waypoint_description_code": "E", "turn_direction": "R", "rnp": null, "path_termination": "DF", "recommanded_navaid": null, "recommanded_navaid_latitude": null, "recommanded_navaid_longitude": null, "arc_radius": null, "theta": null, "rho": null, "magnetic_course": null, "route_distance_holding_distance_time": null, "distance_time": null, "altitude_description": "@", "altitude1": 4000.0, "altitude2": null, "transition_altitude": null, "speed_limit_description": null, "speed_limit": null, "vertical_angle": null, "center_waypoint": null, "center_waypoint_latitude": null, "center_waypoint_longitude": null, "aircraft_category": null}, "geometry": {"type": "MultiPoint", "coordinates": [[98.20680278, 14.10056111]]}}, {"type": "Feature", "properties": {"fid": 1532, "area_code": "PAC", "airport_identifier": "VYDW", "procedure_identifier": "D16", "route_type": "D", "transition_identifier": null, "seqno": 70, "waypoint_icao_code": "VY", "waypoint_identifier": "DWI", "waypoint_latitude": 14.10056111, "waypoint_longitude": 98.20680278, "waypoint_description_code": "E  H", "turn_direction": "R", "rnp": null, "path_termination": "HM", "recommanded_navaid": null, "recommanded_navaid_latitude": null, "recommanded_navaid_longitude": null, "arc_radius": null, "theta": null, "rho": null, "magnetic_course": 9.0, "route_distance_holding_distance_time": 1.0, "distance_time": "T", "altitude_description": "+", "altitude1": 4000.0, "altitude2": null, "transition_altitude": null, "speed_limit_description": null, "speed_limit": null, "vertical_angle": null, "center_waypoint": null, "center_waypoint_latitude": null, "center_waypoint_longitude": null, "aircraft_category": null}, "geometry": {"type": "MultiPoint", "coordinates": [[98.20680278, 14.10056111]]}}, {"type": "Feature", "properties": {"fid": 1534, "area_code": "PAC", "airport_identifier": "VYLK", "procedure_identifier": "N19", "route_type": "A", "transition_identifier": "LK1", "seqno": 10, "waypoint_icao_code": "VY", "waypoint_identifier": "LK", "waypoint_latitude": 19.69045556, "waypoint_longitude": 97.213275, "waypoint_description_code": "E  A", "turn_direction": null, "rnp": null, "path_termination": "IF", "recommanded_navaid": null, "recommanded_navaid_latitude": null, "recommanded_navaid_longitude": null, "arc_radius": null, "theta": null, "rho": null, "magnetic_course": null, "route_distance_holding_distance_time": null, "distance_time": null, "altitude_description": "+", "altitude1": 6000.0, "altitude2": null, "transition_altitude": null, "speed_limit_description": null, "speed_limit": null, "vertical_angle": null, "center_waypoint": null, "center_waypoint_latitude": null, "center_waypoint_longitude": null, "aircraft_category": null}, "geometry": {"type": "MultiPoint", "coordinates": [[97.213275, 19.69045556]]}}, {"type": "Feature", "properties": {"fid": 1535, "area_code": "PAC", "airport_identifier": "VYLK", "procedure_identifier": "N19", "route_type": "A", "transition_identifier": "LK1", "seqno": 20, "waypoint_icao_code": null, "waypoint_identifier": null, "waypoint_latitude": null, "waypoint_longitude": null, "waypoint_description_code": null, "turn_direction": null, "rnp": null, "path_termination": "FC", "recommanded_navaid": null, "recommanded_navaid_latitude": null, "recommanded_navaid_longitude": null, "arc_radius": null, "theta": null, "rho": null, "magnetic_course": 30.0, "route_distance_holding_distance_time": 5.3, "distance_time": "D", "altitude_description": "+", "altitude1": 4800.0, "altitude2": null, "transition_altitude": null, "speed_limit_description": null, "speed_limit": null, "vertical_angle": null, "center_waypoint": null, "center_waypoint_latitude": null, "center_waypoint_longitude": null, "aircraft_category": null}, "geometry": {"type": "MultiPoint", "coordinates": []}}, {"type": "Feature", "properties": {"fid": 1536, "area_code": "PAC", "airport_identifier": "VYLK", "procedure_identifier": "N19", "route_type": "A", "transition_identifier": "LK1", "seqno": 30, "waypoint_icao_code": "VY", "waypoint_identifier": "FF19", "waypoint_latitude": 19.78275278, "waypoint_longitude": 97.22871667, "waypoint_description_code": "E", "turn_direction": "L", "rnp": null, "path_termination": "CF", "recommanded_navaid": null, "recommanded_navaid_latitude": null, "recommanded_navaid_longitude": null, "arc_radius": null, "theta": null, "rho": null, "magnetic_course": 190.0, "route_distance_holding_distance_time": 1.0, "distance_time": "D", "altitude_description": "+", "altitude1": 4800.0, "altitude2": null, "transition_altitude": null, "speed_limit_description": null, "speed_limit": null, "vertical_angle": null, "center_waypoint": null, "center_waypoint_latitude": null, "center_waypoint_longitude": null, "aircraft_category": null}, "geometry": {"type": "MultiPoint", "coordinates": [[97.22871667, 19.78275278]]}}, {"type": "Feature", "properties": {"fid": 1538, "area_code": "PAC", "airport_identifier": "VYLK", "procedure_identifier": "N19", "route_type": "A", "transition_identifier": "LK2", "seqno": 10, "waypoint_icao_code": "VY", "waypoint_identifier": "LK", "waypoint_latitude": 19.69045556, "waypoint_longitude": 97.213275, "waypoint_description_code": "E  A", "turn_direction": null, "rnp": null, "path_termination": "IF", "recommanded_navaid": null, "recommanded_navaid_latitude": null, "recommanded_navaid_longitude": null, "arc_radius": null, "theta": null, "rho": null, "magnetic_course": null, "route_distance_holding_distance_time": null, "distance_time": null, "altitude_description": "+", "altitude1": 6000.0, "altitude2": null, "transition_altitude": null, "speed_limit_description": null, "speed_limit": null, "vertical_angle": null, "center_waypoint": null, "center_waypoint_latitude": null, "center_waypoint_longitude": null, "aircraft_category": null}, "geometry": {"type": "MultiPoint", "coordinates": [[97.213275, 19.69045556]]}}, {"type": "Feature", "properties": {"fid": 1539, "area_code": "PAC", "airport_identifier": "VYLK", "procedure_identifier": "N19", "route_type": "A", "transition_identifier": "LK2", "seqno": 20, "waypoint_icao_code": null, "waypoint_identifier": null, "waypoint_latitude": null, "waypoint_longitude": null, "waypoint_description_code": null, "turn_direction": null, "rnp": null, "path_termination": "FC", "recommanded_navaid": null, "recommanded_navaid_latitude": null, "recommanded_navaid_longitude": null, "arc_radius": null, "theta": null, "rho": null, "magnetic_course": 30.0, "route_distance_holding_distance_time": 6.0, "distance_time": "D", "altitude_description": "+", "altitude1": 4800.0, "altitude2": null, "transition_altitude": null, "speed_limit_description": null, "speed_limit": null, "vertical_angle": null, "center_waypoint": null, "center_waypoint_latitude": null, "center_waypoint_longitude": null, "aircraft_category": null}, "geometry": {"type": "MultiPoint", "coordinates": []}}, {"type": "Feature", "properties": {"fid": 1540, "area_code": "PAC", "airport_identifier": "VYLK", "procedure_identifier": "N19", "route_type": "A", "transition_identifier": "LK2", "seqno": 30, "waypoint_icao_code": "VY", "waypoint_identifier": "FF19", "waypoint_latitude": 19.78275278, "waypoint_longitude": 97.22871667, "waypoint_description_code": "E", "turn_direction": "L", "rnp": null, "path_termination": "CF", "recommanded_navaid": null, "recommanded_navaid_latitude": null, "recommanded_navaid_longitude": null, "arc_radius": null, "theta": null, "rho": null, "magnetic_course": 190.0, "route_distance_holding_distance_time": 1.7, "distance_time": "D", "altitude_description": "+", "altitude1": 4800.0, "altitude2": null, "transition_altitude": null, "speed_limit_description": null, "speed_limit": null, "vertical_angle": null, "center_waypoint": null, "center_waypoint_latitude": null, "center_waypoint_longitude": null, "aircraft_category": null}, "geometry": {"type": "MultiPoint", "coordinates": [[97.22871667, 19.78275278]]}}, {"type": "Feature", "properties": {"fid": 1542, "area_code": "PAC", "airport_identifier": "VYLK", "procedure_identifier": "N19", "route_type": "N", "transition_identifier": null, "seqno": 20, "waypoint_icao_code": "VY", "waypoint_identifier": "FF19", "waypoint_latitude": 19.78275278, "waypoint_longitude": 97.22871667, "waypoint_description_code": "E  F", "turn_direction": null, "rnp": null, "path_termination": "IF", "recommanded_navaid": null, "recommanded_navaid_latitude": null, "recommanded_navaid_longitude": null, "arc_radius": null, "theta": null, "rho": null, "magnetic_course": null, "route_distance_holding_distance_time": null, "distance_time": null, "altitude_description": "+", "altitude1": 4800.0, "altitude2": null, "transition_altitude": null, "speed_limit_description": null, "speed_limit": null, "vertical_angle": null, "center_waypoint": null, "center_waypoint_latitude": null, "center_waypoint_longitude": null, "aircraft_category": null}, "geometry": {"type": "MultiPoint", "coordinates": [[97.22871667, 19.78275278]]}}, {"type": "Feature", "properties": {"fid": 1543, "area_code": "PAC", "airport_identifier": "VYLK", "procedure_identifier": "N19", "route_type": "N", "transition_identifier": null, "seqno": 30, "waypoint_icao_code": "VY", "waypoint_identifier": "MA19", "waypoint_latitude": 19.717375, "waypoint_longitude": 97.217775, "waypoint_description_code": "E  M", "turn_direction": null, "rnp": null, "path_termination": "CF", "recommanded_navaid": null, "recommanded_navaid_latitude": null, "recommanded_navaid_longitude": null, "arc_radius": null, "theta": null, "rho": null, "magnetic_course": 190.0, "route_distance_holding_distance_time": 4.0, "distance_time": "D", "altitude_description": "@", "altitude1": 3380.0, "altitude2": null, "transition_altitude": null, "speed_limit_description": null, "speed_limit": null, "vertical_angle": -3.38, "center_waypoint": null, "center_waypoint_latitude": null, "center_waypoint_longitude": null, "aircraft_category": null}, "geometry": {"type": "MultiPoint", "coordinates": [[97.217775, 19.717375]]}}, {"type": "Feature", "properties": {"fid": 1545, "area_code": "PAC", "airport_identifier": "VYLK", "procedure_identifier": "N19", "route_type": "N", "transition_identifier": null, "seqno": 40, "waypoint_icao_code": null, "waypoint_identifier": null, "waypoint_latitude": null, "waypoint_longitude": null, "waypoint_description_code": null, "turn_direction": null, "rnp": null, "path_termination": "VA", "recommanded_navaid": null, "recommanded_navaid_latitude": null, "recommanded_navaid_longitude": null, "arc_radius": null, "theta": null, "rho": null, "magnetic_course": 180.0, "route_distance_holding_distance_time": null, "distance_time": null, "altitude_description": "+", "altitude1": 4500.0, "altitude2": null, "transition_altitude": null, "speed_limit_description": null, "speed_limit": null, "vertical_angle": null, "center_waypoint": null, "center_waypoint_latitude": null, "center_waypoint_longitude": null, "aircraft_category": null}, "geometry": {"type": "MultiPoint", "coordinates": []}}, {"type": "Feature", "properties": {"fid": 1546, "area_code": "PAC", "airport_identifier": "VYLK", "procedure_identifier": "N19", "route_type": "N", "transition_identifier": null, "seqno": 50, "waypoint_icao_code": "VY", "waypoint_identifier": "LK", "waypoint_latitude": 19.69045556, "waypoint_longitude": 97.213275, "waypoint_description_code": "E", "turn_direction": "L", "rnp": null, "path_termination": "DF", "recommanded_navaid": null, "recommanded_navaid_latitude": null, "recommanded_navaid_longitude": null, "arc_radius": null, "theta": null, "rho": null, "magnetic_course": null, "route_distance_holding_distance_time": null, "distance_time": null, "altitude_description": "@", "altitude1": 6000.0, "altitude2": null, "transition_altitude": null, "speed_limit_description": null, "speed_limit": null, "vertical_angle": null, "center_waypoint": null, "center_waypoint_latitude": null, "center_waypoint_longitude": null, "aircraft_category": null}, "geometry": {"type": "MultiPoint", "coordinates": [[97.213275, 19.69045556]]}}, {"type": "Feature", "properties": {"fid": 1547, "area_code": "PAC", "airport_identifier": "VYLK", "procedure_identifier": "N19", "route_type": "N", "transition_identifier": null, "seqno": 60, "waypoint_icao_code": "VY", "waypoint_identifier": "LK", "waypoint_latitude": 19.69045556, "waypoint_longitude": 97.213275, "waypoint_description_code": "E  H", "turn_direction": "R", "rnp": null, "path_termination": "HM", "recommanded_navaid": null, "recommanded_navaid_latitude": null, "recommanded_navaid_longitude": null, "arc_radius": null, "theta": null, "rho": null, "magnetic_course": 30.0, "route_distance_holding_distance_time": 1.0, "distance_time": "T", "altitude_description": null, "altitude1": null, "altitude2": null, "transition_altitude": null, "speed_limit_description": null, "speed_limit": null, "vertical_angle": null, "center_waypoint": null, "center_waypoint_latitude": null, "center_waypoint_longitude": null, "aircraft_category": null}, "geometry": {"type": "MultiPoint", "coordinates": [[97.213275, 19.69045556]]}}, {"type": "Feature", "properties": {"fid": 1549, "area_code": "PAC", "airport_identifier": "VYMD", "procedure_identifier": "D17", "route_type": "A", "transition_identifier": "MIA1", "seqno": 10, "waypoint_icao_code": "VY", "waypoint_identifier": "MIA", "waypoint_latitude": 21.71147222, "waypoint_longitude": 95.97901389, "waypoint_description_code": "E  A", "turn_direction": null, "rnp": null, "path_termination": "IF", "recommanded_navaid": null, "recommanded_navaid_latitude": null, "recommanded_navaid_longitude": null, "arc_radius": null, "theta": null, "rho": null, "magnetic_course": null, "route_distance_holding_distance_time": null, "distance_time": null, "altitude_description": "+", "altitude1": 3000.0, "altitude2": null, "transition_altitude": null, "speed_limit_description": null, "speed_limit": null, "vertical_angle": null, "center_waypoint": null, "center_waypoint_latitude": null, "center_waypoint_longitude": null, "aircraft_category": null}, "geometry": {"type": "MultiPoint", "coordinates": [[95.97901389, 21.71147222]]}}, {"type": "Feature", "properties": {"fid": 1550, "area_code": "PAC", "airport_identifier": "VYMD", "procedure_identifier": "D17", "route_type": "A", "transition_identifier": "MIA1", "seqno": 20, "waypoint_icao_code": null, "waypoint_identifier": null, "waypoint_latitude": null, "waypoint_longitude": null, "waypoint_description_code": null, "turn_direction": null, "rnp": null, "path_termination": "FC", "recommanded_navaid": null, "recommanded_navaid_latitude": null, "recommanded_navaid_longitude": null, "arc_radius": null, "theta": null, "rho": null, "magnetic_course": 16.0, "route_distance_holding_distance_time": 6.4, "distance_time": "D", "altitude_description": "+", "altitude1": 2200.0, "altitude2": null, "transition_altitude": null, "speed_limit_description": null, "speed_limit": null, "vertical_angle": null, "center_waypoint": null, "center_waypoint_latitude": null, "center_waypoint_longitude": null, "aircraft_category": null}, "geometry": {"type": "MultiPoint", "coordinates": []}}, {"type": "Feature", "properties": {"fid": 1551, "area_code": "PAC", "airport_identifier": "VYMD", "procedure_identifier": "D17", "route_type": "A", "transition_identifier": "MIA1", "seqno": 30, "waypoint_icao_code": "VY", "waypoint_identifier": "FF17", "waypoint_latitude": 21.81486667, "waypoint_longitude": 95.94934167, "waypoint_description_code": "E", "turn_direction": "L", "rnp": null, "path_termination": "CF", "recommanded_navaid": null, "recommanded_navaid_latitude": null, "recommanded_navaid_longitude": null, "arc_radius": null, "theta": null, "rho": null, "magnetic_course": 166.0, "route_distance_holding_distance_time": 1.0, "distance_time": "D", "altitude_description": "+", "altitude1": 2200.0, "altitude2": null, "transition_altitude": null, "speed_limit_description": null, "speed_limit": null, "vertical_angle": null, "center_waypoint": null, "center_waypoint_latitude": null, "center_waypoint_longitude": null, "aircraft_category": null}, "geometry": {"type": "MultiPoint", "coordinates": [[95.94934167, 21.81486667]]}}, {"type": "Feature", "properties": {"fid": 1553, "area_code": "PAC", "airport_identifier": "VYMD", "procedure_identifier": "D17", "route_type": "A", "transition_identifier": "MIA2", "seqno": 10, "waypoint_icao_code": "VY", "waypoint_identifier": "MIA", "waypoint_latitude": 21.71147222, "waypoint_longitude": 95.97901389, "waypoint_description_code": "E  A", "turn_direction": null, "rnp": null, "path_termination": "IF", "recommanded_navaid": null, "recommanded_navaid_latitude": null, "recommanded_navaid_longitude": null, "arc_radius": null, "theta": null, "rho": null, "magnetic_course": null, "route_distance_holding_distance_time": null, "distance_time": null, "altitude_description": "+", "altitude1": 3000.0, "altitude2": null, "transition_altitude": null, "speed_limit_description": null, "speed_limit": null, "vertical_angle": null, "center_waypoint": null, "center_waypoint_latitude": null, "center_waypoint_longitude": null, "aircraft_category": null}, "geometry": {"type": "MultiPoint", "coordinates": [[95.97901389, 21.71147222]]}}, {"type": "Feature", "properties": {"fid": 1554, "area_code": "PAC", "airport_identifier": "VYMD", "procedure_identifier": "D17", "route_type": "A", "transition_identifier": "MIA2", "seqno": 20, "waypoint_icao_code": null, "waypoint_identifier": null, "waypoint_latitude": null, "waypoint_longitude": null, "waypoint_description_code": null, "turn_direction": null, "rnp": null, "path_termination": "FC", "recommanded_navaid": null, "recommanded_navaid_latitude": null, "recommanded_navaid_longitude": null, "arc_radius": null, "theta": null, "rho": null, "magnetic_course": 1.0, "route_distance_holding_distance_time": 6.4, "distance_time": "D", "altitude_description": "+", "altitude1": 2200.0, "altitude2": null, "transition_altitude": null, "speed_limit_description": null, "speed_limit": null, "vertical_angle": null, "center_waypoint": null, "center_waypoint_latitude": null, "center_waypoint_longitude": null, "aircraft_category": null}, "geometry": {"type": "MultiPoint", "coordinates": []}}, {"type": "Feature", "properties": {"fid": 1555, "area_code": "PAC", "airport_identifier": "VYMD", "procedure_identifier": "D17", "route_type": "A", "transition_identifier": "MIA2", "seqno": 30, "waypoint_icao_code": "VY", "waypoint_identifier": "FF17", "waypoint_latitude": 21.81486667, "waypoint_longitude": 95.94934167, "waypoint_description_code": "E", "turn_direction": "L", "rnp": null, "path_termination": "CF", "recommanded_navaid": null, "recommanded_navaid_latitude": null, "recommanded_navaid_longitude": null, "arc_radius": null, "theta": null, "rho": null, "magnetic_course": 166.0, "route_distance_holding_distance_time": 1.0, "distance_time": "D", "altitude_description": "+", "altitude1": 2200.0, "altitude2": null, "transition_altitude": null, "speed_limit_description": null, "speed_limit": null, "vertical_angle": null, "center_waypoint": null, "center_waypoint_latitude": null, "center_waypoint_longitude": null, "aircraft_category": null}, "geometry": {"type": "MultiPoint", "coordinates": [[95.94934167, 21.81486667]]}}, {"type": "Feature", "properties": {"fid": 1557, "area_code": "PAC", "airport_identifier": "VYMD", "procedure_identifier": "D17", "route_type": "D", "transition_identifier": null, "seqno": 20, "waypoint_icao_code": "VY", "waypoint_identifier": "FF17", "waypoint_latitude": 21.81486667, "waypoint_longitude": 95.94934167, "waypoint_description_code": "E  F", "turn_direction": null, "rnp": null, "path_termination": "IF", "recommanded_navaid": null, "recommanded_navaid_latitude": null, "recommanded_navaid_longitude": null, "arc_radius": null, "theta": null, "rho": null, "magnetic_course": null, "route_distance_holding_distance_time": null, "distance_time": null, "altitude_description": "+", "altitude1": 2200.0, "altitude2": null, "transition_altitude": null, "speed_limit_description": null, "speed_limit": null, "vertical_angle": null, "center_waypoint": null, "center_waypoint_latitude": null, "center_waypoint_longitude": null, "aircraft_category": null}, "geometry": {"type": "MultiPoint", "coordinates": [[95.94934167, 21.81486667]]}}, {"type": "Feature", "properties": {"fid": 1558, "area_code": "PAC", "airport_identifier": "VYMD", "procedure_identifier": "D17", "route_type": "D", "transition_identifier": null, "seqno": 30, "waypoint_icao_code": "VY", "waypoint_identifier": "MA17", "waypoint_latitude": 21.73812778, "waypoint_longitude": 95.97136667, "waypoint_description_code": "E  M", "turn_direction": null, "rnp": null, "path_termination": "CF", "recommanded_navaid": null, "recommanded_navaid_latitude": null, "recommanded_navaid_longitude": null, "arc_radius": null, "theta": null, "rho": null, "magnetic_course": 166.0, "route_distance_holding_distance_time": 4.8, "distance_time": "D", "altitude_description": "@", "altitude1": 685.0, "altitude2": null, "transition_altitude": null, "speed_limit_description": null, "speed_limit": null, "vertical_angle": -3.0, "center_waypoint": null, "center_waypoint_latitude": null, "center_waypoint_longitude": null, "aircraft_category": null}, "geometry": {"type": "MultiPoint", "coordinates": [[95.97136667, 21.73812778]]}}, {"type": "Feature", "properties": {"fid": 1560, "area_code": "PAC", "airport_identifier": "VYMD", "procedure_identifier": "D17", "route_type": "D", "transition_identifier": null, "seqno": 40, "waypoint_icao_code": null, "waypoint_identifier": null, "waypoint_latitude": null, "waypoint_longitude": null, "waypoint_description_code": null, "turn_direction": null, "rnp": null, "path_termination": "VA", "recommanded_navaid": null, "recommanded_navaid_latitude": null, "recommanded_navaid_longitude": null, "arc_radius": null, "theta": null, "rho": null, "magnetic_course": 166.0, "route_distance_holding_distance_time": null, "distance_time": null, "altitude_description": "+", "altitude1": 2000.0, "altitude2": null, "transition_altitude": null, "speed_limit_description": null, "speed_limit": null, "vertical_angle": null, "center_waypoint": null, "center_waypoint_latitude": null, "center_waypoint_longitude": null, "aircraft_category": null}, "geometry": {"type": "MultiPoint", "coordinates": []}}, {"type": "Feature", "properties": {"fid": 1561, "area_code": "PAC", "airport_identifier": "VYMD", "procedure_identifier": "D17", "route_type": "D", "transition_identifier": null, "seqno": 50, "waypoint_icao_code": "VY", "waypoint_identifier": "MIA", "waypoint_latitude": 21.71147222, "waypoint_longitude": 95.97901389, "waypoint_description_code": "E", "turn_direction": "R", "rnp": null, "path_termination": "DF", "recommanded_navaid": null, "recommanded_navaid_latitude": null, "recommanded_navaid_longitude": null, "arc_radius": null, "theta": null, "rho": null, "magnetic_course": null, "route_distance_holding_distance_time": null, "distance_time": null, "altitude_description": "@", "altitude1": 3000.0, "altitude2": null, "transition_altitude": null, "speed_limit_description": null, "speed_limit": null, "vertical_angle": null, "center_waypoint": null, "center_waypoint_latitude": null, "center_waypoint_longitude": null, "aircraft_category": null}, "geometry": {"type": "MultiPoint", "coordinates": [[95.97901389, 21.71147222]]}}, {"type": "Feature", "properties": {"fid": 1562, "area_code": "PAC", "airport_identifier": "VYMD", "procedure_identifier": "D17", "route_type": "D", "transition_identifier": null, "seqno": 60, "waypoint_icao_code": "VY", "waypoint_identifier": "MIA", "waypoint_latitude": 21.71147222, "waypoint_longitude": 95.97901389, "waypoint_description_code": "E  H", "turn_direction": "R", "rnp": null, "path_termination": "HM", "recommanded_navaid": null, "recommanded_navaid_latitude": null, "recommanded_navaid_longitude": null, "arc_radius": null, "theta": null, "rho": null, "magnetic_course": 16.0, "route_distance_holding_distance_time": 1.0, "distance_time": "T", "altitude_description": "+", "altitude1": 3000.0, "altitude2": null, "transition_altitude": null, "speed_limit_description": null, "speed_limit": null, "vertical_angle": null, "center_waypoint": null, "center_waypoint_latitude": null, "center_waypoint_longitude": null, "aircraft_category": null}, "geometry": {"type": "MultiPoint", "coordinates": [[95.97901389, 21.71147222]]}}, {"type": "Feature", "properties": {"fid": 1564, "area_code": "PAC", "airport_identifier": "VYMD", "procedure_identifier": "I17", "route_type": "A", "transition_identifier": "TADAU", "seqno": 10, "waypoint_icao_code": "VY", "waypoint_identifier": "TADAU", "waypoint_latitude": 21.87565278, "waypoint_longitude": 95.94482222, "waypoint_description_code": "E  A", "turn_direction": "R", "rnp": null, "path_termination": "HF", "recommanded_navaid": null, "recommanded_navaid_latitude": null, "recommanded_navaid_longitude": null, "arc_radius": null, "theta": null, "rho": null, "magnetic_course": 171.0, "route_distance_holding_distance_time": 1.0, "distance_time": "T", "altitude_description": "+", "altitude1": 4000.0, "altitude2": null, "transition_altitude": null, "speed_limit_description": null, "speed_limit": null, "vertical_angle": null, "center_waypoint": null, "center_waypoint_latitude": null, "center_waypoint_longitude": null, "aircraft_category": null}, "geometry": {"type": "MultiPoint", "coordinates": [[95.94482222, 21.87565278]]}}, {"type": "Feature", "properties": {"fid": 1565, "area_code": "PAC", "airport_identifier": "VYMD", "procedure_identifier": "I17", "route_type": "I", "transition_identifier": null, "seqno": 10, "waypoint_icao_code": "VY", "waypoint_identifier": "TADAU", "waypoint_latitude": 21.87565278, "waypoint_longitude": 95.94482222, "waypoint_description_code": "E  I", "turn_direction": null, "rnp": null, "path_termination": "IF", "recommanded_navaid": null, "recommanded_navaid_latitude": null, "recommanded_navaid_longitude": null, "arc_radius": null, "theta": null, "rho": null, "magnetic_course": null, "route_distance_holding_distance_time": null, "distance_time": null, "altitude_description": "+", "altitude1": 3350.0, "altitude2": null, "transition_altitude": null, "speed_limit_description": null, "speed_limit": null, "vertical_angle": null, "center_waypoint": null, "center_waypoint_latitude": null, "center_waypoint_longitude": null, "aircraft_category": null}, "geometry": {"type": "MultiPoint", "coordinates": [[95.94482222, 21.87565278]]}}, {"type": "Feature", "properties": {"fid": 1566, "area_code": "PAC", "airport_identifier": "VYMD", "procedure_identifier": "I17", "route_type": "I", "transition_identifier": null, "seqno": 20, "waypoint_icao_code": "VY", "waypoint_identifier": "FI17", "waypoint_latitude": 21.83510833, "waypoint_longitude": 95.95174722, "waypoint_description_code": "E  F", "turn_direction": null, "rnp": null, "path_termination": "CF", "recommanded_navaid": null, "recommanded_navaid_latitude": null, "recommanded_navaid_longitude": null, "arc_radius": null, "theta": null, "rho": null, "magnetic_course": 171.0, "route_distance_holding_distance_time": 2.5, "distance_time": "D", "altitude_description": "+", "altitude1": 2570.0, "altitude2": null, "transition_altitude": null, "speed_limit_description": null, "speed_limit": null, "vertical_angle": -3.0, "center_waypoint": null, "center_waypoint_latitude": null, "center_waypoint_longitude": null, "aircraft_category": null}, "geometry": {"type": "MultiPoint", "coordinates": [[95.95174722, 21.83510833]]}}, {"type": "Feature", "properties": {"fid": 1567, "area_code": "PAC", "airport_identifier": "VYMD", "procedure_identifier": "I17", "route_type": "I", "transition_identifier": null, "seqno": 30, "waypoint_icao_code": "VY", "waypoint_identifier": "RW17", "waypoint_latitude": 21.72005833, "waypoint_longitude": 95.97401111, "waypoint_description_code": "G  M", "turn_direction": null, "rnp": null, "path_termination": "CF", "recommanded_navaid": null, "recommanded_navaid_latitude": null, "recommanded_navaid_longitude": null, "arc_radius": null, "theta": null, "rho": null, "magnetic_course": 171.0, "route_distance_holding_distance_time": 7.0, "distance_time": "D", "altitude_description": "@", "altitude1": 339.0, "altitude2": null, "transition_altitude": null, "speed_limit_description": null, "speed_limit": null, "vertical_angle": -3.0, "center_waypoint": null, "center_waypoint_latitude": null, "center_waypoint_longitude": null, "aircraft_category": null}, "geometry": {"type": "MultiPoint", "coordinates": [[95.97401111, 21.72005833]]}}, {"type": "Feature", "properties": {"fid": 1569, "area_code": "PAC", "airport_identifier": "VYMD", "procedure_identifier": "I17", "route_type": "I", "transition_identifier": null, "seqno": 40, "waypoint_icao_code": null, "waypoint_identifier": null, "waypoint_latitude": null, "waypoint_longitude": null, "waypoint_description_code": null, "turn_direction": null, "rnp": null, "path_termination": "VA", "recommanded_navaid": null, "recommanded_navaid_latitude": null, "recommanded_navaid_longitude": null, "arc_radius": null, "theta": null, "rho": null, "magnetic_course": 171.0, "route_distance_holding_distance_time": null, "distance_time": null, "altitude_description": "+", "altitude1": 2000.0, "altitude2": null, "transition_altitude": null, "speed_limit_description": null, "speed_limit": null, "vertical_angle": null, "center_waypoint": null, "center_waypoint_latitude": null, "center_waypoint_longitude": null, "aircraft_category": null}, "geometry": {"type": "MultiPoint", "coordinates": []}}, {"type": "Feature", "properties": {"fid": 1570, "area_code": "PAC", "airport_identifier": "VYMD", "procedure_identifier": "I17", "route_type": "I", "transition_identifier": null, "seqno": 50, "waypoint_icao_code": "VY", "waypoint_identifier": "TADAU", "waypoint_latitude": 21.87565278, "waypoint_longitude": 95.94482222, "waypoint_description_code": "E", "turn_direction": "R", "rnp": null, "path_termination": "DF", "recommanded_navaid": null, "recommanded_navaid_latitude": null, "recommanded_navaid_longitude": null, "arc_radius": null, "theta": null, "rho": null, "magnetic_course": null, "route_distance_holding_distance_time": null, "distance_time": null, "altitude_description": "@", "altitude1": 4000.0, "altitude2": null, "transition_altitude": null, "speed_limit_description": null, "speed_limit": null, "vertical_angle": null, "center_waypoint": null, "center_waypoint_latitude": null, "center_waypoint_longitude": null, "aircraft_category": null}, "geometry": {"type": "MultiPoint", "coordinates": [[95.94482222, 21.87565278]]}}, {"type": "Feature", "properties": {"fid": 1571, "area_code": "PAC", "airport_identifier": "VYMD", "procedure_identifier": "I17", "route_type": "I", "transition_identifier": null, "seqno": 60, "waypoint_icao_code": "VY", "waypoint_identifier": "TADAU", "waypoint_latitude": 21.87565278, "waypoint_longitude": 95.94482222, "waypoint_description_code": "E  H", "turn_direction": "R", "rnp": null, "path_termination": "HM", "recommanded_navaid": null, "recommanded_navaid_latitude": null, "recommanded_navaid_longitude": null, "arc_radius": null, "theta": null, "rho": null, "magnetic_course": 171.0, "route_distance_holding_distance_time": 1.0, "distance_time": "T", "altitude_description": "+", "altitude1": 4000.0, "altitude2": null, "transition_altitude": null, "speed_limit_description": null, "speed_limit": null, "vertical_angle": null, "center_waypoint": null, "center_waypoint_latitude": null, "center_waypoint_longitude": null, "aircraft_category": null}, "geometry": {"type": "MultiPoint", "coordinates": [[95.94482222, 21.87565278]]}}, {"type": "Feature", "properties": {"fid": 1573, "area_code": "PAC", "airport_identifier": "VYPT", "procedure_identifier": "N17", "route_type": "A", "transition_identifier": "PT1", "seqno": 10, "waypoint_icao_code": "VY", "waypoint_identifier": "PT", "waypoint_latitude": 27.32605, "waypoint_longitude": 97.42415556, "waypoint_description_code": "E  A", "turn_direction": null, "rnp": null, "path_termination": "IF", "recommanded_navaid": null, "recommanded_navaid_latitude": null, "recommanded_navaid_longitude": null, "arc_radius": null, "theta": null, "rho": null, "magnetic_course": null, "route_distance_holding_distance_time": null, "distance_time": null, "altitude_description": "+", "altitude1": 4000.0, "altitude2": null, "transition_altitude": null, "speed_limit_description": null, "speed_limit": null, "vertical_angle": null, "center_waypoint": null, "center_waypoint_latitude": null, "center_waypoint_longitude": null, "aircraft_category": null}, "geometry": {"type": "MultiPoint", "coordinates": [[97.42415556, 27.32605]]}}, {"type": "Feature", "properties": {"fid": 1574, "area_code": "PAC", "airport_identifier": "VYPT", "procedure_identifier": "N17", "route_type": "A", "transition_identifier": "PT1", "seqno": 20, "waypoint_icao_code": null, "waypoint_identifier": null, "waypoint_latitude": null, "waypoint_longitude": null, "waypoint_description_code": null, "turn_direction": null, "rnp": null, "path_termination": "FC", "recommanded_navaid": null, "recommanded_navaid_latitude": null, "recommanded_navaid_longitude": null, "arc_radius": null, "theta": null, "rho": null, "magnetic_course": 330.0, "route_distance_holding_distance_time": 5.3, "distance_time": "D", "altitude_description": "+", "altitude1": 3090.0, "altitude2": null, "transition_altitude": null, "speed_limit_description": null, "speed_limit": null, "vertical_angle": null, "center_waypoint": null, "center_waypoint_latitude": null, "center_waypoint_longitude": null, "aircraft_category": null}, "geometry": {"type": "MultiPoint", "coordinates": []}}, {"type": "Feature", "properties": {"fid": 1575, "area_code": "PAC", "airport_identifier": "VYPT", "procedure_identifier": "N17", "route_type": "A", "transition_identifier": "PT1", "seqno": 30, "waypoint_icao_code": "VY", "waypoint_identifier": "FF17", "waypoint_latitude": 27.41451944, "waypoint_longitude": 97.422425, "waypoint_description_code": "E", "turn_direction": "R", "rnp": null, "path_termination": "CF", "recommanded_navaid": null, "recommanded_navaid_latitude": null, "recommanded_navaid_longitude": null, "arc_radius": null, "theta": null, "rho": null, "magnetic_course": 180.0, "route_distance_holding_distance_time": 1.0, "distance_time": "D", "altitude_description": "+", "altitude1": 3090.0, "altitude2": null, "transition_altitude": null, "speed_limit_description": null, "speed_limit": null, "vertical_angle": null, "center_waypoint": null, "center_waypoint_latitude": null, "center_waypoint_longitude": null, "aircraft_category": null}, "geometry": {"type": "MultiPoint", "coordinates": [[97.422425, 27.41451944]]}}, {"type": "Feature", "properties": {"fid": 1577, "area_code": "PAC", "airport_identifier": "VYPT", "procedure_identifier": "N17", "route_type": "A", "transition_identifier": "PT2", "seqno": 10, "waypoint_icao_code": "VY", "waypoint_identifier": "PT", "waypoint_latitude": 27.32605, "waypoint_longitude": 97.42415556, "waypoint_description_code": "E  A", "turn_direction": null, "rnp": null, "path_termination": "IF", "recommanded_navaid": null, "recommanded_navaid_latitude": null, "recommanded_navaid_longitude": null, "arc_radius": null, "theta": null, "rho": null, "magnetic_course": null, "route_distance_holding_distance_time": null, "distance_time": null, "altitude_description": "+", "altitude1": 4000.0, "altitude2": null, "transition_altitude": null, "speed_limit_description": null, "speed_limit": null, "vertical_angle": null, "center_waypoint": null, "center_waypoint_latitude": null, "center_waypoint_longitude": null, "aircraft_category": null}, "geometry": {"type": "MultiPoint", "coordinates": [[97.42415556, 27.32605]]}}, {"type": "Feature", "properties": {"fid": 1578, "area_code": "PAC", "airport_identifier": "VYPT", "procedure_identifier": "N17", "route_type": "A", "transition_identifier": "PT2", "seqno": 20, "waypoint_icao_code": null, "waypoint_identifier": null, "waypoint_latitude": null, "waypoint_longitude": null, "waypoint_description_code": null, "turn_direction": null, "rnp": null, "path_termination": "FC", "recommanded_navaid": null, "recommanded_navaid_latitude": null, "recommanded_navaid_longitude": null, "arc_radius": null, "theta": null, "rho": null, "magnetic_course": 345.0, "route_distance_holding_distance_time": 7.5, "distance_time": "D", "altitude_description": "+", "altitude1": 3090.0, "altitude2": null, "transition_altitude": null, "speed_limit_description": null, "speed_limit": null, "vertical_angle": null, "center_waypoint": null, "center_waypoint_latitude": null, "center_waypoint_longitude": null, "aircraft_category": null}, "geometry": {"type": "MultiPoint", "coordinates": []}}, {"type": "Feature", "properties": {"fid": 1579, "area_code": "PAC", "airport_identifier": "VYPT", "procedure_identifier": "N17", "route_type": "A", "transition_identifier": "PT2", "seqno": 30, "waypoint_icao_code": "VY", "waypoint_identifier": "FF17", "waypoint_latitude": 27.41451944, "waypoint_longitude": 97.422425, "waypoint_description_code": "E", "turn_direction": "R", "rnp": null, "path_termination": "CF", "recommanded_navaid": null, "recommanded_navaid_latitude": null, "recommanded_navaid_longitude": null, "arc_radius": null, "theta": null, "rho": null, "magnetic_course": 180.0, "route_distance_holding_distance_time": 3.2, "distance_time": "D", "altitude_description": "+", "altitude1": 3090.0, "altitude2": null, "transition_altitude": null, "speed_limit_description": null, "speed_limit": null, "vertical_angle": null, "center_waypoint": null, "center_waypoint_latitude": null, "center_waypoint_longitude": null, "aircraft_category": null}, "geometry": {"type": "MultiPoint", "coordinates": [[97.422425, 27.41451944]]}}, {"type": "Feature", "properties": {"fid": 1581, "area_code": "PAC", "airport_identifier": "VYPT", "procedure_identifier": "N17", "route_type": "N", "transition_identifier": null, "seqno": 20, "waypoint_icao_code": "VY", "waypoint_identifier": "FF17", "waypoint_latitude": 27.41451944, "waypoint_longitude": 97.422425, "waypoint_description_code": "E  F", "turn_direction": null, "rnp": null, "path_termination": "IF", "recommanded_navaid": null, "recommanded_navaid_latitude": null, "recommanded_navaid_longitude": null, "arc_radius": null, "theta": null, "rho": null, "magnetic_course": null, "route_distance_holding_distance_time": null, "distance_time": null, "altitude_description": "+", "altitude1": 3090.0, "altitude2": null, "transition_altitude": null, "speed_limit_description": null, "speed_limit": null, "vertical_angle": null, "center_waypoint": null, "center_waypoint_latitude": null, "center_waypoint_longitude": null, "aircraft_category": null}, "geometry": {"type": "MultiPoint", "coordinates": [[97.422425, 27.41451944]]}}, {"type": "Feature", "properties": {"fid": 1582, "area_code": "PAC", "airport_identifier": "VYPT", "procedure_identifier": "N17", "route_type": "N", "transition_identifier": null, "seqno": 30, "waypoint_icao_code": "VY", "waypoint_identifier": "MA17", "waypoint_latitude": 27.36389167, "waypoint_longitude": 97.42341389, "waypoint_description_code": "E  M", "turn_direction": null, "rnp": null, "path_termination": "CF", "recommanded_navaid": null, "recommanded_navaid_latitude": null, "recommanded_navaid_longitude": null, "arc_radius": null, "theta": null, "rho": null, "magnetic_course": 180.0, "route_distance_holding_distance_time": 3.0, "distance_time": "D", "altitude_description": "@", "altitude1": 2010.0, "altitude2": null, "transition_altitude": null, "speed_limit_description": null, "speed_limit": null, "vertical_angle": -3.36, "center_waypoint": null, "center_waypoint_latitude": null, "center_waypoint_longitude": null, "aircraft_category": null}, "geometry": {"type": "MultiPoint", "coordinates": [[97.42341389, 27.36389167]]}}, {"type": "Feature", "properties": {"fid": 1584, "area_code": "PAC", "airport_identifier": "VYPT", "procedure_identifier": "N17", "route_type": "N", "transition_identifier": null, "seqno": 40, "waypoint_icao_code": null, "waypoint_identifier": null, "waypoint_latitude": null, "waypoint_longitude": null, "waypoint_description_code": null, "turn_direction": null, "rnp": null, "path_termination": "VA", "recommanded_navaid": null, "recommanded_navaid_latitude": null, "recommanded_navaid_longitude": null, "arc_radius": null, "theta": null, "rho": null, "magnetic_course": 150.0, "route_distance_holding_distance_time": null, "distance_time": null, "altitude_description": "+", "altitude1": 3000.0, "altitude2": null, "transition_altitude": null, "speed_limit_description": null, "speed_limit": null, "vertical_angle": null, "center_waypoint": null, "center_waypoint_latitude": null, "center_waypoint_longitude": null, "aircraft_category": null}, "geometry": {"type": "MultiPoint", "coordinates": []}}, {"type": "Feature", "properties": {"fid": 1585, "area_code": "PAC", "airport_identifier": "VYPT", "procedure_identifier": "N17", "route_type": "N", "transition_identifier": null, "seqno": 50, "waypoint_icao_code": "VY", "waypoint_identifier": "PT", "waypoint_latitude": 27.32605, "waypoint_longitude": 97.42415556, "waypoint_description_code": "E", "turn_direction": "L", "rnp": null, "path_termination": "DF", "recommanded_navaid": null, "recommanded_navaid_latitude": null, "recommanded_navaid_longitude": null, "arc_radius": null, "theta": null, "rho": null, "magnetic_course": null, "route_distance_holding_distance_time": null, "distance_time": null, "altitude_description": "@", "altitude1": 4000.0, "altitude2": null, "transition_altitude": null, "speed_limit_description": null, "speed_limit": null, "vertical_angle": null, "center_waypoint": null, "center_waypoint_latitude": null, "center_waypoint_longitude": null, "aircraft_category": null}, "geometry": {"type": "MultiPoint", "coordinates": [[97.42415556, 27.32605]]}}, {"type": "Feature", "properties": {"fid": 1586, "area_code": "PAC", "airport_identifier": "VYPT", "procedure_identifier": "N17", "route_type": "N", "transition_identifier": null, "seqno": 60, "waypoint_icao_code": "VY", "waypoint_identifier": "PT", "waypoint_latitude": 27.32605, "waypoint_longitude": 97.42415556, "waypoint_description_code": "E  H", "turn_direction": "L", "rnp": null, "path_termination": "HM", "recommanded_navaid": null, "recommanded_navaid_latitude": null, "recommanded_navaid_longitude": null, "arc_radius": null, "theta": null, "rho": null, "magnetic_course": 330.0, "route_distance_holding_distance_time": 1.0, "distance_time": "T", "altitude_description": null, "altitude1": null, "altitude2": null, "transition_altitude": null, "speed_limit_description": null, "speed_limit": null, "vertical_angle": null, "center_waypoint": null, "center_waypoint_latitude": null, "center_waypoint_longitude": null, "aircraft_category": null}, "geometry": {"type": "MultiPoint", "coordinates": [[97.42415556, 27.32605]]}}, {"type": "Feature", "properties": {"fid": 1588, "area_code": "PAC", "airport_identifier": "VYTD", "procedure_identifier": "R02", "route_type": "A", "transition_identifier": "NODEN", "seqno": 10, "waypoint_icao_code": "VY", "waypoint_identifier": "NODEN", "waypoint_latitude": 18.32346944, "waypoint_longitude": 94.15338056, "waypoint_description_code": "E  A", "turn_direction": null, "rnp": null, "path_termination": "IF", "recommanded_navaid": null, "recommanded_navaid_latitude": null, "recommanded_navaid_longitude": null, "arc_radius": null, "theta": null, "rho": null, "magnetic_course": null, "route_distance_holding_distance_time": null, "distance_time": null, "altitude_description": "+", "altitude1": 3000.0, "altitude2": null, "transition_altitude": null, "speed_limit_description": "-", "speed_limit": 210.0, "vertical_angle": null, "center_waypoint": null, "center_waypoint_latitude": null, "center_waypoint_longitude": null, "aircraft_category": null}, "geometry": {"type": "MultiPoint", "coordinates": [[94.15338056, 18.32346944]]}}, {"type": "Feature", "properties": {"fid": 1589, "area_code": "PAC", "airport_identifier": "VYTD", "procedure_identifier": "R02", "route_type": "A", "transition_identifier": "NODEN", "seqno": 20, "waypoint_icao_code": "VY", "waypoint_identifier": "TD901", "waypoint_latitude": 18.29454167, "waypoint_longitude": 94.23556944, "waypoint_description_code": "E", "turn_direction": null, "rnp": 1.0, "path_termination": "TF", "recommanded_navaid": null, "recommanded_navaid_latitude": null, "recommanded_navaid_longitude": null, "arc_radius": null, "theta": null, "rho": null, "magnetic_course": null, "route_distance_holding_distance_time": null, "distance_time": null, "altitude_description": "+", "altitude1": 2500.0, "altitude2": null, "transition_altitude": null, "speed_limit_description": null, "speed_limit": null, "vertical_angle": null, "center_waypoint": null, "center_waypoint_latitude": null, "center_waypoint_longitude": null, "aircraft_category": null}, "geometry": {"type": "MultiPoint", "coordinates": [[94.23556944, 18.29454167]]}}, {"type": "Feature", "properties": {"fid": 1591, "area_code": "PAC", "airport_identifier": "VYTD", "procedure_identifier": "R02", "route_type": "A", "transition_identifier": "SUSEN", "seqno": 10, "waypoint_icao_code": "VY", "waypoint_identifier": "SUSEN", "waypoint_latitude": 18.26558056, "waypoint_longitude": 94.31773056, "waypoint_description_code": "E  A", "turn_direction": null, "rnp": null, "path_termination": "IF", "recommanded_navaid": null, "recommanded_navaid_latitude": null, "recommanded_navaid_longitude": null, "arc_radius": null, "theta": null, "rho": null, "magnetic_course": null, "route_distance_holding_distance_time": null, "distance_time": null, "altitude_description": "+", "altitude1": 4000.0, "altitude2": null, "transition_altitude": null, "speed_limit_description": "-", "speed_limit": 210.0, "vertical_angle": null, "center_waypoint": null, "center_waypoint_latitude": null, "center_waypoint_longitude": null, "aircraft_category": null}, "geometry": {"type": "MultiPoint", "coordinates": [[94.31773056, 18.26558056]]}}, {"type": "Feature", "properties": {"fid": 1592, "area_code": "PAC", "airport_identifier": "VYTD", "procedure_identifier": "R02", "route_type": "A", "transition_identifier": "SUSEN", "seqno": 20, "waypoint_icao_code": "VY", "waypoint_identifier": "TD901", "waypoint_latitude": 18.29454167, "waypoint_longitude": 94.23556944, "waypoint_description_code": "E", "turn_direction": null, "rnp": 1.0, "path_termination": "TF", "recommanded_navaid": null, "recommanded_navaid_latitude": null, "recommanded_navaid_longitude": null, "arc_radius": null, "theta": null, "rho": null, "magnetic_course": null, "route_distance_holding_distance_time": null, "distance_time": null, "altitude_description": "+", "altitude1": 2500.0, "altitude2": null, "transition_altitude": null, "speed_limit_description": null, "speed_limit": null, "vertical_angle": null, "center_waypoint": null, "center_waypoint_latitude": null, "center_waypoint_longitude": null, "aircraft_category": null}, "geometry": {"type": "MultiPoint", "coordinates": [[94.23556944, 18.29454167]]}}, {"type": "Feature", "properties": {"fid": 1594, "area_code": "PAC", "airport_identifier": "VYTD", "procedure_identifier": "R02", "route_type": "R", "transition_identifier": null, "seqno": 10, "waypoint_icao_code": "VY", "waypoint_identifier": "TD901", "waypoint_latitude": 18.29454167, "waypoint_longitude": 94.23556944, "waypoint_description_code": "E  I", "turn_direction": null, "rnp": null, "path_termination": "IF", "recommanded_navaid": null, "recommanded_navaid_latitude": null, "recommanded_navaid_longitude": null, "arc_radius": null, "theta": null, "rho": null, "magnetic_course": null, "route_distance_holding_distance_time": null, "distance_time": null, "altitude_description": "+", "altitude1": 2500.0, "altitude2": null, "transition_altitude": null, "speed_limit_description": null, "speed_limit": null, "vertical_angle": null, "center_waypoint": null, "center_waypoint_latitude": null, "center_waypoint_longitude": null, "aircraft_category": null}, "geometry": {"type": "MultiPoint", "coordinates": [[94.23556944, 18.29454167]]}}, {"type": "Feature", "properties": {"fid": 1595, "area_code": "PAC", "airport_identifier": "VYTD", "procedure_identifier": "R02", "route_type": "R", "transition_identifier": null, "seqno": 20, "waypoint_icao_code": "VY", "waypoint_identifier": "SALNI", "waypoint_latitude": 18.37303889, "waypoint_longitude": 94.26587222, "waypoint_description_code": "E  F", "turn_direction": null, "rnp": null, "path_termination": "TF", "recommanded_navaid": null, "recommanded_navaid_latitude": null, "recommanded_navaid_longitude": null, "arc_radius": null, "theta": null, "rho": null, "magnetic_course": 21.0, "route_distance_holding_distance_time": 5.0, "distance_time": "D", "altitude_description": "@", "altitude1": 1700.0, "altitude2": null, "transition_altitude": null, "speed_limit_description": null, "speed_limit": null, "vertical_angle": null, "center_waypoint": null, "center_waypoint_latitude": null, "center_waypoint_longitude": null, "aircraft_category": null}, "geometry": {"type": "MultiPoint", "coordinates": [[94.26587222, 18.37303889]]}}, {"type": "Feature", "properties": {"fid": 1596, "area_code": "PAC", "airport_identifier": "VYTD", "procedure_identifier": "R02", "route_type": "R", "transition_identifier": null, "seqno": 30, "waypoint_icao_code": "VY", "waypoint_identifier": "RW02", "waypoint_latitude": 18.45389167, "waypoint_longitude": 94.29709722, "waypoint_description_code": "GY M", "turn_direction": null, "rnp": null, "path_termination": "TF", "recommanded_navaid": null, "recommanded_navaid_latitude": null, "recommanded_navaid_longitude": null, "arc_radius": null, "theta": null, "rho": null, "magnetic_course": 21.0, "route_distance_holding_distance_time": 5.1, "distance_time": "D", "altitude_description": "@", "altitude1": 61.0, "altitude2": null, "transition_altitude": null, "speed_limit_description": null, "speed_limit": null, "vertical_angle": -3.0, "center_waypoint": null, "center_waypoint_latitude": null, "center_waypoint_longitude": null, "aircraft_category": null}, "geometry": {"type": "MultiPoint", "coordinates": [[94.29709722, 18.45389167]]}}, {"type": "Feature", "properties": {"fid": 1598, "area_code": "PAC", "airport_identifier": "VYTD", "procedure_identifier": "R02", "route_type": "R", "transition_identifier": null, "seqno": 40, "waypoint_icao_code": "VY", "waypoint_identifier": "TD902", "waypoint_latitude": 18.53238889, "waypoint_longitude": 94.32742778, "waypoint_description_code": "EY", "turn_direction": null, "rnp": 1.0, "path_termination": "DF", "recommanded_navaid": null, "recommanded_navaid_latitude": null, "recommanded_navaid_longitude": null, "arc_radius": null, "theta": null, "rho": null, "magnetic_course": null, "route_distance_holding_distance_time": null, "distance_time": null, "altitude_description": null, "altitude1": null, "altitude2": null, "transition_altitude": null, "speed_limit_description": null, "speed_limit": null, "vertical_angle": null, "center_waypoint": null, "center_waypoint_latitude": null, "center_waypoint_longitude": null, "aircraft_category": null}, "geometry": {"type": "MultiPoint", "coordinates": [[94.32742778, 18.53238889]]}}, {"type": "Feature", "properties": {"fid": 1599, "area_code": "PAC", "airport_identifier": "VYTD", "procedure_identifier": "R02", "route_type": "R", "transition_identifier": null, "seqno": 50, "waypoint_icao_code": "VY", "waypoint_identifier": "TD903", "waypoint_latitude": 18.48487778, "waypoint_longitude": 94.20349167, "waypoint_description_code": "E", "turn_direction": "L", "rnp": 1.0, "path_termination": "DF", "recommanded_navaid": null, "recommanded_navaid_latitude": null, "recommanded_navaid_longitude": null, "arc_radius": null, "theta": null, "rho": null, "magnetic_course": null, "route_distance_holding_distance_time": null, "distance_time": null, "altitude_description": null, "altitude1": null, "altitude2": null, "transition_altitude": null, "speed_limit_description": null, "speed_limit": null, "vertical_angle": null, "center_waypoint": null, "center_waypoint_latitude": null, "center_waypoint_longitude": null, "aircraft_category": null}, "geometry": {"type": "MultiPoint", "coordinates": [[94.20349167, 18.48487778]]}}, {"type": "Feature", "properties": {"fid": 1600, "area_code": "PAC", "airport_identifier": "VYTD", "procedure_identifier": "R02", "route_type": "R", "transition_identifier": null, "seqno": 60, "waypoint_icao_code": "VY", "waypoint_identifier": "NODEN", "waypoint_latitude": 18.32346944, "waypoint_longitude": 94.15338056, "waypoint_description_code": "E", "turn_direction": null, "rnp": 1.0, "path_termination": "TF", "recommanded_navaid": null, "recommanded_navaid_latitude": null, "recommanded_navaid_longitude": null, "arc_radius": null, "theta": null, "rho": null, "magnetic_course": null, "route_distance_holding_distance_time": null, "distance_time": null, "altitude_description": "+", "altitude1": 3000.0, "altitude2": null, "transition_altitude": null, "speed_limit_description": "-", "speed_limit": 210.0, "vertical_angle": null, "center_waypoint": null, "center_waypoint_latitude": null, "center_waypoint_longitude": null, "aircraft_category": null}, "geometry": {"type": "MultiPoint", "coordinates": [[94.15338056, 18.32346944]]}}, {"type": "Feature", "properties": {"fid": 1601, "area_code": "PAC", "airport_identifier": "VYTD", "procedure_identifier": "R02", "route_type": "R", "transition_identifier": null, "seqno": 70, "waypoint_icao_code": "VY", "waypoint_identifier": "NODEN", "waypoint_latitude": 18.32346944, "waypoint_longitude": 94.15338056, "waypoint_description_code": "E  H", "turn_direction": "R", "rnp": 1.0, "path_termination": "HM", "recommanded_navaid": null, "recommanded_navaid_latitude": null, "recommanded_navaid_longitude": null, "arc_radius": null, "theta": null, "rho": null, "magnetic_course": 111.0, "route_distance_holding_distance_time": 1.0, "distance_time": "T", "altitude_description": "+", "altitude1": 3000.0, "altitude2": null, "transition_altitude": null, "speed_limit_description": "-", "speed_limit": 210.0, "vertical_angle": null, "center_waypoint": null, "center_waypoint_latitude": null, "center_waypoint_longitude": null, "aircraft_category": null}, "geometry": {"type": "MultiPoint", "coordinates": [[94.15338056, 18.32346944]]}}, {"type": "Feature", "properties": {"fid": 1603, "area_code": "PAC", "airport_identifier": "VYMD", "procedure_identifier": "Q17", "route_type": "A", "transition_identifier": "MIA1", "seqno": 10, "waypoint_icao_code": "VY", "waypoint_identifier": "MIA", "waypoint_latitude": 21.68814722, "waypoint_longitude": 95.98685833, "waypoint_description_code": "E  A", "turn_direction": null, "rnp": null, "path_termination": "IF", "recommanded_navaid": null, "recommanded_navaid_latitude": null, "recommanded_navaid_longitude": null, "arc_radius": null, "theta": null, "rho": null, "magnetic_course": null, "route_distance_holding_distance_time": null, "distance_time": null, "altitude_description": "+", "altitude1": 3000.0, "altitude2": null, "transition_altitude": null, "speed_limit_description": null, "speed_limit": null, "vertical_angle": null, "center_waypoint": null, "center_waypoint_latitude": null, "center_waypoint_longitude": null, "aircraft_category": null}, "geometry": {"type": "MultiPoint", "coordinates": [[95.98685833, 21.68814722]]}}, {"type": "Feature", "properties": {"fid": 1604, "area_code": "PAC", "airport_identifier": "VYMD", "procedure_identifier": "Q17", "route_type": "A", "transition_identifier": "MIA1", "seqno": 20, "waypoint_icao_code": null, "waypoint_identifier": null, "waypoint_latitude": null, "waypoint_longitude": null, "waypoint_description_code": null, "turn_direction": null, "rnp": null, "path_termination": "FC", "recommanded_navaid": null, "recommanded_navaid_latitude": null, "recommanded_navaid_longitude": null, "arc_radius": null, "theta": null, "rho": null, "magnetic_course": 17.0, "route_distance_holding_distance_time": 7.9, "distance_time": "D", "altitude_description": null, "altitude1": null, "altitude2": null, "transition_altitude": null, "speed_limit_description": null, "speed_limit": null, "vertical_angle": null, "center_waypoint": null, "center_waypoint_latitude": null, "center_waypoint_longitude": null, "aircraft_category": null}, "geometry": {"type": "MultiPoint", "coordinates": []}}, {"type": "Feature", "properties": {"fid": 1605, "area_code": "PAC", "airport_identifier": "VYMD", "procedure_identifier": "Q17", "route_type": "A", "transition_identifier": "MIA1", "seqno": 30, "waypoint_icao_code": "VY", "waypoint_identifier": "FQ17", "waypoint_latitude": 21.81568056, "waypoint_longitude": 95.95280278, "waypoint_description_code": "E", "turn_direction": "L", "rnp": null, "path_termination": "CF", "recommanded_navaid": null, "recommanded_navaid_latitude": null, "recommanded_navaid_longitude": null, "arc_radius": null, "theta": null, "rho": null, "magnetic_course": 167.0, "route_distance_holding_distance_time": 1.0, "distance_time": "D", "altitude_description": "+", "altitude1": 2200.0, "altitude2": null, "transition_altitude": null, "speed_limit_description": null, "speed_limit": null, "vertical_angle": null, "center_waypoint": null, "center_waypoint_latitude": null, "center_waypoint_longitude": null, "aircraft_category": null}, "geometry": {"type": "MultiPoint", "coordinates": [[95.95280278, 21.81568056]]}}, {"type": "Feature", "properties": {"fid": 1607, "area_code": "PAC", "airport_identifier": "VYMD", "procedure_identifier": "Q17", "route_type": "A", "transition_identifier": "MIA2", "seqno": 10, "waypoint_icao_code": "VY", "waypoint_identifier": "MIA", "waypoint_latitude": 21.68814722, "waypoint_longitude": 95.98685833, "waypoint_description_code": "E  A", "turn_direction": null, "rnp": null, "path_termination": "IF", "recommanded_navaid": null, "recommanded_navaid_latitude": null, "recommanded_navaid_longitude": null, "arc_radius": null, "theta": null, "rho": null, "magnetic_course": null, "route_distance_holding_distance_time": null, "distance_time": null, "altitude_description": "+", "altitude1": 3000.0, "altitude2": null, "transition_altitude": null, "speed_limit_description": null, "speed_limit": null, "vertical_angle": null, "center_waypoint": null, "center_waypoint_latitude": null, "center_waypoint_longitude": null, "aircraft_category": null}, "geometry": {"type": "MultiPoint", "coordinates": [[95.98685833, 21.68814722]]}}, {"type": "Feature", "properties": {"fid": 1608, "area_code": "PAC", "airport_identifier": "VYMD", "procedure_identifier": "Q17", "route_type": "A", "transition_identifier": "MIA2", "seqno": 20, "waypoint_icao_code": null, "waypoint_identifier": null, "waypoint_latitude": null, "waypoint_longitude": null, "waypoint_description_code": null, "turn_direction": null, "rnp": null, "path_termination": "FC", "recommanded_navaid": null, "recommanded_navaid_latitude": null, "recommanded_navaid_longitude": null, "arc_radius": null, "theta": null, "rho": null, "magnetic_course": 2.0, "route_distance_holding_distance_time": 7.9, "distance_time": "D", "altitude_description": null, "altitude1": null, "altitude2": null, "transition_altitude": null, "speed_limit_description": null, "speed_limit": null, "vertical_angle": null, "center_waypoint": null, "center_waypoint_latitude": null, "center_waypoint_longitude": null, "aircraft_category": null}, "geometry": {"type": "MultiPoint", "coordinates": []}}, {"type": "Feature", "properties": {"fid": 1609, "area_code": "PAC", "airport_identifier": "VYMD", "procedure_identifier": "Q17", "route_type": "A", "transition_identifier": "MIA2", "seqno": 30, "waypoint_icao_code": "VY", "waypoint_identifier": "FQ17", "waypoint_latitude": 21.81568056, "waypoint_longitude": 95.95280278, "waypoint_description_code": "E", "turn_direction": "L", "rnp": null, "path_termination": "CF", "recommanded_navaid": null, "recommanded_navaid_latitude": null, "recommanded_navaid_longitude": null, "arc_radius": null, "theta": null, "rho": null, "magnetic_course": 167.0, "route_distance_holding_distance_time": 1.0, "distance_time": "D", "altitude_description": "+", "altitude1": 2200.0, "altitude2": null, "transition_altitude": null, "speed_limit_description": null, "speed_limit": null, "vertical_angle": null, "center_waypoint": null, "center_waypoint_latitude": null, "center_waypoint_longitude": null, "aircraft_category": null}, "geometry": {"type": "MultiPoint", "coordinates": [[95.95280278, 21.81568056]]}}, {"type": "Feature", "properties": {"fid": 1611, "area_code": "PAC", "airport_identifier": "VYMD", "procedure_identifier": "Q17", "route_type": "Q", "transition_identifier": null, "seqno": 20, "waypoint_icao_code": "VY", "waypoint_identifier": "FQ17", "waypoint_latitude": 21.81568056, "waypoint_longitude": 95.95280278, "waypoint_description_code": "E  F", "turn_direction": null, "rnp": null, "path_termination": "IF", "recommanded_navaid": null, "recommanded_navaid_latitude": null, "recommanded_navaid_longitude": null, "arc_radius": null, "theta": null, "rho": null, "magnetic_course": null, "route_distance_holding_distance_time": null, "distance_time": null, "altitude_description": "+", "altitude1": 2200.0, "altitude2": null, "transition_altitude": null, "speed_limit_description": null, "speed_limit": null, "vertical_angle": null, "center_waypoint": null, "center_waypoint_latitude": null, "center_waypoint_longitude": null, "aircraft_category": null}, "geometry": {"type": "MultiPoint", "coordinates": [[95.95280278, 21.81568056]]}}, {"type": "Feature", "properties": {"fid": 1612, "area_code": "PAC", "airport_identifier": "VYMD", "procedure_identifier": "Q17", "route_type": "Q", "transition_identifier": null, "seqno": 30, "waypoint_icao_code": "VY", "waypoint_identifier": "MQ17", "waypoint_latitude": 21.73856667, "waypoint_longitude": 95.97340278, "waypoint_description_code": "E  M", "turn_direction": null, "rnp": null, "path_termination": "CF", "recommanded_navaid": null, "recommanded_navaid_latitude": null, "recommanded_navaid_longitude": null, "arc_radius": null, "theta": null, "rho": null, "magnetic_course": 167.0, "route_distance_holding_distance_time": 4.8, "distance_time": "D", "altitude_description": "@", "altitude1": 687.0, "altitude2": null, "transition_altitude": null, "speed_limit_description": null, "speed_limit": null, "vertical_angle": -3.0, "center_waypoint": null, "center_waypoint_latitude": null, "center_waypoint_longitude": null, "aircraft_category": null}, "geometry": {"type": "MultiPoint", "coordinates": [[95.97340278, 21.73856667]]}}, {"type": "Feature", "properties": {"fid": 1614, "area_code": "PAC", "airport_identifier": "VYMD", "procedure_identifier": "Q17", "route_type": "Q", "transition_identifier": null, "seqno": 40, "waypoint_icao_code": null, "waypoint_identifier": null, "waypoint_latitude": null, "waypoint_longitude": null, "waypoint_description_code": null, "turn_direction": null, "rnp": null, "path_termination": "VA", "recommanded_navaid": null, "recommanded_navaid_latitude": null, "recommanded_navaid_longitude": null, "arc_radius": null, "theta": null, "rho": null, "magnetic_course": 167.0, "route_distance_holding_distance_time": null, "distance_time": null, "altitude_description": "+", "altitude1": 2000.0, "altitude2": null, "transition_altitude": null, "speed_limit_description": null, "speed_limit": null, "vertical_angle": null, "center_waypoint": null, "center_waypoint_latitude": null, "center_waypoint_longitude": null, "aircraft_category": null}, "geometry": {"type": "MultiPoint", "coordinates": []}}, {"type": "Feature", "properties": {"fid": 1615, "area_code": "PAC", "airport_identifier": "VYMD", "procedure_identifier": "Q17", "route_type": "Q", "transition_identifier": null, "seqno": 50, "waypoint_icao_code": "VY", "waypoint_identifier": "MIA", "waypoint_latitude": 21.68814722, "waypoint_longitude": 95.98685833, "waypoint_description_code": "E", "turn_direction": "R", "rnp": null, "path_termination": "DF", "recommanded_navaid": null, "recommanded_navaid_latitude": null, "recommanded_navaid_longitude": null, "arc_radius": null, "theta": null, "rho": null, "magnetic_course": null, "route_distance_holding_distance_time": null, "distance_time": null, "altitude_description": "@", "altitude1": 3000.0, "altitude2": null, "transition_altitude": null, "speed_limit_description": null, "speed_limit": null, "vertical_angle": null, "center_waypoint": null, "center_waypoint_latitude": null, "center_waypoint_longitude": null, "aircraft_category": null}, "geometry": {"type": "MultiPoint", "coordinates": [[95.98685833, 21.68814722]]}}, {"type": "Feature", "properties": {"fid": 1616, "area_code": "PAC", "airport_identifier": "VYMD", "procedure_identifier": "Q17", "route_type": "Q", "transition_identifier": null, "seqno": 60, "waypoint_icao_code": "VY", "waypoint_identifier": "MIA", "waypoint_latitude": 21.68814722, "waypoint_longitude": 95.98685833, "waypoint_description_code": "E  H", "turn_direction": "R", "rnp": null, "path_termination": "HM", "recommanded_navaid": null, "recommanded_navaid_latitude": null, "recommanded_navaid_longitude": null, "arc_radius": null, "theta": null, "rho": null, "magnetic_course": 17.0, "route_distance_holding_distance_time": 1.0, "distance_time": "T", "altitude_description": "+", "altitude1": 3000.0, "altitude2": null, "transition_altitude": null, "speed_limit_description": null, "speed_limit": null, "vertical_angle": null, "center_waypoint": null, "center_waypoint_latitude": null, "center_waypoint_longitude": null, "aircraft_category": null}, "geometry": {"type": "MultiPoint", "coordinates": [[95.98685833, 21.68814722]]}}, {"type": "Feature", "properties": {"fid": 1618, "area_code": "PAC", "airport_identifier": "VYPN", "procedure_identifier": "D06", "route_type": "A", "transition_identifier": "PTN1", "seqno": 10, "waypoint_icao_code": "VY", "waypoint_identifier": "PTN", "waypoint_latitude": 16.80868889, "waypoint_longitude": 94.76955, "waypoint_description_code": "E  A", "turn_direction": null, "rnp": null, "path_termination": "IF", "recommanded_navaid": null, "recommanded_navaid_latitude": null, "recommanded_navaid_longitude": null, "arc_radius": null, "theta": null, "rho": null, "magnetic_course": null, "route_distance_holding_distance_time": null, "distance_time": null, "altitude_description": "+", "altitude1": 3000.0, "altitude2": null, "transition_altitude": null, "speed_limit_description": null, "speed_limit": null, "vertical_angle": null, "center_waypoint": null, "center_waypoint_latitude": null, "center_waypoint_longitude": null, "aircraft_category": null}, "geometry": {"type": "MultiPoint", "coordinates": [[94.76955, 16.80868889]]}}, {"type": "Feature", "properties": {"fid": 1619, "area_code": "PAC", "airport_identifier": "VYPN", "procedure_identifier": "D06", "route_type": "A", "transition_identifier": "PTN1", "seqno": 20, "waypoint_icao_code": null, "waypoint_identifier": null, "waypoint_latitude": null, "waypoint_longitude": null, "waypoint_description_code": null, "turn_direction": null, "rnp": null, "path_termination": "FD", "recommanded_navaid": null, "recommanded_navaid_latitude": null, "recommanded_navaid_longitude": null, "arc_radius": null, "theta": null, "rho": null, "magnetic_course": 265.0, "route_distance_holding_distance_time": 6.0, "distance_time": "D", "altitude_description": "+", "altitude1": 1750.0, "altitude2": null, "transition_altitude": null, "speed_limit_description": null, "speed_limit": null, "vertical_angle": null, "center_waypoint": null, "center_waypoint_latitude": null, "center_waypoint_longitude": null, "aircraft_category": null}, "geometry": {"type": "MultiPoint", "coordinates": []}}, {"type": "Feature", "properties": {"fid": 1620, "area_code": "PAC", "airport_identifier": "VYPN", "procedure_identifier": "D06", "route_type": "A", "transition_identifier": "PTN1", "seqno": 30, "waypoint_icao_code": "VY", "waypoint_identifier": "FD06", "waypoint_latitude": 16.74965, "waypoint_longitude": 94.68523611, "waypoint_description_code": "E", "turn_direction": "L", "rnp": null, "path_termination": "CF", "recommanded_navaid": null, "recommanded_navaid_latitude": null, "recommanded_navaid_longitude": null, "arc_radius": null, "theta": null, "rho": null, "magnetic_course": 55.0, "route_distance_holding_distance_time": 1.0, "distance_time": "D", "altitude_description": "+", "altitude1": 1750.0, "altitude2": null, "transition_altitude": null, "speed_limit_description": null, "speed_limit": null, "vertical_angle": null, "center_waypoint": null, "center_waypoint_latitude": null, "center_waypoint_longitude": null, "aircraft_category": null}, "geometry": {"type": "MultiPoint", "coordinates": [[94.68523611, 16.74965]]}}, {"type": "Feature", "properties": {"fid": 1622, "area_code": "PAC", "airport_identifier": "VYPN", "procedure_identifier": "D06", "route_type": "A", "transition_identifier": "PTN2", "seqno": 10, "waypoint_icao_code": "VY", "waypoint_identifier": "PTN", "waypoint_latitude": 16.80868889, "waypoint_longitude": 94.76955, "waypoint_description_code": "E  A", "turn_direction": null, "rnp": null, "path_termination": "IF", "recommanded_navaid": null, "recommanded_navaid_latitude": null, "recommanded_navaid_longitude": null, "arc_radius": null, "theta": null, "rho": null, "magnetic_course": null, "route_distance_holding_distance_time": null, "distance_time": null, "altitude_description": "+", "altitude1": 3000.0, "altitude2": null, "transition_altitude": null, "speed_limit_description": null, "speed_limit": null, "vertical_angle": null, "center_waypoint": null, "center_waypoint_latitude": null, "center_waypoint_longitude": null, "aircraft_category": null}, "geometry": {"type": "MultiPoint", "coordinates": [[94.76955, 16.80868889]]}}, {"type": "Feature", "properties": {"fid": 1623, "area_code": "PAC", "airport_identifier": "VYPN", "procedure_identifier": "D06", "route_type": "A", "transition_identifier": "PTN2", "seqno": 20, "waypoint_icao_code": null, "waypoint_identifier": null, "waypoint_latitude": null, "waypoint_longitude": null, "waypoint_description_code": null, "turn_direction": null, "rnp": null, "path_termination": "FD", "recommanded_navaid": null, "recommanded_navaid_latitude": null, "recommanded_navaid_longitude": null, "arc_radius": null, "theta": null, "rho": null, "magnetic_course": 250.0, "route_distance_holding_distance_time": 6.0, "distance_time": "D", "altitude_description": "+", "altitude1": 1750.0, "altitude2": null, "transition_altitude": null, "speed_limit_description": null, "speed_limit": null, "vertical_angle": null, "center_waypoint": null, "center_waypoint_latitude": null, "center_waypoint_longitude": null, "aircraft_category": null}, "geometry": {"type": "MultiPoint", "coordinates": []}}, {"type": "Feature", "properties": {"fid": 1624, "area_code": "PAC", "airport_identifier": "VYPN", "procedure_identifier": "D06", "route_type": "A", "transition_identifier": "PTN2", "seqno": 30, "waypoint_icao_code": "VY", "waypoint_identifier": "FD06", "waypoint_latitude": 16.74965, "waypoint_longitude": 94.68523611, "waypoint_description_code": "E", "turn_direction": "L", "rnp": null, "path_termination": "CF", "recommanded_navaid": null, "recommanded_navaid_latitude": null, "recommanded_navaid_longitude": null, "arc_radius": null, "theta": null, "rho": null, "magnetic_course": 55.0, "route_distance_holding_distance_time": 1.0, "distance_time": "D", "altitude_description": "+", "altitude1": 1750.0, "altitude2": null, "transition_altitude": null, "speed_limit_description": null, "speed_limit": null, "vertical_angle": null, "center_waypoint": null, "center_waypoint_latitude": null, "center_waypoint_longitude": null, "aircraft_category": null}, "geometry": {"type": "MultiPoint", "coordinates": [[94.68523611, 16.74965]]}}, {"type": "Feature", "properties": {"fid": 1626, "area_code": "PAC", "airport_identifier": "VYPN", "procedure_identifier": "D06", "route_type": "D", "transition_identifier": null, "seqno": 20, "waypoint_icao_code": "VY", "waypoint_identifier": "FD06", "waypoint_latitude": 16.74965, "waypoint_longitude": 94.68523611, "waypoint_description_code": "E  F", "turn_direction": null, "rnp": null, "path_termination": "IF", "recommanded_navaid": null, "recommanded_navaid_latitude": null, "recommanded_navaid_longitude": null, "arc_radius": null, "theta": null, "rho": null, "magnetic_course": null, "route_distance_holding_distance_time": null, "distance_time": null, "altitude_description": "+", "altitude1": 1750.0, "altitude2": null, "transition_altitude": null, "speed_limit_description": null, "speed_limit": null, "vertical_angle": null, "center_waypoint": null, "center_waypoint_latitude": null, "center_waypoint_longitude": null, "aircraft_category": null}, "geometry": {"type": "MultiPoint", "coordinates": [[94.68523611, 16.74965]]}}, {"type": "Feature", "properties": {"fid": 1627, "area_code": "PAC", "airport_identifier": "VYPN", "procedure_identifier": "D06", "route_type": "D", "transition_identifier": null, "seqno": 30, "waypoint_icao_code": "VY", "waypoint_identifier": "MD06", "waypoint_latitude": 16.78999722, "waypoint_longitude": 94.74284444, "waypoint_description_code": "E  M", "turn_direction": null, "rnp": null, "path_termination": "CF", "recommanded_navaid": null, "recommanded_navaid_latitude": null, "recommanded_navaid_longitude": null, "arc_radius": null, "theta": null, "rho": null, "magnetic_course": 55.0, "route_distance_holding_distance_time": 4.1, "distance_time": "D", "altitude_description": "@", "altitude1": 532.0, "altitude2": null, "transition_altitude": null, "speed_limit_description": null, "speed_limit": null, "vertical_angle": -3.0, "center_waypoint": null, "center_waypoint_latitude": null, "center_waypoint_longitude": null, "aircraft_category": null}, "geometry": {"type": "MultiPoint", "coordinates": [[94.74284444, 16.78999722]]}}, {"type": "Feature", "properties": {"fid": 1629, "area_code": "PAC", "airport_identifier": "VYPN", "procedure_identifier": "D06", "route_type": "D", "transition_identifier": null, "seqno": 40, "waypoint_icao_code": null, "waypoint_identifier": null, "waypoint_latitude": null, "waypoint_longitude": null, "waypoint_description_code": null, "turn_direction": null, "rnp": null, "path_termination": "VA", "recommanded_navaid": null, "recommanded_navaid_latitude": null, "recommanded_navaid_longitude": null, "arc_radius": null, "theta": null, "rho": null, "magnetic_course": 60.0, "route_distance_holding_distance_time": null, "distance_time": null, "altitude_description": "+", "altitude1": 3000.0, "altitude2": null, "transition_altitude": null, "speed_limit_description": null, "speed_limit": null, "vertical_angle": null, "center_waypoint": null, "center_waypoint_latitude": null, "center_waypoint_longitude": null, "aircraft_category": null}, "geometry": {"type": "MultiPoint", "coordinates": []}}, {"type": "Feature", "properties": {"fid": 1630, "area_code": "PAC", "airport_identifier": "VYPN", "procedure_identifier": "D06", "route_type": "D", "transition_identifier": null, "seqno": 50, "waypoint_icao_code": "VY", "waypoint_identifier": "PTN", "waypoint_latitude": 16.80868889, "waypoint_longitude": 94.76955, "waypoint_description_code": "E", "turn_direction": "R", "rnp": null, "path_termination": "DF", "recommanded_navaid": null, "recommanded_navaid_latitude": null, "recommanded_navaid_longitude": null, "arc_radius": null, "theta": null, "rho": null, "magnetic_course": null, "route_distance_holding_distance_time": null, "distance_time": null, "altitude_description": "+", "altitude1": 3000.0, "altitude2": null, "transition_altitude": null, "speed_limit_description": null, "speed_limit": null, "vertical_angle": null, "center_waypoint": null, "center_waypoint_latitude": null, "center_waypoint_longitude": null, "aircraft_category": null}, "geometry": {"type": "MultiPoint", "coordinates": [[94.76955, 16.80868889]]}}, {"type": "Feature", "properties": {"fid": 1631, "area_code": "PAC", "airport_identifier": "VYPN", "procedure_identifier": "D06", "route_type": "D", "transition_identifier": null, "seqno": 60, "waypoint_icao_code": "VY", "waypoint_identifier": "PTN", "waypoint_latitude": 16.80868889, "waypoint_longitude": 94.76955, "waypoint_description_code": "E  H", "turn_direction": "R", "rnp": null, "path_termination": "HM", "recommanded_navaid": null, "recommanded_navaid_latitude": null, "recommanded_navaid_longitude": null, "arc_radius": null, "theta": null, "rho": null, "magnetic_course": 265.0, "route_distance_holding_distance_time": 1.0, "distance_time": "T", "altitude_description": "+", "altitude1": 3000.0, "altitude2": null, "transition_altitude": null, "speed_limit_description": null, "speed_limit": null, "vertical_angle": null, "center_waypoint": null, "center_waypoint_latitude": null, "center_waypoint_longitude": null, "aircraft_category": null}, "geometry": {"type": "MultiPoint", "coordinates": [[94.76955, 16.80868889]]}}, {"type": "Feature", "properties": {"fid": 1633, "area_code": "PAC", "airport_identifier": "VYKP", "procedure_identifier": "N18", "route_type": "N", "transition_identifier": null, "seqno": 20, "waypoint_icao_code": "VY", "waypoint_identifier": "FN18", "waypoint_latitude": 19.51668889, "waypoint_longitude": 93.52693889, "waypoint_description_code": "E  F", "turn_direction": null, "rnp": null, "path_termination": "IF", "recommanded_navaid": null, "recommanded_navaid_latitude": null, "recommanded_navaid_longitude": null, "arc_radius": null, "theta": null, "rho": null, "magnetic_course": null, "route_distance_holding_distance_time": null, "distance_time": null, "altitude_description": "+", "altitude1": 1660.0, "altitude2": null, "transition_altitude": null, "speed_limit_description": null, "speed_limit": null, "vertical_angle": null, "center_waypoint": null, "center_waypoint_latitude": null, "center_waypoint_longitude": null, "aircraft_category": null}, "geometry": {"type": "MultiPoint", "coordinates": [[93.52693889, 19.51668889]]}}, {"type": "Feature", "properties": {"fid": 1634, "area_code": "PAC", "airport_identifier": "VYKP", "procedure_identifier": "N18", "route_type": "N", "transition_identifier": null, "seqno": 30, "waypoint_icao_code": "VY", "waypoint_identifier": "RW18", "waypoint_latitude": 19.43289722, "waypoint_longitude": 93.53467778, "waypoint_description_code": "G  M", "turn_direction": null, "rnp": null, "path_termination": "CF", "recommanded_navaid": null, "recommanded_navaid_latitude": null, "recommanded_navaid_longitude": null, "arc_radius": null, "theta": null, "rho": null, "magnetic_course": 175.0, "route_distance_holding_distance_time": 5.1, "distance_time": "D", "altitude_description": "@", "altitude1": 59.0, "altitude2": null, "transition_altitude": null, "speed_limit_description": null, "speed_limit": null, "vertical_angle": -3.0, "center_waypoint": null, "center_waypoint_latitude": null, "center_waypoint_longitude": null, "aircraft_category": null}, "geometry": {"type": "MultiPoint", "coordinates": [[93.53467778, 19.43289722]]}}, {"type": "Feature", "properties": {"fid": 1636, "area_code": "PAC", "airport_identifier": "VYKP", "procedure_identifier": "N18", "route_type": "N", "transition_identifier": null, "seqno": 40, "waypoint_icao_code": "VY", "waypoint_identifier": "KP", "waypoint_latitude": 19.42919444, "waypoint_longitude": 93.53663889, "waypoint_description_code": "E", "turn_direction": null, "rnp": null, "path_termination": "TF", "recommanded_navaid": null, "recommanded_navaid_latitude": null, "recommanded_navaid_longitude": null, "arc_radius": null, "theta": null, "rho": null, "magnetic_course": null, "route_distance_holding_distance_time": null, "distance_time": null, "altitude_description": "+", "altitude1": 520.0, "altitude2": null, "transition_altitude": null, "speed_limit_description": null, "speed_limit": null, "vertical_angle": null, "center_waypoint": null, "center_waypoint_latitude": null, "center_waypoint_longitude": null, "aircraft_category": null}, "geometry": {"type": "MultiPoint", "coordinates": [[93.53663889, 19.42919444]]}}, {"type": "Feature", "properties": {"fid": 1637, "area_code": "PAC", "airport_identifier": "VYKP", "procedure_identifier": "N18", "route_type": "N", "transition_identifier": null, "seqno": 50, "waypoint_icao_code": null, "waypoint_identifier": null, "waypoint_latitude": null, "waypoint_longitude": null, "waypoint_description_code": null, "turn_direction": null, "rnp": null, "path_termination": "VA", "recommanded_navaid": null, "recommanded_navaid_latitude": null, "recommanded_navaid_longitude": null, "arc_radius": null, "theta": null, "rho": null, "magnetic_course": 180.0, "route_distance_holding_distance_time": null, "distance_time": null, "altitude_description": "+", "altitude1": 2000.0, "altitude2": null, "transition_altitude": null, "speed_limit_description": null, "speed_limit": null, "vertical_angle": null, "center_waypoint": null, "center_waypoint_latitude": null, "center_waypoint_longitude": null, "aircraft_category": null}, "geometry": {"type": "MultiPoint", "coordinates": []}}, {"type": "Feature", "properties": {"fid": 1638, "area_code": "PAC", "airport_identifier": "VYKP", "procedure_identifier": "N18", "route_type": "N", "transition_identifier": null, "seqno": 60, "waypoint_icao_code": "VY", "waypoint_identifier": "KP", "waypoint_latitude": 19.42919444, "waypoint_longitude": 93.53663889, "waypoint_description_code": "E", "turn_direction": "R", "rnp": null, "path_termination": "DF", "recommanded_navaid": null, "recommanded_navaid_latitude": null, "recommanded_navaid_longitude": null, "arc_radius": null, "theta": null, "rho": null, "magnetic_course": null, "route_distance_holding_distance_time": null, "distance_time": null, "altitude_description": "@", "altitude1": 3000.0, "altitude2": null, "transition_altitude": null, "speed_limit_description": null, "speed_limit": null, "vertical_angle": null, "center_waypoint": null, "center_waypoint_latitude": null, "center_waypoint_longitude": null, "aircraft_category": null}, "geometry": {"type": "MultiPoint", "coordinates": [[93.53663889, 19.42919444]]}}, {"type": "Feature", "properties": {"fid": 1639, "area_code": "PAC", "airport_identifier": "VYKP", "procedure_identifier": "N18", "route_type": "N", "transition_identifier": null, "seqno": 70, "waypoint_icao_code": "VY", "waypoint_identifier": "KP", "waypoint_latitude": 19.42919444, "waypoint_longitude": 93.53663889, "waypoint_description_code": "E  H", "turn_direction": "R", "rnp": null, "path_termination": "HM", "recommanded_navaid": null, "recommanded_navaid_latitude": null, "recommanded_navaid_longitude": null, "arc_radius": null, "theta": null, "rho": null, "magnetic_course": 20.0, "route_distance_holding_distance_time": 1.0, "distance_time": "T", "altitude_description": null, "altitude1": null, "altitude2": null, "transition_altitude": null, "speed_limit_description": null, "speed_limit": null, "vertical_angle": null, "center_waypoint": null, "center_waypoint_latitude": null, "center_waypoint_longitude": null, "aircraft_category": null}, "geometry": {"type": "MultiPoint", "coordinates": [[93.53663889, 19.42919444]]}}, {"type": "Feature", "properties": {"fid": 1641, "area_code": "PAC", "airport_identifier": "VYMK", "procedure_identifier": "D04", "route_type": "A", "transition_identifier": "D186Y", "seqno": 10, "waypoint_icao_code": "VY", "waypoint_identifier": "D186Y", "waypoint_latitude": 24.97126667, "waypoint_longitude": 97.31845278, "waypoint_description_code": "E  A", "turn_direction": null, "rnp": null, "path_termination": "IF", "recommanded_navaid": null, "recommanded_navaid_latitude": null, "recommanded_navaid_longitude": null, "arc_radius": null, "theta": null, "rho": null, "magnetic_course": null, "route_distance_holding_distance_time": null, "distance_time": null, "altitude_description": "+", "altitude1": 11000.0, "altitude2": null, "transition_altitude": null, "speed_limit_description": null, "speed_limit": null, "vertical_angle": null, "center_waypoint": null, "center_waypoint_latitude": null, "center_waypoint_longitude": null, "aircraft_category": null}, "geometry": {"type": "MultiPoint", "coordinates": [[97.31845278, 24.97126667]]}}, {"type": "Feature", "properties": {"fid": 1642, "area_code": "PAC", "airport_identifier": "VYMK", "procedure_identifier": "D04", "route_type": "A", "transition_identifier": "D186Y", "seqno": 20, "waypoint_icao_code": "VY", "waypoint_identifier": "D220Y", "waypoint_latitude": 25.06254722, "waypoint_longitude": 97.06963611, "waypoint_description_code": "E", "turn_direction": "R", "rnp": null, "path_termination": "AF", "recommanded_navaid": null, "recommanded_navaid_latitude": null, "recommanded_navaid_longitude": null, "arc_radius": null, "theta": null, "rho": null, "magnetic_course": 186.0, "route_distance_holding_distance_time": null, "distance_time": null, "altitude_description": "+", "altitude1": 7100.0, "altitude2": null, "transition_altitude": null, "speed_limit_description": null, "speed_limit": null, "vertical_angle": null, "center_waypoint": "MKN", "center_waypoint_latitude": 25.38765, "center_waypoint_longitude": 97.35841944, "aircraft_category": null}, "geometry": {"type": "MultiPoint", "coordinates": [[97.06963611, 25.06254722]]}}, {"type": "Feature", "properties": {"fid": 1643, "area_code": "PAC", "airport_identifier": "VYMK", "procedure_identifier": "D04", "route_type": "A", "transition_identifier": "D186Y", "seqno": 30, "waypoint_icao_code": "VY", "waypoint_identifier": "CD04", "waypoint_latitude": 25.23817222, "waypoint_longitude": 97.22538889, "waypoint_description_code": "E", "turn_direction": null, "rnp": null, "path_termination": "CF", "recommanded_navaid": null, "recommanded_navaid_latitude": null, "recommanded_navaid_longitude": null, "arc_radius": null, "theta": null, "rho": null, "magnetic_course": 40.0, "route_distance_holding_distance_time": 13.5, "distance_time": "D", "altitude_description": "+", "altitude1": 3000.0, "altitude2": null, "transition_altitude": null, "speed_limit_description": null, "speed_limit": null, "vertical_angle": null, "center_waypoint": null, "center_waypoint_latitude": null, "center_waypoint_longitude": null, "aircraft_category": null}, "geometry": {"type": "MultiPoint", "coordinates": [[97.22538889, 25.23817222]]}}, {"type": "Feature", "properties": {"fid": 1645, "area_code": "PAC", "airport_identifier": "VYMK", "procedure_identifier": "D04", "route_type": "A", "transition_identifier": "D200Y", "seqno": 10, "waypoint_icao_code": "VY", "waypoint_identifier": "D200Y", "waypoint_latitude": 24.99237778, "waypoint_longitude": 97.20910833, "waypoint_description_code": "E  A", "turn_direction": null, "rnp": null, "path_termination": "IF", "recommanded_navaid": null, "recommanded_navaid_latitude": null, "recommanded_navaid_longitude": null, "arc_radius": null, "theta": null, "rho": null, "magnetic_course": null, "route_distance_holding_distance_time": null, "distance_time": null, "altitude_description": "+", "altitude1": 12000.0, "altitude2": null, "transition_altitude": null, "speed_limit_description": null, "speed_limit": null, "vertical_angle": null, "center_waypoint": null, "center_waypoint_latitude": null, "center_waypoint_longitude": null, "aircraft_category": null}, "geometry": {"type": "MultiPoint", "coordinates": [[97.20910833, 24.99237778]]}}, {"type": "Feature", "properties": {"fid": 1646, "area_code": "PAC", "airport_identifier": "VYMK", "procedure_identifier": "D04", "route_type": "A", "transition_identifier": "D200Y", "seqno": 20, "waypoint_icao_code": "VY", "waypoint_identifier": "D220Y", "waypoint_latitude": 25.06254722, "waypoint_longitude": 97.06963611, "waypoint_description_code": "E", "turn_direction": "R", "rnp": null, "path_termination": "AF", "recommanded_navaid": null, "recommanded_navaid_latitude": null, "recommanded_navaid_longitude": null, "arc_radius": null, "theta": null, "rho": null, "magnetic_course": 200.0, "route_distance_holding_distance_time": null, "distance_time": null, "altitude_description": "+", "altitude1": 7100.0, "altitude2": null, "transition_altitude": null, "speed_limit_description": null, "speed_limit": null, "vertical_angle": null, "center_waypoint": "MKN", "center_waypoint_latitude": 25.38765, "center_waypoint_longitude": 97.35841944, "aircraft_category": null}, "geometry": {"type": "MultiPoint", "coordinates": [[97.06963611, 25.06254722]]}}, {"type": "Feature", "properties": {"fid": 1647, "area_code": "PAC", "airport_identifier": "VYMK", "procedure_identifier": "D04", "route_type": "A", "transition_identifier": "D200Y", "seqno": 30, "waypoint_icao_code": "VY", "waypoint_identifier": "CD04", "waypoint_latitude": 25.23817222, "waypoint_longitude": 97.22538889, "waypoint_description_code": "E", "turn_direction": null, "rnp": null, "path_termination": "CF", "recommanded_navaid": null, "recommanded_navaid_latitude": null, "recommanded_navaid_longitude": null, "arc_radius": null, "theta": null, "rho": null, "magnetic_course": 40.0, "route_distance_holding_distance_time": 13.5, "distance_time": "D", "altitude_description": "+", "altitude1": 3000.0, "altitude2": null, "transition_altitude": null, "speed_limit_description": null, "speed_limit": null, "vertical_angle": null, "center_waypoint": null, "center_waypoint_latitude": null, "center_waypoint_longitude": null, "aircraft_category": null}, "geometry": {"type": "MultiPoint", "coordinates": [[97.22538889, 25.23817222]]}}, {"type": "Feature", "properties": {"fid": 1649, "area_code": "PAC", "airport_identifier": "VYMK", "procedure_identifier": "D04", "route_type": "A", "transition_identifier": "MKN1", "seqno": 10, "waypoint_icao_code": "VY", "waypoint_identifier": "MKN", "waypoint_latitude": 25.38765, "waypoint_longitude": 97.35841944, "waypoint_description_code": "E  A", "turn_direction": null, "rnp": null, "path_termination": "IF", "recommanded_navaid": null, "recommanded_navaid_latitude": null, "recommanded_navaid_longitude": null, "arc_radius": null, "theta": null, "rho": null, "magnetic_course": null, "route_distance_holding_distance_time": null, "distance_time": null, "altitude_description": "+", "altitude1": 6000.0, "altitude2": null, "transition_altitude": null, "speed_limit_description": null, "speed_limit": null, "vertical_angle": null, "center_waypoint": null, "center_waypoint_latitude": null, "center_waypoint_longitude": null, "aircraft_category": null}, "geometry": {"type": "MultiPoint", "coordinates": [[97.35841944, 25.38765]]}}, {"type": "Feature", "properties": {"fid": 1650, "area_code": "PAC", "airport_identifier": "VYMK", "procedure_identifier": "D04", "route_type": "A", "transition_identifier": "MKN1", "seqno": 20, "waypoint_icao_code": "VY", "waypoint_identifier": "D190L", "waypoint_latitude": 25.19775, "waypoint_longitude": 97.32536111, "waypoint_description_code": "E", "turn_direction": null, "rnp": null, "path_termination": "TF", "recommanded_navaid": null, "recommanded_navaid_latitude": null, "recommanded_navaid_longitude": null, "arc_radius": null, "theta": null, "rho": null, "magnetic_course": null, "route_distance_holding_distance_time": null, "distance_time": null, "altitude_description": "+", "altitude1": 3000.0, "altitude2": null, "transition_altitude": null, "speed_limit_description": null, "speed_limit": null, "vertical_angle": null, "center_waypoint": null, "center_waypoint_latitude": null, "center_waypoint_longitude": null, "aircraft_category": null}, "geometry": {"type": "MultiPoint", "coordinates": [[97.32536111, 25.19775]]}}, {"type": "Feature", "properties": {"fid": 1651, "area_code": "PAC", "airport_identifier": "VYMK", "procedure_identifier": "D04", "route_type": "A", "transition_identifier": "MKN1", "seqno": 30, "waypoint_icao_code": "VY", "waypoint_identifier": "CD04", "waypoint_latitude": 25.23817222, "waypoint_longitude": 97.22538889, "waypoint_description_code": "E", "turn_direction": "R", "rnp": null, "path_termination": "AF", "recommanded_navaid": null, "recommanded_navaid_latitude": null, "recommanded_navaid_longitude": null, "arc_radius": null, "theta": null, "rho": null, "magnetic_course": 190.0, "route_distance_holding_distance_time": null, "distance_time": null, "altitude_description": "+", "altitude1": 3000.0, "altitude2": null, "transition_altitude": null, "speed_limit_description": null, "speed_limit": null, "vertical_angle": null, "center_waypoint": "MKN", "center_waypoint_latitude": 25.38765, "center_waypoint_longitude": 97.35841944, "aircraft_category": null}, "geometry": {"type": "MultiPoint", "coordinates": [[97.22538889, 25.23817222]]}}, {"type": "Feature", "properties": {"fid": 1653, "area_code": "PAC", "airport_identifier": "VYMK", "procedure_identifier": "D04", "route_type": "A", "transition_identifier": "MKN2", "seqno": 10, "waypoint_icao_code": "VY", "waypoint_identifier": "MKN", "waypoint_latitude": 25.38765, "waypoint_longitude": 97.35841944, "waypoint_description_code": "E  A", "turn_direction": null, "rnp": null, "path_termination": "IF", "recommanded_navaid": null, "recommanded_navaid_latitude": null, "recommanded_navaid_longitude": null, "arc_radius": null, "theta": null, "rho": null, "magnetic_course": null, "route_distance_holding_distance_time": null, "distance_time": null, "altitude_description": "+", "altitude1": 6000.0, "altitude2": null, "transition_altitude": null, "speed_limit_description": null, "speed_limit": null, "vertical_angle": null, "center_waypoint": null, "center_waypoint_latitude": null, "center_waypoint_longitude": null, "aircraft_category": null}, "geometry": {"type": "MultiPoint", "coordinates": [[97.35841944, 25.38765]]}}, {"type": "Feature", "properties": {"fid": 1654, "area_code": "PAC", "airport_identifier": "VYMK", "procedure_identifier": "D04", "route_type": "A", "transition_identifier": "MKN2", "seqno": 20, "waypoint_icao_code": "VY", "waypoint_identifier": "D205L", "waypoint_latitude": 25.21198333, "waypoint_longitude": 97.27245833, "waypoint_description_code": "E", "turn_direction": null, "rnp": null, "path_termination": "TF", "recommanded_navaid": null, "recommanded_navaid_latitude": null, "recommanded_navaid_longitude": null, "arc_radius": null, "theta": null, "rho": null, "magnetic_course": null, "route_distance_holding_distance_time": null, "distance_time": null, "altitude_description": "+", "altitude1": 3000.0, "altitude2": null, "transition_altitude": null, "speed_limit_description": null, "speed_limit": null, "vertical_angle": null, "center_waypoint": null, "center_waypoint_latitude": null, "center_waypoint_longitude": null, "aircraft_category": null}, "geometry": {"type": "MultiPoint", "coordinates": [[97.27245833, 25.21198333]]}}, {"type": "Feature", "properties": {"fid": 1655, "area_code": "PAC", "airport_identifier": "VYMK", "procedure_identifier": "D04", "route_type": "A", "transition_identifier": "MKN2", "seqno": 30, "waypoint_icao_code": "VY", "waypoint_identifier": "CD04", "waypoint_latitude": 25.23817222, "waypoint_longitude": 97.22538889, "waypoint_description_code": "E", "turn_direction": "R", "rnp": null, "path_termination": "AF", "recommanded_navaid": null, "recommanded_navaid_latitude": null, "recommanded_navaid_longitude": null, "arc_radius": null, "theta": null, "rho": null, "magnetic_course": 205.0, "route_distance_holding_distance_time": null, "distance_time": null, "altitude_description": "+", "altitude1": 3000.0, "altitude2": null, "transition_altitude": null, "speed_limit_description": null, "speed_limit": null, "vertical_angle": null, "center_waypoint": "MKN", "center_waypoint_latitude": 25.38765, "center_waypoint_longitude": 97.35841944, "aircraft_category": null}, "geometry": {"type": "MultiPoint", "coordinates": [[97.22538889, 25.23817222]]}}, {"type": "Feature", "properties": {"fid": 1657, "area_code": "PAC", "airport_identifier": "VYMK", "procedure_identifier": "D04", "route_type": "D", "transition_identifier": null, "seqno": 10, "waypoint_icao_code": "VY", "waypoint_identifier": "CD04", "waypoint_latitude": 25.23817222, "waypoint_longitude": 97.22538889, "waypoint_description_code": "E  I", "turn_direction": null, "rnp": null, "path_termination": "IF", "recommanded_navaid": null, "recommanded_navaid_latitude": null, "recommanded_navaid_longitude": null, "arc_radius": null, "theta": null, "rho": null, "magnetic_course": null, "route_distance_holding_distance_time": null, "distance_time": null, "altitude_description": "+", "altitude1": 3000.0, "altitude2": null, "transition_altitude": null, "speed_limit_description": null, "speed_limit": null, "vertical_angle": null, "center_waypoint": null, "center_waypoint_latitude": null, "center_waypoint_longitude": null, "aircraft_category": null}, "geometry": {"type": "MultiPoint", "coordinates": [[97.22538889, 25.23817222]]}}, {"type": "Feature", "properties": {"fid": 1658, "area_code": "PAC", "airport_identifier": "VYMK", "procedure_identifier": "D04", "route_type": "D", "transition_identifier": null, "seqno": 20, "waypoint_icao_code": "VY", "waypoint_identifier": "FD04", "waypoint_latitude": 25.30707778, "waypoint_longitude": 97.28665833, "waypoint_description_code": "E  F", "turn_direction": null, "rnp": null, "path_termination": "CF", "recommanded_navaid": null, "recommanded_navaid_latitude": null, "recommanded_navaid_longitude": null, "arc_radius": null, "theta": null, "rho": null, "magnetic_course": 40.0, "route_distance_holding_distance_time": 5.3, "distance_time": "D", "altitude_description": "+", "altitude1": 2200.0, "altitude2": null, "transition_altitude": null, "speed_limit_description": null, "speed_limit": null, "vertical_angle": null, "center_waypoint": null, "center_waypoint_latitude": null, "center_waypoint_longitude": null, "aircraft_category": null}, "geometry": {"type": "MultiPoint", "coordinates": [[97.28665833, 25.30707778]]}}, {"type": "Feature", "properties": {"fid": 1659, "area_code": "PAC", "airport_identifier": "VYMK", "procedure_identifier": "D04", "route_type": "D", "transition_identifier": null, "seqno": 30, "waypoint_icao_code": "VY", "waypoint_identifier": "RW04", "waypoint_latitude": 25.376025, "waypoint_longitude": 97.34728333, "waypoint_description_code": "G  M", "turn_direction": null, "rnp": null, "path_termination": "CF", "recommanded_navaid": null, "recommanded_navaid_latitude": null, "recommanded_navaid_longitude": null, "arc_radius": null, "theta": null, "rho": null, "magnetic_course": 40.0, "route_distance_holding_distance_time": 5.3, "distance_time": "D", "altitude_description": "@", "altitude1": 522.0, "altitude2": null, "transition_altitude": null, "speed_limit_description": null, "speed_limit": null, "vertical_angle": -3.0, "center_waypoint": null, "center_waypoint_latitude": null, "center_waypoint_longitude": null, "aircraft_category": null}, "geometry": {"type": "MultiPoint", "coordinates": [[97.34728333, 25.376025]]}}, {"type": "Feature", "properties": {"fid": 1661, "area_code": "PAC", "airport_identifier": "VYMK", "procedure_identifier": "D04", "route_type": "D", "transition_identifier": null, "seqno": 40, "waypoint_icao_code": "VY", "waypoint_identifier": "MKN", "waypoint_latitude": 25.38765, "waypoint_longitude": 97.35841944, "waypoint_description_code": "EY", "turn_direction": null, "rnp": null, "path_termination": "CF", "recommanded_navaid": null, "recommanded_navaid_latitude": null, "recommanded_navaid_longitude": null, "arc_radius": null, "theta": null, "rho": null, "magnetic_course": 40.0, "route_distance_holding_distance_time": 0.9, "distance_time": "D", "altitude_description": null, "altitude1": null, "altitude2": null, "transition_altitude": null, "speed_limit_description": null, "speed_limit": null, "vertical_angle": null, "center_waypoint": null, "center_waypoint_latitude": null, "center_waypoint_longitude": null, "aircraft_category": null}, "geometry": {"type": "MultiPoint", "coordinates": [[97.35841944, 25.38765]]}}, {"type": "Feature", "properties": {"fid": 1662, "area_code": "PAC", "airport_identifier": "VYMK", "procedure_identifier": "D04", "route_type": "D", "transition_identifier": null, "seqno": 50, "waypoint_icao_code": "VY", "waypoint_identifier": "D040E", "waypoint_latitude": 25.4526, "waypoint_longitude": 97.41635833, "waypoint_description_code": "EY", "turn_direction": null, "rnp": null, "path_termination": "CF", "recommanded_navaid": null, "recommanded_navaid_latitude": null, "recommanded_navaid_longitude": null, "arc_radius": null, "theta": null, "rho": null, "magnetic_course": 40.0, "route_distance_holding_distance_time": 5.0, "distance_time": "D", "altitude_description": null, "altitude1": null, "altitude2": null, "transition_altitude": null, "speed_limit_description": null, "speed_limit": null, "vertical_angle": null, "center_waypoint": null, "center_waypoint_latitude": null, "center_waypoint_longitude": null, "aircraft_category": null}, "geometry": {"type": "MultiPoint", "coordinates": [[97.41635833, 25.4526]]}}, {"type": "Feature", "properties": {"fid": 1663, "area_code": "PAC", "airport_identifier": "VYMK", "procedure_identifier": "D04", "route_type": "D", "transition_identifier": null, "seqno": 60, "waypoint_icao_code": "VY", "waypoint_identifier": "MKN", "waypoint_latitude": 25.38765, "waypoint_longitude": 97.35841944, "waypoint_description_code": "E", "turn_direction": "L", "rnp": null, "path_termination": "DF", "recommanded_navaid": null, "recommanded_navaid_latitude": null, "recommanded_navaid_longitude": null, "arc_radius": null, "theta": null, "rho": null, "magnetic_course": null, "route_distance_holding_distance_time": null, "distance_time": null, "altitude_description": null, "altitude1": null, "altitude2": null, "transition_altitude": null, "speed_limit_description": "-", "speed_limit": 210.0, "vertical_angle": null, "center_waypoint": null, "center_waypoint_latitude": null, "center_waypoint_longitude": null, "aircraft_category": null}, "geometry": {"type": "MultiPoint", "coordinates": [[97.35841944, 25.38765]]}}, {"type": "Feature", "properties": {"fid": 1665, "area_code": "PAC", "airport_identifier": "VYMM", "procedure_identifier": "N22", "route_type": "N", "transition_identifier": null, "seqno": 20, "waypoint_icao_code": "VY", "waypoint_identifier": "FN22", "waypoint_latitude": 16.51596944, "waypoint_longitude": 97.71046667, "waypoint_description_code": "E  F", "turn_direction": null, "rnp": null, "path_termination": "IF", "recommanded_navaid": null, "recommanded_navaid_latitude": null, "recommanded_navaid_longitude": null, "arc_radius": null, "theta": null, "rho": null, "magnetic_course": null, "route_distance_holding_distance_time": null, "distance_time": null, "altitude_description": "+", "altitude1": 1690.0, "altitude2": null, "transition_altitude": null, "speed_limit_description": null, "speed_limit": null, "vertical_angle": null, "center_waypoint": null, "center_waypoint_latitude": null, "center_waypoint_longitude": null, "aircraft_category": null}, "geometry": {"type": "MultiPoint", "coordinates": [[97.71046667, 16.51596944]]}}, {"type": "Feature", "properties": {"fid": 1666, "area_code": "PAC", "airport_identifier": "VYMM", "procedure_identifier": "N22", "route_type": "N", "transition_identifier": null, "seqno": 30, "waypoint_icao_code": "VY", "waypoint_identifier": "RW22", "waypoint_latitude": 16.45078333, "waypoint_longitude": 97.66522778, "waypoint_description_code": "G  M", "turn_direction": null, "rnp": null, "path_termination": "CF", "recommanded_navaid": null, "recommanded_navaid_latitude": null, "recommanded_navaid_longitude": null, "arc_radius": null, "theta": null, "rho": null, "magnetic_course": 216.0, "route_distance_holding_distance_time": 4.7, "distance_time": "D", "altitude_description": "@", "altitude1": 92.0, "altitude2": null, "transition_altitude": null, "speed_limit_description": null, "speed_limit": null, "vertical_angle": -3.21, "center_waypoint": null, "center_waypoint_latitude": null, "center_waypoint_longitude": null, "aircraft_category": null}, "geometry": {"type": "MultiPoint", "coordinates": [[97.66522778, 16.45078333]]}}, {"type": "Feature", "properties": {"fid": 1668, "area_code": "PAC", "airport_identifier": "VYMM", "procedure_identifier": "N22", "route_type": "N", "transition_identifier": null, "seqno": 40, "waypoint_icao_code": "VY", "waypoint_identifier": "MM", "waypoint_latitude": 16.44331944, "waypoint_longitude": 97.65773056, "waypoint_description_code": "E", "turn_direction": null, "rnp": null, "path_termination": "TF", "recommanded_navaid": null, "recommanded_navaid_latitude": null, "recommanded_navaid_longitude": null, "arc_radius": null, "theta": null, "rho": null, "magnetic_course": null, "route_distance_holding_distance_time": null, "distance_time": null, "altitude_description": null, "altitude1": null, "altitude2": null, "transition_altitude": null, "speed_limit_description": null, "speed_limit": null, "vertical_angle": null, "center_waypoint": null, "center_waypoint_latitude": null, "center_waypoint_longitude": null, "aircraft_category": null}, "geometry": {"type": "MultiPoint", "coordinates": [[97.65773056, 16.44331944]]}}, {"type": "Feature", "properties": {"fid": 1669, "area_code": "PAC", "airport_identifier": "VYMM", "procedure_identifier": "N22", "route_type": "N", "transition_identifier": null, "seqno": 50, "waypoint_icao_code": null, "waypoint_identifier": null, "waypoint_latitude": null, "waypoint_longitude": null, "waypoint_description_code": null, "turn_direction": null, "rnp": null, "path_termination": "VA", "recommanded_navaid": null, "recommanded_navaid_latitude": null, "recommanded_navaid_longitude": null, "arc_radius": null, "theta": null, "rho": null, "magnetic_course": 230.0, "route_distance_holding_distance_time": null, "distance_time": null, "altitude_description": "+", "altitude1": 2000.0, "altitude2": null, "transition_altitude": null, "speed_limit_description": null, "speed_limit": null, "vertical_angle": null, "center_waypoint": null, "center_waypoint_latitude": null, "center_waypoint_longitude": null, "aircraft_category": null}, "geometry": {"type": "MultiPoint", "coordinates": []}}, {"type": "Feature", "properties": {"fid": 1670, "area_code": "PAC", "airport_identifier": "VYMM", "procedure_identifier": "N22", "route_type": "N", "transition_identifier": null, "seqno": 60, "waypoint_icao_code": "VY", "waypoint_identifier": "MM", "waypoint_latitude": 16.44331944, "waypoint_longitude": 97.65773056, "waypoint_description_code": "E", "turn_direction": "L", "rnp": null, "path_termination": "DF", "recommanded_navaid": null, "recommanded_navaid_latitude": null, "recommanded_navaid_longitude": null, "arc_radius": null, "theta": null, "rho": null, "magnetic_course": null, "route_distance_holding_distance_time": null, "distance_time": null, "altitude_description": "@", "altitude1": 3000.0, "altitude2": null, "transition_altitude": null, "speed_limit_description": null, "speed_limit": null, "vertical_angle": null, "center_waypoint": null, "center_waypoint_latitude": null, "center_waypoint_longitude": null, "aircraft_category": null}, "geometry": {"type": "MultiPoint", "coordinates": [[97.65773056, 16.44331944]]}}, {"type": "Feature", "properties": {"fid": 1671, "area_code": "PAC", "airport_identifier": "VYMM", "procedure_identifier": "N22", "route_type": "N", "transition_identifier": null, "seqno": 70, "waypoint_icao_code": "VY", "waypoint_identifier": "MM", "waypoint_latitude": 16.44331944, "waypoint_longitude": 97.65773056, "waypoint_description_code": "E  H", "turn_direction": "L", "rnp": null, "path_termination": "HM", "recommanded_navaid": null, "recommanded_navaid_latitude": null, "recommanded_navaid_longitude": null, "arc_radius": null, "theta": null, "rho": null, "magnetic_course": 6.0, "route_distance_holding_distance_time": 1.0, "distance_time": "T", "altitude_description": null, "altitude1": null, "altitude2": null, "transition_altitude": null, "speed_limit_description": null, "speed_limit": null, "vertical_angle": null, "center_waypoint": null, "center_waypoint_latitude": null, "center_waypoint_longitude": null, "aircraft_category": null}, "geometry": {"type": "MultiPoint", "coordinates": [[97.65773056, 16.44331944]]}}, {"type": "Feature", "properties": {"fid": 1673, "area_code": "PAC", "airport_identifier": "VYNT", "procedure_identifier": "I16", "route_type": "A", "transition_identifier": "NPT", "seqno": 10, "waypoint_icao_code": "VY", "waypoint_identifier": "NPT", "waypoint_latitude": 19.62655556, "waypoint_longitude": 96.19558333, "waypoint_description_code": "E  A", "turn_direction": null, "rnp": null, "path_termination": "IF", "recommanded_navaid": null, "recommanded_navaid_latitude": null, "recommanded_navaid_longitude": null, "arc_radius": null, "theta": null, "rho": null, "magnetic_course": null, "route_distance_holding_distance_time": null, "distance_time": null, "altitude_description": "+", "altitude1": 6000.0, "altitude2": null, "transition_altitude": null, "speed_limit_description": null, "speed_limit": null, "vertical_angle": null, "center_waypoint": null, "center_waypoint_latitude": null, "center_waypoint_longitude": null, "aircraft_category": null}, "geometry": {"type": "MultiPoint", "coordinates": [[96.19558333, 19.62655556]]}}, {"type": "Feature", "properties": {"fid": 1674, "area_code": "PAC", "airport_identifier": "VYNT", "procedure_identifier": "I16", "route_type": "A", "transition_identifier": "NPT", "seqno": 20, "waypoint_icao_code": null, "waypoint_identifier": null, "waypoint_latitude": null, "waypoint_longitude": null, "waypoint_description_code": null, "turn_direction": null, "rnp": null, "path_termination": "FD", "recommanded_navaid": null, "recommanded_navaid_latitude": null, "recommanded_navaid_longitude": null, "arc_radius": null, "theta": null, "rho": null, "magnetic_course": 5.0, "route_distance_holding_distance_time": 11.0, "distance_time": "D", "altitude_description": "+", "altitude1": 3790.0, "altitude2": null, "transition_altitude": null, "speed_limit_description": null, "speed_limit": null, "vertical_angle": null, "center_waypoint": null, "center_waypoint_latitude": null, "center_waypoint_longitude": null, "aircraft_category": null}, "geometry": {"type": "MultiPoint", "coordinates": []}}, {"type": "Feature", "properties": {"fid": 1675, "area_code": "PAC", "airport_identifier": "VYNT", "procedure_identifier": "I16", "route_type": "A", "transition_identifier": "NPT", "seqno": 30, "waypoint_icao_code": "VY", "waypoint_identifier": "CF16", "waypoint_latitude": 19.80558056, "waypoint_longitude": 96.12024444, "waypoint_description_code": "E", "turn_direction": "L", "rnp": null, "path_termination": "CF", "recommanded_navaid": null, "recommanded_navaid_latitude": null, "recommanded_navaid_longitude": null, "arc_radius": null, "theta": null, "rho": null, "magnetic_course": 158.0, "route_distance_holding_distance_time": 1.0, "distance_time": "D", "altitude_description": "+", "altitude1": 3790.0, "altitude2": null, "transition_altitude": null, "speed_limit_description": null, "speed_limit": null, "vertical_angle": null, "center_waypoint": null, "center_waypoint_latitude": null, "center_waypoint_longitude": null, "aircraft_category": null}, "geometry": {"type": "MultiPoint", "coordinates": [[96.12024444, 19.80558056]]}}, {"type": "Feature", "properties": {"fid": 1677, "area_code": "PAC", "airport_identifier": "VYNT", "procedure_identifier": "I16", "route_type": "I", "transition_identifier": null, "seqno": 10, "waypoint_icao_code": "VY", "waypoint_identifier": "CF16", "waypoint_latitude": 19.80558056, "waypoint_longitude": 96.12024444, "waypoint_description_code": "E  I", "turn_direction": null, "rnp": null, "path_termination": "IF", "recommanded_navaid": null, "recommanded_navaid_latitude": null, "recommanded_navaid_longitude": null, "arc_radius": null, "theta": null, "rho": null, "magnetic_course": null, "route_distance_holding_distance_time": null, "distance_time": null, "altitude_description": "+", "altitude1": 3790.0, "altitude2": null, "transition_altitude": null, "speed_limit_description": null, "speed_limit": null, "vertical_angle": null, "center_waypoint": null, "center_waypoint_latitude": null, "center_waypoint_longitude": null, "aircraft_category": null}, "geometry": {"type": "MultiPoint", "coordinates": [[96.12024444, 19.80558056]]}}, {"type": "Feature", "properties": {"fid": 1678, "area_code": "PAC", "airport_identifier": "VYNT", "procedure_identifier": "I16", "route_type": "I", "transition_identifier": null, "seqno": 20, "waypoint_icao_code": "VY", "waypoint_identifier": "FF16", "waypoint_latitude": 19.72846667, "waypoint_longitude": 96.15448333, "waypoint_description_code": "E  F", "turn_direction": null, "rnp": null, "path_termination": "CF", "recommanded_navaid": null, "recommanded_navaid_latitude": null, "recommanded_navaid_longitude": null, "arc_radius": null, "theta": null, "rho": null, "magnetic_course": 158.0, "route_distance_holding_distance_time": 5.0, "distance_time": "D", "altitude_description": "+", "altitude1": 2200.0, "altitude2": null, "transition_altitude": null, "speed_limit_description": null, "speed_limit": null, "vertical_angle": -3.0, "center_waypoint": null, "center_waypoint_latitude": null, "center_waypoint_longitude": null, "aircraft_category": null}, "geometry": {"type": "MultiPoint", "coordinates": [[96.15448333, 19.72846667]]}}, {"type": "Feature", "properties": {"fid": 1679, "area_code": "PAC", "airport_identifier": "VYNT", "procedure_identifier": "I16", "route_type": "I", "transition_identifier": null, "seqno": 30, "waypoint_icao_code": "VY", "waypoint_identifier": "RW16", "waypoint_latitude": 19.63878611, "waypoint_longitude": 96.19425556, "waypoint_description_code": "G  M", "turn_direction": null, "rnp": null, "path_termination": "CF", "recommanded_navaid": null, "recommanded_navaid_latitude": null, "recommanded_navaid_longitude": null, "arc_radius": null, "theta": null, "rho": null, "magnetic_course": 158.0, "route_distance_holding_distance_time": 5.8, "distance_time": "D", "altitude_description": "@", "altitude1": 348.0, "altitude2": null, "transition_altitude": null, "speed_limit_description": null, "speed_limit": null, "vertical_angle": -3.0, "center_waypoint": null, "center_waypoint_latitude": null, "center_waypoint_longitude": null, "aircraft_category": null}, "geometry": {"type": "MultiPoint", "coordinates": [[96.19425556, 19.63878611]]}}, {"type": "Feature", "properties": {"fid": 1681, "area_code": "PAC", "airport_identifier": "VYNT", "procedure_identifier": "I16", "route_type": "I", "transition_identifier": null, "seqno": 40, "waypoint_icao_code": null, "waypoint_identifier": null, "waypoint_latitude": null, "waypoint_longitude": null, "waypoint_description_code": null, "turn_direction": null, "rnp": null, "path_termination": "VA", "recommanded_navaid": null, "recommanded_navaid_latitude": null, "recommanded_navaid_longitude": null, "arc_radius": null, "theta": null, "rho": null, "magnetic_course": 158.0, "route_distance_holding_distance_time": null, "distance_time": null, "altitude_description": "+", "altitude1": 2000.0, "altitude2": null, "transition_altitude": null, "speed_limit_description": null, "speed_limit": null, "vertical_angle": null, "center_waypoint": null, "center_waypoint_latitude": null, "center_waypoint_longitude": null, "aircraft_category": null}, "geometry": {"type": "MultiPoint", "coordinates": []}}, {"type": "Feature", "properties": {"fid": 1682, "area_code": "PAC", "airport_identifier": "VYNT", "procedure_identifier": "I16", "route_type": "I", "transition_identifier": null, "seqno": 50, "waypoint_icao_code": "VY", "waypoint_identifier": "NPT", "waypoint_latitude": 19.62655556, "waypoint_longitude": 96.19558333, "waypoint_description_code": "E", "turn_direction": "R", "rnp": null, "path_termination": "DF", "recommanded_navaid": null, "recommanded_navaid_latitude": null, "recommanded_navaid_longitude": null, "arc_radius": null, "theta": null, "rho": null, "magnetic_course": null, "route_distance_holding_distance_time": null, "distance_time": null, "altitude_description": "@", "altitude1": 6000.0, "altitude2": null, "transition_altitude": null, "speed_limit_description": null, "speed_limit": null, "vertical_angle": null, "center_waypoint": null, "center_waypoint_latitude": null, "center_waypoint_longitude": null, "aircraft_category": null}, "geometry": {"type": "MultiPoint", "coordinates": [[96.19558333, 19.62655556]]}}, {"type": "Feature", "properties": {"fid": 1683, "area_code": "PAC", "airport_identifier": "VYNT", "procedure_identifier": "I16", "route_type": "I", "transition_identifier": null, "seqno": 60, "waypoint_icao_code": "VY", "waypoint_identifier": "NPT", "waypoint_latitude": 19.62655556, "waypoint_longitude": 96.19558333, "waypoint_description_code": "E  H", "turn_direction": "L", "rnp": null, "path_termination": "HM", "recommanded_navaid": null, "recommanded_navaid_latitude": null, "recommanded_navaid_longitude": null, "arc_radius": null, "theta": null, "rho": null, "magnetic_course": 5.0, "route_distance_holding_distance_time": 1.0, "distance_time": "T", "altitude_description": "+", "altitude1": 6000.0, "altitude2": null, "transition_altitude": null, "speed_limit_description": null, "speed_limit": null, "vertical_angle": null, "center_waypoint": null, "center_waypoint_latitude": null, "center_waypoint_longitude": null, "aircraft_category": null}, "geometry": {"type": "MultiPoint", "coordinates": [[96.19558333, 19.62655556]]}}, {"type": "Feature", "properties": {"fid": 1685, "area_code": "PAC", "airport_identifier": "VYPN", "procedure_identifier": "N24", "route_type": "A", "transition_identifier": "PTN1", "seqno": 10, "waypoint_icao_code": "VY", "waypoint_identifier": "PTN", "waypoint_latitude": 16.8131, "waypoint_longitude": 94.77969444, "waypoint_description_code": "E  A", "turn_direction": null, "rnp": null, "path_termination": "IF", "recommanded_navaid": null, "recommanded_navaid_latitude": null, "recommanded_navaid_longitude": null, "arc_radius": null, "theta": null, "rho": null, "magnetic_course": null, "route_distance_holding_distance_time": null, "distance_time": null, "altitude_description": "+", "altitude1": 3000.0, "altitude2": null, "transition_altitude": null, "speed_limit_description": null, "speed_limit": null, "vertical_angle": null, "center_waypoint": null, "center_waypoint_latitude": null, "center_waypoint_longitude": null, "aircraft_category": null}, "geometry": {"type": "MultiPoint", "coordinates": [[94.77969444, 16.8131]]}}, {"type": "Feature", "properties": {"fid": 1686, "area_code": "PAC", "airport_identifier": "VYPN", "procedure_identifier": "N24", "route_type": "A", "transition_identifier": "PTN1", "seqno": 20, "waypoint_icao_code": null, "waypoint_identifier": null, "waypoint_latitude": null, "waypoint_longitude": null, "waypoint_description_code": null, "turn_direction": null, "rnp": null, "path_termination": "FC", "recommanded_navaid": null, "recommanded_navaid_latitude": null, "recommanded_navaid_longitude": null, "arc_radius": null, "theta": null, "rho": null, "magnetic_course": 85.0, "route_distance_holding_distance_time": 5.3, "distance_time": "D", "altitude_description": "+", "altitude1": 1660.0, "altitude2": null, "transition_altitude": null, "speed_limit_description": null, "speed_limit": null, "vertical_angle": null, "center_waypoint": null, "center_waypoint_latitude": null, "center_waypoint_longitude": null, "aircraft_category": null}, "geometry": {"type": "MultiPoint", "coordinates": []}}, {"type": "Feature", "properties": {"fid": 1687, "area_code": "PAC", "airport_identifier": "VYPN", "procedure_identifier": "N24", "route_type": "A", "transition_identifier": "PTN1", "seqno": 30, "waypoint_icao_code": "VY", "waypoint_identifier": "FN24", "waypoint_latitude": 16.86521944, "waypoint_longitude": 94.85421389, "waypoint_description_code": "E", "turn_direction": "L", "rnp": null, "path_termination": "CF", "recommanded_navaid": null, "recommanded_navaid_latitude": null, "recommanded_navaid_longitude": null, "arc_radius": null, "theta": null, "rho": null, "magnetic_course": 235.0, "route_distance_holding_distance_time": 1.0, "distance_time": "D", "altitude_description": "+", "altitude1": 1660.0, "altitude2": null, "transition_altitude": null, "speed_limit_description": null, "speed_limit": null, "vertical_angle": null, "center_waypoint": null, "center_waypoint_latitude": null, "center_waypoint_longitude": null, "aircraft_category": null}, "geometry": {"type": "MultiPoint", "coordinates": [[94.85421389, 16.86521944]]}}, {"type": "Feature", "properties": {"fid": 1689, "area_code": "PAC", "airport_identifier": "VYPN", "procedure_identifier": "N24", "route_type": "A", "transition_identifier": "PTN2", "seqno": 10, "waypoint_icao_code": "VY", "waypoint_identifier": "PTN", "waypoint_latitude": 16.8131, "waypoint_longitude": 94.77969444, "waypoint_description_code": "E  A", "turn_direction": null, "rnp": null, "path_termination": "IF", "recommanded_navaid": null, "recommanded_navaid_latitude": null, "recommanded_navaid_longitude": null, "arc_radius": null, "theta": null, "rho": null, "magnetic_course": null, "route_distance_holding_distance_time": null, "distance_time": null, "altitude_description": "+", "altitude1": 3000.0, "altitude2": null, "transition_altitude": null, "speed_limit_description": null, "speed_limit": null, "vertical_angle": null, "center_waypoint": null, "center_waypoint_latitude": null, "center_waypoint_longitude": null, "aircraft_category": null}, "geometry": {"type": "MultiPoint", "coordinates": [[94.77969444, 16.8131]]}}, {"type": "Feature", "properties": {"fid": 1690, "area_code": "PAC", "airport_identifier": "VYPN", "procedure_identifier": "N24", "route_type": "A", "transition_identifier": "PTN2", "seqno": 20, "waypoint_icao_code": null, "waypoint_identifier": null, "waypoint_latitude": null, "waypoint_longitude": null, "waypoint_description_code": null, "turn_direction": null, "rnp": null, "path_termination": "FC", "recommanded_navaid": null, "recommanded_navaid_latitude": null, "recommanded_navaid_longitude": null, "arc_radius": null, "theta": null, "rho": null, "magnetic_course": 70.0, "route_distance_holding_distance_time": 7.5, "distance_time": "D", "altitude_description": "+", "altitude1": 1660.0, "altitude2": null, "transition_altitude": null, "speed_limit_description": null, "speed_limit": null, "vertical_angle": null, "center_waypoint": null, "center_waypoint_latitude": null, "center_waypoint_longitude": null, "aircraft_category": null}, "geometry": {"type": "MultiPoint", "coordinates": []}}, {"type": "Feature", "properties": {"fid": 1691, "area_code": "PAC", "airport_identifier": "VYPN", "procedure_identifier": "N24", "route_type": "A", "transition_identifier": "PTN2", "seqno": 30, "waypoint_icao_code": "VY", "waypoint_identifier": "FN24", "waypoint_latitude": 16.86521944, "waypoint_longitude": 94.85421389, "waypoint_description_code": "E", "turn_direction": "L", "rnp": null, "path_termination": "CF", "recommanded_navaid": null, "recommanded_navaid_latitude": null, "recommanded_navaid_longitude": null, "arc_radius": null, "theta": null, "rho": null, "magnetic_course": 235.0, "route_distance_holding_distance_time": 2.2, "distance_time": "D", "altitude_description": "+", "altitude1": 1660.0, "altitude2": null, "transition_altitude": null, "speed_limit_description": null, "speed_limit": null, "vertical_angle": null, "center_waypoint": null, "center_waypoint_latitude": null, "center_waypoint_longitude": null, "aircraft_category": null}, "geometry": {"type": "MultiPoint", "coordinates": [[94.85421389, 16.86521944]]}}, {"type": "Feature", "properties": {"fid": 1693, "area_code": "PAC", "airport_identifier": "VYPN", "procedure_identifier": "N24", "route_type": "N", "transition_identifier": null, "seqno": 20, "waypoint_icao_code": "VY", "waypoint_identifier": "FN24", "waypoint_latitude": 16.86521944, "waypoint_longitude": 94.85421389, "waypoint_description_code": "E  F", "turn_direction": null, "rnp": null, "path_termination": "IF", "recommanded_navaid": null, "recommanded_navaid_latitude": null, "recommanded_navaid_longitude": null, "arc_radius": null, "theta": null, "rho": null, "magnetic_course": null, "route_distance_holding_distance_time": null, "distance_time": null, "altitude_description": "+", "altitude1": 1660.0, "altitude2": null, "transition_altitude": null, "speed_limit_description": null, "speed_limit": null, "vertical_angle": null, "center_waypoint": null, "center_waypoint_latitude": null, "center_waypoint_longitude": null, "aircraft_category": null}, "geometry": {"type": "MultiPoint", "coordinates": [[94.85421389, 16.86521944]]}}, {"type": "Feature", "properties": {"fid": 1694, "area_code": "PAC", "airport_identifier": "VYPN", "procedure_identifier": "N24", "route_type": "N", "transition_identifier": null, "seqno": 30, "waypoint_icao_code": "VY", "waypoint_identifier": "RW24", "waypoint_latitude": 16.81738333, "waypoint_longitude": 94.78503056, "waypoint_description_code": "G  M", "turn_direction": null, "rnp": null, "path_termination": "CF", "recommanded_navaid": null, "recommanded_navaid_latitude": null, "recommanded_navaid_longitude": null, "arc_radius": null, "theta": null, "rho": null, "magnetic_course": 235.0, "route_distance_holding_distance_time": 4.9, "distance_time": "D", "altitude_description": "@", "altitude1": 63.0, "altitude2": null, "transition_altitude": null, "speed_limit_description": null, "speed_limit": null, "vertical_angle": -3.0, "center_waypoint": null, "center_waypoint_latitude": null, "center_waypoint_longitude": null, "aircraft_category": null}, "geometry": {"type": "MultiPoint", "coordinates": [[94.78503056, 16.81738333]]}}, {"type": "Feature", "properties": {"fid": 1696, "area_code": "PAC", "airport_identifier": "VYPN", "procedure_identifier": "N24", "route_type": "N", "transition_identifier": null, "seqno": 40, "waypoint_icao_code": "VY", "waypoint_identifier": "PTN", "waypoint_latitude": 16.8131, "waypoint_longitude": 94.77969444, "waypoint_description_code": "E", "turn_direction": null, "rnp": null, "path_termination": "CF", "recommanded_navaid": null, "recommanded_navaid_latitude": null, "recommanded_navaid_longitude": null, "arc_radius": null, "theta": null, "rho": null, "magnetic_course": 235.0, "route_distance_holding_distance_time": 0.4, "distance_time": "D", "altitude_description": null, "altitude1": null, "altitude2": null, "transition_altitude": null, "speed_limit_description": null, "speed_limit": null, "vertical_angle": null, "center_waypoint": null, "center_waypoint_latitude": null, "center_waypoint_longitude": null, "aircraft_category": null}, "geometry": {"type": "MultiPoint", "coordinates": [[94.77969444, 16.8131]]}}, {"type": "Feature", "properties": {"fid": 1697, "area_code": "PAC", "airport_identifier": "VYPN", "procedure_identifier": "N24", "route_type": "N", "transition_identifier": null, "seqno": 50, "waypoint_icao_code": null, "waypoint_identifier": null, "waypoint_latitude": null, "waypoint_longitude": null, "waypoint_description_code": null, "turn_direction": null, "rnp": null, "path_termination": "VA", "recommanded_navaid": null, "recommanded_navaid_latitude": null, "recommanded_navaid_longitude": null, "arc_radius": null, "theta": null, "rho": null, "magnetic_course": 240.0, "route_distance_holding_distance_time": null, "distance_time": null, "altitude_description": "+", "altitude1": 2000.0, "altitude2": null, "transition_altitude": null, "speed_limit_description": null, "speed_limit": null, "vertical_angle": null, "center_waypoint": null, "center_waypoint_latitude": null, "center_waypoint_longitude": null, "aircraft_category": null}, "geometry": {"type": "MultiPoint", "coordinates": []}}, {"type": "Feature", "properties": {"fid": 1698, "area_code": "PAC", "airport_identifier": "VYPN", "procedure_identifier": "N24", "route_type": "N", "transition_identifier": null, "seqno": 60, "waypoint_icao_code": "VY", "waypoint_identifier": "PTN", "waypoint_latitude": 16.8131, "waypoint_longitude": 94.77969444, "waypoint_description_code": "E", "turn_direction": "R", "rnp": null, "path_termination": "DF", "recommanded_navaid": null, "recommanded_navaid_latitude": null, "recommanded_navaid_longitude": null, "arc_radius": null, "theta": null, "rho": null, "magnetic_course": null, "route_distance_holding_distance_time": null, "distance_time": null, "altitude_description": "@", "altitude1": 3000.0, "altitude2": null, "transition_altitude": null, "speed_limit_description": null, "speed_limit": null, "vertical_angle": null, "center_waypoint": null, "center_waypoint_latitude": null, "center_waypoint_longitude": null, "aircraft_category": null}, "geometry": {"type": "MultiPoint", "coordinates": [[94.77969444, 16.8131]]}}, {"type": "Feature", "properties": {"fid": 1699, "area_code": "PAC", "airport_identifier": "VYPN", "procedure_identifier": "N24", "route_type": "N", "transition_identifier": null, "seqno": 70, "waypoint_icao_code": "VY", "waypoint_identifier": "PTN", "waypoint_latitude": 16.8131, "waypoint_longitude": 94.77969444, "waypoint_description_code": "E  H", "turn_direction": "R", "rnp": null, "path_termination": "HM", "recommanded_navaid": null, "recommanded_navaid_latitude": null, "recommanded_navaid_longitude": null, "arc_radius": null, "theta": null, "rho": null, "magnetic_course": 85.0, "route_distance_holding_distance_time": 1.0, "distance_time": "T", "altitude_description": null, "altitude1": null, "altitude2": null, "transition_altitude": null, "speed_limit_description": null, "speed_limit": null, "vertical_angle": null, "center_waypoint": null, "center_waypoint_latitude": null, "center_waypoint_longitude": null, "aircraft_category": null}, "geometry": {"type": "MultiPoint", "coordinates": [[94.77969444, 16.8131]]}}, {"type": "Feature", "properties": {"fid": 1701, "area_code": "PAC", "airport_identifier": "VYBG", "procedure_identifier": "N36", "route_type": "A", "transition_identifier": "BG1", "seqno": 10, "waypoint_icao_code": "VY", "waypoint_identifier": "BGN", "waypoint_latitude": 21.17652778, "waypoint_longitude": 94.92869444, "waypoint_description_code": "E  A", "turn_direction": null, "rnp": null, "path_termination": "IF", "recommanded_navaid": null, "recommanded_navaid_latitude": null, "recommanded_navaid_longitude": null, "arc_radius": null, "theta": null, "rho": null, "magnetic_course": null, "route_distance_holding_distance_time": null, "distance_time": null, "altitude_description": "+", "altitude1": 3000.0, "altitude2": null, "transition_altitude": null, "speed_limit_description": null, "speed_limit": null, "vertical_angle": null, "center_waypoint": null, "center_waypoint_latitude": null, "center_waypoint_longitude": null, "aircraft_category": null}, "geometry": {"type": "MultiPoint", "coordinates": [[94.92869444, 21.17652778]]}}, {"type": "Feature", "properties": {"fid": 1702, "area_code": "PAC", "airport_identifier": "VYBG", "procedure_identifier": "N36", "route_type": "A", "transition_identifier": "BG1", "seqno": 20, "waypoint_icao_code": null, "waypoint_identifier": null, "waypoint_latitude": null, "waypoint_longitude": null, "waypoint_description_code": null, "turn_direction": null, "rnp": null, "path_termination": "FC", "recommanded_navaid": null, "recommanded_navaid_latitude": null, "recommanded_navaid_longitude": null, "arc_radius": null, "theta": null, "rho": null, "magnetic_course": 210.0, "route_distance_holding_distance_time": 5.3, "distance_time": "D", "altitude_description": "+", "altitude1": 2000.0, "altitude2": null, "transition_altitude": null, "speed_limit_description": null, "speed_limit": null, "vertical_angle": null, "center_waypoint": null, "center_waypoint_latitude": null, "center_waypoint_longitude": null, "aircraft_category": null}, "geometry": {"type": "MultiPoint", "coordinates": []}}, {"type": "Feature", "properties": {"fid": 1703, "area_code": "PAC", "airport_identifier": "VYBG", "procedure_identifier": "N36", "route_type": "A", "transition_identifier": "BG1", "seqno": 30, "waypoint_icao_code": "VY", "waypoint_identifier": "FN36", "waypoint_latitude": 21.08788611, "waypoint_longitude": 94.93034167, "waypoint_description_code": "E", "turn_direction": "L", "rnp": null, "path_termination": "CF", "recommanded_navaid": null, "recommanded_navaid_latitude": null, "recommanded_navaid_longitude": null, "arc_radius": null, "theta": null, "rho": null, "magnetic_course": 360.0, "route_distance_holding_distance_time": 1.0, "distance_time": "D", "altitude_description": "+", "altitude1": 2000.0, "altitude2": null, "transition_altitude": null, "speed_limit_description": null, "speed_limit": null, "vertical_angle": null, "center_waypoint": null, "center_waypoint_latitude": null, "center_waypoint_longitude": null, "aircraft_category": null}, "geometry": {"type": "MultiPoint", "coordinates": [[94.93034167, 21.08788611]]}}, {"type": "Feature", "properties": {"fid": 1705, "area_code": "PAC", "airport_identifier": "VYBG", "procedure_identifier": "N36", "route_type": "A", "transition_identifier": "BG2", "seqno": 10, "waypoint_icao_code": "VY", "waypoint_identifier": "BGN", "waypoint_latitude": 21.17652778, "waypoint_longitude": 94.92869444, "waypoint_description_code": "E  A", "turn_direction": null, "rnp": null, "path_termination": "IF", "recommanded_navaid": null, "recommanded_navaid_latitude": null, "recommanded_navaid_longitude": null, "arc_radius": null, "theta": null, "rho": null, "magnetic_course": null, "route_distance_holding_distance_time": null, "distance_time": null, "altitude_description": "+", "altitude1": 3000.0, "altitude2": null, "transition_altitude": null, "speed_limit_description": null, "speed_limit": null, "vertical_angle": null, "center_waypoint": null, "center_waypoint_latitude": null, "center_waypoint_longitude": null, "aircraft_category": null}, "geometry": {"type": "MultiPoint", "coordinates": [[94.92869444, 21.17652778]]}}, {"type": "Feature", "properties": {"fid": 1706, "area_code": "PAC", "airport_identifier": "VYBG", "procedure_identifier": "N36", "route_type": "A", "transition_identifier": "BG2", "seqno": 20, "waypoint_icao_code": null, "waypoint_identifier": null, "waypoint_latitude": null, "waypoint_longitude": null, "waypoint_description_code": null, "turn_direction": null, "rnp": null, "path_termination": "FC", "recommanded_navaid": null, "recommanded_navaid_latitude": null, "recommanded_navaid_longitude": null, "arc_radius": null, "theta": null, "rho": null, "magnetic_course": 195.0, "route_distance_holding_distance_time": 6.0, "distance_time": "D", "altitude_description": "+", "altitude1": 2000.0, "altitude2": null, "transition_altitude": null, "speed_limit_description": null, "speed_limit": null, "vertical_angle": null, "center_waypoint": null, "center_waypoint_latitude": null, "center_waypoint_longitude": null, "aircraft_category": null}, "geometry": {"type": "MultiPoint", "coordinates": []}}, {"type": "Feature", "properties": {"fid": 1707, "area_code": "PAC", "airport_identifier": "VYBG", "procedure_identifier": "N36", "route_type": "A", "transition_identifier": "BG2", "seqno": 30, "waypoint_icao_code": "VY", "waypoint_identifier": "FN36", "waypoint_latitude": 21.08788611, "waypoint_longitude": 94.93034167, "waypoint_description_code": "E", "turn_direction": "L", "rnp": null, "path_termination": "CF", "recommanded_navaid": null, "recommanded_navaid_latitude": null, "recommanded_navaid_longitude": null, "arc_radius": null, "theta": null, "rho": null, "magnetic_course": 360.0, "route_distance_holding_distance_time": 1.0, "distance_time": "D", "altitude_description": "+", "altitude1": 2000.0, "altitude2": null, "transition_altitude": null, "speed_limit_description": null, "speed_limit": null, "vertical_angle": null, "center_waypoint": null, "center_waypoint_latitude": null, "center_waypoint_longitude": null, "aircraft_category": null}, "geometry": {"type": "MultiPoint", "coordinates": [[94.93034167, 21.08788611]]}}, {"type": "Feature", "properties": {"fid": 1709, "area_code": "PAC", "airport_identifier": "VYBG", "procedure_identifier": "N36", "route_type": "N", "transition_identifier": null, "seqno": 20, "waypoint_icao_code": "VY", "waypoint_identifier": "FN36", "waypoint_latitude": 21.08788611, "waypoint_longitude": 94.93034167, "waypoint_description_code": "E  F", "turn_direction": null, "rnp": null, "path_termination": "IF", "recommanded_navaid": null, "recommanded_navaid_latitude": null, "recommanded_navaid_longitude": null, "arc_radius": null, "theta": null, "rho": null, "magnetic_course": null, "route_distance_holding_distance_time": null, "distance_time": null, "altitude_description": "+", "altitude1": 2000.0, "altitude2": null, "transition_altitude": null, "speed_limit_description": null, "speed_limit": null, "vertical_angle": null, "center_waypoint": null, "center_waypoint_latitude": null, "center_waypoint_longitude": null, "aircraft_category": null}, "geometry": {"type": "MultiPoint", "coordinates": [[94.93034167, 21.08788611]]}}, {"type": "Feature", "properties": {"fid": 1710, "area_code": "PAC", "airport_identifier": "VYBG", "procedure_identifier": "N36", "route_type": "N", "transition_identifier": null, "seqno": 30, "waypoint_icao_code": "VY", "waypoint_identifier": "RW36", "waypoint_latitude": 21.16725278, "waypoint_longitude": 94.93025278, "waypoint_description_code": "G  M", "turn_direction": null, "rnp": null, "path_termination": "CF", "recommanded_navaid": null, "recommanded_navaid_latitude": null, "recommanded_navaid_longitude": null, "arc_radius": null, "theta": null, "rho": null, "magnetic_course": 360.0, "route_distance_holding_distance_time": 4.7, "distance_time": "D", "altitude_description": "@", "altitude1": 408.0, "altitude2": null, "transition_altitude": null, "speed_limit_description": null, "speed_limit": null, "vertical_angle": -3.16, "center_waypoint": null, "center_waypoint_latitude": null, "center_waypoint_longitude": null, "aircraft_category": null}, "geometry": {"type": "MultiPoint", "coordinates": [[94.93025278, 21.16725278]]}}, {"type": "Feature", "properties": {"fid": 1712, "area_code": "PAC", "airport_identifier": "VYBG", "procedure_identifier": "N36", "route_type": "N", "transition_identifier": null, "seqno": 40, "waypoint_icao_code": "VY", "waypoint_identifier": "BGN", "waypoint_latitude": 21.17652778, "waypoint_longitude": 94.92869444, "waypoint_description_code": "EY", "turn_direction": null, "rnp": null, "path_termination": "CF", "recommanded_navaid": null, "recommanded_navaid_latitude": null, "recommanded_navaid_longitude": null, "arc_radius": null, "theta": null, "rho": null, "magnetic_course": 360.0, "route_distance_holding_distance_time": 0.6, "distance_time": "D", "altitude_description": null, "altitude1": null, "altitude2": null, "transition_altitude": null, "speed_limit_description": null, "speed_limit": null, "vertical_angle": null, "center_waypoint": null, "center_waypoint_latitude": null, "center_waypoint_longitude": null, "aircraft_category": null}, "geometry": {"type": "MultiPoint", "coordinates": [[94.92869444, 21.17652778]]}}, {"type": "Feature", "properties": {"fid": 1713, "area_code": "PAC", "airport_identifier": "VYBG", "procedure_identifier": "N36", "route_type": "N", "transition_identifier": null, "seqno": 50, "waypoint_icao_code": null, "waypoint_identifier": null, "waypoint_latitude": null, "waypoint_longitude": null, "waypoint_description_code": null, "turn_direction": null, "rnp": null, "path_termination": "VA", "recommanded_navaid": null, "recommanded_navaid_latitude": null, "recommanded_navaid_longitude": null, "arc_radius": null, "theta": null, "rho": null, "magnetic_course": 360.0, "route_distance_holding_distance_time": null, "distance_time": null, "altitude_description": "+", "altitude1": 2000.0, "altitude2": null, "transition_altitude": null, "speed_limit_description": null, "speed_limit": null, "vertical_angle": null, "center_waypoint": null, "center_waypoint_latitude": null, "center_waypoint_longitude": null, "aircraft_category": null}, "geometry": {"type": "MultiPoint", "coordinates": []}}, {"type": "Feature", "properties": {"fid": 1714, "area_code": "PAC", "airport_identifier": "VYBG", "procedure_identifier": "N36", "route_type": "N", "transition_identifier": null, "seqno": 60, "waypoint_icao_code": "VY", "waypoint_identifier": "BGN", "waypoint_latitude": 21.17652778, "waypoint_longitude": 94.92869444, "waypoint_description_code": "E", "turn_direction": "R", "rnp": null, "path_termination": "DF", "recommanded_navaid": null, "recommanded_navaid_latitude": null, "recommanded_navaid_longitude": null, "arc_radius": null, "theta": null, "rho": null, "magnetic_course": null, "route_distance_holding_distance_time": null, "distance_time": null, "altitude_description": "@", "altitude1": 3000.0, "altitude2": null, "transition_altitude": null, "speed_limit_description": null, "speed_limit": null, "vertical_angle": null, "center_waypoint": null, "center_waypoint_latitude": null, "center_waypoint_longitude": null, "aircraft_category": null}, "geometry": {"type": "MultiPoint", "coordinates": [[94.92869444, 21.17652778]]}}, {"type": "Feature", "properties": {"fid": 1715, "area_code": "PAC", "airport_identifier": "VYBG", "procedure_identifier": "N36", "route_type": "N", "transition_identifier": null, "seqno": 70, "waypoint_icao_code": "VY", "waypoint_identifier": "BGN", "waypoint_latitude": 21.17652778, "waypoint_longitude": 94.92869444, "waypoint_description_code": "E  H", "turn_direction": "R", "rnp": null, "path_termination": "HM", "recommanded_navaid": null, "recommanded_navaid_latitude": null, "recommanded_navaid_longitude": null, "arc_radius": null, "theta": null, "rho": null, "magnetic_course": 210.0, "route_distance_holding_distance_time": 1.0, "distance_time": "T", "altitude_description": "+", "altitude1": 3000.0, "altitude2": null, "transition_altitude": null, "speed_limit_description": null, "speed_limit": null, "vertical_angle": null, "center_waypoint": null, "center_waypoint_latitude": null, "center_waypoint_longitude": null, "aircraft_category": null}, "geometry": {"type": "MultiPoint", "coordinates": [[94.92869444, 21.17652778]]}}, {"type": "Feature", "properties": {"fid": 1717, "area_code": "PAC", "airport_identifier": "VYHL", "procedure_identifier": "N16", "route_type": "N", "transition_identifier": null, "seqno": 20, "waypoint_icao_code": "VY", "waypoint_identifier": "FN16", "waypoint_latitude": 24.97976111, "waypoint_longitude": 94.88477778, "waypoint_description_code": "E  F", "turn_direction": null, "rnp": null, "path_termination": "IF", "recommanded_navaid": null, "recommanded_navaid_latitude": null, "recommanded_navaid_longitude": null, "arc_radius": null, "theta": null, "rho": null, "magnetic_course": null, "route_distance_holding_distance_time": null, "distance_time": null, "altitude_description": "+", "altitude1": 2190.0, "altitude2": null, "transition_altitude": null, "speed_limit_description": null, "speed_limit": null, "vertical_angle": null, "center_waypoint": null, "center_waypoint_latitude": null, "center_waypoint_longitude": null, "aircraft_category": null}, "geometry": {"type": "MultiPoint", "coordinates": [[94.88477778, 24.97976111]]}}, {"type": "Feature", "properties": {"fid": 1718, "area_code": "PAC", "airport_identifier": "VYHL", "procedure_identifier": "N16", "route_type": "N", "transition_identifier": null, "seqno": 30, "waypoint_icao_code": "VY", "waypoint_identifier": "RW16", "waypoint_latitude": 24.91441944, "waypoint_longitude": 94.90824167, "waypoint_description_code": "G  M", "turn_direction": null, "rnp": null, "path_termination": "CF", "recommanded_navaid": null, "recommanded_navaid_latitude": null, "recommanded_navaid_longitude": null, "arc_radius": null, "theta": null, "rho": null, "magnetic_course": 164.0, "route_distance_holding_distance_time": 4.1, "distance_time": "D", "altitude_description": "@", "altitude1": 596.0, "altitude2": null, "transition_altitude": null, "speed_limit_description": null, "speed_limit": null, "vertical_angle": -3.65, "center_waypoint": null, "center_waypoint_latitude": null, "center_waypoint_longitude": null, "aircraft_category": null}, "geometry": {"type": "MultiPoint", "coordinates": [[94.90824167, 24.91441944]]}}, {"type": "Feature", "properties": {"fid": 1720, "area_code": "PAC", "airport_identifier": "VYHL", "procedure_identifier": "N16", "route_type": "N", "transition_identifier": null, "seqno": 40, "waypoint_icao_code": "VY", "waypoint_identifier": "HL", "waypoint_latitude": 24.89502778, "waypoint_longitude": 94.91320556, "waypoint_description_code": "E", "turn_direction": null, "rnp": null, "path_termination": "TF", "recommanded_navaid": null, "recommanded_navaid_latitude": null, "recommanded_navaid_longitude": null, "arc_radius": null, "theta": null, "rho": null, "magnetic_course": null, "route_distance_holding_distance_time": null, "distance_time": null, "altitude_description": null, "altitude1": null, "altitude2": null, "transition_altitude": null, "speed_limit_description": null, "speed_limit": null, "vertical_angle": null, "center_waypoint": null, "center_waypoint_latitude": null, "center_waypoint_longitude": null, "aircraft_category": null}, "geometry": {"type": "MultiPoint", "coordinates": [[94.91320556, 24.89502778]]}}, {"type": "Feature", "properties": {"fid": 1721, "area_code": "PAC", "airport_identifier": "VYHL", "procedure_identifier": "N16", "route_type": "N", "transition_identifier": null, "seqno": 50, "waypoint_icao_code": null, "waypoint_identifier": null, "waypoint_latitude": null, "waypoint_longitude": null, "waypoint_description_code": null, "turn_direction": null, "rnp": null, "path_termination": "VA", "recommanded_navaid": null, "recommanded_navaid_latitude": null, "recommanded_navaid_longitude": null, "arc_radius": null, "theta": null, "rho": null, "magnetic_course": 165.0, "route_distance_holding_distance_time": null, "distance_time": null, "altitude_description": "+", "altitude1": 2000.0, "altitude2": null, "transition_altitude": null, "speed_limit_description": null, "speed_limit": null, "vertical_angle": null, "center_waypoint": null, "center_waypoint_latitude": null, "center_waypoint_longitude": null, "aircraft_category": null}, "geometry": {"type": "MultiPoint", "coordinates": []}}, {"type": "Feature", "properties": {"fid": 1722, "area_code": "PAC", "airport_identifier": "VYHL", "procedure_identifier": "N16", "route_type": "N", "transition_identifier": null, "seqno": 60, "waypoint_icao_code": "VY", "waypoint_identifier": "HL", "waypoint_latitude": 24.89502778, "waypoint_longitude": 94.91320556, "waypoint_description_code": "E", "turn_direction": "R", "rnp": null, "path_termination": "DF", "recommanded_navaid": null, "recommanded_navaid_latitude": null, "recommanded_navaid_longitude": null, "arc_radius": null, "theta": null, "rho": null, "magnetic_course": null, "route_distance_holding_distance_time": null, "distance_time": null, "altitude_description": "@", "altitude1": 3000.0, "altitude2": null, "transition_altitude": null, "speed_limit_description": null, "speed_limit": null, "vertical_angle": null, "center_waypoint": null, "center_waypoint_latitude": null, "center_waypoint_longitude": null, "aircraft_category": null}, "geometry": {"type": "MultiPoint", "coordinates": [[94.91320556, 24.89502778]]}}, {"type": "Feature", "properties": {"fid": 1723, "area_code": "PAC", "airport_identifier": "VYHL", "procedure_identifier": "N16", "route_type": "N", "transition_identifier": null, "seqno": 70, "waypoint_icao_code": "VY", "waypoint_identifier": "HL", "waypoint_latitude": 24.89502778, "waypoint_longitude": 94.91320556, "waypoint_description_code": "E  H", "turn_direction": "R", "rnp": null, "path_termination": "HM", "recommanded_navaid": null, "recommanded_navaid_latitude": null, "recommanded_navaid_longitude": null, "arc_radius": null, "theta": null, "rho": null, "magnetic_course": 14.0, "route_distance_holding_distance_time": 1.0, "distance_time": "T", "altitude_description": null, "altitude1": null, "altitude2": null, "transition_altitude": null, "speed_limit_description": null, "speed_limit": null, "vertical_angle": null, "center_waypoint": null, "center_waypoint_latitude": null, "center_waypoint_longitude": null, "aircraft_category": null}, "geometry": {"type": "MultiPoint", "coordinates": [[94.91320556, 24.89502778]]}}, {"type": "Feature", "properties": {"fid": 1725, "area_code": "PAC", "airport_identifier": "VYYY", "procedure_identifier": "R03", "route_type": "A", "transition_identifier": "EMREL", "seqno": 10, "waypoint_icao_code": "VY", "waypoint_identifier": "EMREL", "waypoint_latitude": 16.80977778, "waypoint_longitude": 95.95386111, "waypoint_description_code": "E  A", "turn_direction": null, "rnp": 1.0, "path_termination": "IF", "recommanded_navaid": null, "recommanded_navaid_latitude": null, "recommanded_navaid_longitude": null, "arc_radius": null, "theta": null, "rho": null, "magnetic_course": null, "route_distance_holding_distance_time": null, "distance_time": null, "altitude_description": "+", "altitude1": 4000.0, "altitude2": null, "transition_altitude": null, "speed_limit_description": "-", "speed_limit": 230.0, "vertical_angle": null, "center_waypoint": null, "center_waypoint_latitude": null, "center_waypoint_longitude": null, "aircraft_category": null}, "geometry": {"type": "MultiPoint", "coordinates": [[95.95386111, 16.80977778]]}}, {"type": "Feature", "properties": {"fid": 1726, "area_code": "PAC", "airport_identifier": "VYYY", "procedure_identifier": "R03", "route_type": "A", "transition_identifier": "EMREL", "seqno": 20, "waypoint_icao_code": "VY", "waypoint_identifier": "YY902", "waypoint_latitude": 16.75986111, "waypoint_longitude": 96.03311111, "waypoint_description_code": "E", "turn_direction": null, "rnp": 1.0, "path_termination": "TF", "recommanded_navaid": null, "recommanded_navaid_latitude": null, "recommanded_navaid_longitude": null, "arc_radius": null, "theta": null, "rho": null, "magnetic_course": null, "route_distance_holding_distance_time": null, "distance_time": null, "altitude_description": "+", "altitude1": 1800.0, "altitude2": null, "transition_altitude": null, "speed_limit_description": "-", "speed_limit": 200.0, "vertical_angle": null, "center_waypoint": null, "center_waypoint_latitude": null, "center_waypoint_longitude": null, "aircraft_category": null}, "geometry": {"type": "MultiPoint", "coordinates": [[96.03311111, 16.75986111]]}}, {"type": "Feature", "properties": {"fid": 1728, "area_code": "PAC", "airport_identifier": "VYYY", "procedure_identifier": "R03", "route_type": "A", "transition_identifier": "OSIDA", "seqno": 10, "waypoint_icao_code": "VY", "waypoint_identifier": "OSIDA", "waypoint_latitude": 16.68783333, "waypoint_longitude": 95.98427778, "waypoint_description_code": "E  A", "turn_direction": null, "rnp": 1.0, "path_termination": "IF", "recommanded_navaid": null, "recommanded_navaid_latitude": null, "recommanded_navaid_longitude": null, "arc_radius": null, "theta": null, "rho": null, "magnetic_course": null, "route_distance_holding_distance_time": null, "distance_time": null, "altitude_description": "+", "altitude1": 4000.0, "altitude2": null, "transition_altitude": null, "speed_limit_description": "-", "speed_limit": 230.0, "vertical_angle": null, "center_waypoint": null, "center_waypoint_latitude": null, "center_waypoint_longitude": null, "aircraft_category": null}, "geometry": {"type": "MultiPoint", "coordinates": [[95.98427778, 16.68783333]]}}, {"type": "Feature", "properties": {"fid": 1729, "area_code": "PAC", "airport_identifier": "VYYY", "procedure_identifier": "R03", "route_type": "A", "transition_identifier": "OSIDA", "seqno": 20, "waypoint_icao_code": "VY", "waypoint_identifier": "YY902", "waypoint_latitude": 16.75986111, "waypoint_longitude": 96.03311111, "waypoint_description_code": "E", "turn_direction": null, "rnp": 1.0, "path_termination": "TF", "recommanded_navaid": null, "recommanded_navaid_latitude": null, "recommanded_navaid_longitude": null, "arc_radius": null, "theta": null, "rho": null, "magnetic_course": null, "route_distance_holding_distance_time": null, "distance_time": null, "altitude_description": "+", "altitude1": 1800.0, "altitude2": null, "transition_altitude": null, "speed_limit_description": "-", "speed_limit": 200.0, "vertical_angle": null, "center_waypoint": null, "center_waypoint_latitude": null, "center_waypoint_longitude": null, "aircraft_category": null}, "geometry": {"type": "MultiPoint", "coordinates": [[96.03311111, 16.75986111]]}}, {"type": "Feature", "properties": {"fid": 1731, "area_code": "PAC", "airport_identifier": "VYYY", "procedure_identifier": "R03", "route_type": "A", "transition_identifier": "PALPO", "seqno": 10, "waypoint_icao_code": "VY", "waypoint_identifier": "PALPO", "waypoint_latitude": 16.70988889, "waypoint_longitude": 96.11230556, "waypoint_description_code": "E  A", "turn_direction": null, "rnp": 1.0, "path_termination": "IF", "recommanded_navaid": null, "recommanded_navaid_latitude": null, "recommanded_navaid_longitude": null, "arc_radius": null, "theta": null, "rho": null, "magnetic_course": null, "route_distance_holding_distance_time": null, "distance_time": null, "altitude_description": "+", "altitude1": 4000.0, "altitude2": null, "transition_altitude": null, "speed_limit_description": "-", "speed_limit": 230.0, "vertical_angle": null, "center_waypoint": null, "center_waypoint_latitude": null, "center_waypoint_longitude": null, "aircraft_category": null}, "geometry": {"type": "MultiPoint", "coordinates": [[96.11230556, 16.70988889]]}}, {"type": "Feature", "properties": {"fid": 1732, "area_code": "PAC", "airport_identifier": "VYYY", "procedure_identifier": "R03", "route_type": "A", "transition_identifier": "PALPO", "seqno": 20, "waypoint_icao_code": "VY", "waypoint_identifier": "YY902", "waypoint_latitude": 16.75986111, "waypoint_longitude": 96.03311111, "waypoint_description_code": "E", "turn_direction": null, "rnp": 1.0, "path_termination": "TF", "recommanded_navaid": null, "recommanded_navaid_latitude": null, "recommanded_navaid_longitude": null, "arc_radius": null, "theta": null, "rho": null, "magnetic_course": null, "route_distance_holding_distance_time": null, "distance_time": null, "altitude_description": "+", "altitude1": 1800.0, "altitude2": null, "transition_altitude": null, "speed_limit_description": "-", "speed_limit": 200.0, "vertical_angle": null, "center_waypoint": null, "center_waypoint_latitude": null, "center_waypoint_longitude": null, "aircraft_category": null}, "geometry": {"type": "MultiPoint", "coordinates": [[96.03311111, 16.75986111]]}}, {"type": "Feature", "properties": {"fid": 1734, "area_code": "PAC", "airport_identifier": "VYYY", "procedure_identifier": "R03", "route_type": "R", "transition_identifier": null, "seqno": 10, "waypoint_icao_code": "VY", "waypoint_identifier": "YY902", "waypoint_latitude": 16.75986111, "waypoint_longitude": 96.03311111, "waypoint_description_code": "E  I", "turn_direction": null, "rnp": null, "path_termination": "IF", "recommanded_navaid": null, "recommanded_navaid_latitude": null, "recommanded_navaid_longitude": null, "arc_radius": null, "theta": null, "rho": null, "magnetic_course": null, "route_distance_holding_distance_time": null, "distance_time": null, "altitude_description": "+", "altitude1": 1800.0, "altitude2": null, "transition_altitude": null, "speed_limit_description": "-", "speed_limit": 200.0, "vertical_angle": null, "center_waypoint": null, "center_waypoint_latitude": null, "center_waypoint_longitude": null, "aircraft_category": null}, "geometry": {"type": "MultiPoint", "coordinates": [[96.03311111, 16.75986111]]}}, {"type": "Feature", "properties": {"fid": 1735, "area_code": "PAC", "airport_identifier": "VYYY", "procedure_identifier": "R03", "route_type": "R", "transition_identifier": null, "seqno": 20, "waypoint_icao_code": "VY", "waypoint_identifier": "LUNGO", "waypoint_latitude": 16.82580556, "waypoint_longitude": 96.07788889, "waypoint_description_code": "E  F", "turn_direction": null, "rnp": null, "path_termination": "TF", "recommanded_navaid": null, "recommanded_navaid_latitude": null, "recommanded_navaid_longitude": null, "arc_radius": null, "theta": null, "rho": null, "magnetic_course": 34.0, "route_distance_holding_distance_time": 4.7, "distance_time": "D", "altitude_description": "@", "altitude1": 1800.0, "altitude2": null, "transition_altitude": null, "speed_limit_description": null, "speed_limit": null, "vertical_angle": null, "center_waypoint": null, "center_waypoint_latitude": null, "center_waypoint_longitude": null, "aircraft_category": null}, "geometry": {"type": "MultiPoint", "coordinates": [[96.07788889, 16.82580556]]}}, {"type": "Feature", "properties": {"fid": 1736, "area_code": "PAC", "airport_identifier": "VYYY", "procedure_identifier": "R03", "route_type": "R", "transition_identifier": null, "seqno": 30, "waypoint_icao_code": "VY", "waypoint_identifier": "RW03", "waypoint_latitude": 16.89793889, "waypoint_longitude": 96.12688889, "waypoint_description_code": "GY M", "turn_direction": null, "rnp": null, "path_termination": "TF", "recommanded_navaid": null, "recommanded_navaid_latitude": null, "recommanded_navaid_longitude": null, "arc_radius": null, "theta": null, "rho": null, "magnetic_course": 34.0, "route_distance_holding_distance_time": 5.2, "distance_time": "D", "altitude_description": "@", "altitude1": 160.0, "altitude2": null, "transition_altitude": null, "speed_limit_description": null, "speed_limit": null, "vertical_angle": -3.0, "center_waypoint": null, "center_waypoint_latitude": null, "center_waypoint_longitude": null, "aircraft_category": null}, "geometry": {"type": "MultiPoint", "coordinates": [[96.12688889, 16.89793889]]}}, {"type": "Feature", "properties": {"fid": 1738, "area_code": "PAC", "airport_identifier": "VYYY", "procedure_identifier": "R03", "route_type": "R", "transition_identifier": null, "seqno": 40, "waypoint_icao_code": "VY", "waypoint_identifier": "YY903", "waypoint_latitude": 16.97705556, "waypoint_longitude": 96.15519444, "waypoint_description_code": "E", "turn_direction": null, "rnp": 1.0, "path_termination": "CF", "recommanded_navaid": null, "recommanded_navaid_latitude": null, "recommanded_navaid_longitude": null, "arc_radius": null, "theta": null, "rho": null, "magnetic_course": 20.0, "route_distance_holding_distance_time": 5.0, "distance_time": "D", "altitude_description": "+", "altitude1": 1200.0, "altitude2": null, "transition_altitude": null, "speed_limit_description": null, "speed_limit": null, "vertical_angle": null, "center_waypoint": null, "center_waypoint_latitude": null, "center_waypoint_longitude": null, "aircraft_category": null}, "geometry": {"type": "MultiPoint", "coordinates": [[96.15519444, 16.97705556]]}}, {"type": "Feature", "properties": {"fid": 1739, "area_code": "PAC", "airport_identifier": "VYYY", "procedure_identifier": "R03", "route_type": "R", "transition_identifier": null, "seqno": 50, "waypoint_icao_code": "VY", "waypoint_identifier": "YY904", "waypoint_latitude": 17.03147222, "waypoint_longitude": 95.99072222, "waypoint_description_code": "E", "turn_direction": null, "rnp": 1.0, "path_termination": "TF", "recommanded_navaid": null, "recommanded_navaid_latitude": null, "recommanded_navaid_longitude": null, "arc_radius": null, "theta": null, "rho": null, "magnetic_course": null, "route_distance_holding_distance_time": null, "distance_time": null, "altitude_description": "+", "altitude1": 2700.0, "altitude2": null, "transition_altitude": null, "speed_limit_description": null, "speed_limit": null, "vertical_angle": null, "center_waypoint": null, "center_waypoint_latitude": null, "center_waypoint_longitude": null, "aircraft_category": null}, "geometry": {"type": "MultiPoint", "coordinates": [[95.99072222, 17.03147222]]}}, {"type": "Feature", "properties": {"fid": 1740, "area_code": "PAC", "airport_identifier": "VYYY", "procedure_identifier": "R03", "route_type": "R", "transition_identifier": null, "seqno": 60, "waypoint_icao_code": "VY", "waypoint_identifier": "BODIN", "waypoint_latitude": 16.95236111, "waypoint_longitude": 95.96241667, "waypoint_description_code": "EY", "turn_direction": null, "rnp": 1.0, "path_termination": "TF", "recommanded_navaid": null, "recommanded_navaid_latitude": null, "recommanded_navaid_longitude": null, "arc_radius": null, "theta": null, "rho": null, "magnetic_course": null, "route_distance_holding_distance_time": null, "distance_time": null, "altitude_description": "+", "altitude1": 3000.0, "altitude2": null, "transition_altitude": null, "speed_limit_description": "-", "speed_limit": 230.0, "vertical_angle": null, "center_waypoint": null, "center_waypoint_latitude": null, "center_waypoint_longitude": null, "aircraft_category": null}, "geometry": {"type": "MultiPoint", "coordinates": [[95.96241667, 16.95236111]]}}, {"type": "Feature", "properties": {"fid": 1741, "area_code": "PAC", "airport_identifier": "VYYY", "procedure_identifier": "R03", "route_type": "R", "transition_identifier": null, "seqno": 70, "waypoint_icao_code": "VY", "waypoint_identifier": "BODIN", "waypoint_latitude": 16.95236111, "waypoint_longitude": 95.96241667, "waypoint_description_code": "E  H", "turn_direction": "L", "rnp": 1.0, "path_termination": "HM", "recommanded_navaid": null, "recommanded_navaid_latitude": null, "recommanded_navaid_longitude": null, "arc_radius": null, "theta": null, "rho": null, "magnetic_course": 154.0, "route_distance_holding_distance_time": 1.0, "distance_time": "T", "altitude_description": "+", "altitude1": 3000.0, "altitude2": null, "transition_altitude": null, "speed_limit_description": "-", "speed_limit": 230.0, "vertical_angle": null, "center_waypoint": null, "center_waypoint_latitude": null, "center_waypoint_longitude": null, "aircraft_category": null}, "geometry": {"type": "MultiPoint", "coordinates": [[95.96241667, 16.95236111]]}}]}