{"type": "FeatureCollection", "name": "pbn_waypoint", "crs": {"type": "name", "properties": {"name": "urn:ogc:def:crs:OGC:1.3:CRS84"}}, "features": [{"type": "Feature", "properties": {"fid": 690, "area_code": "PAC", "airport_identifier": "VYNT", "procedure_identifier": "R16", "route_type": "A", "transition_identifier": "MINGO", "seqno": 10, "waypoint_icao_code": "VY", "waypoint_identifier": "MINGO", "waypoint_latitude": 19.83827778, "waypoint_longitude": 96.01002778, "waypoint_description_code": "E  A", "turn_direction": null, "rnp": 1.0, "path_termination": "IF", "recommanded_navaid": null, "recommanded_navaid_latitude": null, "recommanded_navaid_longitude": null, "arc_radius": null, "theta": null, "rho": null, "magnetic_course": null, "route_distance_holding_distance_time": null, "distance_time": null, "altitude_description": "+", "altitude1": 4000.0, "altitude2": null, "transition_altitude": null, "speed_limit_description": "-", "speed_limit": 230.0, "vertical_angle": null, "center_waypoint": null, "center_waypoint_latitude": null, "center_waypoint_longitude": null, "aircraft_category": null}, "geometry": {"type": "MultiPoint", "coordinates": [[96.01002778, 19.83827778]]}}, {"type": "Feature", "properties": {"fid": 691, "area_code": "PAC", "airport_identifier": "VYNT", "procedure_identifier": "R16", "route_type": "A", "transition_identifier": "MINGO", "seqno": 20, "waypoint_icao_code": "VY", "waypoint_identifier": "NT901", "waypoint_latitude": 19.87061111, "waypoint_longitude": 96.09155556, "waypoint_description_code": "E", "turn_direction": null, "rnp": 1.0, "path_termination": "TF", "recommanded_navaid": null, "recommanded_navaid_latitude": null, "recommanded_navaid_longitude": null, "arc_radius": null, "theta": null, "rho": null, "magnetic_course": null, "route_distance_holding_distance_time": null, "distance_time": null, "altitude_description": "+", "altitude1": 4000.0, "altitude2": null, "transition_altitude": null, "speed_limit_description": "-", "speed_limit": 230.0, "vertical_angle": null, "center_waypoint": null, "center_waypoint_latitude": null, "center_waypoint_longitude": null, "aircraft_category": null}, "geometry": {"type": "MultiPoint", "coordinates": [[96.09155556, 19.87061111]]}}, {"type": "Feature", "properties": {"fid": 693, "area_code": "PAC", "airport_identifier": "VYNT", "procedure_identifier": "R16", "route_type": "A", "transition_identifier": "THIRI", "seqno": 10, "waypoint_icao_code": "VY", "waypoint_identifier": "THIRI", "waypoint_latitude": 19.94775, "waypoint_longitude": 96.05736111, "waypoint_description_code": "E  A", "turn_direction": null, "rnp": 1.0, "path_termination": "IF", "recommanded_navaid": null, "recommanded_navaid_latitude": null, "recommanded_navaid_longitude": null, "arc_radius": null, "theta": null, "rho": null, "magnetic_course": null, "route_distance_holding_distance_time": null, "distance_time": null, "altitude_description": "+", "altitude1": 4000.0, "altitude2": null, "transition_altitude": null, "speed_limit_description": "-", "speed_limit": 230.0, "vertical_angle": null, "center_waypoint": null, "center_waypoint_latitude": null, "center_waypoint_longitude": null, "aircraft_category": null}, "geometry": {"type": "MultiPoint", "coordinates": [[96.05736111, 19.94775]]}}, {"type": "Feature", "properties": {"fid": 694, "area_code": "PAC", "airport_identifier": "VYNT", "procedure_identifier": "R16", "route_type": "A", "transition_identifier": "THIRI", "seqno": 20, "waypoint_icao_code": "VY", "waypoint_identifier": "NT901", "waypoint_latitude": 19.87061111, "waypoint_longitude": 96.09155556, "waypoint_description_code": "E", "turn_direction": null, "rnp": 1.0, "path_termination": "TF", "recommanded_navaid": null, "recommanded_navaid_latitude": null, "recommanded_navaid_longitude": null, "arc_radius": null, "theta": null, "rho": null, "magnetic_course": null, "route_distance_holding_distance_time": null, "distance_time": null, "altitude_description": "+", "altitude1": 4000.0, "altitude2": null, "transition_altitude": null, "speed_limit_description": "-", "speed_limit": 230.0, "vertical_angle": null, "center_waypoint": null, "center_waypoint_latitude": null, "center_waypoint_longitude": null, "aircraft_category": null}, "geometry": {"type": "MultiPoint", "coordinates": [[96.09155556, 19.87061111]]}}, {"type": "Feature", "properties": {"fid": 696, "area_code": "PAC", "airport_identifier": "VYNT", "procedure_identifier": "R16", "route_type": "R", "transition_identifier": null, "seqno": 10, "waypoint_icao_code": "VY", "waypoint_identifier": "NT901", "waypoint_latitude": 19.87061111, "waypoint_longitude": 96.09155556, "waypoint_description_code": "E  I", "turn_direction": null, "rnp": null, "path_termination": "IF", "recommanded_navaid": null, "recommanded_navaid_latitude": null, "recommanded_navaid_longitude": null, "arc_radius": null, "theta": null, "rho": null, "magnetic_course": null, "route_distance_holding_distance_time": null, "distance_time": null, "altitude_description": "+", "altitude1": 4000.0, "altitude2": null, "transition_altitude": null, "speed_limit_description": "-", "speed_limit": 230.0, "vertical_angle": null, "center_waypoint": null, "center_waypoint_latitude": null, "center_waypoint_longitude": null, "aircraft_category": null}, "geometry": {"type": "MultiPoint", "coordinates": [[96.09155556, 19.87061111]]}}, {"type": "Feature", "properties": {"fid": 697, "area_code": "PAC", "airport_identifier": "VYNT", "procedure_identifier": "R16", "route_type": "R", "transition_identifier": null, "seqno": 20, "waypoint_icao_code": "VY", "waypoint_identifier": "MUDRA", "waypoint_latitude": 19.72730556, "waypoint_longitude": 96.15508333, "waypoint_description_code": "E  F", "turn_direction": null, "rnp": null, "path_termination": "TF", "recommanded_navaid": null, "recommanded_navaid_latitude": null, "recommanded_navaid_longitude": null, "arc_radius": null, "theta": null, "rho": null, "magnetic_course": 158.0, "route_distance_holding_distance_time": 9.3, "distance_time": "D", "altitude_description": "@", "altitude1": 2200.0, "altitude2": null, "transition_altitude": null, "speed_limit_description": null, "speed_limit": null, "vertical_angle": null, "center_waypoint": null, "center_waypoint_latitude": null, "center_waypoint_longitude": null, "aircraft_category": null}, "geometry": {"type": "MultiPoint", "coordinates": [[96.15508333, 19.72730556]]}}, {"type": "Feature", "properties": {"fid": 698, "area_code": "PAC", "airport_identifier": "VYNT", "procedure_identifier": "R16", "route_type": "R", "transition_identifier": null, "seqno": 30, "waypoint_icao_code": "VY", "waypoint_identifier": "RW16", "waypoint_latitude": 19.63878611, "waypoint_longitude": 96.19425556, "waypoint_description_code": "GY M", "turn_direction": null, "rnp": null, "path_termination": "TF", "recommanded_navaid": null, "recommanded_navaid_latitude": null, "recommanded_navaid_longitude": null, "arc_radius": null, "theta": null, "rho": null, "magnetic_course": 158.0, "route_distance_holding_distance_time": 5.7, "distance_time": "D", "altitude_description": "@", "altitude1": 345.0, "altitude2": null, "transition_altitude": null, "speed_limit_description": null, "speed_limit": null, "vertical_angle": -3.0, "center_waypoint": null, "center_waypoint_latitude": null, "center_waypoint_longitude": null, "aircraft_category": null}, "geometry": {"type": "MultiPoint", "coordinates": [[96.19425556, 19.63878611]]}}, {"type": "Feature", "properties": {"fid": 700, "area_code": "PAC", "airport_identifier": "VYNT", "procedure_identifier": "R16", "route_type": "R", "transition_identifier": null, "seqno": 40, "waypoint_icao_code": "VY", "waypoint_identifier": "NT902", "waypoint_latitude": 19.56163889, "waypoint_longitude": 96.22838889, "waypoint_description_code": "EY", "turn_direction": null, "rnp": 1.0, "path_termination": "DF", "recommanded_navaid": null, "recommanded_navaid_latitude": null, "recommanded_navaid_longitude": null, "arc_radius": null, "theta": null, "rho": null, "magnetic_course": null, "route_distance_holding_distance_time": null, "distance_time": null, "altitude_description": null, "altitude1": null, "altitude2": null, "transition_altitude": null, "speed_limit_description": "-", "speed_limit": 230.0, "vertical_angle": null, "center_waypoint": null, "center_waypoint_latitude": null, "center_waypoint_longitude": null, "aircraft_category": null}, "geometry": {"type": "MultiPoint", "coordinates": [[96.22838889, 19.56163889]]}}, {"type": "Feature", "properties": {"fid": 701, "area_code": "PAC", "airport_identifier": "VYNT", "procedure_identifier": "R16", "route_type": "R", "transition_identifier": null, "seqno": 50, "waypoint_icao_code": "VY", "waypoint_identifier": "NT903", "waypoint_latitude": 19.60641667, "waypoint_longitude": 96.11286111, "waypoint_description_code": "E", "turn_direction": "R", "rnp": 1.0, "path_termination": "DF", "recommanded_navaid": null, "recommanded_navaid_latitude": null, "recommanded_navaid_longitude": null, "arc_radius": null, "theta": null, "rho": null, "magnetic_course": null, "route_distance_holding_distance_time": null, "distance_time": null, "altitude_description": "+", "altitude1": 2000.0, "altitude2": null, "transition_altitude": null, "speed_limit_description": "-", "speed_limit": 230.0, "vertical_angle": null, "center_waypoint": null, "center_waypoint_latitude": null, "center_waypoint_longitude": null, "aircraft_category": null}, "geometry": {"type": "MultiPoint", "coordinates": [[96.11286111, 19.60641667]]}}, {"type": "Feature", "properties": {"fid": 702, "area_code": "PAC", "airport_identifier": "VYNT", "procedure_identifier": "R16", "route_type": "R", "transition_identifier": null, "seqno": 60, "waypoint_icao_code": "VY", "waypoint_identifier": "MINGO", "waypoint_latitude": 19.83827778, "waypoint_longitude": 96.01002778, "waypoint_description_code": "E", "turn_direction": null, "rnp": 1.0, "path_termination": "TF", "recommanded_navaid": null, "recommanded_navaid_latitude": null, "recommanded_navaid_longitude": null, "arc_radius": null, "theta": null, "rho": null, "magnetic_course": null, "route_distance_holding_distance_time": null, "distance_time": null, "altitude_description": "+", "altitude1": 4000.0, "altitude2": null, "transition_altitude": null, "speed_limit_description": "-", "speed_limit": 230.0, "vertical_angle": null, "center_waypoint": null, "center_waypoint_latitude": null, "center_waypoint_longitude": null, "aircraft_category": null}, "geometry": {"type": "MultiPoint", "coordinates": [[96.01002778, 19.83827778]]}}, {"type": "Feature", "properties": {"fid": 703, "area_code": "PAC", "airport_identifier": "VYNT", "procedure_identifier": "R16", "route_type": "R", "transition_identifier": null, "seqno": 70, "waypoint_icao_code": "VY", "waypoint_identifier": "MINGO", "waypoint_latitude": 19.83827778, "waypoint_longitude": 96.01002778, "waypoint_description_code": "E  H", "turn_direction": "L", "rnp": 1.0, "path_termination": "HM", "recommanded_navaid": null, "recommanded_navaid_latitude": null, "recommanded_navaid_longitude": null, "arc_radius": null, "theta": null, "rho": null, "magnetic_course": 68.0, "route_distance_holding_distance_time": 1.0, "distance_time": "T", "altitude_description": "+", "altitude1": 4000.0, "altitude2": null, "transition_altitude": null, "speed_limit_description": "-", "speed_limit": 230.0, "vertical_angle": null, "center_waypoint": null, "center_waypoint_latitude": null, "center_waypoint_longitude": null, "aircraft_category": null}, "geometry": {"type": "MultiPoint", "coordinates": [[96.01002778, 19.83827778]]}}, {"type": "Feature", "properties": {"fid": 749, "area_code": "PAC", "airport_identifier": "VYSW", "procedure_identifier": "R29", "route_type": "A", "transition_identifier": "AKYAB", "seqno": 10, "waypoint_icao_code": "VY", "waypoint_identifier": "AKYAB", "waypoint_latitude": 20.0695, "waypoint_longitude": 93.13994444, "waypoint_description_code": "E  A", "turn_direction": null, "rnp": 1.0, "path_termination": "IF", "recommanded_navaid": null, "recommanded_navaid_latitude": null, "recommanded_navaid_longitude": null, "arc_radius": null, "theta": null, "rho": null, "magnetic_course": null, "route_distance_holding_distance_time": null, "distance_time": null, "altitude_description": "+", "altitude1": 3000.0, "altitude2": null, "transition_altitude": null, "speed_limit_description": "-", "speed_limit": 210.0, "vertical_angle": null, "center_waypoint": null, "center_waypoint_latitude": null, "center_waypoint_longitude": null, "aircraft_category": null}, "geometry": {"type": "MultiPoint", "coordinates": [[93.13994444, 20.0695]]}}, {"type": "Feature", "properties": {"fid": 750, "area_code": "PAC", "airport_identifier": "VYSW", "procedure_identifier": "R29", "route_type": "A", "transition_identifier": "AKYAB", "seqno": 20, "waypoint_icao_code": "VY", "waypoint_identifier": "SW901", "waypoint_latitude": 20.08983333, "waypoint_longitude": 93.05405556, "waypoint_description_code": "E", "turn_direction": null, "rnp": 1.0, "path_termination": "TF", "recommanded_navaid": null, "recommanded_navaid_latitude": null, "recommanded_navaid_longitude": null, "arc_radius": null, "theta": null, "rho": null, "magnetic_course": null, "route_distance_holding_distance_time": null, "distance_time": null, "altitude_description": "+", "altitude1": 2500.0, "altitude2": null, "transition_altitude": null, "speed_limit_description": null, "speed_limit": null, "vertical_angle": null, "center_waypoint": null, "center_waypoint_latitude": null, "center_waypoint_longitude": null, "aircraft_category": null}, "geometry": {"type": "MultiPoint", "coordinates": [[93.05405556, 20.08983333]]}}, {"type": "Feature", "properties": {"fid": 752, "area_code": "PAC", "airport_identifier": "VYSW", "procedure_identifier": "R29", "route_type": "A", "transition_identifier": "WADIE", "seqno": 10, "waypoint_icao_code": "VY", "waypoint_identifier": "WADIE", "waypoint_latitude": 19.94558333, "waypoint_longitude": 92.81436111, "waypoint_description_code": "E  A", "turn_direction": null, "rnp": 1.0, "path_termination": "IF", "recommanded_navaid": null, "recommanded_navaid_latitude": null, "recommanded_navaid_longitude": null, "arc_radius": null, "theta": null, "rho": null, "magnetic_course": null, "route_distance_holding_distance_time": null, "distance_time": null, "altitude_description": "+", "altitude1": 3000.0, "altitude2": null, "transition_altitude": null, "speed_limit_description": "-", "speed_limit": 210.0, "vertical_angle": null, "center_waypoint": null, "center_waypoint_latitude": null, "center_waypoint_longitude": null, "aircraft_category": null}, "geometry": {"type": "MultiPoint", "coordinates": [[92.81436111, 19.94558333]]}}, {"type": "Feature", "properties": {"fid": 753, "area_code": "PAC", "airport_identifier": "VYSW", "procedure_identifier": "R29", "route_type": "A", "transition_identifier": "WADIE", "seqno": 20, "waypoint_icao_code": "VY", "waypoint_identifier": "TAZIN", "waypoint_latitude": 19.97622222, "waypoint_longitude": 93.02397222, "waypoint_description_code": "E", "turn_direction": null, "rnp": 1.0, "path_termination": "TF", "recommanded_navaid": null, "recommanded_navaid_latitude": null, "recommanded_navaid_longitude": null, "arc_radius": null, "theta": null, "rho": null, "magnetic_course": null, "route_distance_holding_distance_time": null, "distance_time": null, "altitude_description": "+", "altitude1": 3000.0, "altitude2": null, "transition_altitude": null, "speed_limit_description": null, "speed_limit": null, "vertical_angle": null, "center_waypoint": null, "center_waypoint_latitude": null, "center_waypoint_longitude": null, "aircraft_category": null}, "geometry": {"type": "MultiPoint", "coordinates": [[93.02397222, 19.97622222]]}}, {"type": "Feature", "properties": {"fid": 754, "area_code": "PAC", "airport_identifier": "VYSW", "procedure_identifier": "R29", "route_type": "A", "transition_identifier": "WADIE", "seqno": 30, "waypoint_icao_code": "VY", "waypoint_identifier": "SW901", "waypoint_latitude": 20.08983333, "waypoint_longitude": 93.05405556, "waypoint_description_code": "E", "turn_direction": null, "rnp": 1.0, "path_termination": "TF", "recommanded_navaid": null, "recommanded_navaid_latitude": null, "recommanded_navaid_longitude": null, "arc_radius": null, "theta": null, "rho": null, "magnetic_course": null, "route_distance_holding_distance_time": null, "distance_time": null, "altitude_description": "+", "altitude1": 2500.0, "altitude2": null, "transition_altitude": null, "speed_limit_description": null, "speed_limit": null, "vertical_angle": null, "center_waypoint": null, "center_waypoint_latitude": null, "center_waypoint_longitude": null, "aircraft_category": null}, "geometry": {"type": "MultiPoint", "coordinates": [[93.05405556, 20.08983333]]}}, {"type": "Feature", "properties": {"fid": 756, "area_code": "PAC", "airport_identifier": "VYSW", "procedure_identifier": "R29", "route_type": "R", "transition_identifier": null, "seqno": 10, "waypoint_icao_code": "VY", "waypoint_identifier": "SW901", "waypoint_latitude": 20.08983333, "waypoint_longitude": 93.05405556, "waypoint_description_code": "E  I", "turn_direction": null, "rnp": null, "path_termination": "IF", "recommanded_navaid": null, "recommanded_navaid_latitude": null, "recommanded_navaid_longitude": null, "arc_radius": null, "theta": null, "rho": null, "magnetic_course": null, "route_distance_holding_distance_time": null, "distance_time": null, "altitude_description": "+", "altitude1": 2500.0, "altitude2": null, "transition_altitude": null, "speed_limit_description": null, "speed_limit": null, "vertical_angle": null, "center_waypoint": null, "center_waypoint_latitude": null, "center_waypoint_longitude": null, "aircraft_category": null}, "geometry": {"type": "MultiPoint", "coordinates": [[93.05405556, 20.08983333]]}}, {"type": "Feature", "properties": {"fid": 757, "area_code": "PAC", "airport_identifier": "VYSW", "procedure_identifier": "R29", "route_type": "R", "transition_identifier": null, "seqno": 20, "waypoint_icao_code": "VY", "waypoint_identifier": "SITWE", "waypoint_latitude": 20.11016667, "waypoint_longitude": 92.96816667, "waypoint_description_code": "E  F", "turn_direction": null, "rnp": null, "path_termination": "TF", "recommanded_navaid": null, "recommanded_navaid_latitude": null, "recommanded_navaid_longitude": null, "arc_radius": null, "theta": null, "rho": null, "magnetic_course": 285.0, "route_distance_holding_distance_time": 5.0, "distance_time": "D", "altitude_description": "@", "altitude1": 1700.0, "altitude2": null, "transition_altitude": null, "speed_limit_description": null, "speed_limit": null, "vertical_angle": null, "center_waypoint": null, "center_waypoint_latitude": null, "center_waypoint_longitude": null, "aircraft_category": null}, "geometry": {"type": "MultiPoint", "coordinates": [[92.96816667, 20.11016667]]}}, {"type": "Feature", "properties": {"fid": 758, "area_code": "PAC", "airport_identifier": "VYSW", "procedure_identifier": "R29", "route_type": "R", "transition_identifier": null, "seqno": 30, "waypoint_icao_code": "VY", "waypoint_identifier": "RW29", "waypoint_latitude": 20.13075, "waypoint_longitude": 92.88120833, "waypoint_description_code": "GY M", "turn_direction": null, "rnp": null, "path_termination": "TF", "recommanded_navaid": null, "recommanded_navaid_latitude": null, "recommanded_navaid_longitude": null, "arc_radius": null, "theta": null, "rho": null, "magnetic_course": 285.0, "route_distance_holding_distance_time": 5.1, "distance_time": "D", "altitude_description": "@", "altitude1": 89.0, "altitude2": null, "transition_altitude": null, "speed_limit_description": null, "speed_limit": null, "vertical_angle": -3.0, "center_waypoint": null, "center_waypoint_latitude": null, "center_waypoint_longitude": null, "aircraft_category": null}, "geometry": {"type": "MultiPoint", "coordinates": [[92.88120833, 20.13075]]}}, {"type": "Feature", "properties": {"fid": 760, "area_code": "PAC", "airport_identifier": "VYSW", "procedure_identifier": "R29", "route_type": "R", "transition_identifier": null, "seqno": 40, "waypoint_icao_code": "VY", "waypoint_identifier": "SW902", "waypoint_latitude": 20.14797222, "waypoint_longitude": 92.80833333, "waypoint_description_code": "EY", "turn_direction": null, "rnp": 1.0, "path_termination": "DF", "recommanded_navaid": null, "recommanded_navaid_latitude": null, "recommanded_navaid_longitude": null, "arc_radius": null, "theta": null, "rho": null, "magnetic_course": null, "route_distance_holding_distance_time": null, "distance_time": null, "altitude_description": null, "altitude1": null, "altitude2": null, "transition_altitude": null, "speed_limit_description": null, "speed_limit": null, "vertical_angle": null, "center_waypoint": null, "center_waypoint_latitude": null, "center_waypoint_longitude": null, "aircraft_category": null}, "geometry": {"type": "MultiPoint", "coordinates": [[92.80833333, 20.14797222]]}}, {"type": "Feature", "properties": {"fid": 761, "area_code": "PAC", "airport_identifier": "VYSW", "procedure_identifier": "R29", "route_type": "R", "transition_identifier": null, "seqno": 50, "waypoint_icao_code": "VY", "waypoint_identifier": "WADIE", "waypoint_latitude": 19.94558333, "waypoint_longitude": 92.81436111, "waypoint_description_code": "E", "turn_direction": "L", "rnp": 1.0, "path_termination": "DF", "recommanded_navaid": null, "recommanded_navaid_latitude": null, "recommanded_navaid_longitude": null, "arc_radius": null, "theta": null, "rho": null, "magnetic_course": null, "route_distance_holding_distance_time": null, "distance_time": null, "altitude_description": "+", "altitude1": 3000.0, "altitude2": null, "transition_altitude": null, "speed_limit_description": "-", "speed_limit": 210.0, "vertical_angle": null, "center_waypoint": null, "center_waypoint_latitude": null, "center_waypoint_longitude": null, "aircraft_category": null}, "geometry": {"type": "MultiPoint", "coordinates": [[92.81436111, 19.94558333]]}}, {"type": "Feature", "properties": {"fid": 762, "area_code": "PAC", "airport_identifier": "VYSW", "procedure_identifier": "R29", "route_type": "R", "transition_identifier": null, "seqno": 60, "waypoint_icao_code": "VY", "waypoint_identifier": "WADIE", "waypoint_latitude": 19.94558333, "waypoint_longitude": 92.81436111, "waypoint_description_code": "E  H", "turn_direction": "R", "rnp": 1.0, "path_termination": "HM", "recommanded_navaid": null, "recommanded_navaid_latitude": null, "recommanded_navaid_longitude": null, "arc_radius": null, "theta": null, "rho": null, "magnetic_course": 82.0, "route_distance_holding_distance_time": 1.0, "distance_time": "T", "altitude_description": "+", "altitude1": 3000.0, "altitude2": null, "transition_altitude": null, "speed_limit_description": "-", "speed_limit": 210.0, "vertical_angle": null, "center_waypoint": null, "center_waypoint_latitude": null, "center_waypoint_longitude": null, "aircraft_category": null}, "geometry": {"type": "MultiPoint", "coordinates": [[92.81436111, 19.94558333]]}}, {"type": "Feature", "properties": {"fid": 802, "area_code": "PAC", "airport_identifier": "VYMD", "procedure_identifier": "R35", "route_type": "A", "transition_identifier": "MDS01", "seqno": 10, "waypoint_icao_code": "VY", "waypoint_identifier": "MDS01", "waypoint_latitude": 21.49627778, "waypoint_longitude": 95.91480556, "waypoint_description_code": "E  A", "turn_direction": null, "rnp": 1.0, "path_termination": "IF", "recommanded_navaid": null, "recommanded_navaid_latitude": null, "recommanded_navaid_longitude": null, "arc_radius": null, "theta": null, "rho": null, "magnetic_course": null, "route_distance_holding_distance_time": null, "distance_time": null, "altitude_description": "+", "altitude1": 5000.0, "altitude2": null, "transition_altitude": null, "speed_limit_description": "-", "speed_limit": 230.0, "vertical_angle": null, "center_waypoint": null, "center_waypoint_latitude": null, "center_waypoint_longitude": null, "aircraft_category": null}, "geometry": {"type": "MultiPoint", "coordinates": [[95.91480556, 21.49627778]]}}, {"type": "Feature", "properties": {"fid": 803, "area_code": "PAC", "airport_identifier": "VYMD", "procedure_identifier": "R35", "route_type": "A", "transition_identifier": "MDS01", "seqno": 20, "waypoint_icao_code": "VY", "waypoint_identifier": "MDS05", "waypoint_latitude": 21.51372222, "waypoint_longitude": 96.01058333, "waypoint_description_code": "E", "turn_direction": null, "rnp": 1.0, "path_termination": "TF", "recommanded_navaid": null, "recommanded_navaid_latitude": null, "recommanded_navaid_longitude": null, "arc_radius": null, "theta": null, "rho": null, "magnetic_course": null, "route_distance_holding_distance_time": null, "distance_time": null, "altitude_description": "+", "altitude1": 3000.0, "altitude2": null, "transition_altitude": null, "speed_limit_description": "-", "speed_limit": 200.0, "vertical_angle": null, "center_waypoint": null, "center_waypoint_latitude": null, "center_waypoint_longitude": null, "aircraft_category": null}, "geometry": {"type": "MultiPoint", "coordinates": [[96.01058333, 21.51372222]]}}, {"type": "Feature", "properties": {"fid": 805, "area_code": "PAC", "airport_identifier": "VYMD", "procedure_identifier": "R35", "route_type": "A", "transition_identifier": "MDS02", "seqno": 10, "waypoint_icao_code": "VY", "waypoint_identifier": "MDS02", "waypoint_latitude": 21.42933333, "waypoint_longitude": 96.02811111, "waypoint_description_code": "E  A", "turn_direction": null, "rnp": 1.0, "path_termination": "IF", "recommanded_navaid": null, "recommanded_navaid_latitude": null, "recommanded_navaid_longitude": null, "arc_radius": null, "theta": null, "rho": null, "magnetic_course": null, "route_distance_holding_distance_time": null, "distance_time": null, "altitude_description": "+", "altitude1": 5000.0, "altitude2": null, "transition_altitude": null, "speed_limit_description": "-", "speed_limit": 230.0, "vertical_angle": null, "center_waypoint": null, "center_waypoint_latitude": null, "center_waypoint_longitude": null, "aircraft_category": null}, "geometry": {"type": "MultiPoint", "coordinates": [[96.02811111, 21.42933333]]}}, {"type": "Feature", "properties": {"fid": 806, "area_code": "PAC", "airport_identifier": "VYMD", "procedure_identifier": "R35", "route_type": "A", "transition_identifier": "MDS02", "seqno": 20, "waypoint_icao_code": "VY", "waypoint_identifier": "MDS05", "waypoint_latitude": 21.51372222, "waypoint_longitude": 96.01058333, "waypoint_description_code": "E", "turn_direction": null, "rnp": 1.0, "path_termination": "TF", "recommanded_navaid": null, "recommanded_navaid_latitude": null, "recommanded_navaid_longitude": null, "arc_radius": null, "theta": null, "rho": null, "magnetic_course": null, "route_distance_holding_distance_time": null, "distance_time": null, "altitude_description": "+", "altitude1": 3000.0, "altitude2": null, "transition_altitude": null, "speed_limit_description": "-", "speed_limit": 200.0, "vertical_angle": null, "center_waypoint": null, "center_waypoint_latitude": null, "center_waypoint_longitude": null, "aircraft_category": null}, "geometry": {"type": "MultiPoint", "coordinates": [[96.01058333, 21.51372222]]}}, {"type": "Feature", "properties": {"fid": 808, "area_code": "PAC", "airport_identifier": "VYMD", "procedure_identifier": "R35", "route_type": "A", "transition_identifier": "MDS03", "seqno": 10, "waypoint_icao_code": "VY", "waypoint_identifier": "MDS03", "waypoint_latitude": 21.53113889, "waypoint_longitude": 96.10641667, "waypoint_description_code": "E  A", "turn_direction": null, "rnp": 1.0, "path_termination": "IF", "recommanded_navaid": null, "recommanded_navaid_latitude": null, "recommanded_navaid_longitude": null, "arc_radius": null, "theta": null, "rho": null, "magnetic_course": null, "route_distance_holding_distance_time": null, "distance_time": null, "altitude_description": "+", "altitude1": 5000.0, "altitude2": null, "transition_altitude": null, "speed_limit_description": "-", "speed_limit": 230.0, "vertical_angle": null, "center_waypoint": null, "center_waypoint_latitude": null, "center_waypoint_longitude": null, "aircraft_category": null}, "geometry": {"type": "MultiPoint", "coordinates": [[96.10641667, 21.53113889]]}}, {"type": "Feature", "properties": {"fid": 809, "area_code": "PAC", "airport_identifier": "VYMD", "procedure_identifier": "R35", "route_type": "A", "transition_identifier": "MDS03", "seqno": 20, "waypoint_icao_code": "VY", "waypoint_identifier": "MDS05", "waypoint_latitude": 21.51372222, "waypoint_longitude": 96.01058333, "waypoint_description_code": "E", "turn_direction": null, "rnp": 1.0, "path_termination": "TF", "recommanded_navaid": null, "recommanded_navaid_latitude": null, "recommanded_navaid_longitude": null, "arc_radius": null, "theta": null, "rho": null, "magnetic_course": null, "route_distance_holding_distance_time": null, "distance_time": null, "altitude_description": "+", "altitude1": 3000.0, "altitude2": null, "transition_altitude": null, "speed_limit_description": "-", "speed_limit": 200.0, "vertical_angle": null, "center_waypoint": null, "center_waypoint_latitude": null, "center_waypoint_longitude": null, "aircraft_category": null}, "geometry": {"type": "MultiPoint", "coordinates": [[96.01058333, 21.51372222]]}}, {"type": "Feature", "properties": {"fid": 811, "area_code": "PAC", "airport_identifier": "VYMD", "procedure_identifier": "R35", "route_type": "R", "transition_identifier": null, "seqno": 10, "waypoint_icao_code": "VY", "waypoint_identifier": "MDS05", "waypoint_latitude": 21.51372222, "waypoint_longitude": 96.01058333, "waypoint_description_code": "E  I", "turn_direction": null, "rnp": null, "path_termination": "IF", "recommanded_navaid": null, "recommanded_navaid_latitude": null, "recommanded_navaid_longitude": null, "arc_radius": null, "theta": null, "rho": null, "magnetic_course": null, "route_distance_holding_distance_time": null, "distance_time": null, "altitude_description": "+", "altitude1": 3000.0, "altitude2": null, "transition_altitude": null, "speed_limit_description": "-", "speed_limit": 200.0, "vertical_angle": null, "center_waypoint": null, "center_waypoint_latitude": null, "center_waypoint_longitude": null, "aircraft_category": null}, "geometry": {"type": "MultiPoint", "coordinates": [[96.01058333, 21.51372222]]}}, {"type": "Feature", "properties": {"fid": 812, "area_code": "PAC", "airport_identifier": "VYMD", "procedure_identifier": "R35", "route_type": "R", "transition_identifier": null, "seqno": 20, "waypoint_icao_code": "VY", "waypoint_identifier": "MDS04", "waypoint_latitude": 21.59658333, "waypoint_longitude": 95.99594444, "waypoint_description_code": "E  F", "turn_direction": null, "rnp": null, "path_termination": "TF", "recommanded_navaid": null, "recommanded_navaid_latitude": null, "recommanded_navaid_longitude": null, "arc_radius": null, "theta": null, "rho": null, "magnetic_course": 352.0, "route_distance_holding_distance_time": 5.0, "distance_time": "D", "altitude_description": "@", "altitude1": 2000.0, "altitude2": null, "transition_altitude": null, "speed_limit_description": null, "speed_limit": null, "vertical_angle": null, "center_waypoint": null, "center_waypoint_latitude": null, "center_waypoint_longitude": null, "aircraft_category": null}, "geometry": {"type": "MultiPoint", "coordinates": [[95.99594444, 21.59658333]]}}, {"type": "Feature", "properties": {"fid": 813, "area_code": "PAC", "airport_identifier": "VYMD", "procedure_identifier": "R35", "route_type": "R", "transition_identifier": null, "seqno": 30, "waypoint_icao_code": "VY", "waypoint_identifier": "RW35", "waypoint_latitude": 21.68203333, "waypoint_longitude": 95.98074444, "waypoint_description_code": "GY M", "turn_direction": null, "rnp": null, "path_termination": "TF", "recommanded_navaid": null, "recommanded_navaid_latitude": null, "recommanded_navaid_longitude": null, "arc_radius": null, "theta": null, "rho": null, "magnetic_course": 352.0, "route_distance_holding_distance_time": 5.2, "distance_time": "D", "altitude_description": "@", "altitude1": 351.0, "altitude2": null, "transition_altitude": null, "speed_limit_description": null, "speed_limit": null, "vertical_angle": -3.0, "center_waypoint": null, "center_waypoint_latitude": null, "center_waypoint_longitude": null, "aircraft_category": null}, "geometry": {"type": "MultiPoint", "coordinates": [[95.98074444, 21.68203333]]}}, {"type": "Feature", "properties": {"fid": 815, "area_code": "PAC", "airport_identifier": "VYMD", "procedure_identifier": "R35", "route_type": "R", "transition_identifier": null, "seqno": 40, "waypoint_icao_code": "VY", "waypoint_identifier": "MDN08", "waypoint_latitude": 21.76011111, "waypoint_longitude": 95.94872222, "waypoint_description_code": "E", "turn_direction": null, "rnp": 1.0, "path_termination": "CF", "recommanded_navaid": null, "recommanded_navaid_latitude": null, "recommanded_navaid_longitude": null, "arc_radius": null, "theta": null, "rho": null, "magnetic_course": 340.0, "route_distance_holding_distance_time": 5.0, "distance_time": "D", "altitude_description": "+", "altitude1": 1400.0, "altitude2": null, "transition_altitude": null, "speed_limit_description": null, "speed_limit": null, "vertical_angle": null, "center_waypoint": null, "center_waypoint_latitude": null, "center_waypoint_longitude": null, "aircraft_category": null}, "geometry": {"type": "MultiPoint", "coordinates": [[95.94872222, 21.76011111]]}}, {"type": "Feature", "properties": {"fid": 816, "area_code": "PAC", "airport_identifier": "VYMD", "procedure_identifier": "R35", "route_type": "R", "transition_identifier": null, "seqno": 50, "waypoint_icao_code": "VY", "waypoint_identifier": "MDN09", "waypoint_latitude": 21.70008333, "waypoint_longitude": 95.78163889, "waypoint_description_code": "E", "turn_direction": null, "rnp": 1.0, "path_termination": "TF", "recommanded_navaid": null, "recommanded_navaid_latitude": null, "recommanded_navaid_longitude": null, "arc_radius": null, "theta": null, "rho": null, "magnetic_course": null, "route_distance_holding_distance_time": null, "distance_time": null, "altitude_description": "+", "altitude1": 2900.0, "altitude2": null, "transition_altitude": null, "speed_limit_description": "-", "speed_limit": 210.0, "vertical_angle": null, "center_waypoint": null, "center_waypoint_latitude": null, "center_waypoint_longitude": null, "aircraft_category": null}, "geometry": {"type": "MultiPoint", "coordinates": [[95.78163889, 21.70008333]]}}, {"type": "Feature", "properties": {"fid": 817, "area_code": "PAC", "airport_identifier": "VYMD", "procedure_identifier": "R35", "route_type": "R", "transition_identifier": null, "seqno": 60, "waypoint_icao_code": "VY", "waypoint_identifier": "MDN10", "waypoint_latitude": 21.62202778, "waypoint_longitude": 95.81369444, "waypoint_description_code": "EY", "turn_direction": null, "rnp": 1.0, "path_termination": "TF", "recommanded_navaid": null, "recommanded_navaid_latitude": null, "recommanded_navaid_longitude": null, "arc_radius": null, "theta": null, "rho": null, "magnetic_course": null, "route_distance_holding_distance_time": null, "distance_time": null, "altitude_description": "+", "altitude1": 3600.0, "altitude2": null, "transition_altitude": null, "speed_limit_description": "-", "speed_limit": 230.0, "vertical_angle": null, "center_waypoint": null, "center_waypoint_latitude": null, "center_waypoint_longitude": null, "aircraft_category": null}, "geometry": {"type": "MultiPoint", "coordinates": [[95.81369444, 21.62202778]]}}, {"type": "Feature", "properties": {"fid": 818, "area_code": "PAC", "airport_identifier": "VYMD", "procedure_identifier": "R35", "route_type": "R", "transition_identifier": null, "seqno": 70, "waypoint_icao_code": "VY", "waypoint_identifier": "MDN10", "waypoint_latitude": 21.62202778, "waypoint_longitude": 95.81369444, "waypoint_description_code": "E  H", "turn_direction": "R", "rnp": null, "path_termination": "HM", "recommanded_navaid": null, "recommanded_navaid_latitude": null, "recommanded_navaid_longitude": null, "arc_radius": null, "theta": null, "rho": null, "magnetic_course": 110.0, "route_distance_holding_distance_time": 1.0, "distance_time": "T", "altitude_description": "-", "altitude1": 4000.0, "altitude2": null, "transition_altitude": null, "speed_limit_description": "-", "speed_limit": 230.0, "vertical_angle": null, "center_waypoint": null, "center_waypoint_latitude": null, "center_waypoint_longitude": null, "aircraft_category": null}, "geometry": {"type": "MultiPoint", "coordinates": [[95.81369444, 21.62202778]]}}, {"type": "Feature", "properties": {"fid": 918, "area_code": "PAC", "airport_identifier": "VYME", "procedure_identifier": "R36", "route_type": "A", "transition_identifier": "TELAM", "seqno": 10, "waypoint_icao_code": "VY", "waypoint_identifier": "TELAM", "waypoint_latitude": 12.17551389, "waypoint_longitude": 98.60843333, "waypoint_description_code": "E  A", "turn_direction": null, "rnp": 1.0, "path_termination": "IF", "recommanded_navaid": null, "recommanded_navaid_latitude": null, "recommanded_navaid_longitude": null, "arc_radius": null, "theta": null, "rho": null, "magnetic_course": null, "route_distance_holding_distance_time": null, "distance_time": null, "altitude_description": "+", "altitude1": 4000.0, "altitude2": null, "transition_altitude": null, "speed_limit_description": "-", "speed_limit": 210.0, "vertical_angle": null, "center_waypoint": null, "center_waypoint_latitude": null, "center_waypoint_longitude": null, "aircraft_category": null}, "geometry": {"type": "MultiPoint", "coordinates": [[98.60843333, 12.17551389]]}}, {"type": "Feature", "properties": {"fid": 919, "area_code": "PAC", "airport_identifier": "VYME", "procedure_identifier": "R36", "route_type": "A", "transition_identifier": "TELAM", "seqno": 20, "waypoint_icao_code": "VY", "waypoint_identifier": "ME907", "waypoint_latitude": 12.25912778, "waypoint_longitude": 98.61243889, "waypoint_description_code": "E", "turn_direction": null, "rnp": 1.0, "path_termination": "TF", "recommanded_navaid": null, "recommanded_navaid_latitude": null, "recommanded_navaid_longitude": null, "arc_radius": null, "theta": null, "rho": null, "magnetic_course": null, "route_distance_holding_distance_time": null, "distance_time": null, "altitude_description": "+", "altitude1": 2800.0, "altitude2": null, "transition_altitude": null, "speed_limit_description": null, "speed_limit": null, "vertical_angle": null, "center_waypoint": null, "center_waypoint_latitude": null, "center_waypoint_longitude": null, "aircraft_category": null}, "geometry": {"type": "MultiPoint", "coordinates": [[98.61243889, 12.25912778]]}}, {"type": "Feature", "properties": {"fid": 921, "area_code": "PAC", "airport_identifier": "VYME", "procedure_identifier": "R36", "route_type": "A", "transition_identifier": "VIMUM", "seqno": 10, "waypoint_icao_code": "VY", "waypoint_identifier": "VIMUM", "waypoint_latitude": 12.26305278, "waypoint_longitude": 98.52741944, "waypoint_description_code": "E  A", "turn_direction": null, "rnp": 1.0, "path_termination": "IF", "recommanded_navaid": null, "recommanded_navaid_latitude": null, "recommanded_navaid_longitude": null, "arc_radius": null, "theta": null, "rho": null, "magnetic_course": null, "route_distance_holding_distance_time": null, "distance_time": null, "altitude_description": "+", "altitude1": 4000.0, "altitude2": null, "transition_altitude": null, "speed_limit_description": "-", "speed_limit": 210.0, "vertical_angle": null, "center_waypoint": null, "center_waypoint_latitude": null, "center_waypoint_longitude": null, "aircraft_category": null}, "geometry": {"type": "MultiPoint", "coordinates": [[98.52741944, 12.26305278]]}}, {"type": "Feature", "properties": {"fid": 922, "area_code": "PAC", "airport_identifier": "VYME", "procedure_identifier": "R36", "route_type": "A", "transition_identifier": "VIMUM", "seqno": 20, "waypoint_icao_code": "VY", "waypoint_identifier": "ME907", "waypoint_latitude": 12.25912778, "waypoint_longitude": 98.61243889, "waypoint_description_code": "E", "turn_direction": null, "rnp": 1.0, "path_termination": "TF", "recommanded_navaid": null, "recommanded_navaid_latitude": null, "recommanded_navaid_longitude": null, "arc_radius": null, "theta": null, "rho": null, "magnetic_course": null, "route_distance_holding_distance_time": null, "distance_time": null, "altitude_description": "+", "altitude1": 2800.0, "altitude2": null, "transition_altitude": null, "speed_limit_description": null, "speed_limit": null, "vertical_angle": null, "center_waypoint": null, "center_waypoint_latitude": null, "center_waypoint_longitude": null, "aircraft_category": null}, "geometry": {"type": "MultiPoint", "coordinates": [[98.61243889, 12.25912778]]}}, {"type": "Feature", "properties": {"fid": 924, "area_code": "PAC", "airport_identifier": "VYME", "procedure_identifier": "R36", "route_type": "R", "transition_identifier": null, "seqno": 10, "waypoint_icao_code": "VY", "waypoint_identifier": "ME907", "waypoint_latitude": 12.25912778, "waypoint_longitude": 98.61243889, "waypoint_description_code": "E  I", "turn_direction": null, "rnp": null, "path_termination": "IF", "recommanded_navaid": null, "recommanded_navaid_latitude": null, "recommanded_navaid_longitude": null, "arc_radius": null, "theta": null, "rho": null, "magnetic_course": null, "route_distance_holding_distance_time": null, "distance_time": null, "altitude_description": "+", "altitude1": 2800.0, "altitude2": null, "transition_altitude": null, "speed_limit_description": null, "speed_limit": null, "vertical_angle": null, "center_waypoint": null, "center_waypoint_latitude": null, "center_waypoint_longitude": null, "aircraft_category": null}, "geometry": {"type": "MultiPoint", "coordinates": [[98.61243889, 12.25912778]]}}, {"type": "Feature", "properties": {"fid": 925, "area_code": "PAC", "airport_identifier": "VYME", "procedure_identifier": "R36", "route_type": "R", "transition_identifier": null, "seqno": 20, "waypoint_icao_code": "VY", "waypoint_identifier": "PAPSO", "waypoint_latitude": 12.34274167, "waypoint_longitude": 98.61644167, "waypoint_description_code": "E  F", "turn_direction": null, "rnp": null, "path_termination": "TF", "recommanded_navaid": null, "recommanded_navaid_latitude": null, "recommanded_navaid_longitude": null, "arc_radius": null, "theta": null, "rho": null, "magnetic_course": 3.0, "route_distance_holding_distance_time": 5.0, "distance_time": "D", "altitude_description": "@", "altitude1": 1700.0, "altitude2": null, "transition_altitude": null, "speed_limit_description": null, "speed_limit": null, "vertical_angle": null, "center_waypoint": null, "center_waypoint_latitude": null, "center_waypoint_longitude": null, "aircraft_category": null}, "geometry": {"type": "MultiPoint", "coordinates": [[98.61644167, 12.34274167]]}}, {"type": "Feature", "properties": {"fid": 926, "area_code": "PAC", "airport_identifier": "VYME", "procedure_identifier": "R36", "route_type": "R", "transition_identifier": null, "seqno": 30, "waypoint_icao_code": "VY", "waypoint_identifier": "RW36", "waypoint_latitude": 12.42777778, "waypoint_longitude": 98.62051667, "waypoint_description_code": "GY M", "turn_direction": null, "rnp": null, "path_termination": "TF", "recommanded_navaid": null, "recommanded_navaid_latitude": null, "recommanded_navaid_longitude": null, "arc_radius": null, "theta": null, "rho": null, "magnetic_course": 3.0, "route_distance_holding_distance_time": 5.1, "distance_time": "D", "altitude_description": "@", "altitude1": 82.0, "altitude2": null, "transition_altitude": null, "speed_limit_description": null, "speed_limit": null, "vertical_angle": -3.0, "center_waypoint": null, "center_waypoint_latitude": null, "center_waypoint_longitude": null, "aircraft_category": null}, "geometry": {"type": "MultiPoint", "coordinates": [[98.62051667, 12.42777778]]}}, {"type": "Feature", "properties": {"fid": 928, "area_code": "PAC", "airport_identifier": "VYME", "procedure_identifier": "R36", "route_type": "R", "transition_identifier": null, "seqno": 40, "waypoint_icao_code": "VY", "waypoint_identifier": "ME908", "waypoint_latitude": 12.53596389, "waypoint_longitude": 98.62570278, "waypoint_description_code": "EY", "turn_direction": null, "rnp": 1.0, "path_termination": "DF", "recommanded_navaid": null, "recommanded_navaid_latitude": null, "recommanded_navaid_longitude": null, "arc_radius": null, "theta": null, "rho": null, "magnetic_course": null, "route_distance_holding_distance_time": null, "distance_time": null, "altitude_description": null, "altitude1": null, "altitude2": null, "transition_altitude": null, "speed_limit_description": null, "speed_limit": null, "vertical_angle": null, "center_waypoint": null, "center_waypoint_latitude": null, "center_waypoint_longitude": null, "aircraft_category": null}, "geometry": {"type": "MultiPoint", "coordinates": [[98.62570278, 12.53596389]]}}, {"type": "Feature", "properties": {"fid": 929, "area_code": "PAC", "airport_identifier": "VYME", "procedure_identifier": "R36", "route_type": "R", "transition_identifier": null, "seqno": 50, "waypoint_icao_code": "VY", "waypoint_identifier": "ME909", "waypoint_latitude": 12.44730833, "waypoint_longitude": 98.49894167, "waypoint_description_code": "E", "turn_direction": "L", "rnp": 1.0, "path_termination": "DF", "recommanded_navaid": null, "recommanded_navaid_latitude": null, "recommanded_navaid_longitude": null, "arc_radius": null, "theta": null, "rho": null, "magnetic_course": null, "route_distance_holding_distance_time": null, "distance_time": null, "altitude_description": null, "altitude1": null, "altitude2": null, "transition_altitude": null, "speed_limit_description": null, "speed_limit": null, "vertical_angle": null, "center_waypoint": null, "center_waypoint_latitude": null, "center_waypoint_longitude": null, "aircraft_category": null}, "geometry": {"type": "MultiPoint", "coordinates": [[98.49894167, 12.44730833]]}}, {"type": "Feature", "properties": {"fid": 930, "area_code": "PAC", "airport_identifier": "VYME", "procedure_identifier": "R36", "route_type": "R", "transition_identifier": null, "seqno": 60, "waypoint_icao_code": "VY", "waypoint_identifier": "VIMUM", "waypoint_latitude": 12.26305278, "waypoint_longitude": 98.52741944, "waypoint_description_code": "E", "turn_direction": null, "rnp": 1.0, "path_termination": "TF", "recommanded_navaid": null, "recommanded_navaid_latitude": null, "recommanded_navaid_longitude": null, "arc_radius": null, "theta": null, "rho": null, "magnetic_course": null, "route_distance_holding_distance_time": null, "distance_time": null, "altitude_description": "+", "altitude1": 4000.0, "altitude2": null, "transition_altitude": null, "speed_limit_description": "-", "speed_limit": 210.0, "vertical_angle": null, "center_waypoint": null, "center_waypoint_latitude": null, "center_waypoint_longitude": null, "aircraft_category": null}, "geometry": {"type": "MultiPoint", "coordinates": [[98.52741944, 12.26305278]]}}, {"type": "Feature", "properties": {"fid": 931, "area_code": "PAC", "airport_identifier": "VYME", "procedure_identifier": "R36", "route_type": "R", "transition_identifier": null, "seqno": 70, "waypoint_icao_code": "VY", "waypoint_identifier": "VIMUM", "waypoint_latitude": 12.26305278, "waypoint_longitude": 98.52741944, "waypoint_description_code": "E  H", "turn_direction": "R", "rnp": 1.0, "path_termination": "HM", "recommanded_navaid": null, "recommanded_navaid_latitude": null, "recommanded_navaid_longitude": null, "arc_radius": null, "theta": null, "rho": null, "magnetic_course": 93.0, "route_distance_holding_distance_time": 1.0, "distance_time": "T", "altitude_description": "+", "altitude1": 4000.0, "altitude2": null, "transition_altitude": null, "speed_limit_description": "-", "speed_limit": 210.0, "vertical_angle": null, "center_waypoint": null, "center_waypoint_latitude": null, "center_waypoint_longitude": null, "aircraft_category": null}, "geometry": {"type": "MultiPoint", "coordinates": [[98.52741944, 12.26305278]]}}, {"type": "Feature", "properties": {"fid": 933, "area_code": "PAC", "airport_identifier": "VYHH", "procedure_identifier": "R36", "route_type": "A", "transition_identifier": "DUMER", "seqno": 10, "waypoint_icao_code": "VY", "waypoint_identifier": "DUMER", "waypoint_latitude": 20.41258333, "waypoint_longitude": 96.79061111, "waypoint_description_code": "E  A", "turn_direction": null, "rnp": 1.0, "path_termination": "IF", "recommanded_navaid": null, "recommanded_navaid_latitude": null, "recommanded_navaid_longitude": null, "arc_radius": null, "theta": null, "rho": null, "magnetic_course": null, "route_distance_holding_distance_time": null, "distance_time": null, "altitude_description": "+", "altitude1": 10000.0, "altitude2": null, "transition_altitude": null, "speed_limit_description": "-", "speed_limit": 230.0, "vertical_angle": null, "center_waypoint": null, "center_waypoint_latitude": null, "center_waypoint_longitude": null, "aircraft_category": null}, "geometry": {"type": "MultiPoint", "coordinates": [[96.79061111, 20.41258333]]}}, {"type": "Feature", "properties": {"fid": 934, "area_code": "PAC", "airport_identifier": "VYHH", "procedure_identifier": "R36", "route_type": "A", "transition_identifier": "DUMER", "seqno": 20, "waypoint_icao_code": "VY", "waypoint_identifier": "HH901", "waypoint_latitude": 20.54105556, "waypoint_longitude": 96.79113889, "waypoint_description_code": "E", "turn_direction": null, "rnp": 1.0, "path_termination": "TF", "recommanded_navaid": null, "recommanded_navaid_latitude": null, "recommanded_navaid_longitude": null, "arc_radius": null, "theta": null, "rho": null, "magnetic_course": null, "route_distance_holding_distance_time": null, "distance_time": null, "altitude_description": "+", "altitude1": 7000.0, "altitude2": null, "transition_altitude": null, "speed_limit_description": null, "speed_limit": null, "vertical_angle": null, "center_waypoint": null, "center_waypoint_latitude": null, "center_waypoint_longitude": null, "aircraft_category": null}, "geometry": {"type": "MultiPoint", "coordinates": [[96.79113889, 20.54105556]]}}, {"type": "Feature", "properties": {"fid": 936, "area_code": "PAC", "airport_identifier": "VYHH", "procedure_identifier": "R36", "route_type": "A", "transition_identifier": "GUSUM", "seqno": 10, "waypoint_icao_code": "VY", "waypoint_identifier": "GUSUM", "waypoint_latitude": 20.66413889, "waypoint_longitude": 96.51355556, "waypoint_description_code": "E  A", "turn_direction": null, "rnp": 1.0, "path_termination": "IF", "recommanded_navaid": null, "recommanded_navaid_latitude": null, "recommanded_navaid_longitude": null, "arc_radius": null, "theta": null, "rho": null, "magnetic_course": null, "route_distance_holding_distance_time": null, "distance_time": null, "altitude_description": "+", "altitude1": 10000.0, "altitude2": null, "transition_altitude": null, "speed_limit_description": "-", "speed_limit": 230.0, "vertical_angle": null, "center_waypoint": null, "center_waypoint_latitude": null, "center_waypoint_longitude": null, "aircraft_category": null}, "geometry": {"type": "MultiPoint", "coordinates": [[96.51355556, 20.66413889]]}}, {"type": "Feature", "properties": {"fid": 937, "area_code": "PAC", "airport_identifier": "VYHH", "procedure_identifier": "R36", "route_type": "A", "transition_identifier": "GUSUM", "seqno": 20, "waypoint_icao_code": "VY", "waypoint_identifier": "KALSI", "waypoint_latitude": 20.54144444, "waypoint_longitude": 96.68458333, "waypoint_description_code": "E", "turn_direction": null, "rnp": 1.0, "path_termination": "TF", "recommanded_navaid": null, "recommanded_navaid_latitude": null, "recommanded_navaid_longitude": null, "arc_radius": null, "theta": null, "rho": null, "magnetic_course": null, "route_distance_holding_distance_time": null, "distance_time": null, "altitude_description": "+", "altitude1": 8300.0, "altitude2": null, "transition_altitude": null, "speed_limit_description": null, "speed_limit": null, "vertical_angle": null, "center_waypoint": null, "center_waypoint_latitude": null, "center_waypoint_longitude": null, "aircraft_category": null}, "geometry": {"type": "MultiPoint", "coordinates": [[96.68458333, 20.54144444]]}}, {"type": "Feature", "properties": {"fid": 938, "area_code": "PAC", "airport_identifier": "VYHH", "procedure_identifier": "R36", "route_type": "A", "transition_identifier": "GUSUM", "seqno": 30, "waypoint_icao_code": "VY", "waypoint_identifier": "HH901", "waypoint_latitude": 20.54105556, "waypoint_longitude": 96.79113889, "waypoint_description_code": "E", "turn_direction": null, "rnp": 1.0, "path_termination": "TF", "recommanded_navaid": null, "recommanded_navaid_latitude": null, "recommanded_navaid_longitude": null, "arc_radius": null, "theta": null, "rho": null, "magnetic_course": null, "route_distance_holding_distance_time": null, "distance_time": null, "altitude_description": "+", "altitude1": 7000.0, "altitude2": null, "transition_altitude": null, "speed_limit_description": null, "speed_limit": null, "vertical_angle": null, "center_waypoint": null, "center_waypoint_latitude": null, "center_waypoint_longitude": null, "aircraft_category": null}, "geometry": {"type": "MultiPoint", "coordinates": [[96.79113889, 20.54105556]]}}, {"type": "Feature", "properties": {"fid": 940, "area_code": "PAC", "airport_identifier": "VYHH", "procedure_identifier": "R36", "route_type": "R", "transition_identifier": null, "seqno": 10, "waypoint_icao_code": "VY", "waypoint_identifier": "HH901", "waypoint_latitude": 20.54105556, "waypoint_longitude": 96.79113889, "waypoint_description_code": "E  I", "turn_direction": null, "rnp": null, "path_termination": "IF", "recommanded_navaid": null, "recommanded_navaid_latitude": null, "recommanded_navaid_longitude": null, "arc_radius": null, "theta": null, "rho": null, "magnetic_course": null, "route_distance_holding_distance_time": null, "distance_time": null, "altitude_description": "+", "altitude1": 7000.0, "altitude2": null, "transition_altitude": null, "speed_limit_description": null, "speed_limit": null, "vertical_angle": null, "center_waypoint": null, "center_waypoint_latitude": null, "center_waypoint_longitude": null, "aircraft_category": null}, "geometry": {"type": "MultiPoint", "coordinates": [[96.79113889, 20.54105556]]}}, {"type": "Feature", "properties": {"fid": 941, "area_code": "PAC", "airport_identifier": "VYHH", "procedure_identifier": "R36", "route_type": "R", "transition_identifier": null, "seqno": 20, "waypoint_icao_code": "VY", "waypoint_identifier": "BINAN", "waypoint_latitude": 20.62472222, "waypoint_longitude": 96.7915, "waypoint_description_code": "E  F", "turn_direction": null, "rnp": null, "path_termination": "TF", "recommanded_navaid": null, "recommanded_navaid_latitude": null, "recommanded_navaid_longitude": null, "arc_radius": null, "theta": null, "rho": null, "magnetic_course": 1.0, "route_distance_holding_distance_time": 5.0, "distance_time": "D", "altitude_description": "@", "altitude1": 6000.0, "altitude2": null, "transition_altitude": null, "speed_limit_description": null, "speed_limit": null, "vertical_angle": -3.0, "center_waypoint": null, "center_waypoint_latitude": null, "center_waypoint_longitude": null, "aircraft_category": null}, "geometry": {"type": "MultiPoint", "coordinates": [[96.7915, 20.62472222]]}}, {"type": "Feature", "properties": {"fid": 942, "area_code": "PAC", "airport_identifier": "VYHH", "procedure_identifier": "R36", "route_type": "R", "transition_identifier": null, "seqno": 30, "waypoint_icao_code": "VY", "waypoint_identifier": "PASNO", "waypoint_latitude": 20.71866667, "waypoint_longitude": 96.79188889, "waypoint_description_code": "EY M", "turn_direction": null, "rnp": null, "path_termination": "TF", "recommanded_navaid": null, "recommanded_navaid_latitude": null, "recommanded_navaid_longitude": null, "arc_radius": null, "theta": null, "rho": null, "magnetic_course": 1.0, "route_distance_holding_distance_time": 5.6, "distance_time": "D", "altitude_description": "@", "altitude1": 4215.0, "altitude2": null, "transition_altitude": null, "speed_limit_description": null, "speed_limit": null, "vertical_angle": -3.0, "center_waypoint": null, "center_waypoint_latitude": null, "center_waypoint_longitude": null, "aircraft_category": null}, "geometry": {"type": "MultiPoint", "coordinates": [[96.79188889, 20.71866667]]}}, {"type": "Feature", "properties": {"fid": 944, "area_code": "PAC", "airport_identifier": "VYHH", "procedure_identifier": "R36", "route_type": "R", "transition_identifier": null, "seqno": 40, "waypoint_icao_code": "VY", "waypoint_identifier": "HH902", "waypoint_latitude": 20.81644444, "waypoint_longitude": 96.77736111, "waypoint_description_code": "E", "turn_direction": null, "rnp": 1.0, "path_termination": "DF", "recommanded_navaid": null, "recommanded_navaid_latitude": null, "recommanded_navaid_longitude": null, "arc_radius": null, "theta": null, "rho": null, "magnetic_course": null, "route_distance_holding_distance_time": null, "distance_time": null, "altitude_description": null, "altitude1": null, "altitude2": null, "transition_altitude": null, "speed_limit_description": "-", "speed_limit": 200.0, "vertical_angle": null, "center_waypoint": null, "center_waypoint_latitude": null, "center_waypoint_longitude": null, "aircraft_category": null}, "geometry": {"type": "MultiPoint", "coordinates": [[96.77736111, 20.81644444]]}}, {"type": "Feature", "properties": {"fid": 945, "area_code": "PAC", "airport_identifier": "VYHH", "procedure_identifier": "R36", "route_type": "R", "transition_identifier": null, "seqno": 50, "waypoint_icao_code": "VY", "waypoint_identifier": "HH903", "waypoint_latitude": 20.78663889, "waypoint_longitude": 96.60994444, "waypoint_description_code": "E", "turn_direction": null, "rnp": 1.0, "path_termination": "TF", "recommanded_navaid": null, "recommanded_navaid_latitude": null, "recommanded_navaid_longitude": null, "arc_radius": null, "theta": null, "rho": null, "magnetic_course": null, "route_distance_holding_distance_time": null, "distance_time": null, "altitude_description": null, "altitude1": null, "altitude2": null, "transition_altitude": null, "speed_limit_description": "-", "speed_limit": 200.0, "vertical_angle": null, "center_waypoint": null, "center_waypoint_latitude": null, "center_waypoint_longitude": null, "aircraft_category": null}, "geometry": {"type": "MultiPoint", "coordinates": [[96.60994444, 20.78663889]]}}, {"type": "Feature", "properties": {"fid": 946, "area_code": "PAC", "airport_identifier": "VYHH", "procedure_identifier": "R36", "route_type": "R", "transition_identifier": null, "seqno": 60, "waypoint_icao_code": "VY", "waypoint_identifier": "GUSUM", "waypoint_latitude": 20.66413889, "waypoint_longitude": 96.51355556, "waypoint_description_code": "E", "turn_direction": null, "rnp": 1.0, "path_termination": "TF", "recommanded_navaid": null, "recommanded_navaid_latitude": null, "recommanded_navaid_longitude": null, "arc_radius": null, "theta": null, "rho": null, "magnetic_course": null, "route_distance_holding_distance_time": null, "distance_time": null, "altitude_description": "+", "altitude1": 10000.0, "altitude2": null, "transition_altitude": null, "speed_limit_description": "-", "speed_limit": 230.0, "vertical_angle": null, "center_waypoint": null, "center_waypoint_latitude": null, "center_waypoint_longitude": null, "aircraft_category": null}, "geometry": {"type": "MultiPoint", "coordinates": [[96.51355556, 20.66413889]]}}, {"type": "Feature", "properties": {"fid": 947, "area_code": "PAC", "airport_identifier": "VYHH", "procedure_identifier": "R36", "route_type": "R", "transition_identifier": null, "seqno": 70, "waypoint_icao_code": "VY", "waypoint_identifier": "GUSUM", "waypoint_latitude": 20.66413889, "waypoint_longitude": 96.51355556, "waypoint_description_code": "E  H", "turn_direction": "R", "rnp": 1.0, "path_termination": "HM", "recommanded_navaid": null, "recommanded_navaid_latitude": null, "recommanded_navaid_longitude": null, "arc_radius": null, "theta": null, "rho": null, "magnetic_course": 128.0, "route_distance_holding_distance_time": 1.0, "distance_time": "T", "altitude_description": "+", "altitude1": 10000.0, "altitude2": null, "transition_altitude": null, "speed_limit_description": "-", "speed_limit": 230.0, "vertical_angle": null, "center_waypoint": null, "center_waypoint_latitude": null, "center_waypoint_longitude": null, "aircraft_category": null}, "geometry": {"type": "MultiPoint", "coordinates": [[96.51355556, 20.66413889]]}}, {"type": "Feature", "properties": {"fid": 1031, "area_code": "PAC", "airport_identifier": "VYBG", "procedure_identifier": "R18", "route_type": "A", "transition_identifier": "LAWKA", "seqno": 10, "waypoint_icao_code": "VY", "waypoint_identifier": "LAWKA", "waypoint_latitude": 21.35725, "waypoint_longitude": 95.02115556, "waypoint_description_code": "E  A", "turn_direction": null, "rnp": 1.0, "path_termination": "IF", "recommanded_navaid": null, "recommanded_navaid_latitude": null, "recommanded_navaid_longitude": null, "arc_radius": null, "theta": null, "rho": null, "magnetic_course": null, "route_distance_holding_distance_time": null, "distance_time": null, "altitude_description": "+", "altitude1": 3000.0, "altitude2": null, "transition_altitude": null, "speed_limit_description": "-", "speed_limit": 210.0, "vertical_angle": null, "center_waypoint": null, "center_waypoint_latitude": null, "center_waypoint_longitude": null, "aircraft_category": null}, "geometry": {"type": "MultiPoint", "coordinates": [[95.02115556, 21.35725]]}}, {"type": "Feature", "properties": {"fid": 1032, "area_code": "PAC", "airport_identifier": "VYBG", "procedure_identifier": "R18", "route_type": "A", "transition_identifier": "LAWKA", "seqno": 20, "waypoint_icao_code": "VY", "waypoint_identifier": "BG901", "waypoint_latitude": 21.35901111, "waypoint_longitude": 94.93189167, "waypoint_description_code": "E", "turn_direction": null, "rnp": 1.0, "path_termination": "TF", "recommanded_navaid": null, "recommanded_navaid_latitude": null, "recommanded_navaid_longitude": null, "arc_radius": null, "theta": null, "rho": null, "magnetic_course": null, "route_distance_holding_distance_time": null, "distance_time": null, "altitude_description": "+", "altitude1": 2000.0, "altitude2": null, "transition_altitude": null, "speed_limit_description": "-", "speed_limit": 210.0, "vertical_angle": null, "center_waypoint": null, "center_waypoint_latitude": null, "center_waypoint_longitude": null, "aircraft_category": null}, "geometry": {"type": "MultiPoint", "coordinates": [[94.93189167, 21.35901111]]}}, {"type": "Feature", "properties": {"fid": 1034, "area_code": "PAC", "airport_identifier": "VYBG", "procedure_identifier": "R18", "route_type": "R", "transition_identifier": null, "seqno": 10, "waypoint_icao_code": "VY", "waypoint_identifier": "BG901", "waypoint_latitude": 21.35901111, "waypoint_longitude": 94.93189167, "waypoint_description_code": "E  I", "turn_direction": null, "rnp": null, "path_termination": "IF", "recommanded_navaid": null, "recommanded_navaid_latitude": null, "recommanded_navaid_longitude": null, "arc_radius": null, "theta": null, "rho": null, "magnetic_course": null, "route_distance_holding_distance_time": null, "distance_time": null, "altitude_description": "+", "altitude1": 2000.0, "altitude2": null, "transition_altitude": null, "speed_limit_description": "-", "speed_limit": 210.0, "vertical_angle": null, "center_waypoint": null, "center_waypoint_latitude": null, "center_waypoint_longitude": null, "aircraft_category": null}, "geometry": {"type": "MultiPoint", "coordinates": [[94.93189167, 21.35901111]]}}, {"type": "Feature", "properties": {"fid": 1035, "area_code": "PAC", "airport_identifier": "VYBG", "procedure_identifier": "R18", "route_type": "R", "transition_identifier": null, "seqno": 20, "waypoint_icao_code": "VY", "waypoint_identifier": "KABAR", "waypoint_latitude": 21.27538056, "waypoint_longitude": 94.931175, "waypoint_description_code": "E  F", "turn_direction": null, "rnp": null, "path_termination": "TF", "recommanded_navaid": null, "recommanded_navaid_latitude": null, "recommanded_navaid_longitude": null, "arc_radius": null, "theta": null, "rho": null, "magnetic_course": 181.0, "route_distance_holding_distance_time": 5.0, "distance_time": "D", "altitude_description": "@", "altitude1": 2000.0, "altitude2": null, "transition_altitude": null, "speed_limit_description": null, "speed_limit": null, "vertical_angle": null, "center_waypoint": null, "center_waypoint_latitude": null, "center_waypoint_longitude": null, "aircraft_category": null}, "geometry": {"type": "MultiPoint", "coordinates": [[94.931175, 21.27538056]]}}, {"type": "Feature", "properties": {"fid": 1036, "area_code": "PAC", "airport_identifier": "VYBG", "procedure_identifier": "R18", "route_type": "R", "transition_identifier": null, "seqno": 30, "waypoint_icao_code": "VY", "waypoint_identifier": "RW18", "waypoint_latitude": 21.19068056, "waypoint_longitude": 94.93045278, "waypoint_description_code": "GY M", "turn_direction": null, "rnp": null, "path_termination": "TF", "recommanded_navaid": null, "recommanded_navaid_latitude": null, "recommanded_navaid_longitude": null, "arc_radius": null, "theta": null, "rho": null, "magnetic_course": 181.0, "route_distance_holding_distance_time": 5.1, "distance_time": "D", "altitude_description": "@", "altitude1": 366.0, "altitude2": null, "transition_altitude": null, "speed_limit_description": null, "speed_limit": null, "vertical_angle": -3.0, "center_waypoint": null, "center_waypoint_latitude": null, "center_waypoint_longitude": null, "aircraft_category": null}, "geometry": {"type": "MultiPoint", "coordinates": [[94.93045278, 21.19068056]]}}, {"type": "Feature", "properties": {"fid": 1038, "area_code": "PAC", "airport_identifier": "VYBG", "procedure_identifier": "R18", "route_type": "R", "transition_identifier": null, "seqno": 40, "waypoint_icao_code": "VY", "waypoint_identifier": "BG902", "waypoint_latitude": 21.07359444, "waypoint_longitude": 94.92945278, "waypoint_description_code": "EY", "turn_direction": null, "rnp": 1.0, "path_termination": "DF", "recommanded_navaid": null, "recommanded_navaid_latitude": null, "recommanded_navaid_longitude": null, "arc_radius": null, "theta": null, "rho": null, "magnetic_course": null, "route_distance_holding_distance_time": null, "distance_time": null, "altitude_description": null, "altitude1": null, "altitude2": null, "transition_altitude": null, "speed_limit_description": "-", "speed_limit": 210.0, "vertical_angle": null, "center_waypoint": null, "center_waypoint_latitude": null, "center_waypoint_longitude": null, "aircraft_category": null}, "geometry": {"type": "MultiPoint", "coordinates": [[94.92945278, 21.07359444]]}}, {"type": "Feature", "properties": {"fid": 1039, "area_code": "PAC", "airport_identifier": "VYBG", "procedure_identifier": "R18", "route_type": "R", "transition_identifier": null, "seqno": 50, "waypoint_icao_code": "VY", "waypoint_identifier": "BAGAN", "waypoint_latitude": 21.16953333, "waypoint_longitude": 94.92815278, "waypoint_description_code": "E", "turn_direction": "R", "rnp": 1.0, "path_termination": "DF", "recommanded_navaid": null, "recommanded_navaid_latitude": null, "recommanded_navaid_longitude": null, "arc_radius": null, "theta": null, "rho": null, "magnetic_course": null, "route_distance_holding_distance_time": null, "distance_time": null, "altitude_description": null, "altitude1": null, "altitude2": null, "transition_altitude": null, "speed_limit_description": "-", "speed_limit": 210.0, "vertical_angle": null, "center_waypoint": null, "center_waypoint_latitude": null, "center_waypoint_longitude": null, "aircraft_category": null}, "geometry": {"type": "MultiPoint", "coordinates": [[94.92815278, 21.16953333]]}}, {"type": "Feature", "properties": {"fid": 1040, "area_code": "PAC", "airport_identifier": "VYBG", "procedure_identifier": "R18", "route_type": "R", "transition_identifier": null, "seqno": 60, "waypoint_icao_code": "VY", "waypoint_identifier": "SELFE", "waypoint_latitude": 21.27587778, "waypoint_longitude": 95.02046389, "waypoint_description_code": "E", "turn_direction": null, "rnp": 1.0, "path_termination": "TF", "recommanded_navaid": null, "recommanded_navaid_latitude": null, "recommanded_navaid_longitude": null, "arc_radius": null, "theta": null, "rho": null, "magnetic_course": null, "route_distance_holding_distance_time": null, "distance_time": null, "altitude_description": null, "altitude1": null, "altitude2": null, "transition_altitude": null, "speed_limit_description": "-", "speed_limit": 210.0, "vertical_angle": null, "center_waypoint": null, "center_waypoint_latitude": null, "center_waypoint_longitude": null, "aircraft_category": null}, "geometry": {"type": "MultiPoint", "coordinates": [[95.02046389, 21.27587778]]}}, {"type": "Feature", "properties": {"fid": 1041, "area_code": "PAC", "airport_identifier": "VYBG", "procedure_identifier": "R18", "route_type": "R", "transition_identifier": null, "seqno": 70, "waypoint_icao_code": "VY", "waypoint_identifier": "LAWKA", "waypoint_latitude": 21.35725, "waypoint_longitude": 95.02115556, "waypoint_description_code": "E", "turn_direction": null, "rnp": 1.0, "path_termination": "TF", "recommanded_navaid": null, "recommanded_navaid_latitude": null, "recommanded_navaid_longitude": null, "arc_radius": null, "theta": null, "rho": null, "magnetic_course": null, "route_distance_holding_distance_time": null, "distance_time": null, "altitude_description": "+", "altitude1": 3000.0, "altitude2": null, "transition_altitude": null, "speed_limit_description": "-", "speed_limit": 210.0, "vertical_angle": null, "center_waypoint": null, "center_waypoint_latitude": null, "center_waypoint_longitude": null, "aircraft_category": null}, "geometry": {"type": "MultiPoint", "coordinates": [[95.02115556, 21.35725]]}}, {"type": "Feature", "properties": {"fid": 1042, "area_code": "PAC", "airport_identifier": "VYBG", "procedure_identifier": "R18", "route_type": "R", "transition_identifier": null, "seqno": 80, "waypoint_icao_code": "VY", "waypoint_identifier": "LAWKA", "waypoint_latitude": 21.35725, "waypoint_longitude": 95.02115556, "waypoint_description_code": "E  H", "turn_direction": "R", "rnp": 1.0, "path_termination": "HM", "recommanded_navaid": null, "recommanded_navaid_latitude": null, "recommanded_navaid_longitude": null, "arc_radius": null, "theta": null, "rho": null, "magnetic_course": 272.0, "route_distance_holding_distance_time": 1.0, "distance_time": "T", "altitude_description": "+", "altitude1": 3000.0, "altitude2": null, "transition_altitude": null, "speed_limit_description": "-", "speed_limit": 210.0, "vertical_angle": null, "center_waypoint": null, "center_waypoint_latitude": null, "center_waypoint_longitude": null, "aircraft_category": null}, "geometry": {"type": "MultiPoint", "coordinates": [[95.02115556, 21.35725]]}}, {"type": "Feature", "properties": {"fid": 1044, "area_code": "PAC", "airport_identifier": "VYSW", "procedure_identifier": "R11", "route_type": "A", "transition_identifier": "BYALA", "seqno": 10, "waypoint_icao_code": "VY", "waypoint_identifier": "BYALA", "waypoint_latitude": 20.25655556, "waypoint_longitude": 92.7135, "waypoint_description_code": "E  A", "turn_direction": null, "rnp": 1.0, "path_termination": "IF", "recommanded_navaid": null, "recommanded_navaid_latitude": null, "recommanded_navaid_longitude": null, "arc_radius": null, "theta": null, "rho": null, "magnetic_course": null, "route_distance_holding_distance_time": null, "distance_time": null, "altitude_description": "+", "altitude1": 3000.0, "altitude2": null, "transition_altitude": null, "speed_limit_description": "-", "speed_limit": 210.0, "vertical_angle": null, "center_waypoint": null, "center_waypoint_latitude": null, "center_waypoint_longitude": null, "aircraft_category": null}, "geometry": {"type": "MultiPoint", "coordinates": [[92.7135, 20.25655556]]}}, {"type": "Feature", "properties": {"fid": 1045, "area_code": "PAC", "airport_identifier": "VYSW", "procedure_identifier": "R11", "route_type": "A", "transition_identifier": "BYALA", "seqno": 20, "waypoint_icao_code": "VY", "waypoint_identifier": "SW903", "waypoint_latitude": 20.17541667, "waypoint_longitude": 92.692, "waypoint_description_code": "E", "turn_direction": null, "rnp": 1.0, "path_termination": "TF", "recommanded_navaid": null, "recommanded_navaid_latitude": null, "recommanded_navaid_longitude": null, "arc_radius": null, "theta": null, "rho": null, "magnetic_course": null, "route_distance_holding_distance_time": null, "distance_time": null, "altitude_description": "+", "altitude1": 1600.0, "altitude2": null, "transition_altitude": null, "speed_limit_description": null, "speed_limit": null, "vertical_angle": null, "center_waypoint": null, "center_waypoint_latitude": null, "center_waypoint_longitude": null, "aircraft_category": null}, "geometry": {"type": "MultiPoint", "coordinates": [[92.692, 20.17541667]]}}, {"type": "Feature", "properties": {"fid": 1047, "area_code": "PAC", "airport_identifier": "VYSW", "procedure_identifier": "R11", "route_type": "A", "transition_identifier": "SIDRA", "seqno": 10, "waypoint_icao_code": "VY", "waypoint_identifier": "SIDRA", "waypoint_latitude": 20.09427778, "waypoint_longitude": 92.6705, "waypoint_description_code": "E  A", "turn_direction": null, "rnp": 1.0, "path_termination": "IF", "recommanded_navaid": null, "recommanded_navaid_latitude": null, "recommanded_navaid_longitude": null, "arc_radius": null, "theta": null, "rho": null, "magnetic_course": null, "route_distance_holding_distance_time": null, "distance_time": null, "altitude_description": "+", "altitude1": 3000.0, "altitude2": null, "transition_altitude": null, "speed_limit_description": "-", "speed_limit": 210.0, "vertical_angle": null, "center_waypoint": null, "center_waypoint_latitude": null, "center_waypoint_longitude": null, "aircraft_category": null}, "geometry": {"type": "MultiPoint", "coordinates": [[92.6705, 20.09427778]]}}, {"type": "Feature", "properties": {"fid": 1048, "area_code": "PAC", "airport_identifier": "VYSW", "procedure_identifier": "R11", "route_type": "A", "transition_identifier": "SIDRA", "seqno": 20, "waypoint_icao_code": "VY", "waypoint_identifier": "SW903", "waypoint_latitude": 20.17541667, "waypoint_longitude": 92.692, "waypoint_description_code": "E", "turn_direction": null, "rnp": 1.0, "path_termination": "TF", "recommanded_navaid": null, "recommanded_navaid_latitude": null, "recommanded_navaid_longitude": null, "arc_radius": null, "theta": null, "rho": null, "magnetic_course": null, "route_distance_holding_distance_time": null, "distance_time": null, "altitude_description": "+", "altitude1": 1600.0, "altitude2": null, "transition_altitude": null, "speed_limit_description": null, "speed_limit": null, "vertical_angle": null, "center_waypoint": null, "center_waypoint_latitude": null, "center_waypoint_longitude": null, "aircraft_category": null}, "geometry": {"type": "MultiPoint", "coordinates": [[92.692, 20.17541667]]}}, {"type": "Feature", "properties": {"fid": 1050, "area_code": "PAC", "airport_identifier": "VYSW", "procedure_identifier": "R11", "route_type": "R", "transition_identifier": null, "seqno": 10, "waypoint_icao_code": "VY", "waypoint_identifier": "SW903", "waypoint_latitude": 20.17541667, "waypoint_longitude": 92.692, "waypoint_description_code": "E  I", "turn_direction": null, "rnp": null, "path_termination": "IF", "recommanded_navaid": null, "recommanded_navaid_latitude": null, "recommanded_navaid_longitude": null, "arc_radius": null, "theta": null, "rho": null, "magnetic_course": null, "route_distance_holding_distance_time": null, "distance_time": null, "altitude_description": "+", "altitude1": 1600.0, "altitude2": null, "transition_altitude": null, "speed_limit_description": null, "speed_limit": null, "vertical_angle": null, "center_waypoint": null, "center_waypoint_latitude": null, "center_waypoint_longitude": null, "aircraft_category": null}, "geometry": {"type": "MultiPoint", "coordinates": [[92.692, 20.17541667]]}}, {"type": "Feature", "properties": {"fid": 1051, "area_code": "PAC", "airport_identifier": "VYSW", "procedure_identifier": "R11", "route_type": "R", "transition_identifier": null, "seqno": 20, "waypoint_icao_code": "VY", "waypoint_identifier": "DANYA", "waypoint_latitude": 20.15513889, "waypoint_longitude": 92.77794444, "waypoint_description_code": "E  F", "turn_direction": null, "rnp": null, "path_termination": "TF", "recommanded_navaid": null, "recommanded_navaid_latitude": null, "recommanded_navaid_longitude": null, "arc_radius": null, "theta": null, "rho": null, "magnetic_course": 105.0, "route_distance_holding_distance_time": 5.0, "distance_time": "D", "altitude_description": "@", "altitude1": 1600.0, "altitude2": null, "transition_altitude": null, "speed_limit_description": null, "speed_limit": null, "vertical_angle": null, "center_waypoint": null, "center_waypoint_latitude": null, "center_waypoint_longitude": null, "aircraft_category": null}, "geometry": {"type": "MultiPoint", "coordinates": [[92.77794444, 20.15513889]]}}, {"type": "Feature", "properties": {"fid": 1052, "area_code": "PAC", "airport_identifier": "VYSW", "procedure_identifier": "R11", "route_type": "R", "transition_identifier": null, "seqno": 30, "waypoint_icao_code": "VY", "waypoint_identifier": "RW11", "waypoint_latitude": 20.13578889, "waypoint_longitude": 92.85990278, "waypoint_description_code": "GY M", "turn_direction": null, "rnp": null, "path_termination": "TF", "recommanded_navaid": null, "recommanded_navaid_latitude": null, "recommanded_navaid_longitude": null, "arc_radius": null, "theta": null, "rho": null, "magnetic_course": 105.0, "route_distance_holding_distance_time": 4.8, "distance_time": "D", "altitude_description": "@", "altitude1": 82.0, "altitude2": null, "transition_altitude": null, "speed_limit_description": null, "speed_limit": null, "vertical_angle": -3.0, "center_waypoint": null, "center_waypoint_latitude": null, "center_waypoint_longitude": null, "aircraft_category": null}, "geometry": {"type": "MultiPoint", "coordinates": [[92.85990278, 20.13578889]]}}, {"type": "Feature", "properties": {"fid": 1054, "area_code": "PAC", "airport_identifier": "VYSW", "procedure_identifier": "R11", "route_type": "R", "transition_identifier": null, "seqno": 40, "waypoint_icao_code": "VY", "waypoint_identifier": "SW904", "waypoint_latitude": 20.11855556, "waypoint_longitude": 92.93275, "waypoint_description_code": "EY", "turn_direction": null, "rnp": 1.0, "path_termination": "DF", "recommanded_navaid": null, "recommanded_navaid_latitude": null, "recommanded_navaid_longitude": null, "arc_radius": null, "theta": null, "rho": null, "magnetic_course": null, "route_distance_holding_distance_time": null, "distance_time": null, "altitude_description": null, "altitude1": null, "altitude2": null, "transition_altitude": null, "speed_limit_description": null, "speed_limit": null, "vertical_angle": null, "center_waypoint": null, "center_waypoint_latitude": null, "center_waypoint_longitude": null, "aircraft_category": null}, "geometry": {"type": "MultiPoint", "coordinates": [[92.93275, 20.11855556]]}}, {"type": "Feature", "properties": {"fid": 1055, "area_code": "PAC", "airport_identifier": "VYSW", "procedure_identifier": "R11", "route_type": "R", "transition_identifier": null, "seqno": 50, "waypoint_icao_code": "VY", "waypoint_identifier": "SW905", "waypoint_latitude": 20.06288889, "waypoint_longitude": 92.80338889, "waypoint_description_code": "E", "turn_direction": "R", "rnp": 1.0, "path_termination": "DF", "recommanded_navaid": null, "recommanded_navaid_latitude": null, "recommanded_navaid_longitude": null, "arc_radius": null, "theta": null, "rho": null, "magnetic_course": null, "route_distance_holding_distance_time": null, "distance_time": null, "altitude_description": null, "altitude1": null, "altitude2": null, "transition_altitude": null, "speed_limit_description": null, "speed_limit": null, "vertical_angle": null, "center_waypoint": null, "center_waypoint_latitude": null, "center_waypoint_longitude": null, "aircraft_category": null}, "geometry": {"type": "MultiPoint", "coordinates": [[92.80338889, 20.06288889]]}}, {"type": "Feature", "properties": {"fid": 1056, "area_code": "PAC", "airport_identifier": "VYSW", "procedure_identifier": "R11", "route_type": "R", "transition_identifier": null, "seqno": 60, "waypoint_icao_code": "VY", "waypoint_identifier": "SIDRA", "waypoint_latitude": 20.09427778, "waypoint_longitude": 92.6705, "waypoint_description_code": "E", "turn_direction": null, "rnp": 1.0, "path_termination": "TF", "recommanded_navaid": null, "recommanded_navaid_latitude": null, "recommanded_navaid_longitude": null, "arc_radius": null, "theta": null, "rho": null, "magnetic_course": null, "route_distance_holding_distance_time": null, "distance_time": null, "altitude_description": "+", "altitude1": 3000.0, "altitude2": null, "transition_altitude": null, "speed_limit_description": "-", "speed_limit": 210.0, "vertical_angle": null, "center_waypoint": null, "center_waypoint_latitude": null, "center_waypoint_longitude": null, "aircraft_category": null}, "geometry": {"type": "MultiPoint", "coordinates": [[92.6705, 20.09427778]]}}, {"type": "Feature", "properties": {"fid": 1057, "area_code": "PAC", "airport_identifier": "VYSW", "procedure_identifier": "R11", "route_type": "R", "transition_identifier": null, "seqno": 70, "waypoint_icao_code": "VY", "waypoint_identifier": "SIDRA", "waypoint_latitude": 20.09427778, "waypoint_longitude": 92.6705, "waypoint_description_code": "E  H", "turn_direction": "R", "rnp": 1.0, "path_termination": "HM", "recommanded_navaid": null, "recommanded_navaid_latitude": null, "recommanded_navaid_longitude": null, "arc_radius": null, "theta": null, "rho": null, "magnetic_course": 15.0, "route_distance_holding_distance_time": 1.0, "distance_time": "T", "altitude_description": "+", "altitude1": 3000.0, "altitude2": null, "transition_altitude": null, "speed_limit_description": "-", "speed_limit": 210.0, "vertical_angle": null, "center_waypoint": null, "center_waypoint_latitude": null, "center_waypoint_longitude": null, "aircraft_category": null}, "geometry": {"type": "MultiPoint", "coordinates": [[92.6705, 20.09427778]]}}, {"type": "Feature", "properties": {"fid": 1086, "area_code": "PAC", "airport_identifier": "VYMD", "procedure_identifier": "R17", "route_type": "A", "transition_identifier": "MDN02", "seqno": 10, "waypoint_icao_code": "VY", "waypoint_identifier": "MDN02", "waypoint_latitude": 21.96552778, "waypoint_longitude": 95.92802778, "waypoint_description_code": "E  A", "turn_direction": null, "rnp": 1.0, "path_termination": "IF", "recommanded_navaid": null, "recommanded_navaid_latitude": null, "recommanded_navaid_longitude": null, "arc_radius": null, "theta": null, "rho": null, "magnetic_course": null, "route_distance_holding_distance_time": null, "distance_time": null, "altitude_description": null, "altitude1": null, "altitude2": null, "transition_altitude": null, "speed_limit_description": "-", "speed_limit": 230.0, "vertical_angle": null, "center_waypoint": null, "center_waypoint_latitude": null, "center_waypoint_longitude": null, "aircraft_category": null}, "geometry": {"type": "MultiPoint", "coordinates": [[95.92802778, 21.96552778]]}}, {"type": "Feature", "properties": {"fid": 1087, "area_code": "PAC", "airport_identifier": "VYMD", "procedure_identifier": "R17", "route_type": "A", "transition_identifier": "MDN02", "seqno": 20, "waypoint_icao_code": "VY", "waypoint_identifier": "MDN05", "waypoint_latitude": 21.88344444, "waypoint_longitude": 95.94513889, "waypoint_description_code": "E", "turn_direction": null, "rnp": 1.0, "path_termination": "TF", "recommanded_navaid": null, "recommanded_navaid_latitude": null, "recommanded_navaid_longitude": null, "arc_radius": null, "theta": null, "rho": null, "magnetic_course": null, "route_distance_holding_distance_time": null, "distance_time": null, "altitude_description": "+", "altitude1": 2800.0, "altitude2": null, "transition_altitude": null, "speed_limit_description": "-", "speed_limit": 200.0, "vertical_angle": null, "center_waypoint": null, "center_waypoint_latitude": null, "center_waypoint_longitude": null, "aircraft_category": null}, "geometry": {"type": "MultiPoint", "coordinates": [[95.94513889, 21.88344444]]}}, {"type": "Feature", "properties": {"fid": 1089, "area_code": "PAC", "airport_identifier": "VYMD", "procedure_identifier": "R17", "route_type": "A", "transition_identifier": "MDN03", "seqno": 10, "waypoint_icao_code": "VY", "waypoint_identifier": "MDN03", "waypoint_latitude": 21.86702778, "waypoint_longitude": 95.85488889, "waypoint_description_code": "E  A", "turn_direction": null, "rnp": 1.0, "path_termination": "IF", "recommanded_navaid": null, "recommanded_navaid_latitude": null, "recommanded_navaid_longitude": null, "arc_radius": null, "theta": null, "rho": null, "magnetic_course": null, "route_distance_holding_distance_time": null, "distance_time": null, "altitude_description": null, "altitude1": null, "altitude2": null, "transition_altitude": null, "speed_limit_description": "-", "speed_limit": 230.0, "vertical_angle": null, "center_waypoint": null, "center_waypoint_latitude": null, "center_waypoint_longitude": null, "aircraft_category": null}, "geometry": {"type": "MultiPoint", "coordinates": [[95.85488889, 21.86702778]]}}, {"type": "Feature", "properties": {"fid": 1090, "area_code": "PAC", "airport_identifier": "VYMD", "procedure_identifier": "R17", "route_type": "A", "transition_identifier": "MDN03", "seqno": 20, "waypoint_icao_code": "VY", "waypoint_identifier": "MDN05", "waypoint_latitude": 21.88344444, "waypoint_longitude": 95.94513889, "waypoint_description_code": "E", "turn_direction": null, "rnp": 1.0, "path_termination": "TF", "recommanded_navaid": null, "recommanded_navaid_latitude": null, "recommanded_navaid_longitude": null, "arc_radius": null, "theta": null, "rho": null, "magnetic_course": null, "route_distance_holding_distance_time": null, "distance_time": null, "altitude_description": "+", "altitude1": 2800.0, "altitude2": null, "transition_altitude": null, "speed_limit_description": "-", "speed_limit": 200.0, "vertical_angle": null, "center_waypoint": null, "center_waypoint_latitude": null, "center_waypoint_longitude": null, "aircraft_category": null}, "geometry": {"type": "MultiPoint", "coordinates": [[95.94513889, 21.88344444]]}}, {"type": "Feature", "properties": {"fid": 1092, "area_code": "PAC", "airport_identifier": "VYMD", "procedure_identifier": "R17", "route_type": "A", "transition_identifier": "THADU", "seqno": 10, "waypoint_icao_code": "VY", "waypoint_identifier": "THADU", "waypoint_latitude": 21.93427778, "waypoint_longitude": 96.12975, "waypoint_description_code": "E  A", "turn_direction": null, "rnp": 1.0, "path_termination": "IF", "recommanded_navaid": null, "recommanded_navaid_latitude": null, "recommanded_navaid_longitude": null, "arc_radius": null, "theta": null, "rho": null, "magnetic_course": null, "route_distance_holding_distance_time": null, "distance_time": null, "altitude_description": "+", "altitude1": 6000.0, "altitude2": null, "transition_altitude": null, "speed_limit_description": "-", "speed_limit": 230.0, "vertical_angle": null, "center_waypoint": null, "center_waypoint_latitude": null, "center_waypoint_longitude": null, "aircraft_category": null}, "geometry": {"type": "MultiPoint", "coordinates": [[96.12975, 21.93427778]]}}, {"type": "Feature", "properties": {"fid": 1093, "area_code": "PAC", "airport_identifier": "VYMD", "procedure_identifier": "R17", "route_type": "A", "transition_identifier": "THADU", "seqno": 20, "waypoint_icao_code": "VY", "waypoint_identifier": "MDN01", "waypoint_latitude": 21.90777778, "waypoint_longitude": 96.03327778, "waypoint_description_code": "E", "turn_direction": null, "rnp": 1.0, "path_termination": "TF", "recommanded_navaid": null, "recommanded_navaid_latitude": null, "recommanded_navaid_longitude": null, "arc_radius": null, "theta": null, "rho": null, "magnetic_course": null, "route_distance_holding_distance_time": null, "distance_time": null, "altitude_description": "+", "altitude1": 4200.0, "altitude2": null, "transition_altitude": null, "speed_limit_description": "-", "speed_limit": 230.0, "vertical_angle": null, "center_waypoint": null, "center_waypoint_latitude": null, "center_waypoint_longitude": null, "aircraft_category": null}, "geometry": {"type": "MultiPoint", "coordinates": [[96.03327778, 21.90777778]]}}, {"type": "Feature", "properties": {"fid": 1094, "area_code": "PAC", "airport_identifier": "VYMD", "procedure_identifier": "R17", "route_type": "A", "transition_identifier": "THADU", "seqno": 30, "waypoint_icao_code": "VY", "waypoint_identifier": "MDN05", "waypoint_latitude": 21.88344444, "waypoint_longitude": 95.94513889, "waypoint_description_code": "E", "turn_direction": null, "rnp": 1.0, "path_termination": "TF", "recommanded_navaid": null, "recommanded_navaid_latitude": null, "recommanded_navaid_longitude": null, "arc_radius": null, "theta": null, "rho": null, "magnetic_course": null, "route_distance_holding_distance_time": null, "distance_time": null, "altitude_description": "+", "altitude1": 2800.0, "altitude2": null, "transition_altitude": null, "speed_limit_description": "-", "speed_limit": 200.0, "vertical_angle": null, "center_waypoint": null, "center_waypoint_latitude": null, "center_waypoint_longitude": null, "aircraft_category": null}, "geometry": {"type": "MultiPoint", "coordinates": [[95.94513889, 21.88344444]]}}, {"type": "Feature", "properties": {"fid": 1096, "area_code": "PAC", "airport_identifier": "VYMD", "procedure_identifier": "R17", "route_type": "R", "transition_identifier": null, "seqno": 10, "waypoint_icao_code": "VY", "waypoint_identifier": "MDN05", "waypoint_latitude": 21.88344444, "waypoint_longitude": 95.94513889, "waypoint_description_code": "E  I", "turn_direction": null, "rnp": null, "path_termination": "IF", "recommanded_navaid": null, "recommanded_navaid_latitude": null, "recommanded_navaid_longitude": null, "arc_radius": null, "theta": null, "rho": null, "magnetic_course": null, "route_distance_holding_distance_time": null, "distance_time": null, "altitude_description": "+", "altitude1": 2800.0, "altitude2": null, "transition_altitude": null, "speed_limit_description": "-", "speed_limit": 200.0, "vertical_angle": null, "center_waypoint": null, "center_waypoint_latitude": null, "center_waypoint_longitude": null, "aircraft_category": null}, "geometry": {"type": "MultiPoint", "coordinates": [[95.94513889, 21.88344444]]}}, {"type": "Feature", "properties": {"fid": 1097, "area_code": "PAC", "airport_identifier": "VYMD", "procedure_identifier": "R17", "route_type": "R", "transition_identifier": null, "seqno": 20, "waypoint_icao_code": "VY", "waypoint_identifier": "MDN04", "waypoint_latitude": 21.80622222, "waypoint_longitude": 95.95883333, "waypoint_description_code": "E  F", "turn_direction": null, "rnp": null, "path_termination": "TF", "recommanded_navaid": null, "recommanded_navaid_latitude": null, "recommanded_navaid_longitude": null, "arc_radius": null, "theta": null, "rho": null, "magnetic_course": 171.0, "route_distance_holding_distance_time": 4.7, "distance_time": "D", "altitude_description": "@", "altitude1": 2000.0, "altitude2": null, "transition_altitude": null, "speed_limit_description": null, "speed_limit": null, "vertical_angle": null, "center_waypoint": null, "center_waypoint_latitude": null, "center_waypoint_longitude": null, "aircraft_category": null}, "geometry": {"type": "MultiPoint", "coordinates": [[95.95883333, 21.80622222]]}}, {"type": "Feature", "properties": {"fid": 1098, "area_code": "PAC", "airport_identifier": "VYMD", "procedure_identifier": "R17", "route_type": "R", "transition_identifier": null, "seqno": 30, "waypoint_icao_code": "VY", "waypoint_identifier": "RW17", "waypoint_latitude": 21.72005833, "waypoint_longitude": 95.97401111, "waypoint_description_code": "GY M", "turn_direction": null, "rnp": null, "path_termination": "TF", "recommanded_navaid": null, "recommanded_navaid_latitude": null, "recommanded_navaid_longitude": null, "arc_radius": null, "theta": null, "rho": null, "magnetic_course": 171.0, "route_distance_holding_distance_time": 5.2, "distance_time": "D", "altitude_description": "@", "altitude1": 336.0, "altitude2": null, "transition_altitude": null, "speed_limit_description": null, "speed_limit": null, "vertical_angle": -3.0, "center_waypoint": null, "center_waypoint_latitude": null, "center_waypoint_longitude": null, "aircraft_category": null}, "geometry": {"type": "MultiPoint", "coordinates": [[95.97401111, 21.72005833]]}}, {"type": "Feature", "properties": {"fid": 1100, "area_code": "PAC", "airport_identifier": "VYMD", "procedure_identifier": "R17", "route_type": "R", "transition_identifier": null, "seqno": 40, "waypoint_icao_code": "VY", "waypoint_identifier": "MDS07", "waypoint_latitude": 21.63755556, "waypoint_longitude": 95.98872222, "waypoint_description_code": "E", "turn_direction": null, "rnp": 1.0, "path_termination": "CF", "recommanded_navaid": null, "recommanded_navaid_latitude": null, "recommanded_navaid_longitude": null, "arc_radius": null, "theta": null, "rho": null, "magnetic_course": 171.0, "route_distance_holding_distance_time": 5.0, "distance_time": "D", "altitude_description": "+", "altitude1": 1400.0, "altitude2": null, "transition_altitude": null, "speed_limit_description": null, "speed_limit": null, "vertical_angle": null, "center_waypoint": null, "center_waypoint_latitude": null, "center_waypoint_longitude": null, "aircraft_category": null}, "geometry": {"type": "MultiPoint", "coordinates": [[95.98872222, 21.63755556]]}}, {"type": "Feature", "properties": {"fid": 1101, "area_code": "PAC", "airport_identifier": "VYMD", "procedure_identifier": "R17", "route_type": "R", "transition_identifier": null, "seqno": 50, "waypoint_icao_code": "VY", "waypoint_identifier": "MDS08", "waypoint_latitude": 21.60555556, "waypoint_longitude": 95.81313889, "waypoint_description_code": "E", "turn_direction": null, "rnp": 1.0, "path_termination": "TF", "recommanded_navaid": null, "recommanded_navaid_latitude": null, "recommanded_navaid_longitude": null, "arc_radius": null, "theta": null, "rho": null, "magnetic_course": null, "route_distance_holding_distance_time": null, "distance_time": null, "altitude_description": "+", "altitude1": 2900.0, "altitude2": null, "transition_altitude": null, "speed_limit_description": "-", "speed_limit": 210.0, "vertical_angle": null, "center_waypoint": null, "center_waypoint_latitude": null, "center_waypoint_longitude": null, "aircraft_category": null}, "geometry": {"type": "MultiPoint", "coordinates": [[95.81313889, 21.60555556]]}}, {"type": "Feature", "properties": {"fid": 1102, "area_code": "PAC", "airport_identifier": "VYMD", "procedure_identifier": "R17", "route_type": "R", "transition_identifier": null, "seqno": 60, "waypoint_icao_code": "VY", "waypoint_identifier": "MDS09", "waypoint_latitude": 21.71063889, "waypoint_longitude": 95.79127778, "waypoint_description_code": "EY", "turn_direction": null, "rnp": 1.0, "path_termination": "TF", "recommanded_navaid": null, "recommanded_navaid_latitude": null, "recommanded_navaid_longitude": null, "arc_radius": null, "theta": null, "rho": null, "magnetic_course": null, "route_distance_holding_distance_time": null, "distance_time": null, "altitude_description": "+", "altitude1": 3000.0, "altitude2": null, "transition_altitude": null, "speed_limit_description": "-", "speed_limit": 230.0, "vertical_angle": null, "center_waypoint": null, "center_waypoint_latitude": null, "center_waypoint_longitude": null, "aircraft_category": null}, "geometry": {"type": "MultiPoint", "coordinates": [[95.79127778, 21.71063889]]}}, {"type": "Feature", "properties": {"fid": 1103, "area_code": "PAC", "airport_identifier": "VYMD", "procedure_identifier": "R17", "route_type": "R", "transition_identifier": null, "seqno": 70, "waypoint_icao_code": "VY", "waypoint_identifier": "MDS09", "waypoint_latitude": 21.71063889, "waypoint_longitude": 95.79127778, "waypoint_description_code": "E  H", "turn_direction": "R", "rnp": null, "path_termination": "HM", "recommanded_navaid": null, "recommanded_navaid_latitude": null, "recommanded_navaid_longitude": null, "arc_radius": null, "theta": null, "rho": null, "magnetic_course": 50.0, "route_distance_holding_distance_time": 1.0, "distance_time": "T", "altitude_description": "+", "altitude1": 3000.0, "altitude2": null, "transition_altitude": null, "speed_limit_description": "-", "speed_limit": 230.0, "vertical_angle": null, "center_waypoint": null, "center_waypoint_latitude": null, "center_waypoint_longitude": null, "aircraft_category": null}, "geometry": {"type": "MultiPoint", "coordinates": [[95.79127778, 21.71063889]]}}, {"type": "Feature", "properties": {"fid": 1226, "area_code": "PAC", "airport_identifier": "VYNT", "procedure_identifier": "R34", "route_type": "A", "transition_identifier": "WUNNA", "seqno": 10, "waypoint_icao_code": "VY", "waypoint_identifier": "WUNNA", "waypoint_latitude": 19.41969444, "waypoint_longitude": 96.19547222, "waypoint_description_code": "E  A", "turn_direction": null, "rnp": 1.0, "path_termination": "IF", "recommanded_navaid": null, "recommanded_navaid_latitude": null, "recommanded_navaid_longitude": null, "arc_radius": null, "theta": null, "rho": null, "magnetic_course": null, "route_distance_holding_distance_time": null, "distance_time": null, "altitude_description": "+", "altitude1": 3000.0, "altitude2": null, "transition_altitude": null, "speed_limit_description": "-", "speed_limit": 230.0, "vertical_angle": null, "center_waypoint": null, "center_waypoint_latitude": null, "center_waypoint_longitude": null, "aircraft_category": null}, "geometry": {"type": "MultiPoint", "coordinates": [[96.19547222, 19.41969444]]}}, {"type": "Feature", "properties": {"fid": 1227, "area_code": "PAC", "airport_identifier": "VYNT", "procedure_identifier": "R34", "route_type": "A", "transition_identifier": "WUNNA", "seqno": 20, "waypoint_icao_code": "VY", "waypoint_identifier": "NT913", "waypoint_latitude": 19.45205556, "waypoint_longitude": 96.27677778, "waypoint_description_code": "E", "turn_direction": null, "rnp": 1.0, "path_termination": "TF", "recommanded_navaid": null, "recommanded_navaid_latitude": null, "recommanded_navaid_longitude": null, "arc_radius": null, "theta": null, "rho": null, "magnetic_course": null, "route_distance_holding_distance_time": null, "distance_time": null, "altitude_description": "+", "altitude1": 3000.0, "altitude2": null, "transition_altitude": null, "speed_limit_description": "-", "speed_limit": 230.0, "vertical_angle": null, "center_waypoint": null, "center_waypoint_latitude": null, "center_waypoint_longitude": null, "aircraft_category": null}, "geometry": {"type": "MultiPoint", "coordinates": [[96.27677778, 19.45205556]]}}, {"type": "Feature", "properties": {"fid": 1229, "area_code": "PAC", "airport_identifier": "VYNT", "procedure_identifier": "R34", "route_type": "A", "transition_identifier": "ZIBYU", "seqno": 10, "waypoint_icao_code": "VY", "waypoint_identifier": "ZIBYU", "waypoint_latitude": 19.35947222, "waypoint_longitude": 96.31766667, "waypoint_description_code": "E  A", "turn_direction": null, "rnp": 1.0, "path_termination": "IF", "recommanded_navaid": null, "recommanded_navaid_latitude": null, "recommanded_navaid_longitude": null, "arc_radius": null, "theta": null, "rho": null, "magnetic_course": null, "route_distance_holding_distance_time": null, "distance_time": null, "altitude_description": "+", "altitude1": 5400.0, "altitude2": null, "transition_altitude": null, "speed_limit_description": "-", "speed_limit": 230.0, "vertical_angle": null, "center_waypoint": null, "center_waypoint_latitude": null, "center_waypoint_longitude": null, "aircraft_category": null}, "geometry": {"type": "MultiPoint", "coordinates": [[96.31766667, 19.35947222]]}}, {"type": "Feature", "properties": {"fid": 1230, "area_code": "PAC", "airport_identifier": "VYNT", "procedure_identifier": "R34", "route_type": "A", "transition_identifier": "ZIBYU", "seqno": 20, "waypoint_icao_code": "VY", "waypoint_identifier": "NT913", "waypoint_latitude": 19.45205556, "waypoint_longitude": 96.27677778, "waypoint_description_code": "E", "turn_direction": null, "rnp": 1.0, "path_termination": "TF", "recommanded_navaid": null, "recommanded_navaid_latitude": null, "recommanded_navaid_longitude": null, "arc_radius": null, "theta": null, "rho": null, "magnetic_course": null, "route_distance_holding_distance_time": null, "distance_time": null, "altitude_description": "+", "altitude1": 3000.0, "altitude2": null, "transition_altitude": null, "speed_limit_description": "-", "speed_limit": 230.0, "vertical_angle": null, "center_waypoint": null, "center_waypoint_latitude": null, "center_waypoint_longitude": null, "aircraft_category": null}, "geometry": {"type": "MultiPoint", "coordinates": [[96.27677778, 19.45205556]]}}, {"type": "Feature", "properties": {"fid": 1232, "area_code": "PAC", "airport_identifier": "VYNT", "procedure_identifier": "R34", "route_type": "R", "transition_identifier": null, "seqno": 10, "waypoint_icao_code": "VY", "waypoint_identifier": "NT913", "waypoint_latitude": 19.45205556, "waypoint_longitude": 96.27677778, "waypoint_description_code": "E  I", "turn_direction": null, "rnp": null, "path_termination": "IF", "recommanded_navaid": null, "recommanded_navaid_latitude": null, "recommanded_navaid_longitude": null, "arc_radius": null, "theta": null, "rho": null, "magnetic_course": null, "route_distance_holding_distance_time": null, "distance_time": null, "altitude_description": "+", "altitude1": 3000.0, "altitude2": null, "transition_altitude": null, "speed_limit_description": "-", "speed_limit": 230.0, "vertical_angle": null, "center_waypoint": null, "center_waypoint_latitude": null, "center_waypoint_longitude": null, "aircraft_category": null}, "geometry": {"type": "MultiPoint", "coordinates": [[96.27677778, 19.45205556]]}}, {"type": "Feature", "properties": {"fid": 1233, "area_code": "PAC", "airport_identifier": "VYNT", "procedure_identifier": "R34", "route_type": "R", "transition_identifier": null, "seqno": 20, "waypoint_icao_code": "VY", "waypoint_identifier": "HAYKO", "waypoint_latitude": 19.52922222, "waypoint_longitude": 96.24269444, "waypoint_description_code": "E  F", "turn_direction": null, "rnp": null, "path_termination": "TF", "recommanded_navaid": null, "recommanded_navaid_latitude": null, "recommanded_navaid_longitude": null, "arc_radius": null, "theta": null, "rho": null, "magnetic_course": 338.0, "route_distance_holding_distance_time": 5.0, "distance_time": "D", "altitude_description": "@", "altitude1": 2000.0, "altitude2": null, "transition_altitude": null, "speed_limit_description": null, "speed_limit": null, "vertical_angle": null, "center_waypoint": null, "center_waypoint_latitude": null, "center_waypoint_longitude": null, "aircraft_category": null}, "geometry": {"type": "MultiPoint", "coordinates": [[96.24269444, 19.52922222]]}}, {"type": "Feature", "properties": {"fid": 1234, "area_code": "PAC", "airport_identifier": "VYNT", "procedure_identifier": "R34", "route_type": "R", "transition_identifier": null, "seqno": 30, "waypoint_icao_code": "VY", "waypoint_identifier": "RW34", "waypoint_latitude": 19.60832222, "waypoint_longitude": 96.20773333, "waypoint_description_code": "GY M", "turn_direction": null, "rnp": null, "path_termination": "TF", "recommanded_navaid": null, "recommanded_navaid_latitude": null, "recommanded_navaid_longitude": null, "arc_radius": null, "theta": null, "rho": null, "magnetic_course": 338.0, "route_distance_holding_distance_time": 5.1, "distance_time": "D", "altitude_description": "@", "altitude1": 345.0, "altitude2": null, "transition_altitude": null, "speed_limit_description": null, "speed_limit": null, "vertical_angle": -3.0, "center_waypoint": null, "center_waypoint_latitude": null, "center_waypoint_longitude": null, "aircraft_category": null}, "geometry": {"type": "MultiPoint", "coordinates": [[96.20773333, 19.60832222]]}}, {"type": "Feature", "properties": {"fid": 1236, "area_code": "PAC", "airport_identifier": "VYNT", "procedure_identifier": "R34", "route_type": "R", "transition_identifier": null, "seqno": 40, "waypoint_icao_code": "VY", "waypoint_identifier": "NT914", "waypoint_latitude": 19.65461111, "waypoint_longitude": 96.18727778, "waypoint_description_code": "EY", "turn_direction": null, "rnp": 1.0, "path_termination": "DF", "recommanded_navaid": null, "recommanded_navaid_latitude": null, "recommanded_navaid_longitude": null, "arc_radius": null, "theta": null, "rho": null, "magnetic_course": null, "route_distance_holding_distance_time": null, "distance_time": null, "altitude_description": null, "altitude1": null, "altitude2": null, "transition_altitude": null, "speed_limit_description": "-", "speed_limit": 230.0, "vertical_angle": null, "center_waypoint": null, "center_waypoint_latitude": null, "center_waypoint_longitude": null, "aircraft_category": null}, "geometry": {"type": "MultiPoint", "coordinates": [[96.18727778, 19.65461111]]}}, {"type": "Feature", "properties": {"fid": 1237, "area_code": "PAC", "airport_identifier": "VYNT", "procedure_identifier": "R34", "route_type": "R", "transition_identifier": null, "seqno": 50, "waypoint_icao_code": "VY", "waypoint_identifier": "NT915", "waypoint_latitude": 19.49686111, "waypoint_longitude": 96.16136111, "waypoint_description_code": "E", "turn_direction": "L", "rnp": 1.0, "path_termination": "DF", "recommanded_navaid": null, "recommanded_navaid_latitude": null, "recommanded_navaid_longitude": null, "arc_radius": null, "theta": null, "rho": null, "magnetic_course": null, "route_distance_holding_distance_time": null, "distance_time": null, "altitude_description": null, "altitude1": null, "altitude2": null, "transition_altitude": null, "speed_limit_description": "-", "speed_limit": 230.0, "vertical_angle": null, "center_waypoint": null, "center_waypoint_latitude": null, "center_waypoint_longitude": null, "aircraft_category": null}, "geometry": {"type": "MultiPoint", "coordinates": [[96.16136111, 19.49686111]]}}, {"type": "Feature", "properties": {"fid": 1238, "area_code": "PAC", "airport_identifier": "VYNT", "procedure_identifier": "R34", "route_type": "R", "transition_identifier": null, "seqno": 60, "waypoint_icao_code": "VY", "waypoint_identifier": "WUNNA", "waypoint_latitude": 19.41969444, "waypoint_longitude": 96.19547222, "waypoint_description_code": "E", "turn_direction": null, "rnp": 1.0, "path_termination": "TF", "recommanded_navaid": null, "recommanded_navaid_latitude": null, "recommanded_navaid_longitude": null, "arc_radius": null, "theta": null, "rho": null, "magnetic_course": null, "route_distance_holding_distance_time": null, "distance_time": null, "altitude_description": "+", "altitude1": 3000.0, "altitude2": null, "transition_altitude": null, "speed_limit_description": "-", "speed_limit": 230.0, "vertical_angle": null, "center_waypoint": null, "center_waypoint_latitude": null, "center_waypoint_longitude": null, "aircraft_category": null}, "geometry": {"type": "MultiPoint", "coordinates": [[96.19547222, 19.41969444]]}}, {"type": "Feature", "properties": {"fid": 1239, "area_code": "PAC", "airport_identifier": "VYNT", "procedure_identifier": "R34", "route_type": "R", "transition_identifier": null, "seqno": 70, "waypoint_icao_code": "VY", "waypoint_identifier": "WUNNA", "waypoint_latitude": 19.41969444, "waypoint_longitude": 96.19547222, "waypoint_description_code": "E  H", "turn_direction": "R", "rnp": 1.0, "path_termination": "HM", "recommanded_navaid": null, "recommanded_navaid_latitude": null, "recommanded_navaid_longitude": null, "arc_radius": null, "theta": null, "rho": null, "magnetic_course": 68.0, "route_distance_holding_distance_time": 1.0, "distance_time": "T", "altitude_description": "+", "altitude1": 3000.0, "altitude2": null, "transition_altitude": null, "speed_limit_description": "-", "speed_limit": 230.0, "vertical_angle": null, "center_waypoint": null, "center_waypoint_latitude": null, "center_waypoint_longitude": null, "aircraft_category": null}, "geometry": {"type": "MultiPoint", "coordinates": [[96.19547222, 19.41969444]]}}, {"type": "Feature", "properties": {"fid": 1294, "area_code": "PAC", "airport_identifier": "VYME", "procedure_identifier": "R18", "route_type": "A", "transition_identifier": "KALVO", "seqno": 10, "waypoint_icao_code": "VY", "waypoint_identifier": "KALVO", "waypoint_latitude": 12.70300833, "waypoint_longitude": 98.63371667, "waypoint_description_code": "E  A", "turn_direction": null, "rnp": 1.0, "path_termination": "IF", "recommanded_navaid": null, "recommanded_navaid_latitude": null, "recommanded_navaid_longitude": null, "arc_radius": null, "theta": null, "rho": null, "magnetic_course": null, "route_distance_holding_distance_time": null, "distance_time": null, "altitude_description": "+", "altitude1": 4000.0, "altitude2": null, "transition_altitude": null, "speed_limit_description": "-", "speed_limit": 210.0, "vertical_angle": null, "center_waypoint": null, "center_waypoint_latitude": null, "center_waypoint_longitude": null, "aircraft_category": null}, "geometry": {"type": "MultiPoint", "coordinates": [[98.63371667, 12.70300833]]}}, {"type": "Feature", "properties": {"fid": 1295, "area_code": "PAC", "airport_identifier": "VYME", "procedure_identifier": "R18", "route_type": "A", "transition_identifier": "KALVO", "seqno": 20, "waypoint_icao_code": "VY", "waypoint_identifier": "ME901", "waypoint_latitude": 12.61939722, "waypoint_longitude": 98.62970556, "waypoint_description_code": "E", "turn_direction": null, "rnp": 1.0, "path_termination": "TF", "recommanded_navaid": null, "recommanded_navaid_latitude": null, "recommanded_navaid_longitude": null, "arc_radius": null, "theta": null, "rho": null, "magnetic_course": null, "route_distance_holding_distance_time": null, "distance_time": null, "altitude_description": "+", "altitude1": 2800.0, "altitude2": null, "transition_altitude": null, "speed_limit_description": null, "speed_limit": null, "vertical_angle": null, "center_waypoint": null, "center_waypoint_latitude": null, "center_waypoint_longitude": null, "aircraft_category": null}, "geometry": {"type": "MultiPoint", "coordinates": [[98.62970556, 12.61939722]]}}, {"type": "Feature", "properties": {"fid": 1297, "area_code": "PAC", "airport_identifier": "VYME", "procedure_identifier": "R18", "route_type": "A", "transition_identifier": "TEGAN", "seqno": 10, "waypoint_icao_code": "VY", "waypoint_identifier": "TEGAN", "waypoint_latitude": 12.61544444, "waypoint_longitude": 98.71483889, "waypoint_description_code": "E  A", "turn_direction": null, "rnp": 1.0, "path_termination": "IF", "recommanded_navaid": null, "recommanded_navaid_latitude": null, "recommanded_navaid_longitude": null, "arc_radius": null, "theta": null, "rho": null, "magnetic_course": null, "route_distance_holding_distance_time": null, "distance_time": null, "altitude_description": "+", "altitude1": 4000.0, "altitude2": null, "transition_altitude": null, "speed_limit_description": "-", "speed_limit": 210.0, "vertical_angle": null, "center_waypoint": null, "center_waypoint_latitude": null, "center_waypoint_longitude": null, "aircraft_category": null}, "geometry": {"type": "MultiPoint", "coordinates": [[98.71483889, 12.61544444]]}}, {"type": "Feature", "properties": {"fid": 1298, "area_code": "PAC", "airport_identifier": "VYME", "procedure_identifier": "R18", "route_type": "A", "transition_identifier": "TEGAN", "seqno": 20, "waypoint_icao_code": "VY", "waypoint_identifier": "ME901", "waypoint_latitude": 12.61939722, "waypoint_longitude": 98.62970556, "waypoint_description_code": "E", "turn_direction": null, "rnp": 1.0, "path_termination": "TF", "recommanded_navaid": null, "recommanded_navaid_latitude": null, "recommanded_navaid_longitude": null, "arc_radius": null, "theta": null, "rho": null, "magnetic_course": null, "route_distance_holding_distance_time": null, "distance_time": null, "altitude_description": "+", "altitude1": 2800.0, "altitude2": null, "transition_altitude": null, "speed_limit_description": null, "speed_limit": null, "vertical_angle": null, "center_waypoint": null, "center_waypoint_latitude": null, "center_waypoint_longitude": null, "aircraft_category": null}, "geometry": {"type": "MultiPoint", "coordinates": [[98.62970556, 12.61939722]]}}, {"type": "Feature", "properties": {"fid": 1300, "area_code": "PAC", "airport_identifier": "VYME", "procedure_identifier": "R18", "route_type": "R", "transition_identifier": null, "seqno": 10, "waypoint_icao_code": "VY", "waypoint_identifier": "ME901", "waypoint_latitude": 12.61939722, "waypoint_longitude": 98.62970556, "waypoint_description_code": "E  I", "turn_direction": null, "rnp": null, "path_termination": "IF", "recommanded_navaid": null, "recommanded_navaid_latitude": null, "recommanded_navaid_longitude": null, "arc_radius": null, "theta": null, "rho": null, "magnetic_course": null, "route_distance_holding_distance_time": null, "distance_time": null, "altitude_description": "+", "altitude1": 2800.0, "altitude2": null, "transition_altitude": null, "speed_limit_description": null, "speed_limit": null, "vertical_angle": null, "center_waypoint": null, "center_waypoint_latitude": null, "center_waypoint_longitude": null, "aircraft_category": null}, "geometry": {"type": "MultiPoint", "coordinates": [[98.62970556, 12.61939722]]}}, {"type": "Feature", "properties": {"fid": 1301, "area_code": "PAC", "airport_identifier": "VYME", "procedure_identifier": "R18", "route_type": "R", "transition_identifier": null, "seqno": 20, "waypoint_icao_code": "VY", "waypoint_identifier": "VANBI", "waypoint_latitude": 12.53578333, "waypoint_longitude": 98.62569444, "waypoint_description_code": "E  F", "turn_direction": null, "rnp": null, "path_termination": "TF", "recommanded_navaid": null, "recommanded_navaid_latitude": null, "recommanded_navaid_longitude": null, "arc_radius": null, "theta": null, "rho": null, "magnetic_course": 183.0, "route_distance_holding_distance_time": 5.0, "distance_time": "D", "altitude_description": "@", "altitude1": 1700.0, "altitude2": null, "transition_altitude": null, "speed_limit_description": null, "speed_limit": null, "vertical_angle": null, "center_waypoint": null, "center_waypoint_latitude": null, "center_waypoint_longitude": null, "aircraft_category": null}, "geometry": {"type": "MultiPoint", "coordinates": [[98.62569444, 12.53578333]]}}, {"type": "Feature", "properties": {"fid": 1302, "area_code": "PAC", "airport_identifier": "VYME", "procedure_identifier": "R18", "route_type": "R", "transition_identifier": null, "seqno": 30, "waypoint_icao_code": "VY", "waypoint_identifier": "RW18", "waypoint_latitude": 12.45235, "waypoint_longitude": 98.62169444, "waypoint_description_code": "GY M", "turn_direction": null, "rnp": null, "path_termination": "TF", "recommanded_navaid": null, "recommanded_navaid_latitude": null, "recommanded_navaid_longitude": null, "arc_radius": null, "theta": null, "rho": null, "magnetic_course": 183.0, "route_distance_holding_distance_time": 5.0, "distance_time": "D", "altitude_description": "@", "altitude1": 112.0, "altitude2": null, "transition_altitude": null, "speed_limit_description": null, "speed_limit": null, "vertical_angle": -3.0, "center_waypoint": null, "center_waypoint_latitude": null, "center_waypoint_longitude": null, "aircraft_category": null}, "geometry": {"type": "MultiPoint", "coordinates": [[98.62169444, 12.45235]]}}, {"type": "Feature", "properties": {"fid": 1304, "area_code": "PAC", "airport_identifier": "VYME", "procedure_identifier": "R18", "route_type": "R", "transition_identifier": null, "seqno": 40, "waypoint_icao_code": "VY", "waypoint_identifier": "ME902", "waypoint_latitude": 12.34416389, "waypoint_longitude": 98.61651111, "waypoint_description_code": "EY", "turn_direction": null, "rnp": 1.0, "path_termination": "DF", "recommanded_navaid": null, "recommanded_navaid_latitude": null, "recommanded_navaid_longitude": null, "arc_radius": null, "theta": null, "rho": null, "magnetic_course": null, "route_distance_holding_distance_time": null, "distance_time": null, "altitude_description": null, "altitude1": null, "altitude2": null, "transition_altitude": null, "speed_limit_description": null, "speed_limit": null, "vertical_angle": null, "center_waypoint": null, "center_waypoint_latitude": null, "center_waypoint_longitude": null, "aircraft_category": null}, "geometry": {"type": "MultiPoint", "coordinates": [[98.61651111, 12.34416389]]}}, {"type": "Feature", "properties": {"fid": 1305, "area_code": "PAC", "airport_identifier": "VYME", "procedure_identifier": "R18", "route_type": "R", "transition_identifier": null, "seqno": 50, "waypoint_icao_code": "VY", "waypoint_identifier": "ME903", "waypoint_latitude": 12.48481111, "waypoint_longitude": 98.736325, "waypoint_description_code": "E", "turn_direction": "L", "rnp": 1.0, "path_termination": "DF", "recommanded_navaid": null, "recommanded_navaid_latitude": null, "recommanded_navaid_longitude": null, "arc_radius": null, "theta": null, "rho": null, "magnetic_course": null, "route_distance_holding_distance_time": null, "distance_time": null, "altitude_description": null, "altitude1": null, "altitude2": null, "transition_altitude": null, "speed_limit_description": null, "speed_limit": null, "vertical_angle": null, "center_waypoint": null, "center_waypoint_latitude": null, "center_waypoint_longitude": null, "aircraft_category": null}, "geometry": {"type": "MultiPoint", "coordinates": [[98.736325, 12.48481111]]}}, {"type": "Feature", "properties": {"fid": 1306, "area_code": "PAC", "airport_identifier": "VYME", "procedure_identifier": "R18", "route_type": "R", "transition_identifier": null, "seqno": 60, "waypoint_icao_code": "VY", "waypoint_identifier": "TEGAN", "waypoint_latitude": 12.61544444, "waypoint_longitude": 98.71483889, "waypoint_description_code": "E", "turn_direction": null, "rnp": 1.0, "path_termination": "TF", "recommanded_navaid": null, "recommanded_navaid_latitude": null, "recommanded_navaid_longitude": null, "arc_radius": null, "theta": null, "rho": null, "magnetic_course": null, "route_distance_holding_distance_time": null, "distance_time": null, "altitude_description": "+", "altitude1": 4000.0, "altitude2": null, "transition_altitude": null, "speed_limit_description": "-", "speed_limit": 210.0, "vertical_angle": null, "center_waypoint": null, "center_waypoint_latitude": null, "center_waypoint_longitude": null, "aircraft_category": null}, "geometry": {"type": "MultiPoint", "coordinates": [[98.71483889, 12.61544444]]}}, {"type": "Feature", "properties": {"fid": 1307, "area_code": "PAC", "airport_identifier": "VYME", "procedure_identifier": "R18", "route_type": "R", "transition_identifier": null, "seqno": 70, "waypoint_icao_code": "VY", "waypoint_identifier": "TEGAN", "waypoint_latitude": 12.61544444, "waypoint_longitude": 98.71483889, "waypoint_description_code": "E  H", "turn_direction": "R", "rnp": 1.0, "path_termination": "HM", "recommanded_navaid": null, "recommanded_navaid_latitude": null, "recommanded_navaid_longitude": null, "arc_radius": null, "theta": null, "rho": null, "magnetic_course": 273.0, "route_distance_holding_distance_time": 1.0, "distance_time": "T", "altitude_description": "+", "altitude1": 4000.0, "altitude2": null, "transition_altitude": null, "speed_limit_description": "-", "speed_limit": 210.0, "vertical_angle": null, "center_waypoint": null, "center_waypoint_latitude": null, "center_waypoint_longitude": null, "aircraft_category": null}, "geometry": {"type": "MultiPoint", "coordinates": [[98.71483889, 12.61544444]]}}, {"type": "Feature", "properties": {"fid": 1309, "area_code": "PAC", "airport_identifier": "VYBG", "procedure_identifier": "R36", "route_type": "A", "transition_identifier": "LAMIN", "seqno": 10, "waypoint_icao_code": "VY", "waypoint_identifier": "LAMIN", "waypoint_latitude": 20.91300556, "waypoint_longitude": 94.92808611, "waypoint_description_code": "E  A", "turn_direction": null, "rnp": 1.0, "path_termination": "IF", "recommanded_navaid": null, "recommanded_navaid_latitude": null, "recommanded_navaid_longitude": null, "arc_radius": null, "theta": null, "rho": null, "magnetic_course": null, "route_distance_holding_distance_time": null, "distance_time": null, "altitude_description": "+", "altitude1": 4000.0, "altitude2": null, "transition_altitude": null, "speed_limit_description": "-", "speed_limit": 210.0, "vertical_angle": null, "center_waypoint": null, "center_waypoint_latitude": null, "center_waypoint_longitude": null, "aircraft_category": null}, "geometry": {"type": "MultiPoint", "coordinates": [[94.92808611, 20.91300556]]}}, {"type": "Feature", "properties": {"fid": 1310, "area_code": "PAC", "airport_identifier": "VYBG", "procedure_identifier": "R36", "route_type": "A", "transition_identifier": "LAMIN", "seqno": 20, "waypoint_icao_code": "VY", "waypoint_identifier": "BG903", "waypoint_latitude": 20.99664167, "waypoint_longitude": 94.92879722, "waypoint_description_code": "E", "turn_direction": null, "rnp": 1.0, "path_termination": "TF", "recommanded_navaid": null, "recommanded_navaid_latitude": null, "recommanded_navaid_longitude": null, "arc_radius": null, "theta": null, "rho": null, "magnetic_course": null, "route_distance_holding_distance_time": null, "distance_time": null, "altitude_description": "+", "altitude1": 2500.0, "altitude2": null, "transition_altitude": null, "speed_limit_description": "-", "speed_limit": 210.0, "vertical_angle": null, "center_waypoint": null, "center_waypoint_latitude": null, "center_waypoint_longitude": null, "aircraft_category": null}, "geometry": {"type": "MultiPoint", "coordinates": [[94.92879722, 20.99664167]]}}, {"type": "Feature", "properties": {"fid": 1312, "area_code": "PAC", "airport_identifier": "VYBG", "procedure_identifier": "R36", "route_type": "A", "transition_identifier": "MAHAR", "seqno": 10, "waypoint_icao_code": "VY", "waypoint_identifier": "MAHAR", "waypoint_latitude": 21.1257, "waypoint_longitude": 95.13454722, "waypoint_description_code": "E  A", "turn_direction": null, "rnp": 1.0, "path_termination": "IF", "recommanded_navaid": null, "recommanded_navaid_latitude": null, "recommanded_navaid_longitude": null, "arc_radius": null, "theta": null, "rho": null, "magnetic_course": null, "route_distance_holding_distance_time": null, "distance_time": null, "altitude_description": "+", "altitude1": 5000.0, "altitude2": null, "transition_altitude": null, "speed_limit_description": "-", "speed_limit": 230.0, "vertical_angle": null, "center_waypoint": null, "center_waypoint_latitude": null, "center_waypoint_longitude": null, "aircraft_category": null}, "geometry": {"type": "MultiPoint", "coordinates": [[95.13454722, 21.1257]]}}, {"type": "Feature", "properties": {"fid": 1313, "area_code": "PAC", "airport_identifier": "VYBG", "procedure_identifier": "R36", "route_type": "A", "transition_identifier": "MAHAR", "seqno": 20, "waypoint_icao_code": "VY", "waypoint_identifier": "NANDA", "waypoint_latitude": 20.99594722, "waypoint_longitude": 95.01785556, "waypoint_description_code": "E", "turn_direction": null, "rnp": 1.0, "path_termination": "TF", "recommanded_navaid": null, "recommanded_navaid_latitude": null, "recommanded_navaid_longitude": null, "arc_radius": null, "theta": null, "rho": null, "magnetic_course": null, "route_distance_holding_distance_time": null, "distance_time": null, "altitude_description": "+", "altitude1": 4000.0, "altitude2": null, "transition_altitude": null, "speed_limit_description": "-", "speed_limit": 210.0, "vertical_angle": null, "center_waypoint": null, "center_waypoint_latitude": null, "center_waypoint_longitude": null, "aircraft_category": null}, "geometry": {"type": "MultiPoint", "coordinates": [[95.01785556, 20.99594722]]}}, {"type": "Feature", "properties": {"fid": 1314, "area_code": "PAC", "airport_identifier": "VYBG", "procedure_identifier": "R36", "route_type": "A", "transition_identifier": "MAHAR", "seqno": 30, "waypoint_icao_code": "VY", "waypoint_identifier": "BG903", "waypoint_latitude": 20.99664167, "waypoint_longitude": 94.92879722, "waypoint_description_code": "E", "turn_direction": null, "rnp": 1.0, "path_termination": "TF", "recommanded_navaid": null, "recommanded_navaid_latitude": null, "recommanded_navaid_longitude": null, "arc_radius": null, "theta": null, "rho": null, "magnetic_course": null, "route_distance_holding_distance_time": null, "distance_time": null, "altitude_description": "+", "altitude1": 2500.0, "altitude2": null, "transition_altitude": null, "speed_limit_description": "-", "speed_limit": 210.0, "vertical_angle": null, "center_waypoint": null, "center_waypoint_latitude": null, "center_waypoint_longitude": null, "aircraft_category": null}, "geometry": {"type": "MultiPoint", "coordinates": [[94.92879722, 20.99664167]]}}, {"type": "Feature", "properties": {"fid": 1316, "area_code": "PAC", "airport_identifier": "VYBG", "procedure_identifier": "R36", "route_type": "R", "transition_identifier": null, "seqno": 10, "waypoint_icao_code": "VY", "waypoint_identifier": "BG903", "waypoint_latitude": 20.99664167, "waypoint_longitude": 94.92879722, "waypoint_description_code": "E  I", "turn_direction": null, "rnp": null, "path_termination": "IF", "recommanded_navaid": null, "recommanded_navaid_latitude": null, "recommanded_navaid_longitude": null, "arc_radius": null, "theta": null, "rho": null, "magnetic_course": null, "route_distance_holding_distance_time": null, "distance_time": null, "altitude_description": "+", "altitude1": 2500.0, "altitude2": null, "transition_altitude": null, "speed_limit_description": "-", "speed_limit": 210.0, "vertical_angle": null, "center_waypoint": null, "center_waypoint_latitude": null, "center_waypoint_longitude": null, "aircraft_category": null}, "geometry": {"type": "MultiPoint", "coordinates": [[94.92879722, 20.99664167]]}}, {"type": "Feature", "properties": {"fid": 1317, "area_code": "PAC", "airport_identifier": "VYBG", "procedure_identifier": "R36", "route_type": "R", "transition_identifier": null, "seqno": 20, "waypoint_icao_code": "VY", "waypoint_identifier": "YADAR", "waypoint_latitude": 21.08474722, "waypoint_longitude": 94.92955, "waypoint_description_code": "E  F", "turn_direction": null, "rnp": null, "path_termination": "TF", "recommanded_navaid": null, "recommanded_navaid_latitude": null, "recommanded_navaid_longitude": null, "arc_radius": null, "theta": null, "rho": null, "magnetic_course": 1.0, "route_distance_holding_distance_time": 5.2, "distance_time": "D", "altitude_description": "@", "altitude1": 2000.0, "altitude2": null, "transition_altitude": null, "speed_limit_description": null, "speed_limit": null, "vertical_angle": null, "center_waypoint": null, "center_waypoint_latitude": null, "center_waypoint_longitude": null, "aircraft_category": null}, "geometry": {"type": "MultiPoint", "coordinates": [[94.92955, 21.08474722]]}}, {"type": "Feature", "properties": {"fid": 1318, "area_code": "PAC", "airport_identifier": "VYBG", "procedure_identifier": "R36", "route_type": "R", "transition_identifier": null, "seqno": 30, "waypoint_icao_code": "VY", "waypoint_identifier": "RW36", "waypoint_latitude": 21.16725278, "waypoint_longitude": 94.93025278, "waypoint_description_code": "GY M", "turn_direction": null, "rnp": null, "path_termination": "TF", "recommanded_navaid": null, "recommanded_navaid_latitude": null, "recommanded_navaid_longitude": null, "arc_radius": null, "theta": null, "rho": null, "magnetic_course": 1.0, "route_distance_holding_distance_time": 5.0, "distance_time": "D", "altitude_description": "@", "altitude1": 409.0, "altitude2": null, "transition_altitude": null, "speed_limit_description": null, "speed_limit": null, "vertical_angle": -3.0, "center_waypoint": null, "center_waypoint_latitude": null, "center_waypoint_longitude": null, "aircraft_category": null}, "geometry": {"type": "MultiPoint", "coordinates": [[94.93025278, 21.16725278]]}}, {"type": "Feature", "properties": {"fid": 1320, "area_code": "PAC", "airport_identifier": "VYBG", "procedure_identifier": "R36", "route_type": "R", "transition_identifier": null, "seqno": 40, "waypoint_icao_code": "VY", "waypoint_identifier": "BG904", "waypoint_latitude": 21.28433611, "waypoint_longitude": 94.93125278, "waypoint_description_code": "EY", "turn_direction": null, "rnp": 1.0, "path_termination": "DF", "recommanded_navaid": null, "recommanded_navaid_latitude": null, "recommanded_navaid_longitude": null, "arc_radius": null, "theta": null, "rho": null, "magnetic_course": null, "route_distance_holding_distance_time": null, "distance_time": null, "altitude_description": null, "altitude1": null, "altitude2": null, "transition_altitude": null, "speed_limit_description": "-", "speed_limit": 230.0, "vertical_angle": null, "center_waypoint": null, "center_waypoint_latitude": null, "center_waypoint_longitude": null, "aircraft_category": null}, "geometry": {"type": "MultiPoint", "coordinates": [[94.93125278, 21.28433611]]}}, {"type": "Feature", "properties": {"fid": 1321, "area_code": "PAC", "airport_identifier": "VYBG", "procedure_identifier": "R36", "route_type": "R", "transition_identifier": null, "seqno": 50, "waypoint_icao_code": "VY", "waypoint_identifier": "MAHAR", "waypoint_latitude": 21.1257, "waypoint_longitude": 95.13454722, "waypoint_description_code": "E", "turn_direction": "R", "rnp": 1.0, "path_termination": "DF", "recommanded_navaid": null, "recommanded_navaid_latitude": null, "recommanded_navaid_longitude": null, "arc_radius": null, "theta": null, "rho": null, "magnetic_course": null, "route_distance_holding_distance_time": null, "distance_time": null, "altitude_description": "+", "altitude1": 5000.0, "altitude2": null, "transition_altitude": null, "speed_limit_description": "-", "speed_limit": 230.0, "vertical_angle": null, "center_waypoint": null, "center_waypoint_latitude": null, "center_waypoint_longitude": null, "aircraft_category": null}, "geometry": {"type": "MultiPoint", "coordinates": [[95.13454722, 21.1257]]}}, {"type": "Feature", "properties": {"fid": 1322, "area_code": "PAC", "airport_identifier": "VYBG", "procedure_identifier": "R36", "route_type": "R", "transition_identifier": null, "seqno": 60, "waypoint_icao_code": "VY", "waypoint_identifier": "MAHAR", "waypoint_latitude": 21.1257, "waypoint_longitude": 95.13454722, "waypoint_description_code": "E  H", "turn_direction": "L", "rnp": 1.0, "path_termination": "HM", "recommanded_navaid": null, "recommanded_navaid_latitude": null, "recommanded_navaid_longitude": null, "arc_radius": null, "theta": null, "rho": null, "magnetic_course": 221.0, "route_distance_holding_distance_time": 1.0, "distance_time": "T", "altitude_description": "+", "altitude1": 5000.0, "altitude2": null, "transition_altitude": null, "speed_limit_description": "-", "speed_limit": 230.0, "vertical_angle": null, "center_waypoint": null, "center_waypoint_latitude": null, "center_waypoint_longitude": null, "aircraft_category": null}, "geometry": {"type": "MultiPoint", "coordinates": [[95.13454722, 21.1257]]}}, {"type": "Feature", "properties": {"fid": 1421, "area_code": "PAC", "airport_identifier": "VYYY", "procedure_identifier": "R21", "route_type": "A", "transition_identifier": "BAGOO", "seqno": 10, "waypoint_icao_code": "VY", "waypoint_identifier": "BAGOO", "waypoint_latitude": 17.3185, "waypoint_longitude": 96.51986111, "waypoint_description_code": "E  A", "turn_direction": null, "rnp": 1.0, "path_termination": "IF", "recommanded_navaid": null, "recommanded_navaid_latitude": null, "recommanded_navaid_longitude": null, "arc_radius": null, "theta": null, "rho": null, "magnetic_course": null, "route_distance_holding_distance_time": null, "distance_time": null, "altitude_description": null, "altitude1": null, "altitude2": null, "transition_altitude": null, "speed_limit_description": null, "speed_limit": null, "vertical_angle": null, "center_waypoint": null, "center_waypoint_latitude": null, "center_waypoint_longitude": null, "aircraft_category": null}, "geometry": {"type": "MultiPoint", "coordinates": [[96.51986111, 17.3185]]}}, {"type": "Feature", "properties": {"fid": 1422, "area_code": "PAC", "airport_identifier": "VYYY", "procedure_identifier": "R21", "route_type": "A", "transition_identifier": "BAGOO", "seqno": 20, "waypoint_icao_code": "VY", "waypoint_identifier": "PAKSU", "waypoint_latitude": 17.14961111, "waypoint_longitude": 96.32894444, "waypoint_description_code": "E", "turn_direction": null, "rnp": 1.0, "path_termination": "TF", "recommanded_navaid": null, "recommanded_navaid_latitude": null, "recommanded_navaid_longitude": null, "arc_radius": null, "theta": null, "rho": null, "magnetic_course": null, "route_distance_holding_distance_time": null, "distance_time": null, "altitude_description": "+", "altitude1": 4000.0, "altitude2": null, "transition_altitude": null, "speed_limit_description": "-", "speed_limit": 230.0, "vertical_angle": null, "center_waypoint": null, "center_waypoint_latitude": null, "center_waypoint_longitude": null, "aircraft_category": null}, "geometry": {"type": "MultiPoint", "coordinates": [[96.32894444, 17.14961111]]}}, {"type": "Feature", "properties": {"fid": 1423, "area_code": "PAC", "airport_identifier": "VYYY", "procedure_identifier": "R21", "route_type": "A", "transition_identifier": "BAGOO", "seqno": 30, "waypoint_icao_code": "VY", "waypoint_identifier": "HLEGU", "waypoint_latitude": 17.08030556, "waypoint_longitude": 96.251, "waypoint_description_code": "E", "turn_direction": null, "rnp": 1.0, "path_termination": "TF", "recommanded_navaid": null, "recommanded_navaid_latitude": null, "recommanded_navaid_longitude": null, "arc_radius": null, "theta": null, "rho": null, "magnetic_course": null, "route_distance_holding_distance_time": null, "distance_time": null, "altitude_description": "+", "altitude1": 3000.0, "altitude2": null, "transition_altitude": null, "speed_limit_description": "-", "speed_limit": 200.0, "vertical_angle": null, "center_waypoint": null, "center_waypoint_latitude": null, "center_waypoint_longitude": null, "aircraft_category": null}, "geometry": {"type": "MultiPoint", "coordinates": [[96.251, 17.08030556]]}}, {"type": "Feature", "properties": {"fid": 1425, "area_code": "PAC", "airport_identifier": "VYYY", "procedure_identifier": "R21", "route_type": "A", "transition_identifier": "DANSO", "seqno": 10, "waypoint_icao_code": "VY", "waypoint_identifier": "DANSO", "waypoint_latitude": 17.02355556, "waypoint_longitude": 96.34541667, "waypoint_description_code": "E  A", "turn_direction": null, "rnp": 1.0, "path_termination": "IF", "recommanded_navaid": null, "recommanded_navaid_latitude": null, "recommanded_navaid_longitude": null, "arc_radius": null, "theta": null, "rho": null, "magnetic_course": null, "route_distance_holding_distance_time": null, "distance_time": null, "altitude_description": "+", "altitude1": 4000.0, "altitude2": null, "transition_altitude": null, "speed_limit_description": "-", "speed_limit": 230.0, "vertical_angle": null, "center_waypoint": null, "center_waypoint_latitude": null, "center_waypoint_longitude": null, "aircraft_category": null}, "geometry": {"type": "MultiPoint", "coordinates": [[96.34541667, 17.02355556]]}}, {"type": "Feature", "properties": {"fid": 1426, "area_code": "PAC", "airport_identifier": "VYYY", "procedure_identifier": "R21", "route_type": "A", "transition_identifier": "DANSO", "seqno": 20, "waypoint_icao_code": "VY", "waypoint_identifier": "HLEGU", "waypoint_latitude": 17.08030556, "waypoint_longitude": 96.251, "waypoint_description_code": "E", "turn_direction": null, "rnp": 1.0, "path_termination": "TF", "recommanded_navaid": null, "recommanded_navaid_latitude": null, "recommanded_navaid_longitude": null, "arc_radius": null, "theta": null, "rho": null, "magnetic_course": null, "route_distance_holding_distance_time": null, "distance_time": null, "altitude_description": "+", "altitude1": 3000.0, "altitude2": null, "transition_altitude": null, "speed_limit_description": "-", "speed_limit": 200.0, "vertical_angle": null, "center_waypoint": null, "center_waypoint_latitude": null, "center_waypoint_longitude": null, "aircraft_category": null}, "geometry": {"type": "MultiPoint", "coordinates": [[96.251, 17.08030556]]}}, {"type": "Feature", "properties": {"fid": 1428, "area_code": "PAC", "airport_identifier": "VYYY", "procedure_identifier": "R21", "route_type": "A", "transition_identifier": "GONAS", "seqno": 10, "waypoint_icao_code": "VY", "waypoint_identifier": "GONAS", "waypoint_latitude": 17.16733333, "waypoint_longitude": 96.19222222, "waypoint_description_code": "E  A", "turn_direction": null, "rnp": 1.0, "path_termination": "IF", "recommanded_navaid": null, "recommanded_navaid_latitude": null, "recommanded_navaid_longitude": null, "arc_radius": null, "theta": null, "rho": null, "magnetic_course": null, "route_distance_holding_distance_time": null, "distance_time": null, "altitude_description": "+", "altitude1": 4000.0, "altitude2": null, "transition_altitude": null, "speed_limit_description": "-", "speed_limit": 230.0, "vertical_angle": null, "center_waypoint": null, "center_waypoint_latitude": null, "center_waypoint_longitude": null, "aircraft_category": null}, "geometry": {"type": "MultiPoint", "coordinates": [[96.19222222, 17.16733333]]}}, {"type": "Feature", "properties": {"fid": 1429, "area_code": "PAC", "airport_identifier": "VYYY", "procedure_identifier": "R21", "route_type": "A", "transition_identifier": "GONAS", "seqno": 20, "waypoint_icao_code": "VY", "waypoint_identifier": "HLEGU", "waypoint_latitude": 17.08030556, "waypoint_longitude": 96.251, "waypoint_description_code": "E", "turn_direction": null, "rnp": 1.0, "path_termination": "TF", "recommanded_navaid": null, "recommanded_navaid_latitude": null, "recommanded_navaid_longitude": null, "arc_radius": null, "theta": null, "rho": null, "magnetic_course": null, "route_distance_holding_distance_time": null, "distance_time": null, "altitude_description": "+", "altitude1": 3000.0, "altitude2": null, "transition_altitude": null, "speed_limit_description": "-", "speed_limit": 200.0, "vertical_angle": null, "center_waypoint": null, "center_waypoint_latitude": null, "center_waypoint_longitude": null, "aircraft_category": null}, "geometry": {"type": "MultiPoint", "coordinates": [[96.251, 17.08030556]]}}, {"type": "Feature", "properties": {"fid": 1431, "area_code": "PAC", "airport_identifier": "VYYY", "procedure_identifier": "R21", "route_type": "R", "transition_identifier": null, "seqno": 10, "waypoint_icao_code": "VY", "waypoint_identifier": "HLEGU", "waypoint_latitude": 17.08030556, "waypoint_longitude": 96.251, "waypoint_description_code": "E  I", "turn_direction": null, "rnp": null, "path_termination": "IF", "recommanded_navaid": null, "recommanded_navaid_latitude": null, "recommanded_navaid_longitude": null, "arc_radius": null, "theta": null, "rho": null, "magnetic_course": null, "route_distance_holding_distance_time": null, "distance_time": null, "altitude_description": "+", "altitude1": 3000.0, "altitude2": null, "transition_altitude": null, "speed_limit_description": "-", "speed_limit": 200.0, "vertical_angle": null, "center_waypoint": null, "center_waypoint_latitude": null, "center_waypoint_longitude": null, "aircraft_category": null}, "geometry": {"type": "MultiPoint", "coordinates": [[96.251, 17.08030556]]}}, {"type": "Feature", "properties": {"fid": 1432, "area_code": "PAC", "airport_identifier": "VYYY", "procedure_identifier": "R21", "route_type": "R", "transition_identifier": null, "seqno": 20, "waypoint_icao_code": "VY", "waypoint_identifier": "SULAP", "waypoint_latitude": 16.98563889, "waypoint_longitude": 96.18655556, "waypoint_description_code": "E  F", "turn_direction": null, "rnp": null, "path_termination": "TF", "recommanded_navaid": null, "recommanded_navaid_latitude": null, "recommanded_navaid_longitude": null, "arc_radius": null, "theta": null, "rho": null, "magnetic_course": 214.0, "route_distance_holding_distance_time": 6.8, "distance_time": "D", "altitude_description": "@", "altitude1": 1500.0, "altitude2": null, "transition_altitude": null, "speed_limit_description": null, "speed_limit": null, "vertical_angle": null, "center_waypoint": null, "center_waypoint_latitude": null, "center_waypoint_longitude": null, "aircraft_category": null}, "geometry": {"type": "MultiPoint", "coordinates": [[96.18655556, 16.98563889]]}}, {"type": "Feature", "properties": {"fid": 1433, "area_code": "PAC", "airport_identifier": "VYYY", "procedure_identifier": "R21", "route_type": "R", "transition_identifier": null, "seqno": 30, "waypoint_icao_code": "VY", "waypoint_identifier": "RW21", "waypoint_latitude": 16.92373611, "waypoint_longitude": 96.14445556, "waypoint_description_code": "GY M", "turn_direction": null, "rnp": null, "path_termination": "TF", "recommanded_navaid": null, "recommanded_navaid_latitude": null, "recommanded_navaid_longitude": null, "arc_radius": null, "theta": null, "rho": null, "magnetic_course": 214.0, "route_distance_holding_distance_time": 4.4, "distance_time": "D", "altitude_description": "@", "altitude1": 93.0, "altitude2": null, "transition_altitude": null, "speed_limit_description": null, "speed_limit": null, "vertical_angle": -3.0, "center_waypoint": null, "center_waypoint_latitude": null, "center_waypoint_longitude": null, "aircraft_category": null}, "geometry": {"type": "MultiPoint", "coordinates": [[96.14445556, 16.92373611]]}}, {"type": "Feature", "properties": {"fid": 1435, "area_code": "PAC", "airport_identifier": "VYYY", "procedure_identifier": "R21", "route_type": "R", "transition_identifier": null, "seqno": 40, "waypoint_icao_code": "VY", "waypoint_identifier": "YY901", "waypoint_latitude": 16.86352778, "waypoint_longitude": 96.08408333, "waypoint_description_code": "E", "turn_direction": null, "rnp": 1.0, "path_termination": "CF", "recommanded_navaid": null, "recommanded_navaid_latitude": null, "recommanded_navaid_longitude": null, "arc_radius": null, "theta": null, "rho": null, "magnetic_course": 225.0, "route_distance_holding_distance_time": 5.0, "distance_time": "D", "altitude_description": "+", "altitude1": 1100.0, "altitude2": null, "transition_altitude": null, "speed_limit_description": null, "speed_limit": null, "vertical_angle": null, "center_waypoint": null, "center_waypoint_latitude": null, "center_waypoint_longitude": null, "aircraft_category": null}, "geometry": {"type": "MultiPoint", "coordinates": [[96.08408333, 16.86352778]]}}, {"type": "Feature", "properties": {"fid": 1436, "area_code": "PAC", "airport_identifier": "VYYY", "procedure_identifier": "R21", "route_type": "R", "transition_identifier": null, "seqno": 50, "waypoint_icao_code": "VY", "waypoint_identifier": "PUKIS", "waypoint_latitude": 17.00297222, "waypoint_longitude": 95.93397222, "waypoint_description_code": "EY", "turn_direction": null, "rnp": 1.0, "path_termination": "TF", "recommanded_navaid": null, "recommanded_navaid_latitude": null, "recommanded_navaid_longitude": null, "arc_radius": null, "theta": null, "rho": null, "magnetic_course": null, "route_distance_holding_distance_time": null, "distance_time": null, "altitude_description": "+", "altitude1": 3000.0, "altitude2": null, "transition_altitude": null, "speed_limit_description": "-", "speed_limit": 230.0, "vertical_angle": null, "center_waypoint": null, "center_waypoint_latitude": null, "center_waypoint_longitude": null, "aircraft_category": null}, "geometry": {"type": "MultiPoint", "coordinates": [[95.93397222, 17.00297222]]}}, {"type": "Feature", "properties": {"fid": 1437, "area_code": "PAC", "airport_identifier": "VYYY", "procedure_identifier": "R21", "route_type": "R", "transition_identifier": null, "seqno": 60, "waypoint_icao_code": "VY", "waypoint_identifier": "PUKIS", "waypoint_latitude": 17.00297222, "waypoint_longitude": 95.93397222, "waypoint_description_code": "E  H", "turn_direction": "R", "rnp": 1.0, "path_termination": "HM", "recommanded_navaid": null, "recommanded_navaid_latitude": null, "recommanded_navaid_longitude": null, "arc_radius": null, "theta": null, "rho": null, "magnetic_course": 360.0, "route_distance_holding_distance_time": 1.0, "distance_time": "T", "altitude_description": "+", "altitude1": 3000.0, "altitude2": null, "transition_altitude": null, "speed_limit_description": "-", "speed_limit": 230.0, "vertical_angle": null, "center_waypoint": null, "center_waypoint_latitude": null, "center_waypoint_longitude": null, "aircraft_category": null}, "geometry": {"type": "MultiPoint", "coordinates": [[95.93397222, 17.00297222]]}}, {"type": "Feature", "properties": {"fid": 1588, "area_code": "PAC", "airport_identifier": "VYTD", "procedure_identifier": "R02", "route_type": "A", "transition_identifier": "NODEN", "seqno": 10, "waypoint_icao_code": "VY", "waypoint_identifier": "NODEN", "waypoint_latitude": 18.32346944, "waypoint_longitude": 94.15338056, "waypoint_description_code": "E  A", "turn_direction": null, "rnp": null, "path_termination": "IF", "recommanded_navaid": null, "recommanded_navaid_latitude": null, "recommanded_navaid_longitude": null, "arc_radius": null, "theta": null, "rho": null, "magnetic_course": null, "route_distance_holding_distance_time": null, "distance_time": null, "altitude_description": "+", "altitude1": 3000.0, "altitude2": null, "transition_altitude": null, "speed_limit_description": "-", "speed_limit": 210.0, "vertical_angle": null, "center_waypoint": null, "center_waypoint_latitude": null, "center_waypoint_longitude": null, "aircraft_category": null}, "geometry": {"type": "MultiPoint", "coordinates": [[94.15338056, 18.32346944]]}}, {"type": "Feature", "properties": {"fid": 1589, "area_code": "PAC", "airport_identifier": "VYTD", "procedure_identifier": "R02", "route_type": "A", "transition_identifier": "NODEN", "seqno": 20, "waypoint_icao_code": "VY", "waypoint_identifier": "TD901", "waypoint_latitude": 18.29454167, "waypoint_longitude": 94.23556944, "waypoint_description_code": "E", "turn_direction": null, "rnp": 1.0, "path_termination": "TF", "recommanded_navaid": null, "recommanded_navaid_latitude": null, "recommanded_navaid_longitude": null, "arc_radius": null, "theta": null, "rho": null, "magnetic_course": null, "route_distance_holding_distance_time": null, "distance_time": null, "altitude_description": "+", "altitude1": 2500.0, "altitude2": null, "transition_altitude": null, "speed_limit_description": null, "speed_limit": null, "vertical_angle": null, "center_waypoint": null, "center_waypoint_latitude": null, "center_waypoint_longitude": null, "aircraft_category": null}, "geometry": {"type": "MultiPoint", "coordinates": [[94.23556944, 18.29454167]]}}, {"type": "Feature", "properties": {"fid": 1591, "area_code": "PAC", "airport_identifier": "VYTD", "procedure_identifier": "R02", "route_type": "A", "transition_identifier": "SUSEN", "seqno": 10, "waypoint_icao_code": "VY", "waypoint_identifier": "SUSEN", "waypoint_latitude": 18.26558056, "waypoint_longitude": 94.31773056, "waypoint_description_code": "E  A", "turn_direction": null, "rnp": null, "path_termination": "IF", "recommanded_navaid": null, "recommanded_navaid_latitude": null, "recommanded_navaid_longitude": null, "arc_radius": null, "theta": null, "rho": null, "magnetic_course": null, "route_distance_holding_distance_time": null, "distance_time": null, "altitude_description": "+", "altitude1": 4000.0, "altitude2": null, "transition_altitude": null, "speed_limit_description": "-", "speed_limit": 210.0, "vertical_angle": null, "center_waypoint": null, "center_waypoint_latitude": null, "center_waypoint_longitude": null, "aircraft_category": null}, "geometry": {"type": "MultiPoint", "coordinates": [[94.31773056, 18.26558056]]}}, {"type": "Feature", "properties": {"fid": 1592, "area_code": "PAC", "airport_identifier": "VYTD", "procedure_identifier": "R02", "route_type": "A", "transition_identifier": "SUSEN", "seqno": 20, "waypoint_icao_code": "VY", "waypoint_identifier": "TD901", "waypoint_latitude": 18.29454167, "waypoint_longitude": 94.23556944, "waypoint_description_code": "E", "turn_direction": null, "rnp": 1.0, "path_termination": "TF", "recommanded_navaid": null, "recommanded_navaid_latitude": null, "recommanded_navaid_longitude": null, "arc_radius": null, "theta": null, "rho": null, "magnetic_course": null, "route_distance_holding_distance_time": null, "distance_time": null, "altitude_description": "+", "altitude1": 2500.0, "altitude2": null, "transition_altitude": null, "speed_limit_description": null, "speed_limit": null, "vertical_angle": null, "center_waypoint": null, "center_waypoint_latitude": null, "center_waypoint_longitude": null, "aircraft_category": null}, "geometry": {"type": "MultiPoint", "coordinates": [[94.23556944, 18.29454167]]}}, {"type": "Feature", "properties": {"fid": 1594, "area_code": "PAC", "airport_identifier": "VYTD", "procedure_identifier": "R02", "route_type": "R", "transition_identifier": null, "seqno": 10, "waypoint_icao_code": "VY", "waypoint_identifier": "TD901", "waypoint_latitude": 18.29454167, "waypoint_longitude": 94.23556944, "waypoint_description_code": "E  I", "turn_direction": null, "rnp": null, "path_termination": "IF", "recommanded_navaid": null, "recommanded_navaid_latitude": null, "recommanded_navaid_longitude": null, "arc_radius": null, "theta": null, "rho": null, "magnetic_course": null, "route_distance_holding_distance_time": null, "distance_time": null, "altitude_description": "+", "altitude1": 2500.0, "altitude2": null, "transition_altitude": null, "speed_limit_description": null, "speed_limit": null, "vertical_angle": null, "center_waypoint": null, "center_waypoint_latitude": null, "center_waypoint_longitude": null, "aircraft_category": null}, "geometry": {"type": "MultiPoint", "coordinates": [[94.23556944, 18.29454167]]}}, {"type": "Feature", "properties": {"fid": 1595, "area_code": "PAC", "airport_identifier": "VYTD", "procedure_identifier": "R02", "route_type": "R", "transition_identifier": null, "seqno": 20, "waypoint_icao_code": "VY", "waypoint_identifier": "SALNI", "waypoint_latitude": 18.37303889, "waypoint_longitude": 94.26587222, "waypoint_description_code": "E  F", "turn_direction": null, "rnp": null, "path_termination": "TF", "recommanded_navaid": null, "recommanded_navaid_latitude": null, "recommanded_navaid_longitude": null, "arc_radius": null, "theta": null, "rho": null, "magnetic_course": 21.0, "route_distance_holding_distance_time": 5.0, "distance_time": "D", "altitude_description": "@", "altitude1": 1700.0, "altitude2": null, "transition_altitude": null, "speed_limit_description": null, "speed_limit": null, "vertical_angle": null, "center_waypoint": null, "center_waypoint_latitude": null, "center_waypoint_longitude": null, "aircraft_category": null}, "geometry": {"type": "MultiPoint", "coordinates": [[94.26587222, 18.37303889]]}}, {"type": "Feature", "properties": {"fid": 1596, "area_code": "PAC", "airport_identifier": "VYTD", "procedure_identifier": "R02", "route_type": "R", "transition_identifier": null, "seqno": 30, "waypoint_icao_code": "VY", "waypoint_identifier": "RW02", "waypoint_latitude": 18.45389167, "waypoint_longitude": 94.29709722, "waypoint_description_code": "GY M", "turn_direction": null, "rnp": null, "path_termination": "TF", "recommanded_navaid": null, "recommanded_navaid_latitude": null, "recommanded_navaid_longitude": null, "arc_radius": null, "theta": null, "rho": null, "magnetic_course": 21.0, "route_distance_holding_distance_time": 5.1, "distance_time": "D", "altitude_description": "@", "altitude1": 61.0, "altitude2": null, "transition_altitude": null, "speed_limit_description": null, "speed_limit": null, "vertical_angle": -3.0, "center_waypoint": null, "center_waypoint_latitude": null, "center_waypoint_longitude": null, "aircraft_category": null}, "geometry": {"type": "MultiPoint", "coordinates": [[94.29709722, 18.45389167]]}}, {"type": "Feature", "properties": {"fid": 1598, "area_code": "PAC", "airport_identifier": "VYTD", "procedure_identifier": "R02", "route_type": "R", "transition_identifier": null, "seqno": 40, "waypoint_icao_code": "VY", "waypoint_identifier": "TD902", "waypoint_latitude": 18.53238889, "waypoint_longitude": 94.32742778, "waypoint_description_code": "EY", "turn_direction": null, "rnp": 1.0, "path_termination": "DF", "recommanded_navaid": null, "recommanded_navaid_latitude": null, "recommanded_navaid_longitude": null, "arc_radius": null, "theta": null, "rho": null, "magnetic_course": null, "route_distance_holding_distance_time": null, "distance_time": null, "altitude_description": null, "altitude1": null, "altitude2": null, "transition_altitude": null, "speed_limit_description": null, "speed_limit": null, "vertical_angle": null, "center_waypoint": null, "center_waypoint_latitude": null, "center_waypoint_longitude": null, "aircraft_category": null}, "geometry": {"type": "MultiPoint", "coordinates": [[94.32742778, 18.53238889]]}}, {"type": "Feature", "properties": {"fid": 1599, "area_code": "PAC", "airport_identifier": "VYTD", "procedure_identifier": "R02", "route_type": "R", "transition_identifier": null, "seqno": 50, "waypoint_icao_code": "VY", "waypoint_identifier": "TD903", "waypoint_latitude": 18.48487778, "waypoint_longitude": 94.20349167, "waypoint_description_code": "E", "turn_direction": "L", "rnp": 1.0, "path_termination": "DF", "recommanded_navaid": null, "recommanded_navaid_latitude": null, "recommanded_navaid_longitude": null, "arc_radius": null, "theta": null, "rho": null, "magnetic_course": null, "route_distance_holding_distance_time": null, "distance_time": null, "altitude_description": null, "altitude1": null, "altitude2": null, "transition_altitude": null, "speed_limit_description": null, "speed_limit": null, "vertical_angle": null, "center_waypoint": null, "center_waypoint_latitude": null, "center_waypoint_longitude": null, "aircraft_category": null}, "geometry": {"type": "MultiPoint", "coordinates": [[94.20349167, 18.48487778]]}}, {"type": "Feature", "properties": {"fid": 1600, "area_code": "PAC", "airport_identifier": "VYTD", "procedure_identifier": "R02", "route_type": "R", "transition_identifier": null, "seqno": 60, "waypoint_icao_code": "VY", "waypoint_identifier": "NODEN", "waypoint_latitude": 18.32346944, "waypoint_longitude": 94.15338056, "waypoint_description_code": "E", "turn_direction": null, "rnp": 1.0, "path_termination": "TF", "recommanded_navaid": null, "recommanded_navaid_latitude": null, "recommanded_navaid_longitude": null, "arc_radius": null, "theta": null, "rho": null, "magnetic_course": null, "route_distance_holding_distance_time": null, "distance_time": null, "altitude_description": "+", "altitude1": 3000.0, "altitude2": null, "transition_altitude": null, "speed_limit_description": "-", "speed_limit": 210.0, "vertical_angle": null, "center_waypoint": null, "center_waypoint_latitude": null, "center_waypoint_longitude": null, "aircraft_category": null}, "geometry": {"type": "MultiPoint", "coordinates": [[94.15338056, 18.32346944]]}}, {"type": "Feature", "properties": {"fid": 1601, "area_code": "PAC", "airport_identifier": "VYTD", "procedure_identifier": "R02", "route_type": "R", "transition_identifier": null, "seqno": 70, "waypoint_icao_code": "VY", "waypoint_identifier": "NODEN", "waypoint_latitude": 18.32346944, "waypoint_longitude": 94.15338056, "waypoint_description_code": "E  H", "turn_direction": "R", "rnp": 1.0, "path_termination": "HM", "recommanded_navaid": null, "recommanded_navaid_latitude": null, "recommanded_navaid_longitude": null, "arc_radius": null, "theta": null, "rho": null, "magnetic_course": 111.0, "route_distance_holding_distance_time": 1.0, "distance_time": "T", "altitude_description": "+", "altitude1": 3000.0, "altitude2": null, "transition_altitude": null, "speed_limit_description": "-", "speed_limit": 210.0, "vertical_angle": null, "center_waypoint": null, "center_waypoint_latitude": null, "center_waypoint_longitude": null, "aircraft_category": null}, "geometry": {"type": "MultiPoint", "coordinates": [[94.15338056, 18.32346944]]}}, {"type": "Feature", "properties": {"fid": 1725, "area_code": "PAC", "airport_identifier": "VYYY", "procedure_identifier": "R03", "route_type": "A", "transition_identifier": "EMREL", "seqno": 10, "waypoint_icao_code": "VY", "waypoint_identifier": "EMREL", "waypoint_latitude": 16.80977778, "waypoint_longitude": 95.95386111, "waypoint_description_code": "E  A", "turn_direction": null, "rnp": 1.0, "path_termination": "IF", "recommanded_navaid": null, "recommanded_navaid_latitude": null, "recommanded_navaid_longitude": null, "arc_radius": null, "theta": null, "rho": null, "magnetic_course": null, "route_distance_holding_distance_time": null, "distance_time": null, "altitude_description": "+", "altitude1": 4000.0, "altitude2": null, "transition_altitude": null, "speed_limit_description": "-", "speed_limit": 230.0, "vertical_angle": null, "center_waypoint": null, "center_waypoint_latitude": null, "center_waypoint_longitude": null, "aircraft_category": null}, "geometry": {"type": "MultiPoint", "coordinates": [[95.95386111, 16.80977778]]}}, {"type": "Feature", "properties": {"fid": 1726, "area_code": "PAC", "airport_identifier": "VYYY", "procedure_identifier": "R03", "route_type": "A", "transition_identifier": "EMREL", "seqno": 20, "waypoint_icao_code": "VY", "waypoint_identifier": "YY902", "waypoint_latitude": 16.75986111, "waypoint_longitude": 96.03311111, "waypoint_description_code": "E", "turn_direction": null, "rnp": 1.0, "path_termination": "TF", "recommanded_navaid": null, "recommanded_navaid_latitude": null, "recommanded_navaid_longitude": null, "arc_radius": null, "theta": null, "rho": null, "magnetic_course": null, "route_distance_holding_distance_time": null, "distance_time": null, "altitude_description": "+", "altitude1": 1800.0, "altitude2": null, "transition_altitude": null, "speed_limit_description": "-", "speed_limit": 200.0, "vertical_angle": null, "center_waypoint": null, "center_waypoint_latitude": null, "center_waypoint_longitude": null, "aircraft_category": null}, "geometry": {"type": "MultiPoint", "coordinates": [[96.03311111, 16.75986111]]}}, {"type": "Feature", "properties": {"fid": 1728, "area_code": "PAC", "airport_identifier": "VYYY", "procedure_identifier": "R03", "route_type": "A", "transition_identifier": "OSIDA", "seqno": 10, "waypoint_icao_code": "VY", "waypoint_identifier": "OSIDA", "waypoint_latitude": 16.68783333, "waypoint_longitude": 95.98427778, "waypoint_description_code": "E  A", "turn_direction": null, "rnp": 1.0, "path_termination": "IF", "recommanded_navaid": null, "recommanded_navaid_latitude": null, "recommanded_navaid_longitude": null, "arc_radius": null, "theta": null, "rho": null, "magnetic_course": null, "route_distance_holding_distance_time": null, "distance_time": null, "altitude_description": "+", "altitude1": 4000.0, "altitude2": null, "transition_altitude": null, "speed_limit_description": "-", "speed_limit": 230.0, "vertical_angle": null, "center_waypoint": null, "center_waypoint_latitude": null, "center_waypoint_longitude": null, "aircraft_category": null}, "geometry": {"type": "MultiPoint", "coordinates": [[95.98427778, 16.68783333]]}}, {"type": "Feature", "properties": {"fid": 1729, "area_code": "PAC", "airport_identifier": "VYYY", "procedure_identifier": "R03", "route_type": "A", "transition_identifier": "OSIDA", "seqno": 20, "waypoint_icao_code": "VY", "waypoint_identifier": "YY902", "waypoint_latitude": 16.75986111, "waypoint_longitude": 96.03311111, "waypoint_description_code": "E", "turn_direction": null, "rnp": 1.0, "path_termination": "TF", "recommanded_navaid": null, "recommanded_navaid_latitude": null, "recommanded_navaid_longitude": null, "arc_radius": null, "theta": null, "rho": null, "magnetic_course": null, "route_distance_holding_distance_time": null, "distance_time": null, "altitude_description": "+", "altitude1": 1800.0, "altitude2": null, "transition_altitude": null, "speed_limit_description": "-", "speed_limit": 200.0, "vertical_angle": null, "center_waypoint": null, "center_waypoint_latitude": null, "center_waypoint_longitude": null, "aircraft_category": null}, "geometry": {"type": "MultiPoint", "coordinates": [[96.03311111, 16.75986111]]}}, {"type": "Feature", "properties": {"fid": 1731, "area_code": "PAC", "airport_identifier": "VYYY", "procedure_identifier": "R03", "route_type": "A", "transition_identifier": "PALPO", "seqno": 10, "waypoint_icao_code": "VY", "waypoint_identifier": "PALPO", "waypoint_latitude": 16.70988889, "waypoint_longitude": 96.11230556, "waypoint_description_code": "E  A", "turn_direction": null, "rnp": 1.0, "path_termination": "IF", "recommanded_navaid": null, "recommanded_navaid_latitude": null, "recommanded_navaid_longitude": null, "arc_radius": null, "theta": null, "rho": null, "magnetic_course": null, "route_distance_holding_distance_time": null, "distance_time": null, "altitude_description": "+", "altitude1": 4000.0, "altitude2": null, "transition_altitude": null, "speed_limit_description": "-", "speed_limit": 230.0, "vertical_angle": null, "center_waypoint": null, "center_waypoint_latitude": null, "center_waypoint_longitude": null, "aircraft_category": null}, "geometry": {"type": "MultiPoint", "coordinates": [[96.11230556, 16.70988889]]}}, {"type": "Feature", "properties": {"fid": 1732, "area_code": "PAC", "airport_identifier": "VYYY", "procedure_identifier": "R03", "route_type": "A", "transition_identifier": "PALPO", "seqno": 20, "waypoint_icao_code": "VY", "waypoint_identifier": "YY902", "waypoint_latitude": 16.75986111, "waypoint_longitude": 96.03311111, "waypoint_description_code": "E", "turn_direction": null, "rnp": 1.0, "path_termination": "TF", "recommanded_navaid": null, "recommanded_navaid_latitude": null, "recommanded_navaid_longitude": null, "arc_radius": null, "theta": null, "rho": null, "magnetic_course": null, "route_distance_holding_distance_time": null, "distance_time": null, "altitude_description": "+", "altitude1": 1800.0, "altitude2": null, "transition_altitude": null, "speed_limit_description": "-", "speed_limit": 200.0, "vertical_angle": null, "center_waypoint": null, "center_waypoint_latitude": null, "center_waypoint_longitude": null, "aircraft_category": null}, "geometry": {"type": "MultiPoint", "coordinates": [[96.03311111, 16.75986111]]}}, {"type": "Feature", "properties": {"fid": 1734, "area_code": "PAC", "airport_identifier": "VYYY", "procedure_identifier": "R03", "route_type": "R", "transition_identifier": null, "seqno": 10, "waypoint_icao_code": "VY", "waypoint_identifier": "YY902", "waypoint_latitude": 16.75986111, "waypoint_longitude": 96.03311111, "waypoint_description_code": "E  I", "turn_direction": null, "rnp": null, "path_termination": "IF", "recommanded_navaid": null, "recommanded_navaid_latitude": null, "recommanded_navaid_longitude": null, "arc_radius": null, "theta": null, "rho": null, "magnetic_course": null, "route_distance_holding_distance_time": null, "distance_time": null, "altitude_description": "+", "altitude1": 1800.0, "altitude2": null, "transition_altitude": null, "speed_limit_description": "-", "speed_limit": 200.0, "vertical_angle": null, "center_waypoint": null, "center_waypoint_latitude": null, "center_waypoint_longitude": null, "aircraft_category": null}, "geometry": {"type": "MultiPoint", "coordinates": [[96.03311111, 16.75986111]]}}, {"type": "Feature", "properties": {"fid": 1735, "area_code": "PAC", "airport_identifier": "VYYY", "procedure_identifier": "R03", "route_type": "R", "transition_identifier": null, "seqno": 20, "waypoint_icao_code": "VY", "waypoint_identifier": "LUNGO", "waypoint_latitude": 16.82580556, "waypoint_longitude": 96.07788889, "waypoint_description_code": "E  F", "turn_direction": null, "rnp": null, "path_termination": "TF", "recommanded_navaid": null, "recommanded_navaid_latitude": null, "recommanded_navaid_longitude": null, "arc_radius": null, "theta": null, "rho": null, "magnetic_course": 34.0, "route_distance_holding_distance_time": 4.7, "distance_time": "D", "altitude_description": "@", "altitude1": 1800.0, "altitude2": null, "transition_altitude": null, "speed_limit_description": null, "speed_limit": null, "vertical_angle": null, "center_waypoint": null, "center_waypoint_latitude": null, "center_waypoint_longitude": null, "aircraft_category": null}, "geometry": {"type": "MultiPoint", "coordinates": [[96.07788889, 16.82580556]]}}, {"type": "Feature", "properties": {"fid": 1736, "area_code": "PAC", "airport_identifier": "VYYY", "procedure_identifier": "R03", "route_type": "R", "transition_identifier": null, "seqno": 30, "waypoint_icao_code": "VY", "waypoint_identifier": "RW03", "waypoint_latitude": 16.89793889, "waypoint_longitude": 96.12688889, "waypoint_description_code": "GY M", "turn_direction": null, "rnp": null, "path_termination": "TF", "recommanded_navaid": null, "recommanded_navaid_latitude": null, "recommanded_navaid_longitude": null, "arc_radius": null, "theta": null, "rho": null, "magnetic_course": 34.0, "route_distance_holding_distance_time": 5.2, "distance_time": "D", "altitude_description": "@", "altitude1": 160.0, "altitude2": null, "transition_altitude": null, "speed_limit_description": null, "speed_limit": null, "vertical_angle": -3.0, "center_waypoint": null, "center_waypoint_latitude": null, "center_waypoint_longitude": null, "aircraft_category": null}, "geometry": {"type": "MultiPoint", "coordinates": [[96.12688889, 16.89793889]]}}, {"type": "Feature", "properties": {"fid": 1738, "area_code": "PAC", "airport_identifier": "VYYY", "procedure_identifier": "R03", "route_type": "R", "transition_identifier": null, "seqno": 40, "waypoint_icao_code": "VY", "waypoint_identifier": "YY903", "waypoint_latitude": 16.97705556, "waypoint_longitude": 96.15519444, "waypoint_description_code": "E", "turn_direction": null, "rnp": 1.0, "path_termination": "CF", "recommanded_navaid": null, "recommanded_navaid_latitude": null, "recommanded_navaid_longitude": null, "arc_radius": null, "theta": null, "rho": null, "magnetic_course": 20.0, "route_distance_holding_distance_time": 5.0, "distance_time": "D", "altitude_description": "+", "altitude1": 1200.0, "altitude2": null, "transition_altitude": null, "speed_limit_description": null, "speed_limit": null, "vertical_angle": null, "center_waypoint": null, "center_waypoint_latitude": null, "center_waypoint_longitude": null, "aircraft_category": null}, "geometry": {"type": "MultiPoint", "coordinates": [[96.15519444, 16.97705556]]}}, {"type": "Feature", "properties": {"fid": 1739, "area_code": "PAC", "airport_identifier": "VYYY", "procedure_identifier": "R03", "route_type": "R", "transition_identifier": null, "seqno": 50, "waypoint_icao_code": "VY", "waypoint_identifier": "YY904", "waypoint_latitude": 17.03147222, "waypoint_longitude": 95.99072222, "waypoint_description_code": "E", "turn_direction": null, "rnp": 1.0, "path_termination": "TF", "recommanded_navaid": null, "recommanded_navaid_latitude": null, "recommanded_navaid_longitude": null, "arc_radius": null, "theta": null, "rho": null, "magnetic_course": null, "route_distance_holding_distance_time": null, "distance_time": null, "altitude_description": "+", "altitude1": 2700.0, "altitude2": null, "transition_altitude": null, "speed_limit_description": null, "speed_limit": null, "vertical_angle": null, "center_waypoint": null, "center_waypoint_latitude": null, "center_waypoint_longitude": null, "aircraft_category": null}, "geometry": {"type": "MultiPoint", "coordinates": [[95.99072222, 17.03147222]]}}, {"type": "Feature", "properties": {"fid": 1740, "area_code": "PAC", "airport_identifier": "VYYY", "procedure_identifier": "R03", "route_type": "R", "transition_identifier": null, "seqno": 60, "waypoint_icao_code": "VY", "waypoint_identifier": "BODIN", "waypoint_latitude": 16.95236111, "waypoint_longitude": 95.96241667, "waypoint_description_code": "EY", "turn_direction": null, "rnp": 1.0, "path_termination": "TF", "recommanded_navaid": null, "recommanded_navaid_latitude": null, "recommanded_navaid_longitude": null, "arc_radius": null, "theta": null, "rho": null, "magnetic_course": null, "route_distance_holding_distance_time": null, "distance_time": null, "altitude_description": "+", "altitude1": 3000.0, "altitude2": null, "transition_altitude": null, "speed_limit_description": "-", "speed_limit": 230.0, "vertical_angle": null, "center_waypoint": null, "center_waypoint_latitude": null, "center_waypoint_longitude": null, "aircraft_category": null}, "geometry": {"type": "MultiPoint", "coordinates": [[95.96241667, 16.95236111]]}}, {"type": "Feature", "properties": {"fid": 1741, "area_code": "PAC", "airport_identifier": "VYYY", "procedure_identifier": "R03", "route_type": "R", "transition_identifier": null, "seqno": 70, "waypoint_icao_code": "VY", "waypoint_identifier": "BODIN", "waypoint_latitude": 16.95236111, "waypoint_longitude": 95.96241667, "waypoint_description_code": "E  H", "turn_direction": "L", "rnp": 1.0, "path_termination": "HM", "recommanded_navaid": null, "recommanded_navaid_latitude": null, "recommanded_navaid_longitude": null, "arc_radius": null, "theta": null, "rho": null, "magnetic_course": 154.0, "route_distance_holding_distance_time": 1.0, "distance_time": "T", "altitude_description": "+", "altitude1": 3000.0, "altitude2": null, "transition_altitude": null, "speed_limit_description": "-", "speed_limit": 230.0, "vertical_angle": null, "center_waypoint": null, "center_waypoint_latitude": null, "center_waypoint_longitude": null, "aircraft_category": null}, "geometry": {"type": "MultiPoint", "coordinates": [[95.96241667, 16.95236111]]}}]}