{"type": "FeatureCollection", "name": "restricted_areas", "crs": {"type": "name", "properties": {"name": "urn:ogc:def:crs:OGC:1.3:CRS84"}}, "features": [{"type": "Feature", "properties": {"type": "R", "designator": "13", "name": "SHANTE", "lower": "GND SFC", "upper": "8000 MSL", "activity_note": "", "restriction": "", "hazard": "", "remarks": ""}, "geometry": {"type": "MultiPolygon", "coordinates": [[[[96.042494, 20.848339], [96.040278, 20.846294], [96.038024, 20.844286], [96.035732, 20.842315], [96.033405, 20.840382], [96.031042, 20.838488], [96.028644, 20.836632], [96.026212, 20.834817], [96.023747, 20.833041], [96.02125, 20.831306], [96.018721, 20.829612], [96.01616, 20.82796], [96.01357, 20.82635], [96.01095, 20.824783], [96.008301, 20.823259], [96.005625, 20.821779], [96.002921, 20.820342], [96.000192, 20.818951], [95.997437, 20.817604], [95.994657, 20.816303], [95.991854, 20.815047], [95.989028, 20.813838], [95.98618, 20.812675], [95.983311, 20.811558], [95.980421, 20.81049], [95.977513, 20.809468], [95.974586, 20.808495], [95.971641, 20.807569], [95.968679, 20.806692], [95.965702, 20.805864], [95.96271, 20.805085], [95.959704, 20.804354], [95.956684, 20.803674], [95.953653, 20.803042], [95.95061, 20.802461], [95.947557, 20.80193], [95.944495, 20.801448], [95.941424, 20.801017], [95.938346, 20.800637], [95.935261, 20.800306], [95.932171, 20.800027], [95.929076, 20.799798], [95.925977, 20.79962], [95.922875, 20.799493], [95.919771, 20.799417], [95.916667, 20.799392], [95.916667, 20.464831], [95.925758, 20.464903], [95.934847, 20.465122], [95.94393, 20.465486], [95.953006, 20.465996], [95.962071, 20.466652], [95.971123, 20.467453], [95.98016, 20.468398], [95.989178, 20.469489], [95.998175, 20.470724], [96.007149, 20.472103], [96.016096, 20.473626], [96.025015, 20.475293], [96.033902, 20.477102], [96.042756, 20.479053], [96.051573, 20.481146], [96.060351, 20.48338], [96.069088, 20.485754], [96.077781, 20.488269], [96.086427, 20.490922], [96.095024, 20.493714], [96.10357, 20.496643], [96.112062, 20.499709], [96.120497, 20.50291], [96.128873, 20.506246], [96.137189, 20.509716], [96.14544, 20.513319], [96.153625, 20.517054], [96.161742, 20.52092], [96.169788, 20.524915], [96.177761, 20.529038], [96.185658, 20.533289], [96.193478, 20.537666], [96.201218, 20.542168], [96.208875, 20.546793], [96.216448, 20.55154], [96.223934, 20.556408], [96.231331, 20.561395], [96.238638, 20.5665], [96.245851, 20.571722], [96.252969, 20.577059], [96.25999, 20.582509], [96.266911, 20.58807], [96.273731, 20.593742], [96.280448, 20.599523], [96.28706, 20.60541], [96.293564, 20.611403], [96.042494, 20.848339]]]]}}, {"type": "Feature", "properties": {"type": "R", "designator": "47", "name": "NAMSANG", "lower": "GND SFC", "upper": "115 STD", "activity_note": "", "restriction": "", "hazard": "", "remarks": ""}, "geometry": {"type": "MultiPolygon", "coordinates": [[[[97.357414, 21.244956], [97.350881, 21.238695], [97.344468, 21.232328], [97.338174, 21.225856], [97.332003, 21.219282], [97.325955, 21.212608], [97.320033, 21.205836], [97.314238, 21.198968], [97.308573, 21.192005], [97.303039, 21.184951], [97.297637, 21.177807], [97.292369, 21.170576], [97.287238, 21.163259], [97.282244, 21.155859], [97.277388, 21.148379], [97.272673, 21.14082], [97.2681, 21.133185], [97.26367, 21.125476], [97.259385, 21.117695], [97.255245, 21.109846], [97.251253, 21.10193], [97.247408, 21.093949], [97.243713, 21.085907], [97.240169, 21.077805], [97.236776, 21.069646], [97.233536, 21.061433], [97.230449, 21.053168], [97.227517, 21.044854], [97.22474, 21.036493], [97.222119, 21.028088], [97.219655, 21.01964], [97.217349, 21.011154], [97.215201, 21.002631], [97.213212, 20.994075], [97.211383, 20.985487], [97.209713, 20.97687], [97.208204, 20.968227], [97.206857, 20.959561], [97.20567, 20.950874], [97.204645, 20.942169], [97.203782, 20.933448], [97.203082, 20.924715], [97.202544, 20.915971], [97.202168, 20.90722], [97.201955, 20.898464], [97.201906, 20.889706], [97.5579, 20.890447], [97.557923, 20.893367], [97.558001, 20.896285], [97.558133, 20.899202], [97.558319, 20.902116], [97.558559, 20.905027], [97.558854, 20.907933], [97.559202, 20.910834], [97.559604, 20.913729], [97.56006, 20.916617], [97.56057, 20.919496], [97.561133, 20.922367], [97.561749, 20.925229], [97.562418, 20.92808], [97.56314, 20.930919], [97.563915, 20.933746], [97.564742, 20.93656], [97.565622, 20.939361], [97.566553, 20.942146], [97.567536, 20.944915], [97.56857, 20.947668], [97.569656, 20.950404], [97.570792, 20.953121], [97.571978, 20.955819], [97.573214, 20.958498], [97.5745, 20.961156], [97.575836, 20.963792], [97.57722, 20.966406], [97.578652, 20.968997], [97.580132, 20.971564], [97.58166, 20.974106], [97.583235, 20.976623], [97.584857, 20.979113], [97.586525, 20.981577], [97.588238, 20.984013], [97.589996, 20.98642], [97.591799, 20.988799], [97.593646, 20.991147], [97.595536, 20.993465], [97.597469, 20.995751], [97.599445, 20.998005], [97.601462, 21.000227], [97.60352, 21.002415], [97.605618, 21.004569], [97.607756, 21.006688], [97.609933, 21.008772], [97.357414, 21.244956]]]]}}, {"type": "Feature", "properties": {"type": "R", "designator": "20", "name": "MYEIK", "lower": "GND SFC", "upper": "90 STD", "activity_note": "", "restriction": "", "hazard": "", "remarks": ""}, "geometry": {"type": "MultiPolygon", "coordinates": [[[[98.450767, 12.440042], [97.769403, 12.438756], [97.769575, 12.424465], [97.769993, 12.41018], [97.77066, 12.395904], [97.771575, 12.381641], [97.772737, 12.367396], [97.774146, 12.353172], [97.775801, 12.338974], [97.777703, 12.324805], [97.77985, 12.310671], [97.782242, 12.296574], [97.784879, 12.28252], [97.787758, 12.268512], [97.79088, 12.254555], [97.794243, 12.240652], [97.797847, 12.226807], [97.801691, 12.213024], [97.805772, 12.199309], [97.81009, 12.185663], [97.814645, 12.172092], [97.819433, 12.1586], [97.824455, 12.145189], [97.829707, 12.131865], [97.83519, 12.118631], [97.840901, 12.105491], [97.846839, 12.092449], [97.853001, 12.079508], [97.859386, 12.066672], [97.865993, 12.053945], [97.872818, 12.041331], [97.879861, 12.028834], [97.887119, 12.016456], [97.894589, 12.004202], [97.902271, 11.992075], [97.91016, 11.980079], [97.918257, 11.968216], [97.926556, 11.956492], [97.935058, 11.944908], [97.943758, 11.933468], [97.952654, 11.922176], [97.961744, 11.911035], [97.971025, 11.900049], [97.980495, 11.889219], [97.99015, 11.87855], [97.999988, 11.868044], [98.010005, 11.857706], [98.0202, 11.847536], [98.500714, 12.321689], [98.498675, 12.323726], [98.496672, 12.325798], [98.494705, 12.327902], [98.492774, 12.33004], [98.490881, 12.332209], [98.489026, 12.33441], [98.48721, 12.336642], [98.485432, 12.338904], [98.483694, 12.341195], [98.481996, 12.343515], [98.480339, 12.345863], [98.478722, 12.348239], [98.477147, 12.350642], [98.475614, 12.353071], [98.474123, 12.355525], [98.472675, 12.358003], [98.47127, 12.360506], [98.469909, 12.363032], [98.468592, 12.36558], [98.46732, 12.36815], [98.466092, 12.370741], [98.464909, 12.373352], [98.463772, 12.375983], [98.462681, 12.378632], [98.461635, 12.3813], [98.460637, 12.383984], [98.459685, 12.386685], [98.45878, 12.389401], [98.457922, 12.392133], [98.457112, 12.394878], [98.45635, 12.397636], [98.455635, 12.400407], [98.454969, 12.403189], [98.454351, 12.405983], [98.453782, 12.408786], [98.453262, 12.411598], [98.45279, 12.414418], [98.452368, 12.417247], [98.451995, 12.420081], [98.451671, 12.422922], [98.451396, 12.425767], [98.451171, 12.428617], [98.450996, 12.43147], [98.45087, 12.434326], [98.450794, 12.437183], [98.450767, 12.440042]]]]}}, {"type": "Feature", "properties": {"type": "R", "designator": "51C", "name": "NAMPONG", "lower": "3300 SFC", "upper": "230 STD", "activity_note": "", "restriction": "", "hazard": "", "remarks": ""}, "geometry": {"type": "MultiPolygon", "coordinates": [[[[96.5, 25.333333], [96.5, 24.666667], [97.083333, 24.666667], [97.083333, 25.333333], [96.5, 25.333333]]]]}}, {"type": "Feature", "properties": {"type": "R", "designator": "42", "name": "MAGWAY", "lower": "GND SFC", "upper": "100 STD", "activity_note": "", "restriction": "", "hazard": "", "remarks": ""}, "geometry": {"type": "MultiPolygon", "coordinates": [[[[94.968586, 20.655439], [94.959483, 20.655364], [94.950383, 20.655144], [94.941289, 20.654777], [94.932202, 20.654264], [94.923126, 20.653604], [94.914064, 20.652798], [94.905017, 20.651846], [94.895989, 20.650749], [94.886983, 20.649505], [94.878001, 20.648117], [94.869045, 20.646585], [94.860118, 20.644908], [94.851224, 20.643087], [94.842364, 20.641124], [94.833541, 20.639017], [94.824758, 20.636769], [94.816017, 20.63438], [94.807321, 20.63185], [94.798673, 20.62918], [94.790074, 20.626371], [94.781528, 20.623424], [94.773038, 20.62034], [94.764604, 20.617119], [94.756231, 20.613762], [94.74792, 20.610271], [94.739674, 20.606647], [94.731495, 20.60289], [94.723386, 20.599002], [94.715349, 20.594984], [94.707387, 20.590837], [94.699501, 20.586562], [94.691695, 20.582161], [94.68397, 20.577634], [94.676328, 20.572983], [94.668772, 20.56821], [94.661305, 20.563316], [94.653928, 20.558302], [94.646643, 20.55317], [94.639453, 20.547922], [94.632359, 20.542558], [94.625364, 20.53708], [94.618471, 20.531491], [94.611679, 20.525791], [94.604993, 20.519983], [94.598413, 20.514067], [94.591942, 20.508047], [94.843228, 20.271831], [94.845434, 20.273878], [94.847677, 20.275889], [94.849957, 20.277863], [94.852273, 20.279799], [94.854624, 20.281697], [94.857011, 20.283555], [94.859431, 20.285375], [94.861885, 20.287153], [94.864371, 20.288892], [94.866889, 20.290589], [94.869438, 20.292244], [94.872018, 20.293857], [94.874627, 20.295427], [94.877265, 20.296954], [94.87993, 20.298437], [94.882623, 20.299876], [94.885342, 20.30127], [94.888086, 20.30262], [94.890855, 20.303924], [94.893648, 20.305182], [94.896463, 20.306394], [94.899301, 20.307559], [94.902159, 20.308678], [94.905039, 20.309749], [94.907937, 20.310772], [94.910854, 20.311748], [94.913789, 20.312675], [94.91674, 20.313554], [94.919707, 20.314384], [94.922689, 20.315165], [94.925686, 20.315897], [94.928695, 20.316579], [94.931716, 20.317212], [94.934749, 20.317795], [94.937792, 20.318327], [94.940845, 20.31881], [94.943906, 20.319242], [94.946974, 20.319623], [94.950049, 20.319954], [94.95313, 20.320234], [94.956216, 20.320463], [94.959305, 20.320642], [94.962397, 20.320769], [94.965491, 20.320846], [94.968586, 20.320872], [94.968586, 20.655439]]]]}}, {"type": "Feature", "properties": {"type": "D", "designator": "1", "name": "NAVAL BASE", "lower": "1500 MSL", "upper": "300 STD", "activity_note": "", "restriction": "", "hazard": "", "remarks": ""}, "geometry": {"type": "MultiPolygon", "coordinates": [[[[96.104719, 16.288003], [95.588875, 15.988447], [95.587587, 15.987686], [95.586313, 15.986902], [95.585053, 15.986098], [95.583808, 15.985272], [95.582578, 15.984425], [95.581364, 15.983558], [95.580165, 15.98267], [95.578982, 15.981762], [95.577817, 15.980835], [95.576668, 15.979887], [95.575536, 15.978921], [95.574422, 15.977935], [95.573326, 15.976931], [95.572248, 15.975909], [95.571189, 15.974868], [95.570149, 15.97381], [95.569128, 15.972735], [95.568126, 15.971642], [95.567145, 15.970532], [95.566183, 15.969407], [95.565242, 15.968265], [95.564322, 15.967107], [95.563423, 15.965934], [95.562545, 15.964746], [95.561689, 15.963543], [95.560855, 15.962327], [95.560042, 15.961096], [95.559252, 15.959851], [95.558485, 15.958594], [95.55774, 15.957324], [95.557019, 15.956041], [95.55632, 15.954746], [95.555645, 15.95344], [95.554994, 15.952123], [95.554367, 15.950795], [95.553764, 15.949456], [95.553185, 15.948107], [95.55263, 15.946749], [95.5521, 15.945382], [95.551595, 15.944006], [95.551114, 15.942622], [95.550659, 15.941229], [95.550229, 15.93983], [95.549824, 15.938423], [95.549445, 15.937009], [95.549091, 15.93559], [95.548763, 15.934164], [95.54846, 15.932734], [95.548184, 15.931298], [95.547933, 15.929858], [95.547709, 15.928414], [95.54751, 15.926966], [95.547338, 15.925516], [95.547192, 15.924062], [95.547072, 15.922606], [95.546978, 15.921149], [95.546911, 15.91969], [95.54687, 15.91823], [95.546855, 15.91677], [95.546866, 15.91531], [95.546904, 15.91385], [95.546969, 15.912391], [95.547059, 15.910933], [95.547176, 15.909477], [95.547319, 15.908024], [95.547488, 15.906573], [95.547684, 15.905125], [95.547905, 15.90368], [95.548153, 15.90224], [95.548426, 15.900803], [95.548725, 15.899372], [95.549051, 15.897946], [95.549401, 15.896526], [95.549777, 15.895112], [95.550179, 15.893704], [95.550606, 15.892303], [95.551058, 15.89091], [95.551536, 15.889525], [95.552038, 15.888148], [95.552565, 15.886779], [95.553116, 15.88542], [95.553692, 15.88407], [95.554292, 15.88273], [95.554916, 15.881401], [95.555564, 15.880082], [95.556236, 15.878774], [95.556931, 15.877478], [95.55765, 15.876194], [95.558391, 15.874922], [95.559155, 15.873663], [95.559942, 15.872417], [95.560751, 15.871185], [95.561583, 15.869966], [95.562436, 15.868762], [95.56331, 15.867572], [95.564206, 15.866397], [95.565123, 15.865237], [95.566061, 15.864093], [95.567019, 15.862965], [95.567998, 15.861854], [95.568996, 15.860759], [95.570014, 15.859681], [95.571051, 15.85862], [95.572107, 15.857578], [95.573182, 15.856553], [95.574275, 15.855546], [95.575386, 15.854558], [95.576515, 15.853589], [95.577661, 15.852639], [95.578823, 15.851709], [95.580003, 15.850799], [95.581199, 15.849908], [95.58241, 15.849038], [95.583637, 15.848188], [95.584879, 15.84736], [95.586136, 15.846552], [95.587407, 15.845766], [95.588693, 15.845001], [95.589991, 15.844258], [95.591303, 15.843537], [95.592628, 15.842839], [95.593965, 15.842162], [95.595314, 15.841509], [95.596675, 15.840879], [95.598047, 15.840271], [95.59943, 15.839687], [95.600822, 15.839126], [95.602225, 15.838589], [95.603637, 15.838075], [95.605059, 15.837586], [95.606489, 15.837121], [95.607927, 15.836679], [95.609372, 15.836263], [95.610825, 15.83587], [95.612285, 15.835502], [95.613752, 15.835159], [95.615224, 15.834841], [95.616702, 15.834548], [95.618184, 15.834279], [95.619672, 15.834036], [95.621163, 15.833818], [95.622659, 15.833625], [95.624157, 15.833458], [95.625659, 15.833315], [95.627162, 15.833198], [95.628668, 15.833107], [95.630175, 15.833041], [95.631683, 15.833], [95.633191, 15.832985], [95.6347, 15.832995], [95.636208, 15.833031], [95.637715, 15.833092], [95.639221, 15.833179], [95.640725, 15.833291], [95.642226, 15.833429], [95.643726, 15.833592], [95.645221, 15.83378], [95.646714, 15.833993], [95.648202, 15.834232], [95.649686, 15.834495], [95.651164, 15.834784], [95.652638, 15.835097], [95.654105, 15.835436], [95.655566, 15.835799], [95.657021, 15.836187], [95.658468, 15.836599], [95.659907, 15.837036], [95.661339, 15.837496], [95.662762, 15.837981], [95.664176, 15.83849], [95.66558, 15.839023], [95.666975, 15.839579], [95.66836, 15.840159], [95.669734, 15.840762], [95.671096, 15.841388], [95.672448, 15.842038], [95.673787, 15.842709], [95.675114, 15.843404], [95.676429, 15.84412], [95.677731, 15.844858], [96.194647, 16.144967], [96.195931, 16.145729], [96.197201, 16.146512], [96.198457, 16.147316], [96.199698, 16.148141], [96.200925, 16.148987], [96.202136, 16.149854], [96.203331, 16.15074], [96.20451, 16.151647], [96.205672, 16.152573], [96.206818, 16.153519], [96.207946, 16.154484], [96.209057, 16.155467], [96.21015, 16.156469], [96.211225, 16.15749], [96.212282, 16.158528], [96.213319, 16.159584], [96.214337, 16.160657], [96.215336, 16.161747], [96.216315, 16.162854], [96.217275, 16.163977], [96.218213, 16.165116], [96.219131, 16.166271], [96.220028, 16.167441], [96.220904, 16.168626], [96.221759, 16.169825], [96.222592, 16.171039], [96.223402, 16.172266], [96.224191, 16.173507], [96.224957, 16.174761], [96.225701, 16.176027], [96.226421, 16.177306], [96.227119, 16.178597], [96.227793, 16.179899], [96.228443, 16.181212], [96.22907, 16.182537], [96.229673, 16.183871], [96.230252, 16.185216], [96.230806, 16.18657], [96.231336, 16.187933], [96.231842, 16.189305], [96.232322, 16.190685], [96.232778, 16.192073], [96.233209, 16.193468], [96.233614, 16.194871], [96.233994, 16.19628], [96.234349, 16.197695], [96.234678, 16.199116], [96.234982, 16.200542], [96.235259, 16.201973], [96.235511, 16.203409], [96.235738, 16.204849], [96.235938, 16.206292], [96.236112, 16.207738], [96.23626, 16.209187], [96.236382, 16.210639], [96.236478, 16.212092], [96.236547, 16.213546], [96.236591, 16.215002], [96.236608, 16.216458], [96.236599, 16.217914], [96.236564, 16.21937], [96.236502, 16.220825], [96.236414, 16.222279], [96.236301, 16.22373], [96.236161, 16.22518], [96.235995, 16.226628], [96.235802, 16.228072], [96.235584, 16.229513], [96.23534, 16.23095], [96.23507, 16.232382], [96.234775, 16.23381], [96.234454, 16.235233], [96.234107, 16.23665], [96.233734, 16.238061], [96.233336, 16.239465], [96.232914, 16.240863], [96.232465, 16.242253], [96.231992, 16.243636], [96.231494, 16.24501], [96.230972, 16.246376], [96.230425, 16.247733], [96.229853, 16.24908], [96.229258, 16.250418], [96.228638, 16.251745], [96.227994, 16.253062], [96.227327, 16.254368], [96.226637, 16.255662], [96.225923, 16.256945], [96.225186, 16.258215], [96.224426, 16.259473], [96.223644, 16.260718], [96.22284, 16.261949], [96.222013, 16.263167], [96.221165, 16.26437], [96.220295, 16.26556], [96.219404, 16.266734], [96.218491, 16.267893], [96.217558, 16.269037], [96.216605, 16.270165], [96.215631, 16.271277], [96.214638, 16.272372], [96.213625, 16.27345], [96.212592, 16.274511], [96.211541, 16.275555], [96.210471, 16.27658], [96.209382, 16.277588], [96.208276, 16.278577], [96.207152, 16.279548], [96.20601, 16.280499], [96.204852, 16.281431], [96.203677, 16.282343], [96.202486, 16.283236], [96.201279, 16.284108], [96.200056, 16.28496], [96.198818, 16.285791], [96.197565, 16.286601], [96.196298, 16.287391], [96.195017, 16.288158], [96.193723, 16.288904], [96.192415, 16.289628], [96.191094, 16.29033], [96.18976, 16.29101], [96.188415, 16.291667], [96.187058, 16.292302], [96.18569, 16.292913], [96.18431, 16.293502], [96.182921, 16.294067], [96.181522, 16.294609], [96.180112, 16.295127], [96.178694, 16.295621], [96.177267, 16.296092], [96.175832, 16.296538], [96.174389, 16.29696], [96.172939, 16.297358], [96.171482, 16.297732], [96.170018, 16.298081], [96.168548, 16.298405], [96.167073, 16.298704], [96.165592, 16.298979], [96.164106, 16.299228], [96.162617, 16.299453], [96.161123, 16.299653], [96.159626, 16.299827], [96.158126, 16.299976], [96.156624, 16.3001], [96.15512, 16.300199], [96.153614, 16.300273], [96.152107, 16.300321], [96.1506, 16.300343], [96.149092, 16.300341], [96.147584, 16.300313], [96.146078, 16.30026], [96.144572, 16.300181], [96.143068, 16.300077], [96.141566, 16.299948], [96.140067, 16.299793], [96.138571, 16.299614], [96.137078, 16.299409], [96.135589, 16.299179], [96.134105, 16.298925], [96.132625, 16.298645], [96.131151, 16.29834], [96.129682, 16.298011], [96.128219, 16.297657], [96.126764, 16.297279], [96.125315, 16.296876], [96.123873, 16.296449], [96.12244, 16.295997], [96.121015, 16.295522], [96.119598, 16.295023], [96.118191, 16.2945], [96.116794, 16.293953], [96.115406, 16.293383], [96.11403, 16.29279], [96.112664, 16.292174], [96.111309, 16.291535], [96.109966, 16.290873], [96.108635, 16.290188], [96.107317, 16.289482], [96.106011, 16.288753], [96.104719, 16.288003]]]]}}, {"type": "Feature", "properties": {"type": "R", "designator": "46A", "name": "NAYPYITAW", "lower": "GND SFC", "upper": "150 STD", "activity_note": "", "restriction": "", "hazard": "", "remarks": ""}, "geometry": {"type": "MultiPolygon", "coordinates": [[[[97.316667, 20.0], [97.316667, 19.0], [97.616667, 19.0], [97.616667, 20.0], [97.316667, 20.0]]]]}}, {"type": "Feature", "properties": {"type": "R", "designator": "48", "name": "NAMSANG", "lower": "2000 SFC", "upper": "150 STD", "activity_note": "", "restriction": "", "hazard": "", "remarks": ""}, "geometry": {"type": "MultiPolygon", "coordinates": [[[[97.316667, 21.683333], [97.316667, 21.216667], [97.95, 21.216667], [97.95, 21.683333], [97.316667, 21.683333]]]]}}, {"type": "Feature", "properties": {"type": "R", "designator": "20", "name": "MYEIK", "lower": "80 STD", "upper": "130 STD", "activity_note": "", "restriction": "", "hazard": "", "remarks": ""}, "geometry": {"type": "MultiPolygon", "coordinates": [[[[98.741503, 12.321689], [98.739382, 12.319642], [98.737226, 12.317632], [98.735034, 12.315659], [98.732808, 12.313723], [98.730547, 12.311827], [98.728254, 12.309969], [98.725928, 12.308151], [98.723569, 12.306373], [98.72118, 12.304636], [98.71876, 12.30294], [98.716311, 12.301286], [98.713833, 12.299675], [98.711326, 12.298106], [98.708792, 12.29658], [98.706231, 12.295098], [98.703645, 12.29366], [98.701033, 12.292266], [98.698397, 12.290918], [98.695738, 12.289615], [98.693056, 12.288358], [98.690352, 12.287147], [98.687626, 12.285982], [98.684881, 12.284865], [98.682116, 12.283795], [98.679333, 12.282772], [98.676532, 12.281797], [98.673714, 12.280871], [98.670881, 12.279993], [98.668032, 12.279163], [98.665168, 12.278383], [98.662292, 12.277652], [98.659403, 12.27697], [98.656502, 12.276338], [98.65359, 12.275756], [98.650669, 12.275224], [98.647739, 12.274742], [98.6448, 12.27431], [98.641854, 12.273929], [98.638902, 12.273599], [98.635945, 12.273319], [98.632983, 12.27309], [98.630018, 12.272912], [98.627049, 12.272784], [98.624079, 12.272708], [98.621108, 12.272683], [98.621108, 11.603014], [98.635604, 11.603135], [98.650096, 11.6035], [98.664579, 11.604108], [98.67905, 11.604959], [98.693504, 11.606052], [98.707937, 11.607388], [98.722345, 11.608966], [98.736724, 11.610786], [98.751069, 11.612846], [98.765377, 11.615147], [98.779643, 11.617688], [98.793864, 11.620468], [98.808034, 11.623486], [98.82215, 11.626741], [98.836209, 11.630233], [98.850205, 11.63396], [98.864135, 11.637922], [98.877995, 11.642116], [98.89178, 11.646543], [98.905488, 11.6512], [98.919113, 11.656087], [98.932652, 11.661201], [98.946101, 11.666542], [98.959456, 11.672108], [98.972713, 11.677897], [98.985869, 11.683908], [98.998919, 11.690139], [99.01186, 11.696588], [99.024688, 11.703253], [99.037399, 11.710132], [99.04999, 11.717224], [99.062457, 11.724525], [99.074796, 11.732035], [99.087004, 11.739751], [99.099078, 11.747671], [99.111013, 11.755792], [99.122806, 11.764112], [99.134454, 11.772629], [99.145954, 11.78134], [99.157301, 11.790243], [99.168494, 11.799334], [99.179528, 11.808613], [99.1904, 11.818075], [99.201108, 11.827718], [99.211648, 11.837539], [99.222017, 11.847536], [98.741503, 12.321689]]]]}}, {"type": "Feature", "properties": {"type": "R", "designator": "47", "name": "NAMSANG", "lower": "GND SFC", "upper": "115 STD", "activity_note": "", "restriction": "", "hazard": "", "remarks": ""}, "geometry": {"type": "MultiPolygon", "coordinates": [[[[97.5579, 20.890447], [97.201906, 20.889706], [97.202013, 20.881138], [97.202276, 20.872574], [97.202696, 20.864015], [97.20327, 20.855464], [97.204, 20.846924], [97.204885, 20.838396], [97.205924, 20.829884], [97.207117, 20.82139], [97.208465, 20.812916], [97.209966, 20.804465], [97.21162, 20.796039], [97.213426, 20.787642], [97.215385, 20.779274], [97.217495, 20.770939], [97.219755, 20.762639], [97.222166, 20.754376], [97.224726, 20.746154], [97.227435, 20.737973], [97.230291, 20.729837], [97.233294, 20.721749], [97.236444, 20.713709], [97.239738, 20.705721], [97.243177, 20.697788], [97.246758, 20.68991], [97.250482, 20.682091], [97.254347, 20.674334], [97.258351, 20.666639], [97.262494, 20.659009], [97.266774, 20.651447], [97.271191, 20.643955], [97.275742, 20.636535], [97.280426, 20.629189], [97.285243, 20.621919], [97.290191, 20.614728], [97.295267, 20.607616], [97.300472, 20.600588], [97.305802, 20.593644], [97.311257, 20.586786], [97.316836, 20.580017], [97.322535, 20.573338], [97.328355, 20.566752], [97.334292, 20.56026], [97.340346, 20.553865], [97.346514, 20.547567], [97.352795, 20.541369], [97.359186, 20.535272], [97.610131, 20.772211], [97.607953, 20.774292], [97.605815, 20.776408], [97.603716, 20.778559], [97.601657, 20.780744], [97.599639, 20.782962], [97.597662, 20.785214], [97.595727, 20.787497], [97.593835, 20.789812], [97.591986, 20.792157], [97.590181, 20.794532], [97.588421, 20.796937], [97.586705, 20.79937], [97.585034, 20.801831], [97.583409, 20.804318], [97.581831, 20.806833], [97.580299, 20.809372], [97.578815, 20.811936], [97.577379, 20.814525], [97.575991, 20.817136], [97.574651, 20.81977], [97.57336, 20.822425], [97.572119, 20.825102], [97.570928, 20.827798], [97.569787, 20.830513], [97.568697, 20.833247], [97.567657, 20.835998], [97.566668, 20.838765], [97.565731, 20.841549], [97.564846, 20.844347], [97.564013, 20.847159], [97.563232, 20.849985], [97.562504, 20.852823], [97.561829, 20.855673], [97.561206, 20.858533], [97.560637, 20.861403], [97.560121, 20.864282], [97.559658, 20.867169], [97.55925, 20.870063], [97.558895, 20.872963], [97.558593, 20.875869], [97.558346, 20.878779], [97.558153, 20.881693], [97.558014, 20.88461], [97.55793, 20.887528], [97.5579, 20.890447]]]]}}, {"type": "Feature", "properties": {"type": "R", "designator": "51D", "name": "NAMPONG", "lower": "3300 SFC", "upper": "230 STD", "activity_note": "", "restriction": "", "hazard": "", "remarks": ""}, "geometry": {"type": "MultiPolygon", "coordinates": [[[[96.5, 26.0], [96.5, 25.333333], [97.083333, 25.333333], [97.083333, 26.0], [96.5, 26.0]]]]}}, {"type": "Feature", "properties": {"type": "R", "designator": "29", "name": "PATHEIN EAST SECTORS", "lower": "6000 MSL", "upper": "130 STD", "activity_note": "", "restriction": "", "hazard": "", "remarks": ""}, "geometry": {"type": "MultiPolygon", "coordinates": [[[[94.892331, 16.690319], [94.890215, 16.688317], [94.888065, 16.68635], [94.88588, 16.684419], [94.883661, 16.682524], [94.881409, 16.680666], [94.879125, 16.678845], [94.876808, 16.677062], [94.87446, 16.675318], [94.872082, 16.673612], [94.869674, 16.671945], [94.867237, 16.670319], [94.864772, 16.668733], [94.862278, 16.667187], [94.859758, 16.665683], [94.857212, 16.66422], [94.85464, 16.6628], [94.852043, 16.661421], [94.849422, 16.660086], [94.846779, 16.658794], [94.844112, 16.657546], [94.841424, 16.656342], [94.838715, 16.655182], [94.835986, 16.654067], [94.833238, 16.652997], [94.830471, 16.651973], [94.827686, 16.650994], [94.824885, 16.650061], [94.822067, 16.649174], [94.819234, 16.648333], [94.816387, 16.64754], [94.813526, 16.646793], [94.810652, 16.646093], [94.807766, 16.645441], [94.804869, 16.644836], [94.801962, 16.644279], [94.799046, 16.64377], [94.796121, 16.643309], [94.793188, 16.642896], [94.790248, 16.642532], [94.787303, 16.642216], [94.784352, 16.641948], [94.781397, 16.641729], [94.778438, 16.641558], [94.775477, 16.641436], [94.772514, 16.641363], [94.76955, 16.641339], [94.76955, 16.306631], [94.778426, 16.306704], [94.787299, 16.306923], [94.796168, 16.307288], [94.805028, 16.307798], [94.813878, 16.308455], [94.822716, 16.309256], [94.831538, 16.310203], [94.840342, 16.311295], [94.849126, 16.312532], [94.857886, 16.313912], [94.866621, 16.315437], [94.875328, 16.317105], [94.884005, 16.318916], [94.892648, 16.32087], [94.901256, 16.322965], [94.909825, 16.325202], [94.918354, 16.327579], [94.92684, 16.330096], [94.935281, 16.332752], [94.943673, 16.335547], [94.952015, 16.338479], [94.960304, 16.341548], [94.968538, 16.344753], [94.976715, 16.348093], [94.984831, 16.351567], [94.992886, 16.355174], [95.000875, 16.358913], [95.008798, 16.362782], [95.016651, 16.366782], [95.024433, 16.37091], [95.032141, 16.375165], [95.039773, 16.379546], [95.047326, 16.384053], [95.054799, 16.388682], [95.06219, 16.393434], [95.069496, 16.398307], [95.076715, 16.4033], [95.083845, 16.40841], [95.090884, 16.413637], [95.09783, 16.418979], [95.10468, 16.424434], [95.111434, 16.430001], [95.118088, 16.435679], [95.124642, 16.441465], [95.131093, 16.447358], [95.137439, 16.453356], [94.892331, 16.690319]]]]}}, {"type": "Feature", "properties": {"type": "D", "designator": "9", "name": "SHWEPYI", "lower": "GND SFC", "upper": "UNL STD", "activity_note": "", "restriction": "", "hazard": "", "remarks": ""}, "geometry": {"type": "MultiPolygon", "coordinates": [[[[96.103632, 17.184602], [96.103463, 17.188702], [96.103085, 17.19279], [96.102499, 17.196854], [96.101707, 17.200887], [96.100709, 17.204877], [96.099509, 17.208815], [96.098109, 17.212691], [96.096512, 17.216497], [96.094724, 17.220224], [96.092747, 17.223861], [96.090586, 17.2274], [96.088248, 17.230834], [96.085737, 17.234153], [96.083059, 17.237349], [96.080221, 17.240416], [96.07723, 17.243345], [96.074093, 17.246129], [96.070818, 17.248762], [96.067411, 17.251237], [96.063883, 17.253548], [96.060241, 17.255691], [96.056493, 17.257659], [96.05265, 17.259447], [96.048719, 17.261053], [96.044712, 17.262471], [96.040637, 17.263698], [96.036504, 17.264732], [96.032323, 17.265569], [96.028104, 17.266208], [96.023858, 17.266648], [96.019594, 17.266886], [96.015324, 17.266924], [96.011057, 17.266759], [96.006803, 17.266394], [96.002573, 17.265829], [95.998377, 17.265064], [95.994226, 17.264103], [95.990128, 17.262947], [95.986094, 17.261599], [95.982135, 17.260063], [95.978258, 17.258342], [95.974474, 17.25644], [95.970792, 17.254362], [95.967221, 17.252112], [95.963769, 17.249697], [95.960444, 17.247122], [95.957255, 17.244394], [95.95421, 17.241518], [95.951315, 17.238502], [95.948577, 17.235353], [95.946004, 17.232079], [95.943601, 17.228688], [95.941374, 17.225187], [95.939329, 17.221585], [95.93747, 17.217892], [95.935802, 17.214115], [95.934328, 17.210264], [95.933054, 17.206348], [95.93198, 17.202377], [95.931111, 17.198359], [95.930448, 17.194306], [95.929993, 17.190227], [95.929746, 17.18613], [95.929709, 17.182028], [95.929882, 17.177928], [95.930263, 17.173841], [95.930852, 17.169778], [95.931649, 17.165747], [95.932649, 17.161758], [95.933853, 17.157821], [95.935255, 17.153946], [95.936854, 17.150142], [95.938645, 17.146418], [95.940623, 17.142782], [95.942785, 17.139244], [95.945124, 17.135813], [95.947636, 17.132496], [95.950314, 17.129301], [95.953152, 17.126237], [95.956142, 17.12331], [95.959278, 17.120527], [95.962552, 17.117896], [95.965957, 17.115422], [95.969483, 17.113112], [95.973123, 17.110971], [95.976868, 17.109005], [95.980709, 17.107217], [95.984636, 17.105612], [95.98864, 17.104195], [95.992712, 17.102968], [95.996841, 17.101935], [96.001019, 17.101098], [96.005233, 17.100459], [96.009476, 17.100019], [96.013735, 17.09978], [96.018002, 17.099742], [96.022265, 17.099906], [96.026515, 17.10027], [96.030742, 17.100835], [96.034934, 17.101598], [96.039083, 17.102557], [96.043178, 17.103712], [96.047208, 17.105058], [96.051166, 17.106593], [96.05504, 17.108312], [96.058822, 17.110212], [96.062503, 17.112289], [96.066074, 17.114536], [96.069525, 17.116949], [96.072849, 17.119522], [96.076039, 17.122249], [96.079085, 17.125123], [96.081981, 17.128137], [96.08472, 17.131284], [96.087295, 17.134557], [96.0897, 17.137947], [96.091929, 17.141446], [96.093977, 17.145047], [96.095838, 17.148739], [96.09751, 17.152515], [96.098986, 17.156366], [96.100264, 17.160281], [96.101341, 17.164252], [96.102214, 17.168269], [96.102881, 17.172322], [96.10334, 17.176402], [96.103591, 17.180498], [96.103632, 17.184602]]]]}}, {"type": "Feature", "properties": {"type": "R", "designator": "42", "name": "MAGWAY", "lower": "GND SFC", "upper": "100 STD", "activity_note": "", "restriction": "", "hazard": "", "remarks": ""}, "geometry": {"type": "MultiPolygon", "coordinates": [[[[95.093756, 20.035247], [95.091599, 20.033246], [95.089406, 20.031281], [95.087178, 20.02935], [95.084916, 20.027456], [95.08262, 20.025599], [95.080291, 20.023779], [95.077929, 20.021997], [95.075536, 20.020253], [95.073111, 20.018548], [95.070656, 20.016883], [95.068171, 20.015257], [95.065658, 20.013671], [95.063116, 20.012127], [95.060547, 20.010623], [95.057951, 20.009161], [95.055329, 20.007741], [95.052681, 20.006364], [95.05001, 20.00503], [95.047314, 20.003738], [95.044596, 20.002491], [95.041856, 20.001287], [95.039094, 20.000128], [95.036312, 19.999014], [95.03351, 19.997944], [95.030689, 19.99692], [95.027851, 19.995942], [95.024995, 19.995009], [95.022122, 19.994123], [95.019234, 19.993283], [95.016332, 19.992489], [95.013415, 19.991743], [95.010486, 19.991044], [95.007544, 19.990392], [95.004591, 19.989788], [95.001627, 19.989231], [94.998654, 19.988722], [94.995672, 19.988261], [94.992683, 19.987849], [94.989686, 19.987484], [94.986683, 19.987168], [94.983675, 19.986901], [94.980662, 19.986682], [94.977646, 19.986511], [94.974628, 19.98639], [94.971607, 19.986316], [94.968586, 19.986292], [94.968586, 19.6517], [94.977832, 19.651776], [94.987075, 19.652005], [94.996312, 19.652386], [95.005541, 19.652919], [95.014759, 19.653604], [95.023962, 19.654441], [95.03315, 19.65543], [95.042317, 19.656569], [95.051463, 19.65786], [95.060583, 19.659301], [95.069676, 19.660893], [95.078738, 19.662634], [95.087767, 19.664524], [95.09676, 19.666562], [95.105714, 19.668749], [95.114627, 19.671083], [95.123495, 19.673563], [95.132317, 19.676189], [95.14109, 19.67896], [95.14981, 19.681875], [95.158476, 19.684934], [95.167084, 19.688135], [95.175633, 19.691477], [95.184119, 19.69496], [95.19254, 19.698582], [95.200893, 19.702342], [95.209176, 19.70624], [95.217386, 19.710273], [95.225522, 19.714441], [95.233579, 19.718743], [95.241557, 19.723176], [95.249452, 19.727741], [95.257262, 19.732435], [95.264985, 19.737257], [95.272619, 19.742205], [95.28016, 19.747279], [95.287607, 19.752476], [95.294958, 19.757795], [95.302211, 19.763234], [95.309362, 19.768792], [95.31641, 19.774467], [95.323353, 19.780258], [95.330189, 19.786162], [95.336915, 19.792177], [95.343531, 19.798303], [95.093756, 20.035247]]]]}}, {"type": "Feature", "properties": {"type": "D", "designator": "23A", "name": "COMBAT TRAINING AREA", "lower": "8000 MSL", "upper": "240 STD", "activity_note": "", "restriction": "", "hazard": "", "remarks": ""}, "geometry": {"type": "MultiPolygon", "coordinates": [[[[95.833333, 16.5], [95.833333, 16.166667], [96.333333, 16.166667], [96.333333, 16.5], [95.833333, 16.5]]]]}}, {"type": "Feature", "properties": {"type": "R", "designator": "19A", "name": "TAUNGOO", "lower": "90 STD", "upper": "150 STD", "activity_note": "", "restriction": "", "hazard": "", "remarks": ""}, "geometry": {"type": "MultiPolygon", "coordinates": [[[[96.583333, 19.3], [96.583333, 18.8], [97.233333, 18.8], [97.233333, 19.3], [96.583333, 19.3]]]]}}, {"type": "Feature", "properties": {"type": "R", "designator": "44", "name": "MAGWAY", "lower": "3300 SFC", "upper": "230 STD", "activity_note": "", "restriction": "", "hazard": "", "remarks": ""}, "geometry": {"type": "MultiPolygon", "coordinates": [[[[94.353611, 20.487078], [94.347549, 20.476892], [94.341678, 20.466608], [94.335998, 20.456229], [94.330512, 20.445758], [94.325222, 20.435198], [94.320128, 20.424552], [94.315233, 20.413824], [94.310539, 20.403017], [94.306045, 20.392134], [94.301754, 20.381179], [94.297668, 20.370155], [94.293786, 20.359065], [94.290111, 20.347913], [94.286643, 20.336702], [94.283384, 20.325436], [94.280334, 20.314117], [94.277494, 20.30275], [94.274865, 20.291338], [94.272449, 20.279885], [94.270245, 20.268393], [94.268253, 20.256867], [94.266476, 20.245309], [94.264913, 20.233724], [94.263565, 20.222115], [94.262431, 20.210486], [94.261513, 20.19884], [94.260811, 20.18718], [94.260324, 20.175511], [94.260053, 20.163835], [94.259998, 20.152156], [94.260158, 20.140479], [94.260534, 20.128805], [94.261126, 20.11714], [94.261934, 20.105486], [94.262956, 20.093848], [94.264193, 20.082228], [94.265644, 20.07063], [94.267309, 20.059057], [94.269187, 20.047514], [94.271278, 20.036004], [94.27358, 20.02453], [94.276094, 20.013095], [94.278818, 20.001704], [94.281752, 19.990359], [94.284894, 19.979064], [94.288244, 19.967823], [94.2918, 19.956639], [94.295562, 19.945515], [94.299527, 19.934454], [94.303696, 19.923461], [94.308066, 19.912538], [94.312637, 19.901689], [94.317406, 19.890916], [94.322373, 19.880224], [94.327536, 19.869615], [94.332893, 19.859093], [94.338442, 19.848661], [94.344182, 19.838322], [94.350111, 19.828079], [94.356228, 19.817935], [94.36253, 19.807894], [94.369015, 19.797958], [94.375681, 19.78813], [94.382527, 19.778414], [94.38955, 19.768812], [94.396749, 19.759327], [94.40412, 19.749962], [94.411662, 19.740721], [94.419372, 19.731604], [94.427248, 19.722617], [94.435287, 19.71376], [94.443488, 19.705037], [94.451847, 19.696451], [94.460363, 19.688004], [94.469031, 19.679698], [94.477851, 19.671537], [94.486819, 19.663522], [94.495932, 19.655656], [94.505188, 19.647941], [94.514583, 19.64038], [94.524116, 19.632975], [94.533782, 19.625729], [94.54358, 19.618643], [94.553506, 19.611719], [94.563557, 19.60496], [94.57373, 19.598368], [94.584022, 19.591944], [94.59443, 19.585691], [94.604951, 19.57961], [94.615582, 19.573704], [94.626319, 19.567974], [94.637158, 19.562421], [94.648098, 19.557048], [94.659135, 19.551857], [94.670264, 19.546847], [94.819142, 19.850283], [94.813569, 19.852792], [94.808043, 19.855393], [94.802565, 19.858084], [94.797138, 19.860865], [94.791763, 19.863736], [94.786441, 19.866694], [94.781175, 19.86974], [94.775965, 19.872872], [94.770814, 19.876089], [94.765723, 19.879391], [94.760693, 19.882776], [94.755726, 19.886244], [94.750824, 19.889793], [94.745988, 19.893422], [94.741219, 19.89713], [94.736519, 19.900917], [94.731889, 19.90478], [94.727331, 19.908719], [94.722847, 19.912733], [94.718437, 19.916819], [94.714102, 19.920978], [94.709845, 19.925208], [94.705667, 19.929507], [94.701568, 19.933875], [94.69755, 19.938309], [94.693614, 19.942809], [94.689762, 19.947373], [94.685994, 19.952], [94.682312, 19.956688], [94.678717, 19.961436], [94.67521, 19.966243], [94.671792, 19.971106], [94.668464, 19.976026], [94.665227, 19.980999], [94.662083, 19.986025], [94.659031, 19.991103], [94.656073, 19.996229], [94.653211, 20.001404], [94.650444, 20.006625], [94.647773, 20.011891], [94.6452, 20.0172], [94.642726, 20.02255], [94.64035, 20.027941], [94.638074, 20.03337], [94.635899, 20.038835], [94.633825, 20.044336], [94.631852, 20.04987], [94.629982, 20.055436], [94.628215, 20.061031], [94.626551, 20.066655], [94.624991, 20.072305], [94.623536, 20.077981], [94.622186, 20.083679], [94.620941, 20.089399], [94.619802, 20.095138], [94.618769, 20.100896], [94.617842, 20.106669], [94.617022, 20.112457], [94.61631, 20.118257], [94.615704, 20.124069], [94.615206, 20.129889], [94.614815, 20.135717], [94.614532, 20.14155], [94.614357, 20.147387], [94.61429, 20.153226], [94.614331, 20.159066], [94.61448, 20.164903], [94.614736, 20.170738], [94.615101, 20.176567], [94.615573, 20.182389], [94.616152, 20.188203], [94.61684, 20.194006], [94.617634, 20.199797], [94.618535, 20.205574], [94.619543, 20.211336], [94.620658, 20.217079], [94.621879, 20.222804], [94.623205, 20.228507], [94.624637, 20.234188], [94.626173, 20.239845], [94.627814, 20.245475], [94.62956, 20.251077], [94.631408, 20.25665], [94.63336, 20.262191], [94.635413, 20.267699], [94.637569, 20.273173], [94.639825, 20.27861], [94.642182, 20.284009], [94.644639, 20.289369], [94.647195, 20.294687], [94.649848, 20.299963], [94.652599, 20.305193], [94.655447, 20.310378], [94.65839, 20.315515], [94.661428, 20.320603], [94.353611, 20.487078]]]]}}, {"type": "Feature", "properties": {"type": "D", "designator": "25", "name": "PYAPON AREA", "lower": "8000 MSL", "upper": "240 STD", "activity_note": "", "restriction": "", "hazard": "", "remarks": ""}, "geometry": {"type": "MultiPolygon", "coordinates": [[[[95.706692, 16.618861], [95.139083, 16.234128], [95.150988, 16.218117], [95.163169, 16.202301], [95.175621, 16.186685], [95.188341, 16.171273], [95.201326, 16.156069], [95.214572, 16.141077], [95.228075, 16.126302], [95.241831, 16.111748], [95.255837, 16.097419], [95.270088, 16.083319], [95.28458, 16.069451], [95.299309, 16.05582], [95.314272, 16.04243], [95.329464, 16.029284], [95.34488, 16.016385], [95.360516, 16.003739], [95.376368, 15.991347], [95.392432, 15.979214], [95.408702, 15.967343], [95.425175, 15.955737], [95.441845, 15.9444], [95.458708, 15.933334], [95.475759, 15.922543], [95.492994, 15.912029], [95.510408, 15.901797], [95.527994, 15.891847], [95.873078, 16.472314], [95.865247, 16.476751], [95.857497, 16.481319], [95.849831, 16.486017], [95.84225, 16.490842], [95.834758, 16.495795], [95.827356, 16.500872], [95.820047, 16.506073], [95.812832, 16.511397], [95.805714, 16.51684], [95.798696, 16.522402], [95.791778, 16.528082], [95.784965, 16.533877], [95.778256, 16.539785], [95.771655, 16.545805], [95.765164, 16.551935], [95.758784, 16.558173], [95.752518, 16.564518], [95.746367, 16.570967], [95.740333, 16.577518], [95.734418, 16.58417], [95.728624, 16.59092], [95.722953, 16.597766], [95.717406, 16.604706], [95.711985, 16.611739], [95.706692, 16.618861]]]]}}, {"type": "Feature", "properties": {"type": "R", "designator": "13", "name": "SHANTE", "lower": "GND SFC", "upper": "3000 MSL", "activity_note": "", "restriction": "", "hazard": "", "remarks": ""}, "geometry": {"type": "MultiPolygon", "coordinates": [[[[95.916667, 21.468472], [95.916667, 21.133939], [95.919711, 21.133915], [95.922754, 21.133841], [95.925795, 21.133719], [95.928833, 21.133549], [95.931868, 21.133329], [95.934899, 21.133061], [95.937924, 21.132744], [95.940943, 21.132379], [95.943955, 21.131966], [95.946959, 21.131504], [95.949954, 21.130994], [95.95294, 21.130436], [95.955914, 21.129831], [95.958878, 21.129178], [95.961828, 21.128477], [95.964766, 21.127729], [95.96769, 21.126934], [95.970598, 21.126093], [95.973491, 21.125205], [95.976368, 21.12427], [95.979227, 21.12329], [95.982067, 21.122264], [95.984889, 21.121192], [95.98769, 21.120076], [95.990471, 21.118915], [95.99323, 21.117709], [95.995967, 21.116459], [95.99868, 21.115166], [96.00137, 21.113829], [96.004035, 21.112449], [96.006674, 21.111027], [96.009287, 21.109562], [96.011873, 21.108056], [96.014431, 21.106509], [96.01696, 21.104921], [96.019461, 21.103292], [96.021931, 21.101624], [96.02437, 21.099916], [96.026778, 21.098169], [96.029154, 21.096384], [96.031496, 21.094562], [96.033806, 21.092702], [96.036081, 21.090805], [96.038321, 21.088872], [96.040525, 21.086903], [96.042694, 21.0849], [96.295347, 21.321078], [96.288842, 21.327099], [96.282227, 21.333014], [96.275505, 21.338822], [96.268678, 21.344522], [96.261747, 21.350112], [96.254715, 21.355589], [96.247584, 21.360953], [96.240355, 21.366202], [96.233031, 21.371334], [96.225614, 21.376348], [96.218107, 21.381243], [96.210511, 21.386016], [96.202828, 21.390667], [96.195061, 21.395193], [96.187213, 21.399595], [96.179285, 21.40387], [96.171279, 21.408017], [96.163199, 21.412036], [96.155046, 21.415924], [96.146823, 21.419681], [96.138533, 21.423305], [96.130177, 21.426796], [96.121758, 21.430153], [96.113279, 21.433374], [96.104742, 21.436458], [96.09615, 21.439405], [96.087505, 21.442214], [96.078809, 21.444884], [96.070066, 21.447415], [96.061278, 21.449804], [96.052447, 21.452052], [96.043576, 21.454159], [96.034668, 21.456122], [96.025725, 21.457943], [96.01675, 21.45962], [96.007746, 21.461153], [95.998715, 21.462541], [95.989659, 21.463784], [95.980582, 21.464882], [95.971486, 21.465834], [95.962374, 21.46664], [95.953249, 21.4673], [95.944113, 21.467813], [95.934969, 21.46818], [95.925819, 21.4684], [95.916667, 21.468472]]]]}}, {"type": "Feature", "properties": {"type": "R", "designator": "20", "name": "MYEIK", "lower": "GND SFC", "upper": "90 STD", "activity_note": "", "restriction": "", "hazard": "", "remarks": ""}, "geometry": {"type": "MultiPolygon", "coordinates": [[[[98.621108, 12.942319], [98.621108, 12.607506], [98.624018, 12.60748], [98.626928, 12.607407], [98.629835, 12.607285], [98.63274, 12.607114], [98.635642, 12.606895], [98.638539, 12.606626], [98.641432, 12.60631], [98.644318, 12.605944], [98.647198, 12.605531], [98.65007, 12.605069], [98.652933, 12.604559], [98.655787, 12.604001], [98.658632, 12.603395], [98.661465, 12.602742], [98.664286, 12.602041], [98.667095, 12.601293], [98.66989, 12.600497], [98.672671, 12.599656], [98.675437, 12.598767], [98.678187, 12.597832], [98.680921, 12.596852], [98.683637, 12.595825], [98.686334, 12.594753], [98.689013, 12.593636], [98.691672, 12.592474], [98.69431, 12.591268], [98.696927, 12.590018], [98.699522, 12.588724], [98.702094, 12.587386], [98.704642, 12.586006], [98.707166, 12.584583], [98.709664, 12.583118], [98.712137, 12.581611], [98.714583, 12.580063], [98.717002, 12.578475], [98.719393, 12.576845], [98.721755, 12.575176], [98.724088, 12.573468], [98.726391, 12.57172], [98.728663, 12.569935], [98.730904, 12.568111], [98.733112, 12.56625], [98.735288, 12.564352], [98.737431, 12.562418], [98.739539, 12.560449], [98.741614, 12.558444], [98.982953, 12.794978], [98.976731, 12.800998], [98.970405, 12.806912], [98.963976, 12.81272], [98.957447, 12.818418], [98.95082, 12.824006], [98.944096, 12.829482], [98.937278, 12.834845], [98.930366, 12.840092], [98.923365, 12.845223], [98.916275, 12.850235], [98.909098, 12.855128], [98.901837, 12.859899], [98.894493, 12.864548], [98.88707, 12.869074], [98.879569, 12.873473], [98.871992, 12.877747], [98.864341, 12.881893], [98.856619, 12.885909], [98.848829, 12.889796], [98.840971, 12.893551], [98.833049, 12.897174], [98.825065, 12.900663], [98.817021, 12.904018], [98.80892, 12.907237], [98.800763, 12.91032], [98.792554, 12.913266], [98.784295, 12.916074], [98.775988, 12.918742], [98.767635, 12.921271], [98.75924, 12.923659], [98.750804, 12.925906], [98.74233, 12.928012], [98.73382, 12.929974], [98.725278, 12.931794], [98.716705, 12.93347], [98.708104, 12.935002], [98.699477, 12.936389], [98.690827, 12.937632], [98.682157, 12.938729], [98.673469, 12.93968], [98.664766, 12.940486], [98.65605, 12.941146], [98.647323, 12.941659], [98.638589, 12.942025], [98.62985, 12.942245], [98.621108, 12.942319]]]]}}, {"type": "Feature", "properties": {"type": "R", "designator": "42", "name": "MAGWAY", "lower": "GND SFC", "upper": "100 STD", "activity_note": "", "restriction": "", "hazard": "", "remarks": ""}, "geometry": {"type": "MultiPolygon", "coordinates": [[[[95.345231, 20.508047], [95.093944, 20.271831], [95.09611, 20.269746], [95.098238, 20.267626], [95.100327, 20.265472], [95.102375, 20.263284], [95.104383, 20.261062], [95.106349, 20.258808], [95.108272, 20.256521], [95.110154, 20.254203], [95.111992, 20.251855], [95.113786, 20.249476], [95.115536, 20.247069], [95.117241, 20.244633], [95.118901, 20.242169], [95.120515, 20.239678], [95.122083, 20.237161], [95.123603, 20.234618], [95.125077, 20.232051], [95.126503, 20.22946], [95.12788, 20.226846], [95.129209, 20.22421], [95.130489, 20.221552], [95.13172, 20.218873], [95.132901, 20.216174], [95.134031, 20.213457], [95.135112, 20.210721], [95.136141, 20.207968], [95.13712, 20.205198], [95.138047, 20.202413], [95.138922, 20.199612], [95.139745, 20.196798], [95.140517, 20.19397], [95.141235, 20.191131], [95.141902, 20.18828], [95.142515, 20.185418], [95.143075, 20.182547], [95.143582, 20.179666], [95.144036, 20.176778], [95.144437, 20.173883], [95.144783, 20.170982], [95.145077, 20.168075], [95.145316, 20.165164], [95.145501, 20.16225], [95.145633, 20.159333], [95.145711, 20.156414], [95.145733, 20.153494], [95.500028, 20.152781], [95.499981, 20.161349], [95.499777, 20.169916], [95.499419, 20.178477], [95.498906, 20.187032], [95.498238, 20.195578], [95.497416, 20.204111], [95.496439, 20.21263], [95.495309, 20.221132], [95.494024, 20.229614], [95.492587, 20.238075], [95.490996, 20.246511], [95.489253, 20.25492], [95.487357, 20.2633], [95.48531, 20.271648], [95.483113, 20.279961], [95.480765, 20.288238], [95.478267, 20.296476], [95.47562, 20.304673], [95.472825, 20.312826], [95.469882, 20.320932], [95.466793, 20.32899], [95.463558, 20.336997], [95.460179, 20.34495], [95.456655, 20.352848], [95.452989, 20.360688], [95.449181, 20.368467], [95.445233, 20.376184], [95.441144, 20.383837], [95.436918, 20.391422], [95.432554, 20.398938], [95.428054, 20.406382], [95.42342, 20.413753], [95.418653, 20.421048], [95.413754, 20.428265], [95.408724, 20.435402], [95.403565, 20.442457], [95.398279, 20.449428], [95.392867, 20.456313], [95.38733, 20.463109], [95.381671, 20.469815], [95.37589, 20.476428], [95.36999, 20.482948], [95.363972, 20.489371], [95.357838, 20.495697], [95.35159, 20.501923], [95.345231, 20.508047]]]]}}, {"type": "Feature", "properties": {"type": "R", "designator": "17", "name": "NAMPONG", "lower": "GND SFC", "upper": "100 STD", "activity_note": "", "restriction": "", "hazard": "", "remarks": ""}, "geometry": {"type": "MultiPolygon", "coordinates": [[[[97.674764, 25.704114], [97.413556, 25.468156], [97.415806, 25.466072], [97.418016, 25.463954], [97.420185, 25.461801], [97.422312, 25.459614], [97.424397, 25.457393], [97.426438, 25.45514], [97.428436, 25.452854], [97.43039, 25.450537], [97.432298, 25.44819], [97.434162, 25.445813], [97.435979, 25.443406], [97.437749, 25.440971], [97.439473, 25.438509], [97.441148, 25.436019], [97.442776, 25.433503], [97.444355, 25.430962], [97.445885, 25.428396], [97.447365, 25.425807], [97.448795, 25.423194], [97.450174, 25.420559], [97.451503, 25.417902], [97.45278, 25.415225], [97.454006, 25.412528], [97.45518, 25.409812], [97.456301, 25.407078], [97.457369, 25.404326], [97.458384, 25.401558], [97.459346, 25.398774], [97.460255, 25.395975], [97.461109, 25.393163], [97.461909, 25.390337], [97.462655, 25.387499], [97.463346, 25.384649], [97.463982, 25.381789], [97.464563, 25.37892], [97.465089, 25.376041], [97.465559, 25.373155], [97.465974, 25.370262], [97.466333, 25.367362], [97.466637, 25.364457], [97.466884, 25.361548], [97.467076, 25.358636], [97.467212, 25.355721], [97.467291, 25.352804], [97.467314, 25.349886], [97.835275, 25.348967], [97.835231, 25.35772], [97.835018, 25.366471], [97.834638, 25.375217], [97.834089, 25.383957], [97.833372, 25.392686], [97.832488, 25.401402], [97.831437, 25.410103], [97.830218, 25.418786], [97.828832, 25.427448], [97.82728, 25.436087], [97.825562, 25.4447], [97.823678, 25.453285], [97.821629, 25.461838], [97.819416, 25.470357], [97.817039, 25.47884], [97.814499, 25.487284], [97.811796, 25.495687], [97.808933, 25.504045], [97.805908, 25.512357], [97.802723, 25.520619], [97.79938, 25.52883], [97.795879, 25.536986], [97.792221, 25.545086], [97.788407, 25.553126], [97.784439, 25.561105], [97.780317, 25.569019], [97.776043, 25.576867], [97.771618, 25.584646], [97.767043, 25.592353], [97.762321, 25.599987], [97.757451, 25.607545], [97.752436, 25.615024], [97.747278, 25.622423], [97.741977, 25.629738], [97.736535, 25.636969], [97.730954, 25.644112], [97.725236, 25.651165], [97.719382, 25.658127], [97.713395, 25.664995], [97.707275, 25.671767], [97.701026, 25.67844], [97.694648, 25.685014], [97.688144, 25.691485], [97.681515, 25.697853], [97.674764, 25.704114]]]]}}, {"type": "Feature", "properties": {"type": "R", "designator": "13", "name": "SHANTE", "lower": "GND SFC", "upper": "3000 MSL", "activity_note": "", "restriction": "", "hazard": "", "remarks": ""}, "geometry": {"type": "MultiPolygon", "coordinates": [[[[95.916667, 21.468472], [95.907514, 21.4684], [95.898365, 21.46818], [95.88922, 21.467813], [95.880084, 21.4673], [95.870959, 21.46664], [95.861847, 21.465834], [95.852751, 21.464882], [95.843674, 21.463784], [95.834619, 21.462541], [95.825588, 21.461153], [95.816583, 21.45962], [95.807608, 21.457943], [95.798665, 21.456122], [95.789757, 21.454159], [95.780886, 21.452052], [95.772055, 21.449804], [95.763267, 21.447415], [95.754524, 21.444884], [95.745829, 21.442214], [95.737183, 21.439405], [95.728591, 21.436458], [95.720054, 21.433374], [95.711575, 21.430153], [95.703157, 21.426796], [95.694801, 21.423305], [95.68651, 21.419681], [95.678287, 21.415924], [95.670134, 21.412036], [95.662054, 21.408017], [95.654049, 21.40387], [95.646121, 21.399595], [95.638272, 21.395193], [95.630505, 21.390667], [95.622823, 21.386016], [95.615226, 21.381243], [95.607719, 21.376348], [95.600302, 21.371334], [95.592978, 21.366202], [95.58575, 21.360953], [95.578618, 21.355589], [95.571586, 21.350112], [95.564655, 21.344522], [95.557828, 21.338822], [95.551106, 21.333014], [95.544491, 21.327099], [95.537986, 21.321078], [95.790639, 21.0849], [95.792808, 21.086903], [95.795013, 21.088872], [95.797253, 21.090805], [95.799528, 21.092702], [95.801837, 21.094562], [95.80418, 21.096384], [95.806555, 21.098169], [95.808963, 21.099916], [95.811403, 21.101624], [95.813873, 21.103292], [95.816373, 21.104921], [95.818902, 21.106509], [95.82146, 21.108056], [95.824046, 21.109562], [95.826659, 21.111027], [95.829299, 21.112449], [95.831963, 21.113829], [95.834653, 21.115165], [95.837367, 21.116459], [95.840103, 21.117709], [95.842863, 21.118915], [95.845643, 21.120076], [95.848445, 21.121192], [95.851266, 21.122264], [95.854107, 21.12329], [95.856966, 21.12427], [95.859842, 21.125205], [95.862735, 21.126093], [95.865644, 21.126934], [95.868567, 21.127729], [95.871505, 21.128477], [95.874456, 21.129178], [95.877419, 21.129831], [95.880394, 21.130436], [95.883379, 21.130994], [95.886374, 21.131504], [95.889378, 21.131966], [95.89239, 21.132379], [95.895409, 21.132744], [95.898434, 21.133061], [95.901465, 21.133329], [95.9045, 21.133549], [95.907538, 21.133719], [95.91058, 21.133841], [95.913623, 21.133915], [95.916667, 21.133939], [95.916667, 21.468472]]]]}}, {"type": "Feature", "properties": {"type": "R", "designator": "12", "name": "HMAWBY", "lower": "GND SFC", "upper": "100 STD", "activity_note": "", "restriction": "", "hazard": "", "remarks": ""}, "geometry": {"type": "MultiPolygon", "coordinates": [[[[95.914889, 17.940581], [95.899892, 17.937908], [95.884947, 17.934984], [95.870057, 17.931809], [95.855229, 17.928386], [95.840465, 17.924713], [95.825772, 17.920794], [95.811153, 17.916629], [95.796613, 17.912219], [95.782156, 17.907565], [95.767787, 17.90267], [95.75351, 17.897534], [95.73933, 17.89216], [95.72525, 17.886549], [95.711276, 17.880702], [95.697412, 17.874621], [95.683662, 17.868309], [95.670029, 17.861767], [95.65652, 17.854997], [95.643136, 17.848002], [95.629883, 17.840783], [95.616765, 17.833343], [95.603785, 17.825684], [95.590948, 17.817808], [95.578258, 17.809718], [95.565718, 17.801416], [95.553332, 17.792906], [95.541105, 17.784188], [95.529039, 17.775267], [95.517139, 17.766145], [95.505408, 17.756824], [95.49385, 17.747308], [95.482468, 17.7376], [95.471266, 17.727702], [95.460247, 17.717617], [95.449414, 17.707349], [95.438772, 17.696901], [95.428322, 17.686276], [95.418069, 17.675477], [95.408015, 17.664508], [95.398163, 17.653372], [95.388517, 17.642072], [95.37908, 17.630612], [95.369853, 17.618996], [95.36084, 17.607226], [95.352045, 17.595307], [95.343468, 17.583242], [95.335113, 17.571036], [95.326983, 17.55869], [95.31908, 17.546211], [95.311406, 17.5336], [95.303964, 17.520863], [95.296756, 17.508002], [95.289783, 17.495023], [95.283049, 17.481929], [95.276554, 17.468724], [95.270302, 17.455411], [95.264294, 17.441996], [95.258531, 17.428482], [95.253016, 17.414873], [95.247749, 17.401174], [95.242734, 17.387389], [95.23797, 17.373522], [95.233459, 17.359576], [95.229204, 17.345557], [95.225204, 17.331469], [95.221462, 17.317316], [95.217978, 17.303102], [95.214753, 17.288832], [95.211788, 17.27451], [95.209085, 17.26014], [95.206643, 17.245728], [95.204464, 17.231276], [95.202547, 17.21679], [95.200895, 17.202274], [95.199506, 17.187733], [95.198382, 17.17317], [95.197522, 17.158591], [95.196927, 17.143999], [95.196598, 17.1294], [95.196533, 17.114797], [95.631597, 17.1162], [95.631647, 17.123501], [95.631829, 17.130801], [95.632143, 17.138096], [95.63259, 17.145385], [95.633169, 17.152665], [95.63388, 17.159935], [95.634723, 17.167191], [95.635698, 17.174432], [95.636804, 17.181656], [95.638041, 17.18886], [95.639409, 17.196042], [95.640907, 17.203201], [95.642535, 17.210332], [95.644292, 17.217436], [95.646179, 17.224509], [95.648193, 17.231549], [95.650336, 17.238554], [95.652605, 17.245522], [95.655001, 17.252451], [95.657522, 17.259339], [95.660168, 17.266184], [95.662939, 17.272983], [95.665833, 17.279734], [95.668849, 17.286436], [95.671986, 17.293086], [95.675245, 17.299683], [95.678622, 17.306224], [95.682119, 17.312707], [95.685733, 17.31913], [95.689463, 17.325492], [95.693308, 17.33179], [95.697268, 17.338023], [95.701341, 17.344189], [95.705525, 17.350285], [95.70982, 17.35631], [95.714224, 17.362262], [95.718735, 17.368139], [95.723353, 17.373939], [95.728076, 17.379661], [95.732903, 17.385303], [95.737831, 17.390863], [95.742861, 17.39634], [95.747989, 17.401731], [95.753215, 17.407036], [95.758537, 17.412252], [95.763953, 17.417378], [95.769462, 17.422412], [95.775062, 17.427353], [95.780751, 17.432199], [95.786527, 17.436949], [95.79239, 17.441601], [95.798336, 17.446154], [95.804365, 17.450607], [95.810474, 17.454958], [95.816661, 17.459206], [95.822925, 17.463349], [95.829263, 17.467386], [95.835675, 17.471317], [95.842157, 17.475139], [95.848708, 17.478852], [95.855325, 17.482454], [95.862008, 17.485945], [95.868753, 17.489323], [95.875559, 17.492588], [95.882423, 17.495737], [95.889344, 17.498771], [95.896319, 17.501689], [95.903346, 17.504489], [95.910424, 17.50717], [95.917549, 17.509733], [95.92472, 17.512175], [95.931935, 17.514497], [95.93919, 17.516697], [95.946485, 17.518775], [95.953817, 17.520731], [95.961184, 17.522563], [95.968582, 17.524271], [95.976011, 17.525855], [95.983468, 17.527314], [95.99095, 17.528647], [95.914889, 17.940581]]]]}}, {"type": "Feature", "properties": {"type": "R", "designator": "40A", "name": "DANUBYU EAST", "lower": "7000 MSL", "upper": "100 STD", "activity_note": "", "restriction": "", "hazard": "", "remarks": ""}, "geometry": {"type": "MultiPolygon", "coordinates": [[[[95.545314, 17.570869], [95.53652, 17.55895], [95.527945, 17.546885], [95.519592, 17.534678], [95.511464, 17.522333], [95.503562, 17.509853], [95.49589, 17.497243], [95.488449, 17.484506], [95.481242, 17.471645], [95.47427, 17.458666], [95.467537, 17.445572], [95.461044, 17.432366], [95.454793, 17.419054], [95.448786, 17.405639], [95.443024, 17.392125], [95.437509, 17.378516], [95.432244, 17.364817], [95.427229, 17.351032], [95.422466, 17.337164], [95.417957, 17.323219], [95.413703, 17.3092], [95.665108, 17.240897], [95.668098, 17.250707], [95.671266, 17.260465], [95.674612, 17.270169], [95.678134, 17.279814], [95.681831, 17.289399], [95.685702, 17.298921], [95.689745, 17.308376], [95.69396, 17.317762], [95.698346, 17.327076], [95.7029, 17.336314], [95.707622, 17.345475], [95.712511, 17.354555], [95.717564, 17.363552], [95.72278, 17.372462], [95.728158, 17.381284], [95.733696, 17.390013], [95.739392, 17.398649], [95.745245, 17.407188], [95.751253, 17.415627], [95.757414, 17.423964], [95.545314, 17.570869]]]]}}, {"type": "Feature", "properties": {"type": "R", "designator": "17", "name": "NAMPONG", "lower": "GND SFC", "upper": "100 STD", "activity_note": "", "restriction": "", "hazard": "", "remarks": ""}, "geometry": {"type": "MultiPolygon", "coordinates": [[[[96.891903, 25.704114], [96.885152, 25.697853], [96.878523, 25.691485], [96.872019, 25.685014], [96.865641, 25.67844], [96.859391, 25.671767], [96.853272, 25.664995], [96.847284, 25.658127], [96.841431, 25.651165], [96.835712, 25.644112], [96.830132, 25.636969], [96.82469, 25.629738], [96.819389, 25.622423], [96.81423, 25.615024], [96.809215, 25.607545], [96.804346, 25.599987], [96.799623, 25.592353], [96.795049, 25.584646], [96.790624, 25.576867], [96.78635, 25.569019], [96.782228, 25.561105], [96.778259, 25.553126], [96.774446, 25.545086], [96.770788, 25.536986], [96.767286, 25.52883], [96.763943, 25.520619], [96.760759, 25.512357], [96.757734, 25.504045], [96.75487, 25.495687], [96.752168, 25.487284], [96.749628, 25.47884], [96.747251, 25.470357], [96.745038, 25.461838], [96.742989, 25.453285], [96.741105, 25.4447], [96.739387, 25.436087], [96.737835, 25.427448], [96.736449, 25.418786], [96.73523, 25.410103], [96.734178, 25.401402], [96.733294, 25.392686], [96.732578, 25.383957], [96.732029, 25.375217], [96.731648, 25.366471], [96.731436, 25.35772], [96.731392, 25.348967], [97.099353, 25.349886], [97.099375, 25.352804], [97.099455, 25.355721], [97.099591, 25.358636], [97.099782, 25.361548], [97.10003, 25.364457], [97.100333, 25.367362], [97.100693, 25.370262], [97.101108, 25.373155], [97.101578, 25.376041], [97.102104, 25.37892], [97.102685, 25.381789], [97.103321, 25.384649], [97.104012, 25.387499], [97.104758, 25.390337], [97.105558, 25.393163], [97.106412, 25.395975], [97.10732, 25.398774], [97.108282, 25.401558], [97.109298, 25.404326], [97.110366, 25.407078], [97.111487, 25.409812], [97.112661, 25.412528], [97.113886, 25.415225], [97.115164, 25.417902], [97.116492, 25.420559], [97.117872, 25.423194], [97.119302, 25.425807], [97.120782, 25.428396], [97.122312, 25.430962], [97.123891, 25.433503], [97.125518, 25.436019], [97.127194, 25.438509], [97.128917, 25.440971], [97.130688, 25.443406], [97.132505, 25.445813], [97.134368, 25.44819], [97.136277, 25.450537], [97.13823, 25.452854], [97.140228, 25.45514], [97.14227, 25.457393], [97.144355, 25.459614], [97.146482, 25.461801], [97.148651, 25.463954], [97.150861, 25.466072], [97.153111, 25.468156], [96.891903, 25.704114]]]]}}, {"type": "Feature", "properties": {"type": "R", "designator": "47", "name": "NAMSANG", "lower": "GND SFC", "upper": "115 STD", "activity_note": "", "restriction": "", "hazard": "", "remarks": ""}, "geometry": {"type": "MultiPolygon", "coordinates": [[[[97.735897, 21.39235], [97.726546, 21.392274], [97.717199, 21.392044], [97.707856, 21.39166], [97.698523, 21.391124], [97.689201, 21.390434], [97.679893, 21.389592], [97.670603, 21.388598], [97.661332, 21.387451], [97.652085, 21.386152], [97.642863, 21.384702], [97.63367, 21.3831], [97.624509, 21.381348], [97.615382, 21.379447], [97.606291, 21.377396], [97.597241, 21.375196], [97.588233, 21.372848], [97.579271, 21.370352], [97.570357, 21.36771], [97.561494, 21.364922], [97.552684, 21.36199], [97.543931, 21.358913], [97.535237, 21.355693], [97.526605, 21.352331], [97.518036, 21.348828], [97.509535, 21.345185], [97.501104, 21.341404], [97.492744, 21.337484], [97.48446, 21.333428], [97.476252, 21.329237], [97.468125, 21.324912], [97.460079, 21.320454], [97.452119, 21.315865], [97.444246, 21.311146], [97.436462, 21.306299], [97.42877, 21.301324], [97.421172, 21.296225], [97.413672, 21.291001], [97.40627, 21.285656], [97.398969, 21.280189], [97.391772, 21.274604], [97.38468, 21.268902], [97.377696, 21.263084], [97.370823, 21.257153], [97.364061, 21.25111], [97.357414, 21.244956], [97.609933, 21.008772], [97.612101, 21.010776], [97.614304, 21.012745], [97.616543, 21.014678], [97.618817, 21.016575], [97.621125, 21.018435], [97.623467, 21.020257], [97.625841, 21.022042], [97.628248, 21.023789], [97.630686, 21.025497], [97.633155, 21.027165], [97.635654, 21.028794], [97.638182, 21.030382], [97.640739, 21.031929], [97.643323, 21.033435], [97.645935, 21.0349], [97.648573, 21.036322], [97.651237, 21.037702], [97.653925, 21.039039], [97.656637, 21.040332], [97.659372, 21.041582], [97.66213, 21.042788], [97.664909, 21.043949], [97.66771, 21.045066], [97.67053, 21.046137], [97.673369, 21.047163], [97.676226, 21.048144], [97.679101, 21.049078], [97.681992, 21.049966], [97.6849, 21.050808], [97.687822, 21.051603], [97.690758, 21.052351], [97.693708, 21.053051], [97.696669, 21.053705], [97.699643, 21.05431], [97.702626, 21.054868], [97.70562, 21.055378], [97.708622, 21.055839], [97.711633, 21.056253], [97.71465, 21.056618], [97.717674, 21.056935], [97.720703, 21.057203], [97.723737, 21.057422], [97.726774, 21.057593], [97.729813, 21.057715], [97.732855, 21.057788], [97.735897, 21.057814], [97.735897, 21.39235]]]]}}, {"type": "Feature", "properties": {"type": "R", "designator": "37A", "name": "NAYPYITAW", "lower": "GND SFC", "upper": "120 STD", "activity_note": "", "restriction": "", "hazard": "", "remarks": ""}, "geometry": {"type": "MultiPolygon", "coordinates": [[[[95.466667, 20.083333], [95.466667, 19.708333], [95.725, 19.708333], [95.716667, 20.083333], [95.466667, 20.083333]]]]}}, {"type": "Feature", "properties": {"type": "D", "designator": "21", "name": "TAUNGNYO", "lower": "GND SFC", "upper": "150 STD", "activity_note": "", "restriction": "", "hazard": "", "remarks": ""}, "geometry": {"type": "MultiPolygon", "coordinates": [[[[96.066667, 20.333333], [96.066667, 19.866667], [96.133333, 19.866667], [96.133333, 20.333333], [96.066667, 20.333333]]]]}}, {"type": "Feature", "properties": {"type": "R", "designator": "42", "name": "MAGWAY", "lower": "GND SFC", "upper": "100 STD", "activity_note": "", "restriction": "", "hazard": "", "remarks": ""}, "geometry": {"type": "MultiPolygon", "coordinates": [[[[95.145733, 20.153494], [95.145704, 20.150575], [95.14562, 20.147656], [95.145482, 20.144739], [95.14529, 20.141825], [95.145044, 20.138915], [95.144744, 20.136009], [95.144391, 20.133108], [95.143984, 20.130214], [95.143524, 20.127327], [95.143011, 20.124448], [95.142444, 20.121578], [95.141825, 20.118717], [95.141153, 20.115867], [95.140428, 20.113029], [95.139651, 20.110203], [95.138822, 20.10739], [95.137941, 20.104592], [95.137009, 20.101808], [95.136025, 20.09904], [95.134991, 20.096289], [95.133905, 20.093555], [95.13277, 20.090839], [95.131584, 20.088143], [95.130349, 20.085467], [95.129065, 20.082811], [95.127732, 20.080177], [95.12635, 20.077565], [95.124921, 20.074977], [95.123444, 20.072412], [95.12192, 20.069872], [95.120349, 20.067358], [95.118732, 20.06487], [95.11707, 20.062409], [95.115362, 20.059975], [95.113609, 20.057571], [95.111813, 20.055195], [95.109973, 20.052849], [95.10809, 20.050535], [95.106165, 20.048251], [95.104197, 20.046], [95.102189, 20.043781], [95.10014, 20.041596], [95.098051, 20.039445], [95.095923, 20.037328], [95.093756, 20.035247], [95.343531, 19.798303], [95.349892, 19.8044], [95.356143, 19.810599], [95.362282, 19.816897], [95.368306, 19.823294], [95.374215, 19.829787], [95.380007, 19.836374], [95.385679, 19.843054], [95.39123, 19.849824], [95.396659, 19.856683], [95.401964, 19.863628], [95.407143, 19.870658], [95.412195, 19.87777], [95.417118, 19.884963], [95.421912, 19.892234], [95.426573, 19.899581], [95.431102, 19.907002], [95.435497, 19.914495], [95.439756, 19.922058], [95.443879, 19.929689], [95.447863, 19.937385], [95.451708, 19.945144], [95.455414, 19.952964], [95.458977, 19.960842], [95.462399, 19.968777], [95.465676, 19.976765], [95.46881, 19.984806], [95.471798, 19.992896], [95.47464, 20.001032], [95.477335, 20.009214], [95.479882, 20.017438], [95.48228, 20.025701], [95.484529, 20.034002], [95.486628, 20.042338], [95.488576, 20.050707], [95.490373, 20.059105], [95.492018, 20.067532], [95.49351, 20.075984], [95.49485, 20.084459], [95.496037, 20.092954], [95.49707, 20.101467], [95.497949, 20.109995], [95.498674, 20.118536], [95.499245, 20.127088], [95.499661, 20.135647], [95.499923, 20.144213], [95.500028, 20.152781], [95.145733, 20.153494]]]]}}, {"type": "Feature", "properties": {"type": "R", "designator": "30", "name": "PATHEIN TRAINING AREA", "lower": "6000 MSL", "upper": "140 STD", "activity_note": "", "restriction": "", "hazard": "", "remarks": ""}, "geometry": {"type": "MultiPolygon", "coordinates": [[[[94.595806, 16.808617], [93.900833, 16.806856], [93.901024, 16.792571], [93.901469, 16.778292], [93.902167, 16.764022], [93.903117, 16.749765], [93.904319, 16.735526], [93.905774, 16.721309], [93.90748, 16.707118], [93.909436, 16.692957], [93.911643, 16.678831], [93.9141, 16.664742], [93.916805, 16.650696], [93.919758, 16.636697], [93.922958, 16.622748], [93.926404, 16.608854], [93.930096, 16.595018], [93.934031, 16.581245], [93.938208, 16.567539], [93.942627, 16.553903], [93.947287, 16.540342], [93.952185, 16.52686], [93.95732, 16.51346], [93.96269, 16.500147], [93.968295, 16.486923], [93.974132, 16.473794], [93.9802, 16.460763], [93.986497, 16.447833], [93.99302, 16.435009], [93.999769, 16.422294], [94.00674, 16.409691], [94.013933, 16.397205], [94.021344, 16.384839], [94.028973, 16.372597], [94.036815, 16.360482], [94.04487, 16.348498], [94.053134, 16.336648], [94.061606, 16.324935], [94.070282, 16.313363], [94.079161, 16.301936], [94.088239, 16.290656], [94.097515, 16.279528], [94.106985, 16.268553], [94.116646, 16.257736], [94.126496, 16.247079], [94.136532, 16.236586], [94.14675, 16.226259], [94.15715, 16.216103], [94.646769, 16.690319], [94.644644, 16.692401], [94.642556, 16.694519], [94.640507, 16.696671], [94.638498, 16.698857], [94.636528, 16.701077], [94.634599, 16.703329], [94.63271, 16.705614], [94.630864, 16.70793], [94.629059, 16.710276], [94.627298, 16.712653], [94.625579, 16.715059], [94.623904, 16.717493], [94.622274, 16.719956], [94.620688, 16.722445], [94.619148, 16.72496], [94.617654, 16.727501], [94.616205, 16.730067], [94.614803, 16.732657], [94.613449, 16.73527], [94.612142, 16.737905], [94.610883, 16.740562], [94.609672, 16.743239], [94.608509, 16.745937], [94.607396, 16.748654], [94.606332, 16.751389], [94.605318, 16.754141], [94.604354, 16.75691], [94.603439, 16.759695], [94.602576, 16.762495], [94.601763, 16.765309], [94.601002, 16.768136], [94.600292, 16.770975], [94.599633, 16.773826], [94.599026, 16.776688], [94.598471, 16.779559], [94.597968, 16.782439], [94.597517, 16.785328], [94.597119, 16.788223], [94.596773, 16.791125], [94.59648, 16.794032], [94.596239, 16.796943], [94.596052, 16.799859], [94.595917, 16.802776], [94.595835, 16.805696], [94.595806, 16.808617]]]]}}, {"type": "Feature", "properties": {"type": "R", "designator": "30", "name": "PATHEIN TRAINING AREA", "lower": "6000 MSL", "upper": "220 STD", "activity_note": "", "restriction": "", "hazard": "", "remarks": ""}, "geometry": {"type": "MultiPolygon", "coordinates": [[[[94.646769, 16.690319], [94.15715, 16.216103], [94.167724, 16.206117], [94.178474, 16.196307], [94.189394, 16.186676], [94.200481, 16.177226], [94.211733, 16.167959], [94.223146, 16.158879], [94.234716, 16.149988], [94.246441, 16.141288], [94.258317, 16.132782], [94.27034, 16.124473], [94.282507, 16.116363], [94.294815, 16.108454], [94.30726, 16.100748], [94.319838, 16.093248], [94.332545, 16.085957], [94.345379, 16.078875], [94.358335, 16.072005], [94.371409, 16.06535], [94.384598, 16.05891], [94.397898, 16.052688], [94.411306, 16.046686], [94.424816, 16.040905], [94.438426, 16.035347], [94.452131, 16.030014], [94.465927, 16.024907], [94.479811, 16.020027], [94.493779, 16.015377], [94.507826, 16.010957], [94.521948, 16.006768], [94.536142, 16.002813], [94.550402, 15.999091], [94.564726, 15.995605], [94.579109, 15.992354], [94.593547, 15.989341], [94.608035, 15.986565], [94.62257, 15.984028], [94.637147, 15.981731], [94.651762, 15.979673], [94.666412, 15.977856], [94.68109, 15.976281], [94.695795, 15.974947], [94.71052, 15.973855], [94.725263, 15.973005], [94.740018, 15.972398], [94.754782, 15.972034], [94.76955, 15.971911], [94.76955, 16.641339], [94.766586, 16.641363], [94.763623, 16.641436], [94.760662, 16.641558], [94.757703, 16.641729], [94.754748, 16.641948], [94.751797, 16.642216], [94.748852, 16.642532], [94.745912, 16.642896], [94.742979, 16.643309], [94.740054, 16.64377], [94.737138, 16.644279], [94.734231, 16.644836], [94.731334, 16.645441], [94.728448, 16.646093], [94.725574, 16.646793], [94.722713, 16.64754], [94.719866, 16.648333], [94.717033, 16.649174], [94.714215, 16.650061], [94.711414, 16.650994], [94.708629, 16.651973], [94.705862, 16.652997], [94.703114, 16.654067], [94.700385, 16.655182], [94.697676, 16.656342], [94.694988, 16.657546], [94.692321, 16.658794], [94.689678, 16.660086], [94.687057, 16.661421], [94.68446, 16.6628], [94.681888, 16.66422], [94.679342, 16.665683], [94.676822, 16.667187], [94.674328, 16.668733], [94.671863, 16.670319], [94.669426, 16.671945], [94.667018, 16.673612], [94.66464, 16.675318], [94.662292, 16.677062], [94.659975, 16.678845], [94.657691, 16.680666], [94.655439, 16.682524], [94.65322, 16.684419], [94.651035, 16.68635], [94.648885, 16.688317], [94.646769, 16.690319]]]]}}, {"type": "Feature", "properties": {"type": "R", "designator": "18", "name": "TAUNGOO", "lower": "GND SFC", "upper": "7000 MSL", "activity_note": "", "restriction": "", "hazard": "", "remarks": ""}, "geometry": {"type": "MultiPolygon", "coordinates": [[[[96.401214, 19.031281], [95.873442, 19.030528], [95.873545, 19.021959], [95.873803, 19.013392], [95.874215, 19.004832], [95.87478, 18.996279], [95.875498, 18.987736], [95.876369, 18.979207], [95.877394, 18.970692], [95.87857, 18.962196], [95.879899, 18.95372], [95.88138, 18.945267], [95.883012, 18.936839], [95.884795, 18.928439], [95.886728, 18.920069], [95.888811, 18.911731], [95.891043, 18.903429], [95.893423, 18.895164], [95.895951, 18.886939], [95.898626, 18.878756], [95.901446, 18.870617], [95.904412, 18.862526], [95.907523, 18.854484], [95.910777, 18.846494], [95.914173, 18.838557], [95.917711, 18.830677], [95.92139, 18.822856], [95.925207, 18.815095], [95.929163, 18.807398], [95.933256, 18.799766], [95.937485, 18.792201], [95.941849, 18.784706], [95.946345, 18.777283], [95.950974, 18.769934], [95.955733, 18.762662], [95.960622, 18.755468], [95.965638, 18.748354], [95.970781, 18.741322], [95.976049, 18.734375], [95.98144, 18.727515], [95.986952, 18.720743], [95.992585, 18.714062], [95.998336, 18.707473], [96.004204, 18.700978], [96.010187, 18.69458], [96.016283, 18.68828], [96.022491, 18.682079], [96.028808, 18.675981], [96.401214, 19.031281]]]]}}, {"type": "Feature", "properties": {"type": "R", "designator": "18", "name": "TAUNGOO", "lower": "GND SFC", "upper": "7000 MSL", "activity_note": "", "restriction": "", "hazard": "", "remarks": ""}, "geometry": {"type": "MultiPolygon", "coordinates": [[[[96.401214, 19.365894], [96.401214, 19.031281], [96.650364, 19.267722], [96.646079, 19.271732], [96.641723, 19.275673], [96.637297, 19.279543], [96.632802, 19.283339], [96.628239, 19.287063], [96.623609, 19.290712], [96.618914, 19.294285], [96.614155, 19.297781], [96.609335, 19.3012], [96.604453, 19.304539], [96.599511, 19.307799], [96.594512, 19.310979], [96.589455, 19.314076], [96.584344, 19.317092], [96.579179, 19.320023], [96.573962, 19.322871], [96.568694, 19.325633], [96.563377, 19.328309], [96.558013, 19.330899], [96.552603, 19.333401], [96.547148, 19.335815], [96.54165, 19.33814], [96.536112, 19.340375], [96.530534, 19.34252], [96.524917, 19.344575], [96.519265, 19.346537], [96.513578, 19.348408], [96.507858, 19.350186], [96.502107, 19.351871], [96.496326, 19.353463], [96.490518, 19.35496], [96.484683, 19.356362], [96.478823, 19.35767], [96.472941, 19.358883], [96.467038, 19.359999], [96.461116, 19.36102], [96.455176, 19.361945], [96.44922, 19.362772], [96.44325, 19.363504], [96.437268, 19.364138], [96.431275, 19.364674], [96.425273, 19.365114], [96.419265, 19.365456], [96.413251, 19.3657], [96.407233, 19.365846], [96.401214, 19.365894]]]]}}, {"type": "Feature", "properties": {"type": "R", "designator": "40B", "name": "DANUBYU WEST", "lower": "8000 MSL", "upper": "100 STD", "activity_note": "", "restriction": "", "hazard": "", "remarks": ""}, "geometry": {"type": "MultiPolygon", "coordinates": [[[[95.215361, 17.520058], [95.207571, 17.502609], [95.200101, 17.485033], [95.192952, 17.467333], [95.186128, 17.449517], [95.17963, 17.431588], [95.17346, 17.413554], [95.16762, 17.395418], [95.162111, 17.377187], [95.156936, 17.358867], [95.152095, 17.340462], [95.147591, 17.321979], [95.143424, 17.303423], [95.139595, 17.2848], [95.136106, 17.266115], [95.132958, 17.247375], [95.391144, 17.209372], [95.393586, 17.223785], [95.396289, 17.238155], [95.399254, 17.252477], [95.402478, 17.266747], [95.405962, 17.280961], [95.409703, 17.295114], [95.413702, 17.309202], [95.417957, 17.323221], [95.422467, 17.337166], [95.42723, 17.351034], [95.432245, 17.364819], [95.43751, 17.378518], [95.443025, 17.392127], [95.448786, 17.405641], [95.454794, 17.419056], [95.215361, 17.520058]]]]}}, {"type": "Feature", "properties": {"type": "R", "designator": "39A", "name": "NYAUNGDON EAST", "lower": "6000 MSL", "upper": "130 STD", "activity_note": "", "restriction": "", "hazard": "", "remarks": ""}, "geometry": {"type": "MultiPolygon", "coordinates": [[[[95.694333, 17.070197], [95.468206, 17.065653], [95.468617, 17.052516], [95.469268, 17.039388], [95.470156, 17.026274], [95.471282, 17.013176], [95.472646, 17.000099], [95.474246, 16.987046], [95.476082, 16.974023], [95.478154, 16.961032], [95.480461, 16.948079], [95.483002, 16.935165], [95.485777, 16.922297], [95.488784, 16.909477], [95.492022, 16.896709], [95.495491, 16.883998], [95.499189, 16.871346], [95.503116, 16.858759], [95.50727, 16.84624], [95.511649, 16.833792], [95.516253, 16.821419], [95.728306, 16.896481], [95.725201, 16.904841], [95.722239, 16.91325], [95.719423, 16.921705], [95.716752, 16.930203], [95.714228, 16.938743], [95.71185, 16.947322], [95.709621, 16.955938], [95.707541, 16.964588], [95.705609, 16.97327], [95.703827, 16.981982], [95.702196, 16.990721], [95.700715, 16.999484], [95.699385, 17.00827], [95.698206, 17.017077], [95.69718, 17.0259], [95.696305, 17.034739], [95.695583, 17.043591], [95.695014, 17.052452], [95.694597, 17.061322], [95.694333, 17.070197]]]]}}, {"type": "Feature", "properties": {"type": "R", "designator": "50B", "name": "MANDALAY", "lower": "3300 MSL", "upper": "150 STD", "activity_note": "", "restriction": "", "hazard": "", "remarks": ""}, "geometry": {"type": "MultiPolygon", "coordinates": [[[[95.416667, 22.6], [95.416667, 22.016667], [95.933333, 22.016667], [95.933333, 22.6], [95.416667, 22.6]]]]}}, {"type": "Feature", "properties": {"type": "R", "designator": "15", "name": "SHANTE", "lower": "100 STD", "upper": "150 STD", "activity_note": "", "restriction": "", "hazard": "", "remarks": ""}, "geometry": {"type": "MultiPolygon", "coordinates": [[[[95.560492, 20.966294], [95.026236, 20.964342], [95.02645, 20.950064], [95.026923, 20.935791], [95.027656, 20.921528], [95.028648, 20.907279], [95.029898, 20.893048], [95.031406, 20.878839], [95.033172, 20.864656], [95.035195, 20.850504], [95.037474, 20.836386], [95.040009, 20.822306], [95.042798, 20.80827], [95.045842, 20.79428], [95.049138, 20.78034], [95.052686, 20.766456], [95.056486, 20.752631], [95.060534, 20.738868], [95.064831, 20.725172], [95.069376, 20.711548], [95.074166, 20.697998], [95.0792, 20.684527], [95.084477, 20.671138], [95.089995, 20.657836], [95.095753, 20.644624], [95.101748, 20.631507], [95.107979, 20.618488], [95.114445, 20.60557], [95.121142, 20.592758], [95.12807, 20.580055], [95.135226, 20.567465], [95.142608, 20.554992], [95.150213, 20.542639], [95.15804, 20.530409], [95.166087, 20.518307], [95.17435, 20.506335], [95.182828, 20.494498], [95.191517, 20.482799], [95.200416, 20.47124], [95.209522, 20.459826], [95.218832, 20.448559], [95.228343, 20.437444], [95.238053, 20.426482], [95.247958, 20.415678], [95.258056, 20.405034], [95.268344, 20.394553], [95.278819, 20.384239], [95.289478, 20.374094], [95.665206, 20.729917], [95.660849, 20.734076], [95.656569, 20.738305], [95.652368, 20.742603], [95.648248, 20.74697], [95.644208, 20.751403], [95.640252, 20.755903], [95.636379, 20.760466], [95.632591, 20.765092], [95.628889, 20.76978], [95.625275, 20.774527], [95.621749, 20.779333], [95.618313, 20.784196], [95.614967, 20.789115], [95.611713, 20.794088], [95.608551, 20.799113], [95.605483, 20.80419], [95.602509, 20.809315], [95.599631, 20.814489], [95.596849, 20.81971], [95.594164, 20.824975], [95.591577, 20.830283], [95.589089, 20.835633], [95.586701, 20.841023], [95.584412, 20.846451], [95.582225, 20.851916], [95.580139, 20.857416], [95.578156, 20.862949], [95.576275, 20.868514], [95.574498, 20.874109], [95.572825, 20.879732], [95.571257, 20.885382], [95.569793, 20.891057], [95.568435, 20.896754], [95.567183, 20.902474], [95.566037, 20.908212], [95.564998, 20.913969], [95.564066, 20.919742], [95.563242, 20.925529], [95.562525, 20.931329], [95.561915, 20.93714], [95.561414, 20.94296], [95.561021, 20.948787], [95.560736, 20.954619], [95.560559, 20.960456], [95.560492, 20.966294]]]]}}, {"type": "Feature", "properties": {"type": "R", "designator": "19C", "name": "TAUNGOO", "lower": "90 STD", "upper": "150 STD", "activity_note": "", "restriction": "", "hazard": "", "remarks": ""}, "geometry": {"type": "MultiPolygon", "coordinates": [[[[95.566667, 18.8], [95.566667, 18.3], [96.233333, 18.3], [96.233333, 18.8], [95.566667, 18.8]]]]}}, {"type": "Feature", "properties": {"type": "D", "designator": "24", "name": "KUNGYANGONE AREA", "lower": "8000 MSL", "upper": "240 STD", "activity_note": "", "restriction": "", "hazard": "", "remarks": ""}, "geometry": {"type": "MultiPolygon", "coordinates": [[[[95.913364, 16.452136], [95.716667, 16.1], [96.116667, 16.316667], [96.133239, 16.405214], [96.12451, 16.405284], [96.115784, 16.405496], [96.107063, 16.405848], [96.098349, 16.406341], [96.089644, 16.406975], [96.080952, 16.40775], [96.072275, 16.408665], [96.063615, 16.40972], [96.054974, 16.410914], [96.046354, 16.412249], [96.03776, 16.413722], [96.029192, 16.415334], [96.020653, 16.417084], [96.012145, 16.418972], [96.003671, 16.420997], [95.995234, 16.423158], [95.986835, 16.425456], [95.978477, 16.427889], [95.970162, 16.430456], [95.961893, 16.433158], [95.953672, 16.435993], [95.945501, 16.43896], [95.937382, 16.442059], [95.929318, 16.445288], [95.921311, 16.448648], [95.913364, 16.452136]]]]}}, {"type": "Feature", "properties": {"type": "R", "designator": "45B", "name": "MAGWAY", "lower": "3300 SFC", "upper": "230 STD", "activity_note": "", "restriction": "", "hazard": "", "remarks": ""}, "geometry": {"type": "MultiPolygon", "coordinates": [[[[94.708278, 20.953253], [94.693466, 20.94884], [94.678739, 20.944184], [94.664102, 20.939287], [94.649559, 20.934149], [94.635115, 20.928772], [94.620774, 20.923158], [94.606541, 20.917308], [94.592419, 20.911225], [94.578414, 20.90491], [94.564529, 20.898366], [94.550769, 20.891593], [94.537138, 20.884595], [94.523641, 20.877373], [94.510281, 20.86993], [94.497063, 20.862267], [94.48399, 20.854389], [94.471067, 20.846296], [94.458297, 20.837991], [94.445685, 20.829477], [94.433235, 20.820756], [94.420949, 20.811832], [94.408833, 20.802707], [94.396889, 20.793383], [94.740475, 20.409733], [94.745248, 20.413454], [94.750091, 20.417095], [94.755, 20.420656], [94.759974, 20.424135], [94.765013, 20.427532], [94.770113, 20.430845], [94.775275, 20.434074], [94.780496, 20.437217], [94.785774, 20.440273], [94.791108, 20.443243], [94.796497, 20.446123], [94.801938, 20.448915], [94.807431, 20.451616], [94.812972, 20.454227], [94.818562, 20.456745], [94.824197, 20.459172], [94.829877, 20.461505], [94.835599, 20.463744], [94.841362, 20.465888], [94.847164, 20.467937], [94.853003, 20.46989], [94.858878, 20.471747], [94.864786, 20.473506], [94.708278, 20.953253]]]]}}, {"type": "Feature", "properties": {"type": "P", "designator": "31", "name": "PERLIAMENT AND PRESEDENTIAL HO", "lower": "GND SFC", "upper": "240 STD", "activity_note": "", "restriction": "", "hazard": "", "remarks": ""}, "geometry": {"type": "MultiPolygon", "coordinates": [[[[96.090944, 19.787056], [96.090944, 19.76125], [96.123917, 19.76125], [96.123917, 19.787056], [96.090944, 19.787056]]]]}}, {"type": "Feature", "properties": {"type": "R", "designator": "47", "name": "NAMSANG", "lower": "GND SFC", "upper": "115 STD", "activity_note": "", "restriction": "", "hazard": "", "remarks": ""}, "geometry": {"type": "MultiPolygon", "coordinates": [[[[97.861664, 20.772211], [97.859497, 20.770211], [97.857293, 20.768245], [97.855055, 20.766315], [97.852782, 20.764421], [97.850475, 20.762564], [97.848134, 20.760744], [97.845761, 20.758963], [97.843357, 20.757219], [97.84092, 20.755514], [97.838454, 20.753849], [97.835957, 20.752223], [97.833431, 20.750638], [97.830877, 20.749093], [97.828296, 20.74759], [97.825687, 20.746128], [97.823053, 20.744709], [97.820393, 20.743331], [97.817709, 20.741997], [97.815, 20.740706], [97.812269, 20.739459], [97.809516, 20.738255], [97.806741, 20.737096], [97.803945, 20.735982], [97.80113, 20.734913], [97.798296, 20.733889], [97.795444, 20.73291], [97.792574, 20.731978], [97.789688, 20.731091], [97.786786, 20.730252], [97.78387, 20.729458], [97.78094, 20.728712], [97.777996, 20.728013], [97.77504, 20.727361], [97.772073, 20.726757], [97.769096, 20.7262], [97.766108, 20.725692], [97.763112, 20.725231], [97.760108, 20.724818], [97.757097, 20.724454], [97.75408, 20.724138], [97.751058, 20.72387], [97.748031, 20.723651], [97.745001, 20.723481], [97.741968, 20.723359], [97.738933, 20.723286], [97.735897, 20.723261], [97.735897, 20.388697], [97.744984, 20.388771], [97.754068, 20.38899], [97.763148, 20.389354], [97.772219, 20.389864], [97.78128, 20.39052], [97.790327, 20.39132], [97.799359, 20.392266], [97.808373, 20.393357], [97.817365, 20.394592], [97.826335, 20.395971], [97.835278, 20.397494], [97.844192, 20.399161], [97.853075, 20.40097], [97.861924, 20.402921], [97.870737, 20.405014], [97.879511, 20.407248], [97.888243, 20.409623], [97.896932, 20.412137], [97.905574, 20.41479], [97.914167, 20.417582], [97.922708, 20.420511], [97.931196, 20.423577], [97.939627, 20.426779], [97.947999, 20.430115], [97.95631, 20.433585], [97.964557, 20.437188], [97.972739, 20.440923], [97.980851, 20.444788], [97.988893, 20.448784], [97.996862, 20.452907], [98.004756, 20.457158], [98.012572, 20.461535], [98.020307, 20.466037], [98.027961, 20.470662], [98.03553, 20.475409], [98.043012, 20.480277], [98.050406, 20.485265], [98.057709, 20.49037], [98.064918, 20.495592], [98.072033, 20.500929], [98.07905, 20.506379], [98.085968, 20.51194], [98.092785, 20.517612], [98.099498, 20.523393], [98.106106, 20.529281], [98.112608, 20.535272], [97.861664, 20.772211]]]]}}, {"type": "Feature", "properties": {"type": "R", "designator": "15", "name": "SHANTE", "lower": "100 STD", "upper": "150 STD", "activity_note": "", "restriction": "", "hazard": "", "remarks": ""}, "geometry": {"type": "MultiPolygon", "coordinates": [[[[95.761181, 21.790219], [95.745818, 21.787544], [95.730508, 21.784618], [95.715256, 21.781441], [95.700066, 21.778015], [95.684944, 21.77434], [95.669893, 21.770419], [95.654918, 21.766251], [95.640025, 21.761838], [95.625217, 21.757182], [95.610499, 21.752284], [95.595877, 21.747145], [95.581353, 21.741768], [95.566933, 21.736153], [95.552622, 21.730303], [95.538423, 21.724219], [95.524341, 21.717903], [95.51038, 21.711358], [95.496545, 21.704584], [95.48284, 21.697585], [95.469269, 21.690363], [95.455837, 21.682919], [95.442547, 21.675256], [95.429403, 21.667376], [95.41641, 21.659282], [95.403571, 21.650976], [95.390891, 21.642462], [95.378374, 21.63374], [95.366022, 21.624815], [95.353841, 21.615689], [95.341833, 21.606365], [95.330002, 21.596845], [95.318353, 21.587133], [95.306888, 21.577231], [95.295611, 21.567143], [95.284525, 21.556872], [95.664414, 21.203036], [95.668723, 21.207023], [95.673105, 21.21094], [95.677557, 21.214786], [95.682078, 21.218561], [95.686667, 21.222263], [95.691323, 21.225892], [95.696044, 21.229446], [95.700828, 21.232924], [95.705676, 21.236325], [95.710584, 21.239649], [95.715552, 21.242894], [95.720578, 21.246059], [95.725661, 21.249144], [95.730799, 21.252147], [95.735991, 21.255068], [95.741236, 21.257906], [95.746531, 21.26066], [95.751876, 21.263329], [95.757268, 21.265912], [95.762706, 21.26841], [95.768189, 21.27082], [95.773715, 21.273142], [95.779283, 21.275376], [95.78489, 21.277521], [95.790535, 21.279576], [95.796217, 21.281541], [95.801934, 21.283415], [95.807684, 21.285198], [95.813466, 21.286889], [95.819278, 21.288487], [95.825117, 21.289993], [95.830984, 21.291405], [95.836875, 21.292724], [95.842789, 21.293949], [95.848725, 21.295079], [95.854681, 21.296114], [95.761181, 21.790219]]]]}}, {"type": "Feature", "properties": {"type": "R", "designator": "47", "name": "NAMSANG", "lower": "GND SFC", "upper": "115 STD", "activity_note": "", "restriction": "", "hazard": "", "remarks": ""}, "geometry": {"type": "MultiPolygon", "coordinates": [[[[97.610131, 20.772211], [97.359186, 20.535272], [97.365688, 20.529281], [97.372296, 20.523393], [97.37901, 20.517612], [97.385826, 20.51194], [97.392744, 20.506379], [97.399762, 20.500929], [97.406876, 20.495592], [97.414086, 20.49037], [97.421388, 20.485265], [97.428782, 20.480277], [97.436264, 20.475409], [97.443834, 20.470662], [97.451487, 20.466037], [97.459223, 20.461535], [97.467039, 20.457158], [97.474932, 20.452907], [97.482901, 20.448784], [97.490943, 20.444788], [97.499056, 20.440923], [97.507237, 20.437188], [97.515484, 20.433585], [97.523795, 20.430115], [97.532168, 20.426779], [97.540599, 20.423577], [97.549086, 20.420511], [97.557628, 20.417582], [97.566221, 20.41479], [97.574862, 20.412137], [97.583551, 20.409623], [97.592283, 20.407248], [97.601057, 20.405014], [97.60987, 20.402921], [97.618719, 20.40097], [97.627603, 20.399161], [97.636517, 20.397494], [97.64546, 20.395971], [97.654429, 20.394592], [97.663422, 20.393357], [97.672435, 20.392266], [97.681467, 20.39132], [97.690515, 20.39052], [97.699576, 20.389864], [97.708647, 20.389354], [97.717726, 20.38899], [97.72681, 20.388771], [97.735897, 20.388697], [97.735897, 20.723261], [97.732862, 20.723286], [97.729827, 20.723359], [97.726794, 20.723481], [97.723763, 20.723651], [97.720737, 20.72387], [97.717714, 20.724138], [97.714697, 20.724454], [97.711686, 20.724818], [97.708682, 20.725231], [97.705686, 20.725692], [97.702699, 20.7262], [97.699721, 20.726757], [97.696754, 20.727361], [97.693798, 20.728013], [97.690855, 20.728712], [97.687924, 20.729458], [97.685008, 20.730252], [97.682106, 20.731091], [97.67922, 20.731978], [97.676351, 20.73291], [97.673498, 20.733889], [97.670664, 20.734913], [97.667849, 20.735982], [97.665054, 20.737096], [97.662279, 20.738255], [97.659525, 20.739459], [97.656794, 20.740706], [97.654086, 20.741997], [97.651401, 20.743331], [97.648742, 20.744709], [97.646107, 20.746128], [97.643499, 20.74759], [97.640917, 20.749093], [97.638363, 20.750638], [97.635837, 20.752223], [97.633341, 20.753849], [97.630874, 20.755514], [97.628438, 20.757219], [97.626033, 20.758963], [97.62366, 20.760744], [97.62132, 20.762564], [97.619013, 20.764421], [97.616739, 20.766315], [97.614501, 20.768245], [97.612298, 20.770211], [97.610131, 20.772211]]]]}}, {"type": "Feature", "properties": {"type": "R", "designator": "54", "name": "HOMMALINN", "lower": "GND SFC", "upper": "100 STD", "activity_note": "", "restriction": "", "hazard": "", "remarks": ""}, "geometry": {"type": "MultiPolygon", "coordinates": [[[[95.304219, 25.253003], [95.043989, 25.017019], [95.046183, 25.014982], [95.048339, 25.012911], [95.050455, 25.010806], [95.052531, 25.008669], [95.054567, 25.006499], [95.056562, 25.004299], [95.058516, 25.002067], [95.060427, 24.999806], [95.062295, 24.997515], [95.064121, 24.995195], [95.065902, 24.992847], [95.067639, 24.990472], [95.069332, 24.98807], [95.070979, 24.985642], [95.07258, 24.983189], [95.074135, 24.980711], [95.075643, 24.978209], [95.077104, 24.975684], [95.078518, 24.973137], [95.079884, 24.970568], [95.081201, 24.967979], [95.082469, 24.965369], [95.083689, 24.962739], [95.084859, 24.960092], [95.085979, 24.957426], [95.087049, 24.954743], [95.088068, 24.952044], [95.089037, 24.94933], [95.089955, 24.946601], [95.090821, 24.943858], [95.091636, 24.941101], [95.0924, 24.938333], [95.093111, 24.935553], [95.09377, 24.932762], [95.094376, 24.929962], [95.094931, 24.927152], [95.095432, 24.924335], [95.09588, 24.92151], [95.096276, 24.918678], [95.096619, 24.915841], [95.096908, 24.912998], [95.097144, 24.910152], [95.097327, 24.907302], [95.097456, 24.90445], [95.097532, 24.901596], [95.097556, 24.898742], [95.464167, 24.897842], [95.464124, 24.906405], [95.463921, 24.914967], [95.463558, 24.923524], [95.463035, 24.932074], [95.462352, 24.940615], [95.461509, 24.949144], [95.460506, 24.957659], [95.459344, 24.966156], [95.458023, 24.974635], [95.456543, 24.983091], [95.454904, 24.991524], [95.453108, 24.999929], [95.451154, 25.008305], [95.449043, 25.01665], [95.446776, 25.024961], [95.444353, 25.033235], [95.441775, 25.04147], [95.439042, 25.049663], [95.436157, 25.057813], [95.433118, 25.065917], [95.429928, 25.073972], [95.426586, 25.081977], [95.423095, 25.089928], [95.419455, 25.097824], [95.415666, 25.105662], [95.411731, 25.113439], [95.40765, 25.121155], [95.403425, 25.128805], [95.399056, 25.136389], [95.394545, 25.143904], [95.389893, 25.151347], [95.385101, 25.158716], [95.380172, 25.16601], [95.375105, 25.173226], [95.369904, 25.180363], [95.364568, 25.187417], [95.359101, 25.194387], [95.353503, 25.201271], [95.347776, 25.208066], [95.341922, 25.214772], [95.335942, 25.221385], [95.329838, 25.227904], [95.323612, 25.234328], [95.317265, 25.240653], [95.3108, 25.246878], [95.304219, 25.253003]]]]}}, {"type": "Feature", "properties": {"type": "R", "designator": "53", "name": "PATHEIN", "lower": "150 STD", "upper": "360 STD", "activity_note": "", "restriction": "", "hazard": "", "remarks": ""}, "geometry": {"type": "MultiPolygon", "coordinates": [[[[94.3, 18.05], [94.05, 16.7], [94.4, 16.616667], [94.65, 17.983333], [94.3, 18.05]]]]}}, {"type": "Feature", "properties": {"type": "R", "designator": "47", "name": "NAMSANG", "lower": "GND SFC", "upper": "115 STD", "activity_note": "", "restriction": "", "hazard": "", "remarks": ""}, "geometry": {"type": "MultiPolygon", "coordinates": [[[[97.735897, 21.39235], [97.735897, 21.057814], [97.73894, 21.057788], [97.741981, 21.057715], [97.745021, 21.057593], [97.748058, 21.057422], [97.751091, 21.057203], [97.75412, 21.056935], [97.757144, 21.056618], [97.760162, 21.056253], [97.763172, 21.055839], [97.766174, 21.055378], [97.769168, 21.054868], [97.772152, 21.05431], [97.775125, 21.053705], [97.778087, 21.053051], [97.781036, 21.052351], [97.783973, 21.051603], [97.786895, 21.050808], [97.789802, 21.049966], [97.792693, 21.049078], [97.795568, 21.048144], [97.798426, 21.047163], [97.801265, 21.046137], [97.804085, 21.045066], [97.806885, 21.043949], [97.809664, 21.042788], [97.812422, 21.041582], [97.815157, 21.040332], [97.81787, 21.039039], [97.820558, 21.037702], [97.823221, 21.036322], [97.825859, 21.0349], [97.828471, 21.033435], [97.831056, 21.031929], [97.833612, 21.030382], [97.836141, 21.028794], [97.83864, 21.027165], [97.841108, 21.025497], [97.843547, 21.023789], [97.845953, 21.022042], [97.848328, 21.020257], [97.850669, 21.018435], [97.852977, 21.016575], [97.855251, 21.014678], [97.85749, 21.012745], [97.859694, 21.010776], [97.861861, 21.008772], [98.114381, 21.244956], [98.107734, 21.25111], [98.100972, 21.257153], [98.094098, 21.263084], [98.087114, 21.268902], [98.080023, 21.274604], [98.072825, 21.280189], [98.065525, 21.285656], [98.058123, 21.291001], [98.050622, 21.296225], [98.043025, 21.301324], [98.035333, 21.306299], [98.027549, 21.311146], [98.019676, 21.315865], [98.011715, 21.320454], [98.00367, 21.324912], [97.995542, 21.329237], [97.987335, 21.333428], [97.97905, 21.337484], [97.970691, 21.341404], [97.962259, 21.345185], [97.953758, 21.348828], [97.94519, 21.352331], [97.936557, 21.355693], [97.927863, 21.358913], [97.91911, 21.36199], [97.910301, 21.364922], [97.901437, 21.36771], [97.892523, 21.370352], [97.883561, 21.372848], [97.874553, 21.375196], [97.865503, 21.377396], [97.856413, 21.379447], [97.847286, 21.381348], [97.838124, 21.3831], [97.828931, 21.384702], [97.819709, 21.386152], [97.810462, 21.387451], [97.801192, 21.388598], [97.791901, 21.389592], [97.782594, 21.390434], [97.773272, 21.391124], [97.763938, 21.39166], [97.754596, 21.392044], [97.745248, 21.392274], [97.735897, 21.39235]]]]}}, {"type": "Feature", "properties": {"type": "R", "designator": "18", "name": "TAUNGOO", "lower": "GND SFC", "upper": "7000 MSL", "activity_note": "", "restriction": "", "hazard": "", "remarks": ""}, "geometry": {"type": "MultiPolygon", "coordinates": [[[[96.401214, 19.031281], [96.401214, 18.529336], [96.410397, 18.529412], [96.419578, 18.529641], [96.428754, 18.530022], [96.43792, 18.530555], [96.447076, 18.53124], [96.456218, 18.532077], [96.465344, 18.533066], [96.47445, 18.534206], [96.483534, 18.535497], [96.492593, 18.536939], [96.501624, 18.538531], [96.510625, 18.540273], [96.519593, 18.542163], [96.528526, 18.544202], [96.53742, 18.54639], [96.546273, 18.548724], [96.555081, 18.551205], [96.563844, 18.553832], [96.572557, 18.556604], [96.581219, 18.55952], [96.589826, 18.56258], [96.598376, 18.565782], [96.606867, 18.569125], [96.615296, 18.572609], [96.62366, 18.576232], [96.631956, 18.579993], [96.640183, 18.583892], [96.648338, 18.587926], [96.656418, 18.592096], [96.664421, 18.596398], [96.672344, 18.600833], [96.680186, 18.605399], [96.687943, 18.610094], [96.695613, 18.614918], [96.703194, 18.619868], [96.710684, 18.624943], [96.718081, 18.630141], [96.725381, 18.635462], [96.732584, 18.640902], [96.739686, 18.646462], [96.746686, 18.652139], [96.753581, 18.657931], [96.76037, 18.663836], [96.76705, 18.669853], [96.773619, 18.675981], [96.401214, 19.031281]]]]}}, {"type": "Feature", "properties": {"type": "R", "designator": "54", "name": "HOMMALINN", "lower": "GND SFC", "upper": "100 STD", "activity_note": "", "restriction": "", "hazard": "", "remarks": ""}, "geometry": {"type": "MultiPolygon", "coordinates": [[[[95.043742, 24.780578], [95.041511, 24.778578], [95.039242, 24.776613], [95.036937, 24.774685], [95.034596, 24.772792], [95.03222, 24.770937], [95.02981, 24.769118], [95.027367, 24.767337], [95.02489, 24.765595], [95.022382, 24.763891], [95.019841, 24.762227], [95.017271, 24.760603], [95.01467, 24.759019], [95.01204, 24.757475], [95.009382, 24.755973], [95.006696, 24.754512], [95.003983, 24.753093], [95.001245, 24.751717], [94.99848, 24.750384], [94.995692, 24.749094], [94.99288, 24.747847], [94.990045, 24.746645], [94.987188, 24.745487], [94.984309, 24.744373], [94.981411, 24.743305], [94.978493, 24.742281], [94.975556, 24.741304], [94.972601, 24.740372], [94.96963, 24.739486], [94.966642, 24.738647], [94.963639, 24.737854], [94.960622, 24.737109], [94.957592, 24.73641], [94.954548, 24.735759], [94.951493, 24.735155], [94.948428, 24.734599], [94.945352, 24.73409], [94.942267, 24.73363], [94.939175, 24.733218], [94.936074, 24.732854], [94.932968, 24.732538], [94.929856, 24.732271], [94.92674, 24.732052], [94.92362, 24.731881], [94.920497, 24.73176], [94.917373, 24.731687], [94.914247, 24.731661], [94.914247, 24.397264], [94.923599, 24.397338], [94.932947, 24.397556], [94.94229, 24.39792], [94.951625, 24.39843], [94.96095, 24.399085], [94.970261, 24.399884], [94.979556, 24.400829], [94.988832, 24.401919], [94.998086, 24.403152], [95.007316, 24.40453], [95.01652, 24.406051], [95.025694, 24.407715], [95.034836, 24.409522], [95.043943, 24.411471], [95.053013, 24.413562], [95.062043, 24.415793], [95.07103, 24.418165], [95.079972, 24.420676], [95.088866, 24.423327], [95.09771, 24.426115], [95.106501, 24.429041], [95.115237, 24.432103], [95.123915, 24.435301], [95.132532, 24.438633], [95.141087, 24.442099], [95.149576, 24.445698], [95.157997, 24.449429], [95.166347, 24.45329], [95.174625, 24.457281], [95.182828, 24.4614], [95.190954, 24.465646], [95.199, 24.470018], [95.206963, 24.474515], [95.214842, 24.479135], [95.222634, 24.483877], [95.230338, 24.48874], [95.23795, 24.493722], [95.245468, 24.498822], [95.252891, 24.504038], [95.260216, 24.509369], [95.267442, 24.514813], [95.274565, 24.520369], [95.281584, 24.526035], [95.288497, 24.53181], [95.295302, 24.537692], [95.301997, 24.543678], [95.043742, 24.780578]]]]}}, {"type": "Feature", "properties": {"type": "R", "designator": "16", "name": "SHANTE", "lower": "330 STD", "upper": "UNL STD", "activity_note": "", "restriction": "", "hazard": "", "remarks": ""}, "geometry": {"type": "MultiPolygon", "coordinates": [[[[95.996444, 21.151], [95.363167, 21.150972], [95.363222, 19.334444], [95.996472, 19.334472], [95.996444, 21.151]]]]}}, {"type": "Feature", "properties": {"type": "R", "designator": "17", "name": "NAMPONG", "lower": "GND SFC", "upper": "100 STD", "activity_note": "", "restriction": "", "hazard": "", "remarks": ""}, "geometry": {"type": "MultiPolygon", "coordinates": [[[[97.153364, 25.231728], [96.894181, 24.994833], [96.901051, 24.988716], [96.908036, 24.982708], [96.915135, 24.976812], [96.922344, 24.971029], [96.929663, 24.965362], [96.937089, 24.959811], [96.944619, 24.954379], [96.952251, 24.949067], [96.959983, 24.943878], [96.967812, 24.938811], [96.975737, 24.933869], [96.983754, 24.929054], [96.991862, 24.924367], [97.000057, 24.919809], [97.008338, 24.915382], [97.016702, 24.911087], [97.025146, 24.906925], [97.033668, 24.902897], [97.042266, 24.899005], [97.050936, 24.895251], [97.059675, 24.891634], [97.068483, 24.888156], [97.077355, 24.884819], [97.086289, 24.881623], [97.095282, 24.878569], [97.104332, 24.875658], [97.113436, 24.872891], [97.122591, 24.870269], [97.131794, 24.867792], [97.141043, 24.865462], [97.150335, 24.863279], [97.159667, 24.861243], [97.169036, 24.859356], [97.178439, 24.857618], [97.187875, 24.856029], [97.197338, 24.85459], [97.206828, 24.853301], [97.216341, 24.852163], [97.225874, 24.851176], [97.235424, 24.850341], [97.244988, 24.849657], [97.254565, 24.849125], [97.264149, 24.848744], [97.27374, 24.848516], [97.283333, 24.848439], [97.283333, 25.182817], [97.280196, 25.182841], [97.277061, 25.182914], [97.273926, 25.183036], [97.270795, 25.183206], [97.267667, 25.183425], [97.264544, 25.183692], [97.261426, 25.184008], [97.258315, 25.184372], [97.255211, 25.184784], [97.252115, 25.185245], [97.249028, 25.185753], [97.245951, 25.186309], [97.242885, 25.186913], [97.239831, 25.187564], [97.236789, 25.188263], [97.233761, 25.189009], [97.230747, 25.189801], [97.227748, 25.19064], [97.224766, 25.191526], [97.221801, 25.192458], [97.218853, 25.193435], [97.215924, 25.194458], [97.213015, 25.195527], [97.210126, 25.19664], [97.207259, 25.197798], [97.204413, 25.199001], [97.201591, 25.200247], [97.198792, 25.201537], [97.196018, 25.20287], [97.193269, 25.204246], [97.190546, 25.205665], [97.187851, 25.207125], [97.185183, 25.208628], [97.182543, 25.210171], [97.179933, 25.211755], [97.177353, 25.213379], [97.174803, 25.215043], [97.172286, 25.216747], [97.1698, 25.218489], [97.167347, 25.22027], [97.164928, 25.222088], [97.162544, 25.223944], [97.160195, 25.225836], [97.157881, 25.227765], [97.155604, 25.229729], [97.153364, 25.231728]]]]}}, {"type": "Feature", "properties": {"type": "R", "designator": "20", "name": "MYEIK", "lower": "80 STD", "upper": "130 STD", "activity_note": "", "restriction": "", "hazard": "", "remarks": ""}, "geometry": {"type": "MultiPolygon", "coordinates": [[[[98.500714, 12.321689], [98.0202, 11.847536], [98.030569, 11.837539], [98.041109, 11.827718], [98.051816, 11.818075], [98.062689, 11.808613], [98.073723, 11.799334], [98.084915, 11.790243], [98.096263, 11.78134], [98.107763, 11.772629], [98.119411, 11.764112], [98.131204, 11.755792], [98.143139, 11.747671], [98.155212, 11.739751], [98.16742, 11.732035], [98.17976, 11.724525], [98.192226, 11.717224], [98.204817, 11.710132], [98.217529, 11.703253], [98.230357, 11.696588], [98.243298, 11.690139], [98.256348, 11.683908], [98.269503, 11.677897], [98.282761, 11.672108], [98.296116, 11.666542], [98.309565, 11.661201], [98.323104, 11.656087], [98.336729, 11.6512], [98.350436, 11.646543], [98.364222, 11.642116], [98.378082, 11.637922], [98.392012, 11.63396], [98.406008, 11.630233], [98.420066, 11.626741], [98.434183, 11.623486], [98.448353, 11.620468], [98.462573, 11.617688], [98.47684, 11.615147], [98.491147, 11.612846], [98.505493, 11.610786], [98.519872, 11.608966], [98.53428, 11.607388], [98.548713, 11.606052], [98.563167, 11.604959], [98.577637, 11.604108], [98.592121, 11.6035], [98.606612, 11.603135], [98.621108, 11.603014], [98.621108, 12.272683], [98.618137, 12.272708], [98.615167, 12.272784], [98.612199, 12.272912], [98.609234, 12.27309], [98.606272, 12.273319], [98.603314, 12.273599], [98.600362, 12.273929], [98.597417, 12.27431], [98.594478, 12.274742], [98.591548, 12.275224], [98.588626, 12.275756], [98.585715, 12.276338], [98.582814, 12.27697], [98.579925, 12.277652], [98.577048, 12.278383], [98.574185, 12.279163], [98.571336, 12.279993], [98.568502, 12.280871], [98.565684, 12.281797], [98.562883, 12.282772], [98.5601, 12.283795], [98.557336, 12.284865], [98.55459, 12.285982], [98.551865, 12.287147], [98.549161, 12.288358], [98.546479, 12.289615], [98.543819, 12.290918], [98.541183, 12.292266], [98.538572, 12.29366], [98.535985, 12.295098], [98.533425, 12.29658], [98.530891, 12.298106], [98.528384, 12.299675], [98.525906, 12.301286], [98.523456, 12.30294], [98.521037, 12.304636], [98.518647, 12.306373], [98.516289, 12.308151], [98.513963, 12.309969], [98.511669, 12.311827], [98.509409, 12.313723], [98.507182, 12.315659], [98.504991, 12.317632], [98.502834, 12.319642], [98.500714, 12.321689]]]]}}, {"type": "Feature", "properties": {"type": "R", "designator": "49", "name": "NAMSANG", "lower": "2000 SFC", "upper": "150 STD", "activity_note": "", "restriction": "", "hazard": "", "remarks": ""}, "geometry": {"type": "MultiPolygon", "coordinates": [[[[97.766667, 20.633333], [97.766667, 20.15], [98.4, 20.15], [98.4, 20.633333], [97.766667, 20.633333]]]]}}, {"type": "Feature", "properties": {"type": "R", "designator": "42", "name": "MAGWAY", "lower": "GND SFC", "upper": "100 STD", "activity_note": "", "restriction": "", "hazard": "", "remarks": ""}, "geometry": {"type": "MultiPolygon", "coordinates": [[[[94.968586, 20.655439], [94.968586, 20.320872], [94.971681, 20.320846], [94.974775, 20.320769], [94.977867, 20.320642], [94.980957, 20.320463], [94.984042, 20.320234], [94.987123, 20.319954], [94.990198, 20.319623], [94.993266, 20.319242], [94.996327, 20.31881], [94.99938, 20.318327], [95.002423, 20.317795], [95.005456, 20.317212], [95.008477, 20.316579], [95.011487, 20.315897], [95.014483, 20.315165], [95.017465, 20.314384], [95.020432, 20.313554], [95.023384, 20.312675], [95.026318, 20.311748], [95.029235, 20.310772], [95.032134, 20.309749], [95.035013, 20.308678], [95.037872, 20.307559], [95.040709, 20.306394], [95.043525, 20.305182], [95.046317, 20.303924], [95.049086, 20.30262], [95.051831, 20.30127], [95.05455, 20.299876], [95.057242, 20.298437], [95.059908, 20.296954], [95.062545, 20.295427], [95.065154, 20.293857], [95.067734, 20.292244], [95.070283, 20.290589], [95.072801, 20.288892], [95.075287, 20.287153], [95.077741, 20.285375], [95.080162, 20.283555], [95.082548, 20.281697], [95.084899, 20.279799], [95.087215, 20.277863], [95.089495, 20.275889], [95.091738, 20.273878], [95.093944, 20.271831], [95.345231, 20.508047], [95.338759, 20.514067], [95.332179, 20.519983], [95.325493, 20.525791], [95.318702, 20.531491], [95.311808, 20.53708], [95.304813, 20.542558], [95.297719, 20.547922], [95.290529, 20.55317], [95.283244, 20.558302], [95.275867, 20.563316], [95.2684, 20.56821], [95.260844, 20.572983], [95.253203, 20.577634], [95.245477, 20.582161], [95.237671, 20.586562], [95.229785, 20.590837], [95.221823, 20.594984], [95.213786, 20.599002], [95.205677, 20.60289], [95.197498, 20.606647], [95.189252, 20.610271], [95.180941, 20.613762], [95.172568, 20.617119], [95.164135, 20.62034], [95.155644, 20.623424], [95.147098, 20.626371], [95.138499, 20.62918], [95.129851, 20.63185], [95.121155, 20.63438], [95.112414, 20.636769], [95.103631, 20.639017], [95.094808, 20.641124], [95.085948, 20.643087], [95.077054, 20.644908], [95.068127, 20.646585], [95.059172, 20.648117], [95.050189, 20.649505], [95.041183, 20.650749], [95.032155, 20.651846], [95.023109, 20.652798], [95.014046, 20.653604], [95.00497, 20.654264], [94.995884, 20.654777], [94.986789, 20.655144], [94.977689, 20.655364], [94.968586, 20.655439]]]]}}, {"type": "Feature", "properties": {"type": "R", "designator": "51A", "name": "NAMPONG", "lower": "3300 SFC", "upper": "140 STD", "activity_note": "", "restriction": "", "hazard": "", "remarks": ""}, "geometry": {"type": "MultiPolygon", "coordinates": [[[[97.083333, 26.0], [97.083333, 25.5], [97.75, 25.5], [97.95, 26.0], [97.083333, 26.0]]]]}}, {"type": "Feature", "properties": {"type": "R", "designator": "42", "name": "MAGWAY", "lower": "GND SFC", "upper": "100 STD", "activity_note": "", "restriction": "", "hazard": "", "remarks": ""}, "geometry": {"type": "MultiPolygon", "coordinates": [[[[94.791439, 20.153494], [94.437144, 20.152781], [94.43725, 20.144213], [94.437511, 20.135647], [94.437927, 20.127088], [94.438498, 20.118536], [94.439223, 20.109995], [94.440102, 20.101467], [94.441135, 20.092954], [94.442322, 20.084459], [94.443662, 20.075984], [94.445155, 20.067532], [94.4468, 20.059105], [94.448597, 20.050707], [94.450545, 20.042338], [94.452643, 20.034002], [94.454892, 20.025701], [94.457291, 20.017438], [94.459837, 20.009214], [94.462532, 20.001032], [94.465374, 19.992896], [94.468362, 19.984806], [94.471496, 19.976765], [94.474774, 19.968777], [94.478195, 19.960842], [94.481759, 19.952964], [94.485464, 19.945144], [94.489309, 19.937385], [94.493294, 19.929689], [94.497416, 19.922058], [94.501675, 19.914495], [94.50607, 19.907002], [94.510599, 19.899581], [94.515261, 19.892234], [94.520054, 19.884963], [94.524977, 19.87777], [94.530029, 19.870658], [94.535208, 19.863628], [94.540513, 19.856683], [94.545942, 19.849824], [94.551493, 19.843054], [94.557165, 19.836374], [94.562957, 19.829787], [94.568866, 19.823294], [94.574891, 19.816897], [94.581029, 19.810599], [94.58728, 19.8044], [94.593642, 19.798303], [94.843417, 20.035247], [94.84125, 20.037328], [94.839121, 20.039445], [94.837032, 20.041596], [94.834983, 20.043781], [94.832975, 20.046], [94.831008, 20.048251], [94.829082, 20.050535], [94.827199, 20.052849], [94.825359, 20.055195], [94.823563, 20.05757], [94.82181, 20.059975], [94.820103, 20.062409], [94.81844, 20.06487], [94.816823, 20.067358], [94.815252, 20.069872], [94.813728, 20.072412], [94.812251, 20.074977], [94.810822, 20.077565], [94.80944, 20.080177], [94.808107, 20.082811], [94.806823, 20.085467], [94.805588, 20.088143], [94.804402, 20.090839], [94.803267, 20.093555], [94.802182, 20.096289], [94.801147, 20.09904], [94.800163, 20.101808], [94.799231, 20.104592], [94.79835, 20.10739], [94.797521, 20.110203], [94.796744, 20.113029], [94.796019, 20.115867], [94.795347, 20.118717], [94.794728, 20.121578], [94.794161, 20.124448], [94.793648, 20.127327], [94.793188, 20.130214], [94.792781, 20.133108], [94.792428, 20.136009], [94.792128, 20.138915], [94.791883, 20.141825], [94.791691, 20.144739], [94.791552, 20.147656], [94.791468, 20.150575], [94.791439, 20.153494]]]]}}, {"type": "Feature", "properties": {"type": "R", "designator": "20", "name": "MYEIK", "lower": "GND SFC", "upper": "90 STD", "activity_note": "", "restriction": "", "hazard": "", "remarks": ""}, "geometry": {"type": "MultiPolygon", "coordinates": [[[[98.79145, 12.440042], [98.791423, 12.437183], [98.791347, 12.434326], [98.791221, 12.43147], [98.791045, 12.428617], [98.79082, 12.425767], [98.790546, 12.422922], [98.790222, 12.420081], [98.789849, 12.417247], [98.789426, 12.414418], [98.788955, 12.411598], [98.788434, 12.408786], [98.787865, 12.405983], [98.787248, 12.403189], [98.786581, 12.400407], [98.785867, 12.397636], [98.785105, 12.394878], [98.784295, 12.392133], [98.783437, 12.389401], [98.782532, 12.386685], [98.78158, 12.383984], [98.780581, 12.3813], [98.779536, 12.378632], [98.778445, 12.375983], [98.777308, 12.373352], [98.776125, 12.370741], [98.774897, 12.36815], [98.773624, 12.36558], [98.772307, 12.363032], [98.770946, 12.360506], [98.769542, 12.358003], [98.768094, 12.355525], [98.766603, 12.353071], [98.76507, 12.350642], [98.763495, 12.348239], [98.761878, 12.345863], [98.760221, 12.343515], [98.758522, 12.341195], [98.756784, 12.338904], [98.755007, 12.336642], [98.75319, 12.33441], [98.751335, 12.332209], [98.749442, 12.33004], [98.747512, 12.327902], [98.745545, 12.325798], [98.743542, 12.323726], [98.741503, 12.321689], [98.981972, 12.084719], [98.988224, 12.090963], [98.994364, 12.097313], [99.000391, 12.103768], [99.006303, 12.110324], [99.012097, 12.116982], [99.017774, 12.123737], [99.023329, 12.130589], [99.028763, 12.137535], [99.034073, 12.144574], [99.039258, 12.151702], [99.044316, 12.158918], [99.049245, 12.16622], [99.054044, 12.173605], [99.058712, 12.181071], [99.063246, 12.188617], [99.067647, 12.196239], [99.071912, 12.203935], [99.07604, 12.211703], [99.080029, 12.219541], [99.08388, 12.227446], [99.087589, 12.235416], [99.091157, 12.243449], [99.094582, 12.251541], [99.097864, 12.259691], [99.101, 12.267896], [99.10399, 12.276153], [99.106834, 12.284461], [99.10953, 12.292815], [99.112077, 12.301215], [99.114475, 12.309658], [99.116723, 12.31814], [99.11882, 12.326659], [99.120766, 12.335213], [99.12256, 12.3438], [99.124201, 12.352415], [99.125689, 12.361058], [99.127024, 12.369724], [99.128204, 12.378412], [99.129231, 12.38712], [99.130102, 12.395843], [99.130819, 12.40458], [99.13138, 12.413328], [99.131787, 12.422084], [99.132037, 12.430846], [99.132133, 12.439611], [98.79145, 12.440042]]]]}}, {"type": "Feature", "properties": {"type": "R", "designator": "17", "name": "NAMPONG", "lower": "GND SFC", "upper": "100 STD", "activity_note": "", "restriction": "", "hazard": "", "remarks": ""}, "geometry": {"type": "MultiPolygon", "coordinates": [[[[97.283333, 25.851525], [97.283333, 25.517178], [97.286479, 25.517155], [97.289623, 25.517082], [97.292766, 25.51696], [97.295906, 25.516789], [97.299042, 25.516569], [97.302174, 25.516301], [97.3053, 25.515985], [97.30842, 25.51562], [97.311532, 25.515206], [97.314636, 25.514745], [97.317731, 25.514235], [97.320816, 25.513678], [97.32389, 25.513072], [97.326952, 25.512419], [97.330002, 25.511719], [97.333037, 25.510971], [97.336058, 25.510177], [97.339064, 25.509335], [97.342053, 25.508447], [97.345026, 25.507513], [97.34798, 25.506533], [97.350915, 25.505508], [97.35383, 25.504436], [97.356725, 25.50332], [97.359598, 25.502159], [97.362449, 25.500954], [97.365277, 25.499704], [97.368081, 25.498411], [97.37086, 25.497075], [97.373614, 25.495696], [97.376341, 25.494274], [97.379041, 25.49281], [97.381712, 25.491304], [97.384355, 25.489757], [97.386969, 25.48817], [97.389552, 25.486542], [97.392104, 25.484874], [97.394625, 25.483167], [97.397112, 25.481421], [97.399567, 25.479637], [97.401987, 25.477814], [97.404373, 25.475955], [97.406724, 25.474059], [97.409038, 25.472127], [97.411315, 25.470159], [97.413556, 25.468156], [97.674764, 25.704114], [97.668043, 25.710135], [97.661209, 25.71605], [97.654264, 25.721859], [97.64721, 25.727559], [97.640049, 25.733148], [97.632783, 25.738626], [97.625414, 25.743991], [97.617944, 25.74924], [97.610376, 25.754372], [97.602711, 25.759387], [97.594952, 25.764281], [97.587102, 25.769055], [97.579162, 25.773706], [97.571135, 25.778233], [97.563023, 25.782635], [97.554829, 25.786911], [97.546555, 25.791059], [97.538203, 25.795078], [97.529776, 25.798967], [97.521276, 25.802724], [97.512707, 25.806349], [97.504069, 25.80984], [97.495367, 25.813198], [97.486602, 25.816419], [97.477777, 25.819504], [97.468894, 25.822452], [97.459957, 25.825261], [97.450968, 25.827932], [97.441929, 25.830462], [97.432844, 25.832852], [97.423715, 25.835101], [97.414544, 25.837208], [97.405334, 25.839172], [97.396088, 25.840993], [97.386809, 25.84267], [97.3775, 25.844204], [97.368163, 25.845592], [97.3588, 25.846835], [97.349416, 25.847933], [97.340012, 25.848886], [97.330591, 25.849692], [97.321156, 25.850352], [97.31171, 25.850865], [97.302256, 25.851232], [97.292796, 25.851453], [97.283333, 25.851525]]]]}}, {"type": "Feature", "properties": {"type": "R", "designator": "47", "name": "NAMSANG", "lower": "GND SFC", "upper": "115 STD", "activity_note": "", "restriction": "", "hazard": "", "remarks": ""}, "geometry": {"type": "MultiPolygon", "coordinates": [[[[98.114381, 21.244956], [97.861861, 21.008772], [97.864038, 21.006688], [97.866176, 21.004569], [97.868275, 21.002415], [97.870333, 21.000227], [97.87235, 20.998005], [97.874325, 20.995751], [97.876258, 20.993465], [97.878149, 20.991147], [97.879995, 20.988799], [97.881798, 20.98642], [97.883557, 20.984013], [97.88527, 20.981577], [97.886937, 20.979113], [97.888559, 20.976623], [97.890134, 20.974106], [97.891662, 20.971564], [97.893142, 20.968997], [97.894575, 20.966406], [97.895959, 20.963792], [97.897294, 20.961156], [97.89858, 20.958498], [97.899817, 20.955819], [97.901003, 20.953121], [97.902139, 20.950404], [97.903224, 20.947668], [97.904259, 20.944915], [97.905242, 20.942146], [97.906173, 20.939361], [97.907052, 20.93656], [97.907879, 20.933746], [97.908654, 20.930919], [97.909376, 20.92808], [97.910046, 20.925229], [97.910662, 20.922367], [97.911225, 20.919496], [97.911734, 20.916617], [97.91219, 20.913729], [97.912592, 20.910834], [97.912941, 20.907933], [97.913235, 20.905027], [97.913475, 20.902116], [97.913662, 20.899202], [97.913794, 20.896285], [97.913872, 20.893367], [97.913894, 20.890447], [98.269889, 20.889706], [98.269839, 20.898464], [98.269626, 20.90722], [98.269251, 20.915971], [98.268713, 20.924715], [98.268012, 20.933448], [98.267149, 20.942169], [98.266124, 20.950874], [98.264938, 20.959561], [98.26359, 20.968227], [98.262081, 20.97687], [98.260412, 20.985487], [98.258582, 20.994075], [98.256593, 21.002631], [98.254446, 21.011154], [98.252139, 21.01964], [98.249675, 21.028088], [98.247055, 21.036493], [98.244278, 21.044854], [98.241345, 21.053168], [98.238259, 21.061433], [98.235018, 21.069646], [98.231625, 21.077805], [98.228081, 21.085907], [98.224386, 21.093949], [98.220542, 21.10193], [98.216549, 21.109846], [98.21241, 21.117695], [98.208124, 21.125476], [98.203694, 21.133185], [98.199121, 21.14082], [98.194406, 21.148379], [98.189551, 21.155859], [98.184557, 21.163259], [98.179425, 21.170576], [98.174158, 21.177807], [98.168756, 21.184951], [98.163221, 21.192005], [98.157556, 21.198967], [98.151762, 21.205836], [98.14584, 21.212608], [98.139792, 21.219282], [98.13362, 21.225856], [98.127327, 21.232328], [98.120913, 21.238695], [98.114381, 21.244956]]]]}}, {"type": "Feature", "properties": {"type": "R", "designator": "11", "name": "HMAWBY", "lower": "GND SFC", "upper": "3000 MSL", "activity_note": "", "restriction": "", "hazard": "", "remarks": ""}, "geometry": {"type": "MultiPolygon", "coordinates": [[[[96.215783, 17.509733], [96.208612, 17.512175], [96.201398, 17.514497], [96.194142, 17.516697], [96.186847, 17.518776], [96.179515, 17.520731], [96.172149, 17.522563], [96.16475, 17.524271], [96.157321, 17.525855], [96.149864, 17.527314], [96.142382, 17.528647], [96.134877, 17.529855], [96.127351, 17.530937], [96.119806, 17.531892], [96.112245, 17.53272], [96.10467, 17.533421], [96.097083, 17.533996], [96.089487, 17.534442], [96.081883, 17.534761], [96.074276, 17.534953], [96.066666, 17.535017], [96.059055, 17.534953], [96.051448, 17.534761], [96.043844, 17.534442], [96.036248, 17.533995], [96.028662, 17.533421], [96.021086, 17.53272], [96.013525, 17.531891], [96.00598, 17.530936], [95.998454, 17.529855], [95.990949, 17.528647], [95.983467, 17.527313], [95.97601, 17.525855], [95.968581, 17.524271], [95.961182, 17.522563], [95.953816, 17.52073], [95.946484, 17.518775], [95.939189, 17.516697], [95.931934, 17.514496], [95.924719, 17.512175], [95.917548, 17.509732], [95.910423, 17.50717], [95.903345, 17.504488], [95.896318, 17.501688], [95.889343, 17.498771], [95.882422, 17.495737], [95.875558, 17.492587], [95.868752, 17.489323], [95.862007, 17.485945], [95.855324, 17.482454], [95.848707, 17.478851], [95.842156, 17.475139], [95.835674, 17.471316], [95.829263, 17.467386], [95.822924, 17.463348], [95.81666, 17.459205], [95.810473, 17.454957], [95.804364, 17.450607], [95.798335, 17.446154], [95.792389, 17.441601], [95.786527, 17.436948], [95.78075, 17.432198], [95.775061, 17.427352], [95.769461, 17.422411], [95.763953, 17.417377], [95.758536, 17.412251], [95.753215, 17.407035], [95.747989, 17.401731], [95.74286, 17.39634], [95.737831, 17.390863], [95.732902, 17.385303], [95.728076, 17.379661], [95.723353, 17.373939], [95.718735, 17.368138], [95.714223, 17.362261], [95.709819, 17.356309], [95.705525, 17.350284], [95.70134, 17.344188], [95.697268, 17.338023], [95.693308, 17.33179], [95.689463, 17.325492], [95.685732, 17.31913], [95.682119, 17.312706], [95.678622, 17.306223], [95.675244, 17.299682], [95.671986, 17.293086], [95.668849, 17.286436], [95.665832, 17.279734], [95.662939, 17.272982], [95.660168, 17.266183], [95.657522, 17.259339], [95.655001, 17.252451], [95.652605, 17.245522], [95.650336, 17.238554], [95.648193, 17.231549], [95.646179, 17.224509], [95.644292, 17.217436], [95.642535, 17.210332], [95.640907, 17.2032], [95.639409, 17.196042], [95.638041, 17.18886], [95.636804, 17.181656], [95.635698, 17.174432], [95.634723, 17.167191], [95.63388, 17.159935], [95.633169, 17.152665], [95.63259, 17.145385], [95.632143, 17.138096], [95.631829, 17.130801], [95.631647, 17.123501], [95.631597, 17.1162], [95.892639, 17.116592], [95.892662, 17.119486], [95.892738, 17.122379], [95.892865, 17.125271], [95.893044, 17.12816], [95.893276, 17.131046], [95.893559, 17.133928], [95.893894, 17.136804], [95.894281, 17.139674], [95.894719, 17.142538], [95.895209, 17.145394], [95.89575, 17.148241], [95.896342, 17.151079], [95.896986, 17.153906], [95.89768, 17.156722], [95.898424, 17.159527], [95.899219, 17.162319], [95.900064, 17.165096], [95.900959, 17.16786], [95.901904, 17.170608], [95.902898, 17.17334], [95.903941, 17.176055], [95.905033, 17.178753], [95.906173, 17.181432], [95.907361, 17.184091], [95.908597, 17.18673], [95.90988, 17.189349], [95.91121, 17.191945], [95.912587, 17.194519], [95.91401, 17.19707], [95.915478, 17.199597], [95.916992, 17.202099], [95.918551, 17.204576], [95.920154, 17.207026], [95.921801, 17.209449], [95.923491, 17.211844], [95.925225, 17.214211], [95.927, 17.216549], [95.928818, 17.218857], [95.930677, 17.221134], [95.932576, 17.22338], [95.934516, 17.225594], [95.936495, 17.227775], [95.938514, 17.229924], [95.94057, 17.232038], [95.942665, 17.234118], [95.944797, 17.236162], [95.946965, 17.238171], [95.949169, 17.240144], [95.951408, 17.242079], [95.953682, 17.243977], [95.95599, 17.245837], [95.958331, 17.247659], [95.960704, 17.249441], [95.96311, 17.251183], [95.965546, 17.252885], [95.968012, 17.254547], [95.970508, 17.256167], [95.973033, 17.257745], [95.975586, 17.259281], [95.978167, 17.260774], [95.980774, 17.262225], [95.983406, 17.263631], [95.986064, 17.264994], [95.988746, 17.266312], [95.991451, 17.267586], [95.994178, 17.268814], [95.996928, 17.269997], [95.999698, 17.271134], [96.002489, 17.272224], [96.005298, 17.273268], [96.008126, 17.274265], [96.010972, 17.275215], [96.013834, 17.276118], [96.016712, 17.276973], [96.019606, 17.27778], [96.022513, 17.278538], [96.025433, 17.279248], [96.028366, 17.27991], [96.031311, 17.280522], [96.034266, 17.281086], [96.03723, 17.2816], [96.040204, 17.282065], [96.043185, 17.28248], [96.046174, 17.282846], [96.049169, 17.283162], [96.052168, 17.283428], [96.055173, 17.283644], [96.05818, 17.28381], [96.061191, 17.283926], [96.064202, 17.283992], [96.067215, 17.284008], [96.070228, 17.283974], [96.073239, 17.28389], [96.076248, 17.283755], [96.079255, 17.283571], [96.082258, 17.283337], [96.085256, 17.283052], [96.088248, 17.282718], [96.091234, 17.282334], [96.094213, 17.281901], [96.097183, 17.281418], [96.100145, 17.280886], [96.103096, 17.280305], [96.106036, 17.279674], [96.108965, 17.278995], [96.11188, 17.278267], [96.114783, 17.277491], [96.117671, 17.276667], [96.120543, 17.275795], [96.123399, 17.274875], [96.126239, 17.273908], [96.215783, 17.509733]]]]}}, {"type": "Feature", "properties": {"type": "R", "designator": "18", "name": "TAUNGOO", "lower": "GND SFC", "upper": "7000 MSL", "activity_note": "", "restriction": "", "hazard": "", "remarks": ""}, "geometry": {"type": "MultiPolygon", "coordinates": [[[[96.401214, 19.365894], [96.395195, 19.365846], [96.389177, 19.3657], [96.383163, 19.365456], [96.377154, 19.365114], [96.371153, 19.364674], [96.36516, 19.364138], [96.359178, 19.363504], [96.353208, 19.362772], [96.347252, 19.361945], [96.341312, 19.36102], [96.33539, 19.359999], [96.329487, 19.358883], [96.323604, 19.35767], [96.317745, 19.356362], [96.31191, 19.35496], [96.306102, 19.353463], [96.300321, 19.351871], [96.29457, 19.350186], [96.28885, 19.348408], [96.283163, 19.346537], [96.27751, 19.344575], [96.271894, 19.34252], [96.266316, 19.340375], [96.260777, 19.33814], [96.25528, 19.335815], [96.249825, 19.333401], [96.244415, 19.330899], [96.23905, 19.328309], [96.233734, 19.325633], [96.228466, 19.322871], [96.223249, 19.320023], [96.218084, 19.317092], [96.212972, 19.314076], [96.207916, 19.310979], [96.202917, 19.307799], [96.197975, 19.304539], [96.193093, 19.3012], [96.188272, 19.297781], [96.183514, 19.294285], [96.178819, 19.290712], [96.174189, 19.287063], [96.169626, 19.283339], [96.165131, 19.279543], [96.160705, 19.275673], [96.156349, 19.271732], [96.152064, 19.267722], [96.401214, 19.031281], [96.401214, 19.365894]]]]}}, {"type": "Feature", "properties": {"type": "R", "designator": "37C", "name": "NAYPYITAW", "lower": "GND SFC", "upper": "120 STD", "activity_note": "", "restriction": "", "hazard": "", "remarks": ""}, "geometry": {"type": "MultiPolygon", "coordinates": [[[[95.166667, 20.083333], [95.166667, 19.708333], [95.466667, 19.708333], [95.466667, 20.083333], [95.166667, 20.083333]]]]}}, {"type": "Feature", "properties": {"type": "R", "designator": "51B", "name": "NAMPONG", "lower": "3300 SFC", "upper": "140 STD", "activity_note": "", "restriction": "", "hazard": "", "remarks": ""}, "geometry": {"type": "MultiPolygon", "coordinates": [[[[97.083333, 25.1], [97.083333, 24.666667], [97.5, 24.666667], [97.633333, 25.1], [97.083333, 25.1]]]]}}, {"type": "Feature", "properties": {"type": "P", "designator": "33", "name": "MINISTRY OF DEFENCE", "lower": "GND SFC", "upper": "240 STD", "activity_note": "", "restriction": "", "hazard": "", "remarks": ""}, "geometry": {"type": "MultiPolygon", "coordinates": [[[[96.262444, 19.95305], [96.231692, 19.788303], [96.234725, 19.787771], [96.237747, 19.787188], [96.240758, 19.786556], [96.243758, 19.785873], [96.246744, 19.785142], [96.249716, 19.78436], [96.252673, 19.78353], [96.255614, 19.782651], [96.258539, 19.781724], [96.261446, 19.780749], [96.264335, 19.779725], [96.267204, 19.778654], [96.270054, 19.777535], [96.272882, 19.77637], [96.275688, 19.775158], [96.278471, 19.7739], [96.281231, 19.772596], [96.283966, 19.771246], [96.286675, 19.769852], [96.289359, 19.768413], [96.292016, 19.76693], [96.294644, 19.765403], [96.297245, 19.763833], [96.299815, 19.76222], [96.302356, 19.760564], [96.403886, 19.897519], [96.398802, 19.900832], [96.393658, 19.904061], [96.388455, 19.907204], [96.383194, 19.910261], [96.377878, 19.91323], [96.372507, 19.916111], [96.367084, 19.918902], [96.36161, 19.921603], [96.356087, 19.924214], [96.350516, 19.926733], [96.3449, 19.929159], [96.339239, 19.931492], [96.333536, 19.933731], [96.327793, 19.935875], [96.32201, 19.937924], [96.316191, 19.939877], [96.310336, 19.941734], [96.304448, 19.943493], [96.298528, 19.945155], [96.292578, 19.946719], [96.2866, 19.948184], [96.280596, 19.94955], [96.274567, 19.950816], [96.268516, 19.951983], [96.262444, 19.95305]]]]}}, {"type": "Feature", "properties": {"type": "R", "designator": "26", "name": "MAUBIN", "lower": "6000 MSL", "upper": "160 STD", "activity_note": "", "restriction": "", "hazard": "", "remarks": ""}, "geometry": {"type": "MultiPolygon", "coordinates": [[[[95.619894, 16.819444], [95.277931, 16.760183], [95.280756, 16.745836], [95.283841, 16.731539], [95.287185, 16.717295], [95.290785, 16.70311], [95.294641, 16.688987], [95.298752, 16.674932], [95.303116, 16.660947], [95.307731, 16.647038], [95.312597, 16.633209], [95.317712, 16.619463], [95.323074, 16.605805], [95.328682, 16.59224], [95.334534, 16.578771], [95.340627, 16.565402], [95.346961, 16.552137], [95.353533, 16.538981], [95.360341, 16.525937], [95.367383, 16.51301], [95.374657, 16.500203], [95.382161, 16.48752], [95.389891, 16.474965], [95.397847, 16.462541], [95.406025, 16.450254], [95.414423, 16.438105], [95.423039, 16.4261], [95.706692, 16.618861], [95.701529, 16.626072], [95.696496, 16.633368], [95.691595, 16.640748], [95.686829, 16.648208], [95.682198, 16.655748], [95.677704, 16.663365], [95.673348, 16.671055], [95.669132, 16.678818], [95.665056, 16.68665], [95.661123, 16.69455], [95.657333, 16.702515], [95.653687, 16.710542], [95.650187, 16.718629], [95.646834, 16.726773], [95.643628, 16.734973], [95.640572, 16.743225], [95.637665, 16.751528], [95.634908, 16.759878], [95.632303, 16.768273], [95.62985, 16.77671], [95.62755, 16.785187], [95.625404, 16.793702], [95.623412, 16.802252], [95.621576, 16.810833], [95.619894, 16.819444]]]]}}, {"type": "Feature", "properties": {"type": "R", "designator": "54", "name": "HOMMALINN", "lower": "GND SFC", "upper": "100 STD", "activity_note": "", "restriction": "", "hazard": "", "remarks": ""}, "geometry": {"type": "MultiPolygon", "coordinates": [[[[94.914247, 25.400411], [94.914247, 25.066044], [94.917381, 25.06602], [94.920514, 25.065947], [94.923645, 25.065825], [94.926773, 25.065655], [94.929898, 25.065435], [94.933018, 25.065167], [94.936133, 25.064851], [94.939241, 25.064486], [94.942342, 25.064072], [94.945435, 25.063611], [94.948518, 25.063101], [94.951592, 25.062543], [94.954654, 25.061938], [94.957705, 25.061285], [94.960743, 25.060584], [94.963768, 25.059837], [94.966777, 25.059042], [94.969772, 25.058201], [94.97275, 25.057313], [94.975712, 25.056379], [94.978655, 25.055399], [94.981579, 25.054373], [94.984484, 25.053302], [94.987368, 25.052186], [94.990231, 25.051025], [94.993071, 25.049819], [94.995888, 25.04857], [94.998682, 25.047277], [95.001451, 25.04594], [95.004194, 25.044561], [95.006911, 25.043139], [95.009601, 25.041675], [95.012263, 25.040169], [95.014896, 25.038622], [95.0175, 25.037035], [95.020074, 25.035407], [95.022617, 25.033739], [95.025128, 25.032032], [95.027606, 25.030286], [95.030052, 25.028501], [95.032463, 25.026679], [95.03484, 25.02482], [95.037182, 25.022923], [95.039488, 25.020991], [95.041757, 25.019023], [95.043989, 25.017019], [95.304219, 25.253003], [95.297523, 25.259023], [95.290714, 25.264939], [95.283795, 25.270747], [95.276767, 25.276447], [95.269632, 25.282037], [95.262392, 25.287515], [95.25505, 25.292879], [95.247608, 25.298128], [95.240068, 25.30326], [95.232432, 25.308275], [95.224702, 25.313169], [95.216881, 25.317943], [95.20897, 25.322594], [95.200973, 25.327121], [95.192891, 25.331523], [95.184727, 25.335799], [95.176484, 25.339947], [95.168163, 25.343965], [95.159767, 25.347854], [95.151299, 25.351611], [95.142762, 25.355236], [95.134156, 25.358728], [95.125486, 25.362085], [95.116754, 25.365306], [95.107962, 25.368391], [95.099113, 25.371339], [95.090209, 25.374148], [95.081254, 25.376819], [95.072249, 25.379349], [95.063198, 25.381739], [95.054102, 25.383988], [95.044966, 25.386095], [95.03579, 25.388059], [95.026579, 25.38988], [95.017335, 25.391557], [95.008061, 25.39309], [94.998758, 25.394478], [94.989431, 25.395722], [94.980082, 25.39682], [94.970713, 25.397772], [94.961327, 25.398578], [94.951928, 25.399238], [94.942518, 25.399752], [94.933099, 25.400119], [94.923674, 25.400339], [94.914247, 25.400411]]]]}}, {"type": "Feature", "properties": {"type": "R", "designator": "45A", "name": "MAGWAY", "lower": "3300 SFC", "upper": "330 STD", "activity_note": "", "restriction": "", "hazard": "", "remarks": ""}, "geometry": {"type": "MultiPolygon", "coordinates": [[[[94.396889, 20.793383], [94.385678, 20.784322], [94.37463, 20.775086], [94.363748, 20.765677], [94.353035, 20.7561], [94.342494, 20.746355], [94.332128, 20.736447], [94.32194, 20.726377], [94.311932, 20.716148], [94.302108, 20.705764], [94.29247, 20.695227], [94.283021, 20.684541], [94.273764, 20.673707], [94.2647, 20.66273], [94.255832, 20.651612], [94.247164, 20.640357], [94.238696, 20.628967], [94.230432, 20.617445], [94.222374, 20.605796], [94.214524, 20.594021], [94.206883, 20.582125], [94.199456, 20.570111], [94.661428, 20.320603], [94.664409, 20.325401], [94.667474, 20.330151], [94.670622, 20.334853], [94.673854, 20.339505], [94.677166, 20.344105], [94.68056, 20.348653], [94.684033, 20.353147], [94.687586, 20.357586], [94.691216, 20.361968], [94.694923, 20.366293], [94.698707, 20.370559], [94.702565, 20.374765], [94.706497, 20.37891], [94.710501, 20.382993], [94.714578, 20.387012], [94.718724, 20.390966], [94.72294, 20.394855], [94.727225, 20.398678], [94.731576, 20.402432], [94.735993, 20.406118], [94.740475, 20.409733], [94.396889, 20.793383]]]]}}, {"type": "Feature", "properties": {"type": "R", "designator": "52", "name": "TAUNGOO", "lower": "90 STD", "upper": "330 STD", "activity_note": "", "restriction": "", "hazard": "", "remarks": ""}, "geometry": {"type": "MultiPolygon", "coordinates": [[[[97.15, 19.816667], [96.833333, 18.183333], [97.183333, 18.125], [97.483333, 19.75], [97.15, 19.816667]]]]}}, {"type": "Feature", "properties": {"type": "R", "designator": "20", "name": "MYEIK", "lower": "GND SFC", "upper": "90 STD", "activity_note": "", "restriction": "", "hazard": "", "remarks": ""}, "geometry": {"type": "MultiPolygon", "coordinates": [[[[98.982953, 12.794978], [98.741614, 12.558444], [98.743697, 12.556359], [98.745743, 12.554239], [98.747752, 12.552084], [98.749721, 12.549894], [98.751652, 12.547672], [98.753542, 12.545416], [98.755393, 12.543129], [98.757202, 12.54081], [98.75897, 12.53846], [98.760696, 12.536081], [98.762379, 12.533672], [98.764019, 12.531235], [98.765615, 12.52877], [98.767168, 12.526277], [98.768676, 12.523759], [98.770139, 12.521215], [98.771556, 12.518647], [98.772928, 12.516054], [98.774253, 12.513439], [98.775532, 12.510801], [98.776764, 12.508142], [98.777948, 12.505461], [98.779084, 12.502761], [98.780172, 12.500042], [98.781212, 12.497305], [98.782203, 12.49455], [98.783145, 12.491779], [98.784037, 12.488992], [98.78488, 12.48619], [98.785673, 12.483374], [98.786415, 12.480545], [98.787108, 12.477703], [98.78775, 12.47485], [98.78834, 12.471987], [98.78888, 12.469113], [98.789369, 12.466231], [98.789807, 12.463341], [98.790193, 12.460444], [98.790528, 12.457541], [98.790811, 12.454633], [98.791042, 12.45172], [98.791222, 12.448803], [98.79135, 12.445884], [98.791426, 12.442963], [98.79145, 12.440042], [99.132133, 12.439611], [99.132074, 12.448186], [99.131868, 12.456758], [99.131512, 12.465326], [99.131008, 12.473886], [99.130355, 12.482437], [99.129553, 12.490976], [99.128603, 12.4995], [99.127505, 12.508006], [99.12626, 12.516493], [99.124867, 12.524958], [99.123326, 12.533399], [99.12164, 12.541812], [99.119807, 12.550196], [99.117829, 12.558547], [99.115706, 12.566864], [99.113438, 12.575145], [99.111027, 12.583386], [99.108473, 12.591586], [99.105776, 12.599741], [99.102938, 12.60785], [99.099959, 12.61591], [99.09684, 12.623919], [99.093582, 12.631875], [99.090186, 12.639774], [99.086654, 12.647616], [99.082985, 12.655397], [99.079181, 12.663116], [99.075243, 12.670769], [99.071173, 12.678355], [99.066971, 12.685872], [99.062638, 12.693317], [99.058177, 12.700689], [99.053587, 12.707984], [99.048872, 12.715202], [99.044031, 12.722339], [99.039066, 12.729394], [99.03398, 12.736365], [99.028772, 12.743249], [99.023445, 12.750045], [99.018001, 12.756751], [99.01244, 12.763364], [99.006765, 12.769883], [99.000977, 12.776306], [98.995078, 12.78263], [98.98907, 12.788855], [98.982953, 12.794978]]]]}}, {"type": "Feature", "properties": {"type": "R", "designator": "50A", "name": "MANDALAY", "lower": "3300 MSL", "upper": "150 STD", "activity_note": "", "restriction": "", "hazard": "", "remarks": ""}, "geometry": {"type": "MultiPolygon", "coordinates": [[[[94.666667, 22.133333], [94.666667, 21.7], [95.416667, 21.7], [95.416667, 22.133333], [94.666667, 22.133333]]]]}}, {"type": "Feature", "properties": {"type": "R", "designator": "42", "name": "MAGWAY", "lower": "GND SFC", "upper": "100 STD", "activity_note": "", "restriction": "", "hazard": "", "remarks": ""}, "geometry": {"type": "MultiPolygon", "coordinates": [[[[94.591942, 20.508047], [94.585582, 20.501923], [94.579334, 20.495697], [94.5732, 20.489371], [94.567182, 20.482948], [94.561282, 20.476428], [94.555502, 20.469815], [94.549842, 20.463109], [94.544306, 20.456313], [94.538893, 20.449428], [94.533607, 20.442457], [94.528448, 20.435402], [94.523419, 20.428265], [94.518519, 20.421048], [94.513752, 20.413753], [94.509118, 20.406382], [94.504618, 20.398938], [94.500254, 20.391422], [94.496028, 20.383837], [94.49194, 20.376184], [94.487991, 20.368467], [94.484183, 20.360688], [94.480517, 20.352848], [94.476993, 20.34495], [94.473614, 20.336997], [94.470379, 20.32899], [94.46729, 20.320932], [94.464347, 20.312826], [94.461552, 20.304673], [94.458906, 20.296476], [94.456408, 20.288238], [94.45406, 20.279961], [94.451862, 20.271648], [94.449815, 20.2633], [94.44792, 20.25492], [94.446176, 20.246511], [94.444586, 20.238075], [94.443148, 20.229614], [94.441864, 20.221132], [94.440733, 20.21263], [94.439756, 20.204111], [94.438934, 20.195578], [94.438266, 20.187032], [94.437753, 20.178477], [94.437395, 20.169916], [94.437192, 20.161349], [94.437144, 20.152781], [94.791439, 20.153494], [94.791462, 20.156414], [94.791539, 20.159333], [94.791671, 20.16225], [94.791856, 20.165164], [94.792096, 20.168075], [94.792389, 20.170982], [94.792736, 20.173883], [94.793136, 20.176778], [94.79359, 20.179666], [94.794097, 20.182547], [94.794657, 20.185418], [94.795271, 20.18828], [94.795937, 20.191131], [94.796656, 20.19397], [94.797427, 20.196798], [94.79825, 20.199612], [94.799126, 20.202413], [94.800053, 20.205198], [94.801031, 20.207968], [94.802061, 20.210721], [94.803141, 20.213457], [94.804272, 20.216174], [94.805452, 20.218873], [94.806683, 20.221552], [94.807963, 20.22421], [94.809292, 20.226846], [94.81067, 20.22946], [94.812095, 20.232051], [94.813569, 20.234618], [94.815089, 20.237161], [94.816657, 20.239678], [94.818271, 20.242169], [94.819931, 20.244633], [94.821636, 20.247069], [94.823386, 20.249476], [94.82518, 20.251855], [94.827018, 20.254203], [94.8289, 20.256521], [94.830824, 20.258808], [94.83279, 20.261062], [94.834797, 20.263284], [94.836845, 20.265472], [94.838934, 20.267626], [94.841062, 20.269746], [94.843228, 20.271831], [94.591942, 20.508047]]]]}}, {"type": "Feature", "properties": {"type": "D", "designator": "10", "name": "DELTA REGION", "lower": "GND SFC", "upper": "240 STD", "activity_note": "", "restriction": "", "hazard": "", "remarks": ""}, "geometry": {"type": "MultiPolygon", "coordinates": [[[[95.790956, 16.848861], [94.082733, 16.548325], [94.08963, 16.51436], [94.09713, 16.480515], [94.10523, 16.446799], [94.113929, 16.413222], [94.123222, 16.379794], [94.133107, 16.346525], [94.143581, 16.313425], [94.15464, 16.280503], [94.166281, 16.247769], [94.1785, 16.215233], [94.191293, 16.182905], [94.204656, 16.150793], [94.218585, 16.118908], [94.233076, 16.087258], [94.248124, 16.055853], [94.263725, 16.024702], [94.279873, 15.993815], [94.296564, 15.963199], [94.313792, 15.932865], [94.331553, 15.902821], [94.34984, 15.873076], [94.368649, 15.843639], [94.387973, 15.814518], [94.407808, 15.785721], [94.428145, 15.757258], [94.448981, 15.729136], [94.470308, 15.701363], [94.49212, 15.673949], [94.51441, 15.6469], [94.537171, 15.620225], [94.560398, 15.593931], [94.584083, 15.568027], [94.608219, 15.542519], [94.632798, 15.517415], [94.657814, 15.492722], [94.683259, 15.468448], [94.709125, 15.4446], [94.735406, 15.421184], [94.762092, 15.398208], [94.789177, 15.375677], [94.816651, 15.353599], [94.844508, 15.331981], [94.872739, 15.310827], [94.901336, 15.290145], [94.930289, 15.26994], [94.959592, 15.250219], [94.989235, 15.230987], [95.019209, 15.212249], [95.049506, 15.194012], [95.080117, 15.176279], [95.111033, 15.159058], [95.142245, 15.142351], [95.173743, 15.126165], [95.20552, 15.110504], [95.237564, 15.095373], [95.269868, 15.080775], [95.302422, 15.066716], [95.335216, 15.053199], [95.36824, 15.040228], [95.401486, 15.027807], [95.434943, 15.01594], [95.468602, 15.004629], [95.502453, 14.993879], [95.536487, 14.983692], [95.570692, 14.974071], [95.60506, 14.965019], [95.639581, 14.956539], [95.674244, 14.948633], [95.70904, 14.941304], [95.743958, 14.934553], [95.778989, 14.928382], [95.814122, 14.922794], [95.849347, 14.91779], [95.884654, 14.913371], [95.920033, 14.909538], [95.955473, 14.906293], [95.990965, 14.903637], [96.026497, 14.901571], [96.062061, 14.900094], [96.097645, 14.899208], [96.133239, 14.898914], [96.133239, 16.572567], [96.127182, 16.572618], [96.121127, 16.572771], [96.115075, 16.573025], [96.109029, 16.573381], [96.10299, 16.573839], [96.096961, 16.574398], [96.090942, 16.575058], [96.084937, 16.575819], [96.078946, 16.576681], [96.072971, 16.577643], [96.067015, 16.578706], [96.061078, 16.579869], [96.055164, 16.581131], [96.049273, 16.582492], [96.043408, 16.583952], [96.03757, 16.585511], [96.031761, 16.587167], [96.025982, 16.588921], [96.020236, 16.590771], [96.014525, 16.592718], [96.008849, 16.594761], [96.003211, 16.596898], [95.997613, 16.59913], [95.992055, 16.601455], [95.986541, 16.603874], [95.981071, 16.606385], [95.975647, 16.608987], [95.970271, 16.611681], [95.964944, 16.614464], [95.959668, 16.617336], [95.954445, 16.620296], [95.949276, 16.623344], [95.944163, 16.626478], [95.939107, 16.629697], [95.934111, 16.633001], [95.929174, 16.636389], [95.924299, 16.639858], [95.919488, 16.64341], [95.914742, 16.647041], [95.910062, 16.650752], [95.905449, 16.65454], [95.900906, 16.658406], [95.896433, 16.662347], [95.892033, 16.666363], [95.887705, 16.670453], [95.883452, 16.674614], [95.879274, 16.678846], [95.875174, 16.683148], [95.871152, 16.687518], [95.86721, 16.691955], [95.863348, 16.696457], [95.859568, 16.701024], [95.855872, 16.705653], [95.852259, 16.710344], [95.848732, 16.715095], [95.845291, 16.719904], [95.841938, 16.724771], [95.838674, 16.729693], [95.835498, 16.734669], [95.832413, 16.739698], [95.82942, 16.744777], [95.826519, 16.749907], [95.823711, 16.755084], [95.820997, 16.760308], [95.818378, 16.765576], [95.815855, 16.770888], [95.813428, 16.776241], [95.811098, 16.781634], [95.808867, 16.787066], [95.806734, 16.792534], [95.8047, 16.798037], [95.802766, 16.803573], [95.800933, 16.809142], [95.7992, 16.81474], [95.79757, 16.820366], [95.796041, 16.826019], [95.794615, 16.831697], [95.793292, 16.837397], [95.792072, 16.84312], [95.790956, 16.848861]]]]}}, {"type": "Feature", "properties": {"type": "R", "designator": "17", "name": "NAMPONG", "lower": "GND SFC", "upper": "100 STD", "activity_note": "", "restriction": "", "hazard": "", "remarks": ""}, "geometry": {"type": "MultiPolygon", "coordinates": [[[[97.283333, 25.851525], [97.273871, 25.851453], [97.264411, 25.851232], [97.254956, 25.850865], [97.245511, 25.850352], [97.236076, 25.849692], [97.226655, 25.848886], [97.217251, 25.847933], [97.207866, 25.846835], [97.198504, 25.845592], [97.189167, 25.844204], [97.179857, 25.84267], [97.170578, 25.840993], [97.161333, 25.839172], [97.152123, 25.837208], [97.142952, 25.835101], [97.133823, 25.832852], [97.124737, 25.830462], [97.115699, 25.827932], [97.106709, 25.825261], [97.097772, 25.822452], [97.08889, 25.819504], [97.080065, 25.816419], [97.0713, 25.813198], [97.062598, 25.80984], [97.05396, 25.806349], [97.04539, 25.802724], [97.036891, 25.798967], [97.028464, 25.795078], [97.020112, 25.791059], [97.011838, 25.786911], [97.003643, 25.782635], [96.995532, 25.778233], [96.987504, 25.773706], [96.979565, 25.769055], [96.971714, 25.764281], [96.963956, 25.759387], [96.956291, 25.754372], [96.948723, 25.74924], [96.941253, 25.743991], [96.933884, 25.738626], [96.926618, 25.733148], [96.919456, 25.727559], [96.912402, 25.721859], [96.905457, 25.71605], [96.898623, 25.710135], [96.891903, 25.704114], [97.153111, 25.468156], [97.155351, 25.470159], [97.157629, 25.472127], [97.159943, 25.474059], [97.162294, 25.475955], [97.164679, 25.477814], [97.1671, 25.479637], [97.169554, 25.481421], [97.172042, 25.483167], [97.174562, 25.484874], [97.177115, 25.486542], [97.179698, 25.48817], [97.182311, 25.489757], [97.184954, 25.491304], [97.187626, 25.49281], [97.190326, 25.494274], [97.193053, 25.495696], [97.195807, 25.497075], [97.198586, 25.498411], [97.201389, 25.499704], [97.204217, 25.500954], [97.207068, 25.502159], [97.209942, 25.50332], [97.212836, 25.504436], [97.215752, 25.505508], [97.218687, 25.506533], [97.221641, 25.507513], [97.224613, 25.508447], [97.227603, 25.509335], [97.230608, 25.510177], [97.233629, 25.510971], [97.236665, 25.511719], [97.239714, 25.512419], [97.242776, 25.513072], [97.24585, 25.513678], [97.248935, 25.514235], [97.25203, 25.514745], [97.255134, 25.515207], [97.258247, 25.51562], [97.261366, 25.515985], [97.264493, 25.516301], [97.267624, 25.516569], [97.270761, 25.516789], [97.273901, 25.51696], [97.277043, 25.517082], [97.280188, 25.517155], [97.283333, 25.517178], [97.283333, 25.851525]]]]}}, {"type": "Feature", "properties": {"type": "R", "designator": "37B", "name": "NAYPYITAW", "lower": "GND SFC", "upper": "120 STD", "activity_note": "", "restriction": "", "hazard": "", "remarks": ""}, "geometry": {"type": "MultiPolygon", "coordinates": [[[[95.466667, 19.708333], [95.466667, 19.333333], [95.725, 19.333333], [95.725, 19.708333], [95.466667, 19.708333]]]]}}, {"type": "Feature", "properties": {"type": "R", "designator": "19D", "name": "TAUNGOO", "lower": "90 STD", "upper": "150 STD", "activity_note": "", "restriction": "", "hazard": "", "remarks": ""}, "geometry": {"type": "MultiPolygon", "coordinates": [[[[95.566667, 19.3], [95.566667, 18.8], [96.233333, 18.8], [96.233333, 19.3], [95.566667, 19.3]]]]}}, {"type": "Feature", "properties": {"type": "R", "designator": "41", "name": "HWAMBY", "lower": "90 STD", "upper": "360 STD", "activity_note": "", "restriction": "", "hazard": "", "remarks": ""}, "geometry": {"type": "MultiPolygon", "coordinates": [[[[93.866667, 18.4], [93.683333, 18.083333], [95.15, 17.283333], [95.316667, 17.616667], [93.866667, 18.4]]]]}}, {"type": "Feature", "properties": {"type": "R", "designator": "29", "name": "PATHEIN EAST SECTORS", "lower": "6000 MSL", "upper": "130 STD", "activity_note": "", "restriction": "", "hazard": "", "remarks": ""}, "geometry": {"type": "MultiPolygon", "coordinates": [[[[94.943294, 16.808617], [94.943265, 16.805696], [94.943183, 16.802776], [94.943048, 16.799859], [94.942861, 16.796943], [94.94262, 16.794032], [94.942327, 16.791125], [94.941981, 16.788223], [94.941583, 16.785328], [94.941132, 16.782439], [94.940629, 16.779559], [94.940074, 16.776688], [94.939467, 16.773826], [94.938808, 16.770975], [94.938098, 16.768136], [94.937337, 16.765309], [94.936524, 16.762495], [94.935661, 16.759695], [94.934746, 16.75691], [94.933782, 16.754141], [94.932768, 16.751389], [94.931704, 16.748654], [94.930591, 16.745937], [94.929428, 16.743239], [94.928217, 16.740562], [94.926958, 16.737905], [94.925651, 16.73527], [94.924297, 16.732657], [94.922895, 16.730067], [94.921446, 16.727501], [94.919952, 16.72496], [94.918412, 16.722445], [94.916826, 16.719956], [94.915196, 16.717493], [94.913521, 16.715059], [94.911802, 16.712653], [94.910041, 16.710276], [94.908236, 16.70793], [94.90639, 16.705614], [94.904501, 16.703329], [94.902572, 16.701077], [94.900602, 16.698857], [94.898593, 16.696671], [94.896544, 16.694519], [94.894456, 16.692401], [94.892331, 16.690319], [95.137439, 16.453356], [95.143815, 16.459594], [95.150078, 16.465939], [95.156226, 16.472388], [95.162257, 16.478939], [95.168168, 16.485591], [95.173959, 16.492341], [95.179627, 16.499188], [95.185171, 16.506128], [95.190589, 16.513161], [95.195879, 16.520284], [95.201041, 16.527494], [95.206071, 16.53479], [95.210968, 16.54217], [95.215732, 16.549631], [95.220361, 16.557171], [95.224853, 16.564787], [95.229206, 16.572478], [95.23342, 16.580241], [95.237494, 16.588074], [95.241425, 16.595973], [95.245213, 16.603938], [95.248856, 16.611965], [95.252354, 16.620052], [95.255706, 16.628197], [95.25891, 16.636397], [95.261965, 16.644649], [95.26487, 16.652952], [95.267625, 16.661302], [95.270229, 16.669697], [95.27268, 16.678135], [95.274979, 16.686612], [95.277124, 16.695127], [95.279114, 16.703677], [95.28095, 16.712258], [95.28263, 16.72087], [95.284154, 16.729508], [95.285521, 16.73817], [95.286732, 16.746855], [95.287785, 16.755558], [95.28868, 16.764277], [95.289417, 16.773011], [95.289996, 16.781755], [95.290417, 16.790508], [95.290679, 16.799266], [95.290783, 16.808028], [94.943294, 16.808617]]]]}}, {"type": "Feature", "properties": {"type": "R", "designator": "13", "name": "SHANTE", "lower": "GND SFC", "upper": "5000 MSL", "activity_note": "", "restriction": "", "hazard": "", "remarks": ""}, "geometry": {"type": "MultiPolygon", "coordinates": [[[[96.295347, 21.321078], [96.042694, 21.0849], [96.044872, 21.082815], [96.047011, 21.080696], [96.049111, 21.078542], [96.05117, 21.076354], [96.053188, 21.074133], [96.055164, 21.071878], [96.057098, 21.069592], [96.05899, 21.067274], [96.060837, 21.064926], [96.062641, 21.062548], [96.0644, 21.06014], [96.066115, 21.057704], [96.067783, 21.055241], [96.069406, 21.05275], [96.070981, 21.050233], [96.07251, 21.047691], [96.073991, 21.045124], [96.075424, 21.042533], [96.076809, 21.039919], [96.078145, 21.037283], [96.079432, 21.034625], [96.080669, 21.031947], [96.081856, 21.029249], [96.082992, 21.026531], [96.084078, 21.023796], [96.085113, 21.021043], [96.086097, 21.018273], [96.087028, 21.015488], [96.087908, 21.012688], [96.088736, 21.009874], [96.089511, 21.007047], [96.090234, 21.004207], [96.090903, 21.001357], [96.09152, 20.998495], [96.092083, 20.995624], [96.092593, 20.992744], [96.093049, 20.989856], [96.093451, 20.986962], [96.0938, 20.984061], [96.094094, 20.981154], [96.094335, 20.978244], [96.094521, 20.97533], [96.094653, 20.972413], [96.094731, 20.969494], [96.094756, 20.966575], [96.450928, 20.965831], [96.450879, 20.974589], [96.450666, 20.983344], [96.45029, 20.992095], [96.449752, 21.000839], [96.449051, 21.009572], [96.448188, 21.018293], [96.447163, 21.026998], [96.445976, 21.035685], [96.444627, 21.044351], [96.443118, 21.052994], [96.441448, 21.06161], [96.439617, 21.070198], [96.437628, 21.078755], [96.435479, 21.087277], [96.433171, 21.095764], [96.430706, 21.104211], [96.428084, 21.112616], [96.425306, 21.120977], [96.422373, 21.129291], [96.419284, 21.137556], [96.416043, 21.145769], [96.412648, 21.153927], [96.409102, 21.162029], [96.405405, 21.170071], [96.401559, 21.178052], [96.397565, 21.185968], [96.393423, 21.193818], [96.389136, 21.201598], [96.384704, 21.209307], [96.380128, 21.216942], [96.375411, 21.224501], [96.370554, 21.231981], [96.365557, 21.239381], [96.360423, 21.246698], [96.355153, 21.253929], [96.349748, 21.261073], [96.344211, 21.268127], [96.338543, 21.275089], [96.332746, 21.281957], [96.326821, 21.28873], [96.32077, 21.295404], [96.314596, 21.301978], [96.308299, 21.308449], [96.301882, 21.314817], [96.295347, 21.321078]]]]}}, {"type": "Feature", "properties": {"type": "R", "designator": "46B", "name": "NAYPYITAW", "lower": "220 STD", "upper": "660 STD", "activity_note": "", "restriction": "", "hazard": "", "remarks": ""}, "geometry": {"type": "MultiPolygon", "coordinates": [[[[97.316667, 20.0], [97.316667, 19.0], [97.616667, 19.0], [97.616667, 20.0], [97.316667, 20.0]]]]}}, {"type": "Feature", "properties": {"type": "R", "designator": "30", "name": "PATHEIN TRAINING AREA", "lower": "GND SFC", "upper": "80 STD", "activity_note": "", "restriction": "", "hazard": "", "remarks": ""}, "geometry": {"type": "MultiPolygon", "coordinates": [[[[94.153339, 17.399408], [94.142714, 17.38896], [94.132282, 17.378335], [94.122045, 17.367537], [94.112007, 17.356568], [94.102172, 17.345432], [94.092541, 17.334132], [94.083118, 17.322673], [94.073907, 17.311056], [94.064908, 17.299287], [94.056126, 17.287368], [94.047563, 17.275304], [94.039222, 17.263097], [94.031104, 17.250752], [94.023214, 17.238272], [94.015552, 17.225662], [94.008121, 17.212925], [94.000923, 17.200065], [93.993961, 17.187085], [93.987237, 17.173991], [93.980753, 17.160786], [93.97451, 17.147474], [93.96851, 17.134059], [93.962756, 17.120545], [93.957249, 17.106936], [93.95199, 17.093237], [93.946981, 17.079452], [93.942224, 17.065584], [93.93772, 17.051639], [93.93347, 17.03762], [93.929476, 17.023532], [93.925739, 17.009378], [93.922259, 16.995164], [93.919038, 16.980894], [93.916077, 16.966572], [93.913377, 16.952202], [93.910938, 16.937789], [93.908761, 16.923337], [93.906846, 16.908851], [93.905195, 16.894335], [93.903807, 16.879793], [93.902684, 16.86523], [93.901824, 16.85065], [93.901229, 16.836058], [93.900899, 16.821459], [93.900833, 16.806856], [94.595806, 16.808617], [94.595829, 16.811537], [94.595906, 16.814457], [94.596036, 16.817375], [94.596218, 16.82029], [94.596453, 16.823202], [94.596742, 16.82611], [94.597082, 16.829012], [94.597475, 16.831908], [94.597921, 16.834797], [94.598419, 16.837678], [94.598969, 16.84055], [94.599571, 16.843413], [94.600225, 16.846265], [94.600931, 16.849105], [94.601688, 16.851933], [94.602496, 16.854749], [94.603355, 16.85755], [94.604264, 16.860336], [94.605224, 16.863106], [94.606235, 16.86586], [94.607294, 16.868597], [94.608404, 16.871315], [94.609562, 16.874014], [94.61077, 16.876694], [94.612025, 16.879352], [94.613329, 16.88199], [94.614681, 16.884604], [94.616079, 16.887196], [94.617525, 16.889764], [94.619016, 16.892307], [94.620554, 16.894825], [94.622137, 16.897316], [94.623765, 16.899781], [94.625438, 16.902217], [94.627154, 16.904625], [94.628914, 16.907004], [94.630717, 16.909353], [94.632563, 16.911672], [94.63445, 16.913959], [94.636378, 16.916214], [94.638347, 16.918436], [94.640356, 16.920625], [94.642404, 16.922779], [94.644491, 16.924899], [94.646617, 16.926983], [94.153339, 17.399408]]]]}}, {"type": "Feature", "properties": {"type": "P", "designator": "5", "name": "YANGON CITY", "lower": "GND SFC", "upper": "240 STD", "activity_note": "", "restriction": "", "hazard": "", "remarks": ""}, "geometry": {"type": "MultiPolygon", "coordinates": [[[[96.184722, 16.823056], [96.119167, 16.822222], [96.119722, 16.777222], [96.185278, 16.778056], [96.184722, 16.823056]]]]}}, {"type": "Feature", "properties": {"type": "R", "designator": "13", "name": "SHANTE", "lower": "GND SFC", "upper": "8000 MSL", "activity_note": "", "restriction": "", "hazard": "", "remarks": ""}, "geometry": {"type": "MultiPolygon", "coordinates": [[[[95.738578, 20.966575], [95.382406, 20.965831], [95.382513, 20.957263], [95.382777, 20.948699], [95.383196, 20.94014], [95.383771, 20.931589], [95.384501, 20.923049], [95.385386, 20.914522], [95.386426, 20.90601], [95.38762, 20.897516], [95.388969, 20.889042], [95.39047, 20.880591], [95.392125, 20.872165], [95.393933, 20.863768], [95.395893, 20.8554], [95.398004, 20.847065], [95.400266, 20.838765], [95.402678, 20.830503], [95.405239, 20.82228], [95.407949, 20.8141], [95.410807, 20.805964], [95.413812, 20.797875], [95.416963, 20.789836], [95.420259, 20.781848], [95.4237, 20.773915], [95.427283, 20.766037], [95.431009, 20.758219], [95.434875, 20.750461], [95.438882, 20.742766], [95.443027, 20.735137], [95.447309, 20.727575], [95.451728, 20.720083], [95.456281, 20.712663], [95.460969, 20.705317], [95.465788, 20.698047], [95.470738, 20.690856], [95.475817, 20.683745], [95.481024, 20.676716], [95.486357, 20.669772], [95.491815, 20.662915], [95.497396, 20.656146], [95.503099, 20.649467], [95.508921, 20.642881], [95.514862, 20.636389], [95.520919, 20.629994], [95.52709, 20.623696], [95.533374, 20.617499], [95.539769, 20.611403], [95.790839, 20.848339], [95.788707, 20.850374], [95.786612, 20.852443], [95.784556, 20.854545], [95.782537, 20.85668], [95.780558, 20.858847], [95.778619, 20.861045], [95.776719, 20.863275], [95.77486, 20.865534], [95.773043, 20.867823], [95.771267, 20.87014], [95.769534, 20.872486], [95.767843, 20.87486], [95.766196, 20.87726], [95.764593, 20.879686], [95.763033, 20.882137], [95.761519, 20.884613], [95.760049, 20.887113], [95.758626, 20.889636], [95.757248, 20.892182], [95.755916, 20.89475], [95.754632, 20.897338], [95.753394, 20.899946], [95.752205, 20.902575], [95.751063, 20.905221], [95.749969, 20.907886], [95.748923, 20.910568], [95.747927, 20.913266], [95.74698, 20.91598], [95.746082, 20.918708], [95.745234, 20.921451], [95.744436, 20.924207], [95.743688, 20.926975], [95.74299, 20.929755], [95.742343, 20.932545], [95.741746, 20.935346], [95.741201, 20.938156], [95.740707, 20.940974], [95.740264, 20.943799], [95.739872, 20.946632], [95.739532, 20.94947], [95.739244, 20.952313], [95.739007, 20.95516], [95.738822, 20.958011], [95.738689, 20.960864], [95.738608, 20.963719], [95.738578, 20.966575]]]]}}, {"type": "Feature", "properties": {"type": "R", "designator": "17", "name": "NAMPONG", "lower": "GND SFC", "upper": "100 STD", "activity_note": "", "restriction": "", "hazard": "", "remarks": ""}, "geometry": {"type": "MultiPolygon", "coordinates": [[[[97.099353, 25.349886], [96.731392, 25.348967], [96.731511, 25.340404], [96.731791, 25.331845], [96.732232, 25.323291], [96.732833, 25.314746], [96.733595, 25.30621], [96.734517, 25.297688], [96.735598, 25.289182], [96.736839, 25.280693], [96.738239, 25.272225], [96.739797, 25.26378], [96.741514, 25.25536], [96.743388, 25.246969], [96.745419, 25.238607], [96.747607, 25.230278], [96.74995, 25.221984], [96.752449, 25.213728], [96.755101, 25.205512], [96.757907, 25.197338], [96.760865, 25.189209], [96.763976, 25.181127], [96.767237, 25.173094], [96.770647, 25.165113], [96.774207, 25.157186], [96.777914, 25.149316], [96.781768, 25.141504], [96.785767, 25.133753], [96.789911, 25.126065], [96.794197, 25.118443], [96.798626, 25.110888], [96.803194, 25.103403], [96.807902, 25.09599], [96.812748, 25.088651], [96.81773, 25.081388], [96.822847, 25.074204], [96.828097, 25.0671], [96.833479, 25.060078], [96.838991, 25.053141], [96.844632, 25.046291], [96.850399, 25.039529], [96.856292, 25.032857], [96.862309, 25.026278], [96.868447, 25.019793], [96.874705, 25.013404], [96.881081, 25.007114], [96.887574, 25.000923], [96.894181, 24.994833], [97.153364, 25.231728], [97.151113, 25.233807], [97.148903, 25.235922], [97.146733, 25.238071], [97.144605, 25.240254], [97.142519, 25.242471], [97.140475, 25.244721], [97.138476, 25.247002], [97.13652, 25.249315], [97.134608, 25.251659], [97.132742, 25.254032], [97.130922, 25.256435], [97.129148, 25.258866], [97.127421, 25.261326], [97.125741, 25.263812], [97.124109, 25.266324], [97.122526, 25.268862], [97.120991, 25.271424], [97.119506, 25.274011], [97.118071, 25.276621], [97.116686, 25.279253], [97.115351, 25.281906], [97.114068, 25.284581], [97.112836, 25.287275], [97.111656, 25.289988], [97.110528, 25.29272], [97.109453, 25.295469], [97.10843, 25.298235], [97.107461, 25.301017], [97.106546, 25.303814], [97.105684, 25.306624], [97.104876, 25.309448], [97.104122, 25.312284], [97.103423, 25.315132], [97.102779, 25.317991], [97.10219, 25.320859], [97.101656, 25.323736], [97.101177, 25.326621], [97.100754, 25.329514], [97.100386, 25.332412], [97.100074, 25.335316], [97.099818, 25.338225], [97.099617, 25.341137], [97.099473, 25.344052], [97.099384, 25.346968], [97.099353, 25.349886]]]]}}, {"type": "Feature", "properties": {"type": "D", "designator": "23B", "name": "COMBAT TRAINING AREA", "lower": "6000 MSL", "upper": "240 STD", "activity_note": "", "restriction": "", "hazard": "", "remarks": ""}, "geometry": {"type": "MultiPolygon", "coordinates": [[[[95.9, 16.4], [95.9, 16.283333], [96.033333, 16.283333], [96.033333, 16.4], [95.9, 16.4]]]]}}, {"type": "Feature", "properties": {"type": "R", "designator": "47", "name": "NAMSANG", "lower": "GND SFC", "upper": "115 STD", "activity_note": "", "restriction": "", "hazard": "", "remarks": ""}, "geometry": {"type": "MultiPolygon", "coordinates": [[[[97.913894, 20.890447], [97.913865, 20.887528], [97.91378, 20.88461], [97.913641, 20.881693], [97.913448, 20.878779], [97.913201, 20.875869], [97.9129, 20.872963], [97.912545, 20.870063], [97.912136, 20.867169], [97.911674, 20.864282], [97.911158, 20.861403], [97.910588, 20.858533], [97.909966, 20.855673], [97.90929, 20.852823], [97.908562, 20.849985], [97.907781, 20.847159], [97.906948, 20.844347], [97.906063, 20.841549], [97.905126, 20.838765], [97.904138, 20.835998], [97.903098, 20.833247], [97.902007, 20.830513], [97.900866, 20.827798], [97.899675, 20.825102], [97.898434, 20.822425], [97.897143, 20.81977], [97.895804, 20.817136], [97.894416, 20.814525], [97.892979, 20.811936], [97.891495, 20.809372], [97.889964, 20.806833], [97.888385, 20.804318], [97.88676, 20.801831], [97.88509, 20.79937], [97.883374, 20.796937], [97.881613, 20.794532], [97.879808, 20.792157], [97.877959, 20.789812], [97.876067, 20.787497], [97.874132, 20.785214], [97.872156, 20.782962], [97.870138, 20.780744], [97.868079, 20.778559], [97.86598, 20.776408], [97.863841, 20.774292], [97.861664, 20.772211], [98.112608, 20.535272], [98.118999, 20.541369], [98.12528, 20.547567], [98.131449, 20.553865], [98.137502, 20.56026], [98.14344, 20.566752], [98.149259, 20.573338], [98.154959, 20.580017], [98.160537, 20.586786], [98.165992, 20.593644], [98.171323, 20.600588], [98.176527, 20.607616], [98.181604, 20.614728], [98.186551, 20.621919], [98.191368, 20.629189], [98.196053, 20.636535], [98.200604, 20.643955], [98.20502, 20.651447], [98.209301, 20.659009], [98.213443, 20.666639], [98.217448, 20.674334], [98.221312, 20.682091], [98.225036, 20.68991], [98.228618, 20.697788], [98.232056, 20.705721], [98.235351, 20.713709], [98.2385, 20.721749], [98.241503, 20.729837], [98.24436, 20.737973], [98.247068, 20.746154], [98.249628, 20.754376], [98.252039, 20.762639], [98.2543, 20.770939], [98.25641, 20.779274], [98.258368, 20.787642], [98.260175, 20.796039], [98.261829, 20.804465], [98.26333, 20.812916], [98.264677, 20.82139], [98.265871, 20.829884], [98.26691, 20.838396], [98.267795, 20.846924], [98.268524, 20.855464], [98.269099, 20.864015], [98.269518, 20.872574], [98.269782, 20.881138], [98.269889, 20.889706], [97.913894, 20.890447]]]]}}, {"type": "Feature", "properties": {"type": "R", "designator": "17", "name": "NAMPONG", "lower": "GND SFC", "upper": "100 STD", "activity_note": "", "restriction": "", "hazard": "", "remarks": ""}, "geometry": {"type": "MultiPolygon", "coordinates": [[[[97.413303, 25.231728], [97.411063, 25.229729], [97.408786, 25.227765], [97.406472, 25.225836], [97.404123, 25.223944], [97.401738, 25.222088], [97.399319, 25.22027], [97.396867, 25.218489], [97.394381, 25.216747], [97.391863, 25.215043], [97.389314, 25.213379], [97.386734, 25.211755], [97.384124, 25.210171], [97.381484, 25.208628], [97.378816, 25.207125], [97.37612, 25.205665], [97.373398, 25.204246], [97.370649, 25.20287], [97.367875, 25.201537], [97.365076, 25.200247], [97.362253, 25.199001], [97.359408, 25.197798], [97.35654, 25.19664], [97.353652, 25.195527], [97.350742, 25.194458], [97.347814, 25.193435], [97.344866, 25.192458], [97.341901, 25.191526], [97.338918, 25.19064], [97.33592, 25.189801], [97.332906, 25.189009], [97.329878, 25.188263], [97.326836, 25.187564], [97.323782, 25.186913], [97.320716, 25.186309], [97.317639, 25.185753], [97.314552, 25.185245], [97.311456, 25.184784], [97.308352, 25.184372], [97.30524, 25.184008], [97.302123, 25.183692], [97.298999, 25.183425], [97.295872, 25.183206], [97.29274, 25.183036], [97.289606, 25.182914], [97.28647, 25.182841], [97.283333, 25.182817], [97.283333, 24.848439], [97.292927, 24.848516], [97.302517, 24.848744], [97.312102, 24.849125], [97.321678, 24.849657], [97.331243, 24.850341], [97.340793, 24.851176], [97.350326, 24.852163], [97.359839, 24.853301], [97.369328, 24.85459], [97.378792, 24.856029], [97.388227, 24.857618], [97.397631, 24.859356], [97.407, 24.861243], [97.416332, 24.863279], [97.425624, 24.865462], [97.434873, 24.867792], [97.444076, 24.870269], [97.453231, 24.872891], [97.462335, 24.875658], [97.471385, 24.878569], [97.480378, 24.881623], [97.489312, 24.884819], [97.498184, 24.888156], [97.506991, 24.891634], [97.515731, 24.895251], [97.524401, 24.899005], [97.532998, 24.902897], [97.54152, 24.906925], [97.549964, 24.911087], [97.558328, 24.915382], [97.566609, 24.919809], [97.574805, 24.924367], [97.582912, 24.929054], [97.59093, 24.933869], [97.598855, 24.938811], [97.606684, 24.943878], [97.614416, 24.949067], [97.622048, 24.954379], [97.629578, 24.959811], [97.637003, 24.965362], [97.644322, 24.971029], [97.651532, 24.976812], [97.658631, 24.982708], [97.665616, 24.988716], [97.672486, 24.994833], [97.413303, 25.231728]]]]}}, {"type": "Feature", "properties": {"type": "R", "designator": "37D", "name": "NAYPYITAW", "lower": "GND SFC", "upper": "140 STD", "activity_note": "", "restriction": "", "hazard": "", "remarks": ""}, "geometry": {"type": "MultiPolygon", "coordinates": [[[[95.166667, 19.708333], [95.166667, 19.0], [95.466667, 19.0], [95.466667, 19.708333], [95.166667, 19.708333]]]]}}, {"type": "Feature", "properties": {"type": "R", "designator": "39B", "name": "NYAUNGDON WEST", "lower": "6000 MSL", "upper": "150 STD", "activity_note": "", "restriction": "", "hazard": "", "remarks": ""}, "geometry": {"type": "MultiPolygon", "coordinates": [[[[95.468206, 17.065653], [95.294267, 17.061986], [95.294787, 17.045931], [95.295597, 17.029887], [95.296697, 17.013859], [95.298088, 16.997852], [95.299769, 16.98187], [95.301739, 16.965919], [95.303998, 16.950004], [95.306544, 16.934129], [95.309378, 16.918299], [95.312497, 16.902519], [95.315902, 16.886794], [95.31959, 16.871128], [95.323561, 16.855527], [95.327814, 16.839994], [95.332346, 16.824535], [95.337158, 16.809155], [95.342246, 16.793858], [95.34761, 16.778648], [95.353247, 16.763531], [95.516253, 16.821419], [95.511649, 16.833792], [95.50727, 16.84624], [95.503116, 16.858759], [95.499189, 16.871346], [95.495491, 16.883998], [95.492022, 16.896709], [95.488784, 16.909477], [95.485777, 16.922297], [95.483002, 16.935165], [95.480461, 16.948079], [95.478154, 16.961032], [95.476082, 16.974023], [95.474246, 16.987046], [95.472646, 17.000099], [95.471282, 17.013176], [95.470156, 17.026274], [95.469268, 17.039388], [95.468617, 17.052516], [95.468206, 17.065653]]]]}}, {"type": "Feature", "properties": {"type": "R", "designator": "43", "name": "MAGWAY", "lower": "GND SFC", "upper": "100 STD", "activity_note": "", "restriction": "", "hazard": "", "remarks": ""}, "geometry": {"type": "MultiPolygon", "coordinates": [[[[94.968586, 20.153583], [95.215997, 19.385475], [95.23009, 19.389669], [95.244104, 19.394095], [95.258035, 19.398751], [95.271879, 19.403636], [95.285632, 19.408749], [95.29929, 19.414088], [95.312849, 19.419651], [95.326304, 19.425436], [95.339651, 19.431443], [95.352887, 19.437668], [95.366008, 19.444111], [95.379009, 19.450769], [95.391887, 19.457641], [95.404637, 19.464723], [95.417256, 19.472015], [95.429741, 19.479513], [95.442087, 19.487217], [95.45429, 19.495122], [95.466347, 19.503227], [95.478254, 19.51153], [95.490008, 19.520028], [95.501605, 19.528719], [95.513042, 19.537599], [95.524314, 19.546666], [95.535419, 19.555918], [95.546354, 19.565351], [95.557114, 19.574963], [95.567697, 19.584751], [95.5781, 19.594712], [95.588319, 19.604843], [95.598351, 19.615141], [95.608193, 19.625602], [95.617842, 19.636225], [95.627296, 19.647004], [95.63655, 19.657938], [95.645604, 19.669023], [95.654452, 19.680255], [95.663094, 19.691631], [95.671526, 19.703148], [95.679746, 19.714802], [95.687751, 19.72659], [95.695538, 19.738508], [95.703106, 19.750552], [95.710452, 19.76272], [95.717574, 19.775006], [95.724469, 19.787409], [95.731136, 19.799922], [94.968586, 20.153583]]]]}}, {"type": "Feature", "properties": {"type": "R", "designator": "20", "name": "MYEIK", "lower": "GND SFC", "upper": "90 STD", "activity_note": "", "restriction": "", "hazard": "", "remarks": ""}, "geometry": {"type": "MultiPolygon", "coordinates": [[[[98.621108, 13.277125], [98.606519, 13.277002], [98.591935, 13.276634], [98.577358, 13.276023], [98.562795, 13.275166], [98.548249, 13.274066], [98.533725, 13.272721], [98.519226, 13.271134], [98.504757, 13.269303], [98.490322, 13.267229], [98.475926, 13.264914], [98.461573, 13.262357], [98.447266, 13.25956], [98.433011, 13.256524], [98.418811, 13.253248], [98.404671, 13.249735], [98.390594, 13.245986], [98.376585, 13.242], [98.362649, 13.23778], [98.348788, 13.233327], [98.335007, 13.228642], [98.321311, 13.223726], [98.307703, 13.218582], [98.294187, 13.21321], [98.280767, 13.207611], [98.267447, 13.201789], [98.254232, 13.195744], [98.241124, 13.189478], [98.228128, 13.182993], [98.215247, 13.176291], [98.202486, 13.169374], [98.189849, 13.162243], [98.177337, 13.154902], [98.164957, 13.147352], [98.15271, 13.139595], [98.140601, 13.131634], [98.128634, 13.123471], [98.116811, 13.115108], [98.105136, 13.106548], [98.093613, 13.097794], [98.082244, 13.088847], [98.071035, 13.079711], [98.059986, 13.070389], [98.049103, 13.060882], [98.038387, 13.051194], [98.027843, 13.041328], [98.017472, 13.031286], [98.500603, 12.558444], [98.502677, 12.560449], [98.504786, 12.562418], [98.506928, 12.564352], [98.509104, 12.56625], [98.511313, 12.568111], [98.513554, 12.569935], [98.515826, 12.57172], [98.518128, 12.573468], [98.520461, 12.575176], [98.522824, 12.576845], [98.525214, 12.578475], [98.527633, 12.580063], [98.53008, 12.581611], [98.532552, 12.583118], [98.535051, 12.584583], [98.537575, 12.586006], [98.540123, 12.587386], [98.542695, 12.588724], [98.54529, 12.590018], [98.547906, 12.591268], [98.550545, 12.592474], [98.553204, 12.593636], [98.555882, 12.594753], [98.55858, 12.595825], [98.561296, 12.596852], [98.564029, 12.597832], [98.56678, 12.598767], [98.569546, 12.599656], [98.572327, 12.600497], [98.575122, 12.601293], [98.577931, 12.602041], [98.580752, 12.602742], [98.583585, 12.603395], [98.586429, 12.604001], [98.589283, 12.604559], [98.592147, 12.605069], [98.595019, 12.605531], [98.597899, 12.605944], [98.600785, 12.60631], [98.603677, 12.606626], [98.606575, 12.606895], [98.609476, 12.607114], [98.612381, 12.607285], [98.615289, 12.607407], [98.618198, 12.60748], [98.621108, 12.607506], [98.621108, 13.277125]]]]}}, {"type": "Feature", "properties": {"type": "R", "designator": "42", "name": "MAGWAY", "lower": "GND SFC", "upper": "100 STD", "activity_note": "", "restriction": "", "hazard": "", "remarks": ""}, "geometry": {"type": "MultiPolygon", "coordinates": [[[[94.843417, 20.035247], [94.593642, 19.798303], [94.600257, 19.792177], [94.606983, 19.786162], [94.613819, 19.780258], [94.620762, 19.774467], [94.62781, 19.768792], [94.634962, 19.763234], [94.642214, 19.757795], [94.649565, 19.752476], [94.657012, 19.747279], [94.664554, 19.742205], [94.672187, 19.737257], [94.67991, 19.732435], [94.68772, 19.727741], [94.695615, 19.723176], [94.703593, 19.718743], [94.711651, 19.714441], [94.719786, 19.710273], [94.727996, 19.70624], [94.736279, 19.702342], [94.744632, 19.698582], [94.753053, 19.69496], [94.761539, 19.691477], [94.770088, 19.688135], [94.778696, 19.684934], [94.787362, 19.681875], [94.796082, 19.67896], [94.804855, 19.676189], [94.813677, 19.673563], [94.822546, 19.671083], [94.831458, 19.668749], [94.840413, 19.666562], [94.849406, 19.664524], [94.858434, 19.662634], [94.867497, 19.660893], [94.876589, 19.659301], [94.88571, 19.65786], [94.894855, 19.656569], [94.904023, 19.65543], [94.91321, 19.654441], [94.922414, 19.653604], [94.931631, 19.652919], [94.94086, 19.652386], [94.950098, 19.652005], [94.95934, 19.651776], [94.968586, 19.6517], [94.968586, 19.986292], [94.965565, 19.986316], [94.962544, 19.98639], [94.959526, 19.986511], [94.95651, 19.986682], [94.953497, 19.986901], [94.950489, 19.987168], [94.947486, 19.987484], [94.94449, 19.987849], [94.9415, 19.988261], [94.938518, 19.988722], [94.935545, 19.989231], [94.932581, 19.989788], [94.929628, 19.990392], [94.926687, 19.991044], [94.923757, 19.991743], [94.920841, 19.992489], [94.917938, 19.993283], [94.91505, 19.994123], [94.912178, 19.995009], [94.909322, 19.995942], [94.906483, 19.99692], [94.903662, 19.997944], [94.90086, 19.999014], [94.898078, 20.000128], [94.895317, 20.001287], [94.892576, 20.002491], [94.889858, 20.003738], [94.887163, 20.00503], [94.884491, 20.006364], [94.881844, 20.007741], [94.879222, 20.009161], [94.876626, 20.010623], [94.874056, 20.012127], [94.871514, 20.013671], [94.869001, 20.015257], [94.866516, 20.016883], [94.864061, 20.018548], [94.861637, 20.020253], [94.859243, 20.021997], [94.856881, 20.023779], [94.854552, 20.025599], [94.852256, 20.027456], [94.849994, 20.02935], [94.847766, 20.031281], [94.845574, 20.033246], [94.843417, 20.035247]]]]}}, {"type": "Feature", "properties": {"type": "R", "designator": "14", "name": "SHANTE", "lower": "GND SFC", "upper": "3000 MSL", "activity_note": "", "restriction": "", "hazard": "", "remarks": ""}, "geometry": {"type": "MultiPolygon", "coordinates": [[[[95.916667, 20.966667], [95.382406, 20.965831], [95.382515, 20.957169], [95.382784, 20.948511], [95.383213, 20.939858], [95.3838, 20.931214], [95.384546, 20.92258], [95.38545, 20.91396], [95.386513, 20.905356], [95.387733, 20.89677], [95.38911, 20.888205], [95.390645, 20.879664], [95.392336, 20.871149], [95.394183, 20.862662], [95.396185, 20.854207], [95.398342, 20.845786], [95.400653, 20.8374], [95.403117, 20.829054], [95.405734, 20.820749], [95.408503, 20.812487], [95.411422, 20.804271], [95.414492, 20.796104], [95.417711, 20.787988], [95.421078, 20.779925], [95.424592, 20.771918], [95.428252, 20.76397], [95.432057, 20.756081], [95.436006, 20.748256], [95.440097, 20.740496], [95.44433, 20.732803], [95.448703, 20.72518], [95.453214, 20.717629], [95.457863, 20.710152], [95.462648, 20.702752], [95.467568, 20.69543], [95.47262, 20.688189], [95.477805, 20.681032], [95.483119, 20.673959], [95.488562, 20.666974], [95.494131, 20.660077], [95.499826, 20.653272], [95.505644, 20.646561], [95.511583, 20.639945], [95.517643, 20.633426], [95.523821, 20.627006], [95.530115, 20.620687], [95.536523, 20.614471], [95.543044, 20.60836], [95.549675, 20.602356], [95.556415, 20.59646], [95.563262, 20.590675], [95.570213, 20.585001], [95.577266, 20.57944], [95.58442, 20.573995], [95.591672, 20.568667], [95.59902, 20.563457], [95.606462, 20.558367], [95.613996, 20.553398], [95.621619, 20.548552], [95.629329, 20.543831], [95.637125, 20.539235], [95.645002, 20.534766], [95.65296, 20.530426], [95.660996, 20.526215], [95.669108, 20.522135], [95.677293, 20.518187], [95.685548, 20.514373], [95.693872, 20.510693], [95.702261, 20.507148], [95.710714, 20.503741], [95.719227, 20.50047], [95.727799, 20.497338], [95.736426, 20.494346], [95.745107, 20.491494], [95.753838, 20.488783], [95.762618, 20.486214], [95.771443, 20.483787], [95.780311, 20.481504], [95.789219, 20.479366], [95.798164, 20.477372], [95.807145, 20.475523], [95.816158, 20.47382], [95.8252, 20.472264], [95.83427, 20.470854], [95.843364, 20.469592], [95.852479, 20.468477], [95.861614, 20.467511], [95.870764, 20.466692], [95.879928, 20.466022], [95.889104, 20.465501], [95.898287, 20.465128], [95.907475, 20.464905], [95.916667, 20.464831], [95.916667, 20.966667]]]]}}, {"type": "Feature", "properties": {"type": "R", "designator": "13", "name": "SHANTE", "lower": "GND SFC", "upper": "8000 MSL", "activity_note": "", "restriction": "", "hazard": "", "remarks": ""}, "geometry": {"type": "MultiPolygon", "coordinates": [[[[96.094756, 20.966575], [96.094725, 20.963719], [96.094644, 20.960864], [96.094511, 20.958011], [96.094326, 20.95516], [96.094089, 20.952313], [96.093801, 20.94947], [96.093461, 20.946632], [96.093069, 20.943799], [96.092626, 20.940974], [96.092132, 20.938156], [96.091587, 20.935346], [96.090991, 20.932545], [96.090344, 20.929755], [96.089646, 20.926975], [96.088898, 20.924207], [96.0881, 20.921451], [96.087251, 20.918708], [96.086354, 20.91598], [96.085406, 20.913266], [96.08441, 20.910568], [96.083365, 20.907886], [96.082271, 20.905221], [96.081129, 20.902575], [96.079939, 20.899946], [96.078702, 20.897338], [96.077417, 20.89475], [96.076086, 20.892182], [96.074708, 20.889636], [96.073284, 20.887113], [96.071815, 20.884613], [96.0703, 20.882137], [96.068741, 20.879686], [96.067137, 20.87726], [96.06549, 20.87486], [96.063799, 20.872486], [96.062066, 20.87014], [96.06029, 20.867823], [96.058473, 20.865534], [96.056614, 20.863275], [96.054715, 20.861045], [96.052775, 20.858847], [96.050796, 20.85668], [96.048778, 20.854545], [96.046721, 20.852443], [96.044626, 20.850374], [96.042494, 20.848339], [96.293564, 20.611403], [96.299959, 20.617499], [96.306243, 20.623696], [96.312415, 20.629994], [96.318472, 20.636389], [96.324412, 20.642881], [96.330234, 20.649467], [96.335937, 20.656146], [96.341518, 20.662915], [96.346976, 20.669772], [96.352309, 20.676716], [96.357516, 20.683745], [96.362596, 20.690856], [96.367546, 20.698047], [96.372365, 20.705317], [96.377052, 20.712663], [96.381605, 20.720083], [96.386024, 20.727575], [96.390307, 20.735137], [96.394452, 20.742766], [96.398458, 20.750461], [96.402325, 20.758219], [96.40605, 20.766037], [96.409634, 20.773915], [96.413074, 20.781848], [96.41637, 20.789836], [96.419521, 20.797875], [96.422526, 20.805964], [96.425384, 20.8141], [96.428094, 20.82228], [96.430656, 20.830503], [96.433068, 20.838765], [96.43533, 20.847065], [96.437441, 20.8554], [96.4394, 20.863768], [96.441208, 20.872165], [96.442863, 20.880591], [96.444365, 20.889042], [96.445713, 20.897516], [96.446907, 20.90601], [96.447947, 20.914522], [96.448832, 20.923049], [96.449562, 20.931589], [96.450137, 20.94014], [96.450557, 20.948699], [96.450821, 20.957263], [96.450928, 20.965831], [96.094756, 20.966575]]]]}}, {"type": "Feature", "properties": {"type": "R", "designator": "30", "name": "PATHEIN TRAINING AREA", "lower": "6000 MSL", "upper": "220 STD", "activity_note": "", "restriction": "", "hazard": "", "remarks": ""}, "geometry": {"type": "MultiPolygon", "coordinates": [[[[94.76955, 17.645397], [94.754652, 17.645275], [94.739758, 17.644907], [94.724873, 17.644295], [94.710002, 17.643438], [94.695147, 17.642337], [94.680315, 17.640991], [94.66551, 17.639402], [94.650735, 17.63757], [94.635995, 17.635495], [94.621294, 17.633178], [94.606637, 17.630619], [94.592029, 17.62782], [94.577473, 17.624781], [94.562974, 17.621503], [94.548535, 17.617988], [94.534162, 17.614235], [94.519859, 17.610247], [94.505629, 17.606024], [94.491477, 17.601567], [94.477407, 17.596879], [94.463424, 17.59196], [94.449531, 17.586811], [94.435732, 17.581435], [94.422032, 17.575833], [94.408434, 17.570007], [94.394943, 17.563958], [94.381563, 17.557687], [94.368297, 17.551198], [94.355149, 17.544492], [94.342124, 17.53757], [94.329225, 17.530435], [94.316455, 17.523089], [94.30382, 17.515534], [94.291321, 17.507773], [94.278964, 17.499807], [94.266751, 17.491639], [94.254686, 17.483272], [94.242773, 17.474707], [94.231015, 17.465948], [94.219416, 17.456997], [94.207979, 17.447856], [94.196707, 17.438529], [94.185604, 17.429017], [94.174673, 17.419325], [94.163917, 17.409454], [94.153339, 17.399408], [94.646617, 16.926983], [94.648732, 16.928988], [94.650883, 16.930957], [94.653068, 16.932891], [94.655288, 16.934788], [94.65754, 16.936649], [94.659826, 16.938472], [94.662144, 16.940257], [94.664492, 16.942005], [94.666872, 16.943713], [94.669282, 16.945382], [94.671721, 16.94701], [94.674188, 16.948599], [94.676684, 16.950147], [94.679206, 16.951653], [94.681755, 16.953118], [94.68433, 16.954541], [94.686929, 16.955921], [94.689553, 16.957258], [94.6922, 16.958552], [94.694869, 16.959802], [94.697561, 16.961008], [94.700273, 16.96217], [94.703006, 16.963287], [94.705758, 16.964358], [94.708529, 16.965385], [94.711318, 16.966365], [94.714123, 16.9673], [94.716945, 16.968188], [94.719782, 16.96903], [94.722634, 16.969825], [94.725499, 16.970573], [94.728378, 16.971274], [94.731268, 16.971927], [94.73417, 16.972533], [94.737082, 16.973091], [94.740003, 16.973601], [94.742933, 16.974062], [94.745871, 16.974476], [94.748816, 16.974841], [94.751766, 16.975158], [94.754722, 16.975426], [94.757683, 16.975646], [94.760646, 16.975816], [94.763613, 16.975938], [94.766581, 16.976012], [94.76955, 16.976036], [94.76955, 17.645397]]]]}}, {"type": "Feature", "properties": {"type": "R", "designator": "15", "name": "SHANTE", "lower": "100 STD", "upper": "140 STD", "activity_note": "", "restriction": "", "hazard": "", "remarks": ""}, "geometry": {"type": "MultiPolygon", "coordinates": [[[[95.665206, 20.729917], [95.289478, 20.374094], [95.300561, 20.363903], [95.311828, 20.353895], [95.323278, 20.344072], [95.334907, 20.334439], [95.34671, 20.324998], [95.358685, 20.315752], [95.370828, 20.306704], [95.383134, 20.297856], [95.395602, 20.289211], [95.408225, 20.280771], [95.421002, 20.27254], [95.433928, 20.26452], [95.446998, 20.256712], [95.46021, 20.24912], [95.473559, 20.241746], [95.487041, 20.234592], [95.500652, 20.22766], [95.514387, 20.220952], [95.528244, 20.21447], [95.542217, 20.208216], [95.556303, 20.202192], [95.570496, 20.196401], [95.584794, 20.190842], [95.599191, 20.185519], [95.613683, 20.180433], [95.628267, 20.175585], [95.642936, 20.170977], [95.657688, 20.16661], [95.672518, 20.162485], [95.687421, 20.158605], [95.702392, 20.154969], [95.717428, 20.151579], [95.732523, 20.148436], [95.747674, 20.145541], [95.762875, 20.142895], [95.778123, 20.140499], [95.793412, 20.138352], [95.808738, 20.136457], [95.824096, 20.134814], [95.839482, 20.133422], [95.854891, 20.132283], [95.870319, 20.131397], [95.88576, 20.130763], [95.901211, 20.130383], [95.916667, 20.130256], [95.916667, 20.632111], [95.910599, 20.632161], [95.904533, 20.632307], [95.898471, 20.63255], [95.892414, 20.63289], [95.886364, 20.633328], [95.880323, 20.633862], [95.874292, 20.634494], [95.868273, 20.635222], [95.862269, 20.636046], [95.85628, 20.636966], [95.850309, 20.637983], [95.844357, 20.639095], [95.838426, 20.640302], [95.832518, 20.641604], [95.826634, 20.643001], [95.820776, 20.644492], [95.814946, 20.646076], [95.809145, 20.647754], [95.803375, 20.649525], [95.797639, 20.651388], [95.791937, 20.653343], [95.78627, 20.655389], [95.780642, 20.657525], [95.775053, 20.659751], [95.769505, 20.662067], [95.764, 20.664471], [95.758539, 20.666964], [95.753124, 20.669543], [95.747756, 20.672209], [95.742437, 20.674961], [95.737169, 20.677797], [95.731953, 20.680718], [95.72679, 20.683722], [95.721682, 20.686808], [95.716631, 20.689976], [95.711638, 20.693224], [95.706704, 20.696552], [95.701831, 20.699958], [95.697021, 20.703442], [95.692274, 20.707003], [95.687592, 20.710639], [95.682977, 20.71435], [95.678429, 20.718134], [95.673951, 20.721991], [95.669543, 20.725919], [95.665206, 20.729917]]]]}}, {"type": "Feature", "properties": {"type": "R", "designator": "18", "name": "TAUNGOO", "lower": "GND SFC", "upper": "7000 MSL", "activity_note": "", "restriction": "", "hazard": "", "remarks": ""}, "geometry": {"type": "MultiPolygon", "coordinates": [[[[96.775206, 19.385814], [96.401214, 19.031281], [96.928986, 19.030528], [96.928934, 19.039288], [96.92872, 19.048046], [96.928346, 19.056798], [96.927811, 19.065544], [96.927116, 19.074279], [96.92626, 19.083001], [96.925244, 19.091708], [96.924069, 19.100396], [96.922734, 19.109064], [96.92124, 19.117708], [96.919587, 19.126326], [96.917776, 19.134915], [96.915808, 19.143473], [96.913682, 19.151997], [96.9114, 19.160484], [96.908963, 19.168933], [96.90637, 19.177339], [96.903623, 19.185701], [96.900722, 19.194016], [96.897669, 19.202282], [96.894464, 19.210496], [96.891109, 19.218655], [96.887604, 19.226758], [96.88395, 19.234801], [96.880148, 19.242782], [96.8762, 19.250699], [96.872107, 19.258549], [96.86787, 19.26633], [96.86349, 19.274039], [96.858969, 19.281675], [96.854307, 19.289234], [96.849507, 19.296715], [96.84457, 19.304115], [96.839497, 19.311432], [96.83429, 19.318663], [96.82895, 19.325807], [96.823479, 19.332862], [96.817879, 19.339824], [96.812151, 19.346693], [96.806298, 19.353465], [96.80032, 19.360139], [96.79422, 19.366713], [96.787999, 19.373184], [96.78166, 19.379552], [96.775206, 19.385814]]]]}}, {"type": "Feature", "properties": {"type": "R", "designator": "29", "name": "PATHEIN EAST SECTORS", "lower": "GND SFC", "upper": "90 STD", "activity_note": "", "restriction": "", "hazard": "", "remarks": ""}, "geometry": {"type": "MultiPolygon", "coordinates": [[[[95.138808, 17.16335], [94.892483, 16.926983], [94.894609, 16.924899], [94.896696, 16.922779], [94.898744, 16.920625], [94.900753, 16.918436], [94.902722, 16.916214], [94.90465, 16.913959], [94.906537, 16.911672], [94.908383, 16.909353], [94.910186, 16.907004], [94.911946, 16.904625], [94.913662, 16.902217], [94.915335, 16.899781], [94.916963, 16.897316], [94.918546, 16.894825], [94.920084, 16.892307], [94.921575, 16.889764], [94.923021, 16.887196], [94.924419, 16.884604], [94.925771, 16.88199], [94.927075, 16.879352], [94.92833, 16.876694], [94.929538, 16.874014], [94.930696, 16.871315], [94.931806, 16.868597], [94.932865, 16.86586], [94.933876, 16.863106], [94.934836, 16.860336], [94.935745, 16.85755], [94.936604, 16.854749], [94.937412, 16.851933], [94.938169, 16.849105], [94.938875, 16.846265], [94.939529, 16.843413], [94.940131, 16.84055], [94.940681, 16.837678], [94.941179, 16.834797], [94.941625, 16.831908], [94.942018, 16.829012], [94.942358, 16.82611], [94.942647, 16.823202], [94.942882, 16.82029], [94.943064, 16.817375], [94.943194, 16.814457], [94.943271, 16.811537], [94.943294, 16.808617], [95.290783, 16.808028], [95.29073, 16.816599], [95.290525, 16.825169], [95.290169, 16.833734], [95.289661, 16.842291], [95.289001, 16.850839], [95.288189, 16.859375], [95.287227, 16.867897], [95.286113, 16.876401], [95.284849, 16.884886], [95.283434, 16.893348], [95.281869, 16.901786], [95.280154, 16.910198], [95.278291, 16.918579], [95.276279, 16.926929], [95.274119, 16.935245], [95.271811, 16.943524], [95.269357, 16.951763], [95.266757, 16.959962], [95.264012, 16.968116], [95.261122, 16.976224], [95.258088, 16.984283], [95.254912, 16.992291], [95.251593, 17.000245], [95.248134, 17.008144], [95.244535, 17.015985], [95.240797, 17.023766], [95.236921, 17.031484], [95.232908, 17.039137], [95.22876, 17.046723], [95.224477, 17.054239], [95.220061, 17.061684], [95.215514, 17.069056], [95.210836, 17.076351], [95.206028, 17.083569], [95.201093, 17.090706], [95.196032, 17.097761], [95.190846, 17.104732], [95.185536, 17.111617], [95.180104, 17.118413], [95.174552, 17.125119], [95.168882, 17.131733], [95.163094, 17.138252], [95.157192, 17.144676], [95.151175, 17.151001], [95.145047, 17.157226], [95.138808, 17.16335]]]]}}, {"type": "Feature", "properties": {"type": "R", "designator": "18", "name": "TAUNGOO", "lower": "GND SFC", "upper": "7000 MSL", "activity_note": "", "restriction": "", "hazard": "", "remarks": ""}, "geometry": {"type": "MultiPolygon", "coordinates": [[[[96.401214, 19.031281], [96.773619, 18.675981], [96.779937, 18.682079], [96.786145, 18.68828], [96.792241, 18.69458], [96.798224, 18.700978], [96.804092, 18.707473], [96.809843, 18.714062], [96.815476, 18.720743], [96.820988, 18.727515], [96.826379, 18.734375], [96.831647, 18.741322], [96.836789, 18.748354], [96.841806, 18.755468], [96.846694, 18.762662], [96.851454, 18.769934], [96.856082, 18.777283], [96.860579, 18.784706], [96.864943, 18.792201], [96.869172, 18.799766], [96.873264, 18.807398], [96.87722, 18.815095], [96.881038, 18.822856], [96.884716, 18.830677], [96.888254, 18.838557], [96.891651, 18.846494], [96.894905, 18.854484], [96.898015, 18.862526], [96.900981, 18.870617], [96.903802, 18.878756], [96.906477, 18.886939], [96.909005, 18.895164], [96.911385, 18.903429], [96.913617, 18.911731], [96.9157, 18.920069], [96.917633, 18.928439], [96.919416, 18.936839], [96.921048, 18.945267], [96.922528, 18.95372], [96.923857, 18.962196], [96.925034, 18.970692], [96.926058, 18.979207], [96.92693, 18.987736], [96.927648, 18.996279], [96.928213, 19.004832], [96.928625, 19.013392], [96.928882, 19.021959], [96.928986, 19.030528], [96.401214, 19.031281]]]]}}, {"type": "Feature", "properties": {"type": "R", "designator": "15", "name": "SHANTE", "lower": "100 STD", "upper": "150 STD", "activity_note": "", "restriction": "", "hazard": "", "remarks": ""}, "geometry": {"type": "MultiPolygon", "coordinates": [[[[95.284525, 21.556872], [95.27387, 21.546649], [95.263404, 21.536257], [95.25313, 21.525699], [95.243052, 21.514978], [95.233173, 21.504096], [95.223495, 21.493058], [95.214021, 21.481866], [95.204754, 21.470524], [95.195696, 21.459035], [95.186851, 21.447403], [95.178221, 21.43563], [95.169808, 21.423721], [95.161615, 21.411679], [95.153644, 21.399507], [95.145897, 21.387208], [95.138377, 21.374788], [95.131085, 21.362249], [95.124025, 21.349594], [95.117197, 21.336828], [95.110604, 21.323955], [95.104247, 21.310978], [95.098129, 21.297901], [95.092252, 21.284727], [95.086616, 21.271461], [95.081223, 21.258107], [95.076075, 21.244668], [95.071174, 21.231149], [95.06652, 21.217553], [95.062116, 21.203884], [95.057962, 21.190147], [95.054059, 21.176345], [95.050409, 21.162483], [95.047012, 21.148564], [95.043869, 21.134592], [95.040982, 21.120573], [95.038351, 21.106509], [95.035976, 21.092404], [95.033859, 21.078264], [95.032, 21.064092], [95.030399, 21.049892], [95.029057, 21.035668], [95.027974, 21.021425], [95.02715, 21.007167], [95.026585, 20.992897], [95.026281, 20.978621], [95.026236, 20.964342], [95.560492, 20.966294], [95.560531, 20.972133], [95.56068, 20.97797], [95.560938, 20.983804], [95.561303, 20.989633], [95.561778, 20.995455], [95.56236, 21.001268], [95.56305, 21.007071], [95.563848, 21.012861], [95.564754, 21.018638], [95.565766, 21.024398], [95.566886, 21.030142], [95.568113, 21.035866], [95.569446, 21.041569], [95.570885, 21.047249], [95.572429, 21.052905], [95.574078, 21.058535], [95.575832, 21.064137], [95.57769, 21.069709], [95.579651, 21.07525], [95.581716, 21.080758], [95.583882, 21.086231], [95.58615, 21.091668], [95.588519, 21.097067], [95.590988, 21.102426], [95.593557, 21.107744], [95.596225, 21.113019], [95.59899, 21.11825], [95.601852, 21.123434], [95.604811, 21.128571], [95.607865, 21.133658], [95.611013, 21.138695], [95.614255, 21.143679], [95.617589, 21.148609], [95.621014, 21.153484], [95.62453, 21.158302], [95.628135, 21.163061], [95.631829, 21.167761], [95.63561, 21.1724], [95.639476, 21.176975], [95.643428, 21.181487], [95.647462, 21.185933], [95.65158, 21.190313], [95.655778, 21.194624], [95.660056, 21.198866], [95.664414, 21.203036], [95.284525, 21.556872]]]]}}, {"type": "Feature", "properties": {"type": "R", "designator": "29", "name": "PATHEIN EAST SECTORS", "lower": "GND SFC", "upper": "130 STD", "activity_note": "", "restriction": "", "hazard": "", "remarks": ""}, "geometry": {"type": "MultiPolygon", "coordinates": [[[[94.76955, 17.310722], [94.76955, 16.976036], [94.772519, 16.976012], [94.775487, 16.975938], [94.778454, 16.975816], [94.781417, 16.975646], [94.784378, 16.975426], [94.787334, 16.975158], [94.790284, 16.974841], [94.793229, 16.974476], [94.796167, 16.974062], [94.799097, 16.973601], [94.802018, 16.973091], [94.80493, 16.972533], [94.807832, 16.971927], [94.810722, 16.971274], [94.813601, 16.970573], [94.816466, 16.969825], [94.819318, 16.96903], [94.822155, 16.968188], [94.824977, 16.9673], [94.827782, 16.966365], [94.830571, 16.965385], [94.833342, 16.964358], [94.836094, 16.963287], [94.838827, 16.96217], [94.841539, 16.961008], [94.844231, 16.959802], [94.8469, 16.958552], [94.849547, 16.957258], [94.852171, 16.955921], [94.85477, 16.954541], [94.857345, 16.953118], [94.859894, 16.951653], [94.862416, 16.950147], [94.864912, 16.948599], [94.867379, 16.94701], [94.869818, 16.945382], [94.872228, 16.943713], [94.874608, 16.942005], [94.876956, 16.940257], [94.879274, 16.938472], [94.88156, 16.936649], [94.883812, 16.934788], [94.886032, 16.932891], [94.888217, 16.930957], [94.890368, 16.928988], [94.892483, 16.926983], [95.138808, 17.16335], [95.13232, 17.169503], [95.12572, 17.175546], [95.119011, 17.181477], [95.112194, 17.187294], [95.105273, 17.192996], [95.098249, 17.198581], [95.091124, 17.204046], [95.083901, 17.209391], [95.076581, 17.214614], [95.069167, 17.219713], [95.061662, 17.224687], [95.054066, 17.229534], [95.046384, 17.234252], [95.038616, 17.23884], [95.030766, 17.243297], [95.022836, 17.247622], [95.014828, 17.251812], [95.006745, 17.255868], [94.99859, 17.259787], [94.990363, 17.263568], [94.98207, 17.26721], [94.973711, 17.270712], [94.965289, 17.274073], [94.956807, 17.277293], [94.948268, 17.280369], [94.939674, 17.283301], [94.931027, 17.286088], [94.922332, 17.288729], [94.913589, 17.291224], [94.904802, 17.293572], [94.895973, 17.295771], [94.887106, 17.297822], [94.878203, 17.299723], [94.869266, 17.301475], [94.860298, 17.303075], [94.851303, 17.304525], [94.842283, 17.305824], [94.83324, 17.30697], [94.824178, 17.307965], [94.815099, 17.308807], [94.806006, 17.309496], [94.796902, 17.310033], [94.787789, 17.310416], [94.778671, 17.310646], [94.76955, 17.310722]]]]}}, {"type": "Feature", "properties": {"type": "R", "designator": "13", "name": "SHANTE", "lower": "GND SFC", "upper": "8000 MSL", "activity_note": "", "restriction": "", "hazard": "", "remarks": ""}, "geometry": {"type": "MultiPolygon", "coordinates": [[[[95.537986, 21.321078], [95.531451, 21.314817], [95.525034, 21.308449], [95.518738, 21.301978], [95.512563, 21.295404], [95.506512, 21.28873], [95.500588, 21.281957], [95.49479, 21.275089], [95.489122, 21.268127], [95.483585, 21.261073], [95.478181, 21.253929], [95.472911, 21.246698], [95.467776, 21.239381], [95.46278, 21.231981], [95.457922, 21.224501], [95.453205, 21.216942], [95.44863, 21.209307], [95.444198, 21.201598], [95.43991, 21.193818], [95.435769, 21.185968], [95.431774, 21.178052], [95.427928, 21.170071], [95.424231, 21.162029], [95.420685, 21.153927], [95.417291, 21.145769], [95.414049, 21.137556], [95.410961, 21.129291], [95.408027, 21.120977], [95.405249, 21.112616], [95.402627, 21.104211], [95.400162, 21.095764], [95.397855, 21.087277], [95.395706, 21.078755], [95.393716, 21.070198], [95.391886, 21.06161], [95.390216, 21.052994], [95.388706, 21.044351], [95.387358, 21.035685], [95.386171, 21.026998], [95.385146, 21.018293], [95.384282, 21.009572], [95.383582, 21.000839], [95.383043, 20.992095], [95.382668, 20.983344], [95.382455, 20.974589], [95.382406, 20.965831], [95.738578, 20.966575], [95.738602, 20.969494], [95.73868, 20.972413], [95.738812, 20.97533], [95.738999, 20.978244], [95.739239, 20.981154], [95.739534, 20.984061], [95.739882, 20.986962], [95.740285, 20.989856], [95.740741, 20.992744], [95.74125, 20.995624], [95.741814, 20.998495], [95.74243, 21.001357], [95.7431, 21.004207], [95.743822, 21.007047], [95.744597, 21.009874], [95.745425, 21.012688], [95.746305, 21.015488], [95.747237, 21.018273], [95.74822, 21.021043], [95.749255, 21.023796], [95.750341, 21.026531], [95.751478, 21.029249], [95.752665, 21.031947], [95.753902, 21.034625], [95.755188, 21.037283], [95.756524, 21.039919], [95.757909, 21.042533], [95.759342, 21.045124], [95.760823, 21.047691], [95.762352, 21.050233], [95.763928, 21.05275], [95.76555, 21.055241], [95.767219, 21.057704], [95.768933, 21.06014], [95.770692, 21.062548], [95.772496, 21.064926], [95.774344, 21.067274], [95.776235, 21.069592], [95.778169, 21.071878], [95.780145, 21.074133], [95.782163, 21.076354], [95.784222, 21.078542], [95.786322, 21.080696], [95.788461, 21.082815], [95.790639, 21.0849], [95.537986, 21.321078]]]]}}, {"type": "Feature", "properties": {"type": "R", "designator": "54", "name": "HOMMALINN", "lower": "GND SFC", "upper": "100 STD", "activity_note": "", "restriction": "", "hazard": "", "remarks": ""}, "geometry": {"type": "MultiPolygon", "coordinates": [[[[95.097556, 24.898742], [95.097522, 24.895824], [95.097434, 24.892907], [95.09729, 24.889992], [95.097091, 24.88708], [95.096835, 24.884171], [95.096524, 24.881267], [95.096158, 24.878368], [95.095736, 24.875476], [95.095259, 24.87259], [95.094727, 24.869713], [95.09414, 24.866845], [95.093498, 24.863986], [95.092802, 24.861138], [95.092051, 24.858302], [95.091246, 24.855478], [95.090388, 24.852667], [95.089476, 24.84987], [95.08851, 24.847088], [95.087491, 24.844322], [95.08642, 24.841573], [95.085297, 24.838841], [95.084121, 24.836127], [95.082894, 24.833433], [95.081615, 24.830758], [95.080285, 24.828105], [95.078905, 24.825473], [95.077475, 24.822863], [95.075996, 24.820276], [95.074467, 24.817713], [95.072889, 24.815175], [95.071263, 24.812663], [95.06959, 24.810177], [95.067869, 24.807717], [95.066102, 24.805286], [95.064288, 24.802883], [95.062429, 24.800509], [95.060525, 24.798165], [95.058576, 24.795852], [95.056584, 24.793571], [95.054548, 24.791321], [95.052469, 24.789104], [95.050349, 24.78692], [95.048187, 24.784771], [95.045985, 24.782656], [95.043742, 24.780578], [95.301997, 24.543678], [95.308724, 24.549905], [95.315333, 24.556237], [95.32182, 24.562674], [95.328184, 24.569213], [95.334423, 24.575853], [95.340536, 24.58259], [95.346519, 24.589424], [95.352371, 24.596353], [95.358091, 24.603373], [95.363677, 24.610483], [95.369127, 24.617681], [95.374439, 24.624965], [95.379612, 24.632333], [95.384644, 24.639781], [95.389534, 24.647308], [95.39428, 24.654913], [95.39888, 24.662591], [95.403334, 24.670342], [95.40764, 24.678162], [95.411796, 24.68605], [95.415801, 24.694002], [95.419654, 24.702017], [95.423354, 24.710092], [95.4269, 24.718225], [95.43029, 24.726413], [95.433524, 24.734654], [95.4366, 24.742945], [95.439518, 24.751284], [95.442276, 24.759668], [95.444874, 24.768094], [95.447311, 24.776561], [95.449586, 24.785065], [95.451698, 24.793604], [95.453647, 24.802175], [95.455432, 24.810776], [95.457053, 24.819404], [95.458508, 24.828057], [95.459798, 24.836731], [95.460923, 24.845425], [95.46188, 24.854135], [95.462672, 24.862859], [95.463296, 24.871595], [95.463753, 24.880339], [95.464043, 24.889089], [95.464167, 24.897842], [95.097556, 24.898742]]]]}}, {"type": "Feature", "properties": {"type": "R", "designator": "18", "name": "TAUNGOO", "lower": "GND SFC", "upper": "7000 MSL", "activity_note": "", "restriction": "", "hazard": "", "remarks": ""}, "geometry": {"type": "MultiPolygon", "coordinates": [[[[96.027222, 19.385814], [96.020767, 19.379552], [96.014428, 19.373184], [96.008208, 19.366713], [96.002108, 19.360139], [95.99613, 19.353465], [95.990277, 19.346693], [95.984549, 19.339824], [95.978949, 19.332862], [95.973478, 19.325807], [95.968138, 19.318663], [95.962931, 19.311432], [95.957858, 19.304115], [95.952921, 19.296715], [95.948121, 19.289234], [95.943459, 19.281675], [95.938938, 19.274039], [95.934558, 19.26633], [95.930321, 19.258549], [95.926227, 19.250699], [95.92228, 19.242782], [95.918478, 19.234801], [95.914824, 19.226758], [95.911319, 19.218655], [95.907963, 19.210496], [95.904759, 19.202282], [95.901706, 19.194016], [95.898805, 19.185701], [95.896058, 19.177339], [95.893465, 19.168933], [95.891027, 19.160484], [95.888745, 19.151997], [95.88662, 19.143473], [95.884651, 19.134915], [95.882841, 19.126326], [95.881188, 19.117708], [95.879694, 19.109064], [95.878359, 19.100396], [95.877183, 19.091708], [95.876168, 19.083001], [95.875312, 19.074279], [95.874617, 19.065544], [95.874082, 19.056798], [95.873708, 19.048046], [95.873494, 19.039288], [95.873442, 19.030528], [96.401214, 19.031281], [96.027222, 19.385814]]]]}}, {"type": "Feature", "properties": {"type": "R", "designator": "54", "name": "HOMMALINN", "lower": "GND SFC", "upper": "100 STD", "activity_note": "", "restriction": "", "hazard": "", "remarks": ""}, "geometry": {"type": "MultiPolygon", "coordinates": [[[[94.784753, 24.780578], [94.526497, 24.543678], [94.533192, 24.537692], [94.539997, 24.53181], [94.54691, 24.526035], [94.55393, 24.520369], [94.561053, 24.514813], [94.568278, 24.509369], [94.575603, 24.504038], [94.583026, 24.498822], [94.590545, 24.493722], [94.598157, 24.48874], [94.60586, 24.483877], [94.613652, 24.479135], [94.621531, 24.474515], [94.629495, 24.470018], [94.637541, 24.465646], [94.645666, 24.4614], [94.653869, 24.457281], [94.662147, 24.45329], [94.670498, 24.449429], [94.678919, 24.445698], [94.687408, 24.442099], [94.695962, 24.438633], [94.70458, 24.435301], [94.713257, 24.432103], [94.721993, 24.429041], [94.730784, 24.426115], [94.739628, 24.423327], [94.748522, 24.420676], [94.757464, 24.418165], [94.766452, 24.415793], [94.775482, 24.413562], [94.784551, 24.411471], [94.793659, 24.409522], [94.802801, 24.407715], [94.811975, 24.406051], [94.821178, 24.40453], [94.830408, 24.403152], [94.839663, 24.401919], [94.848939, 24.400829], [94.858234, 24.399884], [94.867545, 24.399085], [94.876869, 24.39843], [94.886204, 24.39792], [94.895547, 24.397556], [94.904896, 24.397338], [94.914247, 24.397264], [94.914247, 24.731661], [94.911122, 24.731687], [94.907997, 24.73176], [94.904875, 24.731881], [94.901755, 24.732052], [94.898638, 24.732271], [94.895526, 24.732538], [94.89242, 24.732854], [94.88932, 24.733218], [94.886227, 24.73363], [94.883142, 24.73409], [94.880067, 24.734599], [94.877001, 24.735155], [94.873946, 24.735759], [94.870903, 24.73641], [94.867872, 24.737109], [94.864855, 24.737854], [94.861852, 24.738647], [94.858865, 24.739486], [94.855893, 24.740372], [94.852939, 24.741304], [94.850002, 24.742281], [94.847084, 24.743305], [94.844185, 24.744373], [94.841307, 24.745487], [94.83845, 24.746645], [94.835615, 24.747847], [94.832803, 24.749094], [94.830014, 24.750384], [94.82725, 24.751717], [94.824511, 24.753093], [94.821798, 24.754512], [94.819112, 24.755973], [94.816454, 24.757475], [94.813824, 24.759019], [94.811224, 24.760603], [94.808653, 24.762227], [94.806113, 24.763891], [94.803604, 24.765595], [94.801128, 24.767337], [94.798684, 24.769118], [94.796274, 24.770937], [94.793898, 24.772792], [94.791558, 24.774685], [94.789253, 24.776613], [94.786984, 24.778578], [94.784753, 24.780578]]]]}}, {"type": "Feature", "properties": {"type": "R", "designator": "18", "name": "TAUNGOO", "lower": "GND SFC", "upper": "7000 MSL", "activity_note": "", "restriction": "", "hazard": "", "remarks": ""}, "geometry": {"type": "MultiPolygon", "coordinates": [[[[96.401214, 19.031281], [96.028808, 18.675981], [96.035378, 18.669853], [96.042058, 18.663836], [96.048846, 18.657931], [96.055742, 18.652139], [96.062742, 18.646462], [96.069844, 18.640902], [96.077047, 18.635462], [96.084347, 18.630141], [96.091744, 18.624943], [96.099234, 18.619868], [96.106815, 18.614918], [96.114485, 18.610094], [96.122242, 18.605399], [96.130084, 18.600833], [96.138007, 18.596398], [96.14601, 18.592096], [96.15409, 18.587926], [96.162245, 18.583892], [96.170472, 18.579993], [96.178768, 18.576232], [96.187132, 18.572609], [96.195561, 18.569125], [96.204051, 18.565782], [96.212602, 18.56258], [96.221209, 18.55952], [96.22987, 18.556604], [96.238584, 18.553832], [96.247346, 18.551205], [96.256155, 18.548724], [96.265008, 18.54639], [96.273902, 18.544202], [96.282834, 18.542163], [96.291802, 18.540273], [96.300804, 18.538531], [96.309835, 18.536939], [96.318894, 18.535497], [96.327978, 18.534206], [96.337084, 18.533066], [96.346209, 18.532077], [96.355351, 18.53124], [96.364507, 18.530555], [96.373674, 18.530022], [96.38285, 18.529641], [96.39203, 18.529412], [96.401214, 18.529336], [96.401214, 19.031281]]]]}}, {"type": "Feature", "properties": {"type": "R", "designator": "19B", "name": "TAUNGOO", "lower": "90 STD", "upper": "150 STD", "activity_note": "", "restriction": "", "hazard": "", "remarks": ""}, "geometry": {"type": "MultiPolygon", "coordinates": [[[[96.583333, 18.8], [96.583333, 18.3], [97.233333, 18.3], [97.233333, 18.8], [96.583333, 18.8]]]]}}, {"type": "Feature", "properties": {"type": "R", "designator": "20", "name": "MYEIK", "lower": "GND SFC", "upper": "90 STD", "activity_note": "", "restriction": "", "hazard": "", "remarks": ""}, "geometry": {"type": "MultiPolygon", "coordinates": [[[[98.017472, 13.031286], [98.007055, 13.020843], [97.996825, 13.010223], [97.986788, 12.999429], [97.976944, 12.988464], [97.967298, 12.977333], [97.957853, 12.966037], [97.948611, 12.954582], [97.939575, 12.942969], [97.930747, 12.931204], [97.922132, 12.919288], [97.91373, 12.907227], [97.905545, 12.895024], [97.897579, 12.882682], [97.889834, 12.870205], [97.882314, 12.857598], [97.875019, 12.844863], [97.867953, 12.832005], [97.861118, 12.819028], [97.854514, 12.805936], [97.848146, 12.792732], [97.842013, 12.779421], [97.836119, 12.766007], [97.830465, 12.752494], [97.825053, 12.738886], [97.819884, 12.725188], [97.814959, 12.711403], [97.810281, 12.697535], [97.805851, 12.683589], [97.80167, 12.66957], [97.797739, 12.655481], [97.794059, 12.641326], [97.790632, 12.627111], [97.787458, 12.612839], [97.784539, 12.598514], [97.781875, 12.584142], [97.779467, 12.569726], [97.777316, 12.555272], [97.775422, 12.540782], [97.773785, 12.526262], [97.772408, 12.511717], [97.771289, 12.497149], [97.770428, 12.482565], [97.769828, 12.467969], [97.769486, 12.453364], [97.769403, 12.438756], [98.450767, 12.440042], [98.450791, 12.442963], [98.450867, 12.445884], [98.450995, 12.448803], [98.451174, 12.45172], [98.451406, 12.454633], [98.451689, 12.457541], [98.452023, 12.460444], [98.45241, 12.463341], [98.452847, 12.466231], [98.453336, 12.469113], [98.453876, 12.471987], [98.454467, 12.47485], [98.455109, 12.477703], [98.455801, 12.480545], [98.456544, 12.483374], [98.457337, 12.48619], [98.458179, 12.488992], [98.459072, 12.491779], [98.460014, 12.49455], [98.461005, 12.497305], [98.462044, 12.500042], [98.463133, 12.502761], [98.464269, 12.505461], [98.465453, 12.508142], [98.466685, 12.510801], [98.467963, 12.513439], [98.469289, 12.516054], [98.47066, 12.518647], [98.472078, 12.521215], [98.473541, 12.523759], [98.475049, 12.526277], [98.476601, 12.52877], [98.478198, 12.531235], [98.479838, 12.533672], [98.481521, 12.536081], [98.483247, 12.53846], [98.485015, 12.54081], [98.486824, 12.543129], [98.488674, 12.545416], [98.490565, 12.547672], [98.492495, 12.549894], [98.494465, 12.552084], [98.496473, 12.554239], [98.49852, 12.556359], [98.500603, 12.558444], [98.017472, 13.031286]]]]}}, {"type": "Feature", "properties": {"type": "R", "designator": "13", "name": "SHANTE", "lower": "GND SFC", "upper": "8000 MSL", "activity_note": "", "restriction": "", "hazard": "", "remarks": ""}, "geometry": {"type": "MultiPolygon", "coordinates": [[[[95.790839, 20.848339], [95.539769, 20.611403], [95.546274, 20.60541], [95.552885, 20.599523], [95.559602, 20.593742], [95.566422, 20.58807], [95.573343, 20.582509], [95.580364, 20.577059], [95.587482, 20.571722], [95.594696, 20.5665], [95.602002, 20.561395], [95.609399, 20.556408], [95.616886, 20.55154], [95.624458, 20.546793], [95.632116, 20.542168], [95.639855, 20.537666], [95.647675, 20.533289], [95.655572, 20.529038], [95.663545, 20.524915], [95.671591, 20.52092], [95.679708, 20.517054], [95.687893, 20.513319], [95.696145, 20.509716], [95.70446, 20.506246], [95.712836, 20.50291], [95.721272, 20.499709], [95.729763, 20.496643], [95.738309, 20.493714], [95.746906, 20.490922], [95.755552, 20.488269], [95.764245, 20.485754], [95.772982, 20.48338], [95.78176, 20.481146], [95.790577, 20.479053], [95.799431, 20.477102], [95.808319, 20.475293], [95.817237, 20.473626], [95.826185, 20.472103], [95.835158, 20.470724], [95.844155, 20.469489], [95.853174, 20.468398], [95.86221, 20.467453], [95.871262, 20.466652], [95.880327, 20.465996], [95.889403, 20.465486], [95.898486, 20.465122], [95.907575, 20.464903], [95.916667, 20.464831], [95.916667, 20.799392], [95.913562, 20.799417], [95.910458, 20.799493], [95.907357, 20.79962], [95.904258, 20.799798], [95.901162, 20.800027], [95.898072, 20.800306], [95.894987, 20.800637], [95.891909, 20.801017], [95.888838, 20.801448], [95.885776, 20.80193], [95.882723, 20.802461], [95.87968, 20.803042], [95.876649, 20.803674], [95.87363, 20.804354], [95.870624, 20.805085], [95.867631, 20.805864], [95.864654, 20.806692], [95.861693, 20.807569], [95.858748, 20.808495], [95.855821, 20.809468], [95.852912, 20.81049], [95.850023, 20.811558], [95.847153, 20.812675], [95.844305, 20.813838], [95.841479, 20.815047], [95.838676, 20.816303], [95.835897, 20.817604], [95.833142, 20.818951], [95.830412, 20.820342], [95.827708, 20.821779], [95.825032, 20.823259], [95.822383, 20.824783], [95.819763, 20.82635], [95.817173, 20.82796], [95.814613, 20.829612], [95.812083, 20.831306], [95.809586, 20.833041], [95.807121, 20.834817], [95.804689, 20.836632], [95.802291, 20.838488], [95.799929, 20.840382], [95.797601, 20.842315], [95.79531, 20.844286], [95.793055, 20.846294], [95.790839, 20.848339]]]]}}, {"type": "Feature", "properties": {"type": "R", "designator": "15", "name": "SHANTE", "lower": "100 STD", "upper": "130 STD", "activity_note": "", "restriction": "", "hazard": "", "remarks": ""}, "geometry": {"type": "MultiPolygon", "coordinates": [[[[96.168128, 20.729917], [96.163791, 20.725919], [96.159383, 20.721991], [96.154904, 20.718134], [96.150357, 20.71435], [96.145741, 20.710639], [96.141059, 20.707003], [96.136313, 20.703442], [96.131502, 20.699958], [96.126629, 20.696552], [96.121695, 20.693224], [96.116702, 20.689976], [96.111651, 20.686808], [96.106543, 20.683722], [96.101381, 20.680718], [96.096164, 20.677797], [96.090896, 20.674961], [96.085577, 20.672209], [96.080209, 20.669543], [96.074794, 20.666964], [96.069333, 20.664471], [96.063828, 20.662067], [96.05828, 20.659751], [96.052691, 20.657525], [96.047063, 20.655389], [96.041397, 20.653343], [96.035695, 20.651388], [96.029958, 20.649525], [96.024188, 20.647754], [96.018388, 20.646076], [96.012558, 20.644492], [96.0067, 20.643001], [96.000816, 20.641604], [95.994907, 20.640302], [95.988976, 20.639095], [95.983024, 20.637983], [95.977053, 20.636966], [95.971064, 20.636046], [95.96506, 20.635222], [95.959041, 20.634494], [95.953011, 20.633862], [95.946969, 20.633328], [95.940919, 20.63289], [95.934862, 20.63255], [95.9288, 20.632307], [95.922734, 20.632161], [95.916667, 20.632111], [95.916667, 20.130256], [95.932122, 20.130383], [95.947573, 20.130763], [95.963015, 20.131397], [95.978442, 20.132283], [95.993851, 20.133422], [96.009237, 20.134814], [96.024596, 20.136457], [96.039922, 20.138352], [96.055211, 20.140499], [96.070458, 20.142895], [96.085659, 20.145541], [96.10081, 20.148436], [96.115906, 20.151579], [96.130941, 20.154969], [96.145913, 20.158605], [96.160816, 20.162485], [96.175645, 20.16661], [96.190397, 20.170977], [96.205067, 20.175585], [96.21965, 20.180433], [96.234142, 20.185519], [96.24854, 20.190842], [96.262837, 20.196401], [96.277031, 20.202192], [96.291116, 20.208216], [96.305089, 20.21447], [96.318946, 20.220952], [96.332682, 20.22766], [96.346293, 20.234592], [96.359775, 20.241746], [96.373123, 20.24912], [96.386335, 20.256712], [96.399406, 20.26452], [96.412331, 20.27254], [96.425108, 20.280771], [96.437732, 20.289211], [96.450199, 20.297856], [96.462506, 20.306704], [96.474648, 20.315752], [96.486623, 20.324998], [96.498427, 20.334439], [96.510055, 20.344072], [96.521505, 20.353895], [96.532773, 20.363903], [96.543856, 20.374094], [96.168128, 20.729917]]]]}}]}