{"type": "FeatureCollection", "name": "sid_waypoint", "crs": {"type": "name", "properties": {"name": "urn:ogc:def:crs:OGC:1.3:CRS84"}}, "features": [{"type": "Feature", "properties": {"fid": 1, "area_code": "PAC", "airport_identifier": "VYME", "procedure_identifier": "MELO1E", "route_type": "5", "transition_identifier": "RW18", "seqno": 10, "waypoint_icao_code": "VY", "waypoint_identifier": "ME914", "waypoint_latitude": 12.26055, "waypoint_longitude": 98.61250556, "waypoint_description_code": "EY", "turn_direction": null, "rnp": 1.0, "path_termination": "CF", "recommanded_navaid": null, "recommanded_navaid_latitude": null, "recommanded_navaid_longitude": null, "arc_radius": null, "theta": null, "rho": null, "magnetic_course": 183.0, "route_distance_holding_distance_time": 10.0, "distance_time": "D", "altitude_description": null, "altitude1": null, "altitude2": null, "transition_altitude": null, "speed_limit_description": "-", "speed_limit": 230.0, "vertical_angle": null, "center_waypoint": null, "center_waypoint_latitude": null, "center_waypoint_longitude": null, "aircraft_category": null}, "geometry": {"type": "MultiPoint", "coordinates": [[98.61250556, 12.26055]]}}, {"type": "Feature", "properties": {"fid": 2, "area_code": "PAC", "airport_identifier": "VYME", "procedure_identifier": "MELO1E", "route_type": "5", "transition_identifier": "RW18", "seqno": 20, "waypoint_icao_code": "VY", "waypoint_identifier": "ME915", "waypoint_latitude": 12.26041389, "waypoint_longitude": 98.43470556, "waypoint_description_code": "E", "turn_direction": "R", "rnp": 1.0, "path_termination": "DF", "recommanded_navaid": null, "recommanded_navaid_latitude": null, "recommanded_navaid_longitude": null, "arc_radius": null, "theta": null, "rho": null, "magnetic_course": null, "route_distance_holding_distance_time": null, "distance_time": null, "altitude_description": null, "altitude1": null, "altitude2": null, "transition_altitude": null, "speed_limit_description": "-", "speed_limit": 230.0, "vertical_angle": null, "center_waypoint": null, "center_waypoint_latitude": null, "center_waypoint_longitude": null, "aircraft_category": null}, "geometry": {"type": "MultiPoint", "coordinates": [[98.43470556, 12.26041389]]}}, {"type": "Feature", "properties": {"fid": 3, "area_code": "PAC", "airport_identifier": "VYME", "procedure_identifier": "MELO1E", "route_type": "5", "transition_identifier": "RW18", "seqno": 30, "waypoint_icao_code": "VY", "waypoint_identifier": "ME905", "waypoint_latitude": 12.45527778, "waypoint_longitude": 98.43265833, "waypoint_description_code": "E", "turn_direction": null, "rnp": 1.0, "path_termination": "TF", "recommanded_navaid": null, "recommanded_navaid_latitude": null, "recommanded_navaid_longitude": null, "arc_radius": null, "theta": null, "rho": null, "magnetic_course": null, "route_distance_holding_distance_time": null, "distance_time": null, "altitude_description": "+", "altitude1": 7000.0, "altitude2": null, "transition_altitude": null, "speed_limit_description": null, "speed_limit": null, "vertical_angle": null, "center_waypoint": null, "center_waypoint_latitude": null, "center_waypoint_longitude": null, "aircraft_category": null}, "geometry": {"type": "MultiPoint", "coordinates": [[98.43265833, 12.45527778]]}}, {"type": "Feature", "properties": {"fid": 4, "area_code": "PAC", "airport_identifier": "VYME", "procedure_identifier": "MELO1E", "route_type": "5", "transition_identifier": "RW18", "seqno": 40, "waypoint_icao_code": "VY", "waypoint_identifier": "ME906", "waypoint_latitude": 12.78136389, "waypoint_longitude": 98.42920278, "waypoint_description_code": "E", "turn_direction": null, "rnp": 1.0, "path_termination": "TF", "recommanded_navaid": null, "recommanded_navaid_latitude": null, "recommanded_navaid_longitude": null, "arc_radius": null, "theta": null, "rho": null, "magnetic_course": null, "route_distance_holding_distance_time": null, "distance_time": null, "altitude_description": "+", "altitude1": 12000.0, "altitude2": null, "transition_altitude": null, "speed_limit_description": null, "speed_limit": null, "vertical_angle": null, "center_waypoint": null, "center_waypoint_latitude": null, "center_waypoint_longitude": null, "aircraft_category": null}, "geometry": {"type": "MultiPoint", "coordinates": [[98.42920278, 12.78136389]]}}, {"type": "Feature", "properties": {"fid": 5, "area_code": "PAC", "airport_identifier": "VYME", "procedure_identifier": "MELO1E", "route_type": "5", "transition_identifier": "RW18", "seqno": 50, "waypoint_icao_code": "VY", "waypoint_identifier": "MELOL", "waypoint_latitude": 12.92845, "waypoint_longitude": 98.50092222, "waypoint_description_code": "E", "turn_direction": null, "rnp": 1.0, "path_termination": "TF", "recommanded_navaid": null, "recommanded_navaid_latitude": null, "recommanded_navaid_longitude": null, "arc_radius": null, "theta": null, "rho": null, "magnetic_course": null, "route_distance_holding_distance_time": null, "distance_time": null, "altitude_description": null, "altitude1": null, "altitude2": null, "transition_altitude": null, "speed_limit_description": null, "speed_limit": null, "vertical_angle": null, "center_waypoint": null, "center_waypoint_latitude": null, "center_waypoint_longitude": null, "aircraft_category": null}, "geometry": {"type": "MultiPoint", "coordinates": [[98.50092222, 12.92845]]}}, {"type": "Feature", "properties": {"fid": 7, "area_code": "PAC", "airport_identifier": "VYYY", "procedure_identifier": "VISA1A", "route_type": "5", "transition_identifier": "RW21", "seqno": 10, "waypoint_icao_code": null, "waypoint_identifier": null, "waypoint_latitude": null, "waypoint_longitude": null, "waypoint_description_code": null, "turn_direction": null, "rnp": null, "path_termination": "CA", "recommanded_navaid": null, "recommanded_navaid_latitude": null, "recommanded_navaid_longitude": null, "arc_radius": null, "theta": null, "rho": null, "magnetic_course": 214.0, "route_distance_holding_distance_time": null, "distance_time": null, "altitude_description": "+", "altitude1": 610.0, "altitude2": null, "transition_altitude": null, "speed_limit_description": null, "speed_limit": null, "vertical_angle": null, "center_waypoint": null, "center_waypoint_latitude": null, "center_waypoint_longitude": null, "aircraft_category": null}, "geometry": {"type": "MultiPoint", "coordinates": []}}, {"type": "Feature", "properties": {"fid": 8, "area_code": "PAC", "airport_identifier": "VYYY", "procedure_identifier": "VISA1A", "route_type": "5", "transition_identifier": "RW21", "seqno": 20, "waypoint_icao_code": "VY", "waypoint_identifier": "YY905", "waypoint_latitude": 16.71743889, "waypoint_longitude": 95.94608333, "waypoint_description_code": "EY", "turn_direction": null, "rnp": null, "path_termination": "CF", "recommanded_navaid": null, "recommanded_navaid_latitude": null, "recommanded_navaid_longitude": null, "arc_radius": null, "theta": null, "rho": null, "magnetic_course": 225.0, "route_distance_holding_distance_time": 15.0, "distance_time": "D", "altitude_description": null, "altitude1": null, "altitude2": null, "transition_altitude": null, "speed_limit_description": "-", "speed_limit": 230.0, "vertical_angle": null, "center_waypoint": null, "center_waypoint_latitude": null, "center_waypoint_longitude": null, "aircraft_category": null}, "geometry": {"type": "MultiPoint", "coordinates": [[95.94608333, 16.71743889]]}}, {"type": "Feature", "properties": {"fid": 9, "area_code": "PAC", "airport_identifier": "VYYY", "procedure_identifier": "VISA1A", "route_type": "5", "transition_identifier": "RW21", "seqno": 30, "waypoint_icao_code": "VY", "waypoint_identifier": "YY910", "waypoint_latitude": 16.91172222, "waypoint_longitude": 95.95852778, "waypoint_description_code": "E", "turn_direction": "R", "rnp": null, "path_termination": "DF", "recommanded_navaid": null, "recommanded_navaid_latitude": null, "recommanded_navaid_longitude": null, "arc_radius": null, "theta": null, "rho": null, "magnetic_course": null, "route_distance_holding_distance_time": null, "distance_time": null, "altitude_description": null, "altitude1": null, "altitude2": null, "transition_altitude": null, "speed_limit_description": null, "speed_limit": null, "vertical_angle": null, "center_waypoint": null, "center_waypoint_latitude": null, "center_waypoint_longitude": null, "aircraft_category": null}, "geometry": {"type": "MultiPoint", "coordinates": [[95.95852778, 16.91172222]]}}, {"type": "Feature", "properties": {"fid": 10, "area_code": "PAC", "airport_identifier": "VYYY", "procedure_identifier": "VISA1A", "route_type": "5", "transition_identifier": "RW21", "seqno": 40, "waypoint_icao_code": "VY", "waypoint_identifier": "GONAS", "waypoint_latitude": 17.16733333, "waypoint_longitude": 96.19222222, "waypoint_description_code": "E", "turn_direction": null, "rnp": null, "path_termination": "TF", "recommanded_navaid": null, "recommanded_navaid_latitude": null, "recommanded_navaid_longitude": null, "arc_radius": null, "theta": null, "rho": null, "magnetic_course": null, "route_distance_holding_distance_time": null, "distance_time": null, "altitude_description": "+", "altitude1": 13000.0, "altitude2": null, "transition_altitude": null, "speed_limit_description": null, "speed_limit": null, "vertical_angle": null, "center_waypoint": null, "center_waypoint_latitude": null, "center_waypoint_longitude": null, "aircraft_category": null}, "geometry": {"type": "MultiPoint", "coordinates": [[96.19222222, 17.16733333]]}}, {"type": "Feature", "properties": {"fid": 11, "area_code": "PAC", "airport_identifier": "VYYY", "procedure_identifier": "VISA1A", "route_type": "5", "transition_identifier": "RW21", "seqno": 50, "waypoint_icao_code": "VY", "waypoint_identifier": "VISAM", "waypoint_latitude": 17.10499722, "waypoint_longitude": 97.15594444, "waypoint_description_code": "E", "turn_direction": null, "rnp": null, "path_termination": "TF", "recommanded_navaid": null, "recommanded_navaid_latitude": null, "recommanded_navaid_longitude": null, "arc_radius": null, "theta": null, "rho": null, "magnetic_course": null, "route_distance_holding_distance_time": null, "distance_time": null, "altitude_description": null, "altitude1": null, "altitude2": null, "transition_altitude": null, "speed_limit_description": null, "speed_limit": null, "vertical_angle": null, "center_waypoint": null, "center_waypoint_latitude": null, "center_waypoint_longitude": null, "aircraft_category": null}, "geometry": {"type": "MultiPoint", "coordinates": [[97.15594444, 17.10499722]]}}, {"type": "Feature", "properties": {"fid": 13, "area_code": "PAC", "airport_identifier": "VYYY", "procedure_identifier": "VISA1A", "route_type": "6", "transition_identifier": "BOMAS", "seqno": 10, "waypoint_icao_code": "VY", "waypoint_identifier": "VISAM", "waypoint_latitude": 17.10499722, "waypoint_longitude": 97.15594444, "waypoint_description_code": "E", "turn_direction": null, "rnp": null, "path_termination": "IF", "recommanded_navaid": null, "recommanded_navaid_latitude": null, "recommanded_navaid_longitude": null, "arc_radius": null, "theta": null, "rho": null, "magnetic_course": null, "route_distance_holding_distance_time": null, "distance_time": null, "altitude_description": null, "altitude1": null, "altitude2": null, "transition_altitude": null, "speed_limit_description": null, "speed_limit": null, "vertical_angle": null, "center_waypoint": null, "center_waypoint_latitude": null, "center_waypoint_longitude": null, "aircraft_category": null}, "geometry": {"type": "MultiPoint", "coordinates": [[97.15594444, 17.10499722]]}}, {"type": "Feature", "properties": {"fid": 14, "area_code": "PAC", "airport_identifier": "VYYY", "procedure_identifier": "VISA1A", "route_type": "6", "transition_identifier": "BOMAS", "seqno": 20, "waypoint_icao_code": "VY", "waypoint_identifier": "BOMAS", "waypoint_latitude": 17.38466667, "waypoint_longitude": 98.09697222, "waypoint_description_code": "E", "turn_direction": null, "rnp": null, "path_termination": "TF", "recommanded_navaid": null, "recommanded_navaid_latitude": null, "recommanded_navaid_longitude": null, "arc_radius": null, "theta": null, "rho": null, "magnetic_course": null, "route_distance_holding_distance_time": null, "distance_time": null, "altitude_description": null, "altitude1": null, "altitude2": null, "transition_altitude": null, "speed_limit_description": null, "speed_limit": null, "vertical_angle": null, "center_waypoint": null, "center_waypoint_latitude": null, "center_waypoint_longitude": null, "aircraft_category": null}, "geometry": {"type": "MultiPoint", "coordinates": [[98.09697222, 17.38466667]]}}, {"type": "Feature", "properties": {"fid": 16, "area_code": "PAC", "airport_identifier": "VYYY", "procedure_identifier": "VISA1A", "route_type": "6", "transition_identifier": "MAKAS", "seqno": 10, "waypoint_icao_code": "VY", "waypoint_identifier": "VISAM", "waypoint_latitude": 17.10499722, "waypoint_longitude": 97.15594444, "waypoint_description_code": "E", "turn_direction": null, "rnp": null, "path_termination": "IF", "recommanded_navaid": null, "recommanded_navaid_latitude": null, "recommanded_navaid_longitude": null, "arc_radius": null, "theta": null, "rho": null, "magnetic_course": null, "route_distance_holding_distance_time": null, "distance_time": null, "altitude_description": null, "altitude1": null, "altitude2": null, "transition_altitude": null, "speed_limit_description": null, "speed_limit": null, "vertical_angle": null, "center_waypoint": null, "center_waypoint_latitude": null, "center_waypoint_longitude": null, "aircraft_category": null}, "geometry": {"type": "MultiPoint", "coordinates": [[97.15594444, 17.10499722]]}}, {"type": "Feature", "properties": {"fid": 17, "area_code": "PAC", "airport_identifier": "VYYY", "procedure_identifier": "VISA1A", "route_type": "6", "transition_identifier": "MAKAS", "seqno": 20, "waypoint_icao_code": "VY", "waypoint_identifier": "MAKAS", "waypoint_latitude": 16.82972222, "waypoint_longitude": 98.49691667, "waypoint_description_code": "E", "turn_direction": null, "rnp": null, "path_termination": "TF", "recommanded_navaid": null, "recommanded_navaid_latitude": null, "recommanded_navaid_longitude": null, "arc_radius": null, "theta": null, "rho": null, "magnetic_course": null, "route_distance_holding_distance_time": null, "distance_time": null, "altitude_description": null, "altitude1": null, "altitude2": null, "transition_altitude": null, "speed_limit_description": null, "speed_limit": null, "vertical_angle": null, "center_waypoint": null, "center_waypoint_latitude": null, "center_waypoint_longitude": null, "aircraft_category": null}, "geometry": {"type": "MultiPoint", "coordinates": [[98.49691667, 16.82972222]]}}, {"type": "Feature", "properties": {"fid": 19, "area_code": "PAC", "airport_identifier": "VYSW", "procedure_identifier": "POME1C", "route_type": "5", "transition_identifier": "RW11", "seqno": 10, "waypoint_icao_code": "VY", "waypoint_identifier": "SW904", "waypoint_latitude": 20.11855556, "waypoint_longitude": 92.93275, "waypoint_description_code": "E", "turn_direction": null, "rnp": 1.0, "path_termination": "CF", "recommanded_navaid": null, "recommanded_navaid_latitude": null, "recommanded_navaid_longitude": null, "arc_radius": null, "theta": null, "rho": null, "magnetic_course": 105.0, "route_distance_holding_distance_time": 3.0, "distance_time": "D", "altitude_description": null, "altitude1": null, "altitude2": null, "transition_altitude": null, "speed_limit_description": null, "speed_limit": null, "vertical_angle": null, "center_waypoint": null, "center_waypoint_latitude": null, "center_waypoint_longitude": null, "aircraft_category": null}, "geometry": {"type": "MultiPoint", "coordinates": [[92.93275, 20.11855556]]}}, {"type": "Feature", "properties": {"fid": 20, "area_code": "PAC", "airport_identifier": "VYSW", "procedure_identifier": "POME1C", "route_type": "5", "transition_identifier": "RW11", "seqno": 20, "waypoint_icao_code": "VY", "waypoint_identifier": "SW915", "waypoint_latitude": 20.03055556, "waypoint_longitude": 93.21, "waypoint_description_code": "E", "turn_direction": null, "rnp": 1.0, "path_termination": "TF", "recommanded_navaid": null, "recommanded_navaid_latitude": null, "recommanded_navaid_longitude": null, "arc_radius": null, "theta": null, "rho": null, "magnetic_course": null, "route_distance_holding_distance_time": null, "distance_time": null, "altitude_description": null, "altitude1": null, "altitude2": null, "transition_altitude": null, "speed_limit_description": null, "speed_limit": null, "vertical_angle": null, "center_waypoint": null, "center_waypoint_latitude": null, "center_waypoint_longitude": null, "aircraft_category": null}, "geometry": {"type": "MultiPoint", "coordinates": [[93.21, 20.03055556]]}}, {"type": "Feature", "properties": {"fid": 21, "area_code": "PAC", "airport_identifier": "VYSW", "procedure_identifier": "POME1C", "route_type": "5", "transition_identifier": "RW11", "seqno": 30, "waypoint_icao_code": "VY", "waypoint_identifier": "POMEN", "waypoint_latitude": 19.95036111, "waypoint_longitude": 93.46113889, "waypoint_description_code": "E", "turn_direction": null, "rnp": 1.0, "path_termination": "TF", "recommanded_navaid": null, "recommanded_navaid_latitude": null, "recommanded_navaid_longitude": null, "arc_radius": null, "theta": null, "rho": null, "magnetic_course": null, "route_distance_holding_distance_time": null, "distance_time": null, "altitude_description": null, "altitude1": null, "altitude2": null, "transition_altitude": null, "speed_limit_description": null, "speed_limit": null, "vertical_angle": null, "center_waypoint": null, "center_waypoint_latitude": null, "center_waypoint_longitude": null, "aircraft_category": null}, "geometry": {"type": "MultiPoint", "coordinates": [[93.46113889, 19.95036111]]}}, {"type": "Feature", "properties": {"fid": 23, "area_code": "PAC", "airport_identifier": "VYSW", "procedure_identifier": "NOGI1A", "route_type": "5", "transition_identifier": "RW29", "seqno": 10, "waypoint_icao_code": "VY", "waypoint_identifier": "SW906", "waypoint_latitude": 20.15608333, "waypoint_longitude": 92.77397222, "waypoint_description_code": "E", "turn_direction": null, "rnp": 1.0, "path_termination": "CF", "recommanded_navaid": null, "recommanded_navaid_latitude": null, "recommanded_navaid_longitude": null, "arc_radius": null, "theta": null, "rho": null, "magnetic_course": 285.0, "route_distance_holding_distance_time": 5.0, "distance_time": "D", "altitude_description": null, "altitude1": null, "altitude2": null, "transition_altitude": null, "speed_limit_description": "-", "speed_limit": 210.0, "vertical_angle": null, "center_waypoint": null, "center_waypoint_latitude": null, "center_waypoint_longitude": null, "aircraft_category": null}, "geometry": {"type": "MultiPoint", "coordinates": [[92.77397222, 20.15608333]]}}, {"type": "Feature", "properties": {"fid": 24, "area_code": "PAC", "airport_identifier": "VYSW", "procedure_identifier": "NOGI1A", "route_type": "5", "transition_identifier": "RW29", "seqno": 20, "waypoint_icao_code": "VY", "waypoint_identifier": "SW911", "waypoint_latitude": 20.04247222, "waypoint_longitude": 92.74388889, "waypoint_description_code": "E", "turn_direction": null, "rnp": 1.0, "path_termination": "TF", "recommanded_navaid": null, "recommanded_navaid_latitude": null, "recommanded_navaid_longitude": null, "arc_radius": null, "theta": null, "rho": null, "magnetic_course": null, "route_distance_holding_distance_time": null, "distance_time": null, "altitude_description": null, "altitude1": null, "altitude2": null, "transition_altitude": null, "speed_limit_description": "-", "speed_limit": 210.0, "vertical_angle": null, "center_waypoint": null, "center_waypoint_latitude": null, "center_waypoint_longitude": null, "aircraft_category": null}, "geometry": {"type": "MultiPoint", "coordinates": [[92.74388889, 20.04247222]]}}, {"type": "Feature", "properties": {"fid": 25, "area_code": "PAC", "airport_identifier": "VYSW", "procedure_identifier": "NOGI1A", "route_type": "5", "transition_identifier": "RW29", "seqno": 30, "waypoint_icao_code": "VY", "waypoint_identifier": "SW912", "waypoint_latitude": 19.88697222, "waypoint_longitude": 93.113, "waypoint_description_code": "E", "turn_direction": null, "rnp": 1.0, "path_termination": "TF", "recommanded_navaid": null, "recommanded_navaid_latitude": null, "recommanded_navaid_longitude": null, "arc_radius": null, "theta": null, "rho": null, "magnetic_course": null, "route_distance_holding_distance_time": null, "distance_time": null, "altitude_description": "+", "altitude1": 10000.0, "altitude2": null, "transition_altitude": null, "speed_limit_description": null, "speed_limit": null, "vertical_angle": null, "center_waypoint": null, "center_waypoint_latitude": null, "center_waypoint_longitude": null, "aircraft_category": null}, "geometry": {"type": "MultiPoint", "coordinates": [[93.113, 19.88697222]]}}, {"type": "Feature", "properties": {"fid": 26, "area_code": "PAC", "airport_identifier": "VYSW", "procedure_identifier": "NOGI1A", "route_type": "5", "transition_identifier": "RW29", "seqno": 40, "waypoint_icao_code": "VY", "waypoint_identifier": "SW913", "waypoint_latitude": 19.83388889, "waypoint_longitude": 93.24327778, "waypoint_description_code": "E", "turn_direction": null, "rnp": 1.0, "path_termination": "TF", "recommanded_navaid": null, "recommanded_navaid_latitude": null, "recommanded_navaid_longitude": null, "arc_radius": null, "theta": null, "rho": null, "magnetic_course": null, "route_distance_holding_distance_time": null, "distance_time": null, "altitude_description": null, "altitude1": null, "altitude2": null, "transition_altitude": null, "speed_limit_description": null, "speed_limit": null, "vertical_angle": null, "center_waypoint": null, "center_waypoint_latitude": null, "center_waypoint_longitude": null, "aircraft_category": null}, "geometry": {"type": "MultiPoint", "coordinates": [[93.24327778, 19.83388889]]}}, {"type": "Feature", "properties": {"fid": 27, "area_code": "PAC", "airport_identifier": "VYSW", "procedure_identifier": "NOGI1A", "route_type": "5", "transition_identifier": "RW29", "seqno": 50, "waypoint_icao_code": "VY", "waypoint_identifier": "NOGIN", "waypoint_latitude": 19.80513889, "waypoint_longitude": 93.31369444, "waypoint_description_code": "E", "turn_direction": null, "rnp": 1.0, "path_termination": "TF", "recommanded_navaid": null, "recommanded_navaid_latitude": null, "recommanded_navaid_longitude": null, "arc_radius": null, "theta": null, "rho": null, "magnetic_course": null, "route_distance_holding_distance_time": null, "distance_time": null, "altitude_description": null, "altitude1": null, "altitude2": null, "transition_altitude": null, "speed_limit_description": null, "speed_limit": null, "vertical_angle": null, "center_waypoint": null, "center_waypoint_latitude": null, "center_waypoint_longitude": null, "aircraft_category": null}, "geometry": {"type": "MultiPoint", "coordinates": [[93.31369444, 19.80513889]]}}, {"type": "Feature", "properties": {"fid": 29, "area_code": "PAC", "airport_identifier": "VYYY", "procedure_identifier": "POME1A", "route_type": "5", "transition_identifier": "RW21", "seqno": 10, "waypoint_icao_code": null, "waypoint_identifier": null, "waypoint_latitude": null, "waypoint_longitude": null, "waypoint_description_code": null, "turn_direction": null, "rnp": null, "path_termination": "CA", "recommanded_navaid": null, "recommanded_navaid_latitude": null, "recommanded_navaid_longitude": null, "arc_radius": null, "theta": null, "rho": null, "magnetic_course": 214.0, "route_distance_holding_distance_time": null, "distance_time": null, "altitude_description": "+", "altitude1": 610.0, "altitude2": null, "transition_altitude": null, "speed_limit_description": null, "speed_limit": null, "vertical_angle": null, "center_waypoint": null, "center_waypoint_latitude": null, "center_waypoint_longitude": null, "aircraft_category": null}, "geometry": {"type": "MultiPoint", "coordinates": []}}, {"type": "Feature", "properties": {"fid": 30, "area_code": "PAC", "airport_identifier": "VYYY", "procedure_identifier": "POME1A", "route_type": "5", "transition_identifier": "RW21", "seqno": 20, "waypoint_icao_code": "VY", "waypoint_identifier": "YY905", "waypoint_latitude": 16.71743889, "waypoint_longitude": 95.94608333, "waypoint_description_code": "E", "turn_direction": null, "rnp": null, "path_termination": "CF", "recommanded_navaid": null, "recommanded_navaid_latitude": null, "recommanded_navaid_longitude": null, "arc_radius": null, "theta": null, "rho": null, "magnetic_course": 225.0, "route_distance_holding_distance_time": 15.0, "distance_time": "D", "altitude_description": null, "altitude1": null, "altitude2": null, "transition_altitude": null, "speed_limit_description": "-", "speed_limit": 230.0, "vertical_angle": null, "center_waypoint": null, "center_waypoint_latitude": null, "center_waypoint_longitude": null, "aircraft_category": null}, "geometry": {"type": "MultiPoint", "coordinates": [[95.94608333, 16.71743889]]}}, {"type": "Feature", "properties": {"fid": 31, "area_code": "PAC", "airport_identifier": "VYYY", "procedure_identifier": "POME1A", "route_type": "5", "transition_identifier": "RW21", "seqno": 30, "waypoint_icao_code": "VY", "waypoint_identifier": "POMEP", "waypoint_latitude": 15.96117778, "waypoint_longitude": 96.47990556, "waypoint_description_code": "E", "turn_direction": null, "rnp": null, "path_termination": "TF", "recommanded_navaid": null, "recommanded_navaid_latitude": null, "recommanded_navaid_longitude": null, "arc_radius": null, "theta": null, "rho": null, "magnetic_course": null, "route_distance_holding_distance_time": null, "distance_time": null, "altitude_description": null, "altitude1": null, "altitude2": null, "transition_altitude": null, "speed_limit_description": null, "speed_limit": null, "vertical_angle": null, "center_waypoint": null, "center_waypoint_latitude": null, "center_waypoint_longitude": null, "aircraft_category": null}, "geometry": {"type": "MultiPoint", "coordinates": [[96.47990556, 15.96117778]]}}, {"type": "Feature", "properties": {"fid": 33, "area_code": "PAC", "airport_identifier": "VYYY", "procedure_identifier": "POME1A", "route_type": "6", "transition_identifier": "DWI", "seqno": 10, "waypoint_icao_code": "VY", "waypoint_identifier": "POMEP", "waypoint_latitude": 15.96117778, "waypoint_longitude": 96.47990556, "waypoint_description_code": "E", "turn_direction": null, "rnp": null, "path_termination": "IF", "recommanded_navaid": null, "recommanded_navaid_latitude": null, "recommanded_navaid_longitude": null, "arc_radius": null, "theta": null, "rho": null, "magnetic_course": null, "route_distance_holding_distance_time": null, "distance_time": null, "altitude_description": null, "altitude1": null, "altitude2": null, "transition_altitude": null, "speed_limit_description": null, "speed_limit": null, "vertical_angle": null, "center_waypoint": null, "center_waypoint_latitude": null, "center_waypoint_longitude": null, "aircraft_category": null}, "geometry": {"type": "MultiPoint", "coordinates": [[96.47990556, 15.96117778]]}}, {"type": "Feature", "properties": {"fid": 34, "area_code": "PAC", "airport_identifier": "VYYY", "procedure_identifier": "POME1A", "route_type": "6", "transition_identifier": "DWI", "seqno": 20, "waypoint_icao_code": "VY", "waypoint_identifier": "DWI", "waypoint_latitude": 14.09961389, "waypoint_longitude": 98.20046111, "waypoint_description_code": "E", "turn_direction": null, "rnp": null, "path_termination": "TF", "recommanded_navaid": null, "recommanded_navaid_latitude": null, "recommanded_navaid_longitude": null, "arc_radius": null, "theta": null, "rho": null, "magnetic_course": null, "route_distance_holding_distance_time": null, "distance_time": null, "altitude_description": null, "altitude1": null, "altitude2": null, "transition_altitude": null, "speed_limit_description": null, "speed_limit": null, "vertical_angle": null, "center_waypoint": null, "center_waypoint_latitude": null, "center_waypoint_longitude": null, "aircraft_category": null}, "geometry": {"type": "MultiPoint", "coordinates": [[98.20046111, 14.09961389]]}}, {"type": "Feature", "properties": {"fid": 36, "area_code": "PAC", "airport_identifier": "VYYY", "procedure_identifier": "POME1A", "route_type": "6", "transition_identifier": "KT", "seqno": 10, "waypoint_icao_code": "VY", "waypoint_identifier": "POMEP", "waypoint_latitude": 15.96117778, "waypoint_longitude": 96.47990556, "waypoint_description_code": "E", "turn_direction": null, "rnp": null, "path_termination": "IF", "recommanded_navaid": null, "recommanded_navaid_latitude": null, "recommanded_navaid_longitude": null, "arc_radius": null, "theta": null, "rho": null, "magnetic_course": null, "route_distance_holding_distance_time": null, "distance_time": null, "altitude_description": null, "altitude1": null, "altitude2": null, "transition_altitude": null, "speed_limit_description": null, "speed_limit": null, "vertical_angle": null, "center_waypoint": null, "center_waypoint_latitude": null, "center_waypoint_longitude": null, "aircraft_category": null}, "geometry": {"type": "MultiPoint", "coordinates": [[96.47990556, 15.96117778]]}}, {"type": "Feature", "properties": {"fid": 37, "area_code": "PAC", "airport_identifier": "VYYY", "procedure_identifier": "POME1A", "route_type": "6", "transition_identifier": "KT", "seqno": 20, "waypoint_icao_code": "VY", "waypoint_identifier": "KT", "waypoint_latitude": 10.05000833, "waypoint_longitude": 98.54006944, "waypoint_description_code": "E", "turn_direction": null, "rnp": null, "path_termination": "TF", "recommanded_navaid": null, "recommanded_navaid_latitude": null, "recommanded_navaid_longitude": null, "arc_radius": null, "theta": null, "rho": null, "magnetic_course": null, "route_distance_holding_distance_time": null, "distance_time": null, "altitude_description": null, "altitude1": null, "altitude2": null, "transition_altitude": null, "speed_limit_description": null, "speed_limit": null, "vertical_angle": null, "center_waypoint": null, "center_waypoint_latitude": null, "center_waypoint_longitude": null, "aircraft_category": null}, "geometry": {"type": "MultiPoint", "coordinates": [[98.54006944, 10.05000833]]}}, {"type": "Feature", "properties": {"fid": 39, "area_code": "PAC", "airport_identifier": "VYYY", "procedure_identifier": "POME1A", "route_type": "6", "transition_identifier": "ME", "seqno": 10, "waypoint_icao_code": "VY", "waypoint_identifier": "POMEP", "waypoint_latitude": 15.96117778, "waypoint_longitude": 96.47990556, "waypoint_description_code": "E", "turn_direction": null, "rnp": null, "path_termination": "IF", "recommanded_navaid": null, "recommanded_navaid_latitude": null, "recommanded_navaid_longitude": null, "arc_radius": null, "theta": null, "rho": null, "magnetic_course": null, "route_distance_holding_distance_time": null, "distance_time": null, "altitude_description": null, "altitude1": null, "altitude2": null, "transition_altitude": null, "speed_limit_description": null, "speed_limit": null, "vertical_angle": null, "center_waypoint": null, "center_waypoint_latitude": null, "center_waypoint_longitude": null, "aircraft_category": null}, "geometry": {"type": "MultiPoint", "coordinates": [[96.47990556, 15.96117778]]}}, {"type": "Feature", "properties": {"fid": 40, "area_code": "PAC", "airport_identifier": "VYYY", "procedure_identifier": "POME1A", "route_type": "6", "transition_identifier": "ME", "seqno": 20, "waypoint_icao_code": "VY", "waypoint_identifier": "ME", "waypoint_latitude": 12.45006667, "waypoint_longitude": 98.61968611, "waypoint_description_code": "E", "turn_direction": null, "rnp": null, "path_termination": "TF", "recommanded_navaid": null, "recommanded_navaid_latitude": null, "recommanded_navaid_longitude": null, "arc_radius": null, "theta": null, "rho": null, "magnetic_course": null, "route_distance_holding_distance_time": null, "distance_time": null, "altitude_description": null, "altitude1": null, "altitude2": null, "transition_altitude": null, "speed_limit_description": null, "speed_limit": null, "vertical_angle": null, "center_waypoint": null, "center_waypoint_latitude": null, "center_waypoint_longitude": null, "aircraft_category": null}, "geometry": {"type": "MultiPoint", "coordinates": [[98.61968611, 12.45006667]]}}, {"type": "Feature", "properties": {"fid": 42, "area_code": "PAC", "airport_identifier": "VYYY", "procedure_identifier": "POME1A", "route_type": "6", "transition_identifier": "POXEM", "seqno": 10, "waypoint_icao_code": "VY", "waypoint_identifier": "POMEP", "waypoint_latitude": 15.96117778, "waypoint_longitude": 96.47990556, "waypoint_description_code": "E", "turn_direction": null, "rnp": null, "path_termination": "IF", "recommanded_navaid": null, "recommanded_navaid_latitude": null, "recommanded_navaid_longitude": null, "arc_radius": null, "theta": null, "rho": null, "magnetic_course": null, "route_distance_holding_distance_time": null, "distance_time": null, "altitude_description": null, "altitude1": null, "altitude2": null, "transition_altitude": null, "speed_limit_description": null, "speed_limit": null, "vertical_angle": null, "center_waypoint": null, "center_waypoint_latitude": null, "center_waypoint_longitude": null, "aircraft_category": null}, "geometry": {"type": "MultiPoint", "coordinates": [[96.47990556, 15.96117778]]}}, {"type": "Feature", "properties": {"fid": 43, "area_code": "PAC", "airport_identifier": "VYYY", "procedure_identifier": "POME1A", "route_type": "6", "transition_identifier": "POXEM", "seqno": 20, "waypoint_icao_code": "VY", "waypoint_identifier": "POXEM", "waypoint_latitude": 15.44308333, "waypoint_longitude": 97.49638889, "waypoint_description_code": "E", "turn_direction": null, "rnp": null, "path_termination": "TF", "recommanded_navaid": null, "recommanded_navaid_latitude": null, "recommanded_navaid_longitude": null, "arc_radius": null, "theta": null, "rho": null, "magnetic_course": null, "route_distance_holding_distance_time": null, "distance_time": null, "altitude_description": null, "altitude1": null, "altitude2": null, "transition_altitude": null, "speed_limit_description": null, "speed_limit": null, "vertical_angle": null, "center_waypoint": null, "center_waypoint_latitude": null, "center_waypoint_longitude": null, "aircraft_category": null}, "geometry": {"type": "MultiPoint", "coordinates": [[97.49638889, 15.44308333]]}}, {"type": "Feature", "properties": {"fid": 45, "area_code": "PAC", "airport_identifier": "VYSW", "procedure_identifier": "ENKE1A", "route_type": "5", "transition_identifier": "RW29", "seqno": 10, "waypoint_icao_code": "VY", "waypoint_identifier": "SW906", "waypoint_latitude": 20.15608333, "waypoint_longitude": 92.77397222, "waypoint_description_code": "E", "turn_direction": null, "rnp": 1.0, "path_termination": "CF", "recommanded_navaid": null, "recommanded_navaid_latitude": null, "recommanded_navaid_longitude": null, "arc_radius": null, "theta": null, "rho": null, "magnetic_course": 285.0, "route_distance_holding_distance_time": 5.0, "distance_time": "D", "altitude_description": null, "altitude1": null, "altitude2": null, "transition_altitude": null, "speed_limit_description": "-", "speed_limit": 210.0, "vertical_angle": null, "center_waypoint": null, "center_waypoint_latitude": null, "center_waypoint_longitude": null, "aircraft_category": null}, "geometry": {"type": "MultiPoint", "coordinates": [[92.77397222, 20.15608333]]}}, {"type": "Feature", "properties": {"fid": 46, "area_code": "PAC", "airport_identifier": "VYSW", "procedure_identifier": "ENKE1A", "route_type": "5", "transition_identifier": "RW29", "seqno": 20, "waypoint_icao_code": "VY", "waypoint_identifier": "SW911", "waypoint_latitude": 20.04247222, "waypoint_longitude": 92.74388889, "waypoint_description_code": "E", "turn_direction": null, "rnp": 1.0, "path_termination": "TF", "recommanded_navaid": null, "recommanded_navaid_latitude": null, "recommanded_navaid_longitude": null, "arc_radius": null, "theta": null, "rho": null, "magnetic_course": null, "route_distance_holding_distance_time": null, "distance_time": null, "altitude_description": null, "altitude1": null, "altitude2": null, "transition_altitude": null, "speed_limit_description": "-", "speed_limit": 210.0, "vertical_angle": null, "center_waypoint": null, "center_waypoint_latitude": null, "center_waypoint_longitude": null, "aircraft_category": null}, "geometry": {"type": "MultiPoint", "coordinates": [[92.74388889, 20.04247222]]}}, {"type": "Feature", "properties": {"fid": 47, "area_code": "PAC", "airport_identifier": "VYSW", "procedure_identifier": "ENKE1A", "route_type": "5", "transition_identifier": "RW29", "seqno": 30, "waypoint_icao_code": "VY", "waypoint_identifier": "SW912", "waypoint_latitude": 19.88697222, "waypoint_longitude": 93.113, "waypoint_description_code": "E", "turn_direction": null, "rnp": 1.0, "path_termination": "TF", "recommanded_navaid": null, "recommanded_navaid_latitude": null, "recommanded_navaid_longitude": null, "arc_radius": null, "theta": null, "rho": null, "magnetic_course": null, "route_distance_holding_distance_time": null, "distance_time": null, "altitude_description": "+", "altitude1": 10000.0, "altitude2": null, "transition_altitude": null, "speed_limit_description": null, "speed_limit": null, "vertical_angle": null, "center_waypoint": null, "center_waypoint_latitude": null, "center_waypoint_longitude": null, "aircraft_category": null}, "geometry": {"type": "MultiPoint", "coordinates": [[93.113, 19.88697222]]}}, {"type": "Feature", "properties": {"fid": 48, "area_code": "PAC", "airport_identifier": "VYSW", "procedure_identifier": "ENKE1A", "route_type": "5", "transition_identifier": "RW29", "seqno": 40, "waypoint_icao_code": "VY", "waypoint_identifier": "ENKEL", "waypoint_latitude": 19.74533333, "waypoint_longitude": 93.24202778, "waypoint_description_code": "E", "turn_direction": null, "rnp": 1.0, "path_termination": "TF", "recommanded_navaid": null, "recommanded_navaid_latitude": null, "recommanded_navaid_longitude": null, "arc_radius": null, "theta": null, "rho": null, "magnetic_course": null, "route_distance_holding_distance_time": null, "distance_time": null, "altitude_description": null, "altitude1": null, "altitude2": null, "transition_altitude": null, "speed_limit_description": null, "speed_limit": null, "vertical_angle": null, "center_waypoint": null, "center_waypoint_latitude": null, "center_waypoint_longitude": null, "aircraft_category": null}, "geometry": {"type": "MultiPoint", "coordinates": [[93.24202778, 19.74533333]]}}, {"type": "Feature", "properties": {"fid": 50, "area_code": "PAC", "airport_identifier": "VYHH", "procedure_identifier": "SURO1A", "route_type": "5", "transition_identifier": "RW18", "seqno": 10, "waypoint_icao_code": null, "waypoint_identifier": null, "waypoint_latitude": null, "waypoint_longitude": null, "waypoint_description_code": null, "turn_direction": null, "rnp": 1.0, "path_termination": "CA", "recommanded_navaid": null, "recommanded_navaid_latitude": null, "recommanded_navaid_longitude": null, "arc_radius": null, "theta": null, "rho": null, "magnetic_course": 181.0, "route_distance_holding_distance_time": null, "distance_time": null, "altitude_description": "+", "altitude1": 4440.0, "altitude2": null, "transition_altitude": null, "speed_limit_description": null, "speed_limit": null, "vertical_angle": null, "center_waypoint": null, "center_waypoint_latitude": null, "center_waypoint_longitude": null, "aircraft_category": null}, "geometry": {"type": "MultiPoint", "coordinates": []}}, {"type": "Feature", "properties": {"fid": 51, "area_code": "PAC", "airport_identifier": "VYHH", "procedure_identifier": "SURO1A", "route_type": "5", "transition_identifier": "RW18", "seqno": 30, "waypoint_icao_code": "VY", "waypoint_identifier": "HH904", "waypoint_latitude": 20.63844444, "waypoint_longitude": 96.76844444, "waypoint_description_code": "E", "turn_direction": null, "rnp": 1.0, "path_termination": "CF", "recommanded_navaid": null, "recommanded_navaid_latitude": null, "recommanded_navaid_longitude": null, "arc_radius": null, "theta": null, "rho": null, "magnetic_course": 194.0, "route_distance_holding_distance_time": 5.9, "distance_time": "D", "altitude_description": "+", "altitude1": 5500.0, "altitude2": null, "transition_altitude": null, "speed_limit_description": "-", "speed_limit": 210.0, "vertical_angle": null, "center_waypoint": null, "center_waypoint_latitude": null, "center_waypoint_longitude": null, "aircraft_category": null}, "geometry": {"type": "MultiPoint", "coordinates": [[96.76844444, 20.63844444]]}}, {"type": "Feature", "properties": {"fid": 52, "area_code": "PAC", "airport_identifier": "VYHH", "procedure_identifier": "SURO1A", "route_type": "5", "transition_identifier": "RW18", "seqno": 40, "waypoint_icao_code": "VY", "waypoint_identifier": "HH906", "waypoint_latitude": 20.58111111, "waypoint_longitude": 96.86747222, "waypoint_description_code": "E", "turn_direction": null, "rnp": 1.0, "path_termination": "TF", "recommanded_navaid": null, "recommanded_navaid_latitude": null, "recommanded_navaid_longitude": null, "arc_radius": null, "theta": null, "rho": null, "magnetic_course": null, "route_distance_holding_distance_time": null, "distance_time": null, "altitude_description": null, "altitude1": null, "altitude2": null, "transition_altitude": null, "speed_limit_description": "-", "speed_limit": 210.0, "vertical_angle": null, "center_waypoint": null, "center_waypoint_latitude": null, "center_waypoint_longitude": null, "aircraft_category": null}, "geometry": {"type": "MultiPoint", "coordinates": [[96.86747222, 20.58111111]]}}, {"type": "Feature", "properties": {"fid": 53, "area_code": "PAC", "airport_identifier": "VYHH", "procedure_identifier": "SURO1A", "route_type": "5", "transition_identifier": "RW18", "seqno": 50, "waypoint_icao_code": "VY", "waypoint_identifier": "HH907", "waypoint_latitude": 20.66875, "waypoint_longitude": 96.94816667, "waypoint_description_code": "E", "turn_direction": null, "rnp": 1.0, "path_termination": "TF", "recommanded_navaid": null, "recommanded_navaid_latitude": null, "recommanded_navaid_longitude": null, "arc_radius": null, "theta": null, "rho": null, "magnetic_course": null, "route_distance_holding_distance_time": null, "distance_time": null, "altitude_description": null, "altitude1": null, "altitude2": null, "transition_altitude": null, "speed_limit_description": "-", "speed_limit": 210.0, "vertical_angle": null, "center_waypoint": null, "center_waypoint_latitude": null, "center_waypoint_longitude": null, "aircraft_category": null}, "geometry": {"type": "MultiPoint", "coordinates": [[96.94816667, 20.66875]]}}, {"type": "Feature", "properties": {"fid": 54, "area_code": "PAC", "airport_identifier": "VYHH", "procedure_identifier": "SURO1A", "route_type": "5", "transition_identifier": "RW18", "seqno": 60, "waypoint_icao_code": "VY", "waypoint_identifier": "HH908", "waypoint_latitude": 20.81677778, "waypoint_longitude": 96.87519444, "waypoint_description_code": "E", "turn_direction": null, "rnp": 1.0, "path_termination": "TF", "recommanded_navaid": null, "recommanded_navaid_latitude": null, "recommanded_navaid_longitude": null, "arc_radius": null, "theta": null, "rho": null, "magnetic_course": null, "route_distance_holding_distance_time": null, "distance_time": null, "altitude_description": null, "altitude1": null, "altitude2": null, "transition_altitude": null, "speed_limit_description": "-", "speed_limit": 210.0, "vertical_angle": null, "center_waypoint": null, "center_waypoint_latitude": null, "center_waypoint_longitude": null, "aircraft_category": null}, "geometry": {"type": "MultiPoint", "coordinates": [[96.87519444, 20.81677778]]}}, {"type": "Feature", "properties": {"fid": 55, "area_code": "PAC", "airport_identifier": "VYHH", "procedure_identifier": "SURO1A", "route_type": "5", "transition_identifier": "RW18", "seqno": 70, "waypoint_icao_code": "VY", "waypoint_identifier": "HH909", "waypoint_latitude": 20.94308333, "waypoint_longitude": 96.77961111, "waypoint_description_code": "E", "turn_direction": null, "rnp": 1.0, "path_termination": "TF", "recommanded_navaid": null, "recommanded_navaid_latitude": null, "recommanded_navaid_longitude": null, "arc_radius": null, "theta": null, "rho": null, "magnetic_course": null, "route_distance_holding_distance_time": null, "distance_time": null, "altitude_description": null, "altitude1": null, "altitude2": null, "transition_altitude": null, "speed_limit_description": null, "speed_limit": null, "vertical_angle": null, "center_waypoint": null, "center_waypoint_latitude": null, "center_waypoint_longitude": null, "aircraft_category": null}, "geometry": {"type": "MultiPoint", "coordinates": [[96.77961111, 20.94308333]]}}, {"type": "Feature", "properties": {"fid": 56, "area_code": "PAC", "airport_identifier": "VYHH", "procedure_identifier": "SURO1A", "route_type": "5", "transition_identifier": "RW18", "seqno": 80, "waypoint_icao_code": "VY", "waypoint_identifier": "SUROT", "waypoint_latitude": 21.2065, "waypoint_longitude": 96.40605556, "waypoint_description_code": "E", "turn_direction": null, "rnp": 1.0, "path_termination": "TF", "recommanded_navaid": null, "recommanded_navaid_latitude": null, "recommanded_navaid_longitude": null, "arc_radius": null, "theta": null, "rho": null, "magnetic_course": null, "route_distance_holding_distance_time": null, "distance_time": null, "altitude_description": null, "altitude1": null, "altitude2": null, "transition_altitude": null, "speed_limit_description": null, "speed_limit": null, "vertical_angle": null, "center_waypoint": null, "center_waypoint_latitude": null, "center_waypoint_longitude": null, "aircraft_category": null}, "geometry": {"type": "MultiPoint", "coordinates": [[96.40605556, 21.2065]]}}, {"type": "Feature", "properties": {"fid": 58, "area_code": "PAC", "airport_identifier": "VYYY", "procedure_identifier": "PARL1A", "route_type": "5", "transition_identifier": "RW21", "seqno": 10, "waypoint_icao_code": null, "waypoint_identifier": null, "waypoint_latitude": null, "waypoint_longitude": null, "waypoint_description_code": null, "turn_direction": null, "rnp": null, "path_termination": "CA", "recommanded_navaid": null, "recommanded_navaid_latitude": null, "recommanded_navaid_longitude": null, "arc_radius": null, "theta": null, "rho": null, "magnetic_course": 214.0, "route_distance_holding_distance_time": null, "distance_time": null, "altitude_description": "+", "altitude1": 610.0, "altitude2": null, "transition_altitude": null, "speed_limit_description": null, "speed_limit": null, "vertical_angle": null, "center_waypoint": null, "center_waypoint_latitude": null, "center_waypoint_longitude": null, "aircraft_category": null}, "geometry": {"type": "MultiPoint", "coordinates": []}}, {"type": "Feature", "properties": {"fid": 59, "area_code": "PAC", "airport_identifier": "VYYY", "procedure_identifier": "PARL1A", "route_type": "5", "transition_identifier": "RW21", "seqno": 20, "waypoint_icao_code": "VY", "waypoint_identifier": "YY905", "waypoint_latitude": 16.71743889, "waypoint_longitude": 95.94608333, "waypoint_description_code": "EY", "turn_direction": null, "rnp": null, "path_termination": "CF", "recommanded_navaid": null, "recommanded_navaid_latitude": null, "recommanded_navaid_longitude": null, "arc_radius": null, "theta": null, "rho": null, "magnetic_course": 225.0, "route_distance_holding_distance_time": 15.0, "distance_time": "D", "altitude_description": null, "altitude1": null, "altitude2": null, "transition_altitude": null, "speed_limit_description": "-", "speed_limit": 230.0, "vertical_angle": null, "center_waypoint": null, "center_waypoint_latitude": null, "center_waypoint_longitude": null, "aircraft_category": null}, "geometry": {"type": "MultiPoint", "coordinates": [[95.94608333, 16.71743889]]}}, {"type": "Feature", "properties": {"fid": 60, "area_code": "PAC", "airport_identifier": "VYYY", "procedure_identifier": "PARL1A", "route_type": "5", "transition_identifier": "RW21", "seqno": 30, "waypoint_icao_code": "VY", "waypoint_identifier": "YY910", "waypoint_latitude": 16.91172222, "waypoint_longitude": 95.95852778, "waypoint_description_code": "E", "turn_direction": "R", "rnp": null, "path_termination": "DF", "recommanded_navaid": null, "recommanded_navaid_latitude": null, "recommanded_navaid_longitude": null, "arc_radius": null, "theta": null, "rho": null, "magnetic_course": null, "route_distance_holding_distance_time": null, "distance_time": null, "altitude_description": null, "altitude1": null, "altitude2": null, "transition_altitude": null, "speed_limit_description": null, "speed_limit": null, "vertical_angle": null, "center_waypoint": null, "center_waypoint_latitude": null, "center_waypoint_longitude": null, "aircraft_category": null}, "geometry": {"type": "MultiPoint", "coordinates": [[95.95852778, 16.91172222]]}}, {"type": "Feature", "properties": {"fid": 61, "area_code": "PAC", "airport_identifier": "VYYY", "procedure_identifier": "PARL1A", "route_type": "5", "transition_identifier": "RW21", "seqno": 40, "waypoint_icao_code": "VY", "waypoint_identifier": "GONAS", "waypoint_latitude": 17.16733333, "waypoint_longitude": 96.19222222, "waypoint_description_code": "E", "turn_direction": null, "rnp": null, "path_termination": "TF", "recommanded_navaid": null, "recommanded_navaid_latitude": null, "recommanded_navaid_longitude": null, "arc_radius": null, "theta": null, "rho": null, "magnetic_course": null, "route_distance_holding_distance_time": null, "distance_time": null, "altitude_description": "+", "altitude1": 13000.0, "altitude2": null, "transition_altitude": null, "speed_limit_description": null, "speed_limit": null, "vertical_angle": null, "center_waypoint": null, "center_waypoint_latitude": null, "center_waypoint_longitude": null, "aircraft_category": null}, "geometry": {"type": "MultiPoint", "coordinates": [[96.19222222, 17.16733333]]}}, {"type": "Feature", "properties": {"fid": 62, "area_code": "PAC", "airport_identifier": "VYYY", "procedure_identifier": "PARL1A", "route_type": "5", "transition_identifier": "RW21", "seqno": 50, "waypoint_icao_code": "VY", "waypoint_identifier": "YY911", "waypoint_latitude": 17.49903333, "waypoint_longitude": 96.173475, "waypoint_description_code": "E", "turn_direction": null, "rnp": null, "path_termination": "TF", "recommanded_navaid": null, "recommanded_navaid_latitude": null, "recommanded_navaid_longitude": null, "arc_radius": null, "theta": null, "rho": null, "magnetic_course": null, "route_distance_holding_distance_time": null, "distance_time": null, "altitude_description": "+", "altitude1": 16000.0, "altitude2": null, "transition_altitude": null, "speed_limit_description": null, "speed_limit": null, "vertical_angle": null, "center_waypoint": null, "center_waypoint_latitude": null, "center_waypoint_longitude": null, "aircraft_category": null}, "geometry": {"type": "MultiPoint", "coordinates": [[96.173475, 17.49903333]]}}, {"type": "Feature", "properties": {"fid": 63, "area_code": "PAC", "airport_identifier": "VYYY", "procedure_identifier": "PARL1A", "route_type": "5", "transition_identifier": "RW21", "seqno": 60, "waypoint_icao_code": "VY", "waypoint_identifier": "PARLA", "waypoint_latitude": 17.91042778, "waypoint_longitude": 96.14998611, "waypoint_description_code": "E", "turn_direction": null, "rnp": null, "path_termination": "TF", "recommanded_navaid": null, "recommanded_navaid_latitude": null, "recommanded_navaid_longitude": null, "arc_radius": null, "theta": null, "rho": null, "magnetic_course": null, "route_distance_holding_distance_time": null, "distance_time": null, "altitude_description": null, "altitude1": null, "altitude2": null, "transition_altitude": null, "speed_limit_description": null, "speed_limit": null, "vertical_angle": null, "center_waypoint": null, "center_waypoint_latitude": null, "center_waypoint_longitude": null, "aircraft_category": null}, "geometry": {"type": "MultiPoint", "coordinates": [[96.14998611, 17.91042778]]}}, {"type": "Feature", "properties": {"fid": 65, "area_code": "PAC", "airport_identifier": "VYYY", "procedure_identifier": "PARL1A", "route_type": "6", "transition_identifier": "BGN", "seqno": 10, "waypoint_icao_code": "VY", "waypoint_identifier": "PARLA", "waypoint_latitude": 17.91042778, "waypoint_longitude": 96.14998611, "waypoint_description_code": "E", "turn_direction": null, "rnp": null, "path_termination": "IF", "recommanded_navaid": null, "recommanded_navaid_latitude": null, "recommanded_navaid_longitude": null, "arc_radius": null, "theta": null, "rho": null, "magnetic_course": null, "route_distance_holding_distance_time": null, "distance_time": null, "altitude_description": null, "altitude1": null, "altitude2": null, "transition_altitude": null, "speed_limit_description": null, "speed_limit": null, "vertical_angle": null, "center_waypoint": null, "center_waypoint_latitude": null, "center_waypoint_longitude": null, "aircraft_category": null}, "geometry": {"type": "MultiPoint", "coordinates": [[96.14998611, 17.91042778]]}}, {"type": "Feature", "properties": {"fid": 66, "area_code": "PAC", "airport_identifier": "VYYY", "procedure_identifier": "PARL1A", "route_type": "6", "transition_identifier": "BGN", "seqno": 20, "waypoint_icao_code": "VY", "waypoint_identifier": "BGN", "waypoint_latitude": 21.16953611, "waypoint_longitude": 94.92815278, "waypoint_description_code": "E", "turn_direction": null, "rnp": null, "path_termination": "TF", "recommanded_navaid": null, "recommanded_navaid_latitude": null, "recommanded_navaid_longitude": null, "arc_radius": null, "theta": null, "rho": null, "magnetic_course": null, "route_distance_holding_distance_time": null, "distance_time": null, "altitude_description": null, "altitude1": null, "altitude2": null, "transition_altitude": null, "speed_limit_description": null, "speed_limit": null, "vertical_angle": null, "center_waypoint": null, "center_waypoint_latitude": null, "center_waypoint_longitude": null, "aircraft_category": null}, "geometry": {"type": "MultiPoint", "coordinates": [[94.92815278, 21.16953611]]}}, {"type": "Feature", "properties": {"fid": 68, "area_code": "PAC", "airport_identifier": "VYYY", "procedure_identifier": "PARL1A", "route_type": "6", "transition_identifier": "MOXIS", "seqno": 10, "waypoint_icao_code": "VY", "waypoint_identifier": "PARLA", "waypoint_latitude": 17.91042778, "waypoint_longitude": 96.14998611, "waypoint_description_code": "E", "turn_direction": null, "rnp": null, "path_termination": "IF", "recommanded_navaid": null, "recommanded_navaid_latitude": null, "recommanded_navaid_longitude": null, "arc_radius": null, "theta": null, "rho": null, "magnetic_course": null, "route_distance_holding_distance_time": null, "distance_time": null, "altitude_description": null, "altitude1": null, "altitude2": null, "transition_altitude": null, "speed_limit_description": null, "speed_limit": null, "vertical_angle": null, "center_waypoint": null, "center_waypoint_latitude": null, "center_waypoint_longitude": null, "aircraft_category": null}, "geometry": {"type": "MultiPoint", "coordinates": [[96.14998611, 17.91042778]]}}, {"type": "Feature", "properties": {"fid": 69, "area_code": "PAC", "airport_identifier": "VYYY", "procedure_identifier": "PARL1A", "route_type": "6", "transition_identifier": "MOXIS", "seqno": 20, "waypoint_icao_code": "VY", "waypoint_identifier": "MOXIS", "waypoint_latitude": 19.64729167, "waypoint_longitude": 96.29219722, "waypoint_description_code": "E", "turn_direction": null, "rnp": null, "path_termination": "TF", "recommanded_navaid": null, "recommanded_navaid_latitude": null, "recommanded_navaid_longitude": null, "arc_radius": null, "theta": null, "rho": null, "magnetic_course": null, "route_distance_holding_distance_time": null, "distance_time": null, "altitude_description": null, "altitude1": null, "altitude2": null, "transition_altitude": null, "speed_limit_description": null, "speed_limit": null, "vertical_angle": null, "center_waypoint": null, "center_waypoint_latitude": null, "center_waypoint_longitude": null, "aircraft_category": null}, "geometry": {"type": "MultiPoint", "coordinates": [[96.29219722, 19.64729167]]}}, {"type": "Feature", "properties": {"fid": 71, "area_code": "PAC", "airport_identifier": "VYYY", "procedure_identifier": "PARL1A", "route_type": "6", "transition_identifier": "NPT", "seqno": 10, "waypoint_icao_code": "VY", "waypoint_identifier": "PARLA", "waypoint_latitude": 17.91042778, "waypoint_longitude": 96.14998611, "waypoint_description_code": "E", "turn_direction": null, "rnp": null, "path_termination": "IF", "recommanded_navaid": null, "recommanded_navaid_latitude": null, "recommanded_navaid_longitude": null, "arc_radius": null, "theta": null, "rho": null, "magnetic_course": null, "route_distance_holding_distance_time": null, "distance_time": null, "altitude_description": null, "altitude1": null, "altitude2": null, "transition_altitude": null, "speed_limit_description": null, "speed_limit": null, "vertical_angle": null, "center_waypoint": null, "center_waypoint_latitude": null, "center_waypoint_longitude": null, "aircraft_category": null}, "geometry": {"type": "MultiPoint", "coordinates": [[96.14998611, 17.91042778]]}}, {"type": "Feature", "properties": {"fid": 72, "area_code": "PAC", "airport_identifier": "VYYY", "procedure_identifier": "PARL1A", "route_type": "6", "transition_identifier": "NPT", "seqno": 20, "waypoint_icao_code": "VY", "waypoint_identifier": "NPT", "waypoint_latitude": 19.62655556, "waypoint_longitude": 96.19558333, "waypoint_description_code": "E", "turn_direction": null, "rnp": null, "path_termination": "TF", "recommanded_navaid": null, "recommanded_navaid_latitude": null, "recommanded_navaid_longitude": null, "arc_radius": null, "theta": null, "rho": null, "magnetic_course": null, "route_distance_holding_distance_time": null, "distance_time": null, "altitude_description": null, "altitude1": null, "altitude2": null, "transition_altitude": null, "speed_limit_description": null, "speed_limit": null, "vertical_angle": null, "center_waypoint": null, "center_waypoint_latitude": null, "center_waypoint_longitude": null, "aircraft_category": null}, "geometry": {"type": "MultiPoint", "coordinates": [[96.19558333, 19.62655556]]}}, {"type": "Feature", "properties": {"fid": 74, "area_code": "PAC", "airport_identifier": "VYHH", "procedure_identifier": "REMI1A", "route_type": "5", "transition_identifier": "RW18", "seqno": 10, "waypoint_icao_code": null, "waypoint_identifier": null, "waypoint_latitude": null, "waypoint_longitude": null, "waypoint_description_code": null, "turn_direction": null, "rnp": 1.0, "path_termination": "CA", "recommanded_navaid": null, "recommanded_navaid_latitude": null, "recommanded_navaid_longitude": null, "arc_radius": null, "theta": null, "rho": null, "magnetic_course": 181.0, "route_distance_holding_distance_time": null, "distance_time": null, "altitude_description": "+", "altitude1": 4440.0, "altitude2": null, "transition_altitude": null, "speed_limit_description": null, "speed_limit": null, "vertical_angle": null, "center_waypoint": null, "center_waypoint_latitude": null, "center_waypoint_longitude": null, "aircraft_category": null}, "geometry": {"type": "MultiPoint", "coordinates": []}}, {"type": "Feature", "properties": {"fid": 75, "area_code": "PAC", "airport_identifier": "VYHH", "procedure_identifier": "REMI1A", "route_type": "5", "transition_identifier": "RW18", "seqno": 30, "waypoint_icao_code": "VY", "waypoint_identifier": "HH904", "waypoint_latitude": 20.63844444, "waypoint_longitude": 96.76844444, "waypoint_description_code": "E", "turn_direction": null, "rnp": 1.0, "path_termination": "CF", "recommanded_navaid": null, "recommanded_navaid_latitude": null, "recommanded_navaid_longitude": null, "arc_radius": null, "theta": null, "rho": null, "magnetic_course": 194.0, "route_distance_holding_distance_time": 5.9, "distance_time": "D", "altitude_description": "+", "altitude1": 5500.0, "altitude2": null, "transition_altitude": null, "speed_limit_description": "-", "speed_limit": 210.0, "vertical_angle": null, "center_waypoint": null, "center_waypoint_latitude": null, "center_waypoint_longitude": null, "aircraft_category": null}, "geometry": {"type": "MultiPoint", "coordinates": [[96.76844444, 20.63844444]]}}, {"type": "Feature", "properties": {"fid": 76, "area_code": "PAC", "airport_identifier": "VYHH", "procedure_identifier": "REMI1A", "route_type": "5", "transition_identifier": "RW18", "seqno": 40, "waypoint_icao_code": "VY", "waypoint_identifier": "HH905", "waypoint_latitude": 20.60508333, "waypoint_longitude": 96.71116667, "waypoint_description_code": "E", "turn_direction": null, "rnp": 1.0, "path_termination": "TF", "recommanded_navaid": null, "recommanded_navaid_latitude": null, "recommanded_navaid_longitude": null, "arc_radius": null, "theta": null, "rho": null, "magnetic_course": null, "route_distance_holding_distance_time": null, "distance_time": null, "altitude_description": null, "altitude1": null, "altitude2": null, "transition_altitude": null, "speed_limit_description": "-", "speed_limit": 210.0, "vertical_angle": null, "center_waypoint": null, "center_waypoint_latitude": null, "center_waypoint_longitude": null, "aircraft_category": null}, "geometry": {"type": "MultiPoint", "coordinates": [[96.71116667, 20.60508333]]}}, {"type": "Feature", "properties": {"fid": 77, "area_code": "PAC", "airport_identifier": "VYHH", "procedure_identifier": "REMI1A", "route_type": "5", "transition_identifier": "RW18", "seqno": 50, "waypoint_icao_code": "VY", "waypoint_identifier": "HH910", "waypoint_latitude": 20.51588889, "waypoint_longitude": 96.66675, "waypoint_description_code": "E", "turn_direction": null, "rnp": 1.0, "path_termination": "TF", "recommanded_navaid": null, "recommanded_navaid_latitude": null, "recommanded_navaid_longitude": null, "arc_radius": null, "theta": null, "rho": null, "magnetic_course": null, "route_distance_holding_distance_time": null, "distance_time": null, "altitude_description": "B", "altitude1": 7000.0, "altitude2": 6000.0, "transition_altitude": null, "speed_limit_description": "-", "speed_limit": 210.0, "vertical_angle": null, "center_waypoint": null, "center_waypoint_latitude": null, "center_waypoint_longitude": null, "aircraft_category": null}, "geometry": {"type": "MultiPoint", "coordinates": [[96.66675, 20.51588889]]}}, {"type": "Feature", "properties": {"fid": 78, "area_code": "PAC", "airport_identifier": "VYHH", "procedure_identifier": "REMI1A", "route_type": "5", "transition_identifier": "RW18", "seqno": 60, "waypoint_icao_code": "VY", "waypoint_identifier": "HH911", "waypoint_latitude": 20.38788889, "waypoint_longitude": 96.66638889, "waypoint_description_code": "E", "turn_direction": null, "rnp": 1.0, "path_termination": "TF", "recommanded_navaid": null, "recommanded_navaid_latitude": null, "recommanded_navaid_longitude": null, "arc_radius": null, "theta": null, "rho": null, "magnetic_course": null, "route_distance_holding_distance_time": null, "distance_time": null, "altitude_description": "-", "altitude1": 9000.0, "altitude2": null, "transition_altitude": null, "speed_limit_description": "-", "speed_limit": 210.0, "vertical_angle": null, "center_waypoint": null, "center_waypoint_latitude": null, "center_waypoint_longitude": null, "aircraft_category": null}, "geometry": {"type": "MultiPoint", "coordinates": [[96.66638889, 20.38788889]]}}, {"type": "Feature", "properties": {"fid": 79, "area_code": "PAC", "airport_identifier": "VYHH", "procedure_identifier": "REMI1A", "route_type": "5", "transition_identifier": "RW18", "seqno": 70, "waypoint_icao_code": "VY", "waypoint_identifier": "HH912", "waypoint_latitude": 20.30480556, "waypoint_longitude": 96.6655, "waypoint_description_code": "E", "turn_direction": null, "rnp": 1.0, "path_termination": "TF", "recommanded_navaid": null, "recommanded_navaid_latitude": null, "recommanded_navaid_longitude": null, "arc_radius": null, "theta": null, "rho": null, "magnetic_course": null, "route_distance_holding_distance_time": null, "distance_time": null, "altitude_description": null, "altitude1": null, "altitude2": null, "transition_altitude": null, "speed_limit_description": "-", "speed_limit": 210.0, "vertical_angle": null, "center_waypoint": null, "center_waypoint_latitude": null, "center_waypoint_longitude": null, "aircraft_category": null}, "geometry": {"type": "MultiPoint", "coordinates": [[96.6655, 20.30480556]]}}, {"type": "Feature", "properties": {"fid": 80, "area_code": "PAC", "airport_identifier": "VYHH", "procedure_identifier": "REMI1A", "route_type": "5", "transition_identifier": "RW18", "seqno": 80, "waypoint_icao_code": "VY", "waypoint_identifier": "REMIN", "waypoint_latitude": 20.16347222, "waypoint_longitude": 96.74366667, "waypoint_description_code": "E", "turn_direction": null, "rnp": 1.0, "path_termination": "TF", "recommanded_navaid": null, "recommanded_navaid_latitude": null, "recommanded_navaid_longitude": null, "arc_radius": null, "theta": null, "rho": null, "magnetic_course": null, "route_distance_holding_distance_time": null, "distance_time": null, "altitude_description": null, "altitude1": null, "altitude2": null, "transition_altitude": null, "speed_limit_description": null, "speed_limit": null, "vertical_angle": null, "center_waypoint": null, "center_waypoint_latitude": null, "center_waypoint_longitude": null, "aircraft_category": null}, "geometry": {"type": "MultiPoint", "coordinates": [[96.74366667, 20.16347222]]}}, {"type": "Feature", "properties": {"fid": 82, "area_code": "PAC", "airport_identifier": "VYSW", "procedure_identifier": "POME1A", "route_type": "5", "transition_identifier": "RW29", "seqno": 10, "waypoint_icao_code": "VY", "waypoint_identifier": "SW906", "waypoint_latitude": 20.15608333, "waypoint_longitude": 92.77397222, "waypoint_description_code": "E", "turn_direction": null, "rnp": 1.0, "path_termination": "CF", "recommanded_navaid": null, "recommanded_navaid_latitude": null, "recommanded_navaid_longitude": null, "arc_radius": null, "theta": null, "rho": null, "magnetic_course": 285.0, "route_distance_holding_distance_time": 5.0, "distance_time": "D", "altitude_description": null, "altitude1": null, "altitude2": null, "transition_altitude": null, "speed_limit_description": "-", "speed_limit": 210.0, "vertical_angle": null, "center_waypoint": null, "center_waypoint_latitude": null, "center_waypoint_longitude": null, "aircraft_category": null}, "geometry": {"type": "MultiPoint", "coordinates": [[92.77397222, 20.15608333]]}}, {"type": "Feature", "properties": {"fid": 83, "area_code": "PAC", "airport_identifier": "VYSW", "procedure_identifier": "POME1A", "route_type": "5", "transition_identifier": "RW29", "seqno": 20, "waypoint_icao_code": "VY", "waypoint_identifier": "SW907", "waypoint_latitude": 20.26966667, "waypoint_longitude": 92.80411111, "waypoint_description_code": "E", "turn_direction": null, "rnp": 1.0, "path_termination": "TF", "recommanded_navaid": null, "recommanded_navaid_latitude": null, "recommanded_navaid_longitude": null, "arc_radius": null, "theta": null, "rho": null, "magnetic_course": null, "route_distance_holding_distance_time": null, "distance_time": null, "altitude_description": null, "altitude1": null, "altitude2": null, "transition_altitude": null, "speed_limit_description": "-", "speed_limit": 210.0, "vertical_angle": null, "center_waypoint": null, "center_waypoint_latitude": null, "center_waypoint_longitude": null, "aircraft_category": null}, "geometry": {"type": "MultiPoint", "coordinates": [[92.80411111, 20.26966667]]}}, {"type": "Feature", "properties": {"fid": 84, "area_code": "PAC", "airport_identifier": "VYSW", "procedure_identifier": "POME1A", "route_type": "5", "transition_identifier": "RW29", "seqno": 30, "waypoint_icao_code": "VY", "waypoint_identifier": "SW908", "waypoint_latitude": 20.24336111, "waypoint_longitude": 93.20725, "waypoint_description_code": "E", "turn_direction": null, "rnp": 1.0, "path_termination": "TF", "recommanded_navaid": null, "recommanded_navaid_latitude": null, "recommanded_navaid_longitude": null, "arc_radius": null, "theta": null, "rho": null, "magnetic_course": null, "route_distance_holding_distance_time": null, "distance_time": null, "altitude_description": "+", "altitude1": 10000.0, "altitude2": null, "transition_altitude": null, "speed_limit_description": null, "speed_limit": null, "vertical_angle": null, "center_waypoint": null, "center_waypoint_latitude": null, "center_waypoint_longitude": null, "aircraft_category": null}, "geometry": {"type": "MultiPoint", "coordinates": [[93.20725, 20.24336111]]}}, {"type": "Feature", "properties": {"fid": 85, "area_code": "PAC", "airport_identifier": "VYSW", "procedure_identifier": "POME1A", "route_type": "5", "transition_identifier": "RW29", "seqno": 40, "waypoint_icao_code": "VY", "waypoint_identifier": "SW909", "waypoint_latitude": 20.13344444, "waypoint_longitude": 93.36175, "waypoint_description_code": "E", "turn_direction": null, "rnp": 1.0, "path_termination": "TF", "recommanded_navaid": null, "recommanded_navaid_latitude": null, "recommanded_navaid_longitude": null, "arc_radius": null, "theta": null, "rho": null, "magnetic_course": null, "route_distance_holding_distance_time": null, "distance_time": null, "altitude_description": null, "altitude1": null, "altitude2": null, "transition_altitude": null, "speed_limit_description": null, "speed_limit": null, "vertical_angle": null, "center_waypoint": null, "center_waypoint_latitude": null, "center_waypoint_longitude": null, "aircraft_category": null}, "geometry": {"type": "MultiPoint", "coordinates": [[93.36175, 20.13344444]]}}, {"type": "Feature", "properties": {"fid": 86, "area_code": "PAC", "airport_identifier": "VYSW", "procedure_identifier": "POME1A", "route_type": "5", "transition_identifier": "RW29", "seqno": 50, "waypoint_icao_code": "VY", "waypoint_identifier": "SW910", "waypoint_latitude": 20.05069444, "waypoint_longitude": 93.40686111, "waypoint_description_code": "E", "turn_direction": null, "rnp": 1.0, "path_termination": "TF", "recommanded_navaid": null, "recommanded_navaid_latitude": null, "recommanded_navaid_longitude": null, "arc_radius": null, "theta": null, "rho": null, "magnetic_course": null, "route_distance_holding_distance_time": null, "distance_time": null, "altitude_description": null, "altitude1": null, "altitude2": null, "transition_altitude": null, "speed_limit_description": null, "speed_limit": null, "vertical_angle": null, "center_waypoint": null, "center_waypoint_latitude": null, "center_waypoint_longitude": null, "aircraft_category": null}, "geometry": {"type": "MultiPoint", "coordinates": [[93.40686111, 20.05069444]]}}, {"type": "Feature", "properties": {"fid": 87, "area_code": "PAC", "airport_identifier": "VYSW", "procedure_identifier": "POME1A", "route_type": "5", "transition_identifier": "RW29", "seqno": 60, "waypoint_icao_code": "VY", "waypoint_identifier": "POMEN", "waypoint_latitude": 19.95036111, "waypoint_longitude": 93.46113889, "waypoint_description_code": "E", "turn_direction": null, "rnp": 1.0, "path_termination": "TF", "recommanded_navaid": null, "recommanded_navaid_latitude": null, "recommanded_navaid_longitude": null, "arc_radius": null, "theta": null, "rho": null, "magnetic_course": null, "route_distance_holding_distance_time": null, "distance_time": null, "altitude_description": null, "altitude1": null, "altitude2": null, "transition_altitude": null, "speed_limit_description": null, "speed_limit": null, "vertical_angle": null, "center_waypoint": null, "center_waypoint_latitude": null, "center_waypoint_longitude": null, "aircraft_category": null}, "geometry": {"type": "MultiPoint", "coordinates": [[93.46113889, 19.95036111]]}}, {"type": "Feature", "properties": {"fid": 89, "area_code": "PAC", "airport_identifier": "VYMD", "procedure_identifier": "THAZ1N", "route_type": "5", "transition_identifier": "RW35", "seqno": 10, "waypoint_icao_code": "VY", "waypoint_identifier": "MDN11", "waypoint_latitude": 21.76963889, "waypoint_longitude": 95.96569444, "waypoint_description_code": "EY", "turn_direction": null, "rnp": null, "path_termination": "DF", "recommanded_navaid": null, "recommanded_navaid_latitude": null, "recommanded_navaid_longitude": null, "arc_radius": null, "theta": null, "rho": null, "magnetic_course": null, "route_distance_holding_distance_time": null, "distance_time": null, "altitude_description": "+", "altitude1": 700.0, "altitude2": null, "transition_altitude": null, "speed_limit_description": "-", "speed_limit": 205.0, "vertical_angle": null, "center_waypoint": null, "center_waypoint_latitude": null, "center_waypoint_longitude": null, "aircraft_category": null}, "geometry": {"type": "MultiPoint", "coordinates": [[95.96569444, 21.76963889]]}}, {"type": "Feature", "properties": {"fid": 90, "area_code": "PAC", "airport_identifier": "VYMD", "procedure_identifier": "THAZ1N", "route_type": "5", "transition_identifier": "RW35", "seqno": 20, "waypoint_icao_code": "VY", "waypoint_identifier": "MDS13", "waypoint_latitude": 21.60202778, "waypoint_longitude": 96.17019444, "waypoint_description_code": "E", "turn_direction": "R", "rnp": null, "path_termination": "CF", "recommanded_navaid": null, "recommanded_navaid_latitude": null, "recommanded_navaid_longitude": null, "arc_radius": null, "theta": null, "rho": null, "magnetic_course": 151.0, "route_distance_holding_distance_time": 14.4, "distance_time": "D", "altitude_description": null, "altitude1": null, "altitude2": null, "transition_altitude": null, "speed_limit_description": null, "speed_limit": null, "vertical_angle": null, "center_waypoint": null, "center_waypoint_latitude": null, "center_waypoint_longitude": null, "aircraft_category": null}, "geometry": {"type": "MultiPoint", "coordinates": [[96.17019444, 21.60202778]]}}, {"type": "Feature", "properties": {"fid": 91, "area_code": "PAC", "airport_identifier": "VYMD", "procedure_identifier": "THAZ1N", "route_type": "5", "transition_identifier": "RW35", "seqno": 30, "waypoint_icao_code": "VY", "waypoint_identifier": "MDS14", "waypoint_latitude": 21.37258333, "waypoint_longitude": 96.31733333, "waypoint_description_code": "E", "turn_direction": null, "rnp": null, "path_termination": "TF", "recommanded_navaid": null, "recommanded_navaid_latitude": null, "recommanded_navaid_longitude": null, "arc_radius": null, "theta": null, "rho": null, "magnetic_course": null, "route_distance_holding_distance_time": null, "distance_time": null, "altitude_description": "+", "altitude1": 13000.0, "altitude2": null, "transition_altitude": null, "speed_limit_description": null, "speed_limit": null, "vertical_angle": null, "center_waypoint": null, "center_waypoint_latitude": null, "center_waypoint_longitude": null, "aircraft_category": null}, "geometry": {"type": "MultiPoint", "coordinates": [[96.31733333, 21.37258333]]}}, {"type": "Feature", "properties": {"fid": 92, "area_code": "PAC", "airport_identifier": "VYMD", "procedure_identifier": "THAZ1N", "route_type": "5", "transition_identifier": "RW35", "seqno": 40, "waypoint_icao_code": "VY", "waypoint_identifier": "THAZI", "waypoint_latitude": 21.25866667, "waypoint_longitude": 96.35636111, "waypoint_description_code": "E", "turn_direction": null, "rnp": null, "path_termination": "TF", "recommanded_navaid": null, "recommanded_navaid_latitude": null, "recommanded_navaid_longitude": null, "arc_radius": null, "theta": null, "rho": null, "magnetic_course": null, "route_distance_holding_distance_time": null, "distance_time": null, "altitude_description": null, "altitude1": null, "altitude2": null, "transition_altitude": null, "speed_limit_description": null, "speed_limit": null, "vertical_angle": null, "center_waypoint": null, "center_waypoint_latitude": null, "center_waypoint_longitude": null, "aircraft_category": null}, "geometry": {"type": "MultiPoint", "coordinates": [[96.35636111, 21.25866667]]}}, {"type": "Feature", "properties": {"fid": 94, "area_code": "PAC", "airport_identifier": "VYYY", "procedure_identifier": "MULG1A", "route_type": "5", "transition_identifier": "RW21", "seqno": 10, "waypoint_icao_code": null, "waypoint_identifier": null, "waypoint_latitude": null, "waypoint_longitude": null, "waypoint_description_code": null, "turn_direction": null, "rnp": null, "path_termination": "CA", "recommanded_navaid": null, "recommanded_navaid_latitude": null, "recommanded_navaid_longitude": null, "arc_radius": null, "theta": null, "rho": null, "magnetic_course": 214.0, "route_distance_holding_distance_time": null, "distance_time": null, "altitude_description": "+", "altitude1": 610.0, "altitude2": null, "transition_altitude": null, "speed_limit_description": null, "speed_limit": null, "vertical_angle": null, "center_waypoint": null, "center_waypoint_latitude": null, "center_waypoint_longitude": null, "aircraft_category": null}, "geometry": {"type": "MultiPoint", "coordinates": []}}, {"type": "Feature", "properties": {"fid": 95, "area_code": "PAC", "airport_identifier": "VYYY", "procedure_identifier": "MULG1A", "route_type": "5", "transition_identifier": "RW21", "seqno": 20, "waypoint_icao_code": "VY", "waypoint_identifier": "YY906", "waypoint_latitude": 16.77761667, "waypoint_longitude": 96.00631389, "waypoint_description_code": "E", "turn_direction": null, "rnp": null, "path_termination": "CF", "recommanded_navaid": null, "recommanded_navaid_latitude": null, "recommanded_navaid_longitude": null, "arc_radius": null, "theta": null, "rho": null, "magnetic_course": 225.0, "route_distance_holding_distance_time": 10.0, "distance_time": "D", "altitude_description": null, "altitude1": null, "altitude2": null, "transition_altitude": null, "speed_limit_description": "-", "speed_limit": 230.0, "vertical_angle": null, "center_waypoint": null, "center_waypoint_latitude": null, "center_waypoint_longitude": null, "aircraft_category": null}, "geometry": {"type": "MultiPoint", "coordinates": [[96.00631389, 16.77761667]]}}, {"type": "Feature", "properties": {"fid": 96, "area_code": "PAC", "airport_identifier": "VYYY", "procedure_identifier": "MULG1A", "route_type": "5", "transition_identifier": "RW21", "seqno": 30, "waypoint_icao_code": "VY", "waypoint_identifier": "YY913", "waypoint_latitude": 16.86191111, "waypoint_longitude": 95.92146944, "waypoint_description_code": "E", "turn_direction": "R", "rnp": null, "path_termination": "TF", "recommanded_navaid": null, "recommanded_navaid_latitude": null, "recommanded_navaid_longitude": null, "arc_radius": null, "theta": null, "rho": null, "magnetic_course": null, "route_distance_holding_distance_time": null, "distance_time": null, "altitude_description": null, "altitude1": null, "altitude2": null, "transition_altitude": null, "speed_limit_description": "-", "speed_limit": 230.0, "vertical_angle": null, "center_waypoint": null, "center_waypoint_latitude": null, "center_waypoint_longitude": null, "aircraft_category": null}, "geometry": {"type": "MultiPoint", "coordinates": [[95.92146944, 16.86191111]]}}, {"type": "Feature", "properties": {"fid": 97, "area_code": "PAC", "airport_identifier": "VYYY", "procedure_identifier": "MULG1A", "route_type": "5", "transition_identifier": "RW21", "seqno": 40, "waypoint_icao_code": "VY", "waypoint_identifier": "YY914", "waypoint_latitude": 17.29427222, "waypoint_longitude": 95.7522, "waypoint_description_code": "E", "turn_direction": null, "rnp": null, "path_termination": "TF", "recommanded_navaid": null, "recommanded_navaid_latitude": null, "recommanded_navaid_longitude": null, "arc_radius": null, "theta": null, "rho": null, "magnetic_course": null, "route_distance_holding_distance_time": null, "distance_time": null, "altitude_description": "+", "altitude1": 12000.0, "altitude2": null, "transition_altitude": null, "speed_limit_description": null, "speed_limit": null, "vertical_angle": null, "center_waypoint": null, "center_waypoint_latitude": null, "center_waypoint_longitude": null, "aircraft_category": null}, "geometry": {"type": "MultiPoint", "coordinates": [[95.7522, 17.29427222]]}}, {"type": "Feature", "properties": {"fid": 98, "area_code": "PAC", "airport_identifier": "VYYY", "procedure_identifier": "MULG1A", "route_type": "5", "transition_identifier": "RW21", "seqno": 50, "waypoint_icao_code": "VY", "waypoint_identifier": "MULGO", "waypoint_latitude": 17.639825, "waypoint_longitude": 95.420175, "waypoint_description_code": "E", "turn_direction": null, "rnp": null, "path_termination": "TF", "recommanded_navaid": null, "recommanded_navaid_latitude": null, "recommanded_navaid_longitude": null, "arc_radius": null, "theta": null, "rho": null, "magnetic_course": null, "route_distance_holding_distance_time": null, "distance_time": null, "altitude_description": null, "altitude1": null, "altitude2": null, "transition_altitude": null, "speed_limit_description": null, "speed_limit": null, "vertical_angle": null, "center_waypoint": null, "center_waypoint_latitude": null, "center_waypoint_longitude": null, "aircraft_category": null}, "geometry": {"type": "MultiPoint", "coordinates": [[95.420175, 17.639825]]}}, {"type": "Feature", "properties": {"fid": 100, "area_code": "PAC", "airport_identifier": "VYYY", "procedure_identifier": "MULG1A", "route_type": "6", "transition_identifier": "DORLI", "seqno": 10, "waypoint_icao_code": "VY", "waypoint_identifier": "MULGO", "waypoint_latitude": 17.639825, "waypoint_longitude": 95.420175, "waypoint_description_code": "E", "turn_direction": null, "rnp": null, "path_termination": "IF", "recommanded_navaid": null, "recommanded_navaid_latitude": null, "recommanded_navaid_longitude": null, "arc_radius": null, "theta": null, "rho": null, "magnetic_course": null, "route_distance_holding_distance_time": null, "distance_time": null, "altitude_description": null, "altitude1": null, "altitude2": null, "transition_altitude": null, "speed_limit_description": null, "speed_limit": null, "vertical_angle": null, "center_waypoint": null, "center_waypoint_latitude": null, "center_waypoint_longitude": null, "aircraft_category": null}, "geometry": {"type": "MultiPoint", "coordinates": [[95.420175, 17.639825]]}}, {"type": "Feature", "properties": {"fid": 101, "area_code": "PAC", "airport_identifier": "VYYY", "procedure_identifier": "MULG1A", "route_type": "6", "transition_identifier": "DORLI", "seqno": 20, "waypoint_icao_code": "VY", "waypoint_identifier": "DORLI", "waypoint_latitude": 19.25747778, "waypoint_longitude": 94.70424722, "waypoint_description_code": "E", "turn_direction": null, "rnp": null, "path_termination": "TF", "recommanded_navaid": null, "recommanded_navaid_latitude": null, "recommanded_navaid_longitude": null, "arc_radius": null, "theta": null, "rho": null, "magnetic_course": null, "route_distance_holding_distance_time": null, "distance_time": null, "altitude_description": null, "altitude1": null, "altitude2": null, "transition_altitude": null, "speed_limit_description": null, "speed_limit": null, "vertical_angle": null, "center_waypoint": null, "center_waypoint_latitude": null, "center_waypoint_longitude": null, "aircraft_category": null}, "geometry": {"type": "MultiPoint", "coordinates": [[94.70424722, 19.25747778]]}}, {"type": "Feature", "properties": {"fid": 103, "area_code": "PAC", "airport_identifier": "VYYY", "procedure_identifier": "MULG1A", "route_type": "6", "transition_identifier": "KP", "seqno": 10, "waypoint_icao_code": "VY", "waypoint_identifier": "MULGO", "waypoint_latitude": 17.639825, "waypoint_longitude": 95.420175, "waypoint_description_code": "E", "turn_direction": null, "rnp": null, "path_termination": "IF", "recommanded_navaid": null, "recommanded_navaid_latitude": null, "recommanded_navaid_longitude": null, "arc_radius": null, "theta": null, "rho": null, "magnetic_course": null, "route_distance_holding_distance_time": null, "distance_time": null, "altitude_description": null, "altitude1": null, "altitude2": null, "transition_altitude": null, "speed_limit_description": null, "speed_limit": null, "vertical_angle": null, "center_waypoint": null, "center_waypoint_latitude": null, "center_waypoint_longitude": null, "aircraft_category": null}, "geometry": {"type": "MultiPoint", "coordinates": [[95.420175, 17.639825]]}}, {"type": "Feature", "properties": {"fid": 104, "area_code": "PAC", "airport_identifier": "VYYY", "procedure_identifier": "MULG1A", "route_type": "6", "transition_identifier": "KP", "seqno": 20, "waypoint_icao_code": "VY", "waypoint_identifier": "KP", "waypoint_latitude": 19.42919444, "waypoint_longitude": 93.53663889, "waypoint_description_code": "E", "turn_direction": null, "rnp": null, "path_termination": "TF", "recommanded_navaid": null, "recommanded_navaid_latitude": null, "recommanded_navaid_longitude": null, "arc_radius": null, "theta": null, "rho": null, "magnetic_course": null, "route_distance_holding_distance_time": null, "distance_time": null, "altitude_description": null, "altitude1": null, "altitude2": null, "transition_altitude": null, "speed_limit_description": null, "speed_limit": null, "vertical_angle": null, "center_waypoint": null, "center_waypoint_latitude": null, "center_waypoint_longitude": null, "aircraft_category": null}, "geometry": {"type": "MultiPoint", "coordinates": [[93.53663889, 19.42919444]]}}, {"type": "Feature", "properties": {"fid": 106, "area_code": "PAC", "airport_identifier": "VYYY", "procedure_identifier": "MULG1A", "route_type": "6", "transition_identifier": "STW", "seqno": 10, "waypoint_icao_code": "VY", "waypoint_identifier": "MULGO", "waypoint_latitude": 17.639825, "waypoint_longitude": 95.420175, "waypoint_description_code": "E", "turn_direction": null, "rnp": null, "path_termination": "IF", "recommanded_navaid": null, "recommanded_navaid_latitude": null, "recommanded_navaid_longitude": null, "arc_radius": null, "theta": null, "rho": null, "magnetic_course": null, "route_distance_holding_distance_time": null, "distance_time": null, "altitude_description": null, "altitude1": null, "altitude2": null, "transition_altitude": null, "speed_limit_description": null, "speed_limit": null, "vertical_angle": null, "center_waypoint": null, "center_waypoint_latitude": null, "center_waypoint_longitude": null, "aircraft_category": null}, "geometry": {"type": "MultiPoint", "coordinates": [[95.420175, 17.639825]]}}, {"type": "Feature", "properties": {"fid": 107, "area_code": "PAC", "airport_identifier": "VYYY", "procedure_identifier": "MULG1A", "route_type": "6", "transition_identifier": "STW", "seqno": 20, "waypoint_icao_code": "VY", "waypoint_identifier": "STW", "waypoint_latitude": 20.13291111, "waypoint_longitude": 92.87871111, "waypoint_description_code": "E", "turn_direction": null, "rnp": null, "path_termination": "TF", "recommanded_navaid": null, "recommanded_navaid_latitude": null, "recommanded_navaid_longitude": null, "arc_radius": null, "theta": null, "rho": null, "magnetic_course": null, "route_distance_holding_distance_time": null, "distance_time": null, "altitude_description": null, "altitude1": null, "altitude2": null, "transition_altitude": null, "speed_limit_description": null, "speed_limit": null, "vertical_angle": null, "center_waypoint": null, "center_waypoint_latitude": null, "center_waypoint_longitude": null, "aircraft_category": null}, "geometry": {"type": "MultiPoint", "coordinates": [[92.87871111, 20.13291111]]}}, {"type": "Feature", "properties": {"fid": 109, "area_code": "PAC", "airport_identifier": "VYYY", "procedure_identifier": "MULG1A", "route_type": "6", "transition_identifier": "SUMSU", "seqno": 10, "waypoint_icao_code": "VY", "waypoint_identifier": "MULGO", "waypoint_latitude": 17.639825, "waypoint_longitude": 95.420175, "waypoint_description_code": "E", "turn_direction": null, "rnp": null, "path_termination": "IF", "recommanded_navaid": null, "recommanded_navaid_latitude": null, "recommanded_navaid_longitude": null, "arc_radius": null, "theta": null, "rho": null, "magnetic_course": null, "route_distance_holding_distance_time": null, "distance_time": null, "altitude_description": null, "altitude1": null, "altitude2": null, "transition_altitude": null, "speed_limit_description": null, "speed_limit": null, "vertical_angle": null, "center_waypoint": null, "center_waypoint_latitude": null, "center_waypoint_longitude": null, "aircraft_category": null}, "geometry": {"type": "MultiPoint", "coordinates": [[95.420175, 17.639825]]}}, {"type": "Feature", "properties": {"fid": 110, "area_code": "PAC", "airport_identifier": "VYYY", "procedure_identifier": "MULG1A", "route_type": "6", "transition_identifier": "SUMSU", "seqno": 30, "waypoint_icao_code": "VY", "waypoint_identifier": "SUMSU", "waypoint_latitude": 18.57933611, "waypoint_longitude": 94.72381111, "waypoint_description_code": "E", "turn_direction": null, "rnp": null, "path_termination": "TF", "recommanded_navaid": null, "recommanded_navaid_latitude": null, "recommanded_navaid_longitude": null, "arc_radius": null, "theta": null, "rho": null, "magnetic_course": null, "route_distance_holding_distance_time": null, "distance_time": null, "altitude_description": null, "altitude1": null, "altitude2": null, "transition_altitude": null, "speed_limit_description": null, "speed_limit": null, "vertical_angle": null, "center_waypoint": null, "center_waypoint_latitude": null, "center_waypoint_longitude": null, "aircraft_category": null}, "geometry": {"type": "MultiPoint", "coordinates": [[94.72381111, 18.57933611]]}}, {"type": "Feature", "properties": {"fid": 112, "area_code": "PAC", "airport_identifier": "VYYY", "procedure_identifier": "MULG1A", "route_type": "6", "transition_identifier": "TDE", "seqno": 10, "waypoint_icao_code": "VY", "waypoint_identifier": "MULGO", "waypoint_latitude": 17.639825, "waypoint_longitude": 95.420175, "waypoint_description_code": "E", "turn_direction": null, "rnp": null, "path_termination": "IF", "recommanded_navaid": null, "recommanded_navaid_latitude": null, "recommanded_navaid_longitude": null, "arc_radius": null, "theta": null, "rho": null, "magnetic_course": null, "route_distance_holding_distance_time": null, "distance_time": null, "altitude_description": null, "altitude1": null, "altitude2": null, "transition_altitude": null, "speed_limit_description": null, "speed_limit": null, "vertical_angle": null, "center_waypoint": null, "center_waypoint_latitude": null, "center_waypoint_longitude": null, "aircraft_category": null}, "geometry": {"type": "MultiPoint", "coordinates": [[95.420175, 17.639825]]}}, {"type": "Feature", "properties": {"fid": 113, "area_code": "PAC", "airport_identifier": "VYYY", "procedure_identifier": "MULG1A", "route_type": "6", "transition_identifier": "TDE", "seqno": 20, "waypoint_icao_code": "VY", "waypoint_identifier": "TDE", "waypoint_latitude": 18.45671389, "waypoint_longitude": 94.29576389, "waypoint_description_code": "E", "turn_direction": null, "rnp": null, "path_termination": "TF", "recommanded_navaid": null, "recommanded_navaid_latitude": null, "recommanded_navaid_longitude": null, "arc_radius": null, "theta": null, "rho": null, "magnetic_course": null, "route_distance_holding_distance_time": null, "distance_time": null, "altitude_description": null, "altitude1": null, "altitude2": null, "transition_altitude": null, "speed_limit_description": null, "speed_limit": null, "vertical_angle": null, "center_waypoint": null, "center_waypoint_latitude": null, "center_waypoint_longitude": null, "aircraft_category": null}, "geometry": {"type": "MultiPoint", "coordinates": [[94.29576389, 18.45671389]]}}, {"type": "Feature", "properties": {"fid": 115, "area_code": "PAC", "airport_identifier": "VYSW", "procedure_identifier": "GOKE1A", "route_type": "5", "transition_identifier": "RW29", "seqno": 10, "waypoint_icao_code": "VY", "waypoint_identifier": "SW906", "waypoint_latitude": 20.15608333, "waypoint_longitude": 92.77397222, "waypoint_description_code": "E", "turn_direction": null, "rnp": 1.0, "path_termination": "CF", "recommanded_navaid": null, "recommanded_navaid_latitude": null, "recommanded_navaid_longitude": null, "arc_radius": null, "theta": null, "rho": null, "magnetic_course": 285.0, "route_distance_holding_distance_time": 5.0, "distance_time": "D", "altitude_description": null, "altitude1": null, "altitude2": null, "transition_altitude": null, "speed_limit_description": "-", "speed_limit": 210.0, "vertical_angle": null, "center_waypoint": null, "center_waypoint_latitude": null, "center_waypoint_longitude": null, "aircraft_category": null}, "geometry": {"type": "MultiPoint", "coordinates": [[92.77397222, 20.15608333]]}}, {"type": "Feature", "properties": {"fid": 116, "area_code": "PAC", "airport_identifier": "VYSW", "procedure_identifier": "GOKE1A", "route_type": "5", "transition_identifier": "RW29", "seqno": 20, "waypoint_icao_code": "VY", "waypoint_identifier": "SW907", "waypoint_latitude": 20.26966667, "waypoint_longitude": 92.80411111, "waypoint_description_code": "E", "turn_direction": null, "rnp": 1.0, "path_termination": "TF", "recommanded_navaid": null, "recommanded_navaid_latitude": null, "recommanded_navaid_longitude": null, "arc_radius": null, "theta": null, "rho": null, "magnetic_course": null, "route_distance_holding_distance_time": null, "distance_time": null, "altitude_description": null, "altitude1": null, "altitude2": null, "transition_altitude": null, "speed_limit_description": "-", "speed_limit": 210.0, "vertical_angle": null, "center_waypoint": null, "center_waypoint_latitude": null, "center_waypoint_longitude": null, "aircraft_category": null}, "geometry": {"type": "MultiPoint", "coordinates": [[92.80411111, 20.26966667]]}}, {"type": "Feature", "properties": {"fid": 117, "area_code": "PAC", "airport_identifier": "VYSW", "procedure_identifier": "GOKE1A", "route_type": "5", "transition_identifier": "RW29", "seqno": 30, "waypoint_icao_code": "VY", "waypoint_identifier": "SW908", "waypoint_latitude": 20.24336111, "waypoint_longitude": 93.20725, "waypoint_description_code": "E", "turn_direction": null, "rnp": 1.0, "path_termination": "TF", "recommanded_navaid": null, "recommanded_navaid_latitude": null, "recommanded_navaid_longitude": null, "arc_radius": null, "theta": null, "rho": null, "magnetic_course": null, "route_distance_holding_distance_time": null, "distance_time": null, "altitude_description": "+", "altitude1": 10000.0, "altitude2": null, "transition_altitude": null, "speed_limit_description": null, "speed_limit": null, "vertical_angle": null, "center_waypoint": null, "center_waypoint_latitude": null, "center_waypoint_longitude": null, "aircraft_category": null}, "geometry": {"type": "MultiPoint", "coordinates": [[93.20725, 20.24336111]]}}, {"type": "Feature", "properties": {"fid": 118, "area_code": "PAC", "airport_identifier": "VYSW", "procedure_identifier": "GOKE1A", "route_type": "5", "transition_identifier": "RW29", "seqno": 40, "waypoint_icao_code": "VY", "waypoint_identifier": "SW909", "waypoint_latitude": 20.13344444, "waypoint_longitude": 93.36175, "waypoint_description_code": "E", "turn_direction": null, "rnp": 1.0, "path_termination": "TF", "recommanded_navaid": null, "recommanded_navaid_latitude": null, "recommanded_navaid_longitude": null, "arc_radius": null, "theta": null, "rho": null, "magnetic_course": null, "route_distance_holding_distance_time": null, "distance_time": null, "altitude_description": null, "altitude1": null, "altitude2": null, "transition_altitude": null, "speed_limit_description": null, "speed_limit": null, "vertical_angle": null, "center_waypoint": null, "center_waypoint_latitude": null, "center_waypoint_longitude": null, "aircraft_category": null}, "geometry": {"type": "MultiPoint", "coordinates": [[93.36175, 20.13344444]]}}, {"type": "Feature", "properties": {"fid": 119, "area_code": "PAC", "airport_identifier": "VYSW", "procedure_identifier": "GOKE1A", "route_type": "5", "transition_identifier": "RW29", "seqno": 50, "waypoint_icao_code": "VY", "waypoint_identifier": "GOKET", "waypoint_latitude": 20.04508333, "waypoint_longitude": 93.48566667, "waypoint_description_code": "E", "turn_direction": null, "rnp": 1.0, "path_termination": "TF", "recommanded_navaid": null, "recommanded_navaid_latitude": null, "recommanded_navaid_longitude": null, "arc_radius": null, "theta": null, "rho": null, "magnetic_course": null, "route_distance_holding_distance_time": null, "distance_time": null, "altitude_description": null, "altitude1": null, "altitude2": null, "transition_altitude": null, "speed_limit_description": null, "speed_limit": null, "vertical_angle": null, "center_waypoint": null, "center_waypoint_latitude": null, "center_waypoint_longitude": null, "aircraft_category": null}, "geometry": {"type": "MultiPoint", "coordinates": [[93.48566667, 20.04508333]]}}, {"type": "Feature", "properties": {"fid": 121, "area_code": "PAC", "airport_identifier": "VYSW", "procedure_identifier": "ENKE1C", "route_type": "5", "transition_identifier": "RW11", "seqno": 10, "waypoint_icao_code": "VY", "waypoint_identifier": "SW904", "waypoint_latitude": 20.11855556, "waypoint_longitude": 92.93275, "waypoint_description_code": "E", "turn_direction": null, "rnp": 1.0, "path_termination": "CF", "recommanded_navaid": null, "recommanded_navaid_latitude": null, "recommanded_navaid_longitude": null, "arc_radius": null, "theta": null, "rho": null, "magnetic_course": 105.0, "route_distance_holding_distance_time": 3.0, "distance_time": "D", "altitude_description": null, "altitude1": null, "altitude2": null, "transition_altitude": null, "speed_limit_description": null, "speed_limit": null, "vertical_angle": null, "center_waypoint": null, "center_waypoint_latitude": null, "center_waypoint_longitude": null, "aircraft_category": null}, "geometry": {"type": "MultiPoint", "coordinates": [[92.93275, 20.11855556]]}}, {"type": "Feature", "properties": {"fid": 122, "area_code": "PAC", "airport_identifier": "VYSW", "procedure_identifier": "ENKE1C", "route_type": "5", "transition_identifier": "RW11", "seqno": 20, "waypoint_icao_code": "VY", "waypoint_identifier": "SW917", "waypoint_latitude": 19.93269444, "waypoint_longitude": 93.15658333, "waypoint_description_code": "E", "turn_direction": null, "rnp": 1.0, "path_termination": "TF", "recommanded_navaid": null, "recommanded_navaid_latitude": null, "recommanded_navaid_longitude": null, "arc_radius": null, "theta": null, "rho": null, "magnetic_course": null, "route_distance_holding_distance_time": null, "distance_time": null, "altitude_description": "-", "altitude1": 10000.0, "altitude2": null, "transition_altitude": null, "speed_limit_description": null, "speed_limit": null, "vertical_angle": null, "center_waypoint": null, "center_waypoint_latitude": null, "center_waypoint_longitude": null, "aircraft_category": null}, "geometry": {"type": "MultiPoint", "coordinates": [[93.15658333, 19.93269444]]}}, {"type": "Feature", "properties": {"fid": 123, "area_code": "PAC", "airport_identifier": "VYSW", "procedure_identifier": "ENKE1C", "route_type": "5", "transition_identifier": "RW11", "seqno": 30, "waypoint_icao_code": "VY", "waypoint_identifier": "ENKEL", "waypoint_latitude": 19.74533333, "waypoint_longitude": 93.24202778, "waypoint_description_code": "E", "turn_direction": null, "rnp": 1.0, "path_termination": "TF", "recommanded_navaid": null, "recommanded_navaid_latitude": null, "recommanded_navaid_longitude": null, "arc_radius": null, "theta": null, "rho": null, "magnetic_course": null, "route_distance_holding_distance_time": null, "distance_time": null, "altitude_description": null, "altitude1": null, "altitude2": null, "transition_altitude": null, "speed_limit_description": null, "speed_limit": null, "vertical_angle": null, "center_waypoint": null, "center_waypoint_latitude": null, "center_waypoint_longitude": null, "aircraft_category": null}, "geometry": {"type": "MultiPoint", "coordinates": [[93.24202778, 19.74533333]]}}, {"type": "Feature", "properties": {"fid": 125, "area_code": "PAC", "airport_identifier": "VYYY", "procedure_identifier": "MARD1A", "route_type": "5", "transition_identifier": "RW21", "seqno": 10, "waypoint_icao_code": null, "waypoint_identifier": null, "waypoint_latitude": null, "waypoint_longitude": null, "waypoint_description_code": null, "turn_direction": null, "rnp": null, "path_termination": "CA", "recommanded_navaid": null, "recommanded_navaid_latitude": null, "recommanded_navaid_longitude": null, "arc_radius": null, "theta": null, "rho": null, "magnetic_course": 214.0, "route_distance_holding_distance_time": null, "distance_time": null, "altitude_description": "+", "altitude1": 610.0, "altitude2": null, "transition_altitude": null, "speed_limit_description": null, "speed_limit": null, "vertical_angle": null, "center_waypoint": null, "center_waypoint_latitude": null, "center_waypoint_longitude": null, "aircraft_category": null}, "geometry": {"type": "MultiPoint", "coordinates": []}}, {"type": "Feature", "properties": {"fid": 126, "area_code": "PAC", "airport_identifier": "VYYY", "procedure_identifier": "MARD1A", "route_type": "5", "transition_identifier": "RW21", "seqno": 20, "waypoint_icao_code": "VY", "waypoint_identifier": "YY905", "waypoint_latitude": 16.71743889, "waypoint_longitude": 95.94608333, "waypoint_description_code": "E", "turn_direction": null, "rnp": null, "path_termination": "CF", "recommanded_navaid": null, "recommanded_navaid_latitude": null, "recommanded_navaid_longitude": null, "arc_radius": null, "theta": null, "rho": null, "magnetic_course": 225.0, "route_distance_holding_distance_time": 15.0, "distance_time": "D", "altitude_description": null, "altitude1": null, "altitude2": null, "transition_altitude": null, "speed_limit_description": "-", "speed_limit": 230.0, "vertical_angle": null, "center_waypoint": null, "center_waypoint_latitude": null, "center_waypoint_longitude": null, "aircraft_category": null}, "geometry": {"type": "MultiPoint", "coordinates": [[95.94608333, 16.71743889]]}}, {"type": "Feature", "properties": {"fid": 127, "area_code": "PAC", "airport_identifier": "VYYY", "procedure_identifier": "MARD1A", "route_type": "5", "transition_identifier": "RW21", "seqno": 30, "waypoint_icao_code": "VY", "waypoint_identifier": "YY907", "waypoint_latitude": 16.61441944, "waypoint_longitude": 96.09242778, "waypoint_description_code": "E", "turn_direction": "L", "rnp": null, "path_termination": "TF", "recommanded_navaid": null, "recommanded_navaid_latitude": null, "recommanded_navaid_longitude": null, "arc_radius": null, "theta": null, "rho": null, "magnetic_course": null, "route_distance_holding_distance_time": null, "distance_time": null, "altitude_description": null, "altitude1": null, "altitude2": null, "transition_altitude": null, "speed_limit_description": null, "speed_limit": null, "vertical_angle": null, "center_waypoint": null, "center_waypoint_latitude": null, "center_waypoint_longitude": null, "aircraft_category": null}, "geometry": {"type": "MultiPoint", "coordinates": [[96.09242778, 16.61441944]]}}, {"type": "Feature", "properties": {"fid": 128, "area_code": "PAC", "airport_identifier": "VYYY", "procedure_identifier": "MARD1A", "route_type": "5", "transition_identifier": "RW21", "seqno": 40, "waypoint_icao_code": "VY", "waypoint_identifier": "MARDO", "waypoint_latitude": 16.12435556, "waypoint_longitude": 96.78414444, "waypoint_description_code": "E", "turn_direction": null, "rnp": null, "path_termination": "TF", "recommanded_navaid": null, "recommanded_navaid_latitude": null, "recommanded_navaid_longitude": null, "arc_radius": null, "theta": null, "rho": null, "magnetic_course": null, "route_distance_holding_distance_time": null, "distance_time": null, "altitude_description": null, "altitude1": null, "altitude2": null, "transition_altitude": null, "speed_limit_description": null, "speed_limit": null, "vertical_angle": null, "center_waypoint": null, "center_waypoint_latitude": null, "center_waypoint_longitude": null, "aircraft_category": null}, "geometry": {"type": "MultiPoint", "coordinates": [[96.78414444, 16.12435556]]}}, {"type": "Feature", "properties": {"fid": 130, "area_code": "PAC", "airport_identifier": "VYYY", "procedure_identifier": "MARD1A", "route_type": "6", "transition_identifier": "BETNO", "seqno": 10, "waypoint_icao_code": "VY", "waypoint_identifier": "MARDO", "waypoint_latitude": 16.12435556, "waypoint_longitude": 96.78414444, "waypoint_description_code": "E", "turn_direction": null, "rnp": null, "path_termination": "IF", "recommanded_navaid": null, "recommanded_navaid_latitude": null, "recommanded_navaid_longitude": null, "arc_radius": null, "theta": null, "rho": null, "magnetic_course": null, "route_distance_holding_distance_time": null, "distance_time": null, "altitude_description": null, "altitude1": null, "altitude2": null, "transition_altitude": null, "speed_limit_description": null, "speed_limit": null, "vertical_angle": null, "center_waypoint": null, "center_waypoint_latitude": null, "center_waypoint_longitude": null, "aircraft_category": null}, "geometry": {"type": "MultiPoint", "coordinates": [[96.78414444, 16.12435556]]}}, {"type": "Feature", "properties": {"fid": 131, "area_code": "PAC", "airport_identifier": "VYYY", "procedure_identifier": "MARD1A", "route_type": "6", "transition_identifier": "BETNO", "seqno": 20, "waypoint_icao_code": "VY", "waypoint_identifier": "BETNO", "waypoint_latitude": 15.09819444, "waypoint_longitude": 98.20866667, "waypoint_description_code": "E", "turn_direction": null, "rnp": null, "path_termination": "TF", "recommanded_navaid": null, "recommanded_navaid_latitude": null, "recommanded_navaid_longitude": null, "arc_radius": null, "theta": null, "rho": null, "magnetic_course": null, "route_distance_holding_distance_time": null, "distance_time": null, "altitude_description": null, "altitude1": null, "altitude2": null, "transition_altitude": null, "speed_limit_description": null, "speed_limit": null, "vertical_angle": null, "center_waypoint": null, "center_waypoint_latitude": null, "center_waypoint_longitude": null, "aircraft_category": null}, "geometry": {"type": "MultiPoint", "coordinates": [[98.20866667, 15.09819444]]}}, {"type": "Feature", "properties": {"fid": 133, "area_code": "PAC", "airport_identifier": "VYTD", "procedure_identifier": "ANLO1A", "route_type": "5", "transition_identifier": "RW02", "seqno": 10, "waypoint_icao_code": "VY", "waypoint_identifier": "TD904", "waypoint_latitude": 18.56875278, "waypoint_longitude": 94.34150556, "waypoint_description_code": "E", "turn_direction": null, "rnp": 1.0, "path_termination": "CF", "recommanded_navaid": null, "recommanded_navaid_latitude": null, "recommanded_navaid_longitude": null, "arc_radius": null, "theta": null, "rho": null, "magnetic_course": 21.0, "route_distance_holding_distance_time": 6.0, "distance_time": "D", "altitude_description": null, "altitude1": null, "altitude2": null, "transition_altitude": null, "speed_limit_description": "-", "speed_limit": 230.0, "vertical_angle": null, "center_waypoint": null, "center_waypoint_latitude": null, "center_waypoint_longitude": null, "aircraft_category": null}, "geometry": {"type": "MultiPoint", "coordinates": [[94.34150556, 18.56875278]]}}, {"type": "Feature", "properties": {"fid": 134, "area_code": "PAC", "airport_identifier": "VYTD", "procedure_identifier": "ANLO1A", "route_type": "5", "transition_identifier": "RW02", "seqno": 20, "waypoint_icao_code": "VY", "waypoint_identifier": "TD908", "waypoint_latitude": 18.69485556, "waypoint_longitude": 94.1971, "waypoint_description_code": "E", "turn_direction": null, "rnp": 1.0, "path_termination": "TF", "recommanded_navaid": null, "recommanded_navaid_latitude": null, "recommanded_navaid_longitude": null, "arc_radius": null, "theta": null, "rho": null, "magnetic_course": null, "route_distance_holding_distance_time": null, "distance_time": null, "altitude_description": "-", "altitude1": 7000.0, "altitude2": null, "transition_altitude": null, "speed_limit_description": null, "speed_limit": null, "vertical_angle": null, "center_waypoint": null, "center_waypoint_latitude": null, "center_waypoint_longitude": null, "aircraft_category": null}, "geometry": {"type": "MultiPoint", "coordinates": [[94.1971, 18.69485556]]}}, {"type": "Feature", "properties": {"fid": 135, "area_code": "PAC", "airport_identifier": "VYTD", "procedure_identifier": "ANLO1A", "route_type": "5", "transition_identifier": "RW02", "seqno": 30, "waypoint_icao_code": "VY", "waypoint_identifier": "ANLOG", "waypoint_latitude": 18.928025, "waypoint_longitude": 93.92921389, "waypoint_description_code": "E", "turn_direction": null, "rnp": 1.0, "path_termination": "TF", "recommanded_navaid": null, "recommanded_navaid_latitude": null, "recommanded_navaid_longitude": null, "arc_radius": null, "theta": null, "rho": null, "magnetic_course": null, "route_distance_holding_distance_time": null, "distance_time": null, "altitude_description": "-", "altitude1": 10000.0, "altitude2": null, "transition_altitude": null, "speed_limit_description": null, "speed_limit": null, "vertical_angle": null, "center_waypoint": null, "center_waypoint_latitude": null, "center_waypoint_longitude": null, "aircraft_category": null}, "geometry": {"type": "MultiPoint", "coordinates": [[93.92921389, 18.928025]]}}, {"type": "Feature", "properties": {"fid": 137, "area_code": "PAC", "airport_identifier": "VYME", "procedure_identifier": "MELO1C", "route_type": "5", "transition_identifier": "RW36", "seqno": 10, "waypoint_icao_code": "VY", "waypoint_identifier": "ME908", "waypoint_latitude": 12.53596389, "waypoint_longitude": 98.62570278, "waypoint_description_code": "EY", "turn_direction": null, "rnp": 1.0, "path_termination": "CF", "recommanded_navaid": null, "recommanded_navaid_latitude": null, "recommanded_navaid_longitude": null, "arc_radius": null, "theta": null, "rho": null, "magnetic_course": 3.0, "route_distance_holding_distance_time": 5.0, "distance_time": "D", "altitude_description": null, "altitude1": null, "altitude2": null, "transition_altitude": null, "speed_limit_description": null, "speed_limit": null, "vertical_angle": null, "center_waypoint": null, "center_waypoint_latitude": null, "center_waypoint_longitude": null, "aircraft_category": null}, "geometry": {"type": "MultiPoint", "coordinates": [[98.62570278, 12.53596389]]}}, {"type": "Feature", "properties": {"fid": 138, "area_code": "PAC", "airport_identifier": "VYME", "procedure_identifier": "MELO1C", "route_type": "5", "transition_identifier": "RW36", "seqno": 20, "waypoint_icao_code": "VY", "waypoint_identifier": "ME911", "waypoint_latitude": 12.79225278, "waypoint_longitude": 98.56544444, "waypoint_description_code": "E", "turn_direction": null, "rnp": 1.0, "path_termination": "TF", "recommanded_navaid": null, "recommanded_navaid_latitude": null, "recommanded_navaid_longitude": null, "arc_radius": null, "theta": null, "rho": null, "magnetic_course": null, "route_distance_holding_distance_time": null, "distance_time": null, "altitude_description": null, "altitude1": null, "altitude2": null, "transition_altitude": null, "speed_limit_description": null, "speed_limit": null, "vertical_angle": null, "center_waypoint": null, "center_waypoint_latitude": null, "center_waypoint_longitude": null, "aircraft_category": null}, "geometry": {"type": "MultiPoint", "coordinates": [[98.56544444, 12.79225278]]}}, {"type": "Feature", "properties": {"fid": 139, "area_code": "PAC", "airport_identifier": "VYME", "procedure_identifier": "MELO1C", "route_type": "5", "transition_identifier": "RW36", "seqno": 30, "waypoint_icao_code": "VY", "waypoint_identifier": "MELOL", "waypoint_latitude": 12.92845, "waypoint_longitude": 98.50092222, "waypoint_description_code": "E", "turn_direction": null, "rnp": 1.0, "path_termination": "TF", "recommanded_navaid": null, "recommanded_navaid_latitude": null, "recommanded_navaid_longitude": null, "arc_radius": null, "theta": null, "rho": null, "magnetic_course": null, "route_distance_holding_distance_time": null, "distance_time": null, "altitude_description": "-", "altitude1": 10000.0, "altitude2": null, "transition_altitude": null, "speed_limit_description": null, "speed_limit": null, "vertical_angle": null, "center_waypoint": null, "center_waypoint_latitude": null, "center_waypoint_longitude": null, "aircraft_category": null}, "geometry": {"type": "MultiPoint", "coordinates": [[98.50092222, 12.92845]]}}, {"type": "Feature", "properties": {"fid": 141, "area_code": "PAC", "airport_identifier": "VYMD", "procedure_identifier": "THAZ1S", "route_type": "5", "transition_identifier": "RW17", "seqno": 20, "waypoint_icao_code": "VY", "waypoint_identifier": "MDS02", "waypoint_latitude": 21.42933333, "waypoint_longitude": 96.02811111, "waypoint_description_code": "E", "turn_direction": null, "rnp": null, "path_termination": "CF", "recommanded_navaid": null, "recommanded_navaid_latitude": null, "recommanded_navaid_longitude": null, "arc_radius": null, "theta": null, "rho": null, "magnetic_course": 171.0, "route_distance_holding_distance_time": 15.3, "distance_time": "D", "altitude_description": null, "altitude1": null, "altitude2": null, "transition_altitude": null, "speed_limit_description": null, "speed_limit": null, "vertical_angle": null, "center_waypoint": null, "center_waypoint_latitude": null, "center_waypoint_longitude": null, "aircraft_category": null}, "geometry": {"type": "MultiPoint", "coordinates": [[96.02811111, 21.42933333]]}}, {"type": "Feature", "properties": {"fid": 142, "area_code": "PAC", "airport_identifier": "VYMD", "procedure_identifier": "THAZ1S", "route_type": "5", "transition_identifier": "RW17", "seqno": 30, "waypoint_icao_code": "VY", "waypoint_identifier": "MDS11", "waypoint_latitude": 21.33891667, "waypoint_longitude": 96.20208333, "waypoint_description_code": "E", "turn_direction": null, "rnp": null, "path_termination": "TF", "recommanded_navaid": null, "recommanded_navaid_latitude": null, "recommanded_navaid_longitude": null, "arc_radius": null, "theta": null, "rho": null, "magnetic_course": null, "route_distance_holding_distance_time": null, "distance_time": null, "altitude_description": "-", "altitude1": 6000.0, "altitude2": null, "transition_altitude": null, "speed_limit_description": null, "speed_limit": null, "vertical_angle": null, "center_waypoint": null, "center_waypoint_latitude": null, "center_waypoint_longitude": null, "aircraft_category": null}, "geometry": {"type": "MultiPoint", "coordinates": [[96.20208333, 21.33891667]]}}, {"type": "Feature", "properties": {"fid": 143, "area_code": "PAC", "airport_identifier": "VYMD", "procedure_identifier": "THAZ1S", "route_type": "5", "transition_identifier": "RW17", "seqno": 40, "waypoint_icao_code": "VY", "waypoint_identifier": "THAZI", "waypoint_latitude": 21.25866667, "waypoint_longitude": 96.35636111, "waypoint_description_code": "E", "turn_direction": null, "rnp": null, "path_termination": "TF", "recommanded_navaid": null, "recommanded_navaid_latitude": null, "recommanded_navaid_longitude": null, "arc_radius": null, "theta": null, "rho": null, "magnetic_course": null, "route_distance_holding_distance_time": null, "distance_time": null, "altitude_description": "-", "altitude1": 8000.0, "altitude2": null, "transition_altitude": null, "speed_limit_description": null, "speed_limit": null, "vertical_angle": null, "center_waypoint": null, "center_waypoint_latitude": null, "center_waypoint_longitude": null, "aircraft_category": null}, "geometry": {"type": "MultiPoint", "coordinates": [[96.35636111, 21.25866667]]}}, {"type": "Feature", "properties": {"fid": 145, "area_code": "PAC", "airport_identifier": "VYME", "procedure_identifier": "KIDU1C", "route_type": "5", "transition_identifier": "RW36", "seqno": 10, "waypoint_icao_code": "VY", "waypoint_identifier": "ME908", "waypoint_latitude": 12.53596389, "waypoint_longitude": 98.62570278, "waypoint_description_code": "EY", "turn_direction": null, "rnp": 1.0, "path_termination": "CF", "recommanded_navaid": null, "recommanded_navaid_latitude": null, "recommanded_navaid_longitude": null, "arc_radius": null, "theta": null, "rho": null, "magnetic_course": 3.0, "route_distance_holding_distance_time": 5.0, "distance_time": "D", "altitude_description": null, "altitude1": null, "altitude2": null, "transition_altitude": null, "speed_limit_description": null, "speed_limit": null, "vertical_angle": null, "center_waypoint": null, "center_waypoint_latitude": null, "center_waypoint_longitude": null, "aircraft_category": null}, "geometry": {"type": "MultiPoint", "coordinates": [[98.62570278, 12.53596389]]}}, {"type": "Feature", "properties": {"fid": 146, "area_code": "PAC", "airport_identifier": "VYME", "procedure_identifier": "KIDU1C", "route_type": "5", "transition_identifier": "RW36", "seqno": 20, "waypoint_icao_code": "VY", "waypoint_identifier": "ME911", "waypoint_latitude": 12.79225278, "waypoint_longitude": 98.56544444, "waypoint_description_code": "E", "turn_direction": null, "rnp": 1.0, "path_termination": "TF", "recommanded_navaid": null, "recommanded_navaid_latitude": null, "recommanded_navaid_longitude": null, "arc_radius": null, "theta": null, "rho": null, "magnetic_course": null, "route_distance_holding_distance_time": null, "distance_time": null, "altitude_description": null, "altitude1": null, "altitude2": null, "transition_altitude": null, "speed_limit_description": null, "speed_limit": null, "vertical_angle": null, "center_waypoint": null, "center_waypoint_latitude": null, "center_waypoint_longitude": null, "aircraft_category": null}, "geometry": {"type": "MultiPoint", "coordinates": [[98.56544444, 12.79225278]]}}, {"type": "Feature", "properties": {"fid": 147, "area_code": "PAC", "airport_identifier": "VYME", "procedure_identifier": "KIDU1C", "route_type": "5", "transition_identifier": "RW36", "seqno": 30, "waypoint_icao_code": "VY", "waypoint_identifier": "KIDUN", "waypoint_latitude": 12.90530833, "waypoint_longitude": 98.42789444, "waypoint_description_code": "E", "turn_direction": null, "rnp": 1.0, "path_termination": "TF", "recommanded_navaid": null, "recommanded_navaid_latitude": null, "recommanded_navaid_longitude": null, "arc_radius": null, "theta": null, "rho": null, "magnetic_course": null, "route_distance_holding_distance_time": null, "distance_time": null, "altitude_description": "-", "altitude1": 10000.0, "altitude2": null, "transition_altitude": null, "speed_limit_description": null, "speed_limit": null, "vertical_angle": null, "center_waypoint": null, "center_waypoint_latitude": null, "center_waypoint_longitude": null, "aircraft_category": null}, "geometry": {"type": "MultiPoint", "coordinates": [[98.42789444, 12.90530833]]}}, {"type": "Feature", "properties": {"fid": 149, "area_code": "PAC", "airport_identifier": "VYYY", "procedure_identifier": "REBO1A", "route_type": "5", "transition_identifier": "RW03", "seqno": 10, "waypoint_icao_code": "VY", "waypoint_identifier": "YY919", "waypoint_latitude": 16.96575, "waypoint_longitude": 96.17302778, "waypoint_description_code": "EY", "turn_direction": null, "rnp": null, "path_termination": "DF", "recommanded_navaid": null, "recommanded_navaid_latitude": null, "recommanded_navaid_longitude": null, "arc_radius": null, "theta": null, "rho": null, "magnetic_course": null, "route_distance_holding_distance_time": null, "distance_time": null, "altitude_description": "+", "altitude1": 600.0, "altitude2": null, "transition_altitude": null, "speed_limit_description": null, "speed_limit": null, "vertical_angle": null, "center_waypoint": null, "center_waypoint_latitude": null, "center_waypoint_longitude": null, "aircraft_category": null}, "geometry": {"type": "MultiPoint", "coordinates": [[96.17302778, 16.96575]]}}, {"type": "Feature", "properties": {"fid": 150, "area_code": "PAC", "airport_identifier": "VYYY", "procedure_identifier": "REBO1A", "route_type": "5", "transition_identifier": "RW03", "seqno": 20, "waypoint_icao_code": "VY", "waypoint_identifier": "YY921", "waypoint_latitude": 16.88055556, "waypoint_longitude": 96.82797222, "waypoint_description_code": "E", "turn_direction": null, "rnp": null, "path_termination": "TF", "recommanded_navaid": null, "recommanded_navaid_latitude": null, "recommanded_navaid_longitude": null, "arc_radius": null, "theta": null, "rho": null, "magnetic_course": null, "route_distance_holding_distance_time": null, "distance_time": null, "altitude_description": null, "altitude1": null, "altitude2": null, "transition_altitude": null, "speed_limit_description": null, "speed_limit": null, "vertical_angle": null, "center_waypoint": null, "center_waypoint_latitude": null, "center_waypoint_longitude": null, "aircraft_category": null}, "geometry": {"type": "MultiPoint", "coordinates": [[96.82797222, 16.88055556]]}}, {"type": "Feature", "properties": {"fid": 151, "area_code": "PAC", "airport_identifier": "VYYY", "procedure_identifier": "REBO1A", "route_type": "5", "transition_identifier": "RW03", "seqno": 30, "waypoint_icao_code": "VY", "waypoint_identifier": "YY923", "waypoint_latitude": 16.80122222, "waypoint_longitude": 96.9045, "waypoint_description_code": "E", "turn_direction": null, "rnp": null, "path_termination": "TF", "recommanded_navaid": null, "recommanded_navaid_latitude": null, "recommanded_navaid_longitude": null, "arc_radius": null, "theta": null, "rho": null, "magnetic_course": null, "route_distance_holding_distance_time": null, "distance_time": null, "altitude_description": "-", "altitude1": 16000.0, "altitude2": null, "transition_altitude": null, "speed_limit_description": null, "speed_limit": null, "vertical_angle": null, "center_waypoint": null, "center_waypoint_latitude": null, "center_waypoint_longitude": null, "aircraft_category": null}, "geometry": {"type": "MultiPoint", "coordinates": [[96.9045, 16.80122222]]}}, {"type": "Feature", "properties": {"fid": 152, "area_code": "PAC", "airport_identifier": "VYYY", "procedure_identifier": "REBO1A", "route_type": "5", "transition_identifier": "RW03", "seqno": 50, "waypoint_icao_code": "VY", "waypoint_identifier": "REBOS", "waypoint_latitude": 16.57916667, "waypoint_longitude": 97.11813889, "waypoint_description_code": "E", "turn_direction": null, "rnp": null, "path_termination": "TF", "recommanded_navaid": null, "recommanded_navaid_latitude": null, "recommanded_navaid_longitude": null, "arc_radius": null, "theta": null, "rho": null, "magnetic_course": null, "route_distance_holding_distance_time": null, "distance_time": null, "altitude_description": "-", "altitude1": 20000.0, "altitude2": null, "transition_altitude": null, "speed_limit_description": null, "speed_limit": null, "vertical_angle": null, "center_waypoint": null, "center_waypoint_latitude": null, "center_waypoint_longitude": null, "aircraft_category": null}, "geometry": {"type": "MultiPoint", "coordinates": [[97.11813889, 16.57916667]]}}, {"type": "Feature", "properties": {"fid": 153, "area_code": "PAC", "airport_identifier": "VYYY", "procedure_identifier": "REBO1A", "route_type": "5", "transition_identifier": "RW03", "seqno": 60, "waypoint_icao_code": "VY", "waypoint_identifier": "BETNO", "waypoint_latitude": 15.09819444, "waypoint_longitude": 98.20866667, "waypoint_description_code": "E", "turn_direction": null, "rnp": null, "path_termination": "TF", "recommanded_navaid": null, "recommanded_navaid_latitude": null, "recommanded_navaid_longitude": null, "arc_radius": null, "theta": null, "rho": null, "magnetic_course": null, "route_distance_holding_distance_time": null, "distance_time": null, "altitude_description": null, "altitude1": null, "altitude2": null, "transition_altitude": null, "speed_limit_description": null, "speed_limit": null, "vertical_angle": null, "center_waypoint": null, "center_waypoint_latitude": null, "center_waypoint_longitude": null, "aircraft_category": null}, "geometry": {"type": "MultiPoint", "coordinates": [[98.20866667, 15.09819444]]}}, {"type": "Feature", "properties": {"fid": 155, "area_code": "PAC", "airport_identifier": "VYMD", "procedure_identifier": "DOGI1N", "route_type": "5", "transition_identifier": "RW35", "seqno": 20, "waypoint_icao_code": "VY", "waypoint_identifier": "MDN11", "waypoint_latitude": 21.76963889, "waypoint_longitude": 95.96569444, "waypoint_description_code": "EY", "turn_direction": null, "rnp": null, "path_termination": "DF", "recommanded_navaid": null, "recommanded_navaid_latitude": null, "recommanded_navaid_longitude": null, "arc_radius": null, "theta": null, "rho": null, "magnetic_course": null, "route_distance_holding_distance_time": null, "distance_time": null, "altitude_description": "+", "altitude1": 700.0, "altitude2": null, "transition_altitude": null, "speed_limit_description": "-", "speed_limit": 205.0, "vertical_angle": null, "center_waypoint": null, "center_waypoint_latitude": null, "center_waypoint_longitude": null, "aircraft_category": null}, "geometry": {"type": "MultiPoint", "coordinates": [[95.96569444, 21.76963889]]}}, {"type": "Feature", "properties": {"fid": 156, "area_code": "PAC", "airport_identifier": "VYMD", "procedure_identifier": "DOGI1N", "route_type": "5", "transition_identifier": "RW35", "seqno": 30, "waypoint_icao_code": "VY", "waypoint_identifier": "MDS13", "waypoint_latitude": 21.60202778, "waypoint_longitude": 96.17019444, "waypoint_description_code": "E", "turn_direction": "R", "rnp": null, "path_termination": "CF", "recommanded_navaid": null, "recommanded_navaid_latitude": null, "recommanded_navaid_longitude": null, "arc_radius": null, "theta": null, "rho": null, "magnetic_course": 151.0, "route_distance_holding_distance_time": 14.4, "distance_time": "D", "altitude_description": null, "altitude1": null, "altitude2": null, "transition_altitude": null, "speed_limit_description": null, "speed_limit": null, "vertical_angle": null, "center_waypoint": null, "center_waypoint_latitude": null, "center_waypoint_longitude": null, "aircraft_category": null}, "geometry": {"type": "MultiPoint", "coordinates": [[96.17019444, 21.60202778]]}}, {"type": "Feature", "properties": {"fid": 157, "area_code": "PAC", "airport_identifier": "VYMD", "procedure_identifier": "DOGI1N", "route_type": "5", "transition_identifier": "RW35", "seqno": 40, "waypoint_icao_code": "VY", "waypoint_identifier": "SITHU", "waypoint_latitude": 21.46236111, "waypoint_longitude": 96.18713889, "waypoint_description_code": "E", "turn_direction": null, "rnp": null, "path_termination": "TF", "recommanded_navaid": null, "recommanded_navaid_latitude": null, "recommanded_navaid_longitude": null, "arc_radius": null, "theta": null, "rho": null, "magnetic_course": null, "route_distance_holding_distance_time": null, "distance_time": null, "altitude_description": "+", "altitude1": 10000.0, "altitude2": null, "transition_altitude": null, "speed_limit_description": null, "speed_limit": null, "vertical_angle": null, "center_waypoint": null, "center_waypoint_latitude": null, "center_waypoint_longitude": null, "aircraft_category": null}, "geometry": {"type": "MultiPoint", "coordinates": [[96.18713889, 21.46236111]]}}, {"type": "Feature", "properties": {"fid": 158, "area_code": "PAC", "airport_identifier": "VYMD", "procedure_identifier": "DOGI1N", "route_type": "5", "transition_identifier": "RW35", "seqno": 50, "waypoint_icao_code": "VY", "waypoint_identifier": "DOGIP", "waypoint_latitude": 20.73691667, "waypoint_longitude": 96.27461111, "waypoint_description_code": "E", "turn_direction": null, "rnp": null, "path_termination": "TF", "recommanded_navaid": null, "recommanded_navaid_latitude": null, "recommanded_navaid_longitude": null, "arc_radius": null, "theta": null, "rho": null, "magnetic_course": null, "route_distance_holding_distance_time": null, "distance_time": null, "altitude_description": "+", "altitude1": 18000.0, "altitude2": null, "transition_altitude": null, "speed_limit_description": null, "speed_limit": null, "vertical_angle": null, "center_waypoint": null, "center_waypoint_latitude": null, "center_waypoint_longitude": null, "aircraft_category": null}, "geometry": {"type": "MultiPoint", "coordinates": [[96.27461111, 20.73691667]]}}, {"type": "Feature", "properties": {"fid": 160, "area_code": "PAC", "airport_identifier": "VYYY", "procedure_identifier": "VISA1C", "route_type": "5", "transition_identifier": "RW21", "seqno": 10, "waypoint_icao_code": null, "waypoint_identifier": null, "waypoint_latitude": null, "waypoint_longitude": null, "waypoint_description_code": null, "turn_direction": null, "rnp": null, "path_termination": "CA", "recommanded_navaid": null, "recommanded_navaid_latitude": null, "recommanded_navaid_longitude": null, "arc_radius": null, "theta": null, "rho": null, "magnetic_course": 214.0, "route_distance_holding_distance_time": null, "distance_time": null, "altitude_description": "+", "altitude1": 610.0, "altitude2": null, "transition_altitude": null, "speed_limit_description": null, "speed_limit": null, "vertical_angle": null, "center_waypoint": null, "center_waypoint_latitude": null, "center_waypoint_longitude": null, "aircraft_category": null}, "geometry": {"type": "MultiPoint", "coordinates": []}}, {"type": "Feature", "properties": {"fid": 161, "area_code": "PAC", "airport_identifier": "VYYY", "procedure_identifier": "VISA1C", "route_type": "5", "transition_identifier": "RW21", "seqno": 20, "waypoint_icao_code": "VY", "waypoint_identifier": "YY906", "waypoint_latitude": 16.77761667, "waypoint_longitude": 96.00631389, "waypoint_description_code": "EY", "turn_direction": null, "rnp": null, "path_termination": "CF", "recommanded_navaid": null, "recommanded_navaid_latitude": null, "recommanded_navaid_longitude": null, "arc_radius": null, "theta": null, "rho": null, "magnetic_course": 225.0, "route_distance_holding_distance_time": 10.0, "distance_time": "D", "altitude_description": null, "altitude1": null, "altitude2": null, "transition_altitude": null, "speed_limit_description": "-", "speed_limit": 230.0, "vertical_angle": null, "center_waypoint": null, "center_waypoint_latitude": null, "center_waypoint_longitude": null, "aircraft_category": null}, "geometry": {"type": "MultiPoint", "coordinates": [[96.00631389, 16.77761667]]}}, {"type": "Feature", "properties": {"fid": 162, "area_code": "PAC", "airport_identifier": "VYYY", "procedure_identifier": "VISA1C", "route_type": "5", "transition_identifier": "RW21", "seqno": 30, "waypoint_icao_code": "VY", "waypoint_identifier": "YY910", "waypoint_latitude": 16.91172222, "waypoint_longitude": 95.95852778, "waypoint_description_code": "E", "turn_direction": "R", "rnp": null, "path_termination": "DF", "recommanded_navaid": null, "recommanded_navaid_latitude": null, "recommanded_navaid_longitude": null, "arc_radius": null, "theta": null, "rho": null, "magnetic_course": null, "route_distance_holding_distance_time": null, "distance_time": null, "altitude_description": null, "altitude1": null, "altitude2": null, "transition_altitude": null, "speed_limit_description": "-", "speed_limit": 230.0, "vertical_angle": null, "center_waypoint": null, "center_waypoint_latitude": null, "center_waypoint_longitude": null, "aircraft_category": null}, "geometry": {"type": "MultiPoint", "coordinates": [[95.95852778, 16.91172222]]}}, {"type": "Feature", "properties": {"fid": 163, "area_code": "PAC", "airport_identifier": "VYYY", "procedure_identifier": "VISA1C", "route_type": "5", "transition_identifier": "RW21", "seqno": 40, "waypoint_icao_code": "VY", "waypoint_identifier": "GONAS", "waypoint_latitude": 17.16733333, "waypoint_longitude": 96.19222222, "waypoint_description_code": "E", "turn_direction": null, "rnp": null, "path_termination": "TF", "recommanded_navaid": null, "recommanded_navaid_latitude": null, "recommanded_navaid_longitude": null, "arc_radius": null, "theta": null, "rho": null, "magnetic_course": null, "route_distance_holding_distance_time": null, "distance_time": null, "altitude_description": null, "altitude1": null, "altitude2": null, "transition_altitude": null, "speed_limit_description": null, "speed_limit": null, "vertical_angle": null, "center_waypoint": null, "center_waypoint_latitude": null, "center_waypoint_longitude": null, "aircraft_category": null}, "geometry": {"type": "MultiPoint", "coordinates": [[96.19222222, 17.16733333]]}}, {"type": "Feature", "properties": {"fid": 164, "area_code": "PAC", "airport_identifier": "VYYY", "procedure_identifier": "VISA1C", "route_type": "5", "transition_identifier": "RW21", "seqno": 50, "waypoint_icao_code": "VY", "waypoint_identifier": "VISAM", "waypoint_latitude": 17.10499722, "waypoint_longitude": 97.15594444, "waypoint_description_code": "E", "turn_direction": null, "rnp": null, "path_termination": "TF", "recommanded_navaid": null, "recommanded_navaid_latitude": null, "recommanded_navaid_longitude": null, "arc_radius": null, "theta": null, "rho": null, "magnetic_course": null, "route_distance_holding_distance_time": null, "distance_time": null, "altitude_description": null, "altitude1": null, "altitude2": null, "transition_altitude": null, "speed_limit_description": null, "speed_limit": null, "vertical_angle": null, "center_waypoint": null, "center_waypoint_latitude": null, "center_waypoint_longitude": null, "aircraft_category": null}, "geometry": {"type": "MultiPoint", "coordinates": [[97.15594444, 17.10499722]]}}, {"type": "Feature", "properties": {"fid": 166, "area_code": "PAC", "airport_identifier": "VYYY", "procedure_identifier": "VISA1C", "route_type": "6", "transition_identifier": "BOMAS", "seqno": 10, "waypoint_icao_code": "VY", "waypoint_identifier": "VISAM", "waypoint_latitude": 17.10499722, "waypoint_longitude": 97.15594444, "waypoint_description_code": "E", "turn_direction": null, "rnp": null, "path_termination": "IF", "recommanded_navaid": null, "recommanded_navaid_latitude": null, "recommanded_navaid_longitude": null, "arc_radius": null, "theta": null, "rho": null, "magnetic_course": null, "route_distance_holding_distance_time": null, "distance_time": null, "altitude_description": null, "altitude1": null, "altitude2": null, "transition_altitude": null, "speed_limit_description": null, "speed_limit": null, "vertical_angle": null, "center_waypoint": null, "center_waypoint_latitude": null, "center_waypoint_longitude": null, "aircraft_category": null}, "geometry": {"type": "MultiPoint", "coordinates": [[97.15594444, 17.10499722]]}}, {"type": "Feature", "properties": {"fid": 167, "area_code": "PAC", "airport_identifier": "VYYY", "procedure_identifier": "VISA1C", "route_type": "6", "transition_identifier": "BOMAS", "seqno": 20, "waypoint_icao_code": "VY", "waypoint_identifier": "BOMAS", "waypoint_latitude": 17.38466667, "waypoint_longitude": 98.09697222, "waypoint_description_code": "E", "turn_direction": null, "rnp": null, "path_termination": "TF", "recommanded_navaid": null, "recommanded_navaid_latitude": null, "recommanded_navaid_longitude": null, "arc_radius": null, "theta": null, "rho": null, "magnetic_course": null, "route_distance_holding_distance_time": null, "distance_time": null, "altitude_description": null, "altitude1": null, "altitude2": null, "transition_altitude": null, "speed_limit_description": null, "speed_limit": null, "vertical_angle": null, "center_waypoint": null, "center_waypoint_latitude": null, "center_waypoint_longitude": null, "aircraft_category": null}, "geometry": {"type": "MultiPoint", "coordinates": [[98.09697222, 17.38466667]]}}, {"type": "Feature", "properties": {"fid": 169, "area_code": "PAC", "airport_identifier": "VYYY", "procedure_identifier": "VISA1C", "route_type": "6", "transition_identifier": "MAKAS", "seqno": 10, "waypoint_icao_code": "VY", "waypoint_identifier": "VISAM", "waypoint_latitude": 17.10499722, "waypoint_longitude": 97.15594444, "waypoint_description_code": "E", "turn_direction": null, "rnp": null, "path_termination": "IF", "recommanded_navaid": null, "recommanded_navaid_latitude": null, "recommanded_navaid_longitude": null, "arc_radius": null, "theta": null, "rho": null, "magnetic_course": null, "route_distance_holding_distance_time": null, "distance_time": null, "altitude_description": null, "altitude1": null, "altitude2": null, "transition_altitude": null, "speed_limit_description": null, "speed_limit": null, "vertical_angle": null, "center_waypoint": null, "center_waypoint_latitude": null, "center_waypoint_longitude": null, "aircraft_category": null}, "geometry": {"type": "MultiPoint", "coordinates": [[97.15594444, 17.10499722]]}}, {"type": "Feature", "properties": {"fid": 170, "area_code": "PAC", "airport_identifier": "VYYY", "procedure_identifier": "VISA1C", "route_type": "6", "transition_identifier": "MAKAS", "seqno": 20, "waypoint_icao_code": "VY", "waypoint_identifier": "MAKAS", "waypoint_latitude": 16.82972222, "waypoint_longitude": 98.49691667, "waypoint_description_code": "E", "turn_direction": null, "rnp": null, "path_termination": "TF", "recommanded_navaid": null, "recommanded_navaid_latitude": null, "recommanded_navaid_longitude": null, "arc_radius": null, "theta": null, "rho": null, "magnetic_course": null, "route_distance_holding_distance_time": null, "distance_time": null, "altitude_description": null, "altitude1": null, "altitude2": null, "transition_altitude": null, "speed_limit_description": null, "speed_limit": null, "vertical_angle": null, "center_waypoint": null, "center_waypoint_latitude": null, "center_waypoint_longitude": null, "aircraft_category": null}, "geometry": {"type": "MultiPoint", "coordinates": [[98.49691667, 16.82972222]]}}, {"type": "Feature", "properties": {"fid": 172, "area_code": "PAC", "airport_identifier": "VYME", "procedure_identifier": "PAPG1C", "route_type": "5", "transition_identifier": "RW36", "seqno": 10, "waypoint_icao_code": "VY", "waypoint_identifier": "ME908", "waypoint_latitude": 12.53596389, "waypoint_longitude": 98.62570278, "waypoint_description_code": "EY", "turn_direction": null, "rnp": 1.0, "path_termination": "CF", "recommanded_navaid": null, "recommanded_navaid_latitude": null, "recommanded_navaid_longitude": null, "arc_radius": null, "theta": null, "rho": null, "magnetic_course": 3.0, "route_distance_holding_distance_time": 5.0, "distance_time": "D", "altitude_description": null, "altitude1": null, "altitude2": null, "transition_altitude": null, "speed_limit_description": null, "speed_limit": null, "vertical_angle": null, "center_waypoint": null, "center_waypoint_latitude": null, "center_waypoint_longitude": null, "aircraft_category": null}, "geometry": {"type": "MultiPoint", "coordinates": [[98.62570278, 12.53596389]]}}, {"type": "Feature", "properties": {"fid": 173, "area_code": "PAC", "airport_identifier": "VYME", "procedure_identifier": "PAPG1C", "route_type": "5", "transition_identifier": "RW36", "seqno": 20, "waypoint_icao_code": "VY", "waypoint_identifier": "ME912", "waypoint_latitude": 12.42416944, "waypoint_longitude": 98.75109167, "waypoint_description_code": "E", "turn_direction": "R", "rnp": 1.0, "path_termination": "DF", "recommanded_navaid": null, "recommanded_navaid_latitude": null, "recommanded_navaid_longitude": null, "arc_radius": null, "theta": null, "rho": null, "magnetic_course": null, "route_distance_holding_distance_time": null, "distance_time": null, "altitude_description": null, "altitude1": null, "altitude2": null, "transition_altitude": null, "speed_limit_description": null, "speed_limit": null, "vertical_angle": null, "center_waypoint": null, "center_waypoint_latitude": null, "center_waypoint_longitude": null, "aircraft_category": null}, "geometry": {"type": "MultiPoint", "coordinates": [[98.75109167, 12.42416944]]}}, {"type": "Feature", "properties": {"fid": 174, "area_code": "PAC", "airport_identifier": "VYME", "procedure_identifier": "PAPG1C", "route_type": "5", "transition_identifier": "RW36", "seqno": 30, "waypoint_icao_code": "VY", "waypoint_identifier": "ME913", "waypoint_latitude": 12.10999722, "waypoint_longitude": 98.7388, "waypoint_description_code": "E", "turn_direction": null, "rnp": 1.0, "path_termination": "TF", "recommanded_navaid": null, "recommanded_navaid_latitude": null, "recommanded_navaid_longitude": null, "arc_radius": null, "theta": null, "rho": null, "magnetic_course": null, "route_distance_holding_distance_time": null, "distance_time": null, "altitude_description": "+", "altitude1": 11000.0, "altitude2": null, "transition_altitude": null, "speed_limit_description": null, "speed_limit": null, "vertical_angle": null, "center_waypoint": null, "center_waypoint_latitude": null, "center_waypoint_longitude": null, "aircraft_category": null}, "geometry": {"type": "MultiPoint", "coordinates": [[98.7388, 12.10999722]]}}, {"type": "Feature", "properties": {"fid": 175, "area_code": "PAC", "airport_identifier": "VYME", "procedure_identifier": "PAPG1C", "route_type": "5", "transition_identifier": "RW36", "seqno": 40, "waypoint_icao_code": "VY", "waypoint_identifier": "PAPGI", "waypoint_latitude": 11.93956667, "waypoint_longitude": 98.66557222, "waypoint_description_code": "E", "turn_direction": null, "rnp": 1.0, "path_termination": "TF", "recommanded_navaid": null, "recommanded_navaid_latitude": null, "recommanded_navaid_longitude": null, "arc_radius": null, "theta": null, "rho": null, "magnetic_course": null, "route_distance_holding_distance_time": null, "distance_time": null, "altitude_description": null, "altitude1": null, "altitude2": null, "transition_altitude": null, "speed_limit_description": null, "speed_limit": null, "vertical_angle": null, "center_waypoint": null, "center_waypoint_latitude": null, "center_waypoint_longitude": null, "aircraft_category": null}, "geometry": {"type": "MultiPoint", "coordinates": [[98.66557222, 11.93956667]]}}, {"type": "Feature", "properties": {"fid": 177, "area_code": "PAC", "airport_identifier": "VYME", "procedure_identifier": "PAPG1A", "route_type": "5", "transition_identifier": "RW18", "seqno": 10, "waypoint_icao_code": "VY", "waypoint_identifier": "ME902", "waypoint_latitude": 12.34416389, "waypoint_longitude": 98.61651111, "waypoint_description_code": "EY", "turn_direction": null, "rnp": 1.0, "path_termination": "CF", "recommanded_navaid": null, "recommanded_navaid_latitude": null, "recommanded_navaid_longitude": null, "arc_radius": null, "theta": null, "rho": null, "magnetic_course": 183.0, "route_distance_holding_distance_time": 5.0, "distance_time": "D", "altitude_description": null, "altitude1": null, "altitude2": null, "transition_altitude": null, "speed_limit_description": null, "speed_limit": null, "vertical_angle": null, "center_waypoint": null, "center_waypoint_latitude": null, "center_waypoint_longitude": null, "aircraft_category": null}, "geometry": {"type": "MultiPoint", "coordinates": [[98.61651111, 12.34416389]]}}, {"type": "Feature", "properties": {"fid": 178, "area_code": "PAC", "airport_identifier": "VYME", "procedure_identifier": "PAPG1A", "route_type": "5", "transition_identifier": "RW18", "seqno": 20, "waypoint_icao_code": "VY", "waypoint_identifier": "PAPGI", "waypoint_latitude": 11.93956667, "waypoint_longitude": 98.66557222, "waypoint_description_code": "E", "turn_direction": null, "rnp": 1.0, "path_termination": "TF", "recommanded_navaid": null, "recommanded_navaid_latitude": null, "recommanded_navaid_longitude": null, "arc_radius": null, "theta": null, "rho": null, "magnetic_course": null, "route_distance_holding_distance_time": null, "distance_time": null, "altitude_description": "-", "altitude1": 10000.0, "altitude2": null, "transition_altitude": null, "speed_limit_description": null, "speed_limit": null, "vertical_angle": null, "center_waypoint": null, "center_waypoint_latitude": null, "center_waypoint_longitude": null, "aircraft_category": null}, "geometry": {"type": "MultiPoint", "coordinates": [[98.66557222, 11.93956667]]}}, {"type": "Feature", "properties": {"fid": 180, "area_code": "PAC", "airport_identifier": "VYYY", "procedure_identifier": "DOLB1A", "route_type": "5", "transition_identifier": "RW21", "seqno": 10, "waypoint_icao_code": null, "waypoint_identifier": null, "waypoint_latitude": null, "waypoint_longitude": null, "waypoint_description_code": null, "turn_direction": null, "rnp": null, "path_termination": "CA", "recommanded_navaid": null, "recommanded_navaid_latitude": null, "recommanded_navaid_longitude": null, "arc_radius": null, "theta": null, "rho": null, "magnetic_course": 214.0, "route_distance_holding_distance_time": null, "distance_time": null, "altitude_description": "+", "altitude1": 610.0, "altitude2": null, "transition_altitude": null, "speed_limit_description": null, "speed_limit": null, "vertical_angle": null, "center_waypoint": null, "center_waypoint_latitude": null, "center_waypoint_longitude": null, "aircraft_category": null}, "geometry": {"type": "MultiPoint", "coordinates": []}}, {"type": "Feature", "properties": {"fid": 181, "area_code": "PAC", "airport_identifier": "VYYY", "procedure_identifier": "DOLB1A", "route_type": "5", "transition_identifier": "RW21", "seqno": 20, "waypoint_icao_code": "VY", "waypoint_identifier": "YY905", "waypoint_latitude": 16.71743889, "waypoint_longitude": 95.94608333, "waypoint_description_code": "EY", "turn_direction": null, "rnp": null, "path_termination": "CF", "recommanded_navaid": null, "recommanded_navaid_latitude": null, "recommanded_navaid_longitude": null, "arc_radius": null, "theta": null, "rho": null, "magnetic_course": 225.0, "route_distance_holding_distance_time": 15.0, "distance_time": "D", "altitude_description": null, "altitude1": null, "altitude2": null, "transition_altitude": null, "speed_limit_description": "-", "speed_limit": 230.0, "vertical_angle": null, "center_waypoint": null, "center_waypoint_latitude": null, "center_waypoint_longitude": null, "aircraft_category": null}, "geometry": {"type": "MultiPoint", "coordinates": [[95.94608333, 16.71743889]]}}, {"type": "Feature", "properties": {"fid": 182, "area_code": "PAC", "airport_identifier": "VYYY", "procedure_identifier": "DOLB1A", "route_type": "5", "transition_identifier": "RW21", "seqno": 30, "waypoint_icao_code": "VY", "waypoint_identifier": "YY910", "waypoint_latitude": 16.91172222, "waypoint_longitude": 95.95852778, "waypoint_description_code": "E", "turn_direction": "R", "rnp": null, "path_termination": "DF", "recommanded_navaid": null, "recommanded_navaid_latitude": null, "recommanded_navaid_longitude": null, "arc_radius": null, "theta": null, "rho": null, "magnetic_course": null, "route_distance_holding_distance_time": null, "distance_time": null, "altitude_description": null, "altitude1": null, "altitude2": null, "transition_altitude": null, "speed_limit_description": null, "speed_limit": null, "vertical_angle": null, "center_waypoint": null, "center_waypoint_latitude": null, "center_waypoint_longitude": null, "aircraft_category": null}, "geometry": {"type": "MultiPoint", "coordinates": [[95.95852778, 16.91172222]]}}, {"type": "Feature", "properties": {"fid": 183, "area_code": "PAC", "airport_identifier": "VYYY", "procedure_identifier": "DOLB1A", "route_type": "5", "transition_identifier": "RW21", "seqno": 40, "waypoint_icao_code": "VY", "waypoint_identifier": "GONAS", "waypoint_latitude": 17.16733333, "waypoint_longitude": 96.19222222, "waypoint_description_code": "E", "turn_direction": null, "rnp": null, "path_termination": "TF", "recommanded_navaid": null, "recommanded_navaid_latitude": null, "recommanded_navaid_longitude": null, "arc_radius": null, "theta": null, "rho": null, "magnetic_course": null, "route_distance_holding_distance_time": null, "distance_time": null, "altitude_description": "+", "altitude1": 13000.0, "altitude2": null, "transition_altitude": null, "speed_limit_description": null, "speed_limit": null, "vertical_angle": null, "center_waypoint": null, "center_waypoint_latitude": null, "center_waypoint_longitude": null, "aircraft_category": null}, "geometry": {"type": "MultiPoint", "coordinates": [[96.19222222, 17.16733333]]}}, {"type": "Feature", "properties": {"fid": 184, "area_code": "PAC", "airport_identifier": "VYYY", "procedure_identifier": "DOLB1A", "route_type": "5", "transition_identifier": "RW21", "seqno": 50, "waypoint_icao_code": "VY", "waypoint_identifier": "YY912", "waypoint_latitude": 17.54455556, "waypoint_longitude": 96.51319722, "waypoint_description_code": "E", "turn_direction": null, "rnp": null, "path_termination": "TF", "recommanded_navaid": null, "recommanded_navaid_latitude": null, "recommanded_navaid_longitude": null, "arc_radius": null, "theta": null, "rho": null, "magnetic_course": null, "route_distance_holding_distance_time": null, "distance_time": null, "altitude_description": null, "altitude1": null, "altitude2": null, "transition_altitude": null, "speed_limit_description": null, "speed_limit": null, "vertical_angle": null, "center_waypoint": null, "center_waypoint_latitude": null, "center_waypoint_longitude": null, "aircraft_category": null}, "geometry": {"type": "MultiPoint", "coordinates": [[96.51319722, 17.54455556]]}}, {"type": "Feature", "properties": {"fid": 185, "area_code": "PAC", "airport_identifier": "VYYY", "procedure_identifier": "DOLB1A", "route_type": "5", "transition_identifier": "RW21", "seqno": 60, "waypoint_icao_code": "VY", "waypoint_identifier": "DOLBI", "waypoint_latitude": 17.752275, "waypoint_longitude": 96.69679444, "waypoint_description_code": "E", "turn_direction": null, "rnp": null, "path_termination": "TF", "recommanded_navaid": null, "recommanded_navaid_latitude": null, "recommanded_navaid_longitude": null, "arc_radius": null, "theta": null, "rho": null, "magnetic_course": null, "route_distance_holding_distance_time": null, "distance_time": null, "altitude_description": null, "altitude1": null, "altitude2": null, "transition_altitude": null, "speed_limit_description": null, "speed_limit": null, "vertical_angle": null, "center_waypoint": null, "center_waypoint_latitude": null, "center_waypoint_longitude": null, "aircraft_category": null}, "geometry": {"type": "MultiPoint", "coordinates": [[96.69679444, 17.752275]]}}, {"type": "Feature", "properties": {"fid": 187, "area_code": "PAC", "airport_identifier": "VYYY", "procedure_identifier": "DOLB1A", "route_type": "6", "transition_identifier": "HHO", "seqno": 10, "waypoint_icao_code": "VY", "waypoint_identifier": "DOLBI", "waypoint_latitude": 17.752275, "waypoint_longitude": 96.69679444, "waypoint_description_code": "E", "turn_direction": null, "rnp": null, "path_termination": "IF", "recommanded_navaid": null, "recommanded_navaid_latitude": null, "recommanded_navaid_longitude": null, "arc_radius": null, "theta": null, "rho": null, "magnetic_course": null, "route_distance_holding_distance_time": null, "distance_time": null, "altitude_description": null, "altitude1": null, "altitude2": null, "transition_altitude": null, "speed_limit_description": null, "speed_limit": null, "vertical_angle": null, "center_waypoint": null, "center_waypoint_latitude": null, "center_waypoint_longitude": null, "aircraft_category": null}, "geometry": {"type": "MultiPoint", "coordinates": [[96.69679444, 17.752275]]}}, {"type": "Feature", "properties": {"fid": 188, "area_code": "PAC", "airport_identifier": "VYYY", "procedure_identifier": "DOLB1A", "route_type": "6", "transition_identifier": "HHO", "seqno": 20, "waypoint_icao_code": "VY", "waypoint_identifier": "HHO", "waypoint_latitude": 20.74802778, "waypoint_longitude": 96.78992778, "waypoint_description_code": "E", "turn_direction": null, "rnp": null, "path_termination": "TF", "recommanded_navaid": null, "recommanded_navaid_latitude": null, "recommanded_navaid_longitude": null, "arc_radius": null, "theta": null, "rho": null, "magnetic_course": null, "route_distance_holding_distance_time": null, "distance_time": null, "altitude_description": null, "altitude1": null, "altitude2": null, "transition_altitude": null, "speed_limit_description": null, "speed_limit": null, "vertical_angle": null, "center_waypoint": null, "center_waypoint_latitude": null, "center_waypoint_longitude": null, "aircraft_category": null}, "geometry": {"type": "MultiPoint", "coordinates": [[96.78992778, 20.74802778]]}}, {"type": "Feature", "properties": {"fid": 190, "area_code": "PAC", "airport_identifier": "VYYY", "procedure_identifier": "DOLB1A", "route_type": "6", "transition_identifier": "LK", "seqno": 10, "waypoint_icao_code": "VY", "waypoint_identifier": "DOLBI", "waypoint_latitude": 17.752275, "waypoint_longitude": 96.69679444, "waypoint_description_code": "E", "turn_direction": null, "rnp": null, "path_termination": "IF", "recommanded_navaid": null, "recommanded_navaid_latitude": null, "recommanded_navaid_longitude": null, "arc_radius": null, "theta": null, "rho": null, "magnetic_course": null, "route_distance_holding_distance_time": null, "distance_time": null, "altitude_description": null, "altitude1": null, "altitude2": null, "transition_altitude": null, "speed_limit_description": null, "speed_limit": null, "vertical_angle": null, "center_waypoint": null, "center_waypoint_latitude": null, "center_waypoint_longitude": null, "aircraft_category": null}, "geometry": {"type": "MultiPoint", "coordinates": [[96.69679444, 17.752275]]}}, {"type": "Feature", "properties": {"fid": 191, "area_code": "PAC", "airport_identifier": "VYYY", "procedure_identifier": "DOLB1A", "route_type": "6", "transition_identifier": "LK", "seqno": 20, "waypoint_icao_code": "VY", "waypoint_identifier": "LK", "waypoint_latitude": 19.69045556, "waypoint_longitude": 97.213275, "waypoint_description_code": "E", "turn_direction": null, "rnp": null, "path_termination": "TF", "recommanded_navaid": null, "recommanded_navaid_latitude": null, "recommanded_navaid_longitude": null, "arc_radius": null, "theta": null, "rho": null, "magnetic_course": null, "route_distance_holding_distance_time": null, "distance_time": null, "altitude_description": null, "altitude1": null, "altitude2": null, "transition_altitude": null, "speed_limit_description": null, "speed_limit": null, "vertical_angle": null, "center_waypoint": null, "center_waypoint_latitude": null, "center_waypoint_longitude": null, "aircraft_category": null}, "geometry": {"type": "MultiPoint", "coordinates": [[97.213275, 19.69045556]]}}, {"type": "Feature", "properties": {"fid": 193, "area_code": "PAC", "airport_identifier": "VYYY", "procedure_identifier": "DOLB1A", "route_type": "6", "transition_identifier": "LSO", "seqno": 10, "waypoint_icao_code": "VY", "waypoint_identifier": "DOLBI", "waypoint_latitude": 17.752275, "waypoint_longitude": 96.69679444, "waypoint_description_code": "E", "turn_direction": null, "rnp": null, "path_termination": "IF", "recommanded_navaid": null, "recommanded_navaid_latitude": null, "recommanded_navaid_longitude": null, "arc_radius": null, "theta": null, "rho": null, "magnetic_course": null, "route_distance_holding_distance_time": null, "distance_time": null, "altitude_description": null, "altitude1": null, "altitude2": null, "transition_altitude": null, "speed_limit_description": null, "speed_limit": null, "vertical_angle": null, "center_waypoint": null, "center_waypoint_latitude": null, "center_waypoint_longitude": null, "aircraft_category": null}, "geometry": {"type": "MultiPoint", "coordinates": [[96.69679444, 17.752275]]}}, {"type": "Feature", "properties": {"fid": 194, "area_code": "PAC", "airport_identifier": "VYYY", "procedure_identifier": "DOLB1A", "route_type": "6", "transition_identifier": "LSO", "seqno": 20, "waypoint_icao_code": "VY", "waypoint_identifier": "LSO", "waypoint_latitude": 22.98096389, "waypoint_longitude": 97.75421944, "waypoint_description_code": "E", "turn_direction": null, "rnp": null, "path_termination": "TF", "recommanded_navaid": null, "recommanded_navaid_latitude": null, "recommanded_navaid_longitude": null, "arc_radius": null, "theta": null, "rho": null, "magnetic_course": null, "route_distance_holding_distance_time": null, "distance_time": null, "altitude_description": null, "altitude1": null, "altitude2": null, "transition_altitude": null, "speed_limit_description": null, "speed_limit": null, "vertical_angle": null, "center_waypoint": null, "center_waypoint_latitude": null, "center_waypoint_longitude": null, "aircraft_category": null}, "geometry": {"type": "MultiPoint", "coordinates": [[97.75421944, 22.98096389]]}}, {"type": "Feature", "properties": {"fid": 196, "area_code": "PAC", "airport_identifier": "VYTD", "procedure_identifier": "POPI1A", "route_type": "5", "transition_identifier": "RW02", "seqno": 10, "waypoint_icao_code": "VY", "waypoint_identifier": "TD904", "waypoint_latitude": 18.56875278, "waypoint_longitude": 94.34150556, "waypoint_description_code": "E", "turn_direction": null, "rnp": 1.0, "path_termination": "CF", "recommanded_navaid": null, "recommanded_navaid_latitude": null, "recommanded_navaid_longitude": null, "arc_radius": null, "theta": null, "rho": null, "magnetic_course": 21.0, "route_distance_holding_distance_time": 6.0, "distance_time": "D", "altitude_description": null, "altitude1": null, "altitude2": null, "transition_altitude": null, "speed_limit_description": null, "speed_limit": null, "vertical_angle": null, "center_waypoint": null, "center_waypoint_latitude": null, "center_waypoint_longitude": null, "aircraft_category": null}, "geometry": {"type": "MultiPoint", "coordinates": [[94.34150556, 18.56875278]]}}, {"type": "Feature", "properties": {"fid": 197, "area_code": "PAC", "airport_identifier": "VYTD", "procedure_identifier": "POPI1A", "route_type": "5", "transition_identifier": "RW02", "seqno": 20, "waypoint_icao_code": "VY", "waypoint_identifier": "TD907", "waypoint_latitude": 18.774625, "waypoint_longitude": 94.42128056, "waypoint_description_code": "E", "turn_direction": null, "rnp": 1.0, "path_termination": "TF", "recommanded_navaid": null, "recommanded_navaid_latitude": null, "recommanded_navaid_longitude": null, "arc_radius": null, "theta": null, "rho": null, "magnetic_course": null, "route_distance_holding_distance_time": null, "distance_time": null, "altitude_description": "-", "altitude1": 8000.0, "altitude2": null, "transition_altitude": null, "speed_limit_description": null, "speed_limit": null, "vertical_angle": null, "center_waypoint": null, "center_waypoint_latitude": null, "center_waypoint_longitude": null, "aircraft_category": null}, "geometry": {"type": "MultiPoint", "coordinates": [[94.42128056, 18.774625]]}}, {"type": "Feature", "properties": {"fid": 198, "area_code": "PAC", "airport_identifier": "VYTD", "procedure_identifier": "POPI1A", "route_type": "5", "transition_identifier": "RW02", "seqno": 30, "waypoint_icao_code": "VY", "waypoint_identifier": "POPIT", "waypoint_latitude": 18.870925, "waypoint_longitude": 94.73819444, "waypoint_description_code": "E", "turn_direction": null, "rnp": 1.0, "path_termination": "TF", "recommanded_navaid": null, "recommanded_navaid_latitude": null, "recommanded_navaid_longitude": null, "arc_radius": null, "theta": null, "rho": null, "magnetic_course": null, "route_distance_holding_distance_time": null, "distance_time": null, "altitude_description": "-", "altitude1": 10000.0, "altitude2": null, "transition_altitude": null, "speed_limit_description": null, "speed_limit": null, "vertical_angle": null, "center_waypoint": null, "center_waypoint_latitude": null, "center_waypoint_longitude": null, "aircraft_category": null}, "geometry": {"type": "MultiPoint", "coordinates": [[94.73819444, 18.870925]]}}, {"type": "Feature", "properties": {"fid": 200, "area_code": "PAC", "airport_identifier": "VYME", "procedure_identifier": "PAPG1E", "route_type": "5", "transition_identifier": "RW36", "seqno": 10, "waypoint_icao_code": "VY", "waypoint_identifier": "ME908", "waypoint_latitude": 12.53596389, "waypoint_longitude": 98.62570278, "waypoint_description_code": "EY", "turn_direction": null, "rnp": 1.0, "path_termination": "CF", "recommanded_navaid": null, "recommanded_navaid_latitude": null, "recommanded_navaid_longitude": null, "arc_radius": null, "theta": null, "rho": null, "magnetic_course": 3.0, "route_distance_holding_distance_time": 5.0, "distance_time": "D", "altitude_description": null, "altitude1": null, "altitude2": null, "transition_altitude": null, "speed_limit_description": null, "speed_limit": null, "vertical_angle": null, "center_waypoint": null, "center_waypoint_latitude": null, "center_waypoint_longitude": null, "aircraft_category": null}, "geometry": {"type": "MultiPoint", "coordinates": [[98.62570278, 12.53596389]]}}, {"type": "Feature", "properties": {"fid": 201, "area_code": "PAC", "airport_identifier": "VYME", "procedure_identifier": "PAPG1E", "route_type": "5", "transition_identifier": "RW36", "seqno": 20, "waypoint_icao_code": "VY", "waypoint_identifier": "ME916", "waypoint_latitude": 12.44731944, "waypoint_longitude": 98.49945556, "waypoint_description_code": "E", "turn_direction": "L", "rnp": 1.0, "path_termination": "DF", "recommanded_navaid": null, "recommanded_navaid_latitude": null, "recommanded_navaid_longitude": null, "arc_radius": null, "theta": null, "rho": null, "magnetic_course": null, "route_distance_holding_distance_time": null, "distance_time": null, "altitude_description": null, "altitude1": null, "altitude2": null, "transition_altitude": null, "speed_limit_description": null, "speed_limit": null, "vertical_angle": null, "center_waypoint": null, "center_waypoint_latitude": null, "center_waypoint_longitude": null, "aircraft_category": null}, "geometry": {"type": "MultiPoint", "coordinates": [[98.49945556, 12.44731944]]}}, {"type": "Feature", "properties": {"fid": 202, "area_code": "PAC", "airport_identifier": "VYME", "procedure_identifier": "PAPG1E", "route_type": "5", "transition_identifier": "RW36", "seqno": 30, "waypoint_icao_code": "VY", "waypoint_identifier": "ME917", "waypoint_latitude": 12.10934167, "waypoint_longitude": 98.50754444, "waypoint_description_code": "E", "turn_direction": null, "rnp": 1.0, "path_termination": "TF", "recommanded_navaid": null, "recommanded_navaid_latitude": null, "recommanded_navaid_longitude": null, "arc_radius": null, "theta": null, "rho": null, "magnetic_course": null, "route_distance_holding_distance_time": null, "distance_time": null, "altitude_description": "+", "altitude1": 11000.0, "altitude2": null, "transition_altitude": null, "speed_limit_description": null, "speed_limit": null, "vertical_angle": null, "center_waypoint": null, "center_waypoint_latitude": null, "center_waypoint_longitude": null, "aircraft_category": null}, "geometry": {"type": "MultiPoint", "coordinates": [[98.50754444, 12.10934167]]}}, {"type": "Feature", "properties": {"fid": 203, "area_code": "PAC", "airport_identifier": "VYME", "procedure_identifier": "PAPG1E", "route_type": "5", "transition_identifier": "RW36", "seqno": 40, "waypoint_icao_code": "VY", "waypoint_identifier": "PAPGI", "waypoint_latitude": 11.93956667, "waypoint_longitude": 98.66557222, "waypoint_description_code": "E", "turn_direction": null, "rnp": 1.0, "path_termination": "TF", "recommanded_navaid": null, "recommanded_navaid_latitude": null, "recommanded_navaid_longitude": null, "arc_radius": null, "theta": null, "rho": null, "magnetic_course": null, "route_distance_holding_distance_time": null, "distance_time": null, "altitude_description": null, "altitude1": null, "altitude2": null, "transition_altitude": null, "speed_limit_description": null, "speed_limit": null, "vertical_angle": null, "center_waypoint": null, "center_waypoint_latitude": null, "center_waypoint_longitude": null, "aircraft_category": null}, "geometry": {"type": "MultiPoint", "coordinates": [[98.66557222, 11.93956667]]}}, {"type": "Feature", "properties": {"fid": 205, "area_code": "PAC", "airport_identifier": "VYYY", "procedure_identifier": "PTN1A", "route_type": "5", "transition_identifier": "RW21", "seqno": 10, "waypoint_icao_code": null, "waypoint_identifier": null, "waypoint_latitude": null, "waypoint_longitude": null, "waypoint_description_code": null, "turn_direction": null, "rnp": null, "path_termination": "CA", "recommanded_navaid": null, "recommanded_navaid_latitude": null, "recommanded_navaid_longitude": null, "arc_radius": null, "theta": null, "rho": null, "magnetic_course": 214.0, "route_distance_holding_distance_time": null, "distance_time": null, "altitude_description": "+", "altitude1": 610.0, "altitude2": null, "transition_altitude": null, "speed_limit_description": null, "speed_limit": null, "vertical_angle": null, "center_waypoint": null, "center_waypoint_latitude": null, "center_waypoint_longitude": null, "aircraft_category": null}, "geometry": {"type": "MultiPoint", "coordinates": []}}, {"type": "Feature", "properties": {"fid": 206, "area_code": "PAC", "airport_identifier": "VYYY", "procedure_identifier": "PTN1A", "route_type": "5", "transition_identifier": "RW21", "seqno": 20, "waypoint_icao_code": "VY", "waypoint_identifier": "YY906", "waypoint_latitude": 16.77761667, "waypoint_longitude": 96.00631389, "waypoint_description_code": "E", "turn_direction": null, "rnp": null, "path_termination": "CF", "recommanded_navaid": null, "recommanded_navaid_latitude": null, "recommanded_navaid_longitude": null, "arc_radius": null, "theta": null, "rho": null, "magnetic_course": 225.0, "route_distance_holding_distance_time": 10.0, "distance_time": "D", "altitude_description": null, "altitude1": null, "altitude2": null, "transition_altitude": null, "speed_limit_description": "-", "speed_limit": 230.0, "vertical_angle": null, "center_waypoint": null, "center_waypoint_latitude": null, "center_waypoint_longitude": null, "aircraft_category": null}, "geometry": {"type": "MultiPoint", "coordinates": [[96.00631389, 16.77761667]]}}, {"type": "Feature", "properties": {"fid": 207, "area_code": "PAC", "airport_identifier": "VYYY", "procedure_identifier": "PTN1A", "route_type": "5", "transition_identifier": "RW21", "seqno": 30, "waypoint_icao_code": "VY", "waypoint_identifier": "PTN", "waypoint_latitude": 16.80868889, "waypoint_longitude": 94.76955, "waypoint_description_code": "E", "turn_direction": null, "rnp": null, "path_termination": "TF", "recommanded_navaid": null, "recommanded_navaid_latitude": null, "recommanded_navaid_longitude": null, "arc_radius": null, "theta": null, "rho": null, "magnetic_course": null, "route_distance_holding_distance_time": null, "distance_time": null, "altitude_description": null, "altitude1": null, "altitude2": null, "transition_altitude": null, "speed_limit_description": null, "speed_limit": null, "vertical_angle": null, "center_waypoint": null, "center_waypoint_latitude": null, "center_waypoint_longitude": null, "aircraft_category": null}, "geometry": {"type": "MultiPoint", "coordinates": [[94.76955, 16.80868889]]}}, {"type": "Feature", "properties": {"fid": 209, "area_code": "PAC", "airport_identifier": "VYYY", "procedure_identifier": "MULG1B", "route_type": "5", "transition_identifier": "RW21", "seqno": 10, "waypoint_icao_code": null, "waypoint_identifier": null, "waypoint_latitude": null, "waypoint_longitude": null, "waypoint_description_code": null, "turn_direction": null, "rnp": null, "path_termination": "CA", "recommanded_navaid": null, "recommanded_navaid_latitude": null, "recommanded_navaid_longitude": null, "arc_radius": null, "theta": null, "rho": null, "magnetic_course": 214.0, "route_distance_holding_distance_time": null, "distance_time": null, "altitude_description": "+", "altitude1": 610.0, "altitude2": null, "transition_altitude": null, "speed_limit_description": null, "speed_limit": null, "vertical_angle": null, "center_waypoint": null, "center_waypoint_latitude": null, "center_waypoint_longitude": null, "aircraft_category": null}, "geometry": {"type": "MultiPoint", "coordinates": []}}, {"type": "Feature", "properties": {"fid": 210, "area_code": "PAC", "airport_identifier": "VYYY", "procedure_identifier": "MULG1B", "route_type": "5", "transition_identifier": "RW21", "seqno": 20, "waypoint_icao_code": "VY", "waypoint_identifier": "YY906", "waypoint_latitude": 16.77761667, "waypoint_longitude": 96.00631389, "waypoint_description_code": "E", "turn_direction": null, "rnp": null, "path_termination": "CF", "recommanded_navaid": null, "recommanded_navaid_latitude": null, "recommanded_navaid_longitude": null, "arc_radius": null, "theta": null, "rho": null, "magnetic_course": 225.0, "route_distance_holding_distance_time": 10.0, "distance_time": "D", "altitude_description": null, "altitude1": null, "altitude2": null, "transition_altitude": null, "speed_limit_description": "-", "speed_limit": 230.0, "vertical_angle": null, "center_waypoint": null, "center_waypoint_latitude": null, "center_waypoint_longitude": null, "aircraft_category": null}, "geometry": {"type": "MultiPoint", "coordinates": [[96.00631389, 16.77761667]]}}, {"type": "Feature", "properties": {"fid": 211, "area_code": "PAC", "airport_identifier": "VYYY", "procedure_identifier": "MULG1B", "route_type": "5", "transition_identifier": "RW21", "seqno": 30, "waypoint_icao_code": "VY", "waypoint_identifier": "YY915", "waypoint_latitude": 16.81543333, "waypoint_longitude": 95.88035833, "waypoint_description_code": "E", "turn_direction": null, "rnp": null, "path_termination": "TF", "recommanded_navaid": null, "recommanded_navaid_latitude": null, "recommanded_navaid_longitude": null, "arc_radius": null, "theta": null, "rho": null, "magnetic_course": null, "route_distance_holding_distance_time": null, "distance_time": null, "altitude_description": null, "altitude1": null, "altitude2": null, "transition_altitude": null, "speed_limit_description": null, "speed_limit": null, "vertical_angle": null, "center_waypoint": null, "center_waypoint_latitude": null, "center_waypoint_longitude": null, "aircraft_category": null}, "geometry": {"type": "MultiPoint", "coordinates": [[95.88035833, 16.81543333]]}}, {"type": "Feature", "properties": {"fid": 212, "area_code": "PAC", "airport_identifier": "VYYY", "procedure_identifier": "MULG1B", "route_type": "5", "transition_identifier": "RW21", "seqno": 40, "waypoint_icao_code": "VY", "waypoint_identifier": "MULGO", "waypoint_latitude": 17.639825, "waypoint_longitude": 95.420175, "waypoint_description_code": "E", "turn_direction": null, "rnp": null, "path_termination": "TF", "recommanded_navaid": null, "recommanded_navaid_latitude": null, "recommanded_navaid_longitude": null, "arc_radius": null, "theta": null, "rho": null, "magnetic_course": null, "route_distance_holding_distance_time": null, "distance_time": null, "altitude_description": null, "altitude1": null, "altitude2": null, "transition_altitude": null, "speed_limit_description": null, "speed_limit": null, "vertical_angle": null, "center_waypoint": null, "center_waypoint_latitude": null, "center_waypoint_longitude": null, "aircraft_category": null}, "geometry": {"type": "MultiPoint", "coordinates": [[95.420175, 17.639825]]}}, {"type": "Feature", "properties": {"fid": 214, "area_code": "PAC", "airport_identifier": "VYYY", "procedure_identifier": "MULG1B", "route_type": "6", "transition_identifier": "DORLI", "seqno": 10, "waypoint_icao_code": "VY", "waypoint_identifier": "MULGO", "waypoint_latitude": 17.639825, "waypoint_longitude": 95.420175, "waypoint_description_code": "E", "turn_direction": null, "rnp": null, "path_termination": "IF", "recommanded_navaid": null, "recommanded_navaid_latitude": null, "recommanded_navaid_longitude": null, "arc_radius": null, "theta": null, "rho": null, "magnetic_course": null, "route_distance_holding_distance_time": null, "distance_time": null, "altitude_description": null, "altitude1": null, "altitude2": null, "transition_altitude": null, "speed_limit_description": null, "speed_limit": null, "vertical_angle": null, "center_waypoint": null, "center_waypoint_latitude": null, "center_waypoint_longitude": null, "aircraft_category": null}, "geometry": {"type": "MultiPoint", "coordinates": [[95.420175, 17.639825]]}}, {"type": "Feature", "properties": {"fid": 215, "area_code": "PAC", "airport_identifier": "VYYY", "procedure_identifier": "MULG1B", "route_type": "6", "transition_identifier": "DORLI", "seqno": 20, "waypoint_icao_code": "VY", "waypoint_identifier": "DORLI", "waypoint_latitude": 19.25747778, "waypoint_longitude": 94.70424722, "waypoint_description_code": "E", "turn_direction": null, "rnp": null, "path_termination": "TF", "recommanded_navaid": null, "recommanded_navaid_latitude": null, "recommanded_navaid_longitude": null, "arc_radius": null, "theta": null, "rho": null, "magnetic_course": null, "route_distance_holding_distance_time": null, "distance_time": null, "altitude_description": null, "altitude1": null, "altitude2": null, "transition_altitude": null, "speed_limit_description": null, "speed_limit": null, "vertical_angle": null, "center_waypoint": null, "center_waypoint_latitude": null, "center_waypoint_longitude": null, "aircraft_category": null}, "geometry": {"type": "MultiPoint", "coordinates": [[94.70424722, 19.25747778]]}}, {"type": "Feature", "properties": {"fid": 217, "area_code": "PAC", "airport_identifier": "VYYY", "procedure_identifier": "MULG1B", "route_type": "6", "transition_identifier": "KP", "seqno": 10, "waypoint_icao_code": "VY", "waypoint_identifier": "MULGO", "waypoint_latitude": 17.639825, "waypoint_longitude": 95.420175, "waypoint_description_code": "E", "turn_direction": null, "rnp": null, "path_termination": "IF", "recommanded_navaid": null, "recommanded_navaid_latitude": null, "recommanded_navaid_longitude": null, "arc_radius": null, "theta": null, "rho": null, "magnetic_course": null, "route_distance_holding_distance_time": null, "distance_time": null, "altitude_description": null, "altitude1": null, "altitude2": null, "transition_altitude": null, "speed_limit_description": null, "speed_limit": null, "vertical_angle": null, "center_waypoint": null, "center_waypoint_latitude": null, "center_waypoint_longitude": null, "aircraft_category": null}, "geometry": {"type": "MultiPoint", "coordinates": [[95.420175, 17.639825]]}}, {"type": "Feature", "properties": {"fid": 218, "area_code": "PAC", "airport_identifier": "VYYY", "procedure_identifier": "MULG1B", "route_type": "6", "transition_identifier": "KP", "seqno": 20, "waypoint_icao_code": "VY", "waypoint_identifier": "KP", "waypoint_latitude": 19.42919444, "waypoint_longitude": 93.53663889, "waypoint_description_code": "E", "turn_direction": null, "rnp": null, "path_termination": "TF", "recommanded_navaid": null, "recommanded_navaid_latitude": null, "recommanded_navaid_longitude": null, "arc_radius": null, "theta": null, "rho": null, "magnetic_course": null, "route_distance_holding_distance_time": null, "distance_time": null, "altitude_description": null, "altitude1": null, "altitude2": null, "transition_altitude": null, "speed_limit_description": null, "speed_limit": null, "vertical_angle": null, "center_waypoint": null, "center_waypoint_latitude": null, "center_waypoint_longitude": null, "aircraft_category": null}, "geometry": {"type": "MultiPoint", "coordinates": [[93.53663889, 19.42919444]]}}, {"type": "Feature", "properties": {"fid": 220, "area_code": "PAC", "airport_identifier": "VYYY", "procedure_identifier": "MULG1B", "route_type": "6", "transition_identifier": "STW", "seqno": 10, "waypoint_icao_code": "VY", "waypoint_identifier": "MULGO", "waypoint_latitude": 17.639825, "waypoint_longitude": 95.420175, "waypoint_description_code": "E", "turn_direction": null, "rnp": null, "path_termination": "IF", "recommanded_navaid": null, "recommanded_navaid_latitude": null, "recommanded_navaid_longitude": null, "arc_radius": null, "theta": null, "rho": null, "magnetic_course": null, "route_distance_holding_distance_time": null, "distance_time": null, "altitude_description": null, "altitude1": null, "altitude2": null, "transition_altitude": null, "speed_limit_description": null, "speed_limit": null, "vertical_angle": null, "center_waypoint": null, "center_waypoint_latitude": null, "center_waypoint_longitude": null, "aircraft_category": null}, "geometry": {"type": "MultiPoint", "coordinates": [[95.420175, 17.639825]]}}, {"type": "Feature", "properties": {"fid": 221, "area_code": "PAC", "airport_identifier": "VYYY", "procedure_identifier": "MULG1B", "route_type": "6", "transition_identifier": "STW", "seqno": 20, "waypoint_icao_code": "VY", "waypoint_identifier": "STW", "waypoint_latitude": 20.13291111, "waypoint_longitude": 92.87871111, "waypoint_description_code": "E", "turn_direction": null, "rnp": null, "path_termination": "TF", "recommanded_navaid": null, "recommanded_navaid_latitude": null, "recommanded_navaid_longitude": null, "arc_radius": null, "theta": null, "rho": null, "magnetic_course": null, "route_distance_holding_distance_time": null, "distance_time": null, "altitude_description": null, "altitude1": null, "altitude2": null, "transition_altitude": null, "speed_limit_description": null, "speed_limit": null, "vertical_angle": null, "center_waypoint": null, "center_waypoint_latitude": null, "center_waypoint_longitude": null, "aircraft_category": null}, "geometry": {"type": "MultiPoint", "coordinates": [[92.87871111, 20.13291111]]}}, {"type": "Feature", "properties": {"fid": 223, "area_code": "PAC", "airport_identifier": "VYYY", "procedure_identifier": "MULG1B", "route_type": "6", "transition_identifier": "SUMSU", "seqno": 10, "waypoint_icao_code": "VY", "waypoint_identifier": "MULGO", "waypoint_latitude": 17.639825, "waypoint_longitude": 95.420175, "waypoint_description_code": "E", "turn_direction": null, "rnp": null, "path_termination": "IF", "recommanded_navaid": null, "recommanded_navaid_latitude": null, "recommanded_navaid_longitude": null, "arc_radius": null, "theta": null, "rho": null, "magnetic_course": null, "route_distance_holding_distance_time": null, "distance_time": null, "altitude_description": null, "altitude1": null, "altitude2": null, "transition_altitude": null, "speed_limit_description": null, "speed_limit": null, "vertical_angle": null, "center_waypoint": null, "center_waypoint_latitude": null, "center_waypoint_longitude": null, "aircraft_category": null}, "geometry": {"type": "MultiPoint", "coordinates": [[95.420175, 17.639825]]}}, {"type": "Feature", "properties": {"fid": 224, "area_code": "PAC", "airport_identifier": "VYYY", "procedure_identifier": "MULG1B", "route_type": "6", "transition_identifier": "SUMSU", "seqno": 20, "waypoint_icao_code": "VY", "waypoint_identifier": "SUMSU", "waypoint_latitude": 18.57933611, "waypoint_longitude": 94.72381111, "waypoint_description_code": "E", "turn_direction": null, "rnp": null, "path_termination": "TF", "recommanded_navaid": null, "recommanded_navaid_latitude": null, "recommanded_navaid_longitude": null, "arc_radius": null, "theta": null, "rho": null, "magnetic_course": null, "route_distance_holding_distance_time": null, "distance_time": null, "altitude_description": null, "altitude1": null, "altitude2": null, "transition_altitude": null, "speed_limit_description": null, "speed_limit": null, "vertical_angle": null, "center_waypoint": null, "center_waypoint_latitude": null, "center_waypoint_longitude": null, "aircraft_category": null}, "geometry": {"type": "MultiPoint", "coordinates": [[94.72381111, 18.57933611]]}}, {"type": "Feature", "properties": {"fid": 226, "area_code": "PAC", "airport_identifier": "VYYY", "procedure_identifier": "MULG1B", "route_type": "6", "transition_identifier": "TDE", "seqno": 10, "waypoint_icao_code": "VY", "waypoint_identifier": "MULGO", "waypoint_latitude": 17.639825, "waypoint_longitude": 95.420175, "waypoint_description_code": "E", "turn_direction": null, "rnp": null, "path_termination": "IF", "recommanded_navaid": null, "recommanded_navaid_latitude": null, "recommanded_navaid_longitude": null, "arc_radius": null, "theta": null, "rho": null, "magnetic_course": null, "route_distance_holding_distance_time": null, "distance_time": null, "altitude_description": null, "altitude1": null, "altitude2": null, "transition_altitude": null, "speed_limit_description": null, "speed_limit": null, "vertical_angle": null, "center_waypoint": null, "center_waypoint_latitude": null, "center_waypoint_longitude": null, "aircraft_category": null}, "geometry": {"type": "MultiPoint", "coordinates": [[95.420175, 17.639825]]}}, {"type": "Feature", "properties": {"fid": 227, "area_code": "PAC", "airport_identifier": "VYYY", "procedure_identifier": "MULG1B", "route_type": "6", "transition_identifier": "TDE", "seqno": 20, "waypoint_icao_code": "VY", "waypoint_identifier": "TDE", "waypoint_latitude": 18.45671389, "waypoint_longitude": 94.29576389, "waypoint_description_code": "E", "turn_direction": null, "rnp": null, "path_termination": "TF", "recommanded_navaid": null, "recommanded_navaid_latitude": null, "recommanded_navaid_longitude": null, "arc_radius": null, "theta": null, "rho": null, "magnetic_course": null, "route_distance_holding_distance_time": null, "distance_time": null, "altitude_description": null, "altitude1": null, "altitude2": null, "transition_altitude": null, "speed_limit_description": null, "speed_limit": null, "vertical_angle": null, "center_waypoint": null, "center_waypoint_latitude": null, "center_waypoint_longitude": null, "aircraft_category": null}, "geometry": {"type": "MultiPoint", "coordinates": [[94.29576389, 18.45671389]]}}, {"type": "Feature", "properties": {"fid": 229, "area_code": "PAC", "airport_identifier": "VYYY", "procedure_identifier": "BOSP1B", "route_type": "5", "transition_identifier": "RW21", "seqno": 10, "waypoint_icao_code": null, "waypoint_identifier": null, "waypoint_latitude": null, "waypoint_longitude": null, "waypoint_description_code": null, "turn_direction": null, "rnp": null, "path_termination": "CA", "recommanded_navaid": null, "recommanded_navaid_latitude": null, "recommanded_navaid_longitude": null, "arc_radius": null, "theta": null, "rho": null, "magnetic_course": 214.0, "route_distance_holding_distance_time": null, "distance_time": null, "altitude_description": "+", "altitude1": 610.0, "altitude2": null, "transition_altitude": null, "speed_limit_description": null, "speed_limit": null, "vertical_angle": null, "center_waypoint": null, "center_waypoint_latitude": null, "center_waypoint_longitude": null, "aircraft_category": null}, "geometry": {"type": "MultiPoint", "coordinates": []}}, {"type": "Feature", "properties": {"fid": 230, "area_code": "PAC", "airport_identifier": "VYYY", "procedure_identifier": "BOSP1B", "route_type": "5", "transition_identifier": "RW21", "seqno": 20, "waypoint_icao_code": "VY", "waypoint_identifier": "YY906", "waypoint_latitude": 16.77761667, "waypoint_longitude": 96.00631389, "waypoint_description_code": "EY", "turn_direction": null, "rnp": null, "path_termination": "CF", "recommanded_navaid": null, "recommanded_navaid_latitude": null, "recommanded_navaid_longitude": null, "arc_radius": null, "theta": null, "rho": null, "magnetic_course": 225.0, "route_distance_holding_distance_time": 10.0, "distance_time": "D", "altitude_description": null, "altitude1": null, "altitude2": null, "transition_altitude": null, "speed_limit_description": "-", "speed_limit": 230.0, "vertical_angle": null, "center_waypoint": null, "center_waypoint_latitude": null, "center_waypoint_longitude": null, "aircraft_category": null}, "geometry": {"type": "MultiPoint", "coordinates": [[96.00631389, 16.77761667]]}}, {"type": "Feature", "properties": {"fid": 231, "area_code": "PAC", "airport_identifier": "VYYY", "procedure_identifier": "BOSP1B", "route_type": "5", "transition_identifier": "RW21", "seqno": 30, "waypoint_icao_code": "VY", "waypoint_identifier": "YY910", "waypoint_latitude": 16.91172222, "waypoint_longitude": 95.95852778, "waypoint_description_code": "E", "turn_direction": "R", "rnp": null, "path_termination": "DF", "recommanded_navaid": null, "recommanded_navaid_latitude": null, "recommanded_navaid_longitude": null, "arc_radius": null, "theta": null, "rho": null, "magnetic_course": null, "route_distance_holding_distance_time": null, "distance_time": null, "altitude_description": null, "altitude1": null, "altitude2": null, "transition_altitude": null, "speed_limit_description": "-", "speed_limit": 230.0, "vertical_angle": null, "center_waypoint": null, "center_waypoint_latitude": null, "center_waypoint_longitude": null, "aircraft_category": null}, "geometry": {"type": "MultiPoint", "coordinates": [[95.95852778, 16.91172222]]}}, {"type": "Feature", "properties": {"fid": 232, "area_code": "PAC", "airport_identifier": "VYYY", "procedure_identifier": "BOSP1B", "route_type": "5", "transition_identifier": "RW21", "seqno": 40, "waypoint_icao_code": "VY", "waypoint_identifier": "GONAS", "waypoint_latitude": 17.16733333, "waypoint_longitude": 96.19222222, "waypoint_description_code": "E", "turn_direction": null, "rnp": null, "path_termination": "TF", "recommanded_navaid": null, "recommanded_navaid_latitude": null, "recommanded_navaid_longitude": null, "arc_radius": null, "theta": null, "rho": null, "magnetic_course": null, "route_distance_holding_distance_time": null, "distance_time": null, "altitude_description": null, "altitude1": null, "altitude2": null, "transition_altitude": null, "speed_limit_description": null, "speed_limit": null, "vertical_angle": null, "center_waypoint": null, "center_waypoint_latitude": null, "center_waypoint_longitude": null, "aircraft_category": null}, "geometry": {"type": "MultiPoint", "coordinates": [[96.19222222, 17.16733333]]}}, {"type": "Feature", "properties": {"fid": 233, "area_code": "PAC", "airport_identifier": "VYYY", "procedure_identifier": "BOSP1B", "route_type": "5", "transition_identifier": "RW21", "seqno": 50, "waypoint_icao_code": "VY", "waypoint_identifier": "BOSPO", "waypoint_latitude": 16.83455278, "waypoint_longitude": 97.17290556, "waypoint_description_code": "E", "turn_direction": null, "rnp": null, "path_termination": "TF", "recommanded_navaid": null, "recommanded_navaid_latitude": null, "recommanded_navaid_longitude": null, "arc_radius": null, "theta": null, "rho": null, "magnetic_course": null, "route_distance_holding_distance_time": null, "distance_time": null, "altitude_description": null, "altitude1": null, "altitude2": null, "transition_altitude": null, "speed_limit_description": null, "speed_limit": null, "vertical_angle": null, "center_waypoint": null, "center_waypoint_latitude": null, "center_waypoint_longitude": null, "aircraft_category": null}, "geometry": {"type": "MultiPoint", "coordinates": [[97.17290556, 16.83455278]]}}, {"type": "Feature", "properties": {"fid": 235, "area_code": "PAC", "airport_identifier": "VYYY", "procedure_identifier": "BOSP1B", "route_type": "6", "transition_identifier": "ARATO", "seqno": 10, "waypoint_icao_code": "VY", "waypoint_identifier": "BOSPO", "waypoint_latitude": 16.83455278, "waypoint_longitude": 97.17290556, "waypoint_description_code": "E", "turn_direction": null, "rnp": null, "path_termination": "IF", "recommanded_navaid": null, "recommanded_navaid_latitude": null, "recommanded_navaid_longitude": null, "arc_radius": null, "theta": null, "rho": null, "magnetic_course": null, "route_distance_holding_distance_time": null, "distance_time": null, "altitude_description": null, "altitude1": null, "altitude2": null, "transition_altitude": null, "speed_limit_description": null, "speed_limit": null, "vertical_angle": null, "center_waypoint": null, "center_waypoint_latitude": null, "center_waypoint_longitude": null, "aircraft_category": null}, "geometry": {"type": "MultiPoint", "coordinates": [[97.17290556, 16.83455278]]}}, {"type": "Feature", "properties": {"fid": 236, "area_code": "PAC", "airport_identifier": "VYYY", "procedure_identifier": "BOSP1B", "route_type": "6", "transition_identifier": "ARATO", "seqno": 20, "waypoint_icao_code": "VY", "waypoint_identifier": "ARATO", "waypoint_latitude": 16.36802778, "waypoint_longitude": 97.79633333, "waypoint_description_code": "E", "turn_direction": null, "rnp": null, "path_termination": "TF", "recommanded_navaid": null, "recommanded_navaid_latitude": null, "recommanded_navaid_longitude": null, "arc_radius": null, "theta": null, "rho": null, "magnetic_course": null, "route_distance_holding_distance_time": null, "distance_time": null, "altitude_description": null, "altitude1": null, "altitude2": null, "transition_altitude": null, "speed_limit_description": null, "speed_limit": null, "vertical_angle": null, "center_waypoint": null, "center_waypoint_latitude": null, "center_waypoint_longitude": null, "aircraft_category": null}, "geometry": {"type": "MultiPoint", "coordinates": [[97.79633333, 16.36802778]]}}, {"type": "Feature", "properties": {"fid": 238, "area_code": "PAC", "airport_identifier": "VYYY", "procedure_identifier": "BOSP1B", "route_type": "6", "transition_identifier": "MM", "seqno": 10, "waypoint_icao_code": "VY", "waypoint_identifier": "BOSPO", "waypoint_latitude": 16.83455278, "waypoint_longitude": 97.17290556, "waypoint_description_code": "E", "turn_direction": null, "rnp": null, "path_termination": "IF", "recommanded_navaid": null, "recommanded_navaid_latitude": null, "recommanded_navaid_longitude": null, "arc_radius": null, "theta": null, "rho": null, "magnetic_course": null, "route_distance_holding_distance_time": null, "distance_time": null, "altitude_description": null, "altitude1": null, "altitude2": null, "transition_altitude": null, "speed_limit_description": null, "speed_limit": null, "vertical_angle": null, "center_waypoint": null, "center_waypoint_latitude": null, "center_waypoint_longitude": null, "aircraft_category": null}, "geometry": {"type": "MultiPoint", "coordinates": [[97.17290556, 16.83455278]]}}, {"type": "Feature", "properties": {"fid": 239, "area_code": "PAC", "airport_identifier": "VYYY", "procedure_identifier": "BOSP1B", "route_type": "6", "transition_identifier": "MM", "seqno": 20, "waypoint_icao_code": "VY", "waypoint_identifier": "MM", "waypoint_latitude": 16.44331944, "waypoint_longitude": 97.65773056, "waypoint_description_code": "E", "turn_direction": null, "rnp": null, "path_termination": "TF", "recommanded_navaid": null, "recommanded_navaid_latitude": null, "recommanded_navaid_longitude": null, "arc_radius": null, "theta": null, "rho": null, "magnetic_course": null, "route_distance_holding_distance_time": null, "distance_time": null, "altitude_description": null, "altitude1": null, "altitude2": null, "transition_altitude": null, "speed_limit_description": null, "speed_limit": null, "vertical_angle": null, "center_waypoint": null, "center_waypoint_latitude": null, "center_waypoint_longitude": null, "aircraft_category": null}, "geometry": {"type": "MultiPoint", "coordinates": [[97.65773056, 16.44331944]]}}, {"type": "Feature", "properties": {"fid": 241, "area_code": "PAC", "airport_identifier": "VYYY", "procedure_identifier": "RISN1A", "route_type": "5", "transition_identifier": "RW03", "seqno": 10, "waypoint_icao_code": "VY", "waypoint_identifier": "YY919", "waypoint_latitude": 16.96575, "waypoint_longitude": 96.17302778, "waypoint_description_code": "EY", "turn_direction": null, "rnp": null, "path_termination": "DF", "recommanded_navaid": null, "recommanded_navaid_latitude": null, "recommanded_navaid_longitude": null, "arc_radius": null, "theta": null, "rho": null, "magnetic_course": null, "route_distance_holding_distance_time": null, "distance_time": null, "altitude_description": "+", "altitude1": 600.0, "altitude2": null, "transition_altitude": null, "speed_limit_description": null, "speed_limit": null, "vertical_angle": null, "center_waypoint": null, "center_waypoint_latitude": null, "center_waypoint_longitude": null, "aircraft_category": null}, "geometry": {"type": "MultiPoint", "coordinates": [[96.17302778, 16.96575]]}}, {"type": "Feature", "properties": {"fid": 242, "area_code": "PAC", "airport_identifier": "VYYY", "procedure_identifier": "RISN1A", "route_type": "5", "transition_identifier": "RW03", "seqno": 20, "waypoint_icao_code": "VY", "waypoint_identifier": "YY921", "waypoint_latitude": 16.88055556, "waypoint_longitude": 96.82797222, "waypoint_description_code": "E", "turn_direction": null, "rnp": null, "path_termination": "TF", "recommanded_navaid": null, "recommanded_navaid_latitude": null, "recommanded_navaid_longitude": null, "arc_radius": null, "theta": null, "rho": null, "magnetic_course": null, "route_distance_holding_distance_time": null, "distance_time": null, "altitude_description": null, "altitude1": null, "altitude2": null, "transition_altitude": null, "speed_limit_description": null, "speed_limit": null, "vertical_angle": null, "center_waypoint": null, "center_waypoint_latitude": null, "center_waypoint_longitude": null, "aircraft_category": null}, "geometry": {"type": "MultiPoint", "coordinates": [[96.82797222, 16.88055556]]}}, {"type": "Feature", "properties": {"fid": 243, "area_code": "PAC", "airport_identifier": "VYYY", "procedure_identifier": "RISN1A", "route_type": "5", "transition_identifier": "RW03", "seqno": 50, "waypoint_icao_code": "VY", "waypoint_identifier": "RISNA", "waypoint_latitude": 16.83455556, "waypoint_longitude": 97.17330556, "waypoint_description_code": "E", "turn_direction": null, "rnp": null, "path_termination": "TF", "recommanded_navaid": null, "recommanded_navaid_latitude": null, "recommanded_navaid_longitude": null, "arc_radius": null, "theta": null, "rho": null, "magnetic_course": null, "route_distance_holding_distance_time": null, "distance_time": null, "altitude_description": "-", "altitude1": 20000.0, "altitude2": null, "transition_altitude": null, "speed_limit_description": null, "speed_limit": null, "vertical_angle": null, "center_waypoint": null, "center_waypoint_latitude": null, "center_waypoint_longitude": null, "aircraft_category": null}, "geometry": {"type": "MultiPoint", "coordinates": [[97.17330556, 16.83455556]]}}, {"type": "Feature", "properties": {"fid": 244, "area_code": "PAC", "airport_identifier": "VYYY", "procedure_identifier": "RISN1A", "route_type": "5", "transition_identifier": "RW03", "seqno": 60, "waypoint_icao_code": "VY", "waypoint_identifier": "LUDVI", "waypoint_latitude": 15.48034167, "waypoint_longitude": 98.59166667, "waypoint_description_code": "E", "turn_direction": null, "rnp": null, "path_termination": "TF", "recommanded_navaid": null, "recommanded_navaid_latitude": null, "recommanded_navaid_longitude": null, "arc_radius": null, "theta": null, "rho": null, "magnetic_course": null, "route_distance_holding_distance_time": null, "distance_time": null, "altitude_description": null, "altitude1": null, "altitude2": null, "transition_altitude": null, "speed_limit_description": null, "speed_limit": null, "vertical_angle": null, "center_waypoint": null, "center_waypoint_latitude": null, "center_waypoint_longitude": null, "aircraft_category": null}, "geometry": {"type": "MultiPoint", "coordinates": [[98.59166667, 15.48034167]]}}, {"type": "Feature", "properties": {"fid": 246, "area_code": "PAC", "airport_identifier": "VYYY", "procedure_identifier": "PARL1B", "route_type": "5", "transition_identifier": "RW21", "seqno": 10, "waypoint_icao_code": null, "waypoint_identifier": null, "waypoint_latitude": null, "waypoint_longitude": null, "waypoint_description_code": null, "turn_direction": null, "rnp": null, "path_termination": "CA", "recommanded_navaid": null, "recommanded_navaid_latitude": null, "recommanded_navaid_longitude": null, "arc_radius": null, "theta": null, "rho": null, "magnetic_course": 214.0, "route_distance_holding_distance_time": null, "distance_time": null, "altitude_description": "+", "altitude1": 610.0, "altitude2": null, "transition_altitude": null, "speed_limit_description": null, "speed_limit": null, "vertical_angle": null, "center_waypoint": null, "center_waypoint_latitude": null, "center_waypoint_longitude": null, "aircraft_category": null}, "geometry": {"type": "MultiPoint", "coordinates": []}}, {"type": "Feature", "properties": {"fid": 247, "area_code": "PAC", "airport_identifier": "VYYY", "procedure_identifier": "PARL1B", "route_type": "5", "transition_identifier": "RW21", "seqno": 20, "waypoint_icao_code": "VY", "waypoint_identifier": "YY906", "waypoint_latitude": 16.77761667, "waypoint_longitude": 96.00631389, "waypoint_description_code": "EY", "turn_direction": null, "rnp": null, "path_termination": "CF", "recommanded_navaid": null, "recommanded_navaid_latitude": null, "recommanded_navaid_longitude": null, "arc_radius": null, "theta": null, "rho": null, "magnetic_course": 225.0, "route_distance_holding_distance_time": 10.0, "distance_time": "D", "altitude_description": null, "altitude1": null, "altitude2": null, "transition_altitude": null, "speed_limit_description": "-", "speed_limit": 230.0, "vertical_angle": null, "center_waypoint": null, "center_waypoint_latitude": null, "center_waypoint_longitude": null, "aircraft_category": null}, "geometry": {"type": "MultiPoint", "coordinates": [[96.00631389, 16.77761667]]}}, {"type": "Feature", "properties": {"fid": 248, "area_code": "PAC", "airport_identifier": "VYYY", "procedure_identifier": "PARL1B", "route_type": "5", "transition_identifier": "RW21", "seqno": 30, "waypoint_icao_code": "VY", "waypoint_identifier": "YY910", "waypoint_latitude": 16.91172222, "waypoint_longitude": 95.95852778, "waypoint_description_code": "E", "turn_direction": "R", "rnp": null, "path_termination": "DF", "recommanded_navaid": null, "recommanded_navaid_latitude": null, "recommanded_navaid_longitude": null, "arc_radius": null, "theta": null, "rho": null, "magnetic_course": null, "route_distance_holding_distance_time": null, "distance_time": null, "altitude_description": null, "altitude1": null, "altitude2": null, "transition_altitude": null, "speed_limit_description": "-", "speed_limit": 230.0, "vertical_angle": null, "center_waypoint": null, "center_waypoint_latitude": null, "center_waypoint_longitude": null, "aircraft_category": null}, "geometry": {"type": "MultiPoint", "coordinates": [[95.95852778, 16.91172222]]}}, {"type": "Feature", "properties": {"fid": 249, "area_code": "PAC", "airport_identifier": "VYYY", "procedure_identifier": "PARL1B", "route_type": "5", "transition_identifier": "RW21", "seqno": 40, "waypoint_icao_code": "VY", "waypoint_identifier": "GONAS", "waypoint_latitude": 17.16733333, "waypoint_longitude": 96.19222222, "waypoint_description_code": "E", "turn_direction": null, "rnp": null, "path_termination": "TF", "recommanded_navaid": null, "recommanded_navaid_latitude": null, "recommanded_navaid_longitude": null, "arc_radius": null, "theta": null, "rho": null, "magnetic_course": null, "route_distance_holding_distance_time": null, "distance_time": null, "altitude_description": null, "altitude1": null, "altitude2": null, "transition_altitude": null, "speed_limit_description": null, "speed_limit": null, "vertical_angle": null, "center_waypoint": null, "center_waypoint_latitude": null, "center_waypoint_longitude": null, "aircraft_category": null}, "geometry": {"type": "MultiPoint", "coordinates": [[96.19222222, 17.16733333]]}}, {"type": "Feature", "properties": {"fid": 250, "area_code": "PAC", "airport_identifier": "VYYY", "procedure_identifier": "PARL1B", "route_type": "5", "transition_identifier": "RW21", "seqno": 50, "waypoint_icao_code": "VY", "waypoint_identifier": "YY911", "waypoint_latitude": 17.49903333, "waypoint_longitude": 96.173475, "waypoint_description_code": "E", "turn_direction": null, "rnp": null, "path_termination": "TF", "recommanded_navaid": null, "recommanded_navaid_latitude": null, "recommanded_navaid_longitude": null, "arc_radius": null, "theta": null, "rho": null, "magnetic_course": null, "route_distance_holding_distance_time": null, "distance_time": null, "altitude_description": "+", "altitude1": 16000.0, "altitude2": null, "transition_altitude": null, "speed_limit_description": null, "speed_limit": null, "vertical_angle": null, "center_waypoint": null, "center_waypoint_latitude": null, "center_waypoint_longitude": null, "aircraft_category": null}, "geometry": {"type": "MultiPoint", "coordinates": [[96.173475, 17.49903333]]}}, {"type": "Feature", "properties": {"fid": 251, "area_code": "PAC", "airport_identifier": "VYYY", "procedure_identifier": "PARL1B", "route_type": "5", "transition_identifier": "RW21", "seqno": 60, "waypoint_icao_code": "VY", "waypoint_identifier": "PARLA", "waypoint_latitude": 17.91042778, "waypoint_longitude": 96.14998611, "waypoint_description_code": "E", "turn_direction": null, "rnp": null, "path_termination": "TF", "recommanded_navaid": null, "recommanded_navaid_latitude": null, "recommanded_navaid_longitude": null, "arc_radius": null, "theta": null, "rho": null, "magnetic_course": null, "route_distance_holding_distance_time": null, "distance_time": null, "altitude_description": null, "altitude1": null, "altitude2": null, "transition_altitude": null, "speed_limit_description": null, "speed_limit": null, "vertical_angle": null, "center_waypoint": null, "center_waypoint_latitude": null, "center_waypoint_longitude": null, "aircraft_category": null}, "geometry": {"type": "MultiPoint", "coordinates": [[96.14998611, 17.91042778]]}}, {"type": "Feature", "properties": {"fid": 253, "area_code": "PAC", "airport_identifier": "VYYY", "procedure_identifier": "PARL1B", "route_type": "6", "transition_identifier": "BGN", "seqno": 10, "waypoint_icao_code": "VY", "waypoint_identifier": "PARLA", "waypoint_latitude": 17.91042778, "waypoint_longitude": 96.14998611, "waypoint_description_code": "E", "turn_direction": null, "rnp": null, "path_termination": "IF", "recommanded_navaid": null, "recommanded_navaid_latitude": null, "recommanded_navaid_longitude": null, "arc_radius": null, "theta": null, "rho": null, "magnetic_course": null, "route_distance_holding_distance_time": null, "distance_time": null, "altitude_description": null, "altitude1": null, "altitude2": null, "transition_altitude": null, "speed_limit_description": null, "speed_limit": null, "vertical_angle": null, "center_waypoint": null, "center_waypoint_latitude": null, "center_waypoint_longitude": null, "aircraft_category": null}, "geometry": {"type": "MultiPoint", "coordinates": [[96.14998611, 17.91042778]]}}, {"type": "Feature", "properties": {"fid": 254, "area_code": "PAC", "airport_identifier": "VYYY", "procedure_identifier": "PARL1B", "route_type": "6", "transition_identifier": "BGN", "seqno": 20, "waypoint_icao_code": "VY", "waypoint_identifier": "BGN", "waypoint_latitude": 21.16953611, "waypoint_longitude": 94.92815278, "waypoint_description_code": "E", "turn_direction": null, "rnp": null, "path_termination": "TF", "recommanded_navaid": null, "recommanded_navaid_latitude": null, "recommanded_navaid_longitude": null, "arc_radius": null, "theta": null, "rho": null, "magnetic_course": null, "route_distance_holding_distance_time": null, "distance_time": null, "altitude_description": null, "altitude1": null, "altitude2": null, "transition_altitude": null, "speed_limit_description": null, "speed_limit": null, "vertical_angle": null, "center_waypoint": null, "center_waypoint_latitude": null, "center_waypoint_longitude": null, "aircraft_category": null}, "geometry": {"type": "MultiPoint", "coordinates": [[94.92815278, 21.16953611]]}}, {"type": "Feature", "properties": {"fid": 256, "area_code": "PAC", "airport_identifier": "VYYY", "procedure_identifier": "PARL1B", "route_type": "6", "transition_identifier": "MOXIS", "seqno": 10, "waypoint_icao_code": "VY", "waypoint_identifier": "PARLA", "waypoint_latitude": 17.91042778, "waypoint_longitude": 96.14998611, "waypoint_description_code": "E", "turn_direction": null, "rnp": null, "path_termination": "IF", "recommanded_navaid": null, "recommanded_navaid_latitude": null, "recommanded_navaid_longitude": null, "arc_radius": null, "theta": null, "rho": null, "magnetic_course": null, "route_distance_holding_distance_time": null, "distance_time": null, "altitude_description": null, "altitude1": null, "altitude2": null, "transition_altitude": null, "speed_limit_description": null, "speed_limit": null, "vertical_angle": null, "center_waypoint": null, "center_waypoint_latitude": null, "center_waypoint_longitude": null, "aircraft_category": null}, "geometry": {"type": "MultiPoint", "coordinates": [[96.14998611, 17.91042778]]}}, {"type": "Feature", "properties": {"fid": 257, "area_code": "PAC", "airport_identifier": "VYYY", "procedure_identifier": "PARL1B", "route_type": "6", "transition_identifier": "MOXIS", "seqno": 20, "waypoint_icao_code": "VY", "waypoint_identifier": "MOXIS", "waypoint_latitude": 19.64729167, "waypoint_longitude": 96.29219722, "waypoint_description_code": "E", "turn_direction": null, "rnp": null, "path_termination": "TF", "recommanded_navaid": null, "recommanded_navaid_latitude": null, "recommanded_navaid_longitude": null, "arc_radius": null, "theta": null, "rho": null, "magnetic_course": null, "route_distance_holding_distance_time": null, "distance_time": null, "altitude_description": null, "altitude1": null, "altitude2": null, "transition_altitude": null, "speed_limit_description": null, "speed_limit": null, "vertical_angle": null, "center_waypoint": null, "center_waypoint_latitude": null, "center_waypoint_longitude": null, "aircraft_category": null}, "geometry": {"type": "MultiPoint", "coordinates": [[96.29219722, 19.64729167]]}}, {"type": "Feature", "properties": {"fid": 259, "area_code": "PAC", "airport_identifier": "VYYY", "procedure_identifier": "PARL1B", "route_type": "6", "transition_identifier": "NPT", "seqno": 10, "waypoint_icao_code": "VY", "waypoint_identifier": "PARLA", "waypoint_latitude": 17.91042778, "waypoint_longitude": 96.14998611, "waypoint_description_code": "E", "turn_direction": null, "rnp": null, "path_termination": "IF", "recommanded_navaid": null, "recommanded_navaid_latitude": null, "recommanded_navaid_longitude": null, "arc_radius": null, "theta": null, "rho": null, "magnetic_course": null, "route_distance_holding_distance_time": null, "distance_time": null, "altitude_description": null, "altitude1": null, "altitude2": null, "transition_altitude": null, "speed_limit_description": null, "speed_limit": null, "vertical_angle": null, "center_waypoint": null, "center_waypoint_latitude": null, "center_waypoint_longitude": null, "aircraft_category": null}, "geometry": {"type": "MultiPoint", "coordinates": [[96.14998611, 17.91042778]]}}, {"type": "Feature", "properties": {"fid": 260, "area_code": "PAC", "airport_identifier": "VYYY", "procedure_identifier": "PARL1B", "route_type": "6", "transition_identifier": "NPT", "seqno": 20, "waypoint_icao_code": "VY", "waypoint_identifier": "NPT", "waypoint_latitude": 19.62655556, "waypoint_longitude": 96.19558333, "waypoint_description_code": "E", "turn_direction": null, "rnp": null, "path_termination": "TF", "recommanded_navaid": null, "recommanded_navaid_latitude": null, "recommanded_navaid_longitude": null, "arc_radius": null, "theta": null, "rho": null, "magnetic_course": null, "route_distance_holding_distance_time": null, "distance_time": null, "altitude_description": null, "altitude1": null, "altitude2": null, "transition_altitude": null, "speed_limit_description": null, "speed_limit": null, "vertical_angle": null, "center_waypoint": null, "center_waypoint_latitude": null, "center_waypoint_longitude": null, "aircraft_category": null}, "geometry": {"type": "MultiPoint", "coordinates": [[96.19558333, 19.62655556]]}}, {"type": "Feature", "properties": {"fid": 262, "area_code": "PAC", "airport_identifier": "VYME", "procedure_identifier": "MELO1A", "route_type": "5", "transition_identifier": "RW18", "seqno": 10, "waypoint_icao_code": "VY", "waypoint_identifier": "ME902", "waypoint_latitude": 12.34416389, "waypoint_longitude": 98.61651111, "waypoint_description_code": "EY", "turn_direction": null, "rnp": 1.0, "path_termination": "CF", "recommanded_navaid": null, "recommanded_navaid_latitude": null, "recommanded_navaid_longitude": null, "arc_radius": null, "theta": null, "rho": null, "magnetic_course": 183.0, "route_distance_holding_distance_time": 5.0, "distance_time": "D", "altitude_description": null, "altitude1": null, "altitude2": null, "transition_altitude": null, "speed_limit_description": null, "speed_limit": null, "vertical_angle": null, "center_waypoint": null, "center_waypoint_latitude": null, "center_waypoint_longitude": null, "aircraft_category": null}, "geometry": {"type": "MultiPoint", "coordinates": [[98.61651111, 12.34416389]]}}, {"type": "Feature", "properties": {"fid": 263, "area_code": "PAC", "airport_identifier": "VYME", "procedure_identifier": "MELO1A", "route_type": "5", "transition_identifier": "RW18", "seqno": 20, "waypoint_icao_code": "VY", "waypoint_identifier": "ME905", "waypoint_latitude": 12.45527778, "waypoint_longitude": 98.43265833, "waypoint_description_code": "E", "turn_direction": "R", "rnp": 1.0, "path_termination": "DF", "recommanded_navaid": null, "recommanded_navaid_latitude": null, "recommanded_navaid_longitude": null, "arc_radius": null, "theta": null, "rho": null, "magnetic_course": null, "route_distance_holding_distance_time": null, "distance_time": null, "altitude_description": "+", "altitude1": 7000.0, "altitude2": null, "transition_altitude": null, "speed_limit_description": null, "speed_limit": null, "vertical_angle": null, "center_waypoint": null, "center_waypoint_latitude": null, "center_waypoint_longitude": null, "aircraft_category": null}, "geometry": {"type": "MultiPoint", "coordinates": [[98.43265833, 12.45527778]]}}, {"type": "Feature", "properties": {"fid": 264, "area_code": "PAC", "airport_identifier": "VYME", "procedure_identifier": "MELO1A", "route_type": "5", "transition_identifier": "RW18", "seqno": 30, "waypoint_icao_code": "VY", "waypoint_identifier": "ME906", "waypoint_latitude": 12.78136389, "waypoint_longitude": 98.42920278, "waypoint_description_code": "E", "turn_direction": null, "rnp": 1.0, "path_termination": "TF", "recommanded_navaid": null, "recommanded_navaid_latitude": null, "recommanded_navaid_longitude": null, "arc_radius": null, "theta": null, "rho": null, "magnetic_course": null, "route_distance_holding_distance_time": null, "distance_time": null, "altitude_description": "+", "altitude1": 12000.0, "altitude2": null, "transition_altitude": null, "speed_limit_description": null, "speed_limit": null, "vertical_angle": null, "center_waypoint": null, "center_waypoint_latitude": null, "center_waypoint_longitude": null, "aircraft_category": null}, "geometry": {"type": "MultiPoint", "coordinates": [[98.42920278, 12.78136389]]}}, {"type": "Feature", "properties": {"fid": 265, "area_code": "PAC", "airport_identifier": "VYME", "procedure_identifier": "MELO1A", "route_type": "5", "transition_identifier": "RW18", "seqno": 40, "waypoint_icao_code": "VY", "waypoint_identifier": "MELOL", "waypoint_latitude": 12.92845, "waypoint_longitude": 98.50092222, "waypoint_description_code": "E", "turn_direction": null, "rnp": 1.0, "path_termination": "TF", "recommanded_navaid": null, "recommanded_navaid_latitude": null, "recommanded_navaid_longitude": null, "arc_radius": null, "theta": null, "rho": null, "magnetic_course": null, "route_distance_holding_distance_time": null, "distance_time": null, "altitude_description": null, "altitude1": null, "altitude2": null, "transition_altitude": null, "speed_limit_description": null, "speed_limit": null, "vertical_angle": null, "center_waypoint": null, "center_waypoint_latitude": null, "center_waypoint_longitude": null, "aircraft_category": null}, "geometry": {"type": "MultiPoint", "coordinates": [[98.50092222, 12.92845]]}}, {"type": "Feature", "properties": {"fid": 267, "area_code": "PAC", "airport_identifier": "VYYY", "procedure_identifier": "BOSP1A", "route_type": "5", "transition_identifier": "RW21", "seqno": 10, "waypoint_icao_code": null, "waypoint_identifier": null, "waypoint_latitude": null, "waypoint_longitude": null, "waypoint_description_code": null, "turn_direction": null, "rnp": null, "path_termination": "CA", "recommanded_navaid": null, "recommanded_navaid_latitude": null, "recommanded_navaid_longitude": null, "arc_radius": null, "theta": null, "rho": null, "magnetic_course": 214.0, "route_distance_holding_distance_time": null, "distance_time": null, "altitude_description": "+", "altitude1": 610.0, "altitude2": null, "transition_altitude": null, "speed_limit_description": null, "speed_limit": null, "vertical_angle": null, "center_waypoint": null, "center_waypoint_latitude": null, "center_waypoint_longitude": null, "aircraft_category": null}, "geometry": {"type": "MultiPoint", "coordinates": []}}, {"type": "Feature", "properties": {"fid": 268, "area_code": "PAC", "airport_identifier": "VYYY", "procedure_identifier": "BOSP1A", "route_type": "5", "transition_identifier": "RW21", "seqno": 20, "waypoint_icao_code": "VY", "waypoint_identifier": "YY905", "waypoint_latitude": 16.71743889, "waypoint_longitude": 95.94608333, "waypoint_description_code": "EY", "turn_direction": null, "rnp": null, "path_termination": "CF", "recommanded_navaid": null, "recommanded_navaid_latitude": null, "recommanded_navaid_longitude": null, "arc_radius": null, "theta": null, "rho": null, "magnetic_course": 225.0, "route_distance_holding_distance_time": 15.0, "distance_time": "D", "altitude_description": null, "altitude1": null, "altitude2": null, "transition_altitude": null, "speed_limit_description": "-", "speed_limit": 230.0, "vertical_angle": null, "center_waypoint": null, "center_waypoint_latitude": null, "center_waypoint_longitude": null, "aircraft_category": null}, "geometry": {"type": "MultiPoint", "coordinates": [[95.94608333, 16.71743889]]}}, {"type": "Feature", "properties": {"fid": 269, "area_code": "PAC", "airport_identifier": "VYYY", "procedure_identifier": "BOSP1A", "route_type": "5", "transition_identifier": "RW21", "seqno": 30, "waypoint_icao_code": "VY", "waypoint_identifier": "YY910", "waypoint_latitude": 16.91172222, "waypoint_longitude": 95.95852778, "waypoint_description_code": "E", "turn_direction": "R", "rnp": null, "path_termination": "DF", "recommanded_navaid": null, "recommanded_navaid_latitude": null, "recommanded_navaid_longitude": null, "arc_radius": null, "theta": null, "rho": null, "magnetic_course": null, "route_distance_holding_distance_time": null, "distance_time": null, "altitude_description": null, "altitude1": null, "altitude2": null, "transition_altitude": null, "speed_limit_description": null, "speed_limit": null, "vertical_angle": null, "center_waypoint": null, "center_waypoint_latitude": null, "center_waypoint_longitude": null, "aircraft_category": null}, "geometry": {"type": "MultiPoint", "coordinates": [[95.95852778, 16.91172222]]}}, {"type": "Feature", "properties": {"fid": 270, "area_code": "PAC", "airport_identifier": "VYYY", "procedure_identifier": "BOSP1A", "route_type": "5", "transition_identifier": "RW21", "seqno": 40, "waypoint_icao_code": "VY", "waypoint_identifier": "GONAS", "waypoint_latitude": 17.16733333, "waypoint_longitude": 96.19222222, "waypoint_description_code": "E", "turn_direction": null, "rnp": null, "path_termination": "TF", "recommanded_navaid": null, "recommanded_navaid_latitude": null, "recommanded_navaid_longitude": null, "arc_radius": null, "theta": null, "rho": null, "magnetic_course": null, "route_distance_holding_distance_time": null, "distance_time": null, "altitude_description": "+", "altitude1": 13000.0, "altitude2": null, "transition_altitude": null, "speed_limit_description": null, "speed_limit": null, "vertical_angle": null, "center_waypoint": null, "center_waypoint_latitude": null, "center_waypoint_longitude": null, "aircraft_category": null}, "geometry": {"type": "MultiPoint", "coordinates": [[96.19222222, 17.16733333]]}}, {"type": "Feature", "properties": {"fid": 271, "area_code": "PAC", "airport_identifier": "VYYY", "procedure_identifier": "BOSP1A", "route_type": "5", "transition_identifier": "RW21", "seqno": 50, "waypoint_icao_code": "VY", "waypoint_identifier": "BOSPO", "waypoint_latitude": 16.83455278, "waypoint_longitude": 97.17290556, "waypoint_description_code": "E", "turn_direction": null, "rnp": null, "path_termination": "TF", "recommanded_navaid": null, "recommanded_navaid_latitude": null, "recommanded_navaid_longitude": null, "arc_radius": null, "theta": null, "rho": null, "magnetic_course": null, "route_distance_holding_distance_time": null, "distance_time": null, "altitude_description": null, "altitude1": null, "altitude2": null, "transition_altitude": null, "speed_limit_description": null, "speed_limit": null, "vertical_angle": null, "center_waypoint": null, "center_waypoint_latitude": null, "center_waypoint_longitude": null, "aircraft_category": null}, "geometry": {"type": "MultiPoint", "coordinates": [[97.17290556, 16.83455278]]}}, {"type": "Feature", "properties": {"fid": 273, "area_code": "PAC", "airport_identifier": "VYYY", "procedure_identifier": "BOSP1A", "route_type": "6", "transition_identifier": "ARATO", "seqno": 10, "waypoint_icao_code": "VY", "waypoint_identifier": "BOSPO", "waypoint_latitude": 16.83455278, "waypoint_longitude": 97.17290556, "waypoint_description_code": "E", "turn_direction": null, "rnp": null, "path_termination": "IF", "recommanded_navaid": null, "recommanded_navaid_latitude": null, "recommanded_navaid_longitude": null, "arc_radius": null, "theta": null, "rho": null, "magnetic_course": null, "route_distance_holding_distance_time": null, "distance_time": null, "altitude_description": null, "altitude1": null, "altitude2": null, "transition_altitude": null, "speed_limit_description": null, "speed_limit": null, "vertical_angle": null, "center_waypoint": null, "center_waypoint_latitude": null, "center_waypoint_longitude": null, "aircraft_category": null}, "geometry": {"type": "MultiPoint", "coordinates": [[97.17290556, 16.83455278]]}}, {"type": "Feature", "properties": {"fid": 274, "area_code": "PAC", "airport_identifier": "VYYY", "procedure_identifier": "BOSP1A", "route_type": "6", "transition_identifier": "ARATO", "seqno": 20, "waypoint_icao_code": "VY", "waypoint_identifier": "ARATO", "waypoint_latitude": 16.36802778, "waypoint_longitude": 97.79633333, "waypoint_description_code": "E", "turn_direction": null, "rnp": null, "path_termination": "TF", "recommanded_navaid": null, "recommanded_navaid_latitude": null, "recommanded_navaid_longitude": null, "arc_radius": null, "theta": null, "rho": null, "magnetic_course": null, "route_distance_holding_distance_time": null, "distance_time": null, "altitude_description": null, "altitude1": null, "altitude2": null, "transition_altitude": null, "speed_limit_description": null, "speed_limit": null, "vertical_angle": null, "center_waypoint": null, "center_waypoint_latitude": null, "center_waypoint_longitude": null, "aircraft_category": null}, "geometry": {"type": "MultiPoint", "coordinates": [[97.79633333, 16.36802778]]}}, {"type": "Feature", "properties": {"fid": 276, "area_code": "PAC", "airport_identifier": "VYYY", "procedure_identifier": "BOSP1A", "route_type": "6", "transition_identifier": "MM", "seqno": 10, "waypoint_icao_code": "VY", "waypoint_identifier": "BOSPO", "waypoint_latitude": 16.83455278, "waypoint_longitude": 97.17290556, "waypoint_description_code": "E", "turn_direction": null, "rnp": null, "path_termination": "IF", "recommanded_navaid": null, "recommanded_navaid_latitude": null, "recommanded_navaid_longitude": null, "arc_radius": null, "theta": null, "rho": null, "magnetic_course": null, "route_distance_holding_distance_time": null, "distance_time": null, "altitude_description": null, "altitude1": null, "altitude2": null, "transition_altitude": null, "speed_limit_description": null, "speed_limit": null, "vertical_angle": null, "center_waypoint": null, "center_waypoint_latitude": null, "center_waypoint_longitude": null, "aircraft_category": null}, "geometry": {"type": "MultiPoint", "coordinates": [[97.17290556, 16.83455278]]}}, {"type": "Feature", "properties": {"fid": 277, "area_code": "PAC", "airport_identifier": "VYYY", "procedure_identifier": "BOSP1A", "route_type": "6", "transition_identifier": "MM", "seqno": 20, "waypoint_icao_code": "VY", "waypoint_identifier": "MM", "waypoint_latitude": 16.44331944, "waypoint_longitude": 97.65773056, "waypoint_description_code": "E", "turn_direction": null, "rnp": null, "path_termination": "TF", "recommanded_navaid": null, "recommanded_navaid_latitude": null, "recommanded_navaid_longitude": null, "arc_radius": null, "theta": null, "rho": null, "magnetic_course": null, "route_distance_holding_distance_time": null, "distance_time": null, "altitude_description": null, "altitude1": null, "altitude2": null, "transition_altitude": null, "speed_limit_description": null, "speed_limit": null, "vertical_angle": null, "center_waypoint": null, "center_waypoint_latitude": null, "center_waypoint_longitude": null, "aircraft_category": null}, "geometry": {"type": "MultiPoint", "coordinates": [[97.65773056, 16.44331944]]}}, {"type": "Feature", "properties": {"fid": 279, "area_code": "PAC", "airport_identifier": "VYMD", "procedure_identifier": "DOGI1S", "route_type": "5", "transition_identifier": "RW17", "seqno": 30, "waypoint_icao_code": "VY", "waypoint_identifier": "MDS02", "waypoint_latitude": 21.42933333, "waypoint_longitude": 96.02811111, "waypoint_description_code": "E", "turn_direction": null, "rnp": null, "path_termination": "CF", "recommanded_navaid": null, "recommanded_navaid_latitude": null, "recommanded_navaid_longitude": null, "arc_radius": null, "theta": null, "rho": null, "magnetic_course": 171.0, "route_distance_holding_distance_time": 15.3, "distance_time": "D", "altitude_description": null, "altitude1": null, "altitude2": null, "transition_altitude": null, "speed_limit_description": null, "speed_limit": null, "vertical_angle": null, "center_waypoint": null, "center_waypoint_latitude": null, "center_waypoint_longitude": null, "aircraft_category": null}, "geometry": {"type": "MultiPoint", "coordinates": [[96.02811111, 21.42933333]]}}, {"type": "Feature", "properties": {"fid": 280, "area_code": "PAC", "airport_identifier": "VYMD", "procedure_identifier": "DOGI1S", "route_type": "5", "transition_identifier": "RW17", "seqno": 40, "waypoint_icao_code": "VY", "waypoint_identifier": "ZIDAW", "waypoint_latitude": 21.05094444, "waypoint_longitude": 96.08733333, "waypoint_description_code": "E", "turn_direction": null, "rnp": null, "path_termination": "TF", "recommanded_navaid": null, "recommanded_navaid_latitude": null, "recommanded_navaid_longitude": null, "arc_radius": null, "theta": null, "rho": null, "magnetic_course": null, "route_distance_holding_distance_time": null, "distance_time": null, "altitude_description": "+", "altitude1": 7000.0, "altitude2": null, "transition_altitude": null, "speed_limit_description": null, "speed_limit": null, "vertical_angle": null, "center_waypoint": null, "center_waypoint_latitude": null, "center_waypoint_longitude": null, "aircraft_category": null}, "geometry": {"type": "MultiPoint", "coordinates": [[96.08733333, 21.05094444]]}}, {"type": "Feature", "properties": {"fid": 281, "area_code": "PAC", "airport_identifier": "VYMD", "procedure_identifier": "DOGI1S", "route_type": "5", "transition_identifier": "RW17", "seqno": 50, "waypoint_icao_code": "VY", "waypoint_identifier": "DOGIP", "waypoint_latitude": 20.73691667, "waypoint_longitude": 96.27461111, "waypoint_description_code": "E", "turn_direction": null, "rnp": null, "path_termination": "TF", "recommanded_navaid": null, "recommanded_navaid_latitude": null, "recommanded_navaid_longitude": null, "arc_radius": null, "theta": null, "rho": null, "magnetic_course": null, "route_distance_holding_distance_time": null, "distance_time": null, "altitude_description": "-", "altitude1": 14000.0, "altitude2": null, "transition_altitude": null, "speed_limit_description": null, "speed_limit": null, "vertical_angle": null, "center_waypoint": null, "center_waypoint_latitude": null, "center_waypoint_longitude": null, "aircraft_category": null}, "geometry": {"type": "MultiPoint", "coordinates": [[96.27461111, 20.73691667]]}}, {"type": "Feature", "properties": {"fid": 283, "area_code": "PAC", "airport_identifier": "VYSW", "procedure_identifier": "GOKE1C", "route_type": "5", "transition_identifier": "RW11", "seqno": 10, "waypoint_icao_code": "VY", "waypoint_identifier": "SW904", "waypoint_latitude": 20.11855556, "waypoint_longitude": 92.93275, "waypoint_description_code": "E", "turn_direction": null, "rnp": 1.0, "path_termination": "CF", "recommanded_navaid": null, "recommanded_navaid_latitude": null, "recommanded_navaid_longitude": null, "arc_radius": null, "theta": null, "rho": null, "magnetic_course": 105.0, "route_distance_holding_distance_time": 3.0, "distance_time": "D", "altitude_description": null, "altitude1": null, "altitude2": null, "transition_altitude": null, "speed_limit_description": null, "speed_limit": null, "vertical_angle": null, "center_waypoint": null, "center_waypoint_latitude": null, "center_waypoint_longitude": null, "aircraft_category": null}, "geometry": {"type": "MultiPoint", "coordinates": [[92.93275, 20.11855556]]}}, {"type": "Feature", "properties": {"fid": 284, "area_code": "PAC", "airport_identifier": "VYSW", "procedure_identifier": "GOKE1C", "route_type": "5", "transition_identifier": "RW11", "seqno": 20, "waypoint_icao_code": "VY", "waypoint_identifier": "SW915", "waypoint_latitude": 20.03055556, "waypoint_longitude": 93.21, "waypoint_description_code": "E", "turn_direction": null, "rnp": 1.0, "path_termination": "TF", "recommanded_navaid": null, "recommanded_navaid_latitude": null, "recommanded_navaid_longitude": null, "arc_radius": null, "theta": null, "rho": null, "magnetic_course": null, "route_distance_holding_distance_time": null, "distance_time": null, "altitude_description": null, "altitude1": null, "altitude2": null, "transition_altitude": null, "speed_limit_description": null, "speed_limit": null, "vertical_angle": null, "center_waypoint": null, "center_waypoint_latitude": null, "center_waypoint_longitude": null, "aircraft_category": null}, "geometry": {"type": "MultiPoint", "coordinates": [[93.21, 20.03055556]]}}, {"type": "Feature", "properties": {"fid": 285, "area_code": "PAC", "airport_identifier": "VYSW", "procedure_identifier": "GOKE1C", "route_type": "5", "transition_identifier": "RW11", "seqno": 30, "waypoint_icao_code": "VY", "waypoint_identifier": "SW916", "waypoint_latitude": 20.03766667, "waypoint_longitude": 93.34375, "waypoint_description_code": "E", "turn_direction": null, "rnp": 1.0, "path_termination": "TF", "recommanded_navaid": null, "recommanded_navaid_latitude": null, "recommanded_navaid_longitude": null, "arc_radius": null, "theta": null, "rho": null, "magnetic_course": null, "route_distance_holding_distance_time": null, "distance_time": null, "altitude_description": "-", "altitude1": 10000.0, "altitude2": null, "transition_altitude": null, "speed_limit_description": null, "speed_limit": null, "vertical_angle": null, "center_waypoint": null, "center_waypoint_latitude": null, "center_waypoint_longitude": null, "aircraft_category": null}, "geometry": {"type": "MultiPoint", "coordinates": [[93.34375, 20.03766667]]}}, {"type": "Feature", "properties": {"fid": 286, "area_code": "PAC", "airport_identifier": "VYSW", "procedure_identifier": "GOKE1C", "route_type": "5", "transition_identifier": "RW11", "seqno": 40, "waypoint_icao_code": "VY", "waypoint_identifier": "GOKET", "waypoint_latitude": 20.04508333, "waypoint_longitude": 93.48566667, "waypoint_description_code": "E", "turn_direction": null, "rnp": 1.0, "path_termination": "TF", "recommanded_navaid": null, "recommanded_navaid_latitude": null, "recommanded_navaid_longitude": null, "arc_radius": null, "theta": null, "rho": null, "magnetic_course": null, "route_distance_holding_distance_time": null, "distance_time": null, "altitude_description": null, "altitude1": null, "altitude2": null, "transition_altitude": null, "speed_limit_description": null, "speed_limit": null, "vertical_angle": null, "center_waypoint": null, "center_waypoint_latitude": null, "center_waypoint_longitude": null, "aircraft_category": null}, "geometry": {"type": "MultiPoint", "coordinates": [[93.48566667, 20.04508333]]}}, {"type": "Feature", "properties": {"fid": 288, "area_code": "PAC", "airport_identifier": "VYME", "procedure_identifier": "KIDU1E", "route_type": "5", "transition_identifier": "RW18", "seqno": 10, "waypoint_icao_code": "VY", "waypoint_identifier": "ME914", "waypoint_latitude": 12.26055, "waypoint_longitude": 98.61250556, "waypoint_description_code": "EY", "turn_direction": null, "rnp": 1.0, "path_termination": "CF", "recommanded_navaid": null, "recommanded_navaid_latitude": null, "recommanded_navaid_longitude": null, "arc_radius": null, "theta": null, "rho": null, "magnetic_course": 183.0, "route_distance_holding_distance_time": 10.0, "distance_time": "D", "altitude_description": null, "altitude1": null, "altitude2": null, "transition_altitude": null, "speed_limit_description": "-", "speed_limit": 230.0, "vertical_angle": null, "center_waypoint": null, "center_waypoint_latitude": null, "center_waypoint_longitude": null, "aircraft_category": null}, "geometry": {"type": "MultiPoint", "coordinates": [[98.61250556, 12.26055]]}}, {"type": "Feature", "properties": {"fid": 289, "area_code": "PAC", "airport_identifier": "VYME", "procedure_identifier": "KIDU1E", "route_type": "5", "transition_identifier": "RW18", "seqno": 20, "waypoint_icao_code": "VY", "waypoint_identifier": "ME915", "waypoint_latitude": 12.26041389, "waypoint_longitude": 98.43470556, "waypoint_description_code": "E", "turn_direction": "R", "rnp": 1.0, "path_termination": "DF", "recommanded_navaid": null, "recommanded_navaid_latitude": null, "recommanded_navaid_longitude": null, "arc_radius": null, "theta": null, "rho": null, "magnetic_course": null, "route_distance_holding_distance_time": null, "distance_time": null, "altitude_description": null, "altitude1": null, "altitude2": null, "transition_altitude": null, "speed_limit_description": "-", "speed_limit": 230.0, "vertical_angle": null, "center_waypoint": null, "center_waypoint_latitude": null, "center_waypoint_longitude": null, "aircraft_category": null}, "geometry": {"type": "MultiPoint", "coordinates": [[98.43470556, 12.26041389]]}}, {"type": "Feature", "properties": {"fid": 290, "area_code": "PAC", "airport_identifier": "VYME", "procedure_identifier": "KIDU1E", "route_type": "5", "transition_identifier": "RW18", "seqno": 30, "waypoint_icao_code": "VY", "waypoint_identifier": "ME905", "waypoint_latitude": 12.45527778, "waypoint_longitude": 98.43265833, "waypoint_description_code": "E", "turn_direction": null, "rnp": 1.0, "path_termination": "TF", "recommanded_navaid": null, "recommanded_navaid_latitude": null, "recommanded_navaid_longitude": null, "arc_radius": null, "theta": null, "rho": null, "magnetic_course": null, "route_distance_holding_distance_time": null, "distance_time": null, "altitude_description": "+", "altitude1": 7000.0, "altitude2": null, "transition_altitude": null, "speed_limit_description": null, "speed_limit": null, "vertical_angle": null, "center_waypoint": null, "center_waypoint_latitude": null, "center_waypoint_longitude": null, "aircraft_category": null}, "geometry": {"type": "MultiPoint", "coordinates": [[98.43265833, 12.45527778]]}}, {"type": "Feature", "properties": {"fid": 291, "area_code": "PAC", "airport_identifier": "VYME", "procedure_identifier": "KIDU1E", "route_type": "5", "transition_identifier": "RW18", "seqno": 40, "waypoint_icao_code": "VY", "waypoint_identifier": "ME906", "waypoint_latitude": 12.78136389, "waypoint_longitude": 98.42920278, "waypoint_description_code": "E", "turn_direction": null, "rnp": 1.0, "path_termination": "TF", "recommanded_navaid": null, "recommanded_navaid_latitude": null, "recommanded_navaid_longitude": null, "arc_radius": null, "theta": null, "rho": null, "magnetic_course": null, "route_distance_holding_distance_time": null, "distance_time": null, "altitude_description": "+", "altitude1": 12000.0, "altitude2": null, "transition_altitude": null, "speed_limit_description": null, "speed_limit": null, "vertical_angle": null, "center_waypoint": null, "center_waypoint_latitude": null, "center_waypoint_longitude": null, "aircraft_category": null}, "geometry": {"type": "MultiPoint", "coordinates": [[98.42920278, 12.78136389]]}}, {"type": "Feature", "properties": {"fid": 292, "area_code": "PAC", "airport_identifier": "VYME", "procedure_identifier": "KIDU1E", "route_type": "5", "transition_identifier": "RW18", "seqno": 50, "waypoint_icao_code": "VY", "waypoint_identifier": "KIDUN", "waypoint_latitude": 12.90530833, "waypoint_longitude": 98.42789444, "waypoint_description_code": "E", "turn_direction": null, "rnp": 1.0, "path_termination": "TF", "recommanded_navaid": null, "recommanded_navaid_latitude": null, "recommanded_navaid_longitude": null, "arc_radius": null, "theta": null, "rho": null, "magnetic_course": null, "route_distance_holding_distance_time": null, "distance_time": null, "altitude_description": null, "altitude1": null, "altitude2": null, "transition_altitude": null, "speed_limit_description": null, "speed_limit": null, "vertical_angle": null, "center_waypoint": null, "center_waypoint_latitude": null, "center_waypoint_longitude": null, "aircraft_category": null}, "geometry": {"type": "MultiPoint", "coordinates": [[98.42789444, 12.90530833]]}}, {"type": "Feature", "properties": {"fid": 294, "area_code": "PAC", "airport_identifier": "VYYY", "procedure_identifier": "VISA1B", "route_type": "5", "transition_identifier": "RW21", "seqno": 10, "waypoint_icao_code": null, "waypoint_identifier": null, "waypoint_latitude": null, "waypoint_longitude": null, "waypoint_description_code": null, "turn_direction": null, "rnp": null, "path_termination": "CA", "recommanded_navaid": null, "recommanded_navaid_latitude": null, "recommanded_navaid_longitude": null, "arc_radius": null, "theta": null, "rho": null, "magnetic_course": 214.0, "route_distance_holding_distance_time": null, "distance_time": null, "altitude_description": "+", "altitude1": 610.0, "altitude2": null, "transition_altitude": null, "speed_limit_description": null, "speed_limit": null, "vertical_angle": null, "center_waypoint": null, "center_waypoint_latitude": null, "center_waypoint_longitude": null, "aircraft_category": null}, "geometry": {"type": "MultiPoint", "coordinates": []}}, {"type": "Feature", "properties": {"fid": 295, "area_code": "PAC", "airport_identifier": "VYYY", "procedure_identifier": "VISA1B", "route_type": "5", "transition_identifier": "RW21", "seqno": 20, "waypoint_icao_code": "VY", "waypoint_identifier": "YY905", "waypoint_latitude": 16.71743889, "waypoint_longitude": 95.94608333, "waypoint_description_code": "E", "turn_direction": null, "rnp": null, "path_termination": "CF", "recommanded_navaid": null, "recommanded_navaid_latitude": null, "recommanded_navaid_longitude": null, "arc_radius": null, "theta": null, "rho": null, "magnetic_course": 225.0, "route_distance_holding_distance_time": 15.0, "distance_time": "D", "altitude_description": null, "altitude1": null, "altitude2": null, "transition_altitude": null, "speed_limit_description": "-", "speed_limit": 230.0, "vertical_angle": null, "center_waypoint": null, "center_waypoint_latitude": null, "center_waypoint_longitude": null, "aircraft_category": null}, "geometry": {"type": "MultiPoint", "coordinates": [[95.94608333, 16.71743889]]}}, {"type": "Feature", "properties": {"fid": 296, "area_code": "PAC", "airport_identifier": "VYYY", "procedure_identifier": "VISA1B", "route_type": "5", "transition_identifier": "RW21", "seqno": 30, "waypoint_icao_code": "VY", "waypoint_identifier": "YY907", "waypoint_latitude": 16.61441944, "waypoint_longitude": 96.09242778, "waypoint_description_code": "E", "turn_direction": "L", "rnp": null, "path_termination": "TF", "recommanded_navaid": null, "recommanded_navaid_latitude": null, "recommanded_navaid_longitude": null, "arc_radius": null, "theta": null, "rho": null, "magnetic_course": null, "route_distance_holding_distance_time": null, "distance_time": null, "altitude_description": null, "altitude1": null, "altitude2": null, "transition_altitude": null, "speed_limit_description": null, "speed_limit": null, "vertical_angle": null, "center_waypoint": null, "center_waypoint_latitude": null, "center_waypoint_longitude": null, "aircraft_category": null}, "geometry": {"type": "MultiPoint", "coordinates": [[96.09242778, 16.61441944]]}}, {"type": "Feature", "properties": {"fid": 297, "area_code": "PAC", "airport_identifier": "VYYY", "procedure_identifier": "VISA1B", "route_type": "5", "transition_identifier": "RW21", "seqno": 40, "waypoint_icao_code": "VY", "waypoint_identifier": "YY908", "waypoint_latitude": 16.79522778, "waypoint_longitude": 96.48135556, "waypoint_description_code": "E", "turn_direction": null, "rnp": null, "path_termination": "TF", "recommanded_navaid": null, "recommanded_navaid_latitude": null, "recommanded_navaid_longitude": null, "arc_radius": null, "theta": null, "rho": null, "magnetic_course": null, "route_distance_holding_distance_time": null, "distance_time": null, "altitude_description": "+", "altitude1": 14000.0, "altitude2": null, "transition_altitude": null, "speed_limit_description": null, "speed_limit": null, "vertical_angle": null, "center_waypoint": null, "center_waypoint_latitude": null, "center_waypoint_longitude": null, "aircraft_category": null}, "geometry": {"type": "MultiPoint", "coordinates": [[96.48135556, 16.79522778]]}}, {"type": "Feature", "properties": {"fid": 298, "area_code": "PAC", "airport_identifier": "VYYY", "procedure_identifier": "VISA1B", "route_type": "5", "transition_identifier": "RW21", "seqno": 50, "waypoint_icao_code": "VY", "waypoint_identifier": "YY909", "waypoint_latitude": 16.86963333, "waypoint_longitude": 96.641475, "waypoint_description_code": "E", "turn_direction": null, "rnp": null, "path_termination": "TF", "recommanded_navaid": null, "recommanded_navaid_latitude": null, "recommanded_navaid_longitude": null, "arc_radius": null, "theta": null, "rho": null, "magnetic_course": null, "route_distance_holding_distance_time": null, "distance_time": null, "altitude_description": "+", "altitude1": 17000.0, "altitude2": null, "transition_altitude": null, "speed_limit_description": null, "speed_limit": null, "vertical_angle": null, "center_waypoint": null, "center_waypoint_latitude": null, "center_waypoint_longitude": null, "aircraft_category": null}, "geometry": {"type": "MultiPoint", "coordinates": [[96.641475, 16.86963333]]}}, {"type": "Feature", "properties": {"fid": 299, "area_code": "PAC", "airport_identifier": "VYYY", "procedure_identifier": "VISA1B", "route_type": "5", "transition_identifier": "RW21", "seqno": 60, "waypoint_icao_code": "VY", "waypoint_identifier": "VISAM", "waypoint_latitude": 17.10499722, "waypoint_longitude": 97.15594444, "waypoint_description_code": "E", "turn_direction": null, "rnp": null, "path_termination": "TF", "recommanded_navaid": null, "recommanded_navaid_latitude": null, "recommanded_navaid_longitude": null, "arc_radius": null, "theta": null, "rho": null, "magnetic_course": null, "route_distance_holding_distance_time": null, "distance_time": null, "altitude_description": null, "altitude1": null, "altitude2": null, "transition_altitude": null, "speed_limit_description": null, "speed_limit": null, "vertical_angle": null, "center_waypoint": null, "center_waypoint_latitude": null, "center_waypoint_longitude": null, "aircraft_category": null}, "geometry": {"type": "MultiPoint", "coordinates": [[97.15594444, 17.10499722]]}}, {"type": "Feature", "properties": {"fid": 301, "area_code": "PAC", "airport_identifier": "VYYY", "procedure_identifier": "VISA1B", "route_type": "6", "transition_identifier": "BOMAS", "seqno": 10, "waypoint_icao_code": "VY", "waypoint_identifier": "VISAM", "waypoint_latitude": 17.10499722, "waypoint_longitude": 97.15594444, "waypoint_description_code": "E", "turn_direction": null, "rnp": null, "path_termination": "IF", "recommanded_navaid": null, "recommanded_navaid_latitude": null, "recommanded_navaid_longitude": null, "arc_radius": null, "theta": null, "rho": null, "magnetic_course": null, "route_distance_holding_distance_time": null, "distance_time": null, "altitude_description": null, "altitude1": null, "altitude2": null, "transition_altitude": null, "speed_limit_description": null, "speed_limit": null, "vertical_angle": null, "center_waypoint": null, "center_waypoint_latitude": null, "center_waypoint_longitude": null, "aircraft_category": null}, "geometry": {"type": "MultiPoint", "coordinates": [[97.15594444, 17.10499722]]}}, {"type": "Feature", "properties": {"fid": 302, "area_code": "PAC", "airport_identifier": "VYYY", "procedure_identifier": "VISA1B", "route_type": "6", "transition_identifier": "BOMAS", "seqno": 20, "waypoint_icao_code": "VY", "waypoint_identifier": "BOMAS", "waypoint_latitude": 17.38466667, "waypoint_longitude": 98.09697222, "waypoint_description_code": "E", "turn_direction": null, "rnp": null, "path_termination": "TF", "recommanded_navaid": null, "recommanded_navaid_latitude": null, "recommanded_navaid_longitude": null, "arc_radius": null, "theta": null, "rho": null, "magnetic_course": null, "route_distance_holding_distance_time": null, "distance_time": null, "altitude_description": null, "altitude1": null, "altitude2": null, "transition_altitude": null, "speed_limit_description": null, "speed_limit": null, "vertical_angle": null, "center_waypoint": null, "center_waypoint_latitude": null, "center_waypoint_longitude": null, "aircraft_category": null}, "geometry": {"type": "MultiPoint", "coordinates": [[98.09697222, 17.38466667]]}}, {"type": "Feature", "properties": {"fid": 304, "area_code": "PAC", "airport_identifier": "VYYY", "procedure_identifier": "VISA1B", "route_type": "6", "transition_identifier": "MAKAS", "seqno": 10, "waypoint_icao_code": "VY", "waypoint_identifier": "VISAM", "waypoint_latitude": 17.10499722, "waypoint_longitude": 97.15594444, "waypoint_description_code": "E", "turn_direction": null, "rnp": null, "path_termination": "IF", "recommanded_navaid": null, "recommanded_navaid_latitude": null, "recommanded_navaid_longitude": null, "arc_radius": null, "theta": null, "rho": null, "magnetic_course": null, "route_distance_holding_distance_time": null, "distance_time": null, "altitude_description": null, "altitude1": null, "altitude2": null, "transition_altitude": null, "speed_limit_description": null, "speed_limit": null, "vertical_angle": null, "center_waypoint": null, "center_waypoint_latitude": null, "center_waypoint_longitude": null, "aircraft_category": null}, "geometry": {"type": "MultiPoint", "coordinates": [[97.15594444, 17.10499722]]}}, {"type": "Feature", "properties": {"fid": 305, "area_code": "PAC", "airport_identifier": "VYYY", "procedure_identifier": "VISA1B", "route_type": "6", "transition_identifier": "MAKAS", "seqno": 20, "waypoint_icao_code": "VY", "waypoint_identifier": "MAKAS", "waypoint_latitude": 16.82972222, "waypoint_longitude": 98.49691667, "waypoint_description_code": "E", "turn_direction": null, "rnp": null, "path_termination": "TF", "recommanded_navaid": null, "recommanded_navaid_latitude": null, "recommanded_navaid_longitude": null, "arc_radius": null, "theta": null, "rho": null, "magnetic_course": null, "route_distance_holding_distance_time": null, "distance_time": null, "altitude_description": null, "altitude1": null, "altitude2": null, "transition_altitude": null, "speed_limit_description": null, "speed_limit": null, "vertical_angle": null, "center_waypoint": null, "center_waypoint_latitude": null, "center_waypoint_longitude": null, "aircraft_category": null}, "geometry": {"type": "MultiPoint", "coordinates": [[98.49691667, 16.82972222]]}}, {"type": "Feature", "properties": {"fid": 307, "area_code": "PAC", "airport_identifier": "VYTD", "procedure_identifier": "TOGE1A", "route_type": "5", "transition_identifier": "RW02", "seqno": 10, "waypoint_icao_code": "VY", "waypoint_identifier": "TD904", "waypoint_latitude": 18.56875278, "waypoint_longitude": 94.34150556, "waypoint_description_code": "E", "turn_direction": null, "rnp": 1.0, "path_termination": "CF", "recommanded_navaid": null, "recommanded_navaid_latitude": null, "recommanded_navaid_longitude": null, "arc_radius": null, "theta": null, "rho": null, "magnetic_course": 21.0, "route_distance_holding_distance_time": 6.0, "distance_time": "D", "altitude_description": null, "altitude1": null, "altitude2": null, "transition_altitude": null, "speed_limit_description": null, "speed_limit": null, "vertical_angle": null, "center_waypoint": null, "center_waypoint_latitude": null, "center_waypoint_longitude": null, "aircraft_category": null}, "geometry": {"type": "MultiPoint", "coordinates": [[94.34150556, 18.56875278]]}}, {"type": "Feature", "properties": {"fid": 308, "area_code": "PAC", "airport_identifier": "VYTD", "procedure_identifier": "TOGE1A", "route_type": "5", "transition_identifier": "RW02", "seqno": 20, "waypoint_icao_code": "VY", "waypoint_identifier": "TD907", "waypoint_latitude": 18.774625, "waypoint_longitude": 94.42128056, "waypoint_description_code": "E", "turn_direction": null, "rnp": 1.0, "path_termination": "TF", "recommanded_navaid": null, "recommanded_navaid_latitude": null, "recommanded_navaid_longitude": null, "arc_radius": null, "theta": null, "rho": null, "magnetic_course": null, "route_distance_holding_distance_time": null, "distance_time": null, "altitude_description": "-", "altitude1": 8000.0, "altitude2": null, "transition_altitude": null, "speed_limit_description": null, "speed_limit": null, "vertical_angle": null, "center_waypoint": null, "center_waypoint_latitude": null, "center_waypoint_longitude": null, "aircraft_category": null}, "geometry": {"type": "MultiPoint", "coordinates": [[94.42128056, 18.774625]]}}, {"type": "Feature", "properties": {"fid": 309, "area_code": "PAC", "airport_identifier": "VYTD", "procedure_identifier": "TOGE1A", "route_type": "5", "transition_identifier": "RW02", "seqno": 30, "waypoint_icao_code": "VY", "waypoint_identifier": "TOGER", "waypoint_latitude": 18.77997778, "waypoint_longitude": 94.81464167, "waypoint_description_code": "E", "turn_direction": null, "rnp": 1.0, "path_termination": "TF", "recommanded_navaid": null, "recommanded_navaid_latitude": null, "recommanded_navaid_longitude": null, "arc_radius": null, "theta": null, "rho": null, "magnetic_course": null, "route_distance_holding_distance_time": null, "distance_time": null, "altitude_description": "-", "altitude1": 10000.0, "altitude2": null, "transition_altitude": null, "speed_limit_description": null, "speed_limit": null, "vertical_angle": null, "center_waypoint": null, "center_waypoint_latitude": null, "center_waypoint_longitude": null, "aircraft_category": null}, "geometry": {"type": "MultiPoint", "coordinates": [[94.81464167, 18.77997778]]}}, {"type": "Feature", "properties": {"fid": 311, "area_code": "PAC", "airport_identifier": "VYSW", "procedure_identifier": "NOGI1C", "route_type": "5", "transition_identifier": "RW11", "seqno": 10, "waypoint_icao_code": "VY", "waypoint_identifier": "SW904", "waypoint_latitude": 20.11855556, "waypoint_longitude": 92.93275, "waypoint_description_code": "E", "turn_direction": null, "rnp": 1.0, "path_termination": "CF", "recommanded_navaid": null, "recommanded_navaid_latitude": null, "recommanded_navaid_longitude": null, "arc_radius": null, "theta": null, "rho": null, "magnetic_course": 105.0, "route_distance_holding_distance_time": 3.0, "distance_time": "D", "altitude_description": null, "altitude1": null, "altitude2": null, "transition_altitude": null, "speed_limit_description": null, "speed_limit": null, "vertical_angle": null, "center_waypoint": null, "center_waypoint_latitude": null, "center_waypoint_longitude": null, "aircraft_category": null}, "geometry": {"type": "MultiPoint", "coordinates": [[92.93275, 20.11855556]]}}, {"type": "Feature", "properties": {"fid": 312, "area_code": "PAC", "airport_identifier": "VYSW", "procedure_identifier": "NOGI1C", "route_type": "5", "transition_identifier": "RW11", "seqno": 20, "waypoint_icao_code": "VY", "waypoint_identifier": "SW915", "waypoint_latitude": 20.03055556, "waypoint_longitude": 93.21, "waypoint_description_code": "E", "turn_direction": null, "rnp": 1.0, "path_termination": "TF", "recommanded_navaid": null, "recommanded_navaid_latitude": null, "recommanded_navaid_longitude": null, "arc_radius": null, "theta": null, "rho": null, "magnetic_course": null, "route_distance_holding_distance_time": null, "distance_time": null, "altitude_description": null, "altitude1": null, "altitude2": null, "transition_altitude": null, "speed_limit_description": null, "speed_limit": null, "vertical_angle": null, "center_waypoint": null, "center_waypoint_latitude": null, "center_waypoint_longitude": null, "aircraft_category": null}, "geometry": {"type": "MultiPoint", "coordinates": [[93.21, 20.03055556]]}}, {"type": "Feature", "properties": {"fid": 313, "area_code": "PAC", "airport_identifier": "VYSW", "procedure_identifier": "NOGI1C", "route_type": "5", "transition_identifier": "RW11", "seqno": 30, "waypoint_icao_code": "VY", "waypoint_identifier": "NOGIN", "waypoint_latitude": 19.80513889, "waypoint_longitude": 93.31369444, "waypoint_description_code": "E", "turn_direction": null, "rnp": 1.0, "path_termination": "TF", "recommanded_navaid": null, "recommanded_navaid_latitude": null, "recommanded_navaid_longitude": null, "arc_radius": null, "theta": null, "rho": null, "magnetic_course": null, "route_distance_holding_distance_time": null, "distance_time": null, "altitude_description": null, "altitude1": null, "altitude2": null, "transition_altitude": null, "speed_limit_description": null, "speed_limit": null, "vertical_angle": null, "center_waypoint": null, "center_waypoint_latitude": null, "center_waypoint_longitude": null, "aircraft_category": null}, "geometry": {"type": "MultiPoint", "coordinates": [[93.31369444, 19.80513889]]}}, {"type": "Feature", "properties": {"fid": 315, "area_code": "PAC", "airport_identifier": "VYTD", "procedure_identifier": "BITA1A", "route_type": "5", "transition_identifier": "RW02", "seqno": 10, "waypoint_icao_code": "VY", "waypoint_identifier": "TD904", "waypoint_latitude": 18.56875278, "waypoint_longitude": 94.34150556, "waypoint_description_code": "E", "turn_direction": null, "rnp": 1.0, "path_termination": "CF", "recommanded_navaid": null, "recommanded_navaid_latitude": null, "recommanded_navaid_longitude": null, "arc_radius": null, "theta": null, "rho": null, "magnetic_course": 21.0, "route_distance_holding_distance_time": 6.0, "distance_time": "D", "altitude_description": null, "altitude1": null, "altitude2": null, "transition_altitude": null, "speed_limit_description": null, "speed_limit": null, "vertical_angle": null, "center_waypoint": null, "center_waypoint_latitude": null, "center_waypoint_longitude": null, "aircraft_category": null}, "geometry": {"type": "MultiPoint", "coordinates": [[94.34150556, 18.56875278]]}}, {"type": "Feature", "properties": {"fid": 316, "area_code": "PAC", "airport_identifier": "VYTD", "procedure_identifier": "BITA1A", "route_type": "5", "transition_identifier": "RW02", "seqno": 20, "waypoint_icao_code": "VY", "waypoint_identifier": "TD907", "waypoint_latitude": 18.774625, "waypoint_longitude": 94.42128056, "waypoint_description_code": "E", "turn_direction": null, "rnp": 1.0, "path_termination": "TF", "recommanded_navaid": null, "recommanded_navaid_latitude": null, "recommanded_navaid_longitude": null, "arc_radius": null, "theta": null, "rho": null, "magnetic_course": null, "route_distance_holding_distance_time": null, "distance_time": null, "altitude_description": "-", "altitude1": 8000.0, "altitude2": null, "transition_altitude": null, "speed_limit_description": null, "speed_limit": null, "vertical_angle": null, "center_waypoint": null, "center_waypoint_latitude": null, "center_waypoint_longitude": null, "aircraft_category": null}, "geometry": {"type": "MultiPoint", "coordinates": [[94.42128056, 18.774625]]}}, {"type": "Feature", "properties": {"fid": 317, "area_code": "PAC", "airport_identifier": "VYTD", "procedure_identifier": "BITA1A", "route_type": "5", "transition_identifier": "RW02", "seqno": 30, "waypoint_icao_code": "VY", "waypoint_identifier": "BITAL", "waypoint_latitude": 19.03343056, "waypoint_longitude": 94.42807778, "waypoint_description_code": "E", "turn_direction": null, "rnp": 1.0, "path_termination": "TF", "recommanded_navaid": null, "recommanded_navaid_latitude": null, "recommanded_navaid_longitude": null, "arc_radius": null, "theta": null, "rho": null, "magnetic_course": null, "route_distance_holding_distance_time": null, "distance_time": null, "altitude_description": "-", "altitude1": 10000.0, "altitude2": null, "transition_altitude": null, "speed_limit_description": null, "speed_limit": null, "vertical_angle": null, "center_waypoint": null, "center_waypoint_latitude": null, "center_waypoint_longitude": null, "aircraft_category": null}, "geometry": {"type": "MultiPoint", "coordinates": [[94.42807778, 19.03343056]]}}, {"type": "Feature", "properties": {"fid": 319, "area_code": "PAC", "airport_identifier": "VYTD", "procedure_identifier": "MUPI1A", "route_type": "5", "transition_identifier": "RW02", "seqno": 10, "waypoint_icao_code": "VY", "waypoint_identifier": "TD904", "waypoint_latitude": 18.56875278, "waypoint_longitude": 94.34150556, "waypoint_description_code": "E", "turn_direction": null, "rnp": 1.0, "path_termination": "CF", "recommanded_navaid": null, "recommanded_navaid_latitude": null, "recommanded_navaid_longitude": null, "arc_radius": null, "theta": null, "rho": null, "magnetic_course": 21.0, "route_distance_holding_distance_time": 6.0, "distance_time": "D", "altitude_description": null, "altitude1": null, "altitude2": null, "transition_altitude": null, "speed_limit_description": "-", "speed_limit": 230.0, "vertical_angle": null, "center_waypoint": null, "center_waypoint_latitude": null, "center_waypoint_longitude": null, "aircraft_category": null}, "geometry": {"type": "MultiPoint", "coordinates": [[94.34150556, 18.56875278]]}}, {"type": "Feature", "properties": {"fid": 320, "area_code": "PAC", "airport_identifier": "VYTD", "procedure_identifier": "MUPI1A", "route_type": "5", "transition_identifier": "RW02", "seqno": 20, "waypoint_icao_code": "VY", "waypoint_identifier": "TD905", "waypoint_latitude": 18.52823333, "waypoint_longitude": 94.456725, "waypoint_description_code": "E", "turn_direction": null, "rnp": 1.0, "path_termination": "TF", "recommanded_navaid": null, "recommanded_navaid_latitude": null, "recommanded_navaid_longitude": null, "arc_radius": null, "theta": null, "rho": null, "magnetic_course": null, "route_distance_holding_distance_time": null, "distance_time": null, "altitude_description": null, "altitude1": null, "altitude2": null, "transition_altitude": null, "speed_limit_description": null, "speed_limit": null, "vertical_angle": null, "center_waypoint": null, "center_waypoint_latitude": null, "center_waypoint_longitude": null, "aircraft_category": null}, "geometry": {"type": "MultiPoint", "coordinates": [[94.456725, 18.52823333]]}}, {"type": "Feature", "properties": {"fid": 321, "area_code": "PAC", "airport_identifier": "VYTD", "procedure_identifier": "MUPI1A", "route_type": "5", "transition_identifier": "RW02", "seqno": 30, "waypoint_icao_code": "VY", "waypoint_identifier": "TD906", "waypoint_latitude": 18.43521944, "waypoint_longitude": 94.55973056, "waypoint_description_code": "E", "turn_direction": null, "rnp": 1.0, "path_termination": "TF", "recommanded_navaid": null, "recommanded_navaid_latitude": null, "recommanded_navaid_longitude": null, "arc_radius": null, "theta": null, "rho": null, "magnetic_course": null, "route_distance_holding_distance_time": null, "distance_time": null, "altitude_description": "-", "altitude1": 5000.0, "altitude2": null, "transition_altitude": null, "speed_limit_description": null, "speed_limit": null, "vertical_angle": null, "center_waypoint": null, "center_waypoint_latitude": null, "center_waypoint_longitude": null, "aircraft_category": null}, "geometry": {"type": "MultiPoint", "coordinates": [[94.55973056, 18.43521944]]}}, {"type": "Feature", "properties": {"fid": 322, "area_code": "PAC", "airport_identifier": "VYTD", "procedure_identifier": "MUPI1A", "route_type": "5", "transition_identifier": "RW02", "seqno": 40, "waypoint_icao_code": "VY", "waypoint_identifier": "MUPIG", "waypoint_latitude": 18.18215556, "waypoint_longitude": 94.83915, "waypoint_description_code": "E", "turn_direction": null, "rnp": 1.0, "path_termination": "TF", "recommanded_navaid": null, "recommanded_navaid_latitude": null, "recommanded_navaid_longitude": null, "arc_radius": null, "theta": null, "rho": null, "magnetic_course": null, "route_distance_holding_distance_time": null, "distance_time": null, "altitude_description": "-", "altitude1": 10000.0, "altitude2": null, "transition_altitude": null, "speed_limit_description": null, "speed_limit": null, "vertical_angle": null, "center_waypoint": null, "center_waypoint_latitude": null, "center_waypoint_longitude": null, "aircraft_category": null}, "geometry": {"type": "MultiPoint", "coordinates": [[94.83915, 18.18215556]]}}, {"type": "Feature", "properties": {"fid": 324, "area_code": "PAC", "airport_identifier": "VYYY", "procedure_identifier": "MAPK1A", "route_type": "5", "transition_identifier": "RW03", "seqno": 10, "waypoint_icao_code": "VY", "waypoint_identifier": "YY919", "waypoint_latitude": 16.96575, "waypoint_longitude": 96.17302778, "waypoint_description_code": "EY", "turn_direction": null, "rnp": null, "path_termination": "DF", "recommanded_navaid": null, "recommanded_navaid_latitude": null, "recommanded_navaid_longitude": null, "arc_radius": null, "theta": null, "rho": null, "magnetic_course": null, "route_distance_holding_distance_time": null, "distance_time": null, "altitude_description": "+", "altitude1": 600.0, "altitude2": null, "transition_altitude": null, "speed_limit_description": null, "speed_limit": null, "vertical_angle": null, "center_waypoint": null, "center_waypoint_latitude": null, "center_waypoint_longitude": null, "aircraft_category": null}, "geometry": {"type": "MultiPoint", "coordinates": [[96.17302778, 16.96575]]}}, {"type": "Feature", "properties": {"fid": 325, "area_code": "PAC", "airport_identifier": "VYYY", "procedure_identifier": "MAPK1A", "route_type": "5", "transition_identifier": "RW03", "seqno": 20, "waypoint_icao_code": "VY", "waypoint_identifier": "YY921", "waypoint_latitude": 16.88055556, "waypoint_longitude": 96.82797222, "waypoint_description_code": "E", "turn_direction": null, "rnp": null, "path_termination": "TF", "recommanded_navaid": null, "recommanded_navaid_latitude": null, "recommanded_navaid_longitude": null, "arc_radius": null, "theta": null, "rho": null, "magnetic_course": null, "route_distance_holding_distance_time": null, "distance_time": null, "altitude_description": null, "altitude1": null, "altitude2": null, "transition_altitude": null, "speed_limit_description": null, "speed_limit": null, "vertical_angle": null, "center_waypoint": null, "center_waypoint_latitude": null, "center_waypoint_longitude": null, "aircraft_category": null}, "geometry": {"type": "MultiPoint", "coordinates": [[96.82797222, 16.88055556]]}}, {"type": "Feature", "properties": {"fid": 326, "area_code": "PAC", "airport_identifier": "VYYY", "procedure_identifier": "MAPK1A", "route_type": "5", "transition_identifier": "RW03", "seqno": 30, "waypoint_icao_code": "VY", "waypoint_identifier": "YY923", "waypoint_latitude": 16.80122222, "waypoint_longitude": 96.9045, "waypoint_description_code": "E", "turn_direction": null, "rnp": null, "path_termination": "TF", "recommanded_navaid": null, "recommanded_navaid_latitude": null, "recommanded_navaid_longitude": null, "arc_radius": null, "theta": null, "rho": null, "magnetic_course": null, "route_distance_holding_distance_time": null, "distance_time": null, "altitude_description": "-", "altitude1": 16000.0, "altitude2": null, "transition_altitude": null, "speed_limit_description": null, "speed_limit": null, "vertical_angle": null, "center_waypoint": null, "center_waypoint_latitude": null, "center_waypoint_longitude": null, "aircraft_category": null}, "geometry": {"type": "MultiPoint", "coordinates": [[96.9045, 16.80122222]]}}, {"type": "Feature", "properties": {"fid": 327, "area_code": "PAC", "airport_identifier": "VYYY", "procedure_identifier": "MAPK1A", "route_type": "5", "transition_identifier": "RW03", "seqno": 40, "waypoint_icao_code": "VY", "waypoint_identifier": "YY924", "waypoint_latitude": 16.56291667, "waypoint_longitude": 96.95836111, "waypoint_description_code": "E", "turn_direction": null, "rnp": null, "path_termination": "TF", "recommanded_navaid": null, "recommanded_navaid_latitude": null, "recommanded_navaid_longitude": null, "arc_radius": null, "theta": null, "rho": null, "magnetic_course": null, "route_distance_holding_distance_time": null, "distance_time": null, "altitude_description": "-", "altitude1": 18000.0, "altitude2": null, "transition_altitude": null, "speed_limit_description": null, "speed_limit": null, "vertical_angle": null, "center_waypoint": null, "center_waypoint_latitude": null, "center_waypoint_longitude": null, "aircraft_category": null}, "geometry": {"type": "MultiPoint", "coordinates": [[96.95836111, 16.56291667]]}}, {"type": "Feature", "properties": {"fid": 328, "area_code": "PAC", "airport_identifier": "VYYY", "procedure_identifier": "MAPK1A", "route_type": "5", "transition_identifier": "RW03", "seqno": 50, "waypoint_icao_code": "VY", "waypoint_identifier": "MAPKO", "waypoint_latitude": 16.35775, "waypoint_longitude": 97.00491667, "waypoint_description_code": "E", "turn_direction": null, "rnp": null, "path_termination": "TF", "recommanded_navaid": null, "recommanded_navaid_latitude": null, "recommanded_navaid_longitude": null, "arc_radius": null, "theta": null, "rho": null, "magnetic_course": null, "route_distance_holding_distance_time": null, "distance_time": null, "altitude_description": "-", "altitude1": 20000.0, "altitude2": null, "transition_altitude": null, "speed_limit_description": null, "speed_limit": null, "vertical_angle": null, "center_waypoint": null, "center_waypoint_latitude": null, "center_waypoint_longitude": null, "aircraft_category": null}, "geometry": {"type": "MultiPoint", "coordinates": [[97.00491667, 16.35775]]}}, {"type": "Feature", "properties": {"fid": 329, "area_code": "PAC", "airport_identifier": "VYYY", "procedure_identifier": "MAPK1A", "route_type": "5", "transition_identifier": "RW03", "seqno": 60, "waypoint_icao_code": "VY", "waypoint_identifier": "POXEM", "waypoint_latitude": 15.44308333, "waypoint_longitude": 97.49638889, "waypoint_description_code": "E", "turn_direction": null, "rnp": null, "path_termination": "TF", "recommanded_navaid": null, "recommanded_navaid_latitude": null, "recommanded_navaid_longitude": null, "arc_radius": null, "theta": null, "rho": null, "magnetic_course": null, "route_distance_holding_distance_time": null, "distance_time": null, "altitude_description": null, "altitude1": null, "altitude2": null, "transition_altitude": null, "speed_limit_description": null, "speed_limit": null, "vertical_angle": null, "center_waypoint": null, "center_waypoint_latitude": null, "center_waypoint_longitude": null, "aircraft_category": null}, "geometry": {"type": "MultiPoint", "coordinates": [[97.49638889, 15.44308333]]}}, {"type": "Feature", "properties": {"fid": 331, "area_code": "PAC", "airport_identifier": "VYMD", "procedure_identifier": "IBON1S", "route_type": "5", "transition_identifier": "RW17", "seqno": 10, "waypoint_icao_code": "VY", "waypoint_identifier": "MDS04", "waypoint_latitude": 21.59658333, "waypoint_longitude": 95.99594444, "waypoint_description_code": "E", "turn_direction": null, "rnp": null, "path_termination": "CF", "recommanded_navaid": null, "recommanded_navaid_latitude": null, "recommanded_navaid_longitude": null, "arc_radius": null, "theta": null, "rho": null, "magnetic_course": 171.0, "route_distance_holding_distance_time": 5.2, "distance_time": "D", "altitude_description": null, "altitude1": null, "altitude2": null, "transition_altitude": null, "speed_limit_description": null, "speed_limit": null, "vertical_angle": null, "center_waypoint": null, "center_waypoint_latitude": null, "center_waypoint_longitude": null, "aircraft_category": null}, "geometry": {"type": "MultiPoint", "coordinates": [[95.99594444, 21.59658333]]}}, {"type": "Feature", "properties": {"fid": 332, "area_code": "PAC", "airport_identifier": "VYMD", "procedure_identifier": "IBON1S", "route_type": "5", "transition_identifier": "RW17", "seqno": 20, "waypoint_icao_code": "VY", "waypoint_identifier": "MDS10", "waypoint_latitude": 21.56455556, "waypoint_longitude": 95.82041667, "waypoint_description_code": "E", "turn_direction": null, "rnp": null, "path_termination": "TF", "recommanded_navaid": null, "recommanded_navaid_latitude": null, "recommanded_navaid_longitude": null, "arc_radius": null, "theta": null, "rho": null, "magnetic_course": null, "route_distance_holding_distance_time": null, "distance_time": null, "altitude_description": "+", "altitude1": 5400.0, "altitude2": null, "transition_altitude": null, "speed_limit_description": "-", "speed_limit": 205.0, "vertical_angle": null, "center_waypoint": null, "center_waypoint_latitude": null, "center_waypoint_longitude": null, "aircraft_category": null}, "geometry": {"type": "MultiPoint", "coordinates": [[95.82041667, 21.56455556]]}}, {"type": "Feature", "properties": {"fid": 333, "area_code": "PAC", "airport_identifier": "VYMD", "procedure_identifier": "IBON1S", "route_type": "5", "transition_identifier": "RW17", "seqno": 30, "waypoint_icao_code": "VY", "waypoint_identifier": "MDN07", "waypoint_latitude": 21.72875, "waypoint_longitude": 95.78625, "waypoint_description_code": "E", "turn_direction": null, "rnp": null, "path_termination": "TF", "recommanded_navaid": null, "recommanded_navaid_latitude": null, "recommanded_navaid_longitude": null, "arc_radius": null, "theta": null, "rho": null, "magnetic_course": null, "route_distance_holding_distance_time": null, "distance_time": null, "altitude_description": "+", "altitude1": 9000.0, "altitude2": null, "transition_altitude": null, "speed_limit_description": null, "speed_limit": null, "vertical_angle": null, "center_waypoint": null, "center_waypoint_latitude": null, "center_waypoint_longitude": null, "aircraft_category": null}, "geometry": {"type": "MultiPoint", "coordinates": [[95.78625, 21.72875]]}}, {"type": "Feature", "properties": {"fid": 334, "area_code": "PAC", "airport_identifier": "VYMD", "procedure_identifier": "IBON1S", "route_type": "5", "transition_identifier": "RW17", "seqno": 40, "waypoint_icao_code": "VY", "waypoint_identifier": "MDN02", "waypoint_latitude": 21.96552778, "waypoint_longitude": 95.92802778, "waypoint_description_code": "E", "turn_direction": null, "rnp": null, "path_termination": "TF", "recommanded_navaid": null, "recommanded_navaid_latitude": null, "recommanded_navaid_longitude": null, "arc_radius": null, "theta": null, "rho": null, "magnetic_course": null, "route_distance_holding_distance_time": null, "distance_time": null, "altitude_description": "+", "altitude1": 12000.0, "altitude2": null, "transition_altitude": null, "speed_limit_description": null, "speed_limit": null, "vertical_angle": null, "center_waypoint": null, "center_waypoint_latitude": null, "center_waypoint_longitude": null, "aircraft_category": null}, "geometry": {"type": "MultiPoint", "coordinates": [[95.92802778, 21.96552778]]}}, {"type": "Feature", "properties": {"fid": 335, "area_code": "PAC", "airport_identifier": "VYMD", "procedure_identifier": "IBON1S", "route_type": "5", "transition_identifier": "RW17", "seqno": 50, "waypoint_icao_code": "VY", "waypoint_identifier": "MDN13", "waypoint_latitude": 22.33633333, "waypoint_longitude": 96.52383333, "waypoint_description_code": "E", "turn_direction": null, "rnp": null, "path_termination": "TF", "recommanded_navaid": null, "recommanded_navaid_latitude": null, "recommanded_navaid_longitude": null, "arc_radius": null, "theta": null, "rho": null, "magnetic_course": null, "route_distance_holding_distance_time": null, "distance_time": null, "altitude_description": null, "altitude1": null, "altitude2": null, "transition_altitude": null, "speed_limit_description": null, "speed_limit": null, "vertical_angle": null, "center_waypoint": null, "center_waypoint_latitude": null, "center_waypoint_longitude": null, "aircraft_category": null}, "geometry": {"type": "MultiPoint", "coordinates": [[96.52383333, 22.33633333]]}}, {"type": "Feature", "properties": {"fid": 336, "area_code": "PAC", "airport_identifier": "VYMD", "procedure_identifier": "IBON1S", "route_type": "5", "transition_identifier": "RW17", "seqno": 60, "waypoint_icao_code": "VY", "waypoint_identifier": "IBONA", "waypoint_latitude": 22.35138889, "waypoint_longitude": 96.8, "waypoint_description_code": "E", "turn_direction": null, "rnp": null, "path_termination": "TF", "recommanded_navaid": null, "recommanded_navaid_latitude": null, "recommanded_navaid_longitude": null, "arc_radius": null, "theta": null, "rho": null, "magnetic_course": null, "route_distance_holding_distance_time": null, "distance_time": null, "altitude_description": "+", "altitude1": 25000.0, "altitude2": null, "transition_altitude": null, "speed_limit_description": null, "speed_limit": null, "vertical_angle": null, "center_waypoint": null, "center_waypoint_latitude": null, "center_waypoint_longitude": null, "aircraft_category": null}, "geometry": {"type": "MultiPoint", "coordinates": [[96.8, 22.35138889]]}}, {"type": "Feature", "properties": {"fid": 338, "area_code": "PAC", "airport_identifier": "VYYY", "procedure_identifier": "DOLB1B", "route_type": "5", "transition_identifier": "RW21", "seqno": 10, "waypoint_icao_code": null, "waypoint_identifier": null, "waypoint_latitude": null, "waypoint_longitude": null, "waypoint_description_code": null, "turn_direction": null, "rnp": null, "path_termination": "CA", "recommanded_navaid": null, "recommanded_navaid_latitude": null, "recommanded_navaid_longitude": null, "arc_radius": null, "theta": null, "rho": null, "magnetic_course": 214.0, "route_distance_holding_distance_time": null, "distance_time": null, "altitude_description": "+", "altitude1": 610.0, "altitude2": null, "transition_altitude": null, "speed_limit_description": null, "speed_limit": null, "vertical_angle": null, "center_waypoint": null, "center_waypoint_latitude": null, "center_waypoint_longitude": null, "aircraft_category": null}, "geometry": {"type": "MultiPoint", "coordinates": []}}, {"type": "Feature", "properties": {"fid": 339, "area_code": "PAC", "airport_identifier": "VYYY", "procedure_identifier": "DOLB1B", "route_type": "5", "transition_identifier": "RW21", "seqno": 20, "waypoint_icao_code": "VY", "waypoint_identifier": "YY906", "waypoint_latitude": 16.77761667, "waypoint_longitude": 96.00631389, "waypoint_description_code": "EY", "turn_direction": null, "rnp": null, "path_termination": "CF", "recommanded_navaid": null, "recommanded_navaid_latitude": null, "recommanded_navaid_longitude": null, "arc_radius": null, "theta": null, "rho": null, "magnetic_course": 225.0, "route_distance_holding_distance_time": 10.0, "distance_time": "D", "altitude_description": null, "altitude1": null, "altitude2": null, "transition_altitude": null, "speed_limit_description": "-", "speed_limit": 230.0, "vertical_angle": null, "center_waypoint": null, "center_waypoint_latitude": null, "center_waypoint_longitude": null, "aircraft_category": null}, "geometry": {"type": "MultiPoint", "coordinates": [[96.00631389, 16.77761667]]}}, {"type": "Feature", "properties": {"fid": 340, "area_code": "PAC", "airport_identifier": "VYYY", "procedure_identifier": "DOLB1B", "route_type": "5", "transition_identifier": "RW21", "seqno": 30, "waypoint_icao_code": "VY", "waypoint_identifier": "YY910", "waypoint_latitude": 16.91172222, "waypoint_longitude": 95.95852778, "waypoint_description_code": "E", "turn_direction": "R", "rnp": null, "path_termination": "DF", "recommanded_navaid": null, "recommanded_navaid_latitude": null, "recommanded_navaid_longitude": null, "arc_radius": null, "theta": null, "rho": null, "magnetic_course": null, "route_distance_holding_distance_time": null, "distance_time": null, "altitude_description": null, "altitude1": null, "altitude2": null, "transition_altitude": null, "speed_limit_description": "-", "speed_limit": 230.0, "vertical_angle": null, "center_waypoint": null, "center_waypoint_latitude": null, "center_waypoint_longitude": null, "aircraft_category": null}, "geometry": {"type": "MultiPoint", "coordinates": [[95.95852778, 16.91172222]]}}, {"type": "Feature", "properties": {"fid": 341, "area_code": "PAC", "airport_identifier": "VYYY", "procedure_identifier": "DOLB1B", "route_type": "5", "transition_identifier": "RW21", "seqno": 40, "waypoint_icao_code": "VY", "waypoint_identifier": "GONAS", "waypoint_latitude": 17.16733333, "waypoint_longitude": 96.19222222, "waypoint_description_code": "E", "turn_direction": null, "rnp": null, "path_termination": "TF", "recommanded_navaid": null, "recommanded_navaid_latitude": null, "recommanded_navaid_longitude": null, "arc_radius": null, "theta": null, "rho": null, "magnetic_course": null, "route_distance_holding_distance_time": null, "distance_time": null, "altitude_description": null, "altitude1": null, "altitude2": null, "transition_altitude": null, "speed_limit_description": null, "speed_limit": null, "vertical_angle": null, "center_waypoint": null, "center_waypoint_latitude": null, "center_waypoint_longitude": null, "aircraft_category": null}, "geometry": {"type": "MultiPoint", "coordinates": [[96.19222222, 17.16733333]]}}, {"type": "Feature", "properties": {"fid": 342, "area_code": "PAC", "airport_identifier": "VYYY", "procedure_identifier": "DOLB1B", "route_type": "5", "transition_identifier": "RW21", "seqno": 50, "waypoint_icao_code": "VY", "waypoint_identifier": "YY912", "waypoint_latitude": 17.54455556, "waypoint_longitude": 96.51319722, "waypoint_description_code": "E", "turn_direction": null, "rnp": null, "path_termination": "TF", "recommanded_navaid": null, "recommanded_navaid_latitude": null, "recommanded_navaid_longitude": null, "arc_radius": null, "theta": null, "rho": null, "magnetic_course": null, "route_distance_holding_distance_time": null, "distance_time": null, "altitude_description": "+", "altitude1": 13000.0, "altitude2": null, "transition_altitude": null, "speed_limit_description": null, "speed_limit": null, "vertical_angle": null, "center_waypoint": null, "center_waypoint_latitude": null, "center_waypoint_longitude": null, "aircraft_category": null}, "geometry": {"type": "MultiPoint", "coordinates": [[96.51319722, 17.54455556]]}}, {"type": "Feature", "properties": {"fid": 343, "area_code": "PAC", "airport_identifier": "VYYY", "procedure_identifier": "DOLB1B", "route_type": "5", "transition_identifier": "RW21", "seqno": 60, "waypoint_icao_code": "VY", "waypoint_identifier": "DOLBI", "waypoint_latitude": 17.752275, "waypoint_longitude": 96.69679444, "waypoint_description_code": "E", "turn_direction": null, "rnp": null, "path_termination": "TF", "recommanded_navaid": null, "recommanded_navaid_latitude": null, "recommanded_navaid_longitude": null, "arc_radius": null, "theta": null, "rho": null, "magnetic_course": null, "route_distance_holding_distance_time": null, "distance_time": null, "altitude_description": null, "altitude1": null, "altitude2": null, "transition_altitude": null, "speed_limit_description": null, "speed_limit": null, "vertical_angle": null, "center_waypoint": null, "center_waypoint_latitude": null, "center_waypoint_longitude": null, "aircraft_category": null}, "geometry": {"type": "MultiPoint", "coordinates": [[96.69679444, 17.752275]]}}, {"type": "Feature", "properties": {"fid": 345, "area_code": "PAC", "airport_identifier": "VYYY", "procedure_identifier": "DOLB1B", "route_type": "6", "transition_identifier": "HHO", "seqno": 10, "waypoint_icao_code": "VY", "waypoint_identifier": "DOLBI", "waypoint_latitude": 17.752275, "waypoint_longitude": 96.69679444, "waypoint_description_code": "E", "turn_direction": null, "rnp": null, "path_termination": "IF", "recommanded_navaid": null, "recommanded_navaid_latitude": null, "recommanded_navaid_longitude": null, "arc_radius": null, "theta": null, "rho": null, "magnetic_course": null, "route_distance_holding_distance_time": null, "distance_time": null, "altitude_description": null, "altitude1": null, "altitude2": null, "transition_altitude": null, "speed_limit_description": null, "speed_limit": null, "vertical_angle": null, "center_waypoint": null, "center_waypoint_latitude": null, "center_waypoint_longitude": null, "aircraft_category": null}, "geometry": {"type": "MultiPoint", "coordinates": [[96.69679444, 17.752275]]}}, {"type": "Feature", "properties": {"fid": 346, "area_code": "PAC", "airport_identifier": "VYYY", "procedure_identifier": "DOLB1B", "route_type": "6", "transition_identifier": "HHO", "seqno": 20, "waypoint_icao_code": "VY", "waypoint_identifier": "HHO", "waypoint_latitude": 20.74802778, "waypoint_longitude": 96.78992778, "waypoint_description_code": "E", "turn_direction": null, "rnp": null, "path_termination": "TF", "recommanded_navaid": null, "recommanded_navaid_latitude": null, "recommanded_navaid_longitude": null, "arc_radius": null, "theta": null, "rho": null, "magnetic_course": null, "route_distance_holding_distance_time": null, "distance_time": null, "altitude_description": null, "altitude1": null, "altitude2": null, "transition_altitude": null, "speed_limit_description": null, "speed_limit": null, "vertical_angle": null, "center_waypoint": null, "center_waypoint_latitude": null, "center_waypoint_longitude": null, "aircraft_category": null}, "geometry": {"type": "MultiPoint", "coordinates": [[96.78992778, 20.74802778]]}}, {"type": "Feature", "properties": {"fid": 348, "area_code": "PAC", "airport_identifier": "VYYY", "procedure_identifier": "DOLB1B", "route_type": "6", "transition_identifier": "LK", "seqno": 10, "waypoint_icao_code": "VY", "waypoint_identifier": "DOLBI", "waypoint_latitude": 17.752275, "waypoint_longitude": 96.69679444, "waypoint_description_code": "E", "turn_direction": null, "rnp": null, "path_termination": "IF", "recommanded_navaid": null, "recommanded_navaid_latitude": null, "recommanded_navaid_longitude": null, "arc_radius": null, "theta": null, "rho": null, "magnetic_course": null, "route_distance_holding_distance_time": null, "distance_time": null, "altitude_description": null, "altitude1": null, "altitude2": null, "transition_altitude": null, "speed_limit_description": null, "speed_limit": null, "vertical_angle": null, "center_waypoint": null, "center_waypoint_latitude": null, "center_waypoint_longitude": null, "aircraft_category": null}, "geometry": {"type": "MultiPoint", "coordinates": [[96.69679444, 17.752275]]}}, {"type": "Feature", "properties": {"fid": 349, "area_code": "PAC", "airport_identifier": "VYYY", "procedure_identifier": "DOLB1B", "route_type": "6", "transition_identifier": "LK", "seqno": 20, "waypoint_icao_code": "VY", "waypoint_identifier": "LK", "waypoint_latitude": 19.69045556, "waypoint_longitude": 97.213275, "waypoint_description_code": "E", "turn_direction": null, "rnp": null, "path_termination": "TF", "recommanded_navaid": null, "recommanded_navaid_latitude": null, "recommanded_navaid_longitude": null, "arc_radius": null, "theta": null, "rho": null, "magnetic_course": null, "route_distance_holding_distance_time": null, "distance_time": null, "altitude_description": null, "altitude1": null, "altitude2": null, "transition_altitude": null, "speed_limit_description": null, "speed_limit": null, "vertical_angle": null, "center_waypoint": null, "center_waypoint_latitude": null, "center_waypoint_longitude": null, "aircraft_category": null}, "geometry": {"type": "MultiPoint", "coordinates": [[97.213275, 19.69045556]]}}, {"type": "Feature", "properties": {"fid": 351, "area_code": "PAC", "airport_identifier": "VYYY", "procedure_identifier": "DOLB1B", "route_type": "6", "transition_identifier": "LSO", "seqno": 10, "waypoint_icao_code": "VY", "waypoint_identifier": "DOLBI", "waypoint_latitude": 17.752275, "waypoint_longitude": 96.69679444, "waypoint_description_code": "E", "turn_direction": null, "rnp": null, "path_termination": "IF", "recommanded_navaid": null, "recommanded_navaid_latitude": null, "recommanded_navaid_longitude": null, "arc_radius": null, "theta": null, "rho": null, "magnetic_course": null, "route_distance_holding_distance_time": null, "distance_time": null, "altitude_description": null, "altitude1": null, "altitude2": null, "transition_altitude": null, "speed_limit_description": null, "speed_limit": null, "vertical_angle": null, "center_waypoint": null, "center_waypoint_latitude": null, "center_waypoint_longitude": null, "aircraft_category": null}, "geometry": {"type": "MultiPoint", "coordinates": [[96.69679444, 17.752275]]}}, {"type": "Feature", "properties": {"fid": 352, "area_code": "PAC", "airport_identifier": "VYYY", "procedure_identifier": "DOLB1B", "route_type": "6", "transition_identifier": "LSO", "seqno": 20, "waypoint_icao_code": "VY", "waypoint_identifier": "LSO", "waypoint_latitude": 22.98096389, "waypoint_longitude": 97.75421944, "waypoint_description_code": "E", "turn_direction": null, "rnp": null, "path_termination": "TF", "recommanded_navaid": null, "recommanded_navaid_latitude": null, "recommanded_navaid_longitude": null, "arc_radius": null, "theta": null, "rho": null, "magnetic_course": null, "route_distance_holding_distance_time": null, "distance_time": null, "altitude_description": null, "altitude1": null, "altitude2": null, "transition_altitude": null, "speed_limit_description": null, "speed_limit": null, "vertical_angle": null, "center_waypoint": null, "center_waypoint_latitude": null, "center_waypoint_longitude": null, "aircraft_category": null}, "geometry": {"type": "MultiPoint", "coordinates": [[97.75421944, 22.98096389]]}}, {"type": "Feature", "properties": {"fid": 354, "area_code": "PAC", "airport_identifier": "VYTD", "procedure_identifier": "MELE1A", "route_type": "5", "transition_identifier": "RW02", "seqno": 10, "waypoint_icao_code": "VY", "waypoint_identifier": "TD904", "waypoint_latitude": 18.56875278, "waypoint_longitude": 94.34150556, "waypoint_description_code": "E", "turn_direction": null, "rnp": 1.0, "path_termination": "CF", "recommanded_navaid": null, "recommanded_navaid_latitude": null, "recommanded_navaid_longitude": null, "arc_radius": null, "theta": null, "rho": null, "magnetic_course": 21.0, "route_distance_holding_distance_time": 6.0, "distance_time": "D", "altitude_description": null, "altitude1": null, "altitude2": null, "transition_altitude": null, "speed_limit_description": null, "speed_limit": null, "vertical_angle": null, "center_waypoint": null, "center_waypoint_latitude": null, "center_waypoint_longitude": null, "aircraft_category": null}, "geometry": {"type": "MultiPoint", "coordinates": [[94.34150556, 18.56875278]]}}, {"type": "Feature", "properties": {"fid": 355, "area_code": "PAC", "airport_identifier": "VYTD", "procedure_identifier": "MELE1A", "route_type": "5", "transition_identifier": "RW02", "seqno": 20, "waypoint_icao_code": "VY", "waypoint_identifier": "TD907", "waypoint_latitude": 18.774625, "waypoint_longitude": 94.42128056, "waypoint_description_code": "E", "turn_direction": null, "rnp": 1.0, "path_termination": "TF", "recommanded_navaid": null, "recommanded_navaid_latitude": null, "recommanded_navaid_longitude": null, "arc_radius": null, "theta": null, "rho": null, "magnetic_course": null, "route_distance_holding_distance_time": null, "distance_time": null, "altitude_description": "-", "altitude1": 8000.0, "altitude2": null, "transition_altitude": null, "speed_limit_description": null, "speed_limit": null, "vertical_angle": null, "center_waypoint": null, "center_waypoint_latitude": null, "center_waypoint_longitude": null, "aircraft_category": null}, "geometry": {"type": "MultiPoint", "coordinates": [[94.42128056, 18.774625]]}}, {"type": "Feature", "properties": {"fid": 356, "area_code": "PAC", "airport_identifier": "VYTD", "procedure_identifier": "MELE1A", "route_type": "5", "transition_identifier": "RW02", "seqno": 30, "waypoint_icao_code": "VY", "waypoint_identifier": "MELET", "waypoint_latitude": 18.98886389, "waypoint_longitude": 94.56524167, "waypoint_description_code": "E", "turn_direction": null, "rnp": 1.0, "path_termination": "TF", "recommanded_navaid": null, "recommanded_navaid_latitude": null, "recommanded_navaid_longitude": null, "arc_radius": null, "theta": null, "rho": null, "magnetic_course": null, "route_distance_holding_distance_time": null, "distance_time": null, "altitude_description": "-", "altitude1": 10000.0, "altitude2": null, "transition_altitude": null, "speed_limit_description": null, "speed_limit": null, "vertical_angle": null, "center_waypoint": null, "center_waypoint_latitude": null, "center_waypoint_longitude": null, "aircraft_category": null}, "geometry": {"type": "MultiPoint", "coordinates": [[94.56524167, 18.98886389]]}}, {"type": "Feature", "properties": {"fid": 358, "area_code": "PAC", "airport_identifier": "VYME", "procedure_identifier": "KIDU1A", "route_type": "5", "transition_identifier": "RW18", "seqno": 10, "waypoint_icao_code": "VY", "waypoint_identifier": "ME902", "waypoint_latitude": 12.34416389, "waypoint_longitude": 98.61651111, "waypoint_description_code": "EY", "turn_direction": null, "rnp": 1.0, "path_termination": "CF", "recommanded_navaid": null, "recommanded_navaid_latitude": null, "recommanded_navaid_longitude": null, "arc_radius": null, "theta": null, "rho": null, "magnetic_course": 183.0, "route_distance_holding_distance_time": 5.0, "distance_time": "D", "altitude_description": null, "altitude1": null, "altitude2": null, "transition_altitude": null, "speed_limit_description": null, "speed_limit": null, "vertical_angle": null, "center_waypoint": null, "center_waypoint_latitude": null, "center_waypoint_longitude": null, "aircraft_category": null}, "geometry": {"type": "MultiPoint", "coordinates": [[98.61651111, 12.34416389]]}}, {"type": "Feature", "properties": {"fid": 359, "area_code": "PAC", "airport_identifier": "VYME", "procedure_identifier": "KIDU1A", "route_type": "5", "transition_identifier": "RW18", "seqno": 20, "waypoint_icao_code": "VY", "waypoint_identifier": "ME905", "waypoint_latitude": 12.45527778, "waypoint_longitude": 98.43265833, "waypoint_description_code": "E", "turn_direction": "R", "rnp": 1.0, "path_termination": "DF", "recommanded_navaid": null, "recommanded_navaid_latitude": null, "recommanded_navaid_longitude": null, "arc_radius": null, "theta": null, "rho": null, "magnetic_course": null, "route_distance_holding_distance_time": null, "distance_time": null, "altitude_description": "+", "altitude1": 7000.0, "altitude2": null, "transition_altitude": null, "speed_limit_description": null, "speed_limit": null, "vertical_angle": null, "center_waypoint": null, "center_waypoint_latitude": null, "center_waypoint_longitude": null, "aircraft_category": null}, "geometry": {"type": "MultiPoint", "coordinates": [[98.43265833, 12.45527778]]}}, {"type": "Feature", "properties": {"fid": 360, "area_code": "PAC", "airport_identifier": "VYME", "procedure_identifier": "KIDU1A", "route_type": "5", "transition_identifier": "RW18", "seqno": 30, "waypoint_icao_code": "VY", "waypoint_identifier": "ME906", "waypoint_latitude": 12.78136389, "waypoint_longitude": 98.42920278, "waypoint_description_code": "E", "turn_direction": null, "rnp": 1.0, "path_termination": "TF", "recommanded_navaid": null, "recommanded_navaid_latitude": null, "recommanded_navaid_longitude": null, "arc_radius": null, "theta": null, "rho": null, "magnetic_course": null, "route_distance_holding_distance_time": null, "distance_time": null, "altitude_description": "+", "altitude1": 12000.0, "altitude2": null, "transition_altitude": null, "speed_limit_description": null, "speed_limit": null, "vertical_angle": null, "center_waypoint": null, "center_waypoint_latitude": null, "center_waypoint_longitude": null, "aircraft_category": null}, "geometry": {"type": "MultiPoint", "coordinates": [[98.42920278, 12.78136389]]}}, {"type": "Feature", "properties": {"fid": 361, "area_code": "PAC", "airport_identifier": "VYME", "procedure_identifier": "KIDU1A", "route_type": "5", "transition_identifier": "RW18", "seqno": 40, "waypoint_icao_code": "VY", "waypoint_identifier": "KIDUN", "waypoint_latitude": 12.90530833, "waypoint_longitude": 98.42789444, "waypoint_description_code": "E", "turn_direction": null, "rnp": 1.0, "path_termination": "TF", "recommanded_navaid": null, "recommanded_navaid_latitude": null, "recommanded_navaid_longitude": null, "arc_radius": null, "theta": null, "rho": null, "magnetic_course": null, "route_distance_holding_distance_time": null, "distance_time": null, "altitude_description": null, "altitude1": null, "altitude2": null, "transition_altitude": null, "speed_limit_description": null, "speed_limit": null, "vertical_angle": null, "center_waypoint": null, "center_waypoint_latitude": null, "center_waypoint_longitude": null, "aircraft_category": null}, "geometry": {"type": "MultiPoint", "coordinates": [[98.42789444, 12.90530833]]}}, {"type": "Feature", "properties": {"fid": 363, "area_code": "PAC", "airport_identifier": "VYYY", "procedure_identifier": "BAGO1A", "route_type": "5", "transition_identifier": "RW03", "seqno": 10, "waypoint_icao_code": "VY", "waypoint_identifier": "HLEGU", "waypoint_latitude": 17.08030556, "waypoint_longitude": 96.251, "waypoint_description_code": "E", "turn_direction": null, "rnp": null, "path_termination": "CF", "recommanded_navaid": null, "recommanded_navaid_latitude": null, "recommanded_navaid_longitude": null, "arc_radius": null, "theta": null, "rho": null, "magnetic_course": 34.0, "route_distance_holding_distance_time": 11.2, "distance_time": "D", "altitude_description": null, "altitude1": null, "altitude2": null, "transition_altitude": null, "speed_limit_description": null, "speed_limit": null, "vertical_angle": null, "center_waypoint": null, "center_waypoint_latitude": null, "center_waypoint_longitude": null, "aircraft_category": null}, "geometry": {"type": "MultiPoint", "coordinates": [[96.251, 17.08030556]]}}, {"type": "Feature", "properties": {"fid": 364, "area_code": "PAC", "airport_identifier": "VYYY", "procedure_identifier": "BAGO1A", "route_type": "5", "transition_identifier": "RW03", "seqno": 20, "waypoint_icao_code": "VY", "waypoint_identifier": "BAGOO", "waypoint_latitude": 17.3185, "waypoint_longitude": 96.51986111, "waypoint_description_code": "E", "turn_direction": null, "rnp": null, "path_termination": "TF", "recommanded_navaid": null, "recommanded_navaid_latitude": null, "recommanded_navaid_longitude": null, "arc_radius": null, "theta": null, "rho": null, "magnetic_course": null, "route_distance_holding_distance_time": null, "distance_time": null, "altitude_description": null, "altitude1": null, "altitude2": null, "transition_altitude": null, "speed_limit_description": null, "speed_limit": null, "vertical_angle": null, "center_waypoint": null, "center_waypoint_latitude": null, "center_waypoint_longitude": null, "aircraft_category": null}, "geometry": {"type": "MultiPoint", "coordinates": [[96.51986111, 17.3185]]}}, {"type": "Feature", "properties": {"fid": 366, "area_code": "PAC", "airport_identifier": "VYMD", "procedure_identifier": "IBON1N", "route_type": "5", "transition_identifier": "RW35", "seqno": 10, "waypoint_icao_code": "VY", "waypoint_identifier": "MDN02", "waypoint_latitude": 21.96552778, "waypoint_longitude": 95.92802778, "waypoint_description_code": "E", "turn_direction": null, "rnp": null, "path_termination": "CF", "recommanded_navaid": null, "recommanded_navaid_latitude": null, "recommanded_navaid_longitude": null, "arc_radius": null, "theta": null, "rho": null, "magnetic_course": 351.0, "route_distance_holding_distance_time": 14.9, "distance_time": "D", "altitude_description": "+", "altitude1": 5500.0, "altitude2": null, "transition_altitude": null, "speed_limit_description": "-", "speed_limit": 205.0, "vertical_angle": null, "center_waypoint": null, "center_waypoint_latitude": null, "center_waypoint_longitude": null, "aircraft_category": null}, "geometry": {"type": "MultiPoint", "coordinates": [[95.92802778, 21.96552778]]}}, {"type": "Feature", "properties": {"fid": 367, "area_code": "PAC", "airport_identifier": "VYMD", "procedure_identifier": "IBON1N", "route_type": "5", "transition_identifier": "RW35", "seqno": 20, "waypoint_icao_code": "VY", "waypoint_identifier": "MDN13", "waypoint_latitude": 22.33633333, "waypoint_longitude": 96.52383333, "waypoint_description_code": "E", "turn_direction": null, "rnp": null, "path_termination": "TF", "recommanded_navaid": null, "recommanded_navaid_latitude": null, "recommanded_navaid_longitude": null, "arc_radius": null, "theta": null, "rho": null, "magnetic_course": null, "route_distance_holding_distance_time": null, "distance_time": null, "altitude_description": null, "altitude1": null, "altitude2": null, "transition_altitude": null, "speed_limit_description": null, "speed_limit": null, "vertical_angle": null, "center_waypoint": null, "center_waypoint_latitude": null, "center_waypoint_longitude": null, "aircraft_category": null}, "geometry": {"type": "MultiPoint", "coordinates": [[96.52383333, 22.33633333]]}}, {"type": "Feature", "properties": {"fid": 368, "area_code": "PAC", "airport_identifier": "VYMD", "procedure_identifier": "IBON1N", "route_type": "5", "transition_identifier": "RW35", "seqno": 30, "waypoint_icao_code": "VY", "waypoint_identifier": "IBONA", "waypoint_latitude": 22.35138889, "waypoint_longitude": 96.8, "waypoint_description_code": "E", "turn_direction": null, "rnp": null, "path_termination": "TF", "recommanded_navaid": null, "recommanded_navaid_latitude": null, "recommanded_navaid_longitude": null, "arc_radius": null, "theta": null, "rho": null, "magnetic_course": null, "route_distance_holding_distance_time": null, "distance_time": null, "altitude_description": "+", "altitude1": 25000.0, "altitude2": null, "transition_altitude": null, "speed_limit_description": null, "speed_limit": null, "vertical_angle": null, "center_waypoint": null, "center_waypoint_latitude": null, "center_waypoint_longitude": null, "aircraft_category": null}, "geometry": {"type": "MultiPoint", "coordinates": [[96.8, 22.35138889]]}}]}