{"type": "FeatureCollection", "name": "star_waypoint", "crs": {"type": "name", "properties": {"name": "urn:ogc:def:crs:OGC:1.3:CRS84"}}, "features": [{"type": "Feature", "properties": {"fid": 370, "area_code": "PAC", "airport_identifier": "VYYY", "procedure_identifier": "ENSI1B", "route_type": "4", "transition_identifier": "BETNO", "seqno": 10, "waypoint_icao_code": "VY", "waypoint_identifier": "BETNO", "waypoint_latitude": 15.09819444, "waypoint_longitude": 98.20866667, "waypoint_description_code": "E", "turn_direction": null, "rnp": null, "path_termination": "IF", "recommanded_navaid": null, "recommanded_navaid_latitude": null, "recommanded_navaid_longitude": null, "arc_radius": null, "theta": null, "rho": null, "magnetic_course": null, "route_distance_holding_distance_time": null, "distance_time": null, "altitude_description": null, "altitude1": null, "altitude2": null, "transition_altitude": null, "speed_limit_description": null, "speed_limit": null, "vertical_angle": null, "center_waypoint": null, "center_waypoint_latitude": null, "center_waypoint_longitude": null, "aircraft_category": null}, "geometry": {"type": "MultiPoint", "coordinates": [[98.20866667, 15.09819444]]}}, {"type": "Feature", "properties": {"fid": 371, "area_code": "PAC", "airport_identifier": "VYYY", "procedure_identifier": "ENSI1B", "route_type": "4", "transition_identifier": "BETNO", "seqno": 20, "waypoint_icao_code": "VY", "waypoint_identifier": "ENSIT", "waypoint_latitude": 16.37297778, "waypoint_longitude": 97.01456667, "waypoint_description_code": "E", "turn_direction": null, "rnp": null, "path_termination": "TF", "recommanded_navaid": null, "recommanded_navaid_latitude": null, "recommanded_navaid_longitude": null, "arc_radius": null, "theta": null, "rho": null, "magnetic_course": null, "route_distance_holding_distance_time": null, "distance_time": null, "altitude_description": "+", "altitude1": 12000.0, "altitude2": null, "transition_altitude": null, "speed_limit_description": "-", "speed_limit": 230.0, "vertical_angle": null, "center_waypoint": null, "center_waypoint_latitude": null, "center_waypoint_longitude": null, "aircraft_category": null}, "geometry": {"type": "MultiPoint", "coordinates": [[97.01456667, 16.37297778]]}}, {"type": "Feature", "properties": {"fid": 373, "area_code": "PAC", "airport_identifier": "VYYY", "procedure_identifier": "ENSI1B", "route_type": "4", "transition_identifier": "DWI", "seqno": 10, "waypoint_icao_code": "VY", "waypoint_identifier": "DWI", "waypoint_latitude": 14.10056111, "waypoint_longitude": 98.20680278, "waypoint_description_code": "E", "turn_direction": null, "rnp": null, "path_termination": "IF", "recommanded_navaid": null, "recommanded_navaid_latitude": null, "recommanded_navaid_longitude": null, "arc_radius": null, "theta": null, "rho": null, "magnetic_course": null, "route_distance_holding_distance_time": null, "distance_time": null, "altitude_description": null, "altitude1": null, "altitude2": null, "transition_altitude": null, "speed_limit_description": null, "speed_limit": null, "vertical_angle": null, "center_waypoint": null, "center_waypoint_latitude": null, "center_waypoint_longitude": null, "aircraft_category": null}, "geometry": {"type": "MultiPoint", "coordinates": [[98.20680278, 14.10056111]]}}, {"type": "Feature", "properties": {"fid": 374, "area_code": "PAC", "airport_identifier": "VYYY", "procedure_identifier": "ENSI1B", "route_type": "4", "transition_identifier": "DWI", "seqno": 20, "waypoint_icao_code": "VY", "waypoint_identifier": "ENSIT", "waypoint_latitude": 16.37297778, "waypoint_longitude": 97.01456667, "waypoint_description_code": "E", "turn_direction": null, "rnp": null, "path_termination": "TF", "recommanded_navaid": null, "recommanded_navaid_latitude": null, "recommanded_navaid_longitude": null, "arc_radius": null, "theta": null, "rho": null, "magnetic_course": null, "route_distance_holding_distance_time": null, "distance_time": null, "altitude_description": "+", "altitude1": 12000.0, "altitude2": null, "transition_altitude": null, "speed_limit_description": "-", "speed_limit": 230.0, "vertical_angle": null, "center_waypoint": null, "center_waypoint_latitude": null, "center_waypoint_longitude": null, "aircraft_category": null}, "geometry": {"type": "MultiPoint", "coordinates": [[97.01456667, 16.37297778]]}}, {"type": "Feature", "properties": {"fid": 376, "area_code": "PAC", "airport_identifier": "VYYY", "procedure_identifier": "ENSI1B", "route_type": "4", "transition_identifier": "KT", "seqno": 10, "waypoint_icao_code": "VY", "waypoint_identifier": "KT", "waypoint_latitude": 10.05000833, "waypoint_longitude": 98.54006944, "waypoint_description_code": "E", "turn_direction": null, "rnp": null, "path_termination": "IF", "recommanded_navaid": null, "recommanded_navaid_latitude": null, "recommanded_navaid_longitude": null, "arc_radius": null, "theta": null, "rho": null, "magnetic_course": null, "route_distance_holding_distance_time": null, "distance_time": null, "altitude_description": null, "altitude1": null, "altitude2": null, "transition_altitude": null, "speed_limit_description": null, "speed_limit": null, "vertical_angle": null, "center_waypoint": null, "center_waypoint_latitude": null, "center_waypoint_longitude": null, "aircraft_category": null}, "geometry": {"type": "MultiPoint", "coordinates": [[98.54006944, 10.05000833]]}}, {"type": "Feature", "properties": {"fid": 377, "area_code": "PAC", "airport_identifier": "VYYY", "procedure_identifier": "ENSI1B", "route_type": "4", "transition_identifier": "KT", "seqno": 20, "waypoint_icao_code": "VY", "waypoint_identifier": "ENSIT", "waypoint_latitude": 16.37297778, "waypoint_longitude": 97.01456667, "waypoint_description_code": "E", "turn_direction": null, "rnp": null, "path_termination": "TF", "recommanded_navaid": null, "recommanded_navaid_latitude": null, "recommanded_navaid_longitude": null, "arc_radius": null, "theta": null, "rho": null, "magnetic_course": null, "route_distance_holding_distance_time": null, "distance_time": null, "altitude_description": "+", "altitude1": 12000.0, "altitude2": null, "transition_altitude": null, "speed_limit_description": "-", "speed_limit": 230.0, "vertical_angle": null, "center_waypoint": null, "center_waypoint_latitude": null, "center_waypoint_longitude": null, "aircraft_category": null}, "geometry": {"type": "MultiPoint", "coordinates": [[97.01456667, 16.37297778]]}}, {"type": "Feature", "properties": {"fid": 379, "area_code": "PAC", "airport_identifier": "VYYY", "procedure_identifier": "ENSI1B", "route_type": "4", "transition_identifier": "LUDVI", "seqno": 10, "waypoint_icao_code": "VY", "waypoint_identifier": "LUDVI", "waypoint_latitude": 15.48034167, "waypoint_longitude": 98.59166667, "waypoint_description_code": "E", "turn_direction": null, "rnp": null, "path_termination": "IF", "recommanded_navaid": null, "recommanded_navaid_latitude": null, "recommanded_navaid_longitude": null, "arc_radius": null, "theta": null, "rho": null, "magnetic_course": null, "route_distance_holding_distance_time": null, "distance_time": null, "altitude_description": null, "altitude1": null, "altitude2": null, "transition_altitude": null, "speed_limit_description": null, "speed_limit": null, "vertical_angle": null, "center_waypoint": null, "center_waypoint_latitude": null, "center_waypoint_longitude": null, "aircraft_category": null}, "geometry": {"type": "MultiPoint", "coordinates": [[98.59166667, 15.48034167]]}}, {"type": "Feature", "properties": {"fid": 380, "area_code": "PAC", "airport_identifier": "VYYY", "procedure_identifier": "ENSI1B", "route_type": "4", "transition_identifier": "LUDVI", "seqno": 20, "waypoint_icao_code": "VY", "waypoint_identifier": "ENSIT", "waypoint_latitude": 16.37297778, "waypoint_longitude": 97.01456667, "waypoint_description_code": "E", "turn_direction": null, "rnp": null, "path_termination": "TF", "recommanded_navaid": null, "recommanded_navaid_latitude": null, "recommanded_navaid_longitude": null, "arc_radius": null, "theta": null, "rho": null, "magnetic_course": null, "route_distance_holding_distance_time": null, "distance_time": null, "altitude_description": "+", "altitude1": 12000.0, "altitude2": null, "transition_altitude": null, "speed_limit_description": "-", "speed_limit": 230.0, "vertical_angle": null, "center_waypoint": null, "center_waypoint_latitude": null, "center_waypoint_longitude": null, "aircraft_category": null}, "geometry": {"type": "MultiPoint", "coordinates": [[97.01456667, 16.37297778]]}}, {"type": "Feature", "properties": {"fid": 382, "area_code": "PAC", "airport_identifier": "VYYY", "procedure_identifier": "ENSI1B", "route_type": "4", "transition_identifier": "ME", "seqno": 10, "waypoint_icao_code": "VY", "waypoint_identifier": "ME", "waypoint_latitude": 12.45006667, "waypoint_longitude": 98.61968611, "waypoint_description_code": "E", "turn_direction": null, "rnp": null, "path_termination": "IF", "recommanded_navaid": null, "recommanded_navaid_latitude": null, "recommanded_navaid_longitude": null, "arc_radius": null, "theta": null, "rho": null, "magnetic_course": null, "route_distance_holding_distance_time": null, "distance_time": null, "altitude_description": null, "altitude1": null, "altitude2": null, "transition_altitude": null, "speed_limit_description": null, "speed_limit": null, "vertical_angle": null, "center_waypoint": null, "center_waypoint_latitude": null, "center_waypoint_longitude": null, "aircraft_category": null}, "geometry": {"type": "MultiPoint", "coordinates": [[98.61968611, 12.45006667]]}}, {"type": "Feature", "properties": {"fid": 383, "area_code": "PAC", "airport_identifier": "VYYY", "procedure_identifier": "ENSI1B", "route_type": "4", "transition_identifier": "ME", "seqno": 20, "waypoint_icao_code": "VY", "waypoint_identifier": "ENSIT", "waypoint_latitude": 16.37297778, "waypoint_longitude": 97.01456667, "waypoint_description_code": "E", "turn_direction": null, "rnp": null, "path_termination": "TF", "recommanded_navaid": null, "recommanded_navaid_latitude": null, "recommanded_navaid_longitude": null, "arc_radius": null, "theta": null, "rho": null, "magnetic_course": null, "route_distance_holding_distance_time": null, "distance_time": null, "altitude_description": "+", "altitude1": 12000.0, "altitude2": null, "transition_altitude": null, "speed_limit_description": "-", "speed_limit": 230.0, "vertical_angle": null, "center_waypoint": null, "center_waypoint_latitude": null, "center_waypoint_longitude": null, "aircraft_category": null}, "geometry": {"type": "MultiPoint", "coordinates": [[97.01456667, 16.37297778]]}}, {"type": "Feature", "properties": {"fid": 385, "area_code": "PAC", "airport_identifier": "VYYY", "procedure_identifier": "ENSI1B", "route_type": "4", "transition_identifier": "MM", "seqno": 10, "waypoint_icao_code": "VY", "waypoint_identifier": "MM", "waypoint_latitude": 16.44331944, "waypoint_longitude": 97.65773056, "waypoint_description_code": "E", "turn_direction": null, "rnp": null, "path_termination": "IF", "recommanded_navaid": null, "recommanded_navaid_latitude": null, "recommanded_navaid_longitude": null, "arc_radius": null, "theta": null, "rho": null, "magnetic_course": null, "route_distance_holding_distance_time": null, "distance_time": null, "altitude_description": null, "altitude1": null, "altitude2": null, "transition_altitude": null, "speed_limit_description": null, "speed_limit": null, "vertical_angle": null, "center_waypoint": null, "center_waypoint_latitude": null, "center_waypoint_longitude": null, "aircraft_category": null}, "geometry": {"type": "MultiPoint", "coordinates": [[97.65773056, 16.44331944]]}}, {"type": "Feature", "properties": {"fid": 386, "area_code": "PAC", "airport_identifier": "VYYY", "procedure_identifier": "ENSI1B", "route_type": "4", "transition_identifier": "MM", "seqno": 20, "waypoint_icao_code": "VY", "waypoint_identifier": "ENSIT", "waypoint_latitude": 16.37297778, "waypoint_longitude": 97.01456667, "waypoint_description_code": "E", "turn_direction": null, "rnp": null, "path_termination": "TF", "recommanded_navaid": null, "recommanded_navaid_latitude": null, "recommanded_navaid_longitude": null, "arc_radius": null, "theta": null, "rho": null, "magnetic_course": null, "route_distance_holding_distance_time": null, "distance_time": null, "altitude_description": "+", "altitude1": 12000.0, "altitude2": null, "transition_altitude": null, "speed_limit_description": "-", "speed_limit": 230.0, "vertical_angle": null, "center_waypoint": null, "center_waypoint_latitude": null, "center_waypoint_longitude": null, "aircraft_category": null}, "geometry": {"type": "MultiPoint", "coordinates": [[97.01456667, 16.37297778]]}}, {"type": "Feature", "properties": {"fid": 388, "area_code": "PAC", "airport_identifier": "VYYY", "procedure_identifier": "ENSI1B", "route_type": "4", "transition_identifier": "POXEM", "seqno": 10, "waypoint_icao_code": "VY", "waypoint_identifier": "POXEM", "waypoint_latitude": 15.44308333, "waypoint_longitude": 97.49638889, "waypoint_description_code": "E", "turn_direction": null, "rnp": null, "path_termination": "IF", "recommanded_navaid": null, "recommanded_navaid_latitude": null, "recommanded_navaid_longitude": null, "arc_radius": null, "theta": null, "rho": null, "magnetic_course": null, "route_distance_holding_distance_time": null, "distance_time": null, "altitude_description": null, "altitude1": null, "altitude2": null, "transition_altitude": null, "speed_limit_description": null, "speed_limit": null, "vertical_angle": null, "center_waypoint": null, "center_waypoint_latitude": null, "center_waypoint_longitude": null, "aircraft_category": null}, "geometry": {"type": "MultiPoint", "coordinates": [[97.49638889, 15.44308333]]}}, {"type": "Feature", "properties": {"fid": 389, "area_code": "PAC", "airport_identifier": "VYYY", "procedure_identifier": "ENSI1B", "route_type": "4", "transition_identifier": "POXEM", "seqno": 20, "waypoint_icao_code": "VY", "waypoint_identifier": "ENSIT", "waypoint_latitude": 16.37297778, "waypoint_longitude": 97.01456667, "waypoint_description_code": "E", "turn_direction": null, "rnp": null, "path_termination": "TF", "recommanded_navaid": null, "recommanded_navaid_latitude": null, "recommanded_navaid_longitude": null, "arc_radius": null, "theta": null, "rho": null, "magnetic_course": null, "route_distance_holding_distance_time": null, "distance_time": null, "altitude_description": "+", "altitude1": 12000.0, "altitude2": null, "transition_altitude": null, "speed_limit_description": "-", "speed_limit": 230.0, "vertical_angle": null, "center_waypoint": null, "center_waypoint_latitude": null, "center_waypoint_longitude": null, "aircraft_category": null}, "geometry": {"type": "MultiPoint", "coordinates": [[97.01456667, 16.37297778]]}}, {"type": "Feature", "properties": {"fid": 391, "area_code": "PAC", "airport_identifier": "VYYY", "procedure_identifier": "ENSI1B", "route_type": "5", "transition_identifier": "RW21", "seqno": 10, "waypoint_icao_code": "VY", "waypoint_identifier": "ENSIT", "waypoint_latitude": 16.37297778, "waypoint_longitude": 97.01456667, "waypoint_description_code": "E", "turn_direction": null, "rnp": null, "path_termination": "IF", "recommanded_navaid": null, "recommanded_navaid_latitude": null, "recommanded_navaid_longitude": null, "arc_radius": null, "theta": null, "rho": null, "magnetic_course": null, "route_distance_holding_distance_time": null, "distance_time": null, "altitude_description": "+", "altitude1": 12000.0, "altitude2": null, "transition_altitude": null, "speed_limit_description": "-", "speed_limit": 230.0, "vertical_angle": null, "center_waypoint": null, "center_waypoint_latitude": null, "center_waypoint_longitude": null, "aircraft_category": null}, "geometry": {"type": "MultiPoint", "coordinates": [[97.01456667, 16.37297778]]}}, {"type": "Feature", "properties": {"fid": 392, "area_code": "PAC", "airport_identifier": "VYYY", "procedure_identifier": "ENSI1B", "route_type": "5", "transition_identifier": "RW21", "seqno": 20, "waypoint_icao_code": "VY", "waypoint_identifier": "YY916", "waypoint_latitude": 16.75056667, "waypoint_longitude": 96.62710278, "waypoint_description_code": "E", "turn_direction": null, "rnp": null, "path_termination": "TF", "recommanded_navaid": null, "recommanded_navaid_latitude": null, "recommanded_navaid_longitude": null, "arc_radius": null, "theta": null, "rho": null, "magnetic_course": null, "route_distance_holding_distance_time": null, "distance_time": null, "altitude_description": "-", "altitude1": 11000.0, "altitude2": null, "transition_altitude": null, "speed_limit_description": null, "speed_limit": null, "vertical_angle": null, "center_waypoint": null, "center_waypoint_latitude": null, "center_waypoint_longitude": null, "aircraft_category": null}, "geometry": {"type": "MultiPoint", "coordinates": [[96.62710278, 16.75056667]]}}, {"type": "Feature", "properties": {"fid": 393, "area_code": "PAC", "airport_identifier": "VYYY", "procedure_identifier": "ENSI1B", "route_type": "5", "transition_identifier": "RW21", "seqno": 30, "waypoint_icao_code": "VY", "waypoint_identifier": "DANSO", "waypoint_latitude": 17.02355556, "waypoint_longitude": 96.34541667, "waypoint_description_code": "E", "turn_direction": null, "rnp": null, "path_termination": "TF", "recommanded_navaid": null, "recommanded_navaid_latitude": null, "recommanded_navaid_longitude": null, "arc_radius": null, "theta": null, "rho": null, "magnetic_course": null, "route_distance_holding_distance_time": null, "distance_time": null, "altitude_description": "+", "altitude1": 4000.0, "altitude2": null, "transition_altitude": null, "speed_limit_description": "-", "speed_limit": 230.0, "vertical_angle": null, "center_waypoint": null, "center_waypoint_latitude": null, "center_waypoint_longitude": null, "aircraft_category": null}, "geometry": {"type": "MultiPoint", "coordinates": [[96.34541667, 17.02355556]]}}, {"type": "Feature", "properties": {"fid": 395, "area_code": "PAC", "airport_identifier": "VYME", "procedure_identifier": "MELO1D", "route_type": "5", "transition_identifier": "RW36", "seqno": 10, "waypoint_icao_code": "VY", "waypoint_identifier": "MELOL", "waypoint_latitude": 12.92845, "waypoint_longitude": 98.50092222, "waypoint_description_code": "E", "turn_direction": null, "rnp": 1.0, "path_termination": "IF", "recommanded_navaid": null, "recommanded_navaid_latitude": null, "recommanded_navaid_longitude": null, "arc_radius": null, "theta": null, "rho": null, "magnetic_course": null, "route_distance_holding_distance_time": null, "distance_time": null, "altitude_description": null, "altitude1": null, "altitude2": null, "transition_altitude": null, "speed_limit_description": null, "speed_limit": null, "vertical_angle": null, "center_waypoint": null, "center_waypoint_latitude": null, "center_waypoint_longitude": null, "aircraft_category": null}, "geometry": {"type": "MultiPoint", "coordinates": [[98.50092222, 12.92845]]}}, {"type": "Feature", "properties": {"fid": 396, "area_code": "PAC", "airport_identifier": "VYME", "procedure_identifier": "MELO1D", "route_type": "5", "transition_identifier": "RW36", "seqno": 20, "waypoint_icao_code": "VY", "waypoint_identifier": "ME910", "waypoint_latitude": 12.79687222, "waypoint_longitude": 98.44478611, "waypoint_description_code": "E", "turn_direction": null, "rnp": 1.0, "path_termination": "TF", "recommanded_navaid": null, "recommanded_navaid_latitude": null, "recommanded_navaid_longitude": null, "arc_radius": null, "theta": null, "rho": null, "magnetic_course": null, "route_distance_holding_distance_time": null, "distance_time": null, "altitude_description": "+", "altitude1": 12000.0, "altitude2": null, "transition_altitude": null, "speed_limit_description": null, "speed_limit": null, "vertical_angle": null, "center_waypoint": null, "center_waypoint_latitude": null, "center_waypoint_longitude": null, "aircraft_category": null}, "geometry": {"type": "MultiPoint", "coordinates": [[98.44478611, 12.79687222]]}}, {"type": "Feature", "properties": {"fid": 397, "area_code": "PAC", "airport_identifier": "VYME", "procedure_identifier": "MELO1D", "route_type": "5", "transition_identifier": "RW36", "seqno": 30, "waypoint_icao_code": "VY", "waypoint_identifier": "VIMUM", "waypoint_latitude": 12.26305278, "waypoint_longitude": 98.52741944, "waypoint_description_code": "E", "turn_direction": null, "rnp": 1.0, "path_termination": "TF", "recommanded_navaid": null, "recommanded_navaid_latitude": null, "recommanded_navaid_longitude": null, "arc_radius": null, "theta": null, "rho": null, "magnetic_course": null, "route_distance_holding_distance_time": null, "distance_time": null, "altitude_description": "+", "altitude1": 4000.0, "altitude2": null, "transition_altitude": null, "speed_limit_description": "-", "speed_limit": 210.0, "vertical_angle": null, "center_waypoint": null, "center_waypoint_latitude": null, "center_waypoint_longitude": null, "aircraft_category": null}, "geometry": {"type": "MultiPoint", "coordinates": [[98.52741944, 12.26305278]]}}, {"type": "Feature", "properties": {"fid": 399, "area_code": "PAC", "airport_identifier": "VYMD", "procedure_identifier": "DOGI1E", "route_type": "5", "transition_identifier": "RW17", "seqno": 10, "waypoint_icao_code": "VY", "waypoint_identifier": "DOGIP", "waypoint_latitude": 20.73691667, "waypoint_longitude": 96.27461111, "waypoint_description_code": "E", "turn_direction": null, "rnp": null, "path_termination": "IF", "recommanded_navaid": null, "recommanded_navaid_latitude": null, "recommanded_navaid_longitude": null, "arc_radius": null, "theta": null, "rho": null, "magnetic_course": null, "route_distance_holding_distance_time": null, "distance_time": null, "altitude_description": "+", "altitude1": 16000.0, "altitude2": null, "transition_altitude": null, "speed_limit_description": "-", "speed_limit": 230.0, "vertical_angle": null, "center_waypoint": null, "center_waypoint_latitude": null, "center_waypoint_longitude": null, "aircraft_category": null}, "geometry": {"type": "MultiPoint", "coordinates": [[96.27461111, 20.73691667]]}}, {"type": "Feature", "properties": {"fid": 400, "area_code": "PAC", "airport_identifier": "VYMD", "procedure_identifier": "DOGI1E", "route_type": "5", "transition_identifier": "RW17", "seqno": 20, "waypoint_icao_code": "VY", "waypoint_identifier": "SITHU", "waypoint_latitude": 21.46236111, "waypoint_longitude": 96.18713889, "waypoint_description_code": "E", "turn_direction": null, "rnp": null, "path_termination": "TF", "recommanded_navaid": null, "recommanded_navaid_latitude": null, "recommanded_navaid_longitude": null, "arc_radius": null, "theta": null, "rho": null, "magnetic_course": null, "route_distance_holding_distance_time": null, "distance_time": null, "altitude_description": "+", "altitude1": 14000.0, "altitude2": null, "transition_altitude": null, "speed_limit_description": "-", "speed_limit": 230.0, "vertical_angle": null, "center_waypoint": null, "center_waypoint_latitude": null, "center_waypoint_longitude": null, "aircraft_category": null}, "geometry": {"type": "MultiPoint", "coordinates": [[96.18713889, 21.46236111]]}}, {"type": "Feature", "properties": {"fid": 401, "area_code": "PAC", "airport_identifier": "VYMD", "procedure_identifier": "DOGI1E", "route_type": "5", "transition_identifier": "RW17", "seqno": 30, "waypoint_icao_code": "VY", "waypoint_identifier": "MALAY", "waypoint_latitude": 21.72825, "waypoint_longitude": 96.15475, "waypoint_description_code": "E", "turn_direction": null, "rnp": null, "path_termination": "TF", "recommanded_navaid": null, "recommanded_navaid_latitude": null, "recommanded_navaid_longitude": null, "arc_radius": null, "theta": null, "rho": null, "magnetic_course": null, "route_distance_holding_distance_time": null, "distance_time": null, "altitude_description": "+", "altitude1": 8000.0, "altitude2": null, "transition_altitude": null, "speed_limit_description": "-", "speed_limit": 230.0, "vertical_angle": null, "center_waypoint": null, "center_waypoint_latitude": null, "center_waypoint_longitude": null, "aircraft_category": null}, "geometry": {"type": "MultiPoint", "coordinates": [[96.15475, 21.72825]]}}, {"type": "Feature", "properties": {"fid": 402, "area_code": "PAC", "airport_identifier": "VYMD", "procedure_identifier": "DOGI1E", "route_type": "5", "transition_identifier": "RW17", "seqno": 40, "waypoint_icao_code": "VY", "waypoint_identifier": "MDN01", "waypoint_latitude": 21.90777778, "waypoint_longitude": 96.03327778, "waypoint_description_code": "E", "turn_direction": null, "rnp": null, "path_termination": "TF", "recommanded_navaid": null, "recommanded_navaid_latitude": null, "recommanded_navaid_longitude": null, "arc_radius": null, "theta": null, "rho": null, "magnetic_course": null, "route_distance_holding_distance_time": null, "distance_time": null, "altitude_description": "+", "altitude1": 4200.0, "altitude2": null, "transition_altitude": null, "speed_limit_description": "-", "speed_limit": 230.0, "vertical_angle": null, "center_waypoint": null, "center_waypoint_latitude": null, "center_waypoint_longitude": null, "aircraft_category": null}, "geometry": {"type": "MultiPoint", "coordinates": [[96.03327778, 21.90777778]]}}, {"type": "Feature", "properties": {"fid": 404, "area_code": "PAC", "airport_identifier": "VYSW", "procedure_identifier": "NOGI1D", "route_type": "5", "transition_identifier": "RW11", "seqno": 10, "waypoint_icao_code": "VY", "waypoint_identifier": "NOGIN", "waypoint_latitude": 19.80513889, "waypoint_longitude": 93.31369444, "waypoint_description_code": "E", "turn_direction": null, "rnp": 1.0, "path_termination": "IF", "recommanded_navaid": null, "recommanded_navaid_latitude": null, "recommanded_navaid_longitude": null, "arc_radius": null, "theta": null, "rho": null, "magnetic_course": null, "route_distance_holding_distance_time": null, "distance_time": null, "altitude_description": null, "altitude1": null, "altitude2": null, "transition_altitude": null, "speed_limit_description": null, "speed_limit": null, "vertical_angle": null, "center_waypoint": null, "center_waypoint_latitude": null, "center_waypoint_longitude": null, "aircraft_category": null}, "geometry": {"type": "MultiPoint", "coordinates": [[93.31369444, 19.80513889]]}}, {"type": "Feature", "properties": {"fid": 405, "area_code": "PAC", "airport_identifier": "VYSW", "procedure_identifier": "NOGI1D", "route_type": "5", "transition_identifier": "RW11", "seqno": 20, "waypoint_icao_code": "VY", "waypoint_identifier": "SW917", "waypoint_latitude": 19.93269444, "waypoint_longitude": 93.15658333, "waypoint_description_code": "E", "turn_direction": null, "rnp": 1.0, "path_termination": "TF", "recommanded_navaid": null, "recommanded_navaid_latitude": null, "recommanded_navaid_longitude": null, "arc_radius": null, "theta": null, "rho": null, "magnetic_course": null, "route_distance_holding_distance_time": null, "distance_time": null, "altitude_description": "+", "altitude1": 12000.0, "altitude2": null, "transition_altitude": null, "speed_limit_description": null, "speed_limit": null, "vertical_angle": null, "center_waypoint": null, "center_waypoint_latitude": null, "center_waypoint_longitude": null, "aircraft_category": null}, "geometry": {"type": "MultiPoint", "coordinates": [[93.15658333, 19.93269444]]}}, {"type": "Feature", "properties": {"fid": 406, "area_code": "PAC", "airport_identifier": "VYSW", "procedure_identifier": "NOGI1D", "route_type": "5", "transition_identifier": "RW11", "seqno": 30, "waypoint_icao_code": "VY", "waypoint_identifier": "SIDRA", "waypoint_latitude": 20.09427778, "waypoint_longitude": 92.6705, "waypoint_description_code": "E", "turn_direction": null, "rnp": 1.0, "path_termination": "TF", "recommanded_navaid": null, "recommanded_navaid_latitude": null, "recommanded_navaid_longitude": null, "arc_radius": null, "theta": null, "rho": null, "magnetic_course": null, "route_distance_holding_distance_time": null, "distance_time": null, "altitude_description": "+", "altitude1": 3000.0, "altitude2": null, "transition_altitude": null, "speed_limit_description": "-", "speed_limit": 210.0, "vertical_angle": null, "center_waypoint": null, "center_waypoint_latitude": null, "center_waypoint_longitude": null, "aircraft_category": null}, "geometry": {"type": "MultiPoint", "coordinates": [[92.6705, 20.09427778]]}}, {"type": "Feature", "properties": {"fid": 408, "area_code": "PAC", "airport_identifier": "VYMD", "procedure_identifier": "DOGI1W", "route_type": "5", "transition_identifier": "RW35", "seqno": 10, "waypoint_icao_code": "VY", "waypoint_identifier": "DOGIP", "waypoint_latitude": 20.73691667, "waypoint_longitude": 96.27461111, "waypoint_description_code": "E", "turn_direction": null, "rnp": null, "path_termination": "IF", "recommanded_navaid": null, "recommanded_navaid_latitude": null, "recommanded_navaid_longitude": null, "arc_radius": null, "theta": null, "rho": null, "magnetic_course": null, "route_distance_holding_distance_time": null, "distance_time": null, "altitude_description": "-", "altitude1": 16000.0, "altitude2": null, "transition_altitude": null, "speed_limit_description": null, "speed_limit": null, "vertical_angle": null, "center_waypoint": null, "center_waypoint_latitude": null, "center_waypoint_longitude": null, "aircraft_category": null}, "geometry": {"type": "MultiPoint", "coordinates": [[96.27461111, 20.73691667]]}}, {"type": "Feature", "properties": {"fid": 409, "area_code": "PAC", "airport_identifier": "VYMD", "procedure_identifier": "DOGI1W", "route_type": "5", "transition_identifier": "RW35", "seqno": 20, "waypoint_icao_code": "VY", "waypoint_identifier": "ZIDAW", "waypoint_latitude": 21.05094444, "waypoint_longitude": 96.08733333, "waypoint_description_code": "E", "turn_direction": null, "rnp": null, "path_termination": "TF", "recommanded_navaid": null, "recommanded_navaid_latitude": null, "recommanded_navaid_longitude": null, "arc_radius": null, "theta": null, "rho": null, "magnetic_course": null, "route_distance_holding_distance_time": null, "distance_time": null, "altitude_description": "+", "altitude1": 8000.0, "altitude2": null, "transition_altitude": null, "speed_limit_description": "-", "speed_limit": 230.0, "vertical_angle": null, "center_waypoint": null, "center_waypoint_latitude": null, "center_waypoint_longitude": null, "aircraft_category": null}, "geometry": {"type": "MultiPoint", "coordinates": [[96.08733333, 21.05094444]]}}, {"type": "Feature", "properties": {"fid": 410, "area_code": "PAC", "airport_identifier": "VYMD", "procedure_identifier": "DOGI1W", "route_type": "5", "transition_identifier": "RW35", "seqno": 30, "waypoint_icao_code": "VY", "waypoint_identifier": "MDS02", "waypoint_latitude": 21.42933333, "waypoint_longitude": 96.02811111, "waypoint_description_code": "E", "turn_direction": null, "rnp": null, "path_termination": "TF", "recommanded_navaid": null, "recommanded_navaid_latitude": null, "recommanded_navaid_longitude": null, "arc_radius": null, "theta": null, "rho": null, "magnetic_course": null, "route_distance_holding_distance_time": null, "distance_time": null, "altitude_description": "+", "altitude1": 5000.0, "altitude2": null, "transition_altitude": null, "speed_limit_description": "-", "speed_limit": 230.0, "vertical_angle": null, "center_waypoint": null, "center_waypoint_latitude": null, "center_waypoint_longitude": null, "aircraft_category": null}, "geometry": {"type": "MultiPoint", "coordinates": [[96.02811111, 21.42933333]]}}, {"type": "Feature", "properties": {"fid": 412, "area_code": "PAC", "airport_identifier": "VYSW", "procedure_identifier": "GOKE1B", "route_type": "5", "transition_identifier": "RW29", "seqno": 10, "waypoint_icao_code": "VY", "waypoint_identifier": "GOKET", "waypoint_latitude": 20.04508333, "waypoint_longitude": 93.48566667, "waypoint_description_code": "E", "turn_direction": null, "rnp": 1.0, "path_termination": "IF", "recommanded_navaid": null, "recommanded_navaid_latitude": null, "recommanded_navaid_longitude": null, "arc_radius": null, "theta": null, "rho": null, "magnetic_course": null, "route_distance_holding_distance_time": null, "distance_time": null, "altitude_description": "-", "altitude1": 9000.0, "altitude2": null, "transition_altitude": null, "speed_limit_description": null, "speed_limit": null, "vertical_angle": null, "center_waypoint": null, "center_waypoint_latitude": null, "center_waypoint_longitude": null, "aircraft_category": null}, "geometry": {"type": "MultiPoint", "coordinates": [[93.48566667, 20.04508333]]}}, {"type": "Feature", "properties": {"fid": 413, "area_code": "PAC", "airport_identifier": "VYSW", "procedure_identifier": "GOKE1B", "route_type": "5", "transition_identifier": "RW29", "seqno": 20, "waypoint_icao_code": "VY", "waypoint_identifier": "SW910", "waypoint_latitude": 20.05069444, "waypoint_longitude": 93.40686111, "waypoint_description_code": "E", "turn_direction": null, "rnp": 1.0, "path_termination": "TF", "recommanded_navaid": null, "recommanded_navaid_latitude": null, "recommanded_navaid_longitude": null, "arc_radius": null, "theta": null, "rho": null, "magnetic_course": null, "route_distance_holding_distance_time": null, "distance_time": null, "altitude_description": null, "altitude1": null, "altitude2": null, "transition_altitude": null, "speed_limit_description": null, "speed_limit": null, "vertical_angle": null, "center_waypoint": null, "center_waypoint_latitude": null, "center_waypoint_longitude": null, "aircraft_category": null}, "geometry": {"type": "MultiPoint", "coordinates": [[93.40686111, 20.05069444]]}}, {"type": "Feature", "properties": {"fid": 414, "area_code": "PAC", "airport_identifier": "VYSW", "procedure_identifier": "GOKE1B", "route_type": "5", "transition_identifier": "RW29", "seqno": 30, "waypoint_icao_code": "VY", "waypoint_identifier": "AKYAB", "waypoint_latitude": 20.0695, "waypoint_longitude": 93.13994444, "waypoint_description_code": "E", "turn_direction": null, "rnp": 1.0, "path_termination": "TF", "recommanded_navaid": null, "recommanded_navaid_latitude": null, "recommanded_navaid_longitude": null, "arc_radius": null, "theta": null, "rho": null, "magnetic_course": null, "route_distance_holding_distance_time": null, "distance_time": null, "altitude_description": "+", "altitude1": 3000.0, "altitude2": null, "transition_altitude": null, "speed_limit_description": "-", "speed_limit": 210.0, "vertical_angle": null, "center_waypoint": null, "center_waypoint_latitude": null, "center_waypoint_longitude": null, "aircraft_category": null}, "geometry": {"type": "MultiPoint", "coordinates": [[93.13994444, 20.0695]]}}, {"type": "Feature", "properties": {"fid": 416, "area_code": "PAC", "airport_identifier": "VYYY", "procedure_identifier": "MAPK1B", "route_type": "5", "transition_identifier": "RW03", "seqno": 10, "waypoint_icao_code": "VY", "waypoint_identifier": "POXEM", "waypoint_latitude": 15.44308333, "waypoint_longitude": 97.49638889, "waypoint_description_code": "E", "turn_direction": null, "rnp": null, "path_termination": "IF", "recommanded_navaid": null, "recommanded_navaid_latitude": null, "recommanded_navaid_longitude": null, "arc_radius": null, "theta": null, "rho": null, "magnetic_course": null, "route_distance_holding_distance_time": null, "distance_time": null, "altitude_description": null, "altitude1": null, "altitude2": null, "transition_altitude": null, "speed_limit_description": null, "speed_limit": null, "vertical_angle": null, "center_waypoint": null, "center_waypoint_latitude": null, "center_waypoint_longitude": null, "aircraft_category": null}, "geometry": {"type": "MultiPoint", "coordinates": [[97.49638889, 15.44308333]]}}, {"type": "Feature", "properties": {"fid": 417, "area_code": "PAC", "airport_identifier": "VYYY", "procedure_identifier": "MAPK1B", "route_type": "5", "transition_identifier": "RW03", "seqno": 20, "waypoint_icao_code": "VY", "waypoint_identifier": "MAPKO", "waypoint_latitude": 16.35775, "waypoint_longitude": 97.00491667, "waypoint_description_code": "E", "turn_direction": null, "rnp": null, "path_termination": "TF", "recommanded_navaid": null, "recommanded_navaid_latitude": null, "recommanded_navaid_longitude": null, "arc_radius": null, "theta": null, "rho": null, "magnetic_course": null, "route_distance_holding_distance_time": null, "distance_time": null, "altitude_description": "+", "altitude1": 22000.0, "altitude2": null, "transition_altitude": null, "speed_limit_description": null, "speed_limit": null, "vertical_angle": null, "center_waypoint": null, "center_waypoint_latitude": null, "center_waypoint_longitude": null, "aircraft_category": null}, "geometry": {"type": "MultiPoint", "coordinates": [[97.00491667, 16.35775]]}}, {"type": "Feature", "properties": {"fid": 418, "area_code": "PAC", "airport_identifier": "VYYY", "procedure_identifier": "MAPK1B", "route_type": "5", "transition_identifier": "RW03", "seqno": 30, "waypoint_icao_code": "VY", "waypoint_identifier": "YY925", "waypoint_latitude": 16.52788889, "waypoint_longitude": 96.61533333, "waypoint_description_code": "E", "turn_direction": null, "rnp": null, "path_termination": "TF", "recommanded_navaid": null, "recommanded_navaid_latitude": null, "recommanded_navaid_longitude": null, "arc_radius": null, "theta": null, "rho": null, "magnetic_course": null, "route_distance_holding_distance_time": null, "distance_time": null, "altitude_description": null, "altitude1": null, "altitude2": null, "transition_altitude": null, "speed_limit_description": null, "speed_limit": null, "vertical_angle": null, "center_waypoint": null, "center_waypoint_latitude": null, "center_waypoint_longitude": null, "aircraft_category": null}, "geometry": {"type": "MultiPoint", "coordinates": [[96.61533333, 16.52788889]]}}, {"type": "Feature", "properties": {"fid": 419, "area_code": "PAC", "airport_identifier": "VYYY", "procedure_identifier": "MAPK1B", "route_type": "5", "transition_identifier": "RW03", "seqno": 40, "waypoint_icao_code": "VY", "waypoint_identifier": "YY922", "waypoint_latitude": 16.70838889, "waypoint_longitude": 96.20063889, "waypoint_description_code": "E", "turn_direction": null, "rnp": null, "path_termination": "TF", "recommanded_navaid": null, "recommanded_navaid_latitude": null, "recommanded_navaid_longitude": null, "arc_radius": null, "theta": null, "rho": null, "magnetic_course": null, "route_distance_holding_distance_time": null, "distance_time": null, "altitude_description": null, "altitude1": null, "altitude2": null, "transition_altitude": null, "speed_limit_description": null, "speed_limit": null, "vertical_angle": null, "center_waypoint": null, "center_waypoint_latitude": null, "center_waypoint_longitude": null, "aircraft_category": null}, "geometry": {"type": "MultiPoint", "coordinates": [[96.20063889, 16.70838889]]}}, {"type": "Feature", "properties": {"fid": 420, "area_code": "PAC", "airport_identifier": "VYYY", "procedure_identifier": "MAPK1B", "route_type": "5", "transition_identifier": "RW03", "seqno": 50, "waypoint_icao_code": "VY", "waypoint_identifier": "PALPO", "waypoint_latitude": 16.70988889, "waypoint_longitude": 96.11230556, "waypoint_description_code": "E", "turn_direction": null, "rnp": null, "path_termination": "TF", "recommanded_navaid": null, "recommanded_navaid_latitude": null, "recommanded_navaid_longitude": null, "arc_radius": null, "theta": null, "rho": null, "magnetic_course": null, "route_distance_holding_distance_time": null, "distance_time": null, "altitude_description": "+", "altitude1": 4000.0, "altitude2": null, "transition_altitude": null, "speed_limit_description": "-", "speed_limit": 230.0, "vertical_angle": null, "center_waypoint": null, "center_waypoint_latitude": null, "center_waypoint_longitude": null, "aircraft_category": null}, "geometry": {"type": "MultiPoint", "coordinates": [[96.11230556, 16.70988889]]}}, {"type": "Feature", "properties": {"fid": 422, "area_code": "PAC", "airport_identifier": "VYMD", "procedure_identifier": "IBON1W", "route_type": "5", "transition_identifier": "RW35", "seqno": 10, "waypoint_icao_code": "VY", "waypoint_identifier": "IBONA", "waypoint_latitude": 22.35138889, "waypoint_longitude": 96.8, "waypoint_description_code": "E", "turn_direction": null, "rnp": null, "path_termination": "IF", "recommanded_navaid": null, "recommanded_navaid_latitude": null, "recommanded_navaid_longitude": null, "arc_radius": null, "theta": null, "rho": null, "magnetic_course": null, "route_distance_holding_distance_time": null, "distance_time": null, "altitude_description": "-", "altitude1": 24000.0, "altitude2": null, "transition_altitude": null, "speed_limit_description": null, "speed_limit": null, "vertical_angle": null, "center_waypoint": null, "center_waypoint_latitude": null, "center_waypoint_longitude": null, "aircraft_category": null}, "geometry": {"type": "MultiPoint", "coordinates": [[96.8, 22.35138889]]}}, {"type": "Feature", "properties": {"fid": 423, "area_code": "PAC", "airport_identifier": "VYMD", "procedure_identifier": "IBON1W", "route_type": "5", "transition_identifier": "RW35", "seqno": 20, "waypoint_icao_code": "VY", "waypoint_identifier": "THADU", "waypoint_latitude": 21.93427778, "waypoint_longitude": 96.12975, "waypoint_description_code": "E", "turn_direction": null, "rnp": null, "path_termination": "TF", "recommanded_navaid": null, "recommanded_navaid_latitude": null, "recommanded_navaid_longitude": null, "arc_radius": null, "theta": null, "rho": null, "magnetic_course": null, "route_distance_holding_distance_time": null, "distance_time": null, "altitude_description": "+", "altitude1": 6000.0, "altitude2": null, "transition_altitude": null, "speed_limit_description": null, "speed_limit": null, "vertical_angle": null, "center_waypoint": null, "center_waypoint_latitude": null, "center_waypoint_longitude": null, "aircraft_category": null}, "geometry": {"type": "MultiPoint", "coordinates": [[96.12975, 21.93427778]]}}, {"type": "Feature", "properties": {"fid": 424, "area_code": "PAC", "airport_identifier": "VYMD", "procedure_identifier": "IBON1W", "route_type": "5", "transition_identifier": "RW35", "seqno": 30, "waypoint_icao_code": "VY", "waypoint_identifier": "MDS03", "waypoint_latitude": 21.53113889, "waypoint_longitude": 96.10641667, "waypoint_description_code": "E", "turn_direction": null, "rnp": null, "path_termination": "TF", "recommanded_navaid": null, "recommanded_navaid_latitude": null, "recommanded_navaid_longitude": null, "arc_radius": null, "theta": null, "rho": null, "magnetic_course": null, "route_distance_holding_distance_time": null, "distance_time": null, "altitude_description": "+", "altitude1": 5000.0, "altitude2": null, "transition_altitude": null, "speed_limit_description": "-", "speed_limit": 230.0, "vertical_angle": null, "center_waypoint": null, "center_waypoint_latitude": null, "center_waypoint_longitude": null, "aircraft_category": null}, "geometry": {"type": "MultiPoint", "coordinates": [[96.10641667, 21.53113889]]}}, {"type": "Feature", "properties": {"fid": 426, "area_code": "PAC", "airport_identifier": "VYTD", "procedure_identifier": "MELE1B", "route_type": "5", "transition_identifier": "RW02", "seqno": 10, "waypoint_icao_code": "VY", "waypoint_identifier": "MELET", "waypoint_latitude": 18.98886389, "waypoint_longitude": 94.56524167, "waypoint_description_code": "E", "turn_direction": null, "rnp": 1.0, "path_termination": "IF", "recommanded_navaid": null, "recommanded_navaid_latitude": null, "recommanded_navaid_longitude": null, "arc_radius": null, "theta": null, "rho": null, "magnetic_course": null, "route_distance_holding_distance_time": null, "distance_time": null, "altitude_description": "+", "altitude1": 12000.0, "altitude2": null, "transition_altitude": null, "speed_limit_description": null, "speed_limit": null, "vertical_angle": null, "center_waypoint": null, "center_waypoint_latitude": null, "center_waypoint_longitude": null, "aircraft_category": null}, "geometry": {"type": "MultiPoint", "coordinates": [[94.56524167, 18.98886389]]}}, {"type": "Feature", "properties": {"fid": 427, "area_code": "PAC", "airport_identifier": "VYTD", "procedure_identifier": "MELE1B", "route_type": "5", "transition_identifier": "RW02", "seqno": 20, "waypoint_icao_code": "VY", "waypoint_identifier": "TD911", "waypoint_latitude": 18.79534444, "waypoint_longitude": 94.30018889, "waypoint_description_code": "E", "turn_direction": null, "rnp": 1.0, "path_termination": "TF", "recommanded_navaid": null, "recommanded_navaid_latitude": null, "recommanded_navaid_longitude": null, "arc_radius": null, "theta": null, "rho": null, "magnetic_course": null, "route_distance_holding_distance_time": null, "distance_time": null, "altitude_description": "+", "altitude1": 10000.0, "altitude2": null, "transition_altitude": null, "speed_limit_description": null, "speed_limit": null, "vertical_angle": null, "center_waypoint": null, "center_waypoint_latitude": null, "center_waypoint_longitude": null, "aircraft_category": null}, "geometry": {"type": "MultiPoint", "coordinates": [[94.30018889, 18.79534444]]}}, {"type": "Feature", "properties": {"fid": 428, "area_code": "PAC", "airport_identifier": "VYTD", "procedure_identifier": "MELE1B", "route_type": "5", "transition_identifier": "RW02", "seqno": 30, "waypoint_icao_code": "VY", "waypoint_identifier": "TD912", "waypoint_latitude": 18.57759722, "waypoint_longitude": 94.23232778, "waypoint_description_code": "E", "turn_direction": null, "rnp": 1.0, "path_termination": "TF", "recommanded_navaid": null, "recommanded_navaid_latitude": null, "recommanded_navaid_longitude": null, "arc_radius": null, "theta": null, "rho": null, "magnetic_course": null, "route_distance_holding_distance_time": null, "distance_time": null, "altitude_description": "+", "altitude1": 9000.0, "altitude2": null, "transition_altitude": null, "speed_limit_description": null, "speed_limit": null, "vertical_angle": null, "center_waypoint": null, "center_waypoint_latitude": null, "center_waypoint_longitude": null, "aircraft_category": null}, "geometry": {"type": "MultiPoint", "coordinates": [[94.23232778, 18.57759722]]}}, {"type": "Feature", "properties": {"fid": 429, "area_code": "PAC", "airport_identifier": "VYTD", "procedure_identifier": "MELE1B", "route_type": "5", "transition_identifier": "RW02", "seqno": 40, "waypoint_icao_code": "VY", "waypoint_identifier": "NODEN", "waypoint_latitude": 18.32346944, "waypoint_longitude": 94.15338056, "waypoint_description_code": "E", "turn_direction": null, "rnp": 1.0, "path_termination": "TF", "recommanded_navaid": null, "recommanded_navaid_latitude": null, "recommanded_navaid_longitude": null, "arc_radius": null, "theta": null, "rho": null, "magnetic_course": null, "route_distance_holding_distance_time": null, "distance_time": null, "altitude_description": "+", "altitude1": 3000.0, "altitude2": null, "transition_altitude": null, "speed_limit_description": "-", "speed_limit": 210.0, "vertical_angle": null, "center_waypoint": null, "center_waypoint_latitude": null, "center_waypoint_longitude": null, "aircraft_category": null}, "geometry": {"type": "MultiPoint", "coordinates": [[94.15338056, 18.32346944]]}}, {"type": "Feature", "properties": {"fid": 431, "area_code": "PAC", "airport_identifier": "VYTD", "procedure_identifier": "POPI1B", "route_type": "5", "transition_identifier": "RW02", "seqno": 10, "waypoint_icao_code": "VY", "waypoint_identifier": "POPIT", "waypoint_latitude": 18.870925, "waypoint_longitude": 94.73819444, "waypoint_description_code": "E", "turn_direction": null, "rnp": 1.0, "path_termination": "IF", "recommanded_navaid": null, "recommanded_navaid_latitude": null, "recommanded_navaid_longitude": null, "arc_radius": null, "theta": null, "rho": null, "magnetic_course": null, "route_distance_holding_distance_time": null, "distance_time": null, "altitude_description": "+", "altitude1": 12000.0, "altitude2": null, "transition_altitude": null, "speed_limit_description": null, "speed_limit": null, "vertical_angle": null, "center_waypoint": null, "center_waypoint_latitude": null, "center_waypoint_longitude": null, "aircraft_category": null}, "geometry": {"type": "MultiPoint", "coordinates": [[94.73819444, 18.870925]]}}, {"type": "Feature", "properties": {"fid": 432, "area_code": "PAC", "airport_identifier": "VYTD", "procedure_identifier": "POPI1B", "route_type": "5", "transition_identifier": "RW02", "seqno": 20, "waypoint_icao_code": "VY", "waypoint_identifier": "TD910", "waypoint_latitude": 18.58479167, "waypoint_longitude": 94.62551111, "waypoint_description_code": "E", "turn_direction": null, "rnp": 1.0, "path_termination": "TF", "recommanded_navaid": null, "recommanded_navaid_latitude": null, "recommanded_navaid_longitude": null, "arc_radius": null, "theta": null, "rho": null, "magnetic_course": null, "route_distance_holding_distance_time": null, "distance_time": null, "altitude_description": "+", "altitude1": 10000.0, "altitude2": null, "transition_altitude": null, "speed_limit_description": null, "speed_limit": null, "vertical_angle": null, "center_waypoint": null, "center_waypoint_latitude": null, "center_waypoint_longitude": null, "aircraft_category": null}, "geometry": {"type": "MultiPoint", "coordinates": [[94.62551111, 18.58479167]]}}, {"type": "Feature", "properties": {"fid": 433, "area_code": "PAC", "airport_identifier": "VYTD", "procedure_identifier": "POPI1B", "route_type": "5", "transition_identifier": "RW02", "seqno": 30, "waypoint_icao_code": "VY", "waypoint_identifier": "TD909", "waypoint_latitude": 18.43871111, "waypoint_longitude": 94.48445, "waypoint_description_code": "E", "turn_direction": null, "rnp": 1.0, "path_termination": "TF", "recommanded_navaid": null, "recommanded_navaid_latitude": null, "recommanded_navaid_longitude": null, "arc_radius": null, "theta": null, "rho": null, "magnetic_course": null, "route_distance_holding_distance_time": null, "distance_time": null, "altitude_description": "+", "altitude1": 7000.0, "altitude2": null, "transition_altitude": null, "speed_limit_description": null, "speed_limit": null, "vertical_angle": null, "center_waypoint": null, "center_waypoint_latitude": null, "center_waypoint_longitude": null, "aircraft_category": null}, "geometry": {"type": "MultiPoint", "coordinates": [[94.48445, 18.43871111]]}}, {"type": "Feature", "properties": {"fid": 434, "area_code": "PAC", "airport_identifier": "VYTD", "procedure_identifier": "POPI1B", "route_type": "5", "transition_identifier": "RW02", "seqno": 40, "waypoint_icao_code": "VY", "waypoint_identifier": "SUSEN", "waypoint_latitude": 18.26558056, "waypoint_longitude": 94.31773056, "waypoint_description_code": "E", "turn_direction": null, "rnp": 1.0, "path_termination": "TF", "recommanded_navaid": null, "recommanded_navaid_latitude": null, "recommanded_navaid_longitude": null, "arc_radius": null, "theta": null, "rho": null, "magnetic_course": null, "route_distance_holding_distance_time": null, "distance_time": null, "altitude_description": "+", "altitude1": 4000.0, "altitude2": null, "transition_altitude": null, "speed_limit_description": "-", "speed_limit": 210.0, "vertical_angle": null, "center_waypoint": null, "center_waypoint_latitude": null, "center_waypoint_longitude": null, "aircraft_category": null}, "geometry": {"type": "MultiPoint", "coordinates": [[94.31773056, 18.26558056]]}}, {"type": "Feature", "properties": {"fid": 436, "area_code": "PAC", "airport_identifier": "VYSW", "procedure_identifier": "ENKE1B", "route_type": "5", "transition_identifier": "RW29", "seqno": 10, "waypoint_icao_code": "VY", "waypoint_identifier": "ENKEL", "waypoint_latitude": 19.74533333, "waypoint_longitude": 93.24202778, "waypoint_description_code": "E", "turn_direction": null, "rnp": 1.0, "path_termination": "IF", "recommanded_navaid": null, "recommanded_navaid_latitude": null, "recommanded_navaid_longitude": null, "arc_radius": null, "theta": null, "rho": null, "magnetic_course": null, "route_distance_holding_distance_time": null, "distance_time": null, "altitude_description": "-", "altitude1": 9000.0, "altitude2": null, "transition_altitude": null, "speed_limit_description": null, "speed_limit": null, "vertical_angle": null, "center_waypoint": null, "center_waypoint_latitude": null, "center_waypoint_longitude": null, "aircraft_category": null}, "geometry": {"type": "MultiPoint", "coordinates": [[93.24202778, 19.74533333]]}}, {"type": "Feature", "properties": {"fid": 437, "area_code": "PAC", "airport_identifier": "VYSW", "procedure_identifier": "ENKE1B", "route_type": "5", "transition_identifier": "RW29", "seqno": 20, "waypoint_icao_code": "VY", "waypoint_identifier": "SW913", "waypoint_latitude": 19.83388889, "waypoint_longitude": 93.24327778, "waypoint_description_code": "E", "turn_direction": null, "rnp": 1.0, "path_termination": "TF", "recommanded_navaid": null, "recommanded_navaid_latitude": null, "recommanded_navaid_longitude": null, "arc_radius": null, "theta": null, "rho": null, "magnetic_course": null, "route_distance_holding_distance_time": null, "distance_time": null, "altitude_description": null, "altitude1": null, "altitude2": null, "transition_altitude": null, "speed_limit_description": null, "speed_limit": null, "vertical_angle": null, "center_waypoint": null, "center_waypoint_latitude": null, "center_waypoint_longitude": null, "aircraft_category": null}, "geometry": {"type": "MultiPoint", "coordinates": [[93.24327778, 19.83388889]]}}, {"type": "Feature", "properties": {"fid": 438, "area_code": "PAC", "airport_identifier": "VYSW", "procedure_identifier": "ENKE1B", "route_type": "5", "transition_identifier": "RW29", "seqno": 30, "waypoint_icao_code": "VY", "waypoint_identifier": "SW914", "waypoint_latitude": 19.91086111, "waypoint_longitude": 93.24427778, "waypoint_description_code": "E", "turn_direction": null, "rnp": 1.0, "path_termination": "TF", "recommanded_navaid": null, "recommanded_navaid_latitude": null, "recommanded_navaid_longitude": null, "arc_radius": null, "theta": null, "rho": null, "magnetic_course": null, "route_distance_holding_distance_time": null, "distance_time": null, "altitude_description": null, "altitude1": null, "altitude2": null, "transition_altitude": null, "speed_limit_description": null, "speed_limit": null, "vertical_angle": null, "center_waypoint": null, "center_waypoint_latitude": null, "center_waypoint_longitude": null, "aircraft_category": null}, "geometry": {"type": "MultiPoint", "coordinates": [[93.24427778, 19.91086111]]}}, {"type": "Feature", "properties": {"fid": 439, "area_code": "PAC", "airport_identifier": "VYSW", "procedure_identifier": "ENKE1B", "route_type": "5", "transition_identifier": "RW29", "seqno": 40, "waypoint_icao_code": "VY", "waypoint_identifier": "AKYAB", "waypoint_latitude": 20.0695, "waypoint_longitude": 93.13994444, "waypoint_description_code": "E", "turn_direction": null, "rnp": 1.0, "path_termination": "TF", "recommanded_navaid": null, "recommanded_navaid_latitude": null, "recommanded_navaid_longitude": null, "arc_radius": null, "theta": null, "rho": null, "magnetic_course": null, "route_distance_holding_distance_time": null, "distance_time": null, "altitude_description": "+", "altitude1": 3000.0, "altitude2": null, "transition_altitude": null, "speed_limit_description": "-", "speed_limit": 210.0, "vertical_angle": null, "center_waypoint": null, "center_waypoint_latitude": null, "center_waypoint_longitude": null, "aircraft_category": null}, "geometry": {"type": "MultiPoint", "coordinates": [[93.13994444, 20.0695]]}}, {"type": "Feature", "properties": {"fid": 441, "area_code": "PAC", "airport_identifier": "VYME", "procedure_identifier": "PAPG1B", "route_type": "5", "transition_identifier": "RW18", "seqno": 10, "waypoint_icao_code": "VY", "waypoint_identifier": "PAPGI", "waypoint_latitude": 11.93956667, "waypoint_longitude": 98.66557222, "waypoint_description_code": "E", "turn_direction": null, "rnp": 1.0, "path_termination": "IF", "recommanded_navaid": null, "recommanded_navaid_latitude": null, "recommanded_navaid_longitude": null, "arc_radius": null, "theta": null, "rho": null, "magnetic_course": null, "route_distance_holding_distance_time": null, "distance_time": null, "altitude_description": null, "altitude1": null, "altitude2": null, "transition_altitude": null, "speed_limit_description": null, "speed_limit": null, "vertical_angle": null, "center_waypoint": null, "center_waypoint_latitude": null, "center_waypoint_longitude": null, "aircraft_category": null}, "geometry": {"type": "MultiPoint", "coordinates": [[98.66557222, 11.93956667]]}}, {"type": "Feature", "properties": {"fid": 442, "area_code": "PAC", "airport_identifier": "VYME", "procedure_identifier": "PAPG1B", "route_type": "5", "transition_identifier": "RW18", "seqno": 20, "waypoint_icao_code": "VY", "waypoint_identifier": "ME904", "waypoint_latitude": 12.13902222, "waypoint_longitude": 98.79308889, "waypoint_description_code": "E", "turn_direction": null, "rnp": 1.0, "path_termination": "TF", "recommanded_navaid": null, "recommanded_navaid_latitude": null, "recommanded_navaid_longitude": null, "arc_radius": null, "theta": null, "rho": null, "magnetic_course": null, "route_distance_holding_distance_time": null, "distance_time": null, "altitude_description": "+", "altitude1": 11000.0, "altitude2": null, "transition_altitude": null, "speed_limit_description": null, "speed_limit": null, "vertical_angle": null, "center_waypoint": null, "center_waypoint_latitude": null, "center_waypoint_longitude": null, "aircraft_category": null}, "geometry": {"type": "MultiPoint", "coordinates": [[98.79308889, 12.13902222]]}}, {"type": "Feature", "properties": {"fid": 443, "area_code": "PAC", "airport_identifier": "VYME", "procedure_identifier": "PAPG1B", "route_type": "5", "transition_identifier": "RW18", "seqno": 30, "waypoint_icao_code": "VY", "waypoint_identifier": "TEGAN", "waypoint_latitude": 12.61544444, "waypoint_longitude": 98.71483889, "waypoint_description_code": "E", "turn_direction": null, "rnp": 1.0, "path_termination": "TF", "recommanded_navaid": null, "recommanded_navaid_latitude": null, "recommanded_navaid_longitude": null, "arc_radius": null, "theta": null, "rho": null, "magnetic_course": null, "route_distance_holding_distance_time": null, "distance_time": null, "altitude_description": "+", "altitude1": 4000.0, "altitude2": null, "transition_altitude": null, "speed_limit_description": "-", "speed_limit": 210.0, "vertical_angle": null, "center_waypoint": null, "center_waypoint_latitude": null, "center_waypoint_longitude": null, "aircraft_category": null}, "geometry": {"type": "MultiPoint", "coordinates": [[98.71483889, 12.61544444]]}}, {"type": "Feature", "properties": {"fid": 445, "area_code": "PAC", "airport_identifier": "VYSW", "procedure_identifier": "NOGI1B", "route_type": "5", "transition_identifier": "RW29", "seqno": 10, "waypoint_icao_code": "VY", "waypoint_identifier": "NOGIN", "waypoint_latitude": 19.80513889, "waypoint_longitude": 93.31369444, "waypoint_description_code": "E", "turn_direction": null, "rnp": 1.0, "path_termination": "IF", "recommanded_navaid": null, "recommanded_navaid_latitude": null, "recommanded_navaid_longitude": null, "arc_radius": null, "theta": null, "rho": null, "magnetic_course": null, "route_distance_holding_distance_time": null, "distance_time": null, "altitude_description": "-", "altitude1": 9000.0, "altitude2": null, "transition_altitude": null, "speed_limit_description": null, "speed_limit": null, "vertical_angle": null, "center_waypoint": null, "center_waypoint_latitude": null, "center_waypoint_longitude": null, "aircraft_category": null}, "geometry": {"type": "MultiPoint", "coordinates": [[93.31369444, 19.80513889]]}}, {"type": "Feature", "properties": {"fid": 446, "area_code": "PAC", "airport_identifier": "VYSW", "procedure_identifier": "NOGI1B", "route_type": "5", "transition_identifier": "RW29", "seqno": 20, "waypoint_icao_code": "VY", "waypoint_identifier": "SW914", "waypoint_latitude": 19.91086111, "waypoint_longitude": 93.24427778, "waypoint_description_code": "E", "turn_direction": null, "rnp": 1.0, "path_termination": "TF", "recommanded_navaid": null, "recommanded_navaid_latitude": null, "recommanded_navaid_longitude": null, "arc_radius": null, "theta": null, "rho": null, "magnetic_course": null, "route_distance_holding_distance_time": null, "distance_time": null, "altitude_description": null, "altitude1": null, "altitude2": null, "transition_altitude": null, "speed_limit_description": null, "speed_limit": null, "vertical_angle": null, "center_waypoint": null, "center_waypoint_latitude": null, "center_waypoint_longitude": null, "aircraft_category": null}, "geometry": {"type": "MultiPoint", "coordinates": [[93.24427778, 19.91086111]]}}, {"type": "Feature", "properties": {"fid": 447, "area_code": "PAC", "airport_identifier": "VYSW", "procedure_identifier": "NOGI1B", "route_type": "5", "transition_identifier": "RW29", "seqno": 30, "waypoint_icao_code": "VY", "waypoint_identifier": "AKYAB", "waypoint_latitude": 20.0695, "waypoint_longitude": 93.13994444, "waypoint_description_code": "E", "turn_direction": null, "rnp": 1.0, "path_termination": "TF", "recommanded_navaid": null, "recommanded_navaid_latitude": null, "recommanded_navaid_longitude": null, "arc_radius": null, "theta": null, "rho": null, "magnetic_course": null, "route_distance_holding_distance_time": null, "distance_time": null, "altitude_description": "+", "altitude1": 3000.0, "altitude2": null, "transition_altitude": null, "speed_limit_description": "-", "speed_limit": 210.0, "vertical_angle": null, "center_waypoint": null, "center_waypoint_latitude": null, "center_waypoint_longitude": null, "aircraft_category": null}, "geometry": {"type": "MultiPoint", "coordinates": [[93.13994444, 20.0695]]}}, {"type": "Feature", "properties": {"fid": 449, "area_code": "PAC", "airport_identifier": "VYYY", "procedure_identifier": "RISN1B", "route_type": "5", "transition_identifier": "RW03", "seqno": 10, "waypoint_icao_code": "VY", "waypoint_identifier": "LUDVI", "waypoint_latitude": 15.48034167, "waypoint_longitude": 98.59166667, "waypoint_description_code": "E", "turn_direction": null, "rnp": null, "path_termination": "IF", "recommanded_navaid": null, "recommanded_navaid_latitude": null, "recommanded_navaid_longitude": null, "arc_radius": null, "theta": null, "rho": null, "magnetic_course": null, "route_distance_holding_distance_time": null, "distance_time": null, "altitude_description": null, "altitude1": null, "altitude2": null, "transition_altitude": null, "speed_limit_description": null, "speed_limit": null, "vertical_angle": null, "center_waypoint": null, "center_waypoint_latitude": null, "center_waypoint_longitude": null, "aircraft_category": null}, "geometry": {"type": "MultiPoint", "coordinates": [[98.59166667, 15.48034167]]}}, {"type": "Feature", "properties": {"fid": 450, "area_code": "PAC", "airport_identifier": "VYYY", "procedure_identifier": "RISN1B", "route_type": "5", "transition_identifier": "RW03", "seqno": 20, "waypoint_icao_code": "VY", "waypoint_identifier": "RISNA", "waypoint_latitude": 16.83455556, "waypoint_longitude": 97.17330556, "waypoint_description_code": "E", "turn_direction": null, "rnp": null, "path_termination": "TF", "recommanded_navaid": null, "recommanded_navaid_latitude": null, "recommanded_navaid_longitude": null, "arc_radius": null, "theta": null, "rho": null, "magnetic_course": null, "route_distance_holding_distance_time": null, "distance_time": null, "altitude_description": "+", "altitude1": 22000.0, "altitude2": null, "transition_altitude": null, "speed_limit_description": null, "speed_limit": null, "vertical_angle": null, "center_waypoint": null, "center_waypoint_latitude": null, "center_waypoint_longitude": null, "aircraft_category": null}, "geometry": {"type": "MultiPoint", "coordinates": [[97.17330556, 16.83455556]]}}, {"type": "Feature", "properties": {"fid": 451, "area_code": "PAC", "airport_identifier": "VYYY", "procedure_identifier": "RISN1B", "route_type": "5", "transition_identifier": "RW03", "seqno": 30, "waypoint_icao_code": "VY", "waypoint_identifier": "YY923", "waypoint_latitude": 16.80122222, "waypoint_longitude": 96.9045, "waypoint_description_code": "E", "turn_direction": null, "rnp": null, "path_termination": "TF", "recommanded_navaid": null, "recommanded_navaid_latitude": null, "recommanded_navaid_longitude": null, "arc_radius": null, "theta": null, "rho": null, "magnetic_course": null, "route_distance_holding_distance_time": null, "distance_time": null, "altitude_description": "+", "altitude1": 18000.0, "altitude2": null, "transition_altitude": null, "speed_limit_description": null, "speed_limit": null, "vertical_angle": null, "center_waypoint": null, "center_waypoint_latitude": null, "center_waypoint_longitude": null, "aircraft_category": null}, "geometry": {"type": "MultiPoint", "coordinates": [[96.9045, 16.80122222]]}}, {"type": "Feature", "properties": {"fid": 452, "area_code": "PAC", "airport_identifier": "VYYY", "procedure_identifier": "RISN1B", "route_type": "5", "transition_identifier": "RW03", "seqno": 40, "waypoint_icao_code": "VY", "waypoint_identifier": "YY922", "waypoint_latitude": 16.70838889, "waypoint_longitude": 96.20063889, "waypoint_description_code": "E", "turn_direction": null, "rnp": null, "path_termination": "TF", "recommanded_navaid": null, "recommanded_navaid_latitude": null, "recommanded_navaid_longitude": null, "arc_radius": null, "theta": null, "rho": null, "magnetic_course": null, "route_distance_holding_distance_time": null, "distance_time": null, "altitude_description": null, "altitude1": null, "altitude2": null, "transition_altitude": null, "speed_limit_description": null, "speed_limit": null, "vertical_angle": null, "center_waypoint": null, "center_waypoint_latitude": null, "center_waypoint_longitude": null, "aircraft_category": null}, "geometry": {"type": "MultiPoint", "coordinates": [[96.20063889, 16.70838889]]}}, {"type": "Feature", "properties": {"fid": 453, "area_code": "PAC", "airport_identifier": "VYYY", "procedure_identifier": "RISN1B", "route_type": "5", "transition_identifier": "RW03", "seqno": 50, "waypoint_icao_code": "VY", "waypoint_identifier": "PALPO", "waypoint_latitude": 16.70988889, "waypoint_longitude": 96.11230556, "waypoint_description_code": "E", "turn_direction": null, "rnp": null, "path_termination": "TF", "recommanded_navaid": null, "recommanded_navaid_latitude": null, "recommanded_navaid_longitude": null, "arc_radius": null, "theta": null, "rho": null, "magnetic_course": null, "route_distance_holding_distance_time": null, "distance_time": null, "altitude_description": "+", "altitude1": 4000.0, "altitude2": null, "transition_altitude": null, "speed_limit_description": "-", "speed_limit": 230.0, "vertical_angle": null, "center_waypoint": null, "center_waypoint_latitude": null, "center_waypoint_longitude": null, "aircraft_category": null}, "geometry": {"type": "MultiPoint", "coordinates": [[96.11230556, 16.70988889]]}}, {"type": "Feature", "properties": {"fid": 455, "area_code": "PAC", "airport_identifier": "VYTD", "procedure_identifier": "ANLO1B", "route_type": "5", "transition_identifier": "RW02", "seqno": 10, "waypoint_icao_code": "VY", "waypoint_identifier": "ANLOG", "waypoint_latitude": 18.928025, "waypoint_longitude": 93.92921389, "waypoint_description_code": "E", "turn_direction": null, "rnp": 1.0, "path_termination": "IF", "recommanded_navaid": null, "recommanded_navaid_latitude": null, "recommanded_navaid_longitude": null, "arc_radius": null, "theta": null, "rho": null, "magnetic_course": null, "route_distance_holding_distance_time": null, "distance_time": null, "altitude_description": null, "altitude1": null, "altitude2": null, "transition_altitude": null, "speed_limit_description": null, "speed_limit": null, "vertical_angle": null, "center_waypoint": null, "center_waypoint_latitude": null, "center_waypoint_longitude": null, "aircraft_category": null}, "geometry": {"type": "MultiPoint", "coordinates": [[93.92921389, 18.928025]]}}, {"type": "Feature", "properties": {"fid": 456, "area_code": "PAC", "airport_identifier": "VYTD", "procedure_identifier": "ANLO1B", "route_type": "5", "transition_identifier": "RW02", "seqno": 20, "waypoint_icao_code": "VY", "waypoint_identifier": "TD916", "waypoint_latitude": 18.75782222, "waypoint_longitude": 93.99248333, "waypoint_description_code": "E", "turn_direction": null, "rnp": 1.0, "path_termination": "TF", "recommanded_navaid": null, "recommanded_navaid_latitude": null, "recommanded_navaid_longitude": null, "arc_radius": null, "theta": null, "rho": null, "magnetic_course": null, "route_distance_holding_distance_time": null, "distance_time": null, "altitude_description": "+", "altitude1": 12000.0, "altitude2": null, "transition_altitude": null, "speed_limit_description": null, "speed_limit": null, "vertical_angle": null, "center_waypoint": null, "center_waypoint_latitude": null, "center_waypoint_longitude": null, "aircraft_category": null}, "geometry": {"type": "MultiPoint", "coordinates": [[93.99248333, 18.75782222]]}}, {"type": "Feature", "properties": {"fid": 457, "area_code": "PAC", "airport_identifier": "VYTD", "procedure_identifier": "ANLO1B", "route_type": "5", "transition_identifier": "RW02", "seqno": 30, "waypoint_icao_code": "VY", "waypoint_identifier": "TD913", "waypoint_latitude": 18.64589444, "waypoint_longitude": 94.03402222, "waypoint_description_code": "E", "turn_direction": null, "rnp": 1.0, "path_termination": "TF", "recommanded_navaid": null, "recommanded_navaid_latitude": null, "recommanded_navaid_longitude": null, "arc_radius": null, "theta": null, "rho": null, "magnetic_course": null, "route_distance_holding_distance_time": null, "distance_time": null, "altitude_description": "+", "altitude1": 9000.0, "altitude2": null, "transition_altitude": null, "speed_limit_description": null, "speed_limit": null, "vertical_angle": null, "center_waypoint": null, "center_waypoint_latitude": null, "center_waypoint_longitude": null, "aircraft_category": null}, "geometry": {"type": "MultiPoint", "coordinates": [[94.03402222, 18.64589444]]}}, {"type": "Feature", "properties": {"fid": 458, "area_code": "PAC", "airport_identifier": "VYTD", "procedure_identifier": "ANLO1B", "route_type": "5", "transition_identifier": "RW02", "seqno": 40, "waypoint_icao_code": "VY", "waypoint_identifier": "NODEN", "waypoint_latitude": 18.32346944, "waypoint_longitude": 94.15338056, "waypoint_description_code": "E", "turn_direction": null, "rnp": 1.0, "path_termination": "TF", "recommanded_navaid": null, "recommanded_navaid_latitude": null, "recommanded_navaid_longitude": null, "arc_radius": null, "theta": null, "rho": null, "magnetic_course": null, "route_distance_holding_distance_time": null, "distance_time": null, "altitude_description": "+", "altitude1": 3000.0, "altitude2": null, "transition_altitude": null, "speed_limit_description": "-", "speed_limit": 210.0, "vertical_angle": null, "center_waypoint": null, "center_waypoint_latitude": null, "center_waypoint_longitude": null, "aircraft_category": null}, "geometry": {"type": "MultiPoint", "coordinates": [[94.15338056, 18.32346944]]}}, {"type": "Feature", "properties": {"fid": 460, "area_code": "PAC", "airport_identifier": "VYTD", "procedure_identifier": "MUPI1B", "route_type": "5", "transition_identifier": "RW02", "seqno": 10, "waypoint_icao_code": "VY", "waypoint_identifier": "MUPIG", "waypoint_latitude": 18.18215556, "waypoint_longitude": 94.83915, "waypoint_description_code": "E", "turn_direction": null, "rnp": 1.0, "path_termination": "IF", "recommanded_navaid": null, "recommanded_navaid_latitude": null, "recommanded_navaid_longitude": null, "arc_radius": null, "theta": null, "rho": null, "magnetic_course": null, "route_distance_holding_distance_time": null, "distance_time": null, "altitude_description": null, "altitude1": null, "altitude2": null, "transition_altitude": null, "speed_limit_description": null, "speed_limit": null, "vertical_angle": null, "center_waypoint": null, "center_waypoint_latitude": null, "center_waypoint_longitude": null, "aircraft_category": null}, "geometry": {"type": "MultiPoint", "coordinates": [[94.83915, 18.18215556]]}}, {"type": "Feature", "properties": {"fid": 461, "area_code": "PAC", "airport_identifier": "VYTD", "procedure_identifier": "MUPI1B", "route_type": "5", "transition_identifier": "RW02", "seqno": 20, "waypoint_icao_code": "VY", "waypoint_identifier": "TD914", "waypoint_latitude": 18.20714167, "waypoint_longitude": 94.68393611, "waypoint_description_code": "E", "turn_direction": null, "rnp": 1.0, "path_termination": "TF", "recommanded_navaid": null, "recommanded_navaid_latitude": null, "recommanded_navaid_longitude": null, "arc_radius": null, "theta": null, "rho": null, "magnetic_course": null, "route_distance_holding_distance_time": null, "distance_time": null, "altitude_description": "+", "altitude1": 12000.0, "altitude2": null, "transition_altitude": null, "speed_limit_description": null, "speed_limit": null, "vertical_angle": null, "center_waypoint": null, "center_waypoint_latitude": null, "center_waypoint_longitude": null, "aircraft_category": null}, "geometry": {"type": "MultiPoint", "coordinates": [[94.68393611, 18.20714167]]}}, {"type": "Feature", "properties": {"fid": 462, "area_code": "PAC", "airport_identifier": "VYTD", "procedure_identifier": "MUPI1B", "route_type": "5", "transition_identifier": "RW02", "seqno": 30, "waypoint_icao_code": "VY", "waypoint_identifier": "TD915", "waypoint_latitude": 18.22982222, "waypoint_longitude": 94.54235833, "waypoint_description_code": "E", "turn_direction": null, "rnp": 1.0, "path_termination": "TF", "recommanded_navaid": null, "recommanded_navaid_latitude": null, "recommanded_navaid_longitude": null, "arc_radius": null, "theta": null, "rho": null, "magnetic_course": null, "route_distance_holding_distance_time": null, "distance_time": null, "altitude_description": "+", "altitude1": 9000.0, "altitude2": null, "transition_altitude": null, "speed_limit_description": null, "speed_limit": null, "vertical_angle": null, "center_waypoint": null, "center_waypoint_latitude": null, "center_waypoint_longitude": null, "aircraft_category": null}, "geometry": {"type": "MultiPoint", "coordinates": [[94.54235833, 18.22982222]]}}, {"type": "Feature", "properties": {"fid": 463, "area_code": "PAC", "airport_identifier": "VYTD", "procedure_identifier": "MUPI1B", "route_type": "5", "transition_identifier": "RW02", "seqno": 40, "waypoint_icao_code": "VY", "waypoint_identifier": "SUSEN", "waypoint_latitude": 18.26558056, "waypoint_longitude": 94.31773056, "waypoint_description_code": "E", "turn_direction": null, "rnp": 1.0, "path_termination": "TF", "recommanded_navaid": null, "recommanded_navaid_latitude": null, "recommanded_navaid_longitude": null, "arc_radius": null, "theta": null, "rho": null, "magnetic_course": null, "route_distance_holding_distance_time": null, "distance_time": null, "altitude_description": "+", "altitude1": 4000.0, "altitude2": null, "transition_altitude": null, "speed_limit_description": "-", "speed_limit": 210.0, "vertical_angle": null, "center_waypoint": null, "center_waypoint_latitude": null, "center_waypoint_longitude": null, "aircraft_category": null}, "geometry": {"type": "MultiPoint", "coordinates": [[94.31773056, 18.26558056]]}}, {"type": "Feature", "properties": {"fid": 465, "area_code": "PAC", "airport_identifier": "VYSW", "procedure_identifier": "GOKE1D", "route_type": "5", "transition_identifier": "RW11", "seqno": 10, "waypoint_icao_code": "VY", "waypoint_identifier": "GOKET", "waypoint_latitude": 20.04508333, "waypoint_longitude": 93.48566667, "waypoint_description_code": "E", "turn_direction": null, "rnp": 1.0, "path_termination": "IF", "recommanded_navaid": null, "recommanded_navaid_latitude": null, "recommanded_navaid_longitude": null, "arc_radius": null, "theta": null, "rho": null, "magnetic_course": null, "route_distance_holding_distance_time": null, "distance_time": null, "altitude_description": null, "altitude1": null, "altitude2": null, "transition_altitude": null, "speed_limit_description": null, "speed_limit": null, "vertical_angle": null, "center_waypoint": null, "center_waypoint_latitude": null, "center_waypoint_longitude": null, "aircraft_category": null}, "geometry": {"type": "MultiPoint", "coordinates": [[93.48566667, 20.04508333]]}}, {"type": "Feature", "properties": {"fid": 466, "area_code": "PAC", "airport_identifier": "VYSW", "procedure_identifier": "GOKE1D", "route_type": "5", "transition_identifier": "RW11", "seqno": 20, "waypoint_icao_code": "VY", "waypoint_identifier": "SW919", "waypoint_latitude": 20.12419444, "waypoint_longitude": 93.22691667, "waypoint_description_code": "E", "turn_direction": null, "rnp": 1.0, "path_termination": "TF", "recommanded_navaid": null, "recommanded_navaid_latitude": null, "recommanded_navaid_longitude": null, "arc_radius": null, "theta": null, "rho": null, "magnetic_course": null, "route_distance_holding_distance_time": null, "distance_time": null, "altitude_description": null, "altitude1": null, "altitude2": null, "transition_altitude": null, "speed_limit_description": null, "speed_limit": null, "vertical_angle": null, "center_waypoint": null, "center_waypoint_latitude": null, "center_waypoint_longitude": null, "aircraft_category": null}, "geometry": {"type": "MultiPoint", "coordinates": [[93.22691667, 20.12419444]]}}, {"type": "Feature", "properties": {"fid": 467, "area_code": "PAC", "airport_identifier": "VYSW", "procedure_identifier": "GOKE1D", "route_type": "5", "transition_identifier": "RW11", "seqno": 30, "waypoint_icao_code": "VY", "waypoint_identifier": "SW918", "waypoint_latitude": 20.17280556, "waypoint_longitude": 93.06716667, "waypoint_description_code": "E", "turn_direction": null, "rnp": 1.0, "path_termination": "TF", "recommanded_navaid": null, "recommanded_navaid_latitude": null, "recommanded_navaid_longitude": null, "arc_radius": null, "theta": null, "rho": null, "magnetic_course": null, "route_distance_holding_distance_time": null, "distance_time": null, "altitude_description": null, "altitude1": null, "altitude2": null, "transition_altitude": null, "speed_limit_description": null, "speed_limit": null, "vertical_angle": null, "center_waypoint": null, "center_waypoint_latitude": null, "center_waypoint_longitude": null, "aircraft_category": null}, "geometry": {"type": "MultiPoint", "coordinates": [[93.06716667, 20.17280556]]}}, {"type": "Feature", "properties": {"fid": 468, "area_code": "PAC", "airport_identifier": "VYSW", "procedure_identifier": "GOKE1D", "route_type": "5", "transition_identifier": "RW11", "seqno": 40, "waypoint_icao_code": "VY", "waypoint_identifier": "BYALA", "waypoint_latitude": 20.25655556, "waypoint_longitude": 92.7135, "waypoint_description_code": "E", "turn_direction": null, "rnp": 1.0, "path_termination": "TF", "recommanded_navaid": null, "recommanded_navaid_latitude": null, "recommanded_navaid_longitude": null, "arc_radius": null, "theta": null, "rho": null, "magnetic_course": null, "route_distance_holding_distance_time": null, "distance_time": null, "altitude_description": "+", "altitude1": 3000.0, "altitude2": null, "transition_altitude": null, "speed_limit_description": "-", "speed_limit": 210.0, "vertical_angle": null, "center_waypoint": null, "center_waypoint_latitude": null, "center_waypoint_longitude": null, "aircraft_category": null}, "geometry": {"type": "MultiPoint", "coordinates": [[92.7135, 20.25655556]]}}, {"type": "Feature", "properties": {"fid": 470, "area_code": "PAC", "airport_identifier": "VYSW", "procedure_identifier": "ENKE1D", "route_type": "5", "transition_identifier": "RW11", "seqno": 10, "waypoint_icao_code": "VY", "waypoint_identifier": "ENKEL", "waypoint_latitude": 19.74533333, "waypoint_longitude": 93.24202778, "waypoint_description_code": "E", "turn_direction": null, "rnp": 1.0, "path_termination": "IF", "recommanded_navaid": null, "recommanded_navaid_latitude": null, "recommanded_navaid_longitude": null, "arc_radius": null, "theta": null, "rho": null, "magnetic_course": null, "route_distance_holding_distance_time": null, "distance_time": null, "altitude_description": "+", "altitude1": 12000.0, "altitude2": null, "transition_altitude": null, "speed_limit_description": null, "speed_limit": null, "vertical_angle": null, "center_waypoint": null, "center_waypoint_latitude": null, "center_waypoint_longitude": null, "aircraft_category": null}, "geometry": {"type": "MultiPoint", "coordinates": [[93.24202778, 19.74533333]]}}, {"type": "Feature", "properties": {"fid": 471, "area_code": "PAC", "airport_identifier": "VYSW", "procedure_identifier": "ENKE1D", "route_type": "5", "transition_identifier": "RW11", "seqno": 20, "waypoint_icao_code": "VY", "waypoint_identifier": "SW920", "waypoint_latitude": 19.85277778, "waypoint_longitude": 93.06666667, "waypoint_description_code": "E", "turn_direction": null, "rnp": 1.0, "path_termination": "TF", "recommanded_navaid": null, "recommanded_navaid_latitude": null, "recommanded_navaid_longitude": null, "arc_radius": null, "theta": null, "rho": null, "magnetic_course": null, "route_distance_holding_distance_time": null, "distance_time": null, "altitude_description": null, "altitude1": null, "altitude2": null, "transition_altitude": null, "speed_limit_description": null, "speed_limit": null, "vertical_angle": null, "center_waypoint": null, "center_waypoint_latitude": null, "center_waypoint_longitude": null, "aircraft_category": null}, "geometry": {"type": "MultiPoint", "coordinates": [[93.06666667, 19.85277778]]}}, {"type": "Feature", "properties": {"fid": 472, "area_code": "PAC", "airport_identifier": "VYSW", "procedure_identifier": "ENKE1D", "route_type": "5", "transition_identifier": "RW11", "seqno": 30, "waypoint_icao_code": "VY", "waypoint_identifier": "SIDRA", "waypoint_latitude": 20.09427778, "waypoint_longitude": 92.6705, "waypoint_description_code": "E", "turn_direction": null, "rnp": 1.0, "path_termination": "TF", "recommanded_navaid": null, "recommanded_navaid_latitude": null, "recommanded_navaid_longitude": null, "arc_radius": null, "theta": null, "rho": null, "magnetic_course": null, "route_distance_holding_distance_time": null, "distance_time": null, "altitude_description": "+", "altitude1": 3000.0, "altitude2": null, "transition_altitude": null, "speed_limit_description": "-", "speed_limit": 210.0, "vertical_angle": null, "center_waypoint": null, "center_waypoint_latitude": null, "center_waypoint_longitude": null, "aircraft_category": null}, "geometry": {"type": "MultiPoint", "coordinates": [[92.6705, 20.09427778]]}}, {"type": "Feature", "properties": {"fid": 474, "area_code": "PAC", "airport_identifier": "VYHH", "procedure_identifier": "REMI1B", "route_type": "5", "transition_identifier": "RW36", "seqno": 10, "waypoint_icao_code": "VY", "waypoint_identifier": "REMIN", "waypoint_latitude": 20.16347222, "waypoint_longitude": 96.74366667, "waypoint_description_code": "E", "turn_direction": null, "rnp": 1.0, "path_termination": "IF", "recommanded_navaid": null, "recommanded_navaid_latitude": null, "recommanded_navaid_longitude": null, "arc_radius": null, "theta": null, "rho": null, "magnetic_course": null, "route_distance_holding_distance_time": null, "distance_time": null, "altitude_description": null, "altitude1": null, "altitude2": null, "transition_altitude": null, "speed_limit_description": null, "speed_limit": null, "vertical_angle": null, "center_waypoint": null, "center_waypoint_latitude": null, "center_waypoint_longitude": null, "aircraft_category": null}, "geometry": {"type": "MultiPoint", "coordinates": [[96.74366667, 20.16347222]]}}, {"type": "Feature", "properties": {"fid": 475, "area_code": "PAC", "airport_identifier": "VYHH", "procedure_identifier": "REMI1B", "route_type": "5", "transition_identifier": "RW36", "seqno": 20, "waypoint_icao_code": "VY", "waypoint_identifier": "DUMER", "waypoint_latitude": 20.41258333, "waypoint_longitude": 96.79061111, "waypoint_description_code": "E", "turn_direction": null, "rnp": 1.0, "path_termination": "TF", "recommanded_navaid": null, "recommanded_navaid_latitude": null, "recommanded_navaid_longitude": null, "arc_radius": null, "theta": null, "rho": null, "magnetic_course": null, "route_distance_holding_distance_time": null, "distance_time": null, "altitude_description": "+", "altitude1": 10000.0, "altitude2": null, "transition_altitude": null, "speed_limit_description": "-", "speed_limit": 230.0, "vertical_angle": null, "center_waypoint": null, "center_waypoint_latitude": null, "center_waypoint_longitude": null, "aircraft_category": null}, "geometry": {"type": "MultiPoint", "coordinates": [[96.79061111, 20.41258333]]}}, {"type": "Feature", "properties": {"fid": 477, "area_code": "PAC", "airport_identifier": "VYSW", "procedure_identifier": "POME1D", "route_type": "5", "transition_identifier": "RW11", "seqno": 10, "waypoint_icao_code": "VY", "waypoint_identifier": "POMEN", "waypoint_latitude": 19.95036111, "waypoint_longitude": 93.46113889, "waypoint_description_code": "E", "turn_direction": null, "rnp": 1.0, "path_termination": "IF", "recommanded_navaid": null, "recommanded_navaid_latitude": null, "recommanded_navaid_longitude": null, "arc_radius": null, "theta": null, "rho": null, "magnetic_course": null, "route_distance_holding_distance_time": null, "distance_time": null, "altitude_description": null, "altitude1": null, "altitude2": null, "transition_altitude": null, "speed_limit_description": null, "speed_limit": null, "vertical_angle": null, "center_waypoint": null, "center_waypoint_latitude": null, "center_waypoint_longitude": null, "aircraft_category": null}, "geometry": {"type": "MultiPoint", "coordinates": [[93.46113889, 19.95036111]]}}, {"type": "Feature", "properties": {"fid": 478, "area_code": "PAC", "airport_identifier": "VYSW", "procedure_identifier": "POME1D", "route_type": "5", "transition_identifier": "RW11", "seqno": 20, "waypoint_icao_code": "VY", "waypoint_identifier": "SW916", "waypoint_latitude": 20.03766667, "waypoint_longitude": 93.34375, "waypoint_description_code": "E", "turn_direction": null, "rnp": 1.0, "path_termination": "TF", "recommanded_navaid": null, "recommanded_navaid_latitude": null, "recommanded_navaid_longitude": null, "arc_radius": null, "theta": null, "rho": null, "magnetic_course": null, "route_distance_holding_distance_time": null, "distance_time": null, "altitude_description": "+", "altitude1": 12000.0, "altitude2": null, "transition_altitude": null, "speed_limit_description": null, "speed_limit": null, "vertical_angle": null, "center_waypoint": null, "center_waypoint_latitude": null, "center_waypoint_longitude": null, "aircraft_category": null}, "geometry": {"type": "MultiPoint", "coordinates": [[93.34375, 20.03766667]]}}, {"type": "Feature", "properties": {"fid": 479, "area_code": "PAC", "airport_identifier": "VYSW", "procedure_identifier": "POME1D", "route_type": "5", "transition_identifier": "RW11", "seqno": 30, "waypoint_icao_code": "VY", "waypoint_identifier": "SW919", "waypoint_latitude": 20.12419444, "waypoint_longitude": 93.22691667, "waypoint_description_code": "E", "turn_direction": null, "rnp": 1.0, "path_termination": "TF", "recommanded_navaid": null, "recommanded_navaid_latitude": null, "recommanded_navaid_longitude": null, "arc_radius": null, "theta": null, "rho": null, "magnetic_course": null, "route_distance_holding_distance_time": null, "distance_time": null, "altitude_description": null, "altitude1": null, "altitude2": null, "transition_altitude": null, "speed_limit_description": null, "speed_limit": null, "vertical_angle": null, "center_waypoint": null, "center_waypoint_latitude": null, "center_waypoint_longitude": null, "aircraft_category": null}, "geometry": {"type": "MultiPoint", "coordinates": [[93.22691667, 20.12419444]]}}, {"type": "Feature", "properties": {"fid": 480, "area_code": "PAC", "airport_identifier": "VYSW", "procedure_identifier": "POME1D", "route_type": "5", "transition_identifier": "RW11", "seqno": 40, "waypoint_icao_code": "VY", "waypoint_identifier": "SW918", "waypoint_latitude": 20.17280556, "waypoint_longitude": 93.06716667, "waypoint_description_code": "E", "turn_direction": null, "rnp": 1.0, "path_termination": "TF", "recommanded_navaid": null, "recommanded_navaid_latitude": null, "recommanded_navaid_longitude": null, "arc_radius": null, "theta": null, "rho": null, "magnetic_course": null, "route_distance_holding_distance_time": null, "distance_time": null, "altitude_description": null, "altitude1": null, "altitude2": null, "transition_altitude": null, "speed_limit_description": null, "speed_limit": null, "vertical_angle": null, "center_waypoint": null, "center_waypoint_latitude": null, "center_waypoint_longitude": null, "aircraft_category": null}, "geometry": {"type": "MultiPoint", "coordinates": [[93.06716667, 20.17280556]]}}, {"type": "Feature", "properties": {"fid": 481, "area_code": "PAC", "airport_identifier": "VYSW", "procedure_identifier": "POME1D", "route_type": "5", "transition_identifier": "RW11", "seqno": 50, "waypoint_icao_code": "VY", "waypoint_identifier": "BYALA", "waypoint_latitude": 20.25655556, "waypoint_longitude": 92.7135, "waypoint_description_code": "E", "turn_direction": null, "rnp": 1.0, "path_termination": "TF", "recommanded_navaid": null, "recommanded_navaid_latitude": null, "recommanded_navaid_longitude": null, "arc_radius": null, "theta": null, "rho": null, "magnetic_course": null, "route_distance_holding_distance_time": null, "distance_time": null, "altitude_description": "+", "altitude1": 3000.0, "altitude2": null, "transition_altitude": null, "speed_limit_description": "-", "speed_limit": 210.0, "vertical_angle": null, "center_waypoint": null, "center_waypoint_latitude": null, "center_waypoint_longitude": null, "aircraft_category": null}, "geometry": {"type": "MultiPoint", "coordinates": [[92.7135, 20.25655556]]}}, {"type": "Feature", "properties": {"fid": 483, "area_code": "PAC", "airport_identifier": "VYTD", "procedure_identifier": "TOGE1B", "route_type": "5", "transition_identifier": "RW02", "seqno": 10, "waypoint_icao_code": "VY", "waypoint_identifier": "TOGER", "waypoint_latitude": 18.77997778, "waypoint_longitude": 94.81464167, "waypoint_description_code": "E", "turn_direction": null, "rnp": 1.0, "path_termination": "IF", "recommanded_navaid": null, "recommanded_navaid_latitude": null, "recommanded_navaid_longitude": null, "arc_radius": null, "theta": null, "rho": null, "magnetic_course": null, "route_distance_holding_distance_time": null, "distance_time": null, "altitude_description": "+", "altitude1": 12000.0, "altitude2": null, "transition_altitude": null, "speed_limit_description": null, "speed_limit": null, "vertical_angle": null, "center_waypoint": null, "center_waypoint_latitude": null, "center_waypoint_longitude": null, "aircraft_category": null}, "geometry": {"type": "MultiPoint", "coordinates": [[94.81464167, 18.77997778]]}}, {"type": "Feature", "properties": {"fid": 484, "area_code": "PAC", "airport_identifier": "VYTD", "procedure_identifier": "TOGE1B", "route_type": "5", "transition_identifier": "RW02", "seqno": 20, "waypoint_icao_code": "VY", "waypoint_identifier": "TD910", "waypoint_latitude": 18.58479167, "waypoint_longitude": 94.62551111, "waypoint_description_code": "E", "turn_direction": null, "rnp": 1.0, "path_termination": "TF", "recommanded_navaid": null, "recommanded_navaid_latitude": null, "recommanded_navaid_longitude": null, "arc_radius": null, "theta": null, "rho": null, "magnetic_course": null, "route_distance_holding_distance_time": null, "distance_time": null, "altitude_description": "+", "altitude1": 10000.0, "altitude2": null, "transition_altitude": null, "speed_limit_description": null, "speed_limit": null, "vertical_angle": null, "center_waypoint": null, "center_waypoint_latitude": null, "center_waypoint_longitude": null, "aircraft_category": null}, "geometry": {"type": "MultiPoint", "coordinates": [[94.62551111, 18.58479167]]}}, {"type": "Feature", "properties": {"fid": 485, "area_code": "PAC", "airport_identifier": "VYTD", "procedure_identifier": "TOGE1B", "route_type": "5", "transition_identifier": "RW02", "seqno": 30, "waypoint_icao_code": "VY", "waypoint_identifier": "TD909", "waypoint_latitude": 18.43871111, "waypoint_longitude": 94.48445, "waypoint_description_code": "E", "turn_direction": null, "rnp": 1.0, "path_termination": "TF", "recommanded_navaid": null, "recommanded_navaid_latitude": null, "recommanded_navaid_longitude": null, "arc_radius": null, "theta": null, "rho": null, "magnetic_course": null, "route_distance_holding_distance_time": null, "distance_time": null, "altitude_description": "+", "altitude1": 7000.0, "altitude2": null, "transition_altitude": null, "speed_limit_description": null, "speed_limit": null, "vertical_angle": null, "center_waypoint": null, "center_waypoint_latitude": null, "center_waypoint_longitude": null, "aircraft_category": null}, "geometry": {"type": "MultiPoint", "coordinates": [[94.48445, 18.43871111]]}}, {"type": "Feature", "properties": {"fid": 486, "area_code": "PAC", "airport_identifier": "VYTD", "procedure_identifier": "TOGE1B", "route_type": "5", "transition_identifier": "RW02", "seqno": 40, "waypoint_icao_code": "VY", "waypoint_identifier": "SUSEN", "waypoint_latitude": 18.26558056, "waypoint_longitude": 94.31773056, "waypoint_description_code": "E", "turn_direction": null, "rnp": 1.0, "path_termination": "TF", "recommanded_navaid": null, "recommanded_navaid_latitude": null, "recommanded_navaid_longitude": null, "arc_radius": null, "theta": null, "rho": null, "magnetic_course": null, "route_distance_holding_distance_time": null, "distance_time": null, "altitude_description": "+", "altitude1": 4000.0, "altitude2": null, "transition_altitude": null, "speed_limit_description": "-", "speed_limit": 210.0, "vertical_angle": null, "center_waypoint": null, "center_waypoint_latitude": null, "center_waypoint_longitude": null, "aircraft_category": null}, "geometry": {"type": "MultiPoint", "coordinates": [[94.31773056, 18.26558056]]}}, {"type": "Feature", "properties": {"fid": 488, "area_code": "PAC", "airport_identifier": "VYMD", "procedure_identifier": "THAZ1W", "route_type": "5", "transition_identifier": "RW35", "seqno": 10, "waypoint_icao_code": "VY", "waypoint_identifier": "THAZI", "waypoint_latitude": 21.25866667, "waypoint_longitude": 96.35636111, "waypoint_description_code": "E", "turn_direction": null, "rnp": null, "path_termination": "IF", "recommanded_navaid": null, "recommanded_navaid_latitude": null, "recommanded_navaid_longitude": null, "arc_radius": null, "theta": null, "rho": null, "magnetic_course": null, "route_distance_holding_distance_time": null, "distance_time": null, "altitude_description": "-", "altitude1": 12000.0, "altitude2": null, "transition_altitude": null, "speed_limit_description": "-", "speed_limit": 230.0, "vertical_angle": null, "center_waypoint": null, "center_waypoint_latitude": null, "center_waypoint_longitude": null, "aircraft_category": null}, "geometry": {"type": "MultiPoint", "coordinates": [[96.35636111, 21.25866667]]}}, {"type": "Feature", "properties": {"fid": 489, "area_code": "PAC", "airport_identifier": "VYMD", "procedure_identifier": "THAZ1W", "route_type": "5", "transition_identifier": "RW35", "seqno": 20, "waypoint_icao_code": "VY", "waypoint_identifier": "MDS11", "waypoint_latitude": 21.33891667, "waypoint_longitude": 96.20208333, "waypoint_description_code": "E", "turn_direction": null, "rnp": null, "path_termination": "TF", "recommanded_navaid": null, "recommanded_navaid_latitude": null, "recommanded_navaid_longitude": null, "arc_radius": null, "theta": null, "rho": null, "magnetic_course": null, "route_distance_holding_distance_time": null, "distance_time": null, "altitude_description": "-", "altitude1": 9000.0, "altitude2": null, "transition_altitude": null, "speed_limit_description": null, "speed_limit": null, "vertical_angle": null, "center_waypoint": null, "center_waypoint_latitude": null, "center_waypoint_longitude": null, "aircraft_category": null}, "geometry": {"type": "MultiPoint", "coordinates": [[96.20208333, 21.33891667]]}}, {"type": "Feature", "properties": {"fid": 490, "area_code": "PAC", "airport_identifier": "VYMD", "procedure_identifier": "THAZ1W", "route_type": "5", "transition_identifier": "RW35", "seqno": 30, "waypoint_icao_code": "VY", "waypoint_identifier": "MDS02", "waypoint_latitude": 21.42933333, "waypoint_longitude": 96.02811111, "waypoint_description_code": "E", "turn_direction": null, "rnp": null, "path_termination": "TF", "recommanded_navaid": null, "recommanded_navaid_latitude": null, "recommanded_navaid_longitude": null, "arc_radius": null, "theta": null, "rho": null, "magnetic_course": null, "route_distance_holding_distance_time": null, "distance_time": null, "altitude_description": "+", "altitude1": 5000.0, "altitude2": null, "transition_altitude": null, "speed_limit_description": "-", "speed_limit": 230.0, "vertical_angle": null, "center_waypoint": null, "center_waypoint_latitude": null, "center_waypoint_longitude": null, "aircraft_category": null}, "geometry": {"type": "MultiPoint", "coordinates": [[96.02811111, 21.42933333]]}}, {"type": "Feature", "properties": {"fid": 492, "area_code": "PAC", "airport_identifier": "VYYY", "procedure_identifier": "RELA1A", "route_type": "4", "transition_identifier": "BOMAS", "seqno": 10, "waypoint_icao_code": "VY", "waypoint_identifier": "BOMAS", "waypoint_latitude": 17.38466667, "waypoint_longitude": 98.09697222, "waypoint_description_code": "E", "turn_direction": null, "rnp": null, "path_termination": "IF", "recommanded_navaid": null, "recommanded_navaid_latitude": null, "recommanded_navaid_longitude": null, "arc_radius": null, "theta": null, "rho": null, "magnetic_course": null, "route_distance_holding_distance_time": null, "distance_time": null, "altitude_description": null, "altitude1": null, "altitude2": null, "transition_altitude": null, "speed_limit_description": null, "speed_limit": null, "vertical_angle": null, "center_waypoint": null, "center_waypoint_latitude": null, "center_waypoint_longitude": null, "aircraft_category": null}, "geometry": {"type": "MultiPoint", "coordinates": [[98.09697222, 17.38466667]]}}, {"type": "Feature", "properties": {"fid": 493, "area_code": "PAC", "airport_identifier": "VYYY", "procedure_identifier": "RELA1A", "route_type": "4", "transition_identifier": "BOMAS", "seqno": 20, "waypoint_icao_code": "VY", "waypoint_identifier": "RELAP", "waypoint_latitude": 17.34313889, "waypoint_longitude": 97.07345278, "waypoint_description_code": "E", "turn_direction": null, "rnp": null, "path_termination": "TF", "recommanded_navaid": null, "recommanded_navaid_latitude": null, "recommanded_navaid_longitude": null, "arc_radius": null, "theta": null, "rho": null, "magnetic_course": null, "route_distance_holding_distance_time": null, "distance_time": null, "altitude_description": "+", "altitude1": 12000.0, "altitude2": null, "transition_altitude": null, "speed_limit_description": "-", "speed_limit": 230.0, "vertical_angle": null, "center_waypoint": null, "center_waypoint_latitude": null, "center_waypoint_longitude": null, "aircraft_category": null}, "geometry": {"type": "MultiPoint", "coordinates": [[97.07345278, 17.34313889]]}}, {"type": "Feature", "properties": {"fid": 495, "area_code": "PAC", "airport_identifier": "VYYY", "procedure_identifier": "RELA1A", "route_type": "4", "transition_identifier": "MAKAS", "seqno": 10, "waypoint_icao_code": "VY", "waypoint_identifier": "MAKAS", "waypoint_latitude": 16.82972222, "waypoint_longitude": 98.49691667, "waypoint_description_code": "E", "turn_direction": null, "rnp": null, "path_termination": "IF", "recommanded_navaid": null, "recommanded_navaid_latitude": null, "recommanded_navaid_longitude": null, "arc_radius": null, "theta": null, "rho": null, "magnetic_course": null, "route_distance_holding_distance_time": null, "distance_time": null, "altitude_description": null, "altitude1": null, "altitude2": null, "transition_altitude": null, "speed_limit_description": null, "speed_limit": null, "vertical_angle": null, "center_waypoint": null, "center_waypoint_latitude": null, "center_waypoint_longitude": null, "aircraft_category": null}, "geometry": {"type": "MultiPoint", "coordinates": [[98.49691667, 16.82972222]]}}, {"type": "Feature", "properties": {"fid": 496, "area_code": "PAC", "airport_identifier": "VYYY", "procedure_identifier": "RELA1A", "route_type": "4", "transition_identifier": "MAKAS", "seqno": 20, "waypoint_icao_code": "VY", "waypoint_identifier": "RELAP", "waypoint_latitude": 17.34313889, "waypoint_longitude": 97.07345278, "waypoint_description_code": "E", "turn_direction": null, "rnp": null, "path_termination": "TF", "recommanded_navaid": null, "recommanded_navaid_latitude": null, "recommanded_navaid_longitude": null, "arc_radius": null, "theta": null, "rho": null, "magnetic_course": null, "route_distance_holding_distance_time": null, "distance_time": null, "altitude_description": "+", "altitude1": 12000.0, "altitude2": null, "transition_altitude": null, "speed_limit_description": "-", "speed_limit": 230.0, "vertical_angle": null, "center_waypoint": null, "center_waypoint_latitude": null, "center_waypoint_longitude": null, "aircraft_category": null}, "geometry": {"type": "MultiPoint", "coordinates": [[97.07345278, 17.34313889]]}}, {"type": "Feature", "properties": {"fid": 498, "area_code": "PAC", "airport_identifier": "VYYY", "procedure_identifier": "RELA1A", "route_type": "5", "transition_identifier": "RW21", "seqno": 10, "waypoint_icao_code": "VY", "waypoint_identifier": "RELAP", "waypoint_latitude": 17.34313889, "waypoint_longitude": 97.07345278, "waypoint_description_code": "E", "turn_direction": null, "rnp": null, "path_termination": "IF", "recommanded_navaid": null, "recommanded_navaid_latitude": null, "recommanded_navaid_longitude": null, "arc_radius": null, "theta": null, "rho": null, "magnetic_course": null, "route_distance_holding_distance_time": null, "distance_time": null, "altitude_description": "+", "altitude1": 12000.0, "altitude2": null, "transition_altitude": null, "speed_limit_description": "-", "speed_limit": 230.0, "vertical_angle": null, "center_waypoint": null, "center_waypoint_latitude": null, "center_waypoint_longitude": null, "aircraft_category": null}, "geometry": {"type": "MultiPoint", "coordinates": [[97.07345278, 17.34313889]]}}, {"type": "Feature", "properties": {"fid": 499, "area_code": "PAC", "airport_identifier": "VYYY", "procedure_identifier": "RELA1A", "route_type": "5", "transition_identifier": "RW21", "seqno": 20, "waypoint_icao_code": "VY", "waypoint_identifier": "BAGOO", "waypoint_latitude": 17.3185, "waypoint_longitude": 96.51986111, "waypoint_description_code": "E", "turn_direction": null, "rnp": null, "path_termination": "TF", "recommanded_navaid": null, "recommanded_navaid_latitude": null, "recommanded_navaid_longitude": null, "arc_radius": null, "theta": null, "rho": null, "magnetic_course": null, "route_distance_holding_distance_time": null, "distance_time": null, "altitude_description": "+", "altitude1": 8000.0, "altitude2": null, "transition_altitude": null, "speed_limit_description": "-", "speed_limit": 230.0, "vertical_angle": null, "center_waypoint": null, "center_waypoint_latitude": null, "center_waypoint_longitude": null, "aircraft_category": null}, "geometry": {"type": "MultiPoint", "coordinates": [[96.51986111, 17.3185]]}}, {"type": "Feature", "properties": {"fid": 500, "area_code": "PAC", "airport_identifier": "VYYY", "procedure_identifier": "RELA1A", "route_type": "5", "transition_identifier": "RW21", "seqno": 30, "waypoint_icao_code": "VY", "waypoint_identifier": "PAKSU", "waypoint_latitude": 17.14961111, "waypoint_longitude": 96.32894444, "waypoint_description_code": "E", "turn_direction": null, "rnp": null, "path_termination": "TF", "recommanded_navaid": null, "recommanded_navaid_latitude": null, "recommanded_navaid_longitude": null, "arc_radius": null, "theta": null, "rho": null, "magnetic_course": null, "route_distance_holding_distance_time": null, "distance_time": null, "altitude_description": "+", "altitude1": 4000.0, "altitude2": null, "transition_altitude": null, "speed_limit_description": "-", "speed_limit": 230.0, "vertical_angle": null, "center_waypoint": null, "center_waypoint_latitude": null, "center_waypoint_longitude": null, "aircraft_category": null}, "geometry": {"type": "MultiPoint", "coordinates": [[96.32894444, 17.14961111]]}}, {"type": "Feature", "properties": {"fid": 502, "area_code": "PAC", "airport_identifier": "VYSW", "procedure_identifier": "POME1B", "route_type": "5", "transition_identifier": "RW29", "seqno": 10, "waypoint_icao_code": "VY", "waypoint_identifier": "POMEN", "waypoint_latitude": 19.95036111, "waypoint_longitude": 93.46113889, "waypoint_description_code": "E", "turn_direction": null, "rnp": 1.0, "path_termination": "IF", "recommanded_navaid": null, "recommanded_navaid_latitude": null, "recommanded_navaid_longitude": null, "arc_radius": null, "theta": null, "rho": null, "magnetic_course": null, "route_distance_holding_distance_time": null, "distance_time": null, "altitude_description": "-", "altitude1": 9000.0, "altitude2": null, "transition_altitude": null, "speed_limit_description": null, "speed_limit": null, "vertical_angle": null, "center_waypoint": null, "center_waypoint_latitude": null, "center_waypoint_longitude": null, "aircraft_category": null}, "geometry": {"type": "MultiPoint", "coordinates": [[93.46113889, 19.95036111]]}}, {"type": "Feature", "properties": {"fid": 503, "area_code": "PAC", "airport_identifier": "VYSW", "procedure_identifier": "POME1B", "route_type": "5", "transition_identifier": "RW29", "seqno": 20, "waypoint_icao_code": "VY", "waypoint_identifier": "AKYAB", "waypoint_latitude": 20.0695, "waypoint_longitude": 93.13994444, "waypoint_description_code": "E", "turn_direction": null, "rnp": 1.0, "path_termination": "TF", "recommanded_navaid": null, "recommanded_navaid_latitude": null, "recommanded_navaid_longitude": null, "arc_radius": null, "theta": null, "rho": null, "magnetic_course": null, "route_distance_holding_distance_time": null, "distance_time": null, "altitude_description": "+", "altitude1": 3000.0, "altitude2": null, "transition_altitude": null, "speed_limit_description": "-", "speed_limit": 210.0, "vertical_angle": null, "center_waypoint": null, "center_waypoint_latitude": null, "center_waypoint_longitude": null, "aircraft_category": null}, "geometry": {"type": "MultiPoint", "coordinates": [[93.13994444, 20.0695]]}}, {"type": "Feature", "properties": {"fid": 505, "area_code": "PAC", "airport_identifier": "VYYY", "procedure_identifier": "BAGO1B", "route_type": "5", "transition_identifier": "RW03", "seqno": 10, "waypoint_icao_code": "VY", "waypoint_identifier": "BAGOO", "waypoint_latitude": 17.3185, "waypoint_longitude": 96.51986111, "waypoint_description_code": "E", "turn_direction": null, "rnp": null, "path_termination": "IF", "recommanded_navaid": null, "recommanded_navaid_latitude": null, "recommanded_navaid_longitude": null, "arc_radius": null, "theta": null, "rho": null, "magnetic_course": null, "route_distance_holding_distance_time": null, "distance_time": null, "altitude_description": "+", "altitude1": 8000.0, "altitude2": null, "transition_altitude": null, "speed_limit_description": "-", "speed_limit": 230.0, "vertical_angle": null, "center_waypoint": null, "center_waypoint_latitude": null, "center_waypoint_longitude": null, "aircraft_category": null}, "geometry": {"type": "MultiPoint", "coordinates": [[96.51986111, 17.3185]]}}, {"type": "Feature", "properties": {"fid": 506, "area_code": "PAC", "airport_identifier": "VYYY", "procedure_identifier": "BAGO1B", "route_type": "5", "transition_identifier": "RW03", "seqno": 20, "waypoint_icao_code": "VY", "waypoint_identifier": "GONAS", "waypoint_latitude": 17.16733333, "waypoint_longitude": 96.19222222, "waypoint_description_code": "E", "turn_direction": null, "rnp": null, "path_termination": "TF", "recommanded_navaid": null, "recommanded_navaid_latitude": null, "recommanded_navaid_longitude": null, "arc_radius": null, "theta": null, "rho": null, "magnetic_course": null, "route_distance_holding_distance_time": null, "distance_time": null, "altitude_description": null, "altitude1": null, "altitude2": null, "transition_altitude": null, "speed_limit_description": null, "speed_limit": null, "vertical_angle": null, "center_waypoint": null, "center_waypoint_latitude": null, "center_waypoint_longitude": null, "aircraft_category": null}, "geometry": {"type": "MultiPoint", "coordinates": [[96.19222222, 17.16733333]]}}, {"type": "Feature", "properties": {"fid": 507, "area_code": "PAC", "airport_identifier": "VYYY", "procedure_identifier": "BAGO1B", "route_type": "5", "transition_identifier": "RW03", "seqno": 30, "waypoint_icao_code": "VY", "waypoint_identifier": "EMREL", "waypoint_latitude": 16.80977778, "waypoint_longitude": 95.95386111, "waypoint_description_code": "E", "turn_direction": null, "rnp": null, "path_termination": "TF", "recommanded_navaid": null, "recommanded_navaid_latitude": null, "recommanded_navaid_longitude": null, "arc_radius": null, "theta": null, "rho": null, "magnetic_course": null, "route_distance_holding_distance_time": null, "distance_time": null, "altitude_description": "+", "altitude1": 4000.0, "altitude2": null, "transition_altitude": null, "speed_limit_description": "-", "speed_limit": 230.0, "vertical_angle": null, "center_waypoint": null, "center_waypoint_latitude": null, "center_waypoint_longitude": null, "aircraft_category": null}, "geometry": {"type": "MultiPoint", "coordinates": [[95.95386111, 16.80977778]]}}, {"type": "Feature", "properties": {"fid": 509, "area_code": "PAC", "airport_identifier": "VYYY", "procedure_identifier": "OKIK1B", "route_type": "4", "transition_identifier": "BGN", "seqno": 10, "waypoint_icao_code": "VY", "waypoint_identifier": "BGN", "waypoint_latitude": 21.16953611, "waypoint_longitude": 94.92815278, "waypoint_description_code": "E", "turn_direction": null, "rnp": null, "path_termination": "IF", "recommanded_navaid": null, "recommanded_navaid_latitude": null, "recommanded_navaid_longitude": null, "arc_radius": null, "theta": null, "rho": null, "magnetic_course": null, "route_distance_holding_distance_time": null, "distance_time": null, "altitude_description": null, "altitude1": null, "altitude2": null, "transition_altitude": null, "speed_limit_description": null, "speed_limit": null, "vertical_angle": null, "center_waypoint": null, "center_waypoint_latitude": null, "center_waypoint_longitude": null, "aircraft_category": null}, "geometry": {"type": "MultiPoint", "coordinates": [[94.92815278, 21.16953611]]}}, {"type": "Feature", "properties": {"fid": 510, "area_code": "PAC", "airport_identifier": "VYYY", "procedure_identifier": "OKIK1B", "route_type": "4", "transition_identifier": "BGN", "seqno": 20, "waypoint_icao_code": "VY", "waypoint_identifier": "OKIKO", "waypoint_latitude": 17.84839167, "waypoint_longitude": 95.771625, "waypoint_description_code": "E", "turn_direction": null, "rnp": null, "path_termination": "TF", "recommanded_navaid": null, "recommanded_navaid_latitude": null, "recommanded_navaid_longitude": null, "arc_radius": null, "theta": null, "rho": null, "magnetic_course": null, "route_distance_holding_distance_time": null, "distance_time": null, "altitude_description": "+", "altitude1": 13000.0, "altitude2": null, "transition_altitude": null, "speed_limit_description": "-", "speed_limit": 230.0, "vertical_angle": null, "center_waypoint": null, "center_waypoint_latitude": null, "center_waypoint_longitude": null, "aircraft_category": null}, "geometry": {"type": "MultiPoint", "coordinates": [[95.771625, 17.84839167]]}}, {"type": "Feature", "properties": {"fid": 512, "area_code": "PAC", "airport_identifier": "VYYY", "procedure_identifier": "OKIK1B", "route_type": "4", "transition_identifier": "DORLI", "seqno": 10, "waypoint_icao_code": "VY", "waypoint_identifier": "DORLI", "waypoint_latitude": 19.25747778, "waypoint_longitude": 94.70424722, "waypoint_description_code": "E", "turn_direction": null, "rnp": null, "path_termination": "IF", "recommanded_navaid": null, "recommanded_navaid_latitude": null, "recommanded_navaid_longitude": null, "arc_radius": null, "theta": null, "rho": null, "magnetic_course": null, "route_distance_holding_distance_time": null, "distance_time": null, "altitude_description": null, "altitude1": null, "altitude2": null, "transition_altitude": null, "speed_limit_description": null, "speed_limit": null, "vertical_angle": null, "center_waypoint": null, "center_waypoint_latitude": null, "center_waypoint_longitude": null, "aircraft_category": null}, "geometry": {"type": "MultiPoint", "coordinates": [[94.70424722, 19.25747778]]}}, {"type": "Feature", "properties": {"fid": 513, "area_code": "PAC", "airport_identifier": "VYYY", "procedure_identifier": "OKIK1B", "route_type": "4", "transition_identifier": "DORLI", "seqno": 20, "waypoint_icao_code": "VY", "waypoint_identifier": "OKIKO", "waypoint_latitude": 17.84839167, "waypoint_longitude": 95.771625, "waypoint_description_code": "E", "turn_direction": null, "rnp": null, "path_termination": "TF", "recommanded_navaid": null, "recommanded_navaid_latitude": null, "recommanded_navaid_longitude": null, "arc_radius": null, "theta": null, "rho": null, "magnetic_course": null, "route_distance_holding_distance_time": null, "distance_time": null, "altitude_description": "+", "altitude1": 13000.0, "altitude2": null, "transition_altitude": null, "speed_limit_description": "-", "speed_limit": 230.0, "vertical_angle": null, "center_waypoint": null, "center_waypoint_latitude": null, "center_waypoint_longitude": null, "aircraft_category": null}, "geometry": {"type": "MultiPoint", "coordinates": [[95.771625, 17.84839167]]}}, {"type": "Feature", "properties": {"fid": 515, "area_code": "PAC", "airport_identifier": "VYYY", "procedure_identifier": "OKIK1B", "route_type": "4", "transition_identifier": "IBITA", "seqno": 10, "waypoint_icao_code": "VY", "waypoint_identifier": "IBITA", "waypoint_latitude": 18.92, "waypoint_longitude": 91.99694444, "waypoint_description_code": "E", "turn_direction": null, "rnp": null, "path_termination": "IF", "recommanded_navaid": null, "recommanded_navaid_latitude": null, "recommanded_navaid_longitude": null, "arc_radius": null, "theta": null, "rho": null, "magnetic_course": null, "route_distance_holding_distance_time": null, "distance_time": null, "altitude_description": null, "altitude1": null, "altitude2": null, "transition_altitude": null, "speed_limit_description": null, "speed_limit": null, "vertical_angle": null, "center_waypoint": null, "center_waypoint_latitude": null, "center_waypoint_longitude": null, "aircraft_category": null}, "geometry": {"type": "MultiPoint", "coordinates": [[91.99694444, 18.92]]}}, {"type": "Feature", "properties": {"fid": 516, "area_code": "PAC", "airport_identifier": "VYYY", "procedure_identifier": "OKIK1B", "route_type": "4", "transition_identifier": "IBITA", "seqno": 20, "waypoint_icao_code": "VY", "waypoint_identifier": "OKIKO", "waypoint_latitude": 17.84839167, "waypoint_longitude": 95.771625, "waypoint_description_code": "E", "turn_direction": null, "rnp": null, "path_termination": "TF", "recommanded_navaid": null, "recommanded_navaid_latitude": null, "recommanded_navaid_longitude": null, "arc_radius": null, "theta": null, "rho": null, "magnetic_course": null, "route_distance_holding_distance_time": null, "distance_time": null, "altitude_description": "+", "altitude1": 13000.0, "altitude2": null, "transition_altitude": null, "speed_limit_description": "-", "speed_limit": 230.0, "vertical_angle": null, "center_waypoint": null, "center_waypoint_latitude": null, "center_waypoint_longitude": null, "aircraft_category": null}, "geometry": {"type": "MultiPoint", "coordinates": [[95.771625, 17.84839167]]}}, {"type": "Feature", "properties": {"fid": 518, "area_code": "PAC", "airport_identifier": "VYYY", "procedure_identifier": "OKIK1B", "route_type": "4", "transition_identifier": "KL", "seqno": 10, "waypoint_icao_code": "VY", "waypoint_identifier": "KL", "waypoint_latitude": 23.18873333, "waypoint_longitude": 94.05850278, "waypoint_description_code": "E", "turn_direction": null, "rnp": null, "path_termination": "IF", "recommanded_navaid": null, "recommanded_navaid_latitude": null, "recommanded_navaid_longitude": null, "arc_radius": null, "theta": null, "rho": null, "magnetic_course": null, "route_distance_holding_distance_time": null, "distance_time": null, "altitude_description": null, "altitude1": null, "altitude2": null, "transition_altitude": null, "speed_limit_description": null, "speed_limit": null, "vertical_angle": null, "center_waypoint": null, "center_waypoint_latitude": null, "center_waypoint_longitude": null, "aircraft_category": null}, "geometry": {"type": "MultiPoint", "coordinates": [[94.05850278, 23.18873333]]}}, {"type": "Feature", "properties": {"fid": 519, "area_code": "PAC", "airport_identifier": "VYYY", "procedure_identifier": "OKIK1B", "route_type": "4", "transition_identifier": "KL", "seqno": 20, "waypoint_icao_code": "VY", "waypoint_identifier": "OKIKO", "waypoint_latitude": 17.84839167, "waypoint_longitude": 95.771625, "waypoint_description_code": "E", "turn_direction": null, "rnp": null, "path_termination": "TF", "recommanded_navaid": null, "recommanded_navaid_latitude": null, "recommanded_navaid_longitude": null, "arc_radius": null, "theta": null, "rho": null, "magnetic_course": null, "route_distance_holding_distance_time": null, "distance_time": null, "altitude_description": "+", "altitude1": 13000.0, "altitude2": null, "transition_altitude": null, "speed_limit_description": "-", "speed_limit": 230.0, "vertical_angle": null, "center_waypoint": null, "center_waypoint_latitude": null, "center_waypoint_longitude": null, "aircraft_category": null}, "geometry": {"type": "MultiPoint", "coordinates": [[95.771625, 17.84839167]]}}, {"type": "Feature", "properties": {"fid": 521, "area_code": "PAC", "airport_identifier": "VYYY", "procedure_identifier": "OKIK1B", "route_type": "4", "transition_identifier": "KP", "seqno": 10, "waypoint_icao_code": "VY", "waypoint_identifier": "KP", "waypoint_latitude": 19.42919444, "waypoint_longitude": 93.53663889, "waypoint_description_code": "E", "turn_direction": null, "rnp": null, "path_termination": "IF", "recommanded_navaid": null, "recommanded_navaid_latitude": null, "recommanded_navaid_longitude": null, "arc_radius": null, "theta": null, "rho": null, "magnetic_course": null, "route_distance_holding_distance_time": null, "distance_time": null, "altitude_description": null, "altitude1": null, "altitude2": null, "transition_altitude": null, "speed_limit_description": null, "speed_limit": null, "vertical_angle": null, "center_waypoint": null, "center_waypoint_latitude": null, "center_waypoint_longitude": null, "aircraft_category": null}, "geometry": {"type": "MultiPoint", "coordinates": [[93.53663889, 19.42919444]]}}, {"type": "Feature", "properties": {"fid": 522, "area_code": "PAC", "airport_identifier": "VYYY", "procedure_identifier": "OKIK1B", "route_type": "4", "transition_identifier": "KP", "seqno": 20, "waypoint_icao_code": "VY", "waypoint_identifier": "OKIKO", "waypoint_latitude": 17.84839167, "waypoint_longitude": 95.771625, "waypoint_description_code": "E", "turn_direction": null, "rnp": null, "path_termination": "TF", "recommanded_navaid": null, "recommanded_navaid_latitude": null, "recommanded_navaid_longitude": null, "arc_radius": null, "theta": null, "rho": null, "magnetic_course": null, "route_distance_holding_distance_time": null, "distance_time": null, "altitude_description": "+", "altitude1": 13000.0, "altitude2": null, "transition_altitude": null, "speed_limit_description": "-", "speed_limit": 230.0, "vertical_angle": null, "center_waypoint": null, "center_waypoint_latitude": null, "center_waypoint_longitude": null, "aircraft_category": null}, "geometry": {"type": "MultiPoint", "coordinates": [[95.771625, 17.84839167]]}}, {"type": "Feature", "properties": {"fid": 524, "area_code": "PAC", "airport_identifier": "VYYY", "procedure_identifier": "OKIK1B", "route_type": "4", "transition_identifier": "SAGOD", "seqno": 10, "waypoint_icao_code": "VY", "waypoint_identifier": "SAGOD", "waypoint_latitude": 17.93, "waypoint_longitude": 91.99694444, "waypoint_description_code": "E", "turn_direction": null, "rnp": null, "path_termination": "IF", "recommanded_navaid": null, "recommanded_navaid_latitude": null, "recommanded_navaid_longitude": null, "arc_radius": null, "theta": null, "rho": null, "magnetic_course": null, "route_distance_holding_distance_time": null, "distance_time": null, "altitude_description": null, "altitude1": null, "altitude2": null, "transition_altitude": null, "speed_limit_description": null, "speed_limit": null, "vertical_angle": null, "center_waypoint": null, "center_waypoint_latitude": null, "center_waypoint_longitude": null, "aircraft_category": null}, "geometry": {"type": "MultiPoint", "coordinates": [[91.99694444, 17.93]]}}, {"type": "Feature", "properties": {"fid": 525, "area_code": "PAC", "airport_identifier": "VYYY", "procedure_identifier": "OKIK1B", "route_type": "4", "transition_identifier": "SAGOD", "seqno": 20, "waypoint_icao_code": "VY", "waypoint_identifier": "OKIKO", "waypoint_latitude": 17.84839167, "waypoint_longitude": 95.771625, "waypoint_description_code": "E", "turn_direction": null, "rnp": null, "path_termination": "TF", "recommanded_navaid": null, "recommanded_navaid_latitude": null, "recommanded_navaid_longitude": null, "arc_radius": null, "theta": null, "rho": null, "magnetic_course": null, "route_distance_holding_distance_time": null, "distance_time": null, "altitude_description": "+", "altitude1": 13000.0, "altitude2": null, "transition_altitude": null, "speed_limit_description": "-", "speed_limit": 230.0, "vertical_angle": null, "center_waypoint": null, "center_waypoint_latitude": null, "center_waypoint_longitude": null, "aircraft_category": null}, "geometry": {"type": "MultiPoint", "coordinates": [[95.771625, 17.84839167]]}}, {"type": "Feature", "properties": {"fid": 527, "area_code": "PAC", "airport_identifier": "VYYY", "procedure_identifier": "OKIK1B", "route_type": "4", "transition_identifier": "STW", "seqno": 10, "waypoint_icao_code": "VY", "waypoint_identifier": "STW", "waypoint_latitude": 20.13291111, "waypoint_longitude": 92.87871111, "waypoint_description_code": "E", "turn_direction": null, "rnp": null, "path_termination": "IF", "recommanded_navaid": null, "recommanded_navaid_latitude": null, "recommanded_navaid_longitude": null, "arc_radius": null, "theta": null, "rho": null, "magnetic_course": null, "route_distance_holding_distance_time": null, "distance_time": null, "altitude_description": null, "altitude1": null, "altitude2": null, "transition_altitude": null, "speed_limit_description": null, "speed_limit": null, "vertical_angle": null, "center_waypoint": null, "center_waypoint_latitude": null, "center_waypoint_longitude": null, "aircraft_category": null}, "geometry": {"type": "MultiPoint", "coordinates": [[92.87871111, 20.13291111]]}}, {"type": "Feature", "properties": {"fid": 528, "area_code": "PAC", "airport_identifier": "VYYY", "procedure_identifier": "OKIK1B", "route_type": "4", "transition_identifier": "STW", "seqno": 20, "waypoint_icao_code": "VY", "waypoint_identifier": "OKIKO", "waypoint_latitude": 17.84839167, "waypoint_longitude": 95.771625, "waypoint_description_code": "E", "turn_direction": null, "rnp": null, "path_termination": "TF", "recommanded_navaid": null, "recommanded_navaid_latitude": null, "recommanded_navaid_longitude": null, "arc_radius": null, "theta": null, "rho": null, "magnetic_course": null, "route_distance_holding_distance_time": null, "distance_time": null, "altitude_description": "+", "altitude1": 13000.0, "altitude2": null, "transition_altitude": null, "speed_limit_description": "-", "speed_limit": 230.0, "vertical_angle": null, "center_waypoint": null, "center_waypoint_latitude": null, "center_waypoint_longitude": null, "aircraft_category": null}, "geometry": {"type": "MultiPoint", "coordinates": [[95.771625, 17.84839167]]}}, {"type": "Feature", "properties": {"fid": 530, "area_code": "PAC", "airport_identifier": "VYYY", "procedure_identifier": "OKIK1B", "route_type": "4", "transition_identifier": "SUMSU", "seqno": 10, "waypoint_icao_code": "VY", "waypoint_identifier": "SUMSU", "waypoint_latitude": 18.57933611, "waypoint_longitude": 94.72381111, "waypoint_description_code": "E", "turn_direction": null, "rnp": null, "path_termination": "IF", "recommanded_navaid": null, "recommanded_navaid_latitude": null, "recommanded_navaid_longitude": null, "arc_radius": null, "theta": null, "rho": null, "magnetic_course": null, "route_distance_holding_distance_time": null, "distance_time": null, "altitude_description": null, "altitude1": null, "altitude2": null, "transition_altitude": null, "speed_limit_description": null, "speed_limit": null, "vertical_angle": null, "center_waypoint": null, "center_waypoint_latitude": null, "center_waypoint_longitude": null, "aircraft_category": null}, "geometry": {"type": "MultiPoint", "coordinates": [[94.72381111, 18.57933611]]}}, {"type": "Feature", "properties": {"fid": 531, "area_code": "PAC", "airport_identifier": "VYYY", "procedure_identifier": "OKIK1B", "route_type": "4", "transition_identifier": "SUMSU", "seqno": 20, "waypoint_icao_code": "VY", "waypoint_identifier": "OKIKO", "waypoint_latitude": 17.84839167, "waypoint_longitude": 95.771625, "waypoint_description_code": "E", "turn_direction": null, "rnp": null, "path_termination": "TF", "recommanded_navaid": null, "recommanded_navaid_latitude": null, "recommanded_navaid_longitude": null, "arc_radius": null, "theta": null, "rho": null, "magnetic_course": null, "route_distance_holding_distance_time": null, "distance_time": null, "altitude_description": "+", "altitude1": 13000.0, "altitude2": null, "transition_altitude": null, "speed_limit_description": "-", "speed_limit": 230.0, "vertical_angle": null, "center_waypoint": null, "center_waypoint_latitude": null, "center_waypoint_longitude": null, "aircraft_category": null}, "geometry": {"type": "MultiPoint", "coordinates": [[95.771625, 17.84839167]]}}, {"type": "Feature", "properties": {"fid": 533, "area_code": "PAC", "airport_identifier": "VYYY", "procedure_identifier": "OKIK1B", "route_type": "4", "transition_identifier": "TDE", "seqno": 10, "waypoint_icao_code": "VY", "waypoint_identifier": "TDE", "waypoint_latitude": 18.45671389, "waypoint_longitude": 94.29576389, "waypoint_description_code": "E", "turn_direction": null, "rnp": null, "path_termination": "IF", "recommanded_navaid": null, "recommanded_navaid_latitude": null, "recommanded_navaid_longitude": null, "arc_radius": null, "theta": null, "rho": null, "magnetic_course": null, "route_distance_holding_distance_time": null, "distance_time": null, "altitude_description": null, "altitude1": null, "altitude2": null, "transition_altitude": null, "speed_limit_description": null, "speed_limit": null, "vertical_angle": null, "center_waypoint": null, "center_waypoint_latitude": null, "center_waypoint_longitude": null, "aircraft_category": null}, "geometry": {"type": "MultiPoint", "coordinates": [[94.29576389, 18.45671389]]}}, {"type": "Feature", "properties": {"fid": 534, "area_code": "PAC", "airport_identifier": "VYYY", "procedure_identifier": "OKIK1B", "route_type": "4", "transition_identifier": "TDE", "seqno": 20, "waypoint_icao_code": "VY", "waypoint_identifier": "OKIKO", "waypoint_latitude": 17.84839167, "waypoint_longitude": 95.771625, "waypoint_description_code": "E", "turn_direction": null, "rnp": null, "path_termination": "TF", "recommanded_navaid": null, "recommanded_navaid_latitude": null, "recommanded_navaid_longitude": null, "arc_radius": null, "theta": null, "rho": null, "magnetic_course": null, "route_distance_holding_distance_time": null, "distance_time": null, "altitude_description": "+", "altitude1": 13000.0, "altitude2": null, "transition_altitude": null, "speed_limit_description": "-", "speed_limit": 230.0, "vertical_angle": null, "center_waypoint": null, "center_waypoint_latitude": null, "center_waypoint_longitude": null, "aircraft_category": null}, "geometry": {"type": "MultiPoint", "coordinates": [[95.771625, 17.84839167]]}}, {"type": "Feature", "properties": {"fid": 536, "area_code": "PAC", "airport_identifier": "VYYY", "procedure_identifier": "OKIK1B", "route_type": "5", "transition_identifier": "RW21", "seqno": 10, "waypoint_icao_code": "VY", "waypoint_identifier": "OKIKO", "waypoint_latitude": 17.84839167, "waypoint_longitude": 95.771625, "waypoint_description_code": "E", "turn_direction": null, "rnp": null, "path_termination": "IF", "recommanded_navaid": null, "recommanded_navaid_latitude": null, "recommanded_navaid_longitude": null, "arc_radius": null, "theta": null, "rho": null, "magnetic_course": null, "route_distance_holding_distance_time": null, "distance_time": null, "altitude_description": "+", "altitude1": 13000.0, "altitude2": null, "transition_altitude": null, "speed_limit_description": "-", "speed_limit": 230.0, "vertical_angle": null, "center_waypoint": null, "center_waypoint_latitude": null, "center_waypoint_longitude": null, "aircraft_category": null}, "geometry": {"type": "MultiPoint", "coordinates": [[95.771625, 17.84839167]]}}, {"type": "Feature", "properties": {"fid": 537, "area_code": "PAC", "airport_identifier": "VYYY", "procedure_identifier": "OKIK1B", "route_type": "5", "transition_identifier": "RW21", "seqno": 20, "waypoint_icao_code": "VY", "waypoint_identifier": "GONAS", "waypoint_latitude": 17.16733333, "waypoint_longitude": 96.19222222, "waypoint_description_code": "E", "turn_direction": null, "rnp": null, "path_termination": "TF", "recommanded_navaid": null, "recommanded_navaid_latitude": null, "recommanded_navaid_longitude": null, "arc_radius": null, "theta": null, "rho": null, "magnetic_course": null, "route_distance_holding_distance_time": null, "distance_time": null, "altitude_description": "+", "altitude1": 4000.0, "altitude2": null, "transition_altitude": null, "speed_limit_description": "-", "speed_limit": 230.0, "vertical_angle": null, "center_waypoint": null, "center_waypoint_latitude": null, "center_waypoint_longitude": null, "aircraft_category": null}, "geometry": {"type": "MultiPoint", "coordinates": [[96.19222222, 17.16733333]]}}, {"type": "Feature", "properties": {"fid": 539, "area_code": "PAC", "airport_identifier": "VYYY", "procedure_identifier": "OROM1A", "route_type": "4", "transition_identifier": "HHO", "seqno": 10, "waypoint_icao_code": "VY", "waypoint_identifier": "HHO", "waypoint_latitude": 20.74802778, "waypoint_longitude": 96.78992778, "waypoint_description_code": "E", "turn_direction": null, "rnp": null, "path_termination": "IF", "recommanded_navaid": null, "recommanded_navaid_latitude": null, "recommanded_navaid_longitude": null, "arc_radius": null, "theta": null, "rho": null, "magnetic_course": null, "route_distance_holding_distance_time": null, "distance_time": null, "altitude_description": null, "altitude1": null, "altitude2": null, "transition_altitude": null, "speed_limit_description": null, "speed_limit": null, "vertical_angle": null, "center_waypoint": null, "center_waypoint_latitude": null, "center_waypoint_longitude": null, "aircraft_category": null}, "geometry": {"type": "MultiPoint", "coordinates": [[96.78992778, 20.74802778]]}}, {"type": "Feature", "properties": {"fid": 540, "area_code": "PAC", "airport_identifier": "VYYY", "procedure_identifier": "OROM1A", "route_type": "4", "transition_identifier": "HHO", "seqno": 20, "waypoint_icao_code": "VY", "waypoint_identifier": "OROMO", "waypoint_latitude": 18.21035833, "waypoint_longitude": 96.49019444, "waypoint_description_code": "E", "turn_direction": null, "rnp": null, "path_termination": "TF", "recommanded_navaid": null, "recommanded_navaid_latitude": null, "recommanded_navaid_longitude": null, "arc_radius": null, "theta": null, "rho": null, "magnetic_course": null, "route_distance_holding_distance_time": null, "distance_time": null, "altitude_description": "+", "altitude1": 15000.0, "altitude2": null, "transition_altitude": null, "speed_limit_description": "-", "speed_limit": 240.0, "vertical_angle": null, "center_waypoint": null, "center_waypoint_latitude": null, "center_waypoint_longitude": null, "aircraft_category": null}, "geometry": {"type": "MultiPoint", "coordinates": [[96.49019444, 18.21035833]]}}, {"type": "Feature", "properties": {"fid": 542, "area_code": "PAC", "airport_identifier": "VYYY", "procedure_identifier": "OROM1A", "route_type": "4", "transition_identifier": "LK", "seqno": 10, "waypoint_icao_code": "VY", "waypoint_identifier": "LK", "waypoint_latitude": 19.69045556, "waypoint_longitude": 97.213275, "waypoint_description_code": "E", "turn_direction": null, "rnp": null, "path_termination": "IF", "recommanded_navaid": null, "recommanded_navaid_latitude": null, "recommanded_navaid_longitude": null, "arc_radius": null, "theta": null, "rho": null, "magnetic_course": null, "route_distance_holding_distance_time": null, "distance_time": null, "altitude_description": null, "altitude1": null, "altitude2": null, "transition_altitude": null, "speed_limit_description": null, "speed_limit": null, "vertical_angle": null, "center_waypoint": null, "center_waypoint_latitude": null, "center_waypoint_longitude": null, "aircraft_category": null}, "geometry": {"type": "MultiPoint", "coordinates": [[97.213275, 19.69045556]]}}, {"type": "Feature", "properties": {"fid": 543, "area_code": "PAC", "airport_identifier": "VYYY", "procedure_identifier": "OROM1A", "route_type": "4", "transition_identifier": "LK", "seqno": 20, "waypoint_icao_code": "VY", "waypoint_identifier": "OROMO", "waypoint_latitude": 18.21035833, "waypoint_longitude": 96.49019444, "waypoint_description_code": "E", "turn_direction": null, "rnp": null, "path_termination": "TF", "recommanded_navaid": null, "recommanded_navaid_latitude": null, "recommanded_navaid_longitude": null, "arc_radius": null, "theta": null, "rho": null, "magnetic_course": null, "route_distance_holding_distance_time": null, "distance_time": null, "altitude_description": "+", "altitude1": 15000.0, "altitude2": null, "transition_altitude": null, "speed_limit_description": "-", "speed_limit": 240.0, "vertical_angle": null, "center_waypoint": null, "center_waypoint_latitude": null, "center_waypoint_longitude": null, "aircraft_category": null}, "geometry": {"type": "MultiPoint", "coordinates": [[96.49019444, 18.21035833]]}}, {"type": "Feature", "properties": {"fid": 545, "area_code": "PAC", "airport_identifier": "VYYY", "procedure_identifier": "OROM1A", "route_type": "4", "transition_identifier": "LSO", "seqno": 10, "waypoint_icao_code": "VY", "waypoint_identifier": "LSO", "waypoint_latitude": 22.98096389, "waypoint_longitude": 97.75421944, "waypoint_description_code": "E", "turn_direction": null, "rnp": null, "path_termination": "IF", "recommanded_navaid": null, "recommanded_navaid_latitude": null, "recommanded_navaid_longitude": null, "arc_radius": null, "theta": null, "rho": null, "magnetic_course": null, "route_distance_holding_distance_time": null, "distance_time": null, "altitude_description": null, "altitude1": null, "altitude2": null, "transition_altitude": null, "speed_limit_description": null, "speed_limit": null, "vertical_angle": null, "center_waypoint": null, "center_waypoint_latitude": null, "center_waypoint_longitude": null, "aircraft_category": null}, "geometry": {"type": "MultiPoint", "coordinates": [[97.75421944, 22.98096389]]}}, {"type": "Feature", "properties": {"fid": 546, "area_code": "PAC", "airport_identifier": "VYYY", "procedure_identifier": "OROM1A", "route_type": "4", "transition_identifier": "LSO", "seqno": 20, "waypoint_icao_code": "VY", "waypoint_identifier": "OROMO", "waypoint_latitude": 18.21035833, "waypoint_longitude": 96.49019444, "waypoint_description_code": "E", "turn_direction": null, "rnp": null, "path_termination": "TF", "recommanded_navaid": null, "recommanded_navaid_latitude": null, "recommanded_navaid_longitude": null, "arc_radius": null, "theta": null, "rho": null, "magnetic_course": null, "route_distance_holding_distance_time": null, "distance_time": null, "altitude_description": "+", "altitude1": 15000.0, "altitude2": null, "transition_altitude": null, "speed_limit_description": "-", "speed_limit": 240.0, "vertical_angle": null, "center_waypoint": null, "center_waypoint_latitude": null, "center_waypoint_longitude": null, "aircraft_category": null}, "geometry": {"type": "MultiPoint", "coordinates": [[96.49019444, 18.21035833]]}}, {"type": "Feature", "properties": {"fid": 548, "area_code": "PAC", "airport_identifier": "VYYY", "procedure_identifier": "OROM1A", "route_type": "4", "transition_identifier": "MOXIS", "seqno": 10, "waypoint_icao_code": "VY", "waypoint_identifier": "MOXIS", "waypoint_latitude": 19.64729167, "waypoint_longitude": 96.29219722, "waypoint_description_code": "E", "turn_direction": null, "rnp": null, "path_termination": "IF", "recommanded_navaid": null, "recommanded_navaid_latitude": null, "recommanded_navaid_longitude": null, "arc_radius": null, "theta": null, "rho": null, "magnetic_course": null, "route_distance_holding_distance_time": null, "distance_time": null, "altitude_description": null, "altitude1": null, "altitude2": null, "transition_altitude": null, "speed_limit_description": null, "speed_limit": null, "vertical_angle": null, "center_waypoint": null, "center_waypoint_latitude": null, "center_waypoint_longitude": null, "aircraft_category": null}, "geometry": {"type": "MultiPoint", "coordinates": [[96.29219722, 19.64729167]]}}, {"type": "Feature", "properties": {"fid": 549, "area_code": "PAC", "airport_identifier": "VYYY", "procedure_identifier": "OROM1A", "route_type": "4", "transition_identifier": "MOXIS", "seqno": 20, "waypoint_icao_code": "VY", "waypoint_identifier": "OROMO", "waypoint_latitude": 18.21035833, "waypoint_longitude": 96.49019444, "waypoint_description_code": "E", "turn_direction": null, "rnp": null, "path_termination": "TF", "recommanded_navaid": null, "recommanded_navaid_latitude": null, "recommanded_navaid_longitude": null, "arc_radius": null, "theta": null, "rho": null, "magnetic_course": null, "route_distance_holding_distance_time": null, "distance_time": null, "altitude_description": "+", "altitude1": 15000.0, "altitude2": null, "transition_altitude": null, "speed_limit_description": "-", "speed_limit": 240.0, "vertical_angle": null, "center_waypoint": null, "center_waypoint_latitude": null, "center_waypoint_longitude": null, "aircraft_category": null}, "geometry": {"type": "MultiPoint", "coordinates": [[96.49019444, 18.21035833]]}}, {"type": "Feature", "properties": {"fid": 551, "area_code": "PAC", "airport_identifier": "VYYY", "procedure_identifier": "OROM1A", "route_type": "4", "transition_identifier": "NPT", "seqno": 10, "waypoint_icao_code": "VY", "waypoint_identifier": "NPT", "waypoint_latitude": 19.62655556, "waypoint_longitude": 96.19558333, "waypoint_description_code": "E", "turn_direction": null, "rnp": null, "path_termination": "IF", "recommanded_navaid": null, "recommanded_navaid_latitude": null, "recommanded_navaid_longitude": null, "arc_radius": null, "theta": null, "rho": null, "magnetic_course": null, "route_distance_holding_distance_time": null, "distance_time": null, "altitude_description": null, "altitude1": null, "altitude2": null, "transition_altitude": null, "speed_limit_description": null, "speed_limit": null, "vertical_angle": null, "center_waypoint": null, "center_waypoint_latitude": null, "center_waypoint_longitude": null, "aircraft_category": null}, "geometry": {"type": "MultiPoint", "coordinates": [[96.19558333, 19.62655556]]}}, {"type": "Feature", "properties": {"fid": 552, "area_code": "PAC", "airport_identifier": "VYYY", "procedure_identifier": "OROM1A", "route_type": "4", "transition_identifier": "NPT", "seqno": 20, "waypoint_icao_code": "VY", "waypoint_identifier": "OROMO", "waypoint_latitude": 18.21035833, "waypoint_longitude": 96.49019444, "waypoint_description_code": "E", "turn_direction": null, "rnp": null, "path_termination": "TF", "recommanded_navaid": null, "recommanded_navaid_latitude": null, "recommanded_navaid_longitude": null, "arc_radius": null, "theta": null, "rho": null, "magnetic_course": null, "route_distance_holding_distance_time": null, "distance_time": null, "altitude_description": "+", "altitude1": 15000.0, "altitude2": null, "transition_altitude": null, "speed_limit_description": "-", "speed_limit": 240.0, "vertical_angle": null, "center_waypoint": null, "center_waypoint_latitude": null, "center_waypoint_longitude": null, "aircraft_category": null}, "geometry": {"type": "MultiPoint", "coordinates": [[96.49019444, 18.21035833]]}}, {"type": "Feature", "properties": {"fid": 554, "area_code": "PAC", "airport_identifier": "VYYY", "procedure_identifier": "OROM1A", "route_type": "5", "transition_identifier": "RW21", "seqno": 10, "waypoint_icao_code": "VY", "waypoint_identifier": "OROMO", "waypoint_latitude": 18.21035833, "waypoint_longitude": 96.49019444, "waypoint_description_code": "E", "turn_direction": null, "rnp": null, "path_termination": "IF", "recommanded_navaid": null, "recommanded_navaid_latitude": null, "recommanded_navaid_longitude": null, "arc_radius": null, "theta": null, "rho": null, "magnetic_course": null, "route_distance_holding_distance_time": null, "distance_time": null, "altitude_description": "+", "altitude1": 15000.0, "altitude2": null, "transition_altitude": null, "speed_limit_description": "-", "speed_limit": 240.0, "vertical_angle": null, "center_waypoint": null, "center_waypoint_latitude": null, "center_waypoint_longitude": null, "aircraft_category": null}, "geometry": {"type": "MultiPoint", "coordinates": [[96.49019444, 18.21035833]]}}, {"type": "Feature", "properties": {"fid": 555, "area_code": "PAC", "airport_identifier": "VYYY", "procedure_identifier": "OROM1A", "route_type": "5", "transition_identifier": "RW21", "seqno": 20, "waypoint_icao_code": "VY", "waypoint_identifier": "BAGOO", "waypoint_latitude": 17.3185, "waypoint_longitude": 96.51986111, "waypoint_description_code": "E", "turn_direction": null, "rnp": null, "path_termination": "TF", "recommanded_navaid": null, "recommanded_navaid_latitude": null, "recommanded_navaid_longitude": null, "arc_radius": null, "theta": null, "rho": null, "magnetic_course": null, "route_distance_holding_distance_time": null, "distance_time": null, "altitude_description": "+", "altitude1": 8000.0, "altitude2": null, "transition_altitude": null, "speed_limit_description": "-", "speed_limit": 230.0, "vertical_angle": null, "center_waypoint": null, "center_waypoint_latitude": null, "center_waypoint_longitude": null, "aircraft_category": null}, "geometry": {"type": "MultiPoint", "coordinates": [[96.51986111, 17.3185]]}}, {"type": "Feature", "properties": {"fid": 556, "area_code": "PAC", "airport_identifier": "VYYY", "procedure_identifier": "OROM1A", "route_type": "5", "transition_identifier": "RW21", "seqno": 30, "waypoint_icao_code": "VY", "waypoint_identifier": "PAKSU", "waypoint_latitude": 17.14961111, "waypoint_longitude": 96.32894444, "waypoint_description_code": "E", "turn_direction": null, "rnp": null, "path_termination": "TF", "recommanded_navaid": null, "recommanded_navaid_latitude": null, "recommanded_navaid_longitude": null, "arc_radius": null, "theta": null, "rho": null, "magnetic_course": null, "route_distance_holding_distance_time": null, "distance_time": null, "altitude_description": "+", "altitude1": 4000.0, "altitude2": null, "transition_altitude": null, "speed_limit_description": "-", "speed_limit": 230.0, "vertical_angle": null, "center_waypoint": null, "center_waypoint_latitude": null, "center_waypoint_longitude": null, "aircraft_category": null}, "geometry": {"type": "MultiPoint", "coordinates": [[96.32894444, 17.14961111]]}}, {"type": "Feature", "properties": {"fid": 558, "area_code": "PAC", "airport_identifier": "VYYY", "procedure_identifier": "OKIK1A", "route_type": "4", "transition_identifier": "BGN", "seqno": 10, "waypoint_icao_code": "VY", "waypoint_identifier": "BGN", "waypoint_latitude": 21.16953611, "waypoint_longitude": 94.92815278, "waypoint_description_code": "E", "turn_direction": null, "rnp": null, "path_termination": "IF", "recommanded_navaid": null, "recommanded_navaid_latitude": null, "recommanded_navaid_longitude": null, "arc_radius": null, "theta": null, "rho": null, "magnetic_course": null, "route_distance_holding_distance_time": null, "distance_time": null, "altitude_description": null, "altitude1": null, "altitude2": null, "transition_altitude": null, "speed_limit_description": null, "speed_limit": null, "vertical_angle": null, "center_waypoint": null, "center_waypoint_latitude": null, "center_waypoint_longitude": null, "aircraft_category": null}, "geometry": {"type": "MultiPoint", "coordinates": [[94.92815278, 21.16953611]]}}, {"type": "Feature", "properties": {"fid": 559, "area_code": "PAC", "airport_identifier": "VYYY", "procedure_identifier": "OKIK1A", "route_type": "4", "transition_identifier": "BGN", "seqno": 20, "waypoint_icao_code": "VY", "waypoint_identifier": "OKIKO", "waypoint_latitude": 17.84839167, "waypoint_longitude": 95.771625, "waypoint_description_code": "E", "turn_direction": null, "rnp": null, "path_termination": "TF", "recommanded_navaid": null, "recommanded_navaid_latitude": null, "recommanded_navaid_longitude": null, "arc_radius": null, "theta": null, "rho": null, "magnetic_course": null, "route_distance_holding_distance_time": null, "distance_time": null, "altitude_description": "+", "altitude1": 13000.0, "altitude2": null, "transition_altitude": null, "speed_limit_description": "-", "speed_limit": 230.0, "vertical_angle": null, "center_waypoint": null, "center_waypoint_latitude": null, "center_waypoint_longitude": null, "aircraft_category": null}, "geometry": {"type": "MultiPoint", "coordinates": [[95.771625, 17.84839167]]}}, {"type": "Feature", "properties": {"fid": 561, "area_code": "PAC", "airport_identifier": "VYYY", "procedure_identifier": "OKIK1A", "route_type": "4", "transition_identifier": "DORLI", "seqno": 10, "waypoint_icao_code": "VY", "waypoint_identifier": "DORLI", "waypoint_latitude": 19.25747778, "waypoint_longitude": 94.70424722, "waypoint_description_code": "E", "turn_direction": null, "rnp": null, "path_termination": "IF", "recommanded_navaid": null, "recommanded_navaid_latitude": null, "recommanded_navaid_longitude": null, "arc_radius": null, "theta": null, "rho": null, "magnetic_course": null, "route_distance_holding_distance_time": null, "distance_time": null, "altitude_description": null, "altitude1": null, "altitude2": null, "transition_altitude": null, "speed_limit_description": null, "speed_limit": null, "vertical_angle": null, "center_waypoint": null, "center_waypoint_latitude": null, "center_waypoint_longitude": null, "aircraft_category": null}, "geometry": {"type": "MultiPoint", "coordinates": [[94.70424722, 19.25747778]]}}, {"type": "Feature", "properties": {"fid": 562, "area_code": "PAC", "airport_identifier": "VYYY", "procedure_identifier": "OKIK1A", "route_type": "4", "transition_identifier": "DORLI", "seqno": 20, "waypoint_icao_code": "VY", "waypoint_identifier": "OKIKO", "waypoint_latitude": 17.84839167, "waypoint_longitude": 95.771625, "waypoint_description_code": "E", "turn_direction": null, "rnp": null, "path_termination": "TF", "recommanded_navaid": null, "recommanded_navaid_latitude": null, "recommanded_navaid_longitude": null, "arc_radius": null, "theta": null, "rho": null, "magnetic_course": null, "route_distance_holding_distance_time": null, "distance_time": null, "altitude_description": "+", "altitude1": 13000.0, "altitude2": null, "transition_altitude": null, "speed_limit_description": "-", "speed_limit": 230.0, "vertical_angle": null, "center_waypoint": null, "center_waypoint_latitude": null, "center_waypoint_longitude": null, "aircraft_category": null}, "geometry": {"type": "MultiPoint", "coordinates": [[95.771625, 17.84839167]]}}, {"type": "Feature", "properties": {"fid": 564, "area_code": "PAC", "airport_identifier": "VYYY", "procedure_identifier": "OKIK1A", "route_type": "4", "transition_identifier": "IBITA", "seqno": 10, "waypoint_icao_code": "VY", "waypoint_identifier": "IBITA", "waypoint_latitude": 18.92, "waypoint_longitude": 91.99694444, "waypoint_description_code": "E", "turn_direction": null, "rnp": null, "path_termination": "IF", "recommanded_navaid": null, "recommanded_navaid_latitude": null, "recommanded_navaid_longitude": null, "arc_radius": null, "theta": null, "rho": null, "magnetic_course": null, "route_distance_holding_distance_time": null, "distance_time": null, "altitude_description": null, "altitude1": null, "altitude2": null, "transition_altitude": null, "speed_limit_description": null, "speed_limit": null, "vertical_angle": null, "center_waypoint": null, "center_waypoint_latitude": null, "center_waypoint_longitude": null, "aircraft_category": null}, "geometry": {"type": "MultiPoint", "coordinates": [[91.99694444, 18.92]]}}, {"type": "Feature", "properties": {"fid": 565, "area_code": "PAC", "airport_identifier": "VYYY", "procedure_identifier": "OKIK1A", "route_type": "4", "transition_identifier": "IBITA", "seqno": 20, "waypoint_icao_code": "VY", "waypoint_identifier": "OKIKO", "waypoint_latitude": 17.84839167, "waypoint_longitude": 95.771625, "waypoint_description_code": "E", "turn_direction": null, "rnp": null, "path_termination": "TF", "recommanded_navaid": null, "recommanded_navaid_latitude": null, "recommanded_navaid_longitude": null, "arc_radius": null, "theta": null, "rho": null, "magnetic_course": null, "route_distance_holding_distance_time": null, "distance_time": null, "altitude_description": "+", "altitude1": 13000.0, "altitude2": null, "transition_altitude": null, "speed_limit_description": "-", "speed_limit": 230.0, "vertical_angle": null, "center_waypoint": null, "center_waypoint_latitude": null, "center_waypoint_longitude": null, "aircraft_category": null}, "geometry": {"type": "MultiPoint", "coordinates": [[95.771625, 17.84839167]]}}, {"type": "Feature", "properties": {"fid": 567, "area_code": "PAC", "airport_identifier": "VYYY", "procedure_identifier": "OKIK1A", "route_type": "4", "transition_identifier": "KL", "seqno": 10, "waypoint_icao_code": "VY", "waypoint_identifier": "KL", "waypoint_latitude": 23.18873333, "waypoint_longitude": 94.05850278, "waypoint_description_code": "E", "turn_direction": null, "rnp": null, "path_termination": "IF", "recommanded_navaid": null, "recommanded_navaid_latitude": null, "recommanded_navaid_longitude": null, "arc_radius": null, "theta": null, "rho": null, "magnetic_course": null, "route_distance_holding_distance_time": null, "distance_time": null, "altitude_description": null, "altitude1": null, "altitude2": null, "transition_altitude": null, "speed_limit_description": null, "speed_limit": null, "vertical_angle": null, "center_waypoint": null, "center_waypoint_latitude": null, "center_waypoint_longitude": null, "aircraft_category": null}, "geometry": {"type": "MultiPoint", "coordinates": [[94.05850278, 23.18873333]]}}, {"type": "Feature", "properties": {"fid": 568, "area_code": "PAC", "airport_identifier": "VYYY", "procedure_identifier": "OKIK1A", "route_type": "4", "transition_identifier": "KL", "seqno": 20, "waypoint_icao_code": "VY", "waypoint_identifier": "OKIKO", "waypoint_latitude": 17.84839167, "waypoint_longitude": 95.771625, "waypoint_description_code": "E", "turn_direction": null, "rnp": null, "path_termination": "TF", "recommanded_navaid": null, "recommanded_navaid_latitude": null, "recommanded_navaid_longitude": null, "arc_radius": null, "theta": null, "rho": null, "magnetic_course": null, "route_distance_holding_distance_time": null, "distance_time": null, "altitude_description": "+", "altitude1": 13000.0, "altitude2": null, "transition_altitude": null, "speed_limit_description": "-", "speed_limit": 230.0, "vertical_angle": null, "center_waypoint": null, "center_waypoint_latitude": null, "center_waypoint_longitude": null, "aircraft_category": null}, "geometry": {"type": "MultiPoint", "coordinates": [[95.771625, 17.84839167]]}}, {"type": "Feature", "properties": {"fid": 570, "area_code": "PAC", "airport_identifier": "VYYY", "procedure_identifier": "OKIK1A", "route_type": "4", "transition_identifier": "KP", "seqno": 10, "waypoint_icao_code": "VY", "waypoint_identifier": "KP", "waypoint_latitude": 19.42919444, "waypoint_longitude": 93.53663889, "waypoint_description_code": "E", "turn_direction": null, "rnp": null, "path_termination": "IF", "recommanded_navaid": null, "recommanded_navaid_latitude": null, "recommanded_navaid_longitude": null, "arc_radius": null, "theta": null, "rho": null, "magnetic_course": null, "route_distance_holding_distance_time": null, "distance_time": null, "altitude_description": null, "altitude1": null, "altitude2": null, "transition_altitude": null, "speed_limit_description": null, "speed_limit": null, "vertical_angle": null, "center_waypoint": null, "center_waypoint_latitude": null, "center_waypoint_longitude": null, "aircraft_category": null}, "geometry": {"type": "MultiPoint", "coordinates": [[93.53663889, 19.42919444]]}}, {"type": "Feature", "properties": {"fid": 571, "area_code": "PAC", "airport_identifier": "VYYY", "procedure_identifier": "OKIK1A", "route_type": "4", "transition_identifier": "KP", "seqno": 20, "waypoint_icao_code": "VY", "waypoint_identifier": "OKIKO", "waypoint_latitude": 17.84839167, "waypoint_longitude": 95.771625, "waypoint_description_code": "E", "turn_direction": null, "rnp": null, "path_termination": "TF", "recommanded_navaid": null, "recommanded_navaid_latitude": null, "recommanded_navaid_longitude": null, "arc_radius": null, "theta": null, "rho": null, "magnetic_course": null, "route_distance_holding_distance_time": null, "distance_time": null, "altitude_description": "+", "altitude1": 13000.0, "altitude2": null, "transition_altitude": null, "speed_limit_description": "-", "speed_limit": 230.0, "vertical_angle": null, "center_waypoint": null, "center_waypoint_latitude": null, "center_waypoint_longitude": null, "aircraft_category": null}, "geometry": {"type": "MultiPoint", "coordinates": [[95.771625, 17.84839167]]}}, {"type": "Feature", "properties": {"fid": 573, "area_code": "PAC", "airport_identifier": "VYYY", "procedure_identifier": "OKIK1A", "route_type": "4", "transition_identifier": "SAGOD", "seqno": 10, "waypoint_icao_code": "VY", "waypoint_identifier": "SAGOD", "waypoint_latitude": 17.93, "waypoint_longitude": 91.99694444, "waypoint_description_code": "E", "turn_direction": null, "rnp": null, "path_termination": "IF", "recommanded_navaid": null, "recommanded_navaid_latitude": null, "recommanded_navaid_longitude": null, "arc_radius": null, "theta": null, "rho": null, "magnetic_course": null, "route_distance_holding_distance_time": null, "distance_time": null, "altitude_description": null, "altitude1": null, "altitude2": null, "transition_altitude": null, "speed_limit_description": null, "speed_limit": null, "vertical_angle": null, "center_waypoint": null, "center_waypoint_latitude": null, "center_waypoint_longitude": null, "aircraft_category": null}, "geometry": {"type": "MultiPoint", "coordinates": [[91.99694444, 17.93]]}}, {"type": "Feature", "properties": {"fid": 574, "area_code": "PAC", "airport_identifier": "VYYY", "procedure_identifier": "OKIK1A", "route_type": "4", "transition_identifier": "SAGOD", "seqno": 20, "waypoint_icao_code": "VY", "waypoint_identifier": "OKIKO", "waypoint_latitude": 17.84839167, "waypoint_longitude": 95.771625, "waypoint_description_code": "E", "turn_direction": null, "rnp": null, "path_termination": "TF", "recommanded_navaid": null, "recommanded_navaid_latitude": null, "recommanded_navaid_longitude": null, "arc_radius": null, "theta": null, "rho": null, "magnetic_course": null, "route_distance_holding_distance_time": null, "distance_time": null, "altitude_description": "+", "altitude1": 13000.0, "altitude2": null, "transition_altitude": null, "speed_limit_description": "-", "speed_limit": 230.0, "vertical_angle": null, "center_waypoint": null, "center_waypoint_latitude": null, "center_waypoint_longitude": null, "aircraft_category": null}, "geometry": {"type": "MultiPoint", "coordinates": [[95.771625, 17.84839167]]}}, {"type": "Feature", "properties": {"fid": 576, "area_code": "PAC", "airport_identifier": "VYYY", "procedure_identifier": "OKIK1A", "route_type": "4", "transition_identifier": "STW", "seqno": 10, "waypoint_icao_code": "VY", "waypoint_identifier": "STW", "waypoint_latitude": 20.13291111, "waypoint_longitude": 92.87871111, "waypoint_description_code": "E", "turn_direction": null, "rnp": null, "path_termination": "IF", "recommanded_navaid": null, "recommanded_navaid_latitude": null, "recommanded_navaid_longitude": null, "arc_radius": null, "theta": null, "rho": null, "magnetic_course": null, "route_distance_holding_distance_time": null, "distance_time": null, "altitude_description": null, "altitude1": null, "altitude2": null, "transition_altitude": null, "speed_limit_description": null, "speed_limit": null, "vertical_angle": null, "center_waypoint": null, "center_waypoint_latitude": null, "center_waypoint_longitude": null, "aircraft_category": null}, "geometry": {"type": "MultiPoint", "coordinates": [[92.87871111, 20.13291111]]}}, {"type": "Feature", "properties": {"fid": 577, "area_code": "PAC", "airport_identifier": "VYYY", "procedure_identifier": "OKIK1A", "route_type": "4", "transition_identifier": "STW", "seqno": 20, "waypoint_icao_code": "VY", "waypoint_identifier": "OKIKO", "waypoint_latitude": 17.84839167, "waypoint_longitude": 95.771625, "waypoint_description_code": "E", "turn_direction": null, "rnp": null, "path_termination": "TF", "recommanded_navaid": null, "recommanded_navaid_latitude": null, "recommanded_navaid_longitude": null, "arc_radius": null, "theta": null, "rho": null, "magnetic_course": null, "route_distance_holding_distance_time": null, "distance_time": null, "altitude_description": "+", "altitude1": 13000.0, "altitude2": null, "transition_altitude": null, "speed_limit_description": "-", "speed_limit": 230.0, "vertical_angle": null, "center_waypoint": null, "center_waypoint_latitude": null, "center_waypoint_longitude": null, "aircraft_category": null}, "geometry": {"type": "MultiPoint", "coordinates": [[95.771625, 17.84839167]]}}, {"type": "Feature", "properties": {"fid": 579, "area_code": "PAC", "airport_identifier": "VYYY", "procedure_identifier": "OKIK1A", "route_type": "4", "transition_identifier": "SUMSU", "seqno": 10, "waypoint_icao_code": "VY", "waypoint_identifier": "SUMSU", "waypoint_latitude": 18.57933611, "waypoint_longitude": 94.72381111, "waypoint_description_code": "E", "turn_direction": null, "rnp": null, "path_termination": "IF", "recommanded_navaid": null, "recommanded_navaid_latitude": null, "recommanded_navaid_longitude": null, "arc_radius": null, "theta": null, "rho": null, "magnetic_course": null, "route_distance_holding_distance_time": null, "distance_time": null, "altitude_description": null, "altitude1": null, "altitude2": null, "transition_altitude": null, "speed_limit_description": null, "speed_limit": null, "vertical_angle": null, "center_waypoint": null, "center_waypoint_latitude": null, "center_waypoint_longitude": null, "aircraft_category": null}, "geometry": {"type": "MultiPoint", "coordinates": [[94.72381111, 18.57933611]]}}, {"type": "Feature", "properties": {"fid": 580, "area_code": "PAC", "airport_identifier": "VYYY", "procedure_identifier": "OKIK1A", "route_type": "4", "transition_identifier": "SUMSU", "seqno": 20, "waypoint_icao_code": "VY", "waypoint_identifier": "OKIKO", "waypoint_latitude": 17.84839167, "waypoint_longitude": 95.771625, "waypoint_description_code": "E", "turn_direction": null, "rnp": null, "path_termination": "TF", "recommanded_navaid": null, "recommanded_navaid_latitude": null, "recommanded_navaid_longitude": null, "arc_radius": null, "theta": null, "rho": null, "magnetic_course": null, "route_distance_holding_distance_time": null, "distance_time": null, "altitude_description": "+", "altitude1": 13000.0, "altitude2": null, "transition_altitude": null, "speed_limit_description": "-", "speed_limit": 230.0, "vertical_angle": null, "center_waypoint": null, "center_waypoint_latitude": null, "center_waypoint_longitude": null, "aircraft_category": null}, "geometry": {"type": "MultiPoint", "coordinates": [[95.771625, 17.84839167]]}}, {"type": "Feature", "properties": {"fid": 582, "area_code": "PAC", "airport_identifier": "VYYY", "procedure_identifier": "OKIK1A", "route_type": "4", "transition_identifier": "TDE", "seqno": 10, "waypoint_icao_code": "VY", "waypoint_identifier": "TDE", "waypoint_latitude": 18.45671389, "waypoint_longitude": 94.29576389, "waypoint_description_code": "E", "turn_direction": null, "rnp": null, "path_termination": "IF", "recommanded_navaid": null, "recommanded_navaid_latitude": null, "recommanded_navaid_longitude": null, "arc_radius": null, "theta": null, "rho": null, "magnetic_course": null, "route_distance_holding_distance_time": null, "distance_time": null, "altitude_description": null, "altitude1": null, "altitude2": null, "transition_altitude": null, "speed_limit_description": null, "speed_limit": null, "vertical_angle": null, "center_waypoint": null, "center_waypoint_latitude": null, "center_waypoint_longitude": null, "aircraft_category": null}, "geometry": {"type": "MultiPoint", "coordinates": [[94.29576389, 18.45671389]]}}, {"type": "Feature", "properties": {"fid": 583, "area_code": "PAC", "airport_identifier": "VYYY", "procedure_identifier": "OKIK1A", "route_type": "4", "transition_identifier": "TDE", "seqno": 20, "waypoint_icao_code": "VY", "waypoint_identifier": "OKIKO", "waypoint_latitude": 17.84839167, "waypoint_longitude": 95.771625, "waypoint_description_code": "E", "turn_direction": null, "rnp": null, "path_termination": "TF", "recommanded_navaid": null, "recommanded_navaid_latitude": null, "recommanded_navaid_longitude": null, "arc_radius": null, "theta": null, "rho": null, "magnetic_course": null, "route_distance_holding_distance_time": null, "distance_time": null, "altitude_description": "+", "altitude1": 13000.0, "altitude2": null, "transition_altitude": null, "speed_limit_description": "-", "speed_limit": 230.0, "vertical_angle": null, "center_waypoint": null, "center_waypoint_latitude": null, "center_waypoint_longitude": null, "aircraft_category": null}, "geometry": {"type": "MultiPoint", "coordinates": [[95.771625, 17.84839167]]}}, {"type": "Feature", "properties": {"fid": 585, "area_code": "PAC", "airport_identifier": "VYYY", "procedure_identifier": "OKIK1A", "route_type": "5", "transition_identifier": "RW21", "seqno": 10, "waypoint_icao_code": "VY", "waypoint_identifier": "OKIKO", "waypoint_latitude": 17.84839167, "waypoint_longitude": 95.771625, "waypoint_description_code": "E", "turn_direction": null, "rnp": null, "path_termination": "IF", "recommanded_navaid": null, "recommanded_navaid_latitude": null, "recommanded_navaid_longitude": null, "arc_radius": null, "theta": null, "rho": null, "magnetic_course": null, "route_distance_holding_distance_time": null, "distance_time": null, "altitude_description": "+", "altitude1": 13000.0, "altitude2": null, "transition_altitude": null, "speed_limit_description": "-", "speed_limit": 230.0, "vertical_angle": null, "center_waypoint": null, "center_waypoint_latitude": null, "center_waypoint_longitude": null, "aircraft_category": null}, "geometry": {"type": "MultiPoint", "coordinates": [[95.771625, 17.84839167]]}}, {"type": "Feature", "properties": {"fid": 586, "area_code": "PAC", "airport_identifier": "VYYY", "procedure_identifier": "OKIK1A", "route_type": "5", "transition_identifier": "RW21", "seqno": 20, "waypoint_icao_code": "VY", "waypoint_identifier": "YY918", "waypoint_latitude": 17.68867778, "waypoint_longitude": 95.99811944, "waypoint_description_code": "E", "turn_direction": null, "rnp": null, "path_termination": "TF", "recommanded_navaid": null, "recommanded_navaid_latitude": null, "recommanded_navaid_longitude": null, "arc_radius": null, "theta": null, "rho": null, "magnetic_course": null, "route_distance_holding_distance_time": null, "distance_time": null, "altitude_description": "-", "altitude1": 13000.0, "altitude2": null, "transition_altitude": null, "speed_limit_description": null, "speed_limit": null, "vertical_angle": null, "center_waypoint": null, "center_waypoint_latitude": null, "center_waypoint_longitude": null, "aircraft_category": null}, "geometry": {"type": "MultiPoint", "coordinates": [[95.99811944, 17.68867778]]}}, {"type": "Feature", "properties": {"fid": 587, "area_code": "PAC", "airport_identifier": "VYYY", "procedure_identifier": "OKIK1A", "route_type": "5", "transition_identifier": "RW21", "seqno": 30, "waypoint_icao_code": "VY", "waypoint_identifier": "BAGOO", "waypoint_latitude": 17.3185, "waypoint_longitude": 96.51986111, "waypoint_description_code": "E", "turn_direction": null, "rnp": null, "path_termination": "TF", "recommanded_navaid": null, "recommanded_navaid_latitude": null, "recommanded_navaid_longitude": null, "arc_radius": null, "theta": null, "rho": null, "magnetic_course": null, "route_distance_holding_distance_time": null, "distance_time": null, "altitude_description": "+", "altitude1": 8000.0, "altitude2": null, "transition_altitude": null, "speed_limit_description": "-", "speed_limit": 230.0, "vertical_angle": null, "center_waypoint": null, "center_waypoint_latitude": null, "center_waypoint_longitude": null, "aircraft_category": null}, "geometry": {"type": "MultiPoint", "coordinates": [[96.51986111, 17.3185]]}}, {"type": "Feature", "properties": {"fid": 588, "area_code": "PAC", "airport_identifier": "VYYY", "procedure_identifier": "OKIK1A", "route_type": "5", "transition_identifier": "RW21", "seqno": 40, "waypoint_icao_code": "VY", "waypoint_identifier": "PAKSU", "waypoint_latitude": 17.14961111, "waypoint_longitude": 96.32894444, "waypoint_description_code": "E", "turn_direction": "R", "rnp": null, "path_termination": "TF", "recommanded_navaid": null, "recommanded_navaid_latitude": null, "recommanded_navaid_longitude": null, "arc_radius": null, "theta": null, "rho": null, "magnetic_course": null, "route_distance_holding_distance_time": null, "distance_time": null, "altitude_description": "+", "altitude1": 4000.0, "altitude2": null, "transition_altitude": null, "speed_limit_description": "-", "speed_limit": 230.0, "vertical_angle": null, "center_waypoint": null, "center_waypoint_latitude": null, "center_waypoint_longitude": null, "aircraft_category": null}, "geometry": {"type": "MultiPoint", "coordinates": [[96.32894444, 17.14961111]]}}, {"type": "Feature", "properties": {"fid": 590, "area_code": "PAC", "airport_identifier": "VYMD", "procedure_identifier": "THAD1E", "route_type": "5", "transition_identifier": "RW17", "seqno": 10, "waypoint_icao_code": "VY", "waypoint_identifier": "THADU", "waypoint_latitude": 21.93427778, "waypoint_longitude": 96.12975, "waypoint_description_code": "E", "turn_direction": null, "rnp": null, "path_termination": "IF", "recommanded_navaid": null, "recommanded_navaid_latitude": null, "recommanded_navaid_longitude": null, "arc_radius": null, "theta": null, "rho": null, "magnetic_course": null, "route_distance_holding_distance_time": null, "distance_time": null, "altitude_description": "+", "altitude1": 6000.0, "altitude2": null, "transition_altitude": null, "speed_limit_description": "-", "speed_limit": 230.0, "vertical_angle": null, "center_waypoint": null, "center_waypoint_latitude": null, "center_waypoint_longitude": null, "aircraft_category": null}, "geometry": {"type": "MultiPoint", "coordinates": [[96.12975, 21.93427778]]}}, {"type": "Feature", "properties": {"fid": 591, "area_code": "PAC", "airport_identifier": "VYMD", "procedure_identifier": "THAD1E", "route_type": "5", "transition_identifier": "RW17", "seqno": 20, "waypoint_icao_code": "VY", "waypoint_identifier": "MDN01", "waypoint_latitude": 21.90777778, "waypoint_longitude": 96.03327778, "waypoint_description_code": "E", "turn_direction": null, "rnp": null, "path_termination": "TF", "recommanded_navaid": null, "recommanded_navaid_latitude": null, "recommanded_navaid_longitude": null, "arc_radius": null, "theta": null, "rho": null, "magnetic_course": null, "route_distance_holding_distance_time": null, "distance_time": null, "altitude_description": "+", "altitude1": 4200.0, "altitude2": null, "transition_altitude": null, "speed_limit_description": "-", "speed_limit": 230.0, "vertical_angle": null, "center_waypoint": null, "center_waypoint_latitude": null, "center_waypoint_longitude": null, "aircraft_category": null}, "geometry": {"type": "MultiPoint", "coordinates": [[96.03327778, 21.90777778]]}}, {"type": "Feature", "properties": {"fid": 593, "area_code": "PAC", "airport_identifier": "VYYY", "procedure_identifier": "ENSI1A", "route_type": "4", "transition_identifier": "BETNO", "seqno": 10, "waypoint_icao_code": "VY", "waypoint_identifier": "BETNO", "waypoint_latitude": 15.09819444, "waypoint_longitude": 98.20866667, "waypoint_description_code": "E", "turn_direction": null, "rnp": null, "path_termination": "IF", "recommanded_navaid": null, "recommanded_navaid_latitude": null, "recommanded_navaid_longitude": null, "arc_radius": null, "theta": null, "rho": null, "magnetic_course": null, "route_distance_holding_distance_time": null, "distance_time": null, "altitude_description": null, "altitude1": null, "altitude2": null, "transition_altitude": null, "speed_limit_description": null, "speed_limit": null, "vertical_angle": null, "center_waypoint": null, "center_waypoint_latitude": null, "center_waypoint_longitude": null, "aircraft_category": null}, "geometry": {"type": "MultiPoint", "coordinates": [[98.20866667, 15.09819444]]}}, {"type": "Feature", "properties": {"fid": 594, "area_code": "PAC", "airport_identifier": "VYYY", "procedure_identifier": "ENSI1A", "route_type": "4", "transition_identifier": "BETNO", "seqno": 20, "waypoint_icao_code": "VY", "waypoint_identifier": "ENSIT", "waypoint_latitude": 16.37297778, "waypoint_longitude": 97.01456667, "waypoint_description_code": "E", "turn_direction": null, "rnp": null, "path_termination": "TF", "recommanded_navaid": null, "recommanded_navaid_latitude": null, "recommanded_navaid_longitude": null, "arc_radius": null, "theta": null, "rho": null, "magnetic_course": null, "route_distance_holding_distance_time": null, "distance_time": null, "altitude_description": "+", "altitude1": 12000.0, "altitude2": null, "transition_altitude": null, "speed_limit_description": "-", "speed_limit": 230.0, "vertical_angle": null, "center_waypoint": null, "center_waypoint_latitude": null, "center_waypoint_longitude": null, "aircraft_category": null}, "geometry": {"type": "MultiPoint", "coordinates": [[97.01456667, 16.37297778]]}}, {"type": "Feature", "properties": {"fid": 596, "area_code": "PAC", "airport_identifier": "VYYY", "procedure_identifier": "ENSI1A", "route_type": "4", "transition_identifier": "DWI", "seqno": 10, "waypoint_icao_code": "VY", "waypoint_identifier": "DWI", "waypoint_latitude": 14.10056111, "waypoint_longitude": 98.20680278, "waypoint_description_code": "E", "turn_direction": null, "rnp": null, "path_termination": "IF", "recommanded_navaid": null, "recommanded_navaid_latitude": null, "recommanded_navaid_longitude": null, "arc_radius": null, "theta": null, "rho": null, "magnetic_course": null, "route_distance_holding_distance_time": null, "distance_time": null, "altitude_description": null, "altitude1": null, "altitude2": null, "transition_altitude": null, "speed_limit_description": null, "speed_limit": null, "vertical_angle": null, "center_waypoint": null, "center_waypoint_latitude": null, "center_waypoint_longitude": null, "aircraft_category": null}, "geometry": {"type": "MultiPoint", "coordinates": [[98.20680278, 14.10056111]]}}, {"type": "Feature", "properties": {"fid": 597, "area_code": "PAC", "airport_identifier": "VYYY", "procedure_identifier": "ENSI1A", "route_type": "4", "transition_identifier": "DWI", "seqno": 20, "waypoint_icao_code": "VY", "waypoint_identifier": "ENSIT", "waypoint_latitude": 16.37297778, "waypoint_longitude": 97.01456667, "waypoint_description_code": "E", "turn_direction": null, "rnp": null, "path_termination": "TF", "recommanded_navaid": null, "recommanded_navaid_latitude": null, "recommanded_navaid_longitude": null, "arc_radius": null, "theta": null, "rho": null, "magnetic_course": null, "route_distance_holding_distance_time": null, "distance_time": null, "altitude_description": "+", "altitude1": 12000.0, "altitude2": null, "transition_altitude": null, "speed_limit_description": "-", "speed_limit": 230.0, "vertical_angle": null, "center_waypoint": null, "center_waypoint_latitude": null, "center_waypoint_longitude": null, "aircraft_category": null}, "geometry": {"type": "MultiPoint", "coordinates": [[97.01456667, 16.37297778]]}}, {"type": "Feature", "properties": {"fid": 599, "area_code": "PAC", "airport_identifier": "VYYY", "procedure_identifier": "ENSI1A", "route_type": "4", "transition_identifier": "KT", "seqno": 10, "waypoint_icao_code": "VY", "waypoint_identifier": "KT", "waypoint_latitude": 10.05000833, "waypoint_longitude": 98.54006944, "waypoint_description_code": "E", "turn_direction": null, "rnp": null, "path_termination": "IF", "recommanded_navaid": null, "recommanded_navaid_latitude": null, "recommanded_navaid_longitude": null, "arc_radius": null, "theta": null, "rho": null, "magnetic_course": null, "route_distance_holding_distance_time": null, "distance_time": null, "altitude_description": null, "altitude1": null, "altitude2": null, "transition_altitude": null, "speed_limit_description": null, "speed_limit": null, "vertical_angle": null, "center_waypoint": null, "center_waypoint_latitude": null, "center_waypoint_longitude": null, "aircraft_category": null}, "geometry": {"type": "MultiPoint", "coordinates": [[98.54006944, 10.05000833]]}}, {"type": "Feature", "properties": {"fid": 600, "area_code": "PAC", "airport_identifier": "VYYY", "procedure_identifier": "ENSI1A", "route_type": "4", "transition_identifier": "KT", "seqno": 20, "waypoint_icao_code": "VY", "waypoint_identifier": "ENSIT", "waypoint_latitude": 16.37297778, "waypoint_longitude": 97.01456667, "waypoint_description_code": "E", "turn_direction": null, "rnp": null, "path_termination": "TF", "recommanded_navaid": null, "recommanded_navaid_latitude": null, "recommanded_navaid_longitude": null, "arc_radius": null, "theta": null, "rho": null, "magnetic_course": null, "route_distance_holding_distance_time": null, "distance_time": null, "altitude_description": "+", "altitude1": 12000.0, "altitude2": null, "transition_altitude": null, "speed_limit_description": "-", "speed_limit": 230.0, "vertical_angle": null, "center_waypoint": null, "center_waypoint_latitude": null, "center_waypoint_longitude": null, "aircraft_category": null}, "geometry": {"type": "MultiPoint", "coordinates": [[97.01456667, 16.37297778]]}}, {"type": "Feature", "properties": {"fid": 602, "area_code": "PAC", "airport_identifier": "VYYY", "procedure_identifier": "ENSI1A", "route_type": "4", "transition_identifier": "LUDVI", "seqno": 10, "waypoint_icao_code": "VY", "waypoint_identifier": "LUDVI", "waypoint_latitude": 15.48034167, "waypoint_longitude": 98.59166667, "waypoint_description_code": "E", "turn_direction": null, "rnp": null, "path_termination": "IF", "recommanded_navaid": null, "recommanded_navaid_latitude": null, "recommanded_navaid_longitude": null, "arc_radius": null, "theta": null, "rho": null, "magnetic_course": null, "route_distance_holding_distance_time": null, "distance_time": null, "altitude_description": null, "altitude1": null, "altitude2": null, "transition_altitude": null, "speed_limit_description": null, "speed_limit": null, "vertical_angle": null, "center_waypoint": null, "center_waypoint_latitude": null, "center_waypoint_longitude": null, "aircraft_category": null}, "geometry": {"type": "MultiPoint", "coordinates": [[98.59166667, 15.48034167]]}}, {"type": "Feature", "properties": {"fid": 603, "area_code": "PAC", "airport_identifier": "VYYY", "procedure_identifier": "ENSI1A", "route_type": "4", "transition_identifier": "LUDVI", "seqno": 20, "waypoint_icao_code": "VY", "waypoint_identifier": "ENSIT", "waypoint_latitude": 16.37297778, "waypoint_longitude": 97.01456667, "waypoint_description_code": "E", "turn_direction": null, "rnp": null, "path_termination": "TF", "recommanded_navaid": null, "recommanded_navaid_latitude": null, "recommanded_navaid_longitude": null, "arc_radius": null, "theta": null, "rho": null, "magnetic_course": null, "route_distance_holding_distance_time": null, "distance_time": null, "altitude_description": "+", "altitude1": 12000.0, "altitude2": null, "transition_altitude": null, "speed_limit_description": "-", "speed_limit": 230.0, "vertical_angle": null, "center_waypoint": null, "center_waypoint_latitude": null, "center_waypoint_longitude": null, "aircraft_category": null}, "geometry": {"type": "MultiPoint", "coordinates": [[97.01456667, 16.37297778]]}}, {"type": "Feature", "properties": {"fid": 605, "area_code": "PAC", "airport_identifier": "VYYY", "procedure_identifier": "ENSI1A", "route_type": "4", "transition_identifier": "ME", "seqno": 10, "waypoint_icao_code": "VY", "waypoint_identifier": "ME", "waypoint_latitude": 12.45006667, "waypoint_longitude": 98.61968611, "waypoint_description_code": "E", "turn_direction": null, "rnp": null, "path_termination": "IF", "recommanded_navaid": null, "recommanded_navaid_latitude": null, "recommanded_navaid_longitude": null, "arc_radius": null, "theta": null, "rho": null, "magnetic_course": null, "route_distance_holding_distance_time": null, "distance_time": null, "altitude_description": null, "altitude1": null, "altitude2": null, "transition_altitude": null, "speed_limit_description": null, "speed_limit": null, "vertical_angle": null, "center_waypoint": null, "center_waypoint_latitude": null, "center_waypoint_longitude": null, "aircraft_category": null}, "geometry": {"type": "MultiPoint", "coordinates": [[98.61968611, 12.45006667]]}}, {"type": "Feature", "properties": {"fid": 606, "area_code": "PAC", "airport_identifier": "VYYY", "procedure_identifier": "ENSI1A", "route_type": "4", "transition_identifier": "ME", "seqno": 20, "waypoint_icao_code": "VY", "waypoint_identifier": "ENSIT", "waypoint_latitude": 16.37297778, "waypoint_longitude": 97.01456667, "waypoint_description_code": "E", "turn_direction": null, "rnp": null, "path_termination": "TF", "recommanded_navaid": null, "recommanded_navaid_latitude": null, "recommanded_navaid_longitude": null, "arc_radius": null, "theta": null, "rho": null, "magnetic_course": null, "route_distance_holding_distance_time": null, "distance_time": null, "altitude_description": "+", "altitude1": 12000.0, "altitude2": null, "transition_altitude": null, "speed_limit_description": "-", "speed_limit": 230.0, "vertical_angle": null, "center_waypoint": null, "center_waypoint_latitude": null, "center_waypoint_longitude": null, "aircraft_category": null}, "geometry": {"type": "MultiPoint", "coordinates": [[97.01456667, 16.37297778]]}}, {"type": "Feature", "properties": {"fid": 608, "area_code": "PAC", "airport_identifier": "VYYY", "procedure_identifier": "ENSI1A", "route_type": "4", "transition_identifier": "MM", "seqno": 10, "waypoint_icao_code": "VY", "waypoint_identifier": "MM", "waypoint_latitude": 16.44331944, "waypoint_longitude": 97.65773056, "waypoint_description_code": "E", "turn_direction": null, "rnp": null, "path_termination": "IF", "recommanded_navaid": null, "recommanded_navaid_latitude": null, "recommanded_navaid_longitude": null, "arc_radius": null, "theta": null, "rho": null, "magnetic_course": null, "route_distance_holding_distance_time": null, "distance_time": null, "altitude_description": null, "altitude1": null, "altitude2": null, "transition_altitude": null, "speed_limit_description": null, "speed_limit": null, "vertical_angle": null, "center_waypoint": null, "center_waypoint_latitude": null, "center_waypoint_longitude": null, "aircraft_category": null}, "geometry": {"type": "MultiPoint", "coordinates": [[97.65773056, 16.44331944]]}}, {"type": "Feature", "properties": {"fid": 609, "area_code": "PAC", "airport_identifier": "VYYY", "procedure_identifier": "ENSI1A", "route_type": "4", "transition_identifier": "MM", "seqno": 20, "waypoint_icao_code": "VY", "waypoint_identifier": "ENSIT", "waypoint_latitude": 16.37297778, "waypoint_longitude": 97.01456667, "waypoint_description_code": "E", "turn_direction": null, "rnp": null, "path_termination": "TF", "recommanded_navaid": null, "recommanded_navaid_latitude": null, "recommanded_navaid_longitude": null, "arc_radius": null, "theta": null, "rho": null, "magnetic_course": null, "route_distance_holding_distance_time": null, "distance_time": null, "altitude_description": "+", "altitude1": 12000.0, "altitude2": null, "transition_altitude": null, "speed_limit_description": "-", "speed_limit": 230.0, "vertical_angle": null, "center_waypoint": null, "center_waypoint_latitude": null, "center_waypoint_longitude": null, "aircraft_category": null}, "geometry": {"type": "MultiPoint", "coordinates": [[97.01456667, 16.37297778]]}}, {"type": "Feature", "properties": {"fid": 611, "area_code": "PAC", "airport_identifier": "VYYY", "procedure_identifier": "ENSI1A", "route_type": "4", "transition_identifier": "POXEM", "seqno": 10, "waypoint_icao_code": "VY", "waypoint_identifier": "POXEM", "waypoint_latitude": 15.44308333, "waypoint_longitude": 97.49638889, "waypoint_description_code": "E", "turn_direction": null, "rnp": null, "path_termination": "IF", "recommanded_navaid": null, "recommanded_navaid_latitude": null, "recommanded_navaid_longitude": null, "arc_radius": null, "theta": null, "rho": null, "magnetic_course": null, "route_distance_holding_distance_time": null, "distance_time": null, "altitude_description": null, "altitude1": null, "altitude2": null, "transition_altitude": null, "speed_limit_description": null, "speed_limit": null, "vertical_angle": null, "center_waypoint": null, "center_waypoint_latitude": null, "center_waypoint_longitude": null, "aircraft_category": null}, "geometry": {"type": "MultiPoint", "coordinates": [[97.49638889, 15.44308333]]}}, {"type": "Feature", "properties": {"fid": 612, "area_code": "PAC", "airport_identifier": "VYYY", "procedure_identifier": "ENSI1A", "route_type": "4", "transition_identifier": "POXEM", "seqno": 20, "waypoint_icao_code": "VY", "waypoint_identifier": "ENSIT", "waypoint_latitude": 16.37297778, "waypoint_longitude": 97.01456667, "waypoint_description_code": "E", "turn_direction": null, "rnp": null, "path_termination": "TF", "recommanded_navaid": null, "recommanded_navaid_latitude": null, "recommanded_navaid_longitude": null, "arc_radius": null, "theta": null, "rho": null, "magnetic_course": null, "route_distance_holding_distance_time": null, "distance_time": null, "altitude_description": "+", "altitude1": 12000.0, "altitude2": null, "transition_altitude": null, "speed_limit_description": "-", "speed_limit": 230.0, "vertical_angle": null, "center_waypoint": null, "center_waypoint_latitude": null, "center_waypoint_longitude": null, "aircraft_category": null}, "geometry": {"type": "MultiPoint", "coordinates": [[97.01456667, 16.37297778]]}}, {"type": "Feature", "properties": {"fid": 614, "area_code": "PAC", "airport_identifier": "VYYY", "procedure_identifier": "ENSI1A", "route_type": "5", "transition_identifier": "RW21", "seqno": 10, "waypoint_icao_code": "VY", "waypoint_identifier": "ENSIT", "waypoint_latitude": 16.37297778, "waypoint_longitude": 97.01456667, "waypoint_description_code": "E", "turn_direction": null, "rnp": null, "path_termination": "IF", "recommanded_navaid": null, "recommanded_navaid_latitude": null, "recommanded_navaid_longitude": null, "arc_radius": null, "theta": null, "rho": null, "magnetic_course": null, "route_distance_holding_distance_time": null, "distance_time": null, "altitude_description": "+", "altitude1": 12000.0, "altitude2": null, "transition_altitude": null, "speed_limit_description": "-", "speed_limit": 230.0, "vertical_angle": null, "center_waypoint": null, "center_waypoint_latitude": null, "center_waypoint_longitude": null, "aircraft_category": null}, "geometry": {"type": "MultiPoint", "coordinates": [[97.01456667, 16.37297778]]}}, {"type": "Feature", "properties": {"fid": 615, "area_code": "PAC", "airport_identifier": "VYYY", "procedure_identifier": "ENSI1A", "route_type": "5", "transition_identifier": "RW21", "seqno": 20, "waypoint_icao_code": "VY", "waypoint_identifier": "YY917", "waypoint_latitude": 16.76524444, "waypoint_longitude": 96.81046389, "waypoint_description_code": "E", "turn_direction": null, "rnp": null, "path_termination": "TF", "recommanded_navaid": null, "recommanded_navaid_latitude": null, "recommanded_navaid_longitude": null, "arc_radius": null, "theta": null, "rho": null, "magnetic_course": null, "route_distance_holding_distance_time": null, "distance_time": null, "altitude_description": "-", "altitude1": 15000.0, "altitude2": null, "transition_altitude": null, "speed_limit_description": null, "speed_limit": null, "vertical_angle": null, "center_waypoint": null, "center_waypoint_latitude": null, "center_waypoint_longitude": null, "aircraft_category": null}, "geometry": {"type": "MultiPoint", "coordinates": [[96.81046389, 16.76524444]]}}, {"type": "Feature", "properties": {"fid": 616, "area_code": "PAC", "airport_identifier": "VYYY", "procedure_identifier": "ENSI1A", "route_type": "5", "transition_identifier": "RW21", "seqno": 30, "waypoint_icao_code": "VY", "waypoint_identifier": "BAGOO", "waypoint_latitude": 17.3185, "waypoint_longitude": 96.51986111, "waypoint_description_code": "E", "turn_direction": null, "rnp": null, "path_termination": "TF", "recommanded_navaid": null, "recommanded_navaid_latitude": null, "recommanded_navaid_longitude": null, "arc_radius": null, "theta": null, "rho": null, "magnetic_course": null, "route_distance_holding_distance_time": null, "distance_time": null, "altitude_description": "+", "altitude1": 8000.0, "altitude2": null, "transition_altitude": null, "speed_limit_description": "-", "speed_limit": 230.0, "vertical_angle": null, "center_waypoint": null, "center_waypoint_latitude": null, "center_waypoint_longitude": null, "aircraft_category": null}, "geometry": {"type": "MultiPoint", "coordinates": [[96.51986111, 17.3185]]}}, {"type": "Feature", "properties": {"fid": 617, "area_code": "PAC", "airport_identifier": "VYYY", "procedure_identifier": "ENSI1A", "route_type": "5", "transition_identifier": "RW21", "seqno": 40, "waypoint_icao_code": "VY", "waypoint_identifier": "PAKSU", "waypoint_latitude": 17.14961111, "waypoint_longitude": 96.32894444, "waypoint_description_code": "E", "turn_direction": null, "rnp": null, "path_termination": "TF", "recommanded_navaid": null, "recommanded_navaid_latitude": null, "recommanded_navaid_longitude": null, "arc_radius": null, "theta": null, "rho": null, "magnetic_course": null, "route_distance_holding_distance_time": null, "distance_time": null, "altitude_description": "+", "altitude1": 4000.0, "altitude2": null, "transition_altitude": null, "speed_limit_description": "-", "speed_limit": 230.0, "vertical_angle": null, "center_waypoint": null, "center_waypoint_latitude": null, "center_waypoint_longitude": null, "aircraft_category": null}, "geometry": {"type": "MultiPoint", "coordinates": [[96.32894444, 17.14961111]]}}, {"type": "Feature", "properties": {"fid": 619, "area_code": "PAC", "airport_identifier": "VYME", "procedure_identifier": "MELO1B", "route_type": "5", "transition_identifier": "RW18", "seqno": 10, "waypoint_icao_code": "VY", "waypoint_identifier": "MELOL", "waypoint_latitude": 12.92845, "waypoint_longitude": 98.50092222, "waypoint_description_code": "E", "turn_direction": null, "rnp": 1.0, "path_termination": "IF", "recommanded_navaid": null, "recommanded_navaid_latitude": null, "recommanded_navaid_longitude": null, "arc_radius": null, "theta": null, "rho": null, "magnetic_course": null, "route_distance_holding_distance_time": null, "distance_time": null, "altitude_description": "-", "altitude1": 10000.0, "altitude2": null, "transition_altitude": null, "speed_limit_description": null, "speed_limit": null, "vertical_angle": null, "center_waypoint": null, "center_waypoint_latitude": null, "center_waypoint_longitude": null, "aircraft_category": null}, "geometry": {"type": "MultiPoint", "coordinates": [[98.50092222, 12.92845]]}}, {"type": "Feature", "properties": {"fid": 620, "area_code": "PAC", "airport_identifier": "VYME", "procedure_identifier": "MELO1B", "route_type": "5", "transition_identifier": "RW18", "seqno": 20, "waypoint_icao_code": "VY", "waypoint_identifier": "KALVO", "waypoint_latitude": 12.70300833, "waypoint_longitude": 98.63371667, "waypoint_description_code": "E", "turn_direction": null, "rnp": 1.0, "path_termination": "TF", "recommanded_navaid": null, "recommanded_navaid_latitude": null, "recommanded_navaid_longitude": null, "arc_radius": null, "theta": null, "rho": null, "magnetic_course": null, "route_distance_holding_distance_time": null, "distance_time": null, "altitude_description": "+", "altitude1": 4000.0, "altitude2": null, "transition_altitude": null, "speed_limit_description": "-", "speed_limit": 210.0, "vertical_angle": null, "center_waypoint": null, "center_waypoint_latitude": null, "center_waypoint_longitude": null, "aircraft_category": null}, "geometry": {"type": "MultiPoint", "coordinates": [[98.63371667, 12.70300833]]}}, {"type": "Feature", "properties": {"fid": 622, "area_code": "PAC", "airport_identifier": "VYTD", "procedure_identifier": "BITA1B", "route_type": "5", "transition_identifier": "RW02", "seqno": 10, "waypoint_icao_code": "VY", "waypoint_identifier": "BITAL", "waypoint_latitude": 19.03343056, "waypoint_longitude": 94.42807778, "waypoint_description_code": "E", "turn_direction": null, "rnp": 1.0, "path_termination": "IF", "recommanded_navaid": null, "recommanded_navaid_latitude": null, "recommanded_navaid_longitude": null, "arc_radius": null, "theta": null, "rho": null, "magnetic_course": null, "route_distance_holding_distance_time": null, "distance_time": null, "altitude_description": "+", "altitude1": 12000.0, "altitude2": null, "transition_altitude": null, "speed_limit_description": null, "speed_limit": null, "vertical_angle": null, "center_waypoint": null, "center_waypoint_latitude": null, "center_waypoint_longitude": null, "aircraft_category": null}, "geometry": {"type": "MultiPoint", "coordinates": [[94.42807778, 19.03343056]]}}, {"type": "Feature", "properties": {"fid": 623, "area_code": "PAC", "airport_identifier": "VYTD", "procedure_identifier": "BITA1B", "route_type": "5", "transition_identifier": "RW02", "seqno": 20, "waypoint_icao_code": "VY", "waypoint_identifier": "TD911", "waypoint_latitude": 18.79534444, "waypoint_longitude": 94.30018889, "waypoint_description_code": "E", "turn_direction": null, "rnp": 1.0, "path_termination": "TF", "recommanded_navaid": null, "recommanded_navaid_latitude": null, "recommanded_navaid_longitude": null, "arc_radius": null, "theta": null, "rho": null, "magnetic_course": null, "route_distance_holding_distance_time": null, "distance_time": null, "altitude_description": "+", "altitude1": 10000.0, "altitude2": null, "transition_altitude": null, "speed_limit_description": null, "speed_limit": null, "vertical_angle": null, "center_waypoint": null, "center_waypoint_latitude": null, "center_waypoint_longitude": null, "aircraft_category": null}, "geometry": {"type": "MultiPoint", "coordinates": [[94.30018889, 18.79534444]]}}, {"type": "Feature", "properties": {"fid": 624, "area_code": "PAC", "airport_identifier": "VYTD", "procedure_identifier": "BITA1B", "route_type": "5", "transition_identifier": "RW02", "seqno": 30, "waypoint_icao_code": "VY", "waypoint_identifier": "TD912", "waypoint_latitude": 18.57759722, "waypoint_longitude": 94.23232778, "waypoint_description_code": "E", "turn_direction": null, "rnp": 1.0, "path_termination": "TF", "recommanded_navaid": null, "recommanded_navaid_latitude": null, "recommanded_navaid_longitude": null, "arc_radius": null, "theta": null, "rho": null, "magnetic_course": null, "route_distance_holding_distance_time": null, "distance_time": null, "altitude_description": "+", "altitude1": 9000.0, "altitude2": null, "transition_altitude": null, "speed_limit_description": null, "speed_limit": null, "vertical_angle": null, "center_waypoint": null, "center_waypoint_latitude": null, "center_waypoint_longitude": null, "aircraft_category": null}, "geometry": {"type": "MultiPoint", "coordinates": [[94.23232778, 18.57759722]]}}, {"type": "Feature", "properties": {"fid": 625, "area_code": "PAC", "airport_identifier": "VYTD", "procedure_identifier": "BITA1B", "route_type": "5", "transition_identifier": "RW02", "seqno": 40, "waypoint_icao_code": "VY", "waypoint_identifier": "NODEN", "waypoint_latitude": 18.32346944, "waypoint_longitude": 94.15338056, "waypoint_description_code": "E", "turn_direction": null, "rnp": 1.0, "path_termination": "TF", "recommanded_navaid": null, "recommanded_navaid_latitude": null, "recommanded_navaid_longitude": null, "arc_radius": null, "theta": null, "rho": null, "magnetic_course": null, "route_distance_holding_distance_time": null, "distance_time": null, "altitude_description": "+", "altitude1": 3000.0, "altitude2": null, "transition_altitude": null, "speed_limit_description": "-", "speed_limit": 210.0, "vertical_angle": null, "center_waypoint": null, "center_waypoint_latitude": null, "center_waypoint_longitude": null, "aircraft_category": null}, "geometry": {"type": "MultiPoint", "coordinates": [[94.15338056, 18.32346944]]}}, {"type": "Feature", "properties": {"fid": 627, "area_code": "PAC", "airport_identifier": "VYME", "procedure_identifier": "PAPG1D", "route_type": "5", "transition_identifier": "RW36", "seqno": 10, "waypoint_icao_code": "VY", "waypoint_identifier": "PAPGI", "waypoint_latitude": 11.93956667, "waypoint_longitude": 98.66557222, "waypoint_description_code": "E", "turn_direction": null, "rnp": 1.0, "path_termination": "IF", "recommanded_navaid": null, "recommanded_navaid_latitude": null, "recommanded_navaid_longitude": null, "arc_radius": null, "theta": null, "rho": null, "magnetic_course": null, "route_distance_holding_distance_time": null, "distance_time": null, "altitude_description": "-", "altitude1": 10000.0, "altitude2": null, "transition_altitude": null, "speed_limit_description": null, "speed_limit": null, "vertical_angle": null, "center_waypoint": null, "center_waypoint_latitude": null, "center_waypoint_longitude": null, "aircraft_category": null}, "geometry": {"type": "MultiPoint", "coordinates": [[98.66557222, 11.93956667]]}}, {"type": "Feature", "properties": {"fid": 628, "area_code": "PAC", "airport_identifier": "VYME", "procedure_identifier": "PAPG1D", "route_type": "5", "transition_identifier": "RW36", "seqno": 20, "waypoint_icao_code": "VY", "waypoint_identifier": "TELAM", "waypoint_latitude": 12.17551389, "waypoint_longitude": 98.60843333, "waypoint_description_code": "E", "turn_direction": null, "rnp": 1.0, "path_termination": "TF", "recommanded_navaid": null, "recommanded_navaid_latitude": null, "recommanded_navaid_longitude": null, "arc_radius": null, "theta": null, "rho": null, "magnetic_course": null, "route_distance_holding_distance_time": null, "distance_time": null, "altitude_description": "+", "altitude1": 4000.0, "altitude2": null, "transition_altitude": null, "speed_limit_description": "-", "speed_limit": 210.0, "vertical_angle": null, "center_waypoint": null, "center_waypoint_latitude": null, "center_waypoint_longitude": null, "aircraft_category": null}, "geometry": {"type": "MultiPoint", "coordinates": [[98.60843333, 12.17551389]]}}, {"type": "Feature", "properties": {"fid": 630, "area_code": "PAC", "airport_identifier": "VYYY", "procedure_identifier": "REBO1B", "route_type": "5", "transition_identifier": "RW03", "seqno": 10, "waypoint_icao_code": "VY", "waypoint_identifier": "BETNO", "waypoint_latitude": 15.09819444, "waypoint_longitude": 98.20866667, "waypoint_description_code": "E", "turn_direction": null, "rnp": null, "path_termination": "IF", "recommanded_navaid": null, "recommanded_navaid_latitude": null, "recommanded_navaid_longitude": null, "arc_radius": null, "theta": null, "rho": null, "magnetic_course": null, "route_distance_holding_distance_time": null, "distance_time": null, "altitude_description": null, "altitude1": null, "altitude2": null, "transition_altitude": null, "speed_limit_description": null, "speed_limit": null, "vertical_angle": null, "center_waypoint": null, "center_waypoint_latitude": null, "center_waypoint_longitude": null, "aircraft_category": null}, "geometry": {"type": "MultiPoint", "coordinates": [[98.20866667, 15.09819444]]}}, {"type": "Feature", "properties": {"fid": 631, "area_code": "PAC", "airport_identifier": "VYYY", "procedure_identifier": "REBO1B", "route_type": "5", "transition_identifier": "RW03", "seqno": 20, "waypoint_icao_code": "VY", "waypoint_identifier": "REBOS", "waypoint_latitude": 16.57916667, "waypoint_longitude": 97.11813889, "waypoint_description_code": "E", "turn_direction": null, "rnp": null, "path_termination": "TF", "recommanded_navaid": null, "recommanded_navaid_latitude": null, "recommanded_navaid_longitude": null, "arc_radius": null, "theta": null, "rho": null, "magnetic_course": null, "route_distance_holding_distance_time": null, "distance_time": null, "altitude_description": "+", "altitude1": 22000.0, "altitude2": null, "transition_altitude": null, "speed_limit_description": null, "speed_limit": null, "vertical_angle": null, "center_waypoint": null, "center_waypoint_latitude": null, "center_waypoint_longitude": null, "aircraft_category": null}, "geometry": {"type": "MultiPoint", "coordinates": [[97.11813889, 16.57916667]]}}, {"type": "Feature", "properties": {"fid": 632, "area_code": "PAC", "airport_identifier": "VYYY", "procedure_identifier": "REBO1B", "route_type": "5", "transition_identifier": "RW03", "seqno": 30, "waypoint_icao_code": "VY", "waypoint_identifier": "YY924", "waypoint_latitude": 16.56291667, "waypoint_longitude": 96.95836111, "waypoint_description_code": "E", "turn_direction": null, "rnp": null, "path_termination": "TF", "recommanded_navaid": null, "recommanded_navaid_latitude": null, "recommanded_navaid_longitude": null, "arc_radius": null, "theta": null, "rho": null, "magnetic_course": null, "route_distance_holding_distance_time": null, "distance_time": null, "altitude_description": "+", "altitude1": 20000.0, "altitude2": null, "transition_altitude": null, "speed_limit_description": null, "speed_limit": null, "vertical_angle": null, "center_waypoint": null, "center_waypoint_latitude": null, "center_waypoint_longitude": null, "aircraft_category": null}, "geometry": {"type": "MultiPoint", "coordinates": [[96.95836111, 16.56291667]]}}, {"type": "Feature", "properties": {"fid": 633, "area_code": "PAC", "airport_identifier": "VYYY", "procedure_identifier": "REBO1B", "route_type": "5", "transition_identifier": "RW03", "seqno": 40, "waypoint_icao_code": "VY", "waypoint_identifier": "YY925", "waypoint_latitude": 16.52788889, "waypoint_longitude": 96.61533333, "waypoint_description_code": "E", "turn_direction": null, "rnp": null, "path_termination": "TF", "recommanded_navaid": null, "recommanded_navaid_latitude": null, "recommanded_navaid_longitude": null, "arc_radius": null, "theta": null, "rho": null, "magnetic_course": null, "route_distance_holding_distance_time": null, "distance_time": null, "altitude_description": null, "altitude1": null, "altitude2": null, "transition_altitude": null, "speed_limit_description": null, "speed_limit": null, "vertical_angle": null, "center_waypoint": null, "center_waypoint_latitude": null, "center_waypoint_longitude": null, "aircraft_category": null}, "geometry": {"type": "MultiPoint", "coordinates": [[96.61533333, 16.52788889]]}}, {"type": "Feature", "properties": {"fid": 634, "area_code": "PAC", "airport_identifier": "VYYY", "procedure_identifier": "REBO1B", "route_type": "5", "transition_identifier": "RW03", "seqno": 50, "waypoint_icao_code": "VY", "waypoint_identifier": "YY922", "waypoint_latitude": 16.70838889, "waypoint_longitude": 96.20063889, "waypoint_description_code": "E", "turn_direction": null, "rnp": null, "path_termination": "TF", "recommanded_navaid": null, "recommanded_navaid_latitude": null, "recommanded_navaid_longitude": null, "arc_radius": null, "theta": null, "rho": null, "magnetic_course": null, "route_distance_holding_distance_time": null, "distance_time": null, "altitude_description": null, "altitude1": null, "altitude2": null, "transition_altitude": null, "speed_limit_description": null, "speed_limit": null, "vertical_angle": null, "center_waypoint": null, "center_waypoint_latitude": null, "center_waypoint_longitude": null, "aircraft_category": null}, "geometry": {"type": "MultiPoint", "coordinates": [[96.20063889, 16.70838889]]}}, {"type": "Feature", "properties": {"fid": 635, "area_code": "PAC", "airport_identifier": "VYYY", "procedure_identifier": "REBO1B", "route_type": "5", "transition_identifier": "RW03", "seqno": 60, "waypoint_icao_code": "VY", "waypoint_identifier": "PALPO", "waypoint_latitude": 16.70988889, "waypoint_longitude": 96.11230556, "waypoint_description_code": "E", "turn_direction": null, "rnp": null, "path_termination": "TF", "recommanded_navaid": null, "recommanded_navaid_latitude": null, "recommanded_navaid_longitude": null, "arc_radius": null, "theta": null, "rho": null, "magnetic_course": null, "route_distance_holding_distance_time": null, "distance_time": null, "altitude_description": "+", "altitude1": 4000.0, "altitude2": null, "transition_altitude": null, "speed_limit_description": "-", "speed_limit": 230.0, "vertical_angle": null, "center_waypoint": null, "center_waypoint_latitude": null, "center_waypoint_longitude": null, "aircraft_category": null}, "geometry": {"type": "MultiPoint", "coordinates": [[96.11230556, 16.70988889]]}}, {"type": "Feature", "properties": {"fid": 637, "area_code": "PAC", "airport_identifier": "VYME", "procedure_identifier": "KIDU1B", "route_type": "5", "transition_identifier": "RW18", "seqno": 10, "waypoint_icao_code": "VY", "waypoint_identifier": "KIDUN", "waypoint_latitude": 12.90530833, "waypoint_longitude": 98.42789444, "waypoint_description_code": "E", "turn_direction": null, "rnp": 1.0, "path_termination": "IF", "recommanded_navaid": null, "recommanded_navaid_latitude": null, "recommanded_navaid_longitude": null, "arc_radius": null, "theta": null, "rho": null, "magnetic_course": null, "route_distance_holding_distance_time": null, "distance_time": null, "altitude_description": "-", "altitude1": 10000.0, "altitude2": null, "transition_altitude": null, "speed_limit_description": null, "speed_limit": null, "vertical_angle": null, "center_waypoint": null, "center_waypoint_latitude": null, "center_waypoint_longitude": null, "aircraft_category": null}, "geometry": {"type": "MultiPoint", "coordinates": [[98.42789444, 12.90530833]]}}, {"type": "Feature", "properties": {"fid": 638, "area_code": "PAC", "airport_identifier": "VYME", "procedure_identifier": "KIDU1B", "route_type": "5", "transition_identifier": "RW18", "seqno": 20, "waypoint_icao_code": "VY", "waypoint_identifier": "KALVO", "waypoint_latitude": 12.70300833, "waypoint_longitude": 98.63371667, "waypoint_description_code": "E", "turn_direction": null, "rnp": 1.0, "path_termination": "TF", "recommanded_navaid": null, "recommanded_navaid_latitude": null, "recommanded_navaid_longitude": null, "arc_radius": null, "theta": null, "rho": null, "magnetic_course": null, "route_distance_holding_distance_time": null, "distance_time": null, "altitude_description": "+", "altitude1": 4000.0, "altitude2": null, "transition_altitude": null, "speed_limit_description": "-", "speed_limit": 210.0, "vertical_angle": null, "center_waypoint": null, "center_waypoint_latitude": null, "center_waypoint_longitude": null, "aircraft_category": null}, "geometry": {"type": "MultiPoint", "coordinates": [[98.63371667, 12.70300833]]}}, {"type": "Feature", "properties": {"fid": 640, "area_code": "PAC", "airport_identifier": "VYHH", "procedure_identifier": "SURO1B", "route_type": "5", "transition_identifier": "RW36", "seqno": 10, "waypoint_icao_code": "VY", "waypoint_identifier": "SUROT", "waypoint_latitude": 21.2065, "waypoint_longitude": 96.40605556, "waypoint_description_code": "E", "turn_direction": null, "rnp": 1.0, "path_termination": "IF", "recommanded_navaid": null, "recommanded_navaid_latitude": null, "recommanded_navaid_longitude": null, "arc_radius": null, "theta": null, "rho": null, "magnetic_course": null, "route_distance_holding_distance_time": null, "distance_time": null, "altitude_description": null, "altitude1": null, "altitude2": null, "transition_altitude": null, "speed_limit_description": null, "speed_limit": null, "vertical_angle": null, "center_waypoint": null, "center_waypoint_latitude": null, "center_waypoint_longitude": null, "aircraft_category": null}, "geometry": {"type": "MultiPoint", "coordinates": [[96.40605556, 21.2065]]}}, {"type": "Feature", "properties": {"fid": 641, "area_code": "PAC", "airport_identifier": "VYHH", "procedure_identifier": "SURO1B", "route_type": "5", "transition_identifier": "RW36", "seqno": 20, "waypoint_icao_code": "VY", "waypoint_identifier": "GUSUM", "waypoint_latitude": 20.66413889, "waypoint_longitude": 96.51355556, "waypoint_description_code": "E", "turn_direction": null, "rnp": 1.0, "path_termination": "TF", "recommanded_navaid": null, "recommanded_navaid_latitude": null, "recommanded_navaid_longitude": null, "arc_radius": null, "theta": null, "rho": null, "magnetic_course": null, "route_distance_holding_distance_time": null, "distance_time": null, "altitude_description": "+", "altitude1": 10000.0, "altitude2": null, "transition_altitude": null, "speed_limit_description": "-", "speed_limit": 230.0, "vertical_angle": null, "center_waypoint": null, "center_waypoint_latitude": null, "center_waypoint_longitude": null, "aircraft_category": null}, "geometry": {"type": "MultiPoint", "coordinates": [[96.51355556, 20.66413889]]}}, {"type": "Feature", "properties": {"fid": 642, "area_code": "PAC", "airport_identifier": "VYHH", "procedure_identifier": "SURO1B", "route_type": "5", "transition_identifier": "RW36", "seqno": 30, "waypoint_icao_code": "VY", "waypoint_identifier": "KALSI", "waypoint_latitude": 20.54144444, "waypoint_longitude": 96.68458333, "waypoint_description_code": "E", "turn_direction": null, "rnp": 1.0, "path_termination": "TF", "recommanded_navaid": null, "recommanded_navaid_latitude": null, "recommanded_navaid_longitude": null, "arc_radius": null, "theta": null, "rho": null, "magnetic_course": null, "route_distance_holding_distance_time": null, "distance_time": null, "altitude_description": "+", "altitude1": 8300.0, "altitude2": null, "transition_altitude": null, "speed_limit_description": null, "speed_limit": null, "vertical_angle": null, "center_waypoint": null, "center_waypoint_latitude": null, "center_waypoint_longitude": null, "aircraft_category": null}, "geometry": {"type": "MultiPoint", "coordinates": [[96.68458333, 20.54144444]]}}, {"type": "Feature", "properties": {"fid": 644, "area_code": "PAC", "airport_identifier": "VYMD", "procedure_identifier": "HEHO1E", "route_type": "5", "transition_identifier": "RW17", "seqno": 10, "waypoint_icao_code": "VY", "waypoint_identifier": "HEHOO", "waypoint_latitude": 21.35544444, "waypoint_longitude": 96.27602778, "waypoint_description_code": "E", "turn_direction": null, "rnp": null, "path_termination": "IF", "recommanded_navaid": null, "recommanded_navaid_latitude": null, "recommanded_navaid_longitude": null, "arc_radius": null, "theta": null, "rho": null, "magnetic_course": null, "route_distance_holding_distance_time": null, "distance_time": null, "altitude_description": "+", "altitude1": 12000.0, "altitude2": null, "transition_altitude": null, "speed_limit_description": "-", "speed_limit": 230.0, "vertical_angle": null, "center_waypoint": null, "center_waypoint_latitude": null, "center_waypoint_longitude": null, "aircraft_category": null}, "geometry": {"type": "MultiPoint", "coordinates": [[96.27602778, 21.35544444]]}}, {"type": "Feature", "properties": {"fid": 645, "area_code": "PAC", "airport_identifier": "VYMD", "procedure_identifier": "HEHO1E", "route_type": "5", "transition_identifier": "RW17", "seqno": 20, "waypoint_icao_code": "VY", "waypoint_identifier": "SITHU", "waypoint_latitude": 21.46236111, "waypoint_longitude": 96.18713889, "waypoint_description_code": "E", "turn_direction": null, "rnp": null, "path_termination": "TF", "recommanded_navaid": null, "recommanded_navaid_latitude": null, "recommanded_navaid_longitude": null, "arc_radius": null, "theta": null, "rho": null, "magnetic_course": null, "route_distance_holding_distance_time": null, "distance_time": null, "altitude_description": "+", "altitude1": 12000.0, "altitude2": null, "transition_altitude": null, "speed_limit_description": "-", "speed_limit": 230.0, "vertical_angle": null, "center_waypoint": null, "center_waypoint_latitude": null, "center_waypoint_longitude": null, "aircraft_category": null}, "geometry": {"type": "MultiPoint", "coordinates": [[96.18713889, 21.46236111]]}}, {"type": "Feature", "properties": {"fid": 646, "area_code": "PAC", "airport_identifier": "VYMD", "procedure_identifier": "HEHO1E", "route_type": "5", "transition_identifier": "RW17", "seqno": 30, "waypoint_icao_code": "VY", "waypoint_identifier": "MALAY", "waypoint_latitude": 21.72825, "waypoint_longitude": 96.15475, "waypoint_description_code": "E", "turn_direction": null, "rnp": null, "path_termination": "TF", "recommanded_navaid": null, "recommanded_navaid_latitude": null, "recommanded_navaid_longitude": null, "arc_radius": null, "theta": null, "rho": null, "magnetic_course": null, "route_distance_holding_distance_time": null, "distance_time": null, "altitude_description": "+", "altitude1": 8000.0, "altitude2": null, "transition_altitude": null, "speed_limit_description": "-", "speed_limit": 230.0, "vertical_angle": null, "center_waypoint": null, "center_waypoint_latitude": null, "center_waypoint_longitude": null, "aircraft_category": null}, "geometry": {"type": "MultiPoint", "coordinates": [[96.15475, 21.72825]]}}, {"type": "Feature", "properties": {"fid": 647, "area_code": "PAC", "airport_identifier": "VYMD", "procedure_identifier": "HEHO1E", "route_type": "5", "transition_identifier": "RW17", "seqno": 40, "waypoint_icao_code": "VY", "waypoint_identifier": "MDN01", "waypoint_latitude": 21.90777778, "waypoint_longitude": 96.03327778, "waypoint_description_code": "E", "turn_direction": null, "rnp": null, "path_termination": "TF", "recommanded_navaid": null, "recommanded_navaid_latitude": null, "recommanded_navaid_longitude": null, "arc_radius": null, "theta": null, "rho": null, "magnetic_course": null, "route_distance_holding_distance_time": null, "distance_time": null, "altitude_description": "+", "altitude1": 4200.0, "altitude2": null, "transition_altitude": null, "speed_limit_description": "-", "speed_limit": 230.0, "vertical_angle": null, "center_waypoint": null, "center_waypoint_latitude": null, "center_waypoint_longitude": null, "aircraft_category": null}, "geometry": {"type": "MultiPoint", "coordinates": [[96.03327778, 21.90777778]]}}, {"type": "Feature", "properties": {"fid": 649, "area_code": "PAC", "airport_identifier": "VYME", "procedure_identifier": "KIDU1D", "route_type": "5", "transition_identifier": "RW36", "seqno": 10, "waypoint_icao_code": "VY", "waypoint_identifier": "KIDUN", "waypoint_latitude": 12.90530833, "waypoint_longitude": 98.42789444, "waypoint_description_code": "E", "turn_direction": null, "rnp": 1.0, "path_termination": "IF", "recommanded_navaid": null, "recommanded_navaid_latitude": null, "recommanded_navaid_longitude": null, "arc_radius": null, "theta": null, "rho": null, "magnetic_course": null, "route_distance_holding_distance_time": null, "distance_time": null, "altitude_description": null, "altitude1": null, "altitude2": null, "transition_altitude": null, "speed_limit_description": null, "speed_limit": null, "vertical_angle": null, "center_waypoint": null, "center_waypoint_latitude": null, "center_waypoint_longitude": null, "aircraft_category": null}, "geometry": {"type": "MultiPoint", "coordinates": [[98.42789444, 12.90530833]]}}, {"type": "Feature", "properties": {"fid": 650, "area_code": "PAC", "airport_identifier": "VYME", "procedure_identifier": "KIDU1D", "route_type": "5", "transition_identifier": "RW36", "seqno": 20, "waypoint_icao_code": "VY", "waypoint_identifier": "ME910", "waypoint_latitude": 12.79687222, "waypoint_longitude": 98.44478611, "waypoint_description_code": "E", "turn_direction": null, "rnp": 1.0, "path_termination": "TF", "recommanded_navaid": null, "recommanded_navaid_latitude": null, "recommanded_navaid_longitude": null, "arc_radius": null, "theta": null, "rho": null, "magnetic_course": null, "route_distance_holding_distance_time": null, "distance_time": null, "altitude_description": "+", "altitude1": 12000.0, "altitude2": null, "transition_altitude": null, "speed_limit_description": null, "speed_limit": null, "vertical_angle": null, "center_waypoint": null, "center_waypoint_latitude": null, "center_waypoint_longitude": null, "aircraft_category": null}, "geometry": {"type": "MultiPoint", "coordinates": [[98.44478611, 12.79687222]]}}, {"type": "Feature", "properties": {"fid": 651, "area_code": "PAC", "airport_identifier": "VYME", "procedure_identifier": "KIDU1D", "route_type": "5", "transition_identifier": "RW36", "seqno": 30, "waypoint_icao_code": "VY", "waypoint_identifier": "VIMUM", "waypoint_latitude": 12.26305278, "waypoint_longitude": 98.52741944, "waypoint_description_code": "E", "turn_direction": null, "rnp": 1.0, "path_termination": "TF", "recommanded_navaid": null, "recommanded_navaid_latitude": null, "recommanded_navaid_longitude": null, "arc_radius": null, "theta": null, "rho": null, "magnetic_course": null, "route_distance_holding_distance_time": null, "distance_time": null, "altitude_description": "+", "altitude1": 4000.0, "altitude2": null, "transition_altitude": null, "speed_limit_description": "-", "speed_limit": 210.0, "vertical_angle": null, "center_waypoint": null, "center_waypoint_latitude": null, "center_waypoint_longitude": null, "aircraft_category": null}, "geometry": {"type": "MultiPoint", "coordinates": [[98.52741944, 12.26305278]]}}]}