{"type": "FeatureCollection", "features": [{"type": "Feature", "properties": {"feature_type": "route", "flight_key": "RT1_20251223T0000Z", "route": "BGO W13 MIA", "callsign": "RT1", "aircraft_type": "B738", "adep": "VYYY", "ades": "VYMD", "rfl": 350, "eobt": "2025-12-23T00:00:00+00:00", "idents": ["BGO", "NPT", "MIA"]}, "geometry": {"type": "LineString", "coordinates": [[96.519875, 17.31849444], [96.19558333, 19.62655556], [95.98685833, 21.68814722]]}}, {"id": "0", "type": "Feature", "properties": {"flight_key": "RT1_20251223T0000Z", "callsign": "RT1", "aircraft_type": "B738", "adep": "VYYY", "ades": "VYMD", "dep_rwy": "", "arr_rwy": "", "sid": "", "star": "", "approach": "", "epoch_ts": "2025-12-23 00:00:00+00:00", "altitude_ft": 8.7, "tas_kt": 250.0, "gs_kt": 250.0, "track_deg": 2.5565626130177685, "phase": "climb", "waypoint": "", "sector": "R1", "event": ""}, "geometry": {"type": "Point", "coordinates": [96.13323889, 16.90726667, 2.65176]}}, {"id": "1", "type": "Feature", "properties": {"flight_key": "RT1_20251223T0000Z", "callsign": "RT1", "aircraft_type": "B738", "adep": "VYYY", "ades": "VYMD", "dep_rwy": "", "arr_rwy": "", "sid": "", "star": "", "approach": "", "epoch_ts": "2025-12-23 00:00:05+00:00", "altitude_ft": 146.8, "tas_kt": 250.5, "gs_kt": 250.5, "track_deg": 2.5565626130177685, "phase": "climb", "waypoint": "", "sector": "Mingaladon CTR", "event": ""}, "geometry": {"type": "Point", "coordinates": [96.13361595349026, 16.91551547713754, 44.744640000000004]}}, {"id": "2", "type": "Feature", "properties": {"flight_key": "RT1_20251223T0000Z", "callsign": "RT1", "aircraft_type": "B738", "adep": "VYYY", "ades": "VYMD", "dep_rwy": "", "arr_rwy": "", "sid": "", "star": "", "approach": "", "epoch_ts": "2025-12-23 00:00:10+00:00", "altitude_ft": 284.9, "tas_kt": 251.0, "gs_kt": 251.0, "track_deg": 2.5565626130177685, "phase": "climb", "waypoint": "", "sector": "Mingaladon CTR", "event": ""}, "geometry": {"type": "Point", "coordinates": [96.1339930437257, 16.923764278119656, 86.83752]}}, {"id": "3", "type": "Feature", "properties": {"flight_key": "RT1_20251223T0000Z", "callsign": "RT1", "aircraft_type": "B738", "adep": "VYYY", "ades": "VYMD", "dep_rwy": "", "arr_rwy": "", "sid": "", "star": "", "approach": "", "epoch_ts": "2025-12-23 00:00:15+00:00", "altitude_ft": 422.9, "tas_kt": 251.5, "gs_kt": 251.5, "track_deg": 2.5565626130177685, "phase": "climb", "waypoint": "", "sector": "Mingaladon CTR", "event": ""}, "geometry": {"type": "Point", "coordinates": [96.1343701607247, 16.932013072942908, 128.89992]}}, {"id": "4", "type": "Feature", "properties": {"flight_key": "RT1_20251223T0000Z", "callsign": "RT1", "aircraft_type": "B738", "adep": "VYYY", "ades": "VYMD", "dep_rwy": "", "arr_rwy": "", "sid": "", "star": "", "approach": "", "epoch_ts": "2025-12-23 00:00:20+00:00", "altitude_ft": 577.0, "tas_kt": 252.0, "gs_kt": 252.0, "track_deg": 2.5565626130177685, "phase": "climb", "waypoint": "", "sector": "Mingaladon CTR", "event": ""}, "geometry": {"type": "Point", "coordinates": [96.13474730450564, 16.940261861603872, 175.86960000000002]}}, {"id": "5", "type": "Feature", "properties": {"flight_key": "RT1_20251223T0000Z", "callsign": "RT1", "aircraft_type": "B738", "adep": "VYYY", "ades": "VYMD", "dep_rwy": "", "arr_rwy": "", "sid": "", "star": "", "approach": "", "epoch_ts": "2025-12-23 00:00:25+00:00", "altitude_ft": 751.1, "tas_kt": 252.7, "gs_kt": 252.7, "track_deg": 2.5565626130177685, "phase": "climb", "waypoint": "", "sector": "Mingaladon CTR", "event": ""}, "geometry": {"type": "Point", "coordinates": [96.13512447508691, 16.94851064409912, 228.93528]}}, {"id": "6", "type": "Feature", "properties": {"flight_key": "RT1_20251223T0000Z", "callsign": "RT1", "aircraft_type": "B738", "adep": "VYYY", "ades": "VYMD", "dep_rwy": "", "arr_rwy": "", "sid": "", "star": "", "approach": "", "epoch_ts": "2025-12-23 00:00:30+00:00", "altitude_ft": 925.2, "tas_kt": 253.3, "gs_kt": 253.3, "track_deg": 2.5565626130177685, "phase": "climb", "waypoint": "", "sector": "Mingaladon CTR", "event": ""}, "geometry": {"type": "Point", "coordinates": [96.1355016724869, 16.956759420425215, 282.00096]}}, {"id": "7", "type": "Feature", "properties": {"flight_key": "RT1_20251223T0000Z", "callsign": "RT1", "aircraft_type": "B738", "adep": "VYYY", "ades": "VYMD", "dep_rwy": "", "arr_rwy": "", "sid": "", "star": "", "approach": "", "epoch_ts": "2025-12-23 00:00:35+00:00", "altitude_ft": 1106.3, "tas_kt": 253.9, "gs_kt": 253.9, "track_deg": 2.5565626130177685, "phase": "climb", "waypoint": "", "sector": "Mingaladon CTR", "event": ""}, "geometry": {"type": "Point", "coordinates": [96.13587889672401, 16.965008190578725, 337.20024]}}, {"id": "8", "type": "Feature", "properties": {"flight_key": "RT1_20251223T0000Z", "callsign": "RT1", "aircraft_type": "B738", "adep": "VYYY", "ades": "VYMD", "dep_rwy": "", "arr_rwy": "", "sid": "", "star": "", "approach": "", "epoch_ts": "2025-12-23 00:00:40+00:00", "altitude_ft": 1292.6, "tas_kt": 254.6, "gs_kt": 254.6, "track_deg": 2.5565626130177685, "phase": "climb", "waypoint": "", "sector": "Mingaladon CTR", "event": ""}, "geometry": {"type": "Point", "coordinates": [96.13625614781665, 16.973256954556227, 393.98448]}}, {"id": "9", "type": "Feature", "properties": {"flight_key": "RT1_20251223T0000Z", "callsign": "RT1", "aircraft_type": "B738", "adep": "VYYY", "ades": "VYMD", "dep_rwy": "", "arr_rwy": "", "sid": "", "star": "", "approach": "", "epoch_ts": "2025-12-23 00:00:45+00:00", "altitude_ft": 1479.0, "tas_kt": 255.3, "gs_kt": 255.3, "track_deg": 2.5565626130177685, "phase": "climb", "waypoint": "", "sector": "Mingaladon CTR", "event": ""}, "geometry": {"type": "Point", "coordinates": [96.13663342578322, 16.981505712354284, 450.79920000000004]}}, {"id": "10", "type": "Feature", "properties": {"flight_key": "RT1_20251223T0000Z", "callsign": "RT1", "aircraft_type": "B738", "adep": "VYYY", "ades": "VYMD", "dep_rwy": "", "arr_rwy": "", "sid": "", "star": "", "approach": "", "epoch_ts": "2025-12-23 00:00:50+00:00", "altitude_ft": 1654.9, "tas_kt": 255.9, "gs_kt": 255.9, "track_deg": 2.5565626130177685, "phase": "climb", "waypoint": "", "sector": "Mingaladon CTR", "event": ""}, "geometry": {"type": "Point", "coordinates": [96.13701073064212, 16.989754463969472, 504.41352000000006]}}, {"id": "11", "type": "Feature", "properties": {"flight_key": "RT1_20251223T0000Z", "callsign": "RT1", "aircraft_type": "B738", "adep": "VYYY", "ades": "VYMD", "dep_rwy": "", "arr_rwy": "", "sid": "", "star": "", "approach": "", "epoch_ts": "2025-12-23 00:00:55+00:00", "altitude_ft": 1829.5, "tas_kt": 256.5, "gs_kt": 256.5, "track_deg": 2.5565626130177685, "phase": "climb", "waypoint": "", "sector": "Mingaladon CTR", "event": ""}, "geometry": {"type": "Point", "coordinates": [96.13738806241179, 16.998003209398366, 557.6316]}}, {"id": "12", "type": "Feature", "properties": {"flight_key": "RT1_20251223T0000Z", "callsign": "RT1", "aircraft_type": "B738", "adep": "VYYY", "ades": "VYMD", "dep_rwy": "", "arr_rwy": "", "sid": "", "star": "", "approach": "", "epoch_ts": "2025-12-23 00:01:00+00:00", "altitude_ft": 2003.7, "tas_kt": 257.2, "gs_kt": 257.2, "track_deg": 2.5565626130177685, "phase": "climb", "waypoint": "", "sector": "Mingaladon CTR", "event": ""}, "geometry": {"type": "Point", "coordinates": [96.13776542111064, 17.006251948637527, 610.72776]}}, {"id": "13", "type": "Feature", "properties": {"flight_key": "RT1_20251223T0000Z", "callsign": "RT1", "aircraft_type": "B738", "adep": "VYYY", "ades": "VYMD", "dep_rwy": "", "arr_rwy": "", "sid": "", "star": "", "approach": "", "epoch_ts": "2025-12-23 00:01:05+00:00", "altitude_ft": 2160.8, "tas_kt": 257.7, "gs_kt": 257.7, "track_deg": 2.5565626130177685, "phase": "climb", "waypoint": "", "sector": "Mingaladon CTR", "event": ""}, "geometry": {"type": "Point", "coordinates": [96.1381428067571, 17.014500681683536, 658.6118400000001]}}, {"id": "14", "type": "Feature", "properties": {"flight_key": "RT1_20251223T0000Z", "callsign": "RT1", "aircraft_type": "B738", "adep": "VYYY", "ades": "VYMD", "dep_rwy": "", "arr_rwy": "", "sid": "", "star": "", "approach": "", "epoch_ts": "2025-12-23 00:01:10+00:00", "altitude_ft": 2317.8, "tas_kt": 258.3, "gs_kt": 258.3, "track_deg": 2.5565626130177685, "phase": "climb", "waypoint": "", "sector": "Mingaladon CTR", "event": ""}, "geometry": {"type": "Point", "coordinates": [96.13852021936961, 17.022749408532967, 706.4654400000001]}}, {"id": "15", "type": "Feature", "properties": {"flight_key": "RT1_20251223T0000Z", "callsign": "RT1", "aircraft_type": "B738", "adep": "VYYY", "ades": "VYMD", "dep_rwy": "", "arr_rwy": "", "sid": "", "star": "", "approach": "", "epoch_ts": "2025-12-23 00:01:15+00:00", "altitude_ft": 2474.9, "tas_kt": 258.9, "gs_kt": 258.9, "track_deg": 2.5565626130177685, "phase": "climb", "waypoint": "", "sector": "Mingaladon CTR", "event": ""}, "geometry": {"type": "Point", "coordinates": [96.13889765896658, 17.03099812918238, 754.3495200000001]}}, {"id": "16", "type": "Feature", "properties": {"flight_key": "RT1_20251223T0000Z", "callsign": "RT1", "aircraft_type": "B738", "adep": "VYYY", "ades": "VYMD", "dep_rwy": "", "arr_rwy": "", "sid": "", "star": "", "approach": "", "epoch_ts": "2025-12-23 00:01:20+00:00", "altitude_ft": 2631.9, "tas_kt": 259.5, "gs_kt": 259.5, "track_deg": 2.5565626130177685, "phase": "climb", "waypoint": "", "sector": "Mingaladon CTR", "event": ""}, "geometry": {"type": "Point", "coordinates": [96.13927512556648, 17.039246843628362, 802.20312]}}, {"id": "17", "type": "Feature", "properties": {"flight_key": "RT1_20251223T0000Z", "callsign": "RT1", "aircraft_type": "B738", "adep": "VYYY", "ades": "VYMD", "dep_rwy": "", "arr_rwy": "", "sid": "", "star": "", "approach": "", "epoch_ts": "2025-12-23 00:01:25+00:00", "altitude_ft": 2789.0, "tas_kt": 260.0, "gs_kt": 260.0, "track_deg": 2.5565626130177685, "phase": "climb", "waypoint": "", "sector": "Mingaladon CTR", "event": ""}, "geometry": {"type": "Point", "coordinates": [96.13965261918774, 17.047495551867478, 850.0872]}}, {"id": "18", "type": "Feature", "properties": {"flight_key": "RT1_20251223T0000Z", "callsign": "RT1", "aircraft_type": "B738", "adep": "VYYY", "ades": "VYMD", "dep_rwy": "", "arr_rwy": "", "sid": "", "star": "", "approach": "", "epoch_ts": "2025-12-23 00:01:30+00:00", "altitude_ft": 2946.0, "tas_kt": 260.6, "gs_kt": 260.6, "track_deg": 2.5565626130177685, "phase": "climb", "waypoint": "", "sector": "Mingaladon CTR", "event": ""}, "geometry": {"type": "Point", "coordinates": [96.14003013984883, 17.055744253896307, 897.9408000000001]}}, {"id": "19", "type": "Feature", "properties": {"flight_key": "RT1_20251223T0000Z", "callsign": "RT1", "aircraft_type": "B738", "adep": "VYYY", "ades": "VYMD", "dep_rwy": "", "arr_rwy": "", "sid": "", "star": "", "approach": "", "epoch_ts": "2025-12-23 00:01:35+00:00", "altitude_ft": 3101.2, "tas_kt": 261.2, "gs_kt": 261.2, "track_deg": 2.5565626130177685, "phase": "climb", "waypoint": "", "sector": "Mingaladon CTR", "event": ""}, "geometry": {"type": "Point", "coordinates": [96.14040768756817, 17.06399294971142, 945.24576]}}, {"id": "20", "type": "Feature", "properties": {"flight_key": "RT1_20251223T0000Z", "callsign": "RT1", "aircraft_type": "B738", "adep": "VYYY", "ades": "VYMD", "dep_rwy": "", "arr_rwy": "", "sid": "", "star": "", "approach": "", "epoch_ts": "2025-12-23 00:01:40+00:00", "altitude_ft": 3255.5, "tas_kt": 261.8, "gs_kt": 261.8, "track_deg": 2.5565626130177685, "phase": "climb", "waypoint": "", "sector": "Mingaladon CTR", "event": ""}, "geometry": {"type": "Point", "coordinates": [96.14078526236426, 17.072241639309393, 992.2764000000001]}}, {"id": "21", "type": "Feature", "properties": {"flight_key": "RT1_20251223T0000Z", "callsign": "RT1", "aircraft_type": "B738", "adep": "VYYY", "ades": "VYMD", "dep_rwy": "", "arr_rwy": "", "sid": "", "star": "", "approach": "", "epoch_ts": "2025-12-23 00:01:45+00:00", "altitude_ft": 3409.8, "tas_kt": 262.4, "gs_kt": 262.4, "track_deg": 2.5565626130177685, "phase": "climb", "waypoint": "", "sector": "Mingaladon CTR", "event": ""}, "geometry": {"type": "Point", "coordinates": [96.14116286425553, 17.0804903226868, 1039.3070400000001]}}, {"id": "22", "type": "Feature", "properties": {"flight_key": "RT1_20251223T0000Z", "callsign": "RT1", "aircraft_type": "B738", "adep": "VYYY", "ades": "VYMD", "dep_rwy": "", "arr_rwy": "", "sid": "", "star": "", "approach": "", "epoch_ts": "2025-12-23 00:01:50+00:00", "altitude_ft": 3564.1, "tas_kt": 262.9, "gs_kt": 262.9, "track_deg": 2.5565626130177685, "phase": "climb", "waypoint": "", "sector": "Mingaladon CTR", "event": ""}, "geometry": {"type": "Point", "coordinates": [96.14154049326049, 17.088738999840217, 1086.33768]}}, {"id": "23", "type": "Feature", "properties": {"flight_key": "RT1_20251223T0000Z", "callsign": "RT1", "aircraft_type": "B738", "adep": "VYYY", "ades": "VYMD", "dep_rwy": "", "arr_rwy": "", "sid": "", "star": "", "approach": "", "epoch_ts": "2025-12-23 00:01:55+00:00", "altitude_ft": 3718.4, "tas_kt": 263.5, "gs_kt": 263.5, "track_deg": 2.5565626130177685, "phase": "climb", "waypoint": "", "sector": "Mingaladon CTR", "event": ""}, "geometry": {"type": "Point", "coordinates": [96.14191814939758, 17.096987670766225, 1133.36832]}}, {"id": "24", "type": "Feature", "properties": {"flight_key": "RT1_20251223T0000Z", "callsign": "RT1", "aircraft_type": "B738", "adep": "VYYY", "ades": "VYMD", "dep_rwy": "", "arr_rwy": "", "sid": "", "star": "", "approach": "", "epoch_ts": "2025-12-23 00:02:00+00:00", "altitude_ft": 3872.7, "tas_kt": 264.1, "gs_kt": 264.1, "track_deg": 2.5565626130177685, "phase": "climb", "waypoint": "", "sector": "Mingaladon CTR", "event": ""}, "geometry": {"type": "Point", "coordinates": [96.1422958326853, 17.105236335461388, 1180.39896]}}, {"id": "25", "type": "Feature", "properties": {"flight_key": "RT1_20251223T0000Z", "callsign": "RT1", "aircraft_type": "B738", "adep": "VYYY", "ades": "VYMD", "dep_rwy": "", "arr_rwy": "", "sid": "", "star": "", "approach": "", "epoch_ts": "2025-12-23 00:02:05+00:00", "altitude_ft": 4031.6, "tas_kt": 264.7, "gs_kt": 264.7, "track_deg": 2.5565626130177685, "phase": "climb", "waypoint": "", "sector": "Mingaladon CTR", "event": ""}, "geometry": {"type": "Point", "coordinates": [96.14267354314212, 17.11348499392229, 1228.83168]}}, {"id": "26", "type": "Feature", "properties": {"flight_key": "RT1_20251223T0000Z", "callsign": "RT1", "aircraft_type": "B738", "adep": "VYYY", "ades": "VYMD", "dep_rwy": "", "arr_rwy": "", "sid": "", "star": "", "approach": "", "epoch_ts": "2025-12-23 00:02:10+00:00", "altitude_ft": 4212.6, "tas_kt": 265.4, "gs_kt": 265.4, "track_deg": 2.5565626130177685, "phase": "climb", "waypoint": "", "sector": "Mingaladon CTR", "event": ""}, "geometry": {"type": "Point", "coordinates": [96.14305128078655, 17.12173364614551, 1284.0004800000002]}}, {"id": "27", "type": "Feature", "properties": {"flight_key": "RT1_20251223T0000Z", "callsign": "RT1", "aircraft_type": "B738", "adep": "VYYY", "ades": "VYMD", "dep_rwy": "", "arr_rwy": "", "sid": "", "star": "", "approach": "", "epoch_ts": "2025-12-23 00:02:15+00:00", "altitude_ft": 4393.6, "tas_kt": 266.1, "gs_kt": 266.1, "track_deg": 2.5565626130177685, "phase": "climb", "waypoint": "", "sector": "Mingaladon CTR", "event": ""}, "geometry": {"type": "Point", "coordinates": [96.14342904563708, 17.129982292127625, 1339.16928]}}, {"id": "28", "type": "Feature", "properties": {"flight_key": "RT1_20251223T0000Z", "callsign": "RT1", "aircraft_type": "B738", "adep": "VYYY", "ades": "VYMD", "dep_rwy": "", "arr_rwy": "", "sid": "", "star": "", "approach": "", "epoch_ts": "2025-12-23 00:02:20+00:00", "altitude_ft": 4574.5, "tas_kt": 266.8, "gs_kt": 266.8, "track_deg": 2.5565626130177685, "phase": "climb", "waypoint": "", "sector": "Mingaladon CTR", "event": ""}, "geometry": {"type": "Point", "coordinates": [96.14380683771218, 17.13823093186521, 1394.3076]}}, {"id": "29", "type": "Feature", "properties": {"flight_key": "RT1_20251223T0000Z", "callsign": "RT1", "aircraft_type": "B738", "adep": "VYYY", "ades": "VYMD", "dep_rwy": "", "arr_rwy": "", "sid": "", "star": "", "approach": "", "epoch_ts": "2025-12-23 00:02:25+00:00", "altitude_ft": 4755.5, "tas_kt": 267.5, "gs_kt": 267.5, "track_deg": 2.5565626130177685, "phase": "climb", "waypoint": "", "sector": "Mingaladon CTR", "event": ""}, "geometry": {"type": "Point", "coordinates": [96.1441846570304, 17.146479565354838, 1449.4764]}}, {"id": "30", "type": "Feature", "properties": {"flight_key": "RT1_20251223T0000Z", "callsign": "RT1", "aircraft_type": "B738", "adep": "VYYY", "ades": "VYMD", "dep_rwy": "", "arr_rwy": "", "sid": "", "star": "", "approach": "", "epoch_ts": "2025-12-23 00:02:30+00:00", "altitude_ft": 4936.4, "tas_kt": 268.2, "gs_kt": 268.2, "track_deg": 2.5565626130177685, "phase": "climb", "waypoint": "", "sector": "Mingaladon CTR", "event": ""}, "geometry": {"type": "Point", "coordinates": [96.14456250361022, 17.154728192593097, 1504.61472]}}, {"id": "31", "type": "Feature", "properties": {"flight_key": "RT1_20251223T0000Z", "callsign": "RT1", "aircraft_type": "B738", "adep": "VYYY", "ades": "VYMD", "dep_rwy": "", "arr_rwy": "", "sid": "", "star": "", "approach": "", "epoch_ts": "2025-12-23 00:02:35+00:00", "altitude_ft": 5117.4, "tas_kt": 268.9, "gs_kt": 268.9, "track_deg": 2.5565626130177685, "phase": "climb", "waypoint": "", "sector": "Mingaladon CTR", "event": ""}, "geometry": {"type": "Point", "coordinates": [96.14494037747015, 17.16297681357656, 1559.78352]}}, {"id": "32", "type": "Feature", "properties": {"flight_key": "RT1_20251223T0000Z", "callsign": "RT1", "aircraft_type": "B738", "adep": "VYYY", "ades": "VYMD", "dep_rwy": "", "arr_rwy": "", "sid": "", "star": "", "approach": "", "epoch_ts": "2025-12-23 00:02:40+00:00", "altitude_ft": 5298.4, "tas_kt": 269.6, "gs_kt": 269.6, "track_deg": 2.5565626130177685, "phase": "climb", "waypoint": "", "sector": "Mingaladon CTR", "event": ""}, "geometry": {"type": "Point", "coordinates": [96.14531827862874, 17.17122542830181, 1614.9523199999999]}}, {"id": "33", "type": "Feature", "properties": {"flight_key": "RT1_20251223T0000Z", "callsign": "RT1", "aircraft_type": "B738", "adep": "VYYY", "ades": "VYMD", "dep_rwy": "", "arr_rwy": "", "sid": "", "star": "", "approach": "", "epoch_ts": "2025-12-23 00:02:45+00:00", "altitude_ft": 5479.3, "tas_kt": 270.3, "gs_kt": 270.3, "track_deg": 2.5565626130177685, "phase": "climb", "waypoint": "", "sector": "Mingaladon CTR", "event": ""}, "geometry": {"type": "Point", "coordinates": [96.14569620710448, 17.179474036765427, 1670.0906400000001]}}, {"id": "34", "type": "Feature", "properties": {"flight_key": "RT1_20251223T0000Z", "callsign": "RT1", "aircraft_type": "B738", "adep": "VYYY", "ades": "VYMD", "dep_rwy": "", "arr_rwy": "", "sid": "", "star": "", "approach": "", "epoch_ts": "2025-12-23 00:02:50+00:00", "altitude_ft": 5660.3, "tas_kt": 271.0, "gs_kt": 271.0, "track_deg": 2.5565626130177685, "phase": "climb", "waypoint": "", "sector": "Mingaladon CTR", "event": ""}, "geometry": {"type": "Point", "coordinates": [96.14607416291592, 17.18772263896398, 1725.25944]}}, {"id": "35", "type": "Feature", "properties": {"flight_key": "RT1_20251223T0000Z", "callsign": "RT1", "aircraft_type": "B738", "adep": "VYYY", "ades": "VYMD", "dep_rwy": "", "arr_rwy": "", "sid": "", "star": "", "approach": "", "epoch_ts": "2025-12-23 00:02:55+00:00", "altitude_ft": 5841.2, "tas_kt": 271.7, "gs_kt": 271.7, "track_deg": 2.5565626130177685, "phase": "climb", "waypoint": "", "sector": "Mingaladon CTR", "event": ""}, "geometry": {"type": "Point", "coordinates": [96.14645214608159, 17.19597123489406, 1780.39776]}}, {"id": "36", "type": "Feature", "properties": {"flight_key": "RT1_20251223T0000Z", "callsign": "RT1", "aircraft_type": "B738", "adep": "VYYY", "ades": "VYMD", "dep_rwy": "", "arr_rwy": "", "sid": "", "star": "", "approach": "", "epoch_ts": "2025-12-23 00:03:00+00:00", "altitude_ft": 6025.4, "tas_kt": 272.4, "gs_kt": 272.4, "track_deg": 2.5565626130177685, "phase": "climb", "waypoint": "", "sector": "Mingaladon CTR", "event": ""}, "geometry": {"type": "Point", "coordinates": [96.14683015662003, 17.204219824552247, 1836.54192]}}, {"id": "37", "type": "Feature", "properties": {"flight_key": "RT1_20251223T0000Z", "callsign": "RT1", "aircraft_type": "B738", "adep": "VYYY", "ades": "VYMD", "dep_rwy": "", "arr_rwy": "", "sid": "", "star": "", "approach": "", "epoch_ts": "2025-12-23 00:03:05+00:00", "altitude_ft": 6232.9, "tas_kt": 273.2, "gs_kt": 273.2, "track_deg": 2.5565626130177685, "phase": "climb", "waypoint": "", "sector": "Mingaladon CTR", "event": ""}, "geometry": {"type": "Point", "coordinates": [96.14720819454978, 17.21246840793512, 1899.78792]}}, {"id": "38", "type": "Feature", "properties": {"flight_key": "RT1_20251223T0000Z", "callsign": "RT1", "aircraft_type": "B738", "adep": "VYYY", "ades": "VYMD", "dep_rwy": "", "arr_rwy": "", "sid": "", "star": "", "approach": "", "epoch_ts": "2025-12-23 00:03:10+00:00", "altitude_ft": 6440.3, "tas_kt": 274.0, "gs_kt": 274.0, "track_deg": 2.5565626130177685, "phase": "climb", "waypoint": "", "sector": "Mingaladon CTR", "event": ""}, "geometry": {"type": "Point", "coordinates": [96.1475862598894, 17.220716985039253, 1963.0034400000002]}}, {"id": "39", "type": "Feature", "properties": {"flight_key": "RT1_20251223T0000Z", "callsign": "RT1", "aircraft_type": "B738", "adep": "VYYY", "ades": "VYMD", "dep_rwy": "", "arr_rwy": "", "sid": "", "star": "", "approach": "", "epoch_ts": "2025-12-23 00:03:15+00:00", "altitude_ft": 6647.7, "tas_kt": 274.9, "gs_kt": 274.9, "track_deg": 2.5565626130177685, "phase": "climb", "waypoint": "", "sector": "Mingaladon CTR", "event": ""}, "geometry": {"type": "Point", "coordinates": [96.14796435265741, 17.228965555861247, 2026.2189600000002]}}, {"id": "40", "type": "Feature", "properties": {"flight_key": "RT1_20251223T0000Z", "callsign": "RT1", "aircraft_type": "B738", "adep": "VYYY", "ades": "VYMD", "dep_rwy": "", "arr_rwy": "", "sid": "", "star": "", "approach": "", "epoch_ts": "2025-12-23 00:03:20+00:00", "altitude_ft": 6855.1, "tas_kt": 275.7, "gs_kt": 275.7, "track_deg": 2.5565626130177685, "phase": "climb", "waypoint": "", "sector": "Mingaladon CTR", "event": ""}, "geometry": {"type": "Point", "coordinates": [96.14834247287241, 17.237214120397667, 2089.4344800000003]}}, {"id": "41", "type": "Feature", "properties": {"flight_key": "RT1_20251223T0000Z", "callsign": "RT1", "aircraft_type": "B738", "adep": "VYYY", "ades": "VYMD", "dep_rwy": "", "arr_rwy": "", "sid": "", "star": "", "approach": "", "epoch_ts": "2025-12-23 00:03:25+00:00", "altitude_ft": 7062.5, "tas_kt": 276.5, "gs_kt": 276.5, "track_deg": 2.5565626130177685, "phase": "climb", "waypoint": "", "sector": "Mingaladon CTR", "event": ""}, "geometry": {"type": "Point", "coordinates": [96.14872062055294, 17.245462678645097, 2152.65]}}, {"id": "42", "type": "Feature", "properties": {"flight_key": "RT1_20251223T0000Z", "callsign": "RT1", "aircraft_type": "B738", "adep": "VYYY", "ades": "VYMD", "dep_rwy": "", "arr_rwy": "", "sid": "", "star": "", "approach": "", "epoch_ts": "2025-12-23 00:03:30+00:00", "altitude_ft": 7269.9, "tas_kt": 277.4, "gs_kt": 277.4, "track_deg": 2.5565626130177685, "phase": "climb", "waypoint": "", "sector": "Mingaladon CTR", "event": ""}, "geometry": {"type": "Point", "coordinates": [96.14909879571758, 17.25371123060013, 2215.86552]}}, {"id": "43", "type": "Feature", "properties": {"flight_key": "RT1_20251223T0000Z", "callsign": "RT1", "aircraft_type": "B738", "adep": "VYYY", "ades": "VYMD", "dep_rwy": "", "arr_rwy": "", "sid": "", "star": "", "approach": "", "epoch_ts": "2025-12-23 00:03:35+00:00", "altitude_ft": 7477.4, "tas_kt": 278.2, "gs_kt": 278.2, "track_deg": 2.5565626130177685, "phase": "climb", "waypoint": "", "sector": "Mingaladon CTR", "event": ""}, "geometry": {"type": "Point", "coordinates": [96.1494769983849, 17.26195977625934, 2279.11152]}}, {"id": "44", "type": "Feature", "properties": {"flight_key": "RT1_20251223T0000Z", "callsign": "RT1", "aircraft_type": "B738", "adep": "VYYY", "ades": "VYMD", "dep_rwy": "", "arr_rwy": "", "sid": "", "star": "", "approach": "", "epoch_ts": "2025-12-23 00:03:40+00:00", "altitude_ft": 7684.8, "tas_kt": 279.1, "gs_kt": 279.1, "track_deg": 2.5565626130177685, "phase": "climb", "waypoint": "", "sector": "Mingaladon CTR", "event": ""}, "geometry": {"type": "Point", "coordinates": [96.14985522857346, 17.270208315619314, 2342.32704]}}, {"id": "45", "type": "Feature", "properties": {"flight_key": "RT1_20251223T0000Z", "callsign": "RT1", "aircraft_type": "B738", "adep": "VYYY", "ades": "VYMD", "dep_rwy": "", "arr_rwy": "", "sid": "", "star": "", "approach": "", "epoch_ts": "2025-12-23 00:03:45+00:00", "altitude_ft": 7892.2, "tas_kt": 279.9, "gs_kt": 279.9, "track_deg": 2.5565626130177685, "phase": "climb", "waypoint": "", "sector": "Mingaladon CTR", "event": ""}, "geometry": {"type": "Point", "coordinates": [96.15023348630187, 17.278456848676633, 2405.54256]}}, {"id": "46", "type": "Feature", "properties": {"flight_key": "RT1_20251223T0000Z", "callsign": "RT1", "aircraft_type": "B738", "adep": "VYYY", "ades": "VYMD", "dep_rwy": "", "arr_rwy": "", "sid": "", "star": "", "approach": "", "epoch_ts": "2025-12-23 00:03:50+00:00", "altitude_ft": 8099.0, "tas_kt": 280.7, "gs_kt": 280.7, "track_deg": 2.5565626130177685, "phase": "climb", "waypoint": "", "sector": "Mingaladon CTR", "event": ""}, "geometry": {"type": "Point", "coordinates": [96.15061177158871, 17.286705375427886, 2468.5752]}}, {"id": "47", "type": "Feature", "properties": {"flight_key": "RT1_20251223T0000Z", "callsign": "RT1", "aircraft_type": "B738", "adep": "VYYY", "ades": "VYMD", "dep_rwy": "", "arr_rwy": "", "sid": "", "star": "", "approach": "", "epoch_ts": "2025-12-23 00:03:55+00:00", "altitude_ft": 8305.1, "tas_kt": 281.6, "gs_kt": 281.6, "track_deg": 2.5565626130177685, "phase": "climb", "waypoint": "", "sector": "Mingaladon CTR", "event": ""}, "geometry": {"type": "Point", "coordinates": [96.15099008445257, 17.294953895869654, 2531.3944800000004]}}, {"id": "48", "type": "Feature", "properties": {"flight_key": "RT1_20251223T0000Z", "callsign": "RT1", "aircraft_type": "B738", "adep": "VYYY", "ades": "VYMD", "dep_rwy": "", "arr_rwy": "", "sid": "", "star": "", "approach": "", "epoch_ts": "2025-12-23 00:04:00+00:00", "altitude_ft": 8511.2, "tas_kt": 282.4, "gs_kt": 282.4, "track_deg": 2.5565626130177685, "phase": "climb", "waypoint": "", "sector": "Mingaladon CTR", "event": ""}, "geometry": {"type": "Point", "coordinates": [96.15136842491206, 17.303202409998526, 2594.2137600000005]}}, {"id": "49", "type": "Feature", "properties": {"flight_key": "RT1_20251223T0000Z", "callsign": "RT1", "aircraft_type": "B738", "adep": "VYYY", "ades": "VYMD", "dep_rwy": "", "arr_rwy": "", "sid": "", "star": "", "approach": "", "epoch_ts": "2025-12-23 00:04:05+00:00", "altitude_ft": 8717.4, "tas_kt": 283.3, "gs_kt": 283.3, "track_deg": 2.5565626130177685, "phase": "climb", "waypoint": "", "sector": "Mingaladon CTR", "event": ""}, "geometry": {"type": "Point", "coordinates": [96.15174679298576, 17.311450917811086, 2657.06352]}}, {"id": "50", "type": "Feature", "properties": {"flight_key": "RT1_20251223T0000Z", "callsign": "RT1", "aircraft_type": "B738", "adep": "VYYY", "ades": "VYMD", "dep_rwy": "", "arr_rwy": "", "sid": "", "star": "", "approach": "", "epoch_ts": "2025-12-23 00:04:10+00:00", "altitude_ft": 8923.5, "tas_kt": 284.2, "gs_kt": 284.2, "track_deg": 2.5565626130177685, "phase": "climb", "waypoint": "", "sector": "Mingaladon CTR", "event": ""}, "geometry": {"type": "Point", "coordinates": [96.1521251886923, 17.31969941930392, 2719.8828000000003]}}, {"id": "51", "type": "Feature", "properties": {"flight_key": "RT1_20251223T0000Z", "callsign": "RT1", "aircraft_type": "B738", "adep": "VYYY", "ades": "VYMD", "dep_rwy": "", "arr_rwy": "", "sid": "", "star": "", "approach": "", "epoch_ts": "2025-12-23 00:04:15+00:00", "altitude_ft": 9129.6, "tas_kt": 285.0, "gs_kt": 285.0, "track_deg": 2.5565626130177685, "phase": "climb", "waypoint": "", "sector": "Mingaladon CTR", "event": ""}, "geometry": {"type": "Point", "coordinates": [96.15250361205028, 17.32794791447361, 2782.7020800000005]}}, {"id": "52", "type": "Feature", "properties": {"flight_key": "RT1_20251223T0000Z", "callsign": "RT1", "aircraft_type": "B738", "adep": "VYYY", "ades": "VYMD", "dep_rwy": "", "arr_rwy": "", "sid": "", "star": "", "approach": "", "epoch_ts": "2025-12-23 00:04:20+00:00", "altitude_ft": 9335.7, "tas_kt": 285.9, "gs_kt": 285.9, "track_deg": 2.5565626130177685, "phase": "climb", "waypoint": "", "sector": "Mingaladon CTR", "event": ""}, "geometry": {"type": "Point", "coordinates": [96.15288206307832, 17.336196403316748, 2845.52136]}}, {"id": "53", "type": "Feature", "properties": {"flight_key": "RT1_20251223T0000Z", "callsign": "RT1", "aircraft_type": "B738", "adep": "VYYY", "ades": "VYMD", "dep_rwy": "", "arr_rwy": "", "sid": "", "star": "", "approach": "", "epoch_ts": "2025-12-23 00:04:25+00:00", "altitude_ft": 9541.9, "tas_kt": 286.8, "gs_kt": 286.8, "track_deg": 2.5565626130177685, "phase": "climb", "waypoint": "", "sector": "Mingaladon CTR", "event": ""}, "geometry": {"type": "Point", "coordinates": [96.15326054179505, 17.344444885829922, 2908.3711200000002]}}, {"id": "54", "type": "Feature", "properties": {"flight_key": "RT1_20251223T0000Z", "callsign": "RT1", "aircraft_type": "B738", "adep": "VYYY", "ades": "VYMD", "dep_rwy": "", "arr_rwy": "", "sid": "", "star": "", "approach": "", "epoch_ts": "2025-12-23 00:04:30+00:00", "altitude_ft": 9748.0, "tas_kt": 287.6, "gs_kt": 287.6, "track_deg": 2.5565626130177685, "phase": "climb", "waypoint": "", "sector": "Mingaladon CTR", "event": ""}, "geometry": {"type": "Point", "coordinates": [96.15363904821909, 17.35269336200971, 2971.1904]}}, {"id": "55", "type": "Feature", "properties": {"flight_key": "RT1_20251223T0000Z", "callsign": "RT1", "aircraft_type": "B738", "adep": "VYYY", "ades": "VYMD", "dep_rwy": "", "arr_rwy": "", "sid": "", "star": "", "approach": "", "epoch_ts": "2025-12-23 00:04:35+00:00", "altitude_ft": 9954.1, "tas_kt": 288.5, "gs_kt": 288.5, "track_deg": 2.5565626130177685, "phase": "climb", "waypoint": "", "sector": "Mingaladon CTR", "event": ""}, "geometry": {"type": "Point", "coordinates": [96.15401758236908, 17.360941831852713, 3034.00968]}}, {"id": "56", "type": "Feature", "properties": {"flight_key": "RT1_20251223T0000Z", "callsign": "RT1", "aircraft_type": "B738", "adep": "VYYY", "ades": "VYMD", "dep_rwy": "", "arr_rwy": "", "sid": "", "star": "", "approach": "", "epoch_ts": "2025-12-23 00:04:40+00:00", "altitude_ft": 10151.1, "tas_kt": 334.8, "gs_kt": 334.8, "track_deg": 2.5565626130177685, "phase": "climb", "waypoint": "", "sector": "Mingaladon CTR", "event": ""}, "geometry": {"type": "Point", "coordinates": [96.15439614426366, 17.369190295355512, 3094.0552800000005]}}, {"id": "57", "type": "Feature", "properties": {"flight_key": "RT1_20251223T0000Z", "callsign": "RT1", "aircraft_type": "B738", "adep": "VYYY", "ades": "VYMD", "dep_rwy": "", "arr_rwy": "", "sid": "", "star": "", "approach": "", "epoch_ts": "2025-12-23 00:04:45+00:00", "altitude_ft": 10345.5, "tas_kt": 335.8, "gs_kt": 335.8, "track_deg": 2.5565626130177685, "phase": "climb", "waypoint": "", "sector": "Mingaladon CTR", "event": ""}, "geometry": {"type": "Point", "coordinates": [96.15477473392146, 17.377438752514696, 3153.3084000000003]}}, {"id": "58", "type": "Feature", "properties": {"flight_key": "RT1_20251223T0000Z", "callsign": "RT1", "aircraft_type": "B738", "adep": "VYYY", "ades": "VYMD", "dep_rwy": "", "arr_rwy": "", "sid": "", "star": "", "approach": "", "epoch_ts": "2025-12-23 00:04:50+00:00", "altitude_ft": 10539.8, "tas_kt": 336.7, "gs_kt": 336.7, "track_deg": 2.5565626130177685, "phase": "climb", "waypoint": "", "sector": "Mingaladon CTR", "event": ""}, "geometry": {"type": "Point", "coordinates": [96.15515335136114, 17.385687203326853, 3212.53104]}}, {"id": "59", "type": "Feature", "properties": {"flight_key": "RT1_20251223T0000Z", "callsign": "RT1", "aircraft_type": "B738", "adep": "VYYY", "ades": "VYMD", "dep_rwy": "", "arr_rwy": "", "sid": "", "star": "", "approach": "", "epoch_ts": "2025-12-23 00:04:55+00:00", "altitude_ft": 10734.2, "tas_kt": 337.7, "gs_kt": 337.7, "track_deg": 2.5565626130177685, "phase": "climb", "waypoint": "", "sector": "Mingaladon CTR", "event": ""}, "geometry": {"type": "Point", "coordinates": [96.15553199660134, 17.393935647788577, 3271.7841600000006]}}, {"id": "60", "type": "Feature", "properties": {"flight_key": "RT1_20251223T0000Z", "callsign": "RT1", "aircraft_type": "B738", "adep": "VYYY", "ades": "VYMD", "dep_rwy": "", "arr_rwy": "", "sid": "", "star": "", "approach": "", "epoch_ts": "2025-12-23 00:05:00+00:00", "altitude_ft": 10928.6, "tas_kt": 338.6, "gs_kt": 338.6, "track_deg": 2.5565626130177685, "phase": "climb", "waypoint": "", "sector": "Mingaladon CTR", "event": ""}, "geometry": {"type": "Point", "coordinates": [96.15591066966074, 17.40218408589645, 3331.0372800000005]}}, {"id": "61", "type": "Feature", "properties": {"flight_key": "RT1_20251223T0000Z", "callsign": "RT1", "aircraft_type": "B738", "adep": "VYYY", "ades": "VYMD", "dep_rwy": "", "arr_rwy": "", "sid": "", "star": "", "approach": "", "epoch_ts": "2025-12-23 00:05:05+00:00", "altitude_ft": 11123.0, "tas_kt": 339.6, "gs_kt": 339.6, "track_deg": 2.5565626130177685, "phase": "climb", "waypoint": "", "sector": "Mingaladon TMA", "event": ""}, "geometry": {"type": "Point", "coordinates": [96.15628937055799, 17.410432517647067, 3390.2904000000003]}}, {"id": "62", "type": "Feature", "properties": {"flight_key": "RT1_20251223T0000Z", "callsign": "RT1", "aircraft_type": "B738", "adep": "VYYY", "ades": "VYMD", "dep_rwy": "", "arr_rwy": "", "sid": "", "star": "", "approach": "", "epoch_ts": "2025-12-23 00:05:10+00:00", "altitude_ft": 11317.3, "tas_kt": 340.5, "gs_kt": 340.5, "track_deg": 2.5565626130177685, "phase": "climb", "waypoint": "", "sector": "Mingaladon TMA", "event": ""}, "geometry": {"type": "Point", "coordinates": [96.15666809931174, 17.41868094303702, 3449.51304]}}, {"id": "63", "type": "Feature", "properties": {"flight_key": "RT1_20251223T0000Z", "callsign": "RT1", "aircraft_type": "B738", "adep": "VYYY", "ades": "VYMD", "dep_rwy": "", "arr_rwy": "", "sid": "", "star": "", "approach": "", "epoch_ts": "2025-12-23 00:05:15+00:00", "altitude_ft": 11511.7, "tas_kt": 341.5, "gs_kt": 341.5, "track_deg": 2.5565626130177685, "phase": "climb", "waypoint": "", "sector": "Mingaladon TMA", "event": ""}, "geometry": {"type": "Point", "coordinates": [96.1570468559407, 17.426929362062893, 3508.7661600000006]}}, {"id": "64", "type": "Feature", "properties": {"flight_key": "RT1_20251223T0000Z", "callsign": "RT1", "aircraft_type": "B738", "adep": "VYYY", "ades": "VYMD", "dep_rwy": "", "arr_rwy": "", "sid": "", "star": "", "approach": "", "epoch_ts": "2025-12-23 00:05:20+00:00", "altitude_ft": 11706.1, "tas_kt": 342.5, "gs_kt": 342.5, "track_deg": 2.5565626130177685, "phase": "climb", "waypoint": "", "sector": "Mingaladon TMA", "event": ""}, "geometry": {"type": "Point", "coordinates": [96.15742564046353, 17.43517777472129, 3568.0192800000004]}}, {"id": "65", "type": "Feature", "properties": {"flight_key": "RT1_20251223T0000Z", "callsign": "RT1", "aircraft_type": "B738", "adep": "VYYY", "ades": "VYMD", "dep_rwy": "", "arr_rwy": "", "sid": "", "star": "", "approach": "", "epoch_ts": "2025-12-23 00:05:25+00:00", "altitude_ft": 11900.5, "tas_kt": 343.4, "gs_kt": 343.4, "track_deg": 2.5565626130177685, "phase": "climb", "waypoint": "", "sector": "Mingaladon TMA", "event": ""}, "geometry": {"type": "Point", "coordinates": [96.15780445289892, 17.44342618100879, 3627.2724000000003]}}, {"id": "66", "type": "Feature", "properties": {"flight_key": "RT1_20251223T0000Z", "callsign": "RT1", "aircraft_type": "B738", "adep": "VYYY", "ades": "VYMD", "dep_rwy": "", "arr_rwy": "", "sid": "", "star": "", "approach": "", "epoch_ts": "2025-12-23 00:05:30+00:00", "altitude_ft": 12098.6, "tas_kt": 344.4, "gs_kt": 344.4, "track_deg": 2.5565626130177685, "phase": "climb", "waypoint": "", "sector": "Mingaladon TMA", "event": ""}, "geometry": {"type": "Point", "coordinates": [96.15818329326554, 17.45167458092199, 3687.6532800000004]}}, {"id": "67", "type": "Feature", "properties": {"flight_key": "RT1_20251223T0000Z", "callsign": "RT1", "aircraft_type": "B738", "adep": "VYYY", "ades": "VYMD", "dep_rwy": "", "arr_rwy": "", "sid": "", "star": "", "approach": "", "epoch_ts": "2025-12-23 00:05:35+00:00", "altitude_ft": 12300.6, "tas_kt": 345.5, "gs_kt": 345.5, "track_deg": 2.5565626130177685, "phase": "climb", "waypoint": "", "sector": "Mingaladon TMA", "event": ""}, "geometry": {"type": "Point", "coordinates": [96.15856216158208, 17.459922974457477, 3749.2228800000003]}}, {"id": "68", "type": "Feature", "properties": {"flight_key": "RT1_20251223T0000Z", "callsign": "RT1", "aircraft_type": "B738", "adep": "VYYY", "ades": "VYMD", "dep_rwy": "", "arr_rwy": "", "sid": "", "star": "", "approach": "", "epoch_ts": "2025-12-23 00:05:40+00:00", "altitude_ft": 12502.6, "tas_kt": 346.5, "gs_kt": 346.5, "track_deg": 2.5565626130177685, "phase": "climb", "waypoint": "", "sector": "Mingaladon TMA", "event": ""}, "geometry": {"type": "Point", "coordinates": [96.15894105786728, 17.46817136161186, 3810.7924800000005]}}, {"id": "69", "type": "Feature", "properties": {"flight_key": "RT1_20251223T0000Z", "callsign": "RT1", "aircraft_type": "B738", "adep": "VYYY", "ades": "VYMD", "dep_rwy": "", "arr_rwy": "", "sid": "", "star": "", "approach": "", "epoch_ts": "2025-12-23 00:05:45+00:00", "altitude_ft": 12704.6, "tas_kt": 347.5, "gs_kt": 347.5, "track_deg": 2.5565626130177685, "phase": "climb", "waypoint": "", "sector": "Mingaladon TMA", "event": ""}, "geometry": {"type": "Point", "coordinates": [96.1593199821398, 17.476419742381708, 3872.3620800000003]}}, {"id": "70", "type": "Feature", "properties": {"flight_key": "RT1_20251223T0000Z", "callsign": "RT1", "aircraft_type": "B738", "adep": "VYYY", "ades": "VYMD", "dep_rwy": "", "arr_rwy": "", "sid": "", "star": "", "approach": "", "epoch_ts": "2025-12-23 00:05:50+00:00", "altitude_ft": 12906.6, "tas_kt": 348.5, "gs_kt": 348.5, "track_deg": 2.5565626130177685, "phase": "climb", "waypoint": "", "sector": "Mingaladon TMA", "event": ""}, "geometry": {"type": "Point", "coordinates": [96.15969893441837, 17.48466811676364, 3933.93168]}}, {"id": "71", "type": "Feature", "properties": {"flight_key": "RT1_20251223T0000Z", "callsign": "RT1", "aircraft_type": "B738", "adep": "VYYY", "ades": "VYMD", "dep_rwy": "", "arr_rwy": "", "sid": "", "star": "", "approach": "", "epoch_ts": "2025-12-23 00:05:55+00:00", "altitude_ft": 13108.6, "tas_kt": 349.6, "gs_kt": 349.6, "track_deg": 2.5565626130177685, "phase": "climb", "waypoint": "", "sector": "Mingaladon TMA", "event": ""}, "geometry": {"type": "Point", "coordinates": [96.1600779147217, 17.492916484754225, 3995.5012800000004]}}, {"id": "72", "type": "Feature", "properties": {"flight_key": "RT1_20251223T0000Z", "callsign": "RT1", "aircraft_type": "B738", "adep": "VYYY", "ades": "VYMD", "dep_rwy": "", "arr_rwy": "", "sid": "", "star": "", "approach": "", "epoch_ts": "2025-12-23 00:06:00+00:00", "altitude_ft": 13310.6, "tas_kt": 350.6, "gs_kt": 350.6, "track_deg": 2.5565626130177685, "phase": "climb", "waypoint": "", "sector": "Mingaladon TMA", "event": ""}, "geometry": {"type": "Point", "coordinates": [96.16045692306851, 17.50116484635008, 4057.07088]}}, {"id": "73", "type": "Feature", "properties": {"flight_key": "RT1_20251223T0000Z", "callsign": "RT1", "aircraft_type": "B738", "adep": "VYYY", "ades": "VYMD", "dep_rwy": "", "arr_rwy": "", "sid": "", "star": "", "approach": "", "epoch_ts": "2025-12-23 00:06:05+00:00", "altitude_ft": 13512.6, "tas_kt": 351.7, "gs_kt": 351.7, "track_deg": 2.5565626130177685, "phase": "climb", "waypoint": "", "sector": "Mingaladon TMA", "event": ""}, "geometry": {"type": "Point", "coordinates": [96.16083595947751, 17.50941320154778, 4118.64048]}}, {"id": "74", "type": "Feature", "properties": {"flight_key": "RT1_20251223T0000Z", "callsign": "RT1", "aircraft_type": "B738", "adep": "VYYY", "ades": "VYMD", "dep_rwy": "", "arr_rwy": "", "sid": "", "star": "", "approach": "", "epoch_ts": "2025-12-23 00:06:10+00:00", "altitude_ft": 13714.6, "tas_kt": 352.7, "gs_kt": 352.7, "track_deg": 2.5565626130177685, "phase": "climb", "waypoint": "", "sector": "Mingaladon TMA", "event": ""}, "geometry": {"type": "Point", "coordinates": [96.16121502396746, 17.51766155034393, 4180.210080000001]}}, {"id": "75", "type": "Feature", "properties": {"flight_key": "RT1_20251223T0000Z", "callsign": "RT1", "aircraft_type": "B738", "adep": "VYYY", "ades": "VYMD", "dep_rwy": "", "arr_rwy": "", "sid": "", "star": "", "approach": "", "epoch_ts": "2025-12-23 00:06:15+00:00", "altitude_ft": 13916.6, "tas_kt": 353.8, "gs_kt": 353.8, "track_deg": 2.5565626130177685, "phase": "climb", "waypoint": "", "sector": "Mingaladon TMA", "event": ""}, "geometry": {"type": "Point", "coordinates": [96.16159411655705, 17.525909892735132, 4241.779680000001]}}, {"id": "76", "type": "Feature", "properties": {"flight_key": "RT1_20251223T0000Z", "callsign": "RT1", "aircraft_type": "B738", "adep": "VYYY", "ades": "VYMD", "dep_rwy": "", "arr_rwy": "", "sid": "", "star": "", "approach": "", "epoch_ts": "2025-12-23 00:06:20+00:00", "altitude_ft": 14122.7, "tas_kt": 354.8, "gs_kt": 354.8, "track_deg": 2.5565626130177685, "phase": "climb", "waypoint": "", "sector": "Mingaladon TMA", "event": ""}, "geometry": {"type": "Point", "coordinates": [96.16197323726504, 17.53415822871797, 4304.59896]}}, {"id": "77", "type": "Feature", "properties": {"flight_key": "RT1_20251223T0000Z", "callsign": "RT1", "aircraft_type": "B738", "adep": "VYYY", "ades": "VYMD", "dep_rwy": "", "arr_rwy": "", "sid": "", "star": "", "approach": "", "epoch_ts": "2025-12-23 00:06:25+00:00", "altitude_ft": 14331.7, "tas_kt": 355.9, "gs_kt": 355.9, "track_deg": 2.5565626130177685, "phase": "climb", "waypoint": "", "sector": "Mingaladon TMA", "event": ""}, "geometry": {"type": "Point", "coordinates": [96.1623523861102, 17.542406558289045, 4368.30216]}}, {"id": "78", "type": "Feature", "properties": {"flight_key": "RT1_20251223T0000Z", "callsign": "RT1", "aircraft_type": "B738", "adep": "VYYY", "ades": "VYMD", "dep_rwy": "", "arr_rwy": "", "sid": "", "star": "", "approach": "", "epoch_ts": "2025-12-23 00:06:30+00:00", "altitude_ft": 14540.7, "tas_kt": 357.0, "gs_kt": 357.0, "track_deg": 2.5565626130177685, "phase": "climb", "waypoint": "", "sector": "Mingaladon TMA", "event": ""}, "geometry": {"type": "Point", "coordinates": [96.16273156311124, 17.55065488144495, 4432.00536]}}, {"id": "79", "type": "Feature", "properties": {"flight_key": "RT1_20251223T0000Z", "callsign": "RT1", "aircraft_type": "B738", "adep": "VYYY", "ades": "VYMD", "dep_rwy": "", "arr_rwy": "", "sid": "", "star": "", "approach": "", "epoch_ts": "2025-12-23 00:06:35+00:00", "altitude_ft": 14749.7, "tas_kt": 358.1, "gs_kt": 358.1, "track_deg": 2.5565626130177685, "phase": "climb", "waypoint": "", "sector": "Mingaladon TMA", "event": ""}, "geometry": {"type": "Point", "coordinates": [96.16311076828693, 17.558903198182293, 4495.70856]}}, {"id": "80", "type": "Feature", "properties": {"flight_key": "RT1_20251223T0000Z", "callsign": "RT1", "aircraft_type": "B738", "adep": "VYYY", "ades": "VYMD", "dep_rwy": "", "arr_rwy": "", "sid": "", "star": "", "approach": "", "epoch_ts": "2025-12-23 00:06:40+00:00", "altitude_ft": 14958.7, "tas_kt": 359.2, "gs_kt": 359.2, "track_deg": 2.5565626130177685, "phase": "climb", "waypoint": "", "sector": "Mingaladon TMA", "event": ""}, "geometry": {"type": "Point", "coordinates": [96.16349000165603, 17.567151508497652, 4559.411760000001]}}, {"id": "81", "type": "Feature", "properties": {"flight_key": "RT1_20251223T0000Z", "callsign": "RT1", "aircraft_type": "B738", "adep": "VYYY", "ades": "VYMD", "dep_rwy": "", "arr_rwy": "", "sid": "", "star": "", "approach": "", "epoch_ts": "2025-12-23 00:06:45+00:00", "altitude_ft": 15167.7, "tas_kt": 360.4, "gs_kt": 360.4, "track_deg": 2.5565626130177685, "phase": "climb", "waypoint": "", "sector": "Mingaladon TMA", "event": ""}, "geometry": {"type": "Point", "coordinates": [96.16386926323729, 17.575399812387644, 4623.114960000001]}}, {"id": "82", "type": "Feature", "properties": {"flight_key": "RT1_20251223T0000Z", "callsign": "RT1", "aircraft_type": "B738", "adep": "VYYY", "ades": "VYMD", "dep_rwy": "", "arr_rwy": "", "sid": "", "star": "", "approach": "", "epoch_ts": "2025-12-23 00:06:50+00:00", "altitude_ft": 15376.7, "tas_kt": 361.5, "gs_kt": 361.5, "track_deg": 2.5565626130177685, "phase": "climb", "waypoint": "", "sector": "Mingaladon TMA", "event": ""}, "geometry": {"type": "Point", "coordinates": [96.1642485530495, 17.583648109848863, 4686.818160000001]}}, {"id": "83", "type": "Feature", "properties": {"flight_key": "RT1_20251223T0000Z", "callsign": "RT1", "aircraft_type": "B738", "adep": "VYYY", "ades": "VYMD", "dep_rwy": "", "arr_rwy": "", "sid": "", "star": "", "approach": "", "epoch_ts": "2025-12-23 00:06:55+00:00", "altitude_ft": 15585.7, "tas_kt": 362.6, "gs_kt": 362.6, "track_deg": 2.5565626130177685, "phase": "climb", "waypoint": "", "sector": "Mingaladon TMA", "event": ""}, "geometry": {"type": "Point", "coordinates": [96.16462787111143, 17.591896400877893, 4750.521360000001]}}, {"id": "84", "type": "Feature", "properties": {"flight_key": "RT1_20251223T0000Z", "callsign": "RT1", "aircraft_type": "B738", "adep": "VYYY", "ades": "VYMD", "dep_rwy": "", "arr_rwy": "", "sid": "", "star": "", "approach": "", "epoch_ts": "2025-12-23 00:07:00+00:00", "altitude_ft": 15794.7, "tas_kt": 363.7, "gs_kt": 363.7, "track_deg": 2.5565626130177685, "phase": "climb", "waypoint": "", "sector": "Mingaladon TMA", "event": ""}, "geometry": {"type": "Point", "coordinates": [96.16500721744185, 17.60014468547135, 4814.224560000001]}}, {"id": "85", "type": "Feature", "properties": {"flight_key": "RT1_20251223T0000Z", "callsign": "RT1", "aircraft_type": "B738", "adep": "VYYY", "ades": "VYMD", "dep_rwy": "", "arr_rwy": "", "sid": "", "star": "", "approach": "", "epoch_ts": "2025-12-23 00:07:05+00:00", "altitude_ft": 16003.5, "tas_kt": 364.9, "gs_kt": 364.9, "track_deg": 2.5565626130177685, "phase": "climb", "waypoint": "", "sector": "Yangon CTA", "event": ""}, "geometry": {"type": "Point", "coordinates": [96.16538659205955, 17.608392963625825, 4877.866800000001]}}, {"id": "86", "type": "Feature", "properties": {"flight_key": "RT1_20251223T0000Z", "callsign": "RT1", "aircraft_type": "B738", "adep": "VYYY", "ades": "VYMD", "dep_rwy": "", "arr_rwy": "", "sid": "", "star": "", "approach": "", "epoch_ts": "2025-12-23 00:07:10+00:00", "altitude_ft": 16202.8, "tas_kt": 365.9, "gs_kt": 365.9, "track_deg": 2.5565626130177685, "phase": "climb", "waypoint": "", "sector": "Yangon CTA", "event": ""}, "geometry": {"type": "Point", "coordinates": [96.16576599498332, 17.616641235337923, 4938.61344]}}, {"id": "87", "type": "Feature", "properties": {"flight_key": "RT1_20251223T0000Z", "callsign": "RT1", "aircraft_type": "B738", "adep": "VYYY", "ades": "VYMD", "dep_rwy": "", "arr_rwy": "", "sid": "", "star": "", "approach": "", "epoch_ts": "2025-12-23 00:07:15+00:00", "altitude_ft": 16402.1, "tas_kt": 367.0, "gs_kt": 367.0, "track_deg": 2.5565626130177685, "phase": "climb", "waypoint": "", "sector": "Yangon CTA", "event": ""}, "geometry": {"type": "Point", "coordinates": [96.16614542623196, 17.62488950060424, 4999.3600799999995]}}, {"id": "88", "type": "Feature", "properties": {"flight_key": "RT1_20251223T0000Z", "callsign": "RT1", "aircraft_type": "B738", "adep": "VYYY", "ades": "VYMD", "dep_rwy": "", "arr_rwy": "", "sid": "", "star": "", "approach": "", "epoch_ts": "2025-12-23 00:07:20+00:00", "altitude_ft": 16601.4, "tas_kt": 368.1, "gs_kt": 368.1, "track_deg": 2.5565626130177685, "phase": "climb", "waypoint": "", "sector": "Yangon CTA", "event": ""}, "geometry": {"type": "Point", "coordinates": [96.16652488582426, 17.633137759421373, 5060.106720000001]}}, {"id": "89", "type": "Feature", "properties": {"flight_key": "RT1_20251223T0000Z", "callsign": "RT1", "aircraft_type": "B738", "adep": "VYYY", "ades": "VYMD", "dep_rwy": "", "arr_rwy": "", "sid": "", "star": "", "approach": "", "epoch_ts": "2025-12-23 00:07:25+00:00", "altitude_ft": 16800.7, "tas_kt": 369.2, "gs_kt": 369.2, "track_deg": 2.5565626130177685, "phase": "climb", "waypoint": "", "sector": "Yangon CTA", "event": ""}, "geometry": {"type": "Point", "coordinates": [96.16690437377903, 17.641386011785926, 5120.85336]}}, {"id": "90", "type": "Feature", "properties": {"flight_key": "RT1_20251223T0000Z", "callsign": "RT1", "aircraft_type": "B738", "adep": "VYYY", "ades": "VYMD", "dep_rwy": "", "arr_rwy": "", "sid": "", "star": "", "approach": "", "epoch_ts": "2025-12-23 00:07:30+00:00", "altitude_ft": 17000.0, "tas_kt": 370.3, "gs_kt": 370.3, "track_deg": 2.5565626130177685, "phase": "climb", "waypoint": "", "sector": "Yangon CTA", "event": ""}, "geometry": {"type": "Point", "coordinates": [96.16728389011507, 17.6496342576945, 5181.6]}}, {"id": "91", "type": "Feature", "properties": {"flight_key": "RT1_20251223T0000Z", "callsign": "RT1", "aircraft_type": "B738", "adep": "VYYY", "ades": "VYMD", "dep_rwy": "", "arr_rwy": "", "sid": "", "star": "", "approach": "", "epoch_ts": "2025-12-23 00:07:35+00:00", "altitude_ft": 17199.3, "tas_kt": 371.4, "gs_kt": 371.4, "track_deg": 2.5565626130177685, "phase": "climb", "waypoint": "", "sector": "Yangon CTA", "event": ""}, "geometry": {"type": "Point", "coordinates": [96.16766343485122, 17.657882497143703, 5242.34664]}}, {"id": "92", "type": "Feature", "properties": {"flight_key": "RT1_20251223T0000Z", "callsign": "RT1", "aircraft_type": "B738", "adep": "VYYY", "ades": "VYMD", "dep_rwy": "", "arr_rwy": "", "sid": "", "star": "", "approach": "", "epoch_ts": "2025-12-23 00:07:40+00:00", "altitude_ft": 17398.5, "tas_kt": 372.5, "gs_kt": 372.5, "track_deg": 2.5565626130177685, "phase": "climb", "waypoint": "", "sector": "Yangon CTA", "event": ""}, "geometry": {"type": "Point", "coordinates": [96.16804300800628, 17.66613073013013, 5303.062800000001]}}, {"id": "93", "type": "Feature", "properties": {"flight_key": "RT1_20251223T0000Z", "callsign": "RT1", "aircraft_type": "B738", "adep": "VYYY", "ades": "VYMD", "dep_rwy": "", "arr_rwy": "", "sid": "", "star": "", "approach": "", "epoch_ts": "2025-12-23 00:07:45+00:00", "altitude_ft": 17597.8, "tas_kt": 373.6, "gs_kt": 373.6, "track_deg": 2.5565626130177685, "phase": "climb", "waypoint": "", "sector": "Yangon CTA", "event": ""}, "geometry": {"type": "Point", "coordinates": [96.16842260959909, 17.67437895665038, 5363.80944]}}, {"id": "94", "type": "Feature", "properties": {"flight_key": "RT1_20251223T0000Z", "callsign": "RT1", "aircraft_type": "B738", "adep": "VYYY", "ades": "VYMD", "dep_rwy": "", "arr_rwy": "", "sid": "", "star": "", "approach": "", "epoch_ts": "2025-12-23 00:07:50+00:00", "altitude_ft": 17797.1, "tas_kt": 374.7, "gs_kt": 374.7, "track_deg": 2.5565626130177685, "phase": "climb", "waypoint": "", "sector": "Yangon CTA", "event": ""}, "geometry": {"type": "Point", "coordinates": [96.16880223964846, 17.682627176701065, 5424.556079999999]}}, {"id": "95", "type": "Feature", "properties": {"flight_key": "RT1_20251223T0000Z", "callsign": "RT1", "aircraft_type": "B738", "adep": "VYYY", "ades": "VYMD", "dep_rwy": "", "arr_rwy": "", "sid": "", "star": "", "approach": "", "epoch_ts": "2025-12-23 00:07:55+00:00", "altitude_ft": 17996.4, "tas_kt": 375.9, "gs_kt": 375.9, "track_deg": 2.5565626130177685, "phase": "climb", "waypoint": "", "sector": "Yangon CTA", "event": ""}, "geometry": {"type": "Point", "coordinates": [96.16918189817325, 17.69087539027878, 5485.302720000001]}}, {"id": "96", "type": "Feature", "properties": {"flight_key": "RT1_20251223T0000Z", "callsign": "RT1", "aircraft_type": "B738", "adep": "VYYY", "ades": "VYMD", "dep_rwy": "", "arr_rwy": "", "sid": "", "star": "", "approach": "", "epoch_ts": "2025-12-23 00:08:00+00:00", "altitude_ft": 18181.3, "tas_kt": 376.9, "gs_kt": 376.9, "track_deg": 2.5565626130177685, "phase": "climb", "waypoint": "", "sector": "Yangon CTA", "event": ""}, "geometry": {"type": "Point", "coordinates": [96.16956158519227, 17.69912359738014, 5541.66024]}}, {"id": "97", "type": "Feature", "properties": {"flight_key": "RT1_20251223T0000Z", "callsign": "RT1", "aircraft_type": "B738", "adep": "VYYY", "ades": "VYMD", "dep_rwy": "", "arr_rwy": "", "sid": "", "star": "", "approach": "", "epoch_ts": "2025-12-23 00:08:05+00:00", "altitude_ft": 18365.9, "tas_kt": 378.0, "gs_kt": 378.0, "track_deg": 2.5565626130177685, "phase": "climb", "waypoint": "", "sector": "Yangon CTA", "event": ""}, "geometry": {"type": "Point", "coordinates": [96.1699413007244, 17.70737179800173, 5597.9263200000005]}}, {"id": "98", "type": "Feature", "properties": {"flight_key": "RT1_20251223T0000Z", "callsign": "RT1", "aircraft_type": "B738", "adep": "VYYY", "ades": "VYMD", "dep_rwy": "", "arr_rwy": "", "sid": "", "star": "", "approach": "", "epoch_ts": "2025-12-23 00:08:10+00:00", "altitude_ft": 18550.6, "tas_kt": 379.0, "gs_kt": 379.0, "track_deg": 2.5565626130177685, "phase": "climb", "waypoint": "", "sector": "Yangon CTA", "event": ""}, "geometry": {"type": "Point", "coordinates": [96.17032104478848, 17.715619992140176, 5654.22288]}}, {"id": "99", "type": "Feature", "properties": {"flight_key": "RT1_20251223T0000Z", "callsign": "RT1", "aircraft_type": "B738", "adep": "VYYY", "ades": "VYMD", "dep_rwy": "", "arr_rwy": "", "sid": "", "star": "", "approach": "", "epoch_ts": "2025-12-23 00:08:15+00:00", "altitude_ft": 18735.2, "tas_kt": 380.1, "gs_kt": 380.1, "track_deg": 2.5565626130177685, "phase": "climb", "waypoint": "", "sector": "Yangon CTA", "event": ""}, "geometry": {"type": "Point", "coordinates": [96.17070081740336, 17.723868179792067, 5710.488960000001]}}, {"id": "100", "type": "Feature", "properties": {"flight_key": "RT1_20251223T0000Z", "callsign": "RT1", "aircraft_type": "B738", "adep": "VYYY", "ades": "VYMD", "dep_rwy": "", "arr_rwy": "", "sid": "", "star": "", "approach": "", "epoch_ts": "2025-12-23 00:08:20+00:00", "altitude_ft": 18919.8, "tas_kt": 381.1, "gs_kt": 381.1, "track_deg": 2.5565626130177685, "phase": "climb", "waypoint": "", "sector": "Yangon CTA", "event": ""}, "geometry": {"type": "Point", "coordinates": [96.1710806185879, 17.73211636095401, 5766.75504]}}, {"id": "101", "type": "Feature", "properties": {"flight_key": "RT1_20251223T0000Z", "callsign": "RT1", "aircraft_type": "B738", "adep": "VYYY", "ades": "VYMD", "dep_rwy": "", "arr_rwy": "", "sid": "", "star": "", "approach": "", "epoch_ts": "2025-12-23 00:08:25+00:00", "altitude_ft": 19104.4, "tas_kt": 382.2, "gs_kt": 382.2, "track_deg": 2.5565626130177685, "phase": "climb", "waypoint": "", "sector": "Yangon CTA", "event": ""}, "geometry": {"type": "Point", "coordinates": [96.17146044836097, 17.74036453562261, 5823.02112]}}, {"id": "102", "type": "Feature", "properties": {"flight_key": "RT1_20251223T0000Z", "callsign": "RT1", "aircraft_type": "B738", "adep": "VYYY", "ades": "VYMD", "dep_rwy": "", "arr_rwy": "", "sid": "", "star": "", "approach": "", "epoch_ts": "2025-12-23 00:08:30+00:00", "altitude_ft": 19289.1, "tas_kt": 383.2, "gs_kt": 383.2, "track_deg": 2.5565626130177685, "phase": "climb", "waypoint": "", "sector": "Yangon CTA", "event": ""}, "geometry": {"type": "Point", "coordinates": [96.17184030674144, 17.748612703794485, 5879.31768]}}, {"id": "103", "type": "Feature", "properties": {"flight_key": "RT1_20251223T0000Z", "callsign": "RT1", "aircraft_type": "B738", "adep": "VYYY", "ades": "VYMD", "dep_rwy": "", "arr_rwy": "", "sid": "", "star": "", "approach": "", "epoch_ts": "2025-12-23 00:08:35+00:00", "altitude_ft": 19473.7, "tas_kt": 384.3, "gs_kt": 384.3, "track_deg": 2.5565626130177685, "phase": "climb", "waypoint": "", "sector": "Yangon CTA", "event": ""}, "geometry": {"type": "Point", "coordinates": [96.17222019374822, 17.756860865466233, 5935.58376]}}, {"id": "104", "type": "Feature", "properties": {"flight_key": "RT1_20251223T0000Z", "callsign": "RT1", "aircraft_type": "B738", "adep": "VYYY", "ades": "VYMD", "dep_rwy": "", "arr_rwy": "", "sid": "", "star": "", "approach": "", "epoch_ts": "2025-12-23 00:08:40+00:00", "altitude_ft": 19658.3, "tas_kt": 385.4, "gs_kt": 385.4, "track_deg": 2.5565626130177685, "phase": "climb", "waypoint": "", "sector": "Yangon CTA", "event": ""}, "geometry": {"type": "Point", "coordinates": [96.17260010940014, 17.765109020634455, 5991.84984]}}, {"id": "105", "type": "Feature", "properties": {"flight_key": "RT1_20251223T0000Z", "callsign": "RT1", "aircraft_type": "B738", "adep": "VYYY", "ades": "VYMD", "dep_rwy": "", "arr_rwy": "", "sid": "", "star": "", "approach": "", "epoch_ts": "2025-12-23 00:08:45+00:00", "altitude_ft": 19842.9, "tas_kt": 386.5, "gs_kt": 386.5, "track_deg": 2.5565626130177685, "phase": "climb", "waypoint": "", "sector": "Yangon CTA", "event": ""}, "geometry": {"type": "Point", "coordinates": [96.17298005371612, 17.773357169295757, 6048.115920000001]}}, {"id": "106", "type": "Feature", "properties": {"flight_key": "RT1_20251223T0000Z", "callsign": "RT1", "aircraft_type": "B738", "adep": "VYYY", "ades": "VYMD", "dep_rwy": "", "arr_rwy": "", "sid": "", "star": "", "approach": "", "epoch_ts": "2025-12-23 00:08:50+00:00", "altitude_ft": 20025.3, "tas_kt": 387.5, "gs_kt": 387.5, "track_deg": 2.5565626130177685, "phase": "climb", "waypoint": "", "sector": "Yangon CTA", "event": ""}, "geometry": {"type": "Point", "coordinates": [96.17336002671503, 17.78160531144676, 6103.71144]}}, {"id": "107", "type": "Feature", "properties": {"flight_key": "RT1_20251223T0000Z", "callsign": "RT1", "aircraft_type": "B738", "adep": "VYYY", "ades": "VYMD", "dep_rwy": "", "arr_rwy": "", "sid": "", "star": "", "approach": "", "epoch_ts": "2025-12-23 00:08:55+00:00", "altitude_ft": 20195.0, "tas_kt": 388.5, "gs_kt": 388.5, "track_deg": 2.5565626130177685, "phase": "climb", "waypoint": "", "sector": "Yangon CTA", "event": ""}, "geometry": {"type": "Point", "coordinates": [96.17374002841579, 17.789853447084063, 6155.436000000001]}}, {"id": "108", "type": "Feature", "properties": {"flight_key": "RT1_20251223T0000Z", "callsign": "RT1", "aircraft_type": "B738", "adep": "VYYY", "ades": "VYMD", "dep_rwy": "", "arr_rwy": "", "sid": "", "star": "", "approach": "", "epoch_ts": "2025-12-23 00:09:00+00:00", "altitude_ft": 20364.8, "tas_kt": 389.5, "gs_kt": 389.5, "track_deg": 2.5565626130177685, "phase": "climb", "waypoint": "", "sector": "Yangon CTA", "event": ""}, "geometry": {"type": "Point", "coordinates": [96.1741200588373, 17.79810157620428, 6207.19104]}}, {"id": "109", "type": "Feature", "properties": {"flight_key": "RT1_20251223T0000Z", "callsign": "RT1", "aircraft_type": "B738", "adep": "VYYY", "ades": "VYMD", "dep_rwy": "", "arr_rwy": "", "sid": "", "star": "", "approach": "", "epoch_ts": "2025-12-23 00:09:05+00:00", "altitude_ft": 20534.5, "tas_kt": 390.5, "gs_kt": 390.5, "track_deg": 2.5565626130177685, "phase": "climb", "waypoint": "", "sector": "Yangon CTA", "event": ""}, "geometry": {"type": "Point", "coordinates": [96.17450011799846, 17.806349698804006, 6258.9156]}}, {"id": "110", "type": "Feature", "properties": {"flight_key": "RT1_20251223T0000Z", "callsign": "RT1", "aircraft_type": "B738", "adep": "VYYY", "ades": "VYMD", "dep_rwy": "", "arr_rwy": "", "sid": "", "star": "", "approach": "", "epoch_ts": "2025-12-23 00:09:10+00:00", "altitude_ft": 20704.2, "tas_kt": 391.5, "gs_kt": 391.5, "track_deg": 2.5565626130177685, "phase": "climb", "waypoint": "", "sector": "Yangon CTA", "event": ""}, "geometry": {"type": "Point", "coordinates": [96.17488020591819, 17.814597814879857, 6310.640160000001]}}, {"id": "111", "type": "Feature", "properties": {"flight_key": "RT1_20251223T0000Z", "callsign": "RT1", "aircraft_type": "B738", "adep": "VYYY", "ades": "VYMD", "dep_rwy": "", "arr_rwy": "", "sid": "", "star": "", "approach": "", "epoch_ts": "2025-12-23 00:09:15+00:00", "altitude_ft": 20873.9, "tas_kt": 392.5, "gs_kt": 392.5, "track_deg": 2.5565626130177685, "phase": "climb", "waypoint": "", "sector": "Yangon CTA", "event": ""}, "geometry": {"type": "Point", "coordinates": [96.1752603226154, 17.82284592442845, 6362.3647200000005]}}, {"id": "112", "type": "Feature", "properties": {"flight_key": "RT1_20251223T0000Z", "callsign": "RT1", "aircraft_type": "B738", "adep": "VYYY", "ades": "VYMD", "dep_rwy": "", "arr_rwy": "", "sid": "", "star": "", "approach": "", "epoch_ts": "2025-12-23 00:09:20+00:00", "altitude_ft": 21043.6, "tas_kt": 393.5, "gs_kt": 393.5, "track_deg": 2.5565626130177685, "phase": "climb", "waypoint": "", "sector": "Yangon CTA", "event": ""}, "geometry": {"type": "Point", "coordinates": [96.17564046810904, 17.831094027446383, 6414.08928]}}, {"id": "113", "type": "Feature", "properties": {"flight_key": "RT1_20251223T0000Z", "callsign": "RT1", "aircraft_type": "B738", "adep": "VYYY", "ades": "VYMD", "dep_rwy": "", "arr_rwy": "", "sid": "", "star": "", "approach": "", "epoch_ts": "2025-12-23 00:09:25+00:00", "altitude_ft": 21213.3, "tas_kt": 394.6, "gs_kt": 394.6, "track_deg": 2.5565626130177685, "phase": "climb", "waypoint": "", "sector": "Yangon CTA", "event": ""}, "geometry": {"type": "Point", "coordinates": [96.176020642418, 17.839342123930273, 6465.81384]}}, {"id": "114", "type": "Feature", "properties": {"flight_key": "RT1_20251223T0000Z", "callsign": "RT1", "aircraft_type": "B738", "adep": "VYYY", "ades": "VYMD", "dep_rwy": "", "arr_rwy": "", "sid": "", "star": "", "approach": "", "epoch_ts": "2025-12-23 00:09:30+00:00", "altitude_ft": 21383.0, "tas_kt": 395.6, "gs_kt": 395.6, "track_deg": 2.5565626130177685, "phase": "climb", "waypoint": "", "sector": "Yangon CTA", "event": ""}, "geometry": {"type": "Point", "coordinates": [96.17640084556123, 17.84759021387673, 6517.5384]}}, {"id": "115", "type": "Feature", "properties": {"flight_key": "RT1_20251223T0000Z", "callsign": "RT1", "aircraft_type": "B738", "adep": "VYYY", "ades": "VYMD", "dep_rwy": "", "arr_rwy": "", "sid": "", "star": "", "approach": "", "epoch_ts": "2025-12-23 00:09:35+00:00", "altitude_ft": 21552.7, "tas_kt": 396.6, "gs_kt": 396.6, "track_deg": 2.5565626130177685, "phase": "climb", "waypoint": "", "sector": "Yangon CTA", "event": ""}, "geometry": {"type": "Point", "coordinates": [96.17678107755769, 17.855838297282368, 6569.262960000001]}}, {"id": "116", "type": "Feature", "properties": {"flight_key": "RT1_20251223T0000Z", "callsign": "RT1", "aircraft_type": "B738", "adep": "VYYY", "ades": "VYMD", "dep_rwy": "", "arr_rwy": "", "sid": "", "star": "", "approach": "", "epoch_ts": "2025-12-23 00:09:40+00:00", "altitude_ft": 21722.4, "tas_kt": 397.6, "gs_kt": 397.6, "track_deg": 2.5565626130177685, "phase": "climb", "waypoint": "", "sector": "Yangon CTA", "event": ""}, "geometry": {"type": "Point", "coordinates": [96.1771613384263, 17.86408637414379, 6620.987520000001]}}, {"id": "117", "type": "Feature", "properties": {"flight_key": "RT1_20251223T0000Z", "callsign": "RT1", "aircraft_type": "B738", "adep": "VYYY", "ades": "VYMD", "dep_rwy": "", "arr_rwy": "", "sid": "", "star": "", "approach": "", "epoch_ts": "2025-12-23 00:09:45+00:00", "altitude_ft": 21892.1, "tas_kt": 398.6, "gs_kt": 398.6, "track_deg": 2.5565626130177685, "phase": "climb", "waypoint": "", "sector": "Yangon CTA", "event": ""}, "geometry": {"type": "Point", "coordinates": [96.17754162818602, 17.872334444457614, 6672.71208]}}, {"id": "118", "type": "Feature", "properties": {"flight_key": "RT1_20251223T0000Z", "callsign": "RT1", "aircraft_type": "B738", "adep": "VYYY", "ades": "VYMD", "dep_rwy": "", "arr_rwy": "", "sid": "", "star": "", "approach": "", "epoch_ts": "2025-12-23 00:09:50+00:00", "altitude_ft": 22056.0, "tas_kt": 399.6, "gs_kt": 399.6, "track_deg": 2.5565626130177685, "phase": "climb", "waypoint": "", "sector": "Yangon CTA", "event": ""}, "geometry": {"type": "Point", "coordinates": [96.17792194685582, 17.880582508220442, 6722.6688]}}, {"id": "119", "type": "Feature", "properties": {"flight_key": "RT1_20251223T0000Z", "callsign": "RT1", "aircraft_type": "B738", "adep": "VYYY", "ades": "VYMD", "dep_rwy": "", "arr_rwy": "", "sid": "", "star": "", "approach": "", "epoch_ts": "2025-12-23 00:09:55+00:00", "altitude_ft": 22209.7, "tas_kt": 400.6, "gs_kt": 400.6, "track_deg": 2.5565626130177685, "phase": "climb", "waypoint": "", "sector": "Yangon CTA", "event": ""}, "geometry": {"type": "Point", "coordinates": [96.17830229445462, 17.888830565428904, 6769.516560000001]}}, {"id": "120", "type": "Feature", "properties": {"flight_key": "RT1_20251223T0000Z", "callsign": "RT1", "aircraft_type": "B738", "adep": "VYYY", "ades": "VYMD", "dep_rwy": "", "arr_rwy": "", "sid": "", "star": "", "approach": "", "epoch_ts": "2025-12-23 00:10:00+00:00", "altitude_ft": 22363.4, "tas_kt": 401.5, "gs_kt": 401.5, "track_deg": 2.5565626130177685, "phase": "climb", "waypoint": "", "sector": "Yangon CTA", "event": ""}, "geometry": {"type": "Point", "coordinates": [96.17868267100143, 17.897078616079597, 6816.364320000001]}}, {"id": "121", "type": "Feature", "properties": {"flight_key": "RT1_20251223T0000Z", "callsign": "RT1", "aircraft_type": "B738", "adep": "VYYY", "ades": "VYMD", "dep_rwy": "", "arr_rwy": "", "sid": "", "star": "", "approach": "", "epoch_ts": "2025-12-23 00:10:05+00:00", "altitude_ft": 22517.1, "tas_kt": 402.5, "gs_kt": 402.5, "track_deg": 2.5565626130177685, "phase": "climb", "waypoint": "", "sector": "Yangon CTA", "event": ""}, "geometry": {"type": "Point", "coordinates": [96.17906307651519, 17.905326660169145, 6863.21208]}}, {"id": "122", "type": "Feature", "properties": {"flight_key": "RT1_20251223T0000Z", "callsign": "RT1", "aircraft_type": "B738", "adep": "VYYY", "ades": "VYMD", "dep_rwy": "", "arr_rwy": "", "sid": "", "star": "", "approach": "", "epoch_ts": "2025-12-23 00:10:10+00:00", "altitude_ft": 22670.8, "tas_kt": 403.4, "gs_kt": 403.4, "track_deg": 2.5565626130177685, "phase": "climb", "waypoint": "", "sector": "Yangon CTA", "event": ""}, "geometry": {"type": "Point", "coordinates": [96.1794435110149, 17.91357469769415, 6910.05984]}}, {"id": "123", "type": "Feature", "properties": {"flight_key": "RT1_20251223T0000Z", "callsign": "RT1", "aircraft_type": "B738", "adep": "VYYY", "ades": "VYMD", "dep_rwy": "", "arr_rwy": "", "sid": "", "star": "", "approach": "", "epoch_ts": "2025-12-23 00:10:15+00:00", "altitude_ft": 22824.5, "tas_kt": 404.3, "gs_kt": 404.3, "track_deg": 2.5565626130177685, "phase": "climb", "waypoint": "", "sector": "Yangon CTA", "event": ""}, "geometry": {"type": "Point", "coordinates": [96.17982397451952, 17.921822728651236, 6956.9076000000005]}}, {"id": "124", "type": "Feature", "properties": {"flight_key": "RT1_20251223T0000Z", "callsign": "RT1", "aircraft_type": "B738", "adep": "VYYY", "ades": "VYMD", "dep_rwy": "", "arr_rwy": "", "sid": "", "star": "", "approach": "", "epoch_ts": "2025-12-23 00:10:20+00:00", "altitude_ft": 22978.3, "tas_kt": 405.3, "gs_kt": 405.3, "track_deg": 2.5565626130177685, "phase": "climb", "waypoint": "", "sector": "Yangon CTA", "event": ""}, "geometry": {"type": "Point", "coordinates": [96.18020446704804, 17.930070753037015, 7003.7858400000005]}}, {"id": "125", "type": "Feature", "properties": {"flight_key": "RT1_20251223T0000Z", "callsign": "RT1", "aircraft_type": "B738", "adep": "VYYY", "ades": "VYMD", "dep_rwy": "", "arr_rwy": "", "sid": "", "star": "", "approach": "", "epoch_ts": "2025-12-23 00:10:25+00:00", "altitude_ft": 23132.0, "tas_kt": 406.2, "gs_kt": 406.2, "track_deg": 2.5565626130177685, "phase": "climb", "waypoint": "", "sector": "Yangon CTA", "event": ""}, "geometry": {"type": "Point", "coordinates": [96.18058498861947, 17.9383187708481, 7050.6336]}}, {"id": "126", "type": "Feature", "properties": {"flight_key": "RT1_20251223T0000Z", "callsign": "RT1", "aircraft_type": "B738", "adep": "VYYY", "ades": "VYMD", "dep_rwy": "", "arr_rwy": "", "sid": "", "star": "", "approach": "", "epoch_ts": "2025-12-23 00:10:30+00:00", "altitude_ft": 23285.7, "tas_kt": 407.2, "gs_kt": 407.2, "track_deg": 2.5565626130177685, "phase": "climb", "waypoint": "", "sector": "Yangon CTA", "event": ""}, "geometry": {"type": "Point", "coordinates": [96.18096553925281, 17.946566782081103, 7097.481360000001]}}, {"id": "127", "type": "Feature", "properties": {"flight_key": "RT1_20251223T0000Z", "callsign": "RT1", "aircraft_type": "B738", "adep": "VYYY", "ades": "VYMD", "dep_rwy": "", "arr_rwy": "", "sid": "", "star": "", "approach": "", "epoch_ts": "2025-12-23 00:10:35+00:00", "altitude_ft": 23439.4, "tas_kt": 408.2, "gs_kt": 408.2, "track_deg": 2.5565626130177685, "phase": "climb", "waypoint": "", "sector": "Yangon CTA", "event": ""}, "geometry": {"type": "Point", "coordinates": [96.18134611896703, 17.954814786732644, 7144.329120000001]}}, {"id": "128", "type": "Feature", "properties": {"flight_key": "RT1_20251223T0000Z", "callsign": "RT1", "aircraft_type": "B738", "adep": "VYYY", "ades": "VYMD", "dep_rwy": "", "arr_rwy": "", "sid": "", "star": "", "approach": "", "epoch_ts": "2025-12-23 00:10:40+00:00", "altitude_ft": 23593.1, "tas_kt": 409.1, "gs_kt": 409.1, "track_deg": 2.5565626130177685, "phase": "climb", "waypoint": "", "sector": "Yangon CTA", "event": ""}, "geometry": {"type": "Point", "coordinates": [96.18172672778117, 17.96306278479934, 7191.17688]}}, {"id": "129", "type": "Feature", "properties": {"flight_key": "RT1_20251223T0000Z", "callsign": "RT1", "aircraft_type": "B738", "adep": "VYYY", "ades": "VYMD", "dep_rwy": "", "arr_rwy": "", "sid": "", "star": "", "approach": "", "epoch_ts": "2025-12-23 00:10:45+00:00", "altitude_ft": 23746.8, "tas_kt": 410.1, "gs_kt": 410.1, "track_deg": 2.5565626130177685, "phase": "climb", "waypoint": "", "sector": "Yangon CTA", "event": ""}, "geometry": {"type": "Point", "coordinates": [96.18210736571423, 17.97131077627781, 7238.0246400000005]}}, {"id": "130", "type": "Feature", "properties": {"flight_key": "RT1_20251223T0000Z", "callsign": "RT1", "aircraft_type": "B738", "adep": "VYYY", "ades": "VYMD", "dep_rwy": "", "arr_rwy": "", "sid": "", "star": "", "approach": "", "epoch_ts": "2025-12-23 00:10:50+00:00", "altitude_ft": 23900.5, "tas_kt": 411.1, "gs_kt": 411.1, "track_deg": 2.5565626130177685, "phase": "climb", "waypoint": "", "sector": "Yangon CTA", "event": ""}, "geometry": {"type": "Point", "coordinates": [96.18248803278522, 17.979558761164665, 7284.8724]}}, {"id": "131", "type": "Feature", "properties": {"flight_key": "RT1_20251223T0000Z", "callsign": "RT1", "aircraft_type": "B738", "adep": "VYYY", "ades": "VYMD", "dep_rwy": "", "arr_rwy": "", "sid": "", "star": "", "approach": "", "epoch_ts": "2025-12-23 00:10:55+00:00", "altitude_ft": 24048.7, "tas_kt": 412.0, "gs_kt": 412.0, "track_deg": 2.5565626130177685, "phase": "climb", "waypoint": "", "sector": "Yangon CTA", "event": ""}, "geometry": {"type": "Point", "coordinates": [96.18286872901318, 17.98780673945652, 7330.0437600000005]}}, {"id": "132", "type": "Feature", "properties": {"flight_key": "RT1_20251223T0000Z", "callsign": "RT1", "aircraft_type": "B738", "adep": "VYYY", "ades": "VYMD", "dep_rwy": "", "arr_rwy": "", "sid": "", "star": "", "approach": "", "epoch_ts": "2025-12-23 00:11:00+00:00", "altitude_ft": 24186.7, "tas_kt": 412.9, "gs_kt": 412.9, "track_deg": 2.5565626130177685, "phase": "climb", "waypoint": "", "sector": "Yangon CTA", "event": ""}, "geometry": {"type": "Point", "coordinates": [96.18324945441714, 17.996054711149995, 7372.10616]}}, {"id": "133", "type": "Feature", "properties": {"flight_key": "RT1_20251223T0000Z", "callsign": "RT1", "aircraft_type": "B738", "adep": "VYYY", "ades": "VYMD", "dep_rwy": "", "arr_rwy": "", "sid": "", "star": "", "approach": "", "epoch_ts": "2025-12-23 00:11:05+00:00", "altitude_ft": 24324.8, "tas_kt": 413.7, "gs_kt": 413.7, "track_deg": 2.5565626130177685, "phase": "climb", "waypoint": "", "sector": "Yangon CTA", "event": ""}, "geometry": {"type": "Point", "coordinates": [96.18363020901612, 18.004302676241714, 7414.19904]}}, {"id": "134", "type": "Feature", "properties": {"flight_key": "RT1_20251223T0000Z", "callsign": "RT1", "aircraft_type": "B738", "adep": "VYYY", "ades": "VYMD", "dep_rwy": "", "arr_rwy": "", "sid": "", "star": "", "approach": "", "epoch_ts": "2025-12-23 00:11:10+00:00", "altitude_ft": 24462.8, "tas_kt": 414.6, "gs_kt": 414.6, "track_deg": 2.5565626130177685, "phase": "climb", "waypoint": "", "sector": "Yangon CTA", "event": ""}, "geometry": {"type": "Point", "coordinates": [96.18401099282916, 18.01255063472829, 7456.26144]}}, {"id": "135", "type": "Feature", "properties": {"flight_key": "RT1_20251223T0000Z", "callsign": "RT1", "aircraft_type": "B738", "adep": "VYYY", "ades": "VYMD", "dep_rwy": "", "arr_rwy": "", "sid": "", "star": "", "approach": "", "epoch_ts": "2025-12-23 00:11:15+00:00", "altitude_ft": 24600.9, "tas_kt": 415.5, "gs_kt": 415.5, "track_deg": 2.5565626130177685, "phase": "climb", "waypoint": "", "sector": "Yangon CTA", "event": ""}, "geometry": {"type": "Point", "coordinates": [96.18439180587532, 18.020798586606332, 7498.35432]}}, {"id": "136", "type": "Feature", "properties": {"flight_key": "RT1_20251223T0000Z", "callsign": "RT1", "aircraft_type": "B738", "adep": "VYYY", "ades": "VYMD", "dep_rwy": "", "arr_rwy": "", "sid": "", "star": "", "approach": "", "epoch_ts": "2025-12-23 00:11:20+00:00", "altitude_ft": 24738.9, "tas_kt": 416.4, "gs_kt": 416.4, "track_deg": 2.5565626130177685, "phase": "climb", "waypoint": "", "sector": "Yangon CTA", "event": ""}, "geometry": {"type": "Point", "coordinates": [96.18477264817363, 18.029046531872474, 7540.416720000001]}}, {"id": "137", "type": "Feature", "properties": {"flight_key": "RT1_20251223T0000Z", "callsign": "RT1", "aircraft_type": "B738", "adep": "VYYY", "ades": "VYMD", "dep_rwy": "", "arr_rwy": "", "sid": "", "star": "", "approach": "", "epoch_ts": "2025-12-23 00:11:25+00:00", "altitude_ft": 24876.9, "tas_kt": 417.3, "gs_kt": 417.3, "track_deg": 2.5565626130177685, "phase": "climb", "waypoint": "", "sector": "Yangon CTA", "event": ""}, "geometry": {"type": "Point", "coordinates": [96.18515351974318, 18.037294470523328, 7582.479120000001]}}, {"id": "138", "type": "Feature", "properties": {"flight_key": "RT1_20251223T0000Z", "callsign": "RT1", "aircraft_type": "B738", "adep": "VYYY", "ades": "VYMD", "dep_rwy": "", "arr_rwy": "", "sid": "", "star": "", "approach": "", "epoch_ts": "2025-12-23 00:11:30+00:00", "altitude_ft": 25015.0, "tas_kt": 418.1, "gs_kt": 418.1, "track_deg": 2.5565626130177685, "phase": "climb", "waypoint": "", "sector": "Yangon CTA", "event": ""}, "geometry": {"type": "Point", "coordinates": [96.185534420603, 18.045542402555526, 7624.572]}}, {"id": "139", "type": "Feature", "properties": {"flight_key": "RT1_20251223T0000Z", "callsign": "RT1", "aircraft_type": "B738", "adep": "VYYY", "ades": "VYMD", "dep_rwy": "", "arr_rwy": "", "sid": "", "star": "", "approach": "", "epoch_ts": "2025-12-23 00:11:35+00:00", "altitude_ft": 25153.0, "tas_kt": 419.0, "gs_kt": 419.0, "track_deg": 2.5565626130177685, "phase": "climb", "waypoint": "", "sector": "Yangon CTA", "event": ""}, "geometry": {"type": "Point", "coordinates": [96.18591535077216, 18.05379032796567, 7666.634400000001]}}, {"id": "140", "type": "Feature", "properties": {"flight_key": "RT1_20251223T0000Z", "callsign": "RT1", "aircraft_type": "B738", "adep": "VYYY", "ades": "VYMD", "dep_rwy": "", "arr_rwy": "", "sid": "", "star": "", "approach": "", "epoch_ts": "2025-12-23 00:11:40+00:00", "altitude_ft": 25291.1, "tas_kt": 419.9, "gs_kt": 419.9, "track_deg": 2.5565626130177685, "phase": "climb", "waypoint": "", "sector": "Yangon CTA", "event": ""}, "geometry": {"type": "Point", "coordinates": [96.18629631026975, 18.06203824675039, 7708.72728]}}, {"id": "141", "type": "Feature", "properties": {"flight_key": "RT1_20251223T0000Z", "callsign": "RT1", "aircraft_type": "B738", "adep": "VYYY", "ades": "VYMD", "dep_rwy": "", "arr_rwy": "", "sid": "", "star": "", "approach": "", "epoch_ts": "2025-12-23 00:11:45+00:00", "altitude_ft": 25429.1, "tas_kt": 420.8, "gs_kt": 420.8, "track_deg": 2.5565626130177685, "phase": "climb", "waypoint": "", "sector": "Yangon CTA", "event": ""}, "geometry": {"type": "Point", "coordinates": [96.18667729911483, 18.070286158906306, 7750.78968]}}, {"id": "142", "type": "Feature", "properties": {"flight_key": "RT1_20251223T0000Z", "callsign": "RT1", "aircraft_type": "B738", "adep": "VYYY", "ades": "VYMD", "dep_rwy": "", "arr_rwy": "", "sid": "", "star": "", "approach": "", "epoch_ts": "2025-12-23 00:11:50+00:00", "altitude_ft": 25567.1, "tas_kt": 421.7, "gs_kt": 421.7, "track_deg": 2.5565626130177685, "phase": "climb", "waypoint": "", "sector": "Yangon CTA", "event": ""}, "geometry": {"type": "Point", "coordinates": [96.18705831732649, 18.078534064430038, 7792.85208]}}, {"id": "143", "type": "Feature", "properties": {"flight_key": "RT1_20251223T0000Z", "callsign": "RT1", "aircraft_type": "B738", "adep": "VYYY", "ades": "VYMD", "dep_rwy": "", "arr_rwy": "", "sid": "", "star": "", "approach": "", "epoch_ts": "2025-12-23 00:11:55+00:00", "altitude_ft": 25705.2, "tas_kt": 422.6, "gs_kt": 422.6, "track_deg": 2.5565626130177685, "phase": "climb", "waypoint": "", "sector": "Yangon CTA", "event": ""}, "geometry": {"type": "Point", "coordinates": [96.1874393649238, 18.086781963318217, 7834.944960000001]}}, {"id": "144", "type": "Feature", "properties": {"flight_key": "RT1_20251223T0000Z", "callsign": "RT1", "aircraft_type": "B738", "adep": "VYYY", "ades": "VYMD", "dep_rwy": "", "arr_rwy": "", "sid": "", "star": "", "approach": "", "epoch_ts": "2025-12-23 00:12:00+00:00", "altitude_ft": 25843.2, "tas_kt": 423.5, "gs_kt": 423.5, "track_deg": 2.5565626130177685, "phase": "climb", "waypoint": "", "sector": "Yangon CTA", "event": ""}, "geometry": {"type": "Point", "coordinates": [96.18782044192588, 18.095029855567446, 7877.0073600000005]}}, {"id": "145", "type": "Feature", "properties": {"flight_key": "RT1_20251223T0000Z", "callsign": "RT1", "aircraft_type": "B738", "adep": "VYYY", "ades": "VYMD", "dep_rwy": "", "arr_rwy": "", "sid": "", "star": "", "approach": "", "epoch_ts": "2025-12-23 00:12:05+00:00", "altitude_ft": 25981.3, "tas_kt": 424.4, "gs_kt": 424.4, "track_deg": 2.5565626130177685, "phase": "climb", "waypoint": "", "sector": "Yangon CTA", "event": ""}, "geometry": {"type": "Point", "coordinates": [96.18820154835181, 18.103277741174363, 7919.10024]}}, {"id": "146", "type": "Feature", "properties": {"flight_key": "RT1_20251223T0000Z", "callsign": "RT1", "aircraft_type": "B738", "adep": "VYYY", "ades": "VYMD", "dep_rwy": "", "arr_rwy": "", "sid": "", "star": "", "approach": "", "epoch_ts": "2025-12-23 00:12:10+00:00", "altitude_ft": 26107.5, "tas_kt": 425.2, "gs_kt": 425.2, "track_deg": 2.5565626130177685, "phase": "climb", "waypoint": "", "sector": "Yangon CTA", "event": ""}, "geometry": {"type": "Point", "coordinates": [96.1885826842207, 18.111525620135588, 7957.566000000001]}}, {"id": "147", "type": "Feature", "properties": {"flight_key": "RT1_20251223T0000Z", "callsign": "RT1", "aircraft_type": "B738", "adep": "VYYY", "ades": "VYMD", "dep_rwy": "", "arr_rwy": "", "sid": "", "star": "", "approach": "", "epoch_ts": "2025-12-23 00:12:15+00:00", "altitude_ft": 26232.0, "tas_kt": 426.1, "gs_kt": 426.1, "track_deg": 2.5565626130177685, "phase": "climb", "waypoint": "", "sector": "Yangon CTA", "event": ""}, "geometry": {"type": "Point", "coordinates": [96.18896384955167, 18.11977349244774, 7995.5136]}}, {"id": "148", "type": "Feature", "properties": {"flight_key": "RT1_20251223T0000Z", "callsign": "RT1", "aircraft_type": "B738", "adep": "VYYY", "ades": "VYMD", "dep_rwy": "", "arr_rwy": "", "sid": "", "star": "", "approach": "", "epoch_ts": "2025-12-23 00:12:20+00:00", "altitude_ft": 26356.4, "tas_kt": 426.9, "gs_kt": 426.9, "track_deg": 2.5565626130177685, "phase": "climb", "waypoint": "", "sector": "Yangon CTA", "event": ""}, "geometry": {"type": "Point", "coordinates": [96.18934504436382, 18.128021358107453, 8033.430720000001]}}, {"id": "149", "type": "Feature", "properties": {"flight_key": "RT1_20251223T0000Z", "callsign": "RT1", "aircraft_type": "B738", "adep": "VYYY", "ades": "VYMD", "dep_rwy": "", "arr_rwy": "", "sid": "", "star": "", "approach": "", "epoch_ts": "2025-12-23 00:12:25+00:00", "altitude_ft": 26480.8, "tas_kt": 427.7, "gs_kt": 427.7, "track_deg": 2.5565626130177685, "phase": "climb", "waypoint": "", "sector": "Yangon CTA", "event": ""}, "geometry": {"type": "Point", "coordinates": [96.18972626867627, 18.13626921711134, 8071.34784]}}, {"id": "150", "type": "Feature", "properties": {"flight_key": "RT1_20251223T0000Z", "callsign": "RT1", "aircraft_type": "B738", "adep": "VYYY", "ades": "VYMD", "dep_rwy": "", "arr_rwy": "", "sid": "", "star": "", "approach": "", "epoch_ts": "2025-12-23 00:12:30+00:00", "altitude_ft": 26605.2, "tas_kt": 428.5, "gs_kt": 428.5, "track_deg": 2.5565626130177685, "phase": "climb", "waypoint": "", "sector": "Yangon CTA", "event": ""}, "geometry": {"type": "Point", "coordinates": [96.19010752250814, 18.144517069456032, 8109.26496]}}, {"id": "151", "type": "Feature", "properties": {"flight_key": "RT1_20251223T0000Z", "callsign": "RT1", "aircraft_type": "B738", "adep": "VYYY", "ades": "VYMD", "dep_rwy": "", "arr_rwy": "", "sid": "", "star": "", "approach": "", "epoch_ts": "2025-12-23 00:12:35+00:00", "altitude_ft": 26729.6, "tas_kt": 429.3, "gs_kt": 429.3, "track_deg": 2.5565626130177685, "phase": "climb", "waypoint": "", "sector": "Yangon CTA", "event": ""}, "geometry": {"type": "Point", "coordinates": [96.19048880587859, 18.152764915138146, 8147.18208]}}, {"id": "152", "type": "Feature", "properties": {"flight_key": "RT1_20251223T0000Z", "callsign": "RT1", "aircraft_type": "B738", "adep": "VYYY", "ades": "VYMD", "dep_rwy": "", "arr_rwy": "", "sid": "", "star": "", "approach": "", "epoch_ts": "2025-12-23 00:12:40+00:00", "altitude_ft": 26854.0, "tas_kt": 430.2, "gs_kt": 430.2, "track_deg": 2.5565626130177685, "phase": "climb", "waypoint": "", "sector": "Yangon CTA", "event": ""}, "geometry": {"type": "Point", "coordinates": [96.19087011880671, 18.16101275415432, 8185.099200000001]}}, {"id": "153", "type": "Feature", "properties": {"flight_key": "RT1_20251223T0000Z", "callsign": "RT1", "aircraft_type": "B738", "adep": "VYYY", "ades": "VYMD", "dep_rwy": "", "arr_rwy": "", "sid": "", "star": "", "approach": "", "epoch_ts": "2025-12-23 00:12:45+00:00", "altitude_ft": 26978.5, "tas_kt": 431.0, "gs_kt": 431.0, "track_deg": 2.5565626130177685, "phase": "climb", "waypoint": "", "sector": "Yangon CTA", "event": ""}, "geometry": {"type": "Point", "coordinates": [96.19125146131168, 18.16926058650117, 8223.0468]}}, {"id": "154", "type": "Feature", "properties": {"flight_key": "RT1_20251223T0000Z", "callsign": "RT1", "aircraft_type": "B738", "adep": "VYYY", "ades": "VYMD", "dep_rwy": "", "arr_rwy": "", "sid": "", "star": "", "approach": "", "epoch_ts": "2025-12-23 00:12:50+00:00", "altitude_ft": 27102.9, "tas_kt": 431.8, "gs_kt": 431.8, "track_deg": 2.5565626130177685, "phase": "climb", "waypoint": "", "sector": "Yangon CTA", "event": ""}, "geometry": {"type": "Point", "coordinates": [96.19163283341264, 18.17750841217532, 8260.96392]}}, {"id": "155", "type": "Feature", "properties": {"flight_key": "RT1_20251223T0000Z", "callsign": "RT1", "aircraft_type": "B738", "adep": "VYYY", "ades": "VYMD", "dep_rwy": "", "arr_rwy": "", "sid": "", "star": "", "approach": "", "epoch_ts": "2025-12-23 00:12:55+00:00", "altitude_ft": 27227.3, "tas_kt": 432.7, "gs_kt": 432.7, "track_deg": 2.5565626130177685, "phase": "climb", "waypoint": "", "sector": "Yangon CTA", "event": ""}, "geometry": {"type": "Point", "coordinates": [96.19201423512872, 18.18575623117341, 8298.88104]}}, {"id": "156", "type": "Feature", "properties": {"flight_key": "RT1_20251223T0000Z", "callsign": "RT1", "aircraft_type": "B738", "adep": "VYYY", "ades": "VYMD", "dep_rwy": "", "arr_rwy": "", "sid": "", "star": "", "approach": "", "epoch_ts": "2025-12-23 00:13:00+00:00", "altitude_ft": 27351.7, "tas_kt": 433.5, "gs_kt": 433.5, "track_deg": 2.5565626130177685, "phase": "climb", "waypoint": "", "sector": "Yangon CTA", "event": ""}, "geometry": {"type": "Point", "coordinates": [96.1923956664791, 18.19400404349205, 8336.79816]}}, {"id": "157", "type": "Feature", "properties": {"flight_key": "RT1_20251223T0000Z", "callsign": "RT1", "aircraft_type": "B738", "adep": "VYYY", "ades": "VYMD", "dep_rwy": "", "arr_rwy": "", "sid": "", "star": "", "approach": "", "epoch_ts": "2025-12-23 00:13:05+00:00", "altitude_ft": 27476.1, "tas_kt": 434.3, "gs_kt": 434.3, "track_deg": 2.5565626130177685, "phase": "climb", "waypoint": "", "sector": "Yangon CTA", "event": ""}, "geometry": {"type": "Point", "coordinates": [96.19277712748294, 18.202251849127883, 8374.71528]}}, {"id": "158", "type": "Feature", "properties": {"flight_key": "RT1_20251223T0000Z", "callsign": "RT1", "aircraft_type": "B738", "adep": "VYYY", "ades": "VYMD", "dep_rwy": "", "arr_rwy": "", "sid": "", "star": "", "approach": "", "epoch_ts": "2025-12-23 00:13:10+00:00", "altitude_ft": 27600.5, "tas_kt": 435.2, "gs_kt": 435.2, "track_deg": 2.5565626130177685, "phase": "climb", "waypoint": "", "sector": "Yangon CTA", "event": ""}, "geometry": {"type": "Point", "coordinates": [96.1931586181594, 18.21049964807753, 8412.6324]}}, {"id": "159", "type": "Feature", "properties": {"flight_key": "RT1_20251223T0000Z", "callsign": "RT1", "aircraft_type": "B738", "adep": "VYYY", "ades": "VYMD", "dep_rwy": "", "arr_rwy": "", "sid": "", "star": "", "approach": "", "epoch_ts": "2025-12-23 00:13:15+00:00", "altitude_ft": 27725.0, "tas_kt": 436.0, "gs_kt": 436.0, "track_deg": 2.5565626130177685, "phase": "climb", "waypoint": "", "sector": "D34,D34", "event": ""}, "geometry": {"type": "Point", "coordinates": [96.19354013852767, 18.218747440337616, 8450.58]}}, {"id": "160", "type": "Feature", "properties": {"flight_key": "RT1_20251223T0000Z", "callsign": "RT1", "aircraft_type": "B738", "adep": "VYYY", "ades": "VYMD", "dep_rwy": "", "arr_rwy": "", "sid": "", "star": "", "approach": "", "epoch_ts": "2025-12-23 00:13:20+00:00", "altitude_ft": 27849.4, "tas_kt": 436.9, "gs_kt": 436.9, "track_deg": 2.5565626130177685, "phase": "climb", "waypoint": "", "sector": "D34,D34", "event": ""}, "geometry": {"type": "Point", "coordinates": [96.19392168860689, 18.226995225904773, 8488.49712]}}, {"id": "161", "type": "Feature", "properties": {"flight_key": "RT1_20251223T0000Z", "callsign": "RT1", "aircraft_type": "B738", "adep": "VYYY", "ades": "VYMD", "dep_rwy": "", "arr_rwy": "", "sid": "", "star": "", "approach": "", "epoch_ts": "2025-12-23 00:13:22.147890+00:00", "altitude_ft": 27902.8, "tas_kt": 437.2, "gs_kt": 437.2, "track_deg": 2.5565626130177685, "phase": "climb", "waypoint": "", "sector": "D34,D34", "event": ""}, "geometry": {"type": "Point", "coordinates": [96.19408560322601, 18.230538290459595, 8504.77344]}}, {"id": "162", "type": "Feature", "properties": {"flight_key": "RT1_20251223T0000Z", "callsign": "RT1", "aircraft_type": "B738", "adep": "VYYY", "ades": "VYMD", "dep_rwy": "", "arr_rwy": "", "sid": "", "star": "", "approach": "", "epoch_ts": "2025-12-23 00:13:25+00:00", "altitude_ft": 27973.8, "tas_kt": 437.7, "gs_kt": 437.7, "track_deg": 4.777721941901435, "phase": "climb", "waypoint": "", "sector": "D34,D34", "event": ""}, "geometry": {"type": "Point", "coordinates": [96.19448962255116, 18.235231384423123, 8526.41424]}}, {"id": "163", "type": "Feature", "properties": {"flight_key": "RT1_20251223T0000Z", "callsign": "RT1", "aircraft_type": "B738", "adep": "VYYY", "ades": "VYMD", "dep_rwy": "", "arr_rwy": "", "sid": "", "star": "", "approach": "", "epoch_ts": "2025-12-23 00:13:27.176048+00:00", "altitude_ft": 28025.7, "tas_kt": 463.6, "gs_kt": 463.6, "track_deg": 4.777721941901435, "phase": "climb", "waypoint": "", "sector": "D34", "event": ""}, "geometry": {"type": "Point", "coordinates": [96.19479788545009, 18.238812028620696, 8542.23336]}}, {"id": "164", "type": "Feature", "properties": {"flight_key": "RT1_20251223T0000Z", "callsign": "RT1", "aircraft_type": "B738", "adep": "VYYY", "ades": "VYMD", "dep_rwy": "", "arr_rwy": "", "sid": "", "star": "", "approach": "", "epoch_ts": "2025-12-23 00:13:30+00:00", "altitude_ft": 28090.3, "tas_kt": 463.5, "gs_kt": 463.5, "track_deg": 9.278336524280563, "phase": "climb", "waypoint": "", "sector": "D34", "event": ""}, "geometry": {"type": "Point", "coordinates": [96.19557228090088, 18.243413979794035, 8561.92344]}}, {"id": "165", "type": "Feature", "properties": {"flight_key": "RT1_20251223T0000Z", "callsign": "RT1", "aircraft_type": "B738", "adep": "VYYY", "ades": "VYMD", "dep_rwy": "", "arr_rwy": "", "sid": "", "star": "", "approach": "", "epoch_ts": "2025-12-23 00:13:32.204206+00:00", "altitude_ft": 28140.7, "tas_kt": 463.4, "gs_kt": 463.4, "track_deg": 9.278336524280563, "phase": "climb", "waypoint": "", "sector": "D34", "event": ""}, "geometry": {"type": "Point", "coordinates": [96.19617675062072, 18.24700598165777, 8577.28536]}}, {"id": "166", "type": "Feature", "properties": {"flight_key": "RT1_20251223T0000Z", "callsign": "RT1", "aircraft_type": "B738", "adep": "VYYY", "ades": "VYMD", "dep_rwy": "", "arr_rwy": "", "sid": "", "star": "", "approach": "", "epoch_ts": "2025-12-23 00:13:35+00:00", "altitude_ft": 28204.7, "tas_kt": 463.2, "gs_kt": 463.2, "track_deg": 13.779126537804174, "phase": "climb", "waypoint": "", "sector": "D34", "event": ""}, "geometry": {"type": "Point", "coordinates": [96.19730937041449, 18.251489582497776, 8596.79256]}}, {"id": "167", "type": "Feature", "properties": {"flight_key": "RT1_20251223T0000Z", "callsign": "RT1", "aircraft_type": "B738", "adep": "VYYY", "ades": "VYMD", "dep_rwy": "", "arr_rwy": "", "sid": "", "star": "", "approach": "", "epoch_ts": "2025-12-23 00:13:37.232365+00:00", "altitude_ft": 28255.7, "tas_kt": 463.1, "gs_kt": 463.1, "track_deg": 13.779126537804174, "phase": "climb", "waypoint": "", "sector": "D34", "event": ""}, "geometry": {"type": "Point", "coordinates": [96.1982137708014, 18.255069609570874, 8612.337360000001]}}, {"id": "168", "type": "Feature", "properties": {"flight_key": "RT1_20251223T0000Z", "callsign": "RT1", "aircraft_type": "B738", "adep": "VYYY", "ades": "VYMD", "dep_rwy": "", "arr_rwy": "", "sid": "", "star": "", "approach": "", "epoch_ts": "2025-12-23 00:13:40+00:00", "altitude_ft": 28319.0, "tas_kt": 463.0, "gs_kt": 463.0, "track_deg": 18.28008994523676, "phase": "climb", "waypoint": "", "sector": "D34", "event": ""}, "geometry": {"type": "Point", "coordinates": [96.19969036835714, 18.259408940956284, 8631.6312]}}, {"id": "169", "type": "Feature", "properties": {"flight_key": "RT1_20251223T0000Z", "callsign": "RT1", "aircraft_type": "B738", "adep": "VYYY", "ades": "VYMD", "dep_rwy": "", "arr_rwy": "", "sid": "", "star": "", "approach": "", "epoch_ts": "2025-12-23 00:13:42.260523+00:00", "altitude_ft": 28370.7, "tas_kt": 462.9, "gs_kt": 462.9, "track_deg": 18.28008994523676, "phase": "climb", "waypoint": "", "sector": "D34", "event": ""}, "geometry": {"type": "Point", "coordinates": [96.20089645476303, 18.262953170569762, 8647.389360000001]}}, {"id": "170", "type": "Feature", "properties": {"flight_key": "RT1_20251223T0000Z", "callsign": "RT1", "aircraft_type": "B738", "adep": "VYYY", "ades": "VYMD", "dep_rwy": "", "arr_rwy": "", "sid": "", "star": "", "approach": "", "epoch_ts": "2025-12-23 00:13:45+00:00", "altitude_ft": 28433.4, "tas_kt": 462.8, "gs_kt": 462.8, "track_deg": 22.78122363152566, "phase": "climb", "waypoint": "BGO", "sector": "D34", "event": ""}, "geometry": {"type": "Point", "coordinates": [96.2027008207318, 18.267123751254758, 8666.500320000001]}}, {"id": "171", "type": "Feature", "properties": {"flight_key": "RT1_20251223T0000Z", "callsign": "RT1", "aircraft_type": "B738", "adep": "VYYY", "ades": "VYMD", "dep_rwy": "", "arr_rwy": "", "sid": "", "star": "", "approach": "", "epoch_ts": "2025-12-23 00:13:47.288681+00:00", "altitude_ft": 28485.8, "tas_kt": 462.7, "gs_kt": 462.7, "track_deg": 22.78122363152566, "phase": "climb", "waypoint": "", "sector": "D34", "event": ""}, "geometry": {"type": "Point", "coordinates": [96.2042083232757, 18.270608028227507, 8682.47184]}}, {"id": "172", "type": "Feature", "properties": {"flight_key": "RT1_20251223T0000Z", "callsign": "RT1", "aircraft_type": "B738", "adep": "VYYY", "ades": "VYMD", "dep_rwy": "", "arr_rwy": "", "sid": "", "star": "", "approach": "", "epoch_ts": "2025-12-23 00:13:50+00:00", "altitude_ft": 28547.8, "tas_kt": 462.6, "gs_kt": 462.6, "track_deg": 27.282523416708763, "phase": "climb", "waypoint": "", "sector": "D34", "event": ""}, "geometry": {"type": "Point", "coordinates": [96.20632242880458, 18.27458695208757, 8701.36944]}}, {"id": "173", "type": "Feature", "properties": {"flight_key": "RT1_20251223T0000Z", "callsign": "RT1", "aircraft_type": "B738", "adep": "VYYY", "ades": "VYMD", "dep_rwy": "", "arr_rwy": "", "sid": "", "star": "", "approach": "", "epoch_ts": "2025-12-23 00:13:52.316840+00:00", "altitude_ft": 28600.8, "tas_kt": 462.4, "gs_kt": 462.4, "track_deg": 31.783984080963872, "phase": "climb", "waypoint": "", "sector": "D34", "event": ""}, "geometry": {"type": "Point", "coordinates": [96.2081290091501, 18.277986951942843, 8717.52384]}}, {"id": "174", "type": "Feature", "properties": {"flight_key": "RT1_20251223T0000Z", "callsign": "RT1", "aircraft_type": "B738", "adep": "VYYY", "ades": "VYMD", "dep_rwy": "", "arr_rwy": "", "sid": "", "star": "", "approach": "", "epoch_ts": "2025-12-23 00:13:55+00:00", "altitude_ft": 28662.2, "tas_kt": 462.3, "gs_kt": 462.3, "track_deg": 31.783984080963872, "phase": "climb", "waypoint": "", "sector": "D34", "event": ""}, "geometry": {"type": "Point", "coordinates": [96.21053315924064, 18.28175301224212, 8736.23856]}}, {"id": "175", "type": "Feature", "properties": {"flight_key": "RT1_20251223T0000Z", "callsign": "RT1", "aircraft_type": "B738", "adep": "VYYY", "ades": "VYMD", "dep_rwy": "", "arr_rwy": "", "sid": "", "star": "", "approach": "", "epoch_ts": "2025-12-23 00:13:57.344998+00:00", "altitude_ft": 28715.8, "tas_kt": 462.2, "gs_kt": 462.2, "track_deg": 31.783984080963872, "phase": "climb", "waypoint": "", "sector": "D34", "event": ""}, "geometry": {"type": "Point", "coordinates": [96.21263438145185, 18.2850444088449, 8752.57584]}}, {"id": "176", "type": "Feature", "properties": {"flight_key": "RT1_20251223T0000Z", "callsign": "RT1", "aircraft_type": "B738", "adep": "VYYY", "ades": "VYMD", "dep_rwy": "", "arr_rwy": "", "sid": "", "star": "", "approach": "", "epoch_ts": "2025-12-23 00:14:00+00:00", "altitude_ft": 28776.5, "tas_kt": 462.1, "gs_kt": 462.1, "track_deg": 36.285599392785315, "phase": "climb", "waypoint": "", "sector": "D34", "event": ""}, "geometry": {"type": "Point", "coordinates": [96.21530737721478, 18.288578208854165, 8771.0772]}}, {"id": "177", "type": "Feature", "properties": {"flight_key": "RT1_20251223T0000Z", "callsign": "RT1", "aircraft_type": "B738", "adep": "VYYY", "ades": "VYMD", "dep_rwy": "", "arr_rwy": "", "sid": "", "star": "", "approach": "", "epoch_ts": "2025-12-23 00:14:02.373156+00:00", "altitude_ft": 28830.8, "tas_kt": 462.0, "gs_kt": 462.0, "track_deg": 36.285599392785315, "phase": "climb", "waypoint": "", "sector": "D34", "event": ""}, "geometry": {"type": "Point", "coordinates": [96.21769669315691, 18.291736845324593, 8787.627840000001]}}, {"id": "178", "type": "Feature", "properties": {"flight_key": "RT1_20251223T0000Z", "callsign": "RT1", "aircraft_type": "B738", "adep": "VYYY", "ades": "VYMD", "dep_rwy": "", "arr_rwy": "", "sid": "", "star": "", "approach": "", "epoch_ts": "2025-12-23 00:14:05+00:00", "altitude_ft": 28890.9, "tas_kt": 461.9, "gs_kt": 461.9, "track_deg": 40.78736214516309, "phase": "climb", "waypoint": "", "sector": "D34", "event": ""}, "geometry": {"type": "Point", "coordinates": [96.22061600171585, 18.2950208947218, 8805.946320000001]}}, {"id": "179", "type": "Feature", "properties": {"flight_key": "RT1_20251223T0000Z", "callsign": "RT1", "aircraft_type": "B738", "adep": "VYYY", "ades": "VYMD", "dep_rwy": "", "arr_rwy": "", "sid": "", "star": "", "approach": "", "epoch_ts": "2025-12-23 00:14:07.401315+00:00", "altitude_ft": 28945.8, "tas_kt": 461.8, "gs_kt": 461.8, "track_deg": 40.78736214516309, "phase": "climb", "waypoint": "", "sector": "D34", "event": ""}, "geometry": {"type": "Point", "coordinates": [96.22328475136686, 18.298022956437848, 8822.67984]}}, {"id": "180", "type": "Feature", "properties": {"flight_key": "RT1_20251223T0000Z", "callsign": "RT1", "aircraft_type": "B738", "adep": "VYYY", "ades": "VYMD", "dep_rwy": "", "arr_rwy": "", "sid": "", "star": "", "approach": "", "epoch_ts": "2025-12-23 00:14:10+00:00", "altitude_ft": 29005.3, "tas_kt": 461.6, "gs_kt": 461.6, "track_deg": 43.06722091187531, "phase": "climb", "waypoint": "", "sector": "D34", "event": ""}, "geometry": {"type": "Point", "coordinates": [96.2263037254301, 18.301157719022484, 8840.81544]}}, {"id": "181", "type": "Feature", "properties": {"flight_key": "RT1_20251223T0000Z", "callsign": "RT1", "aircraft_type": "B738", "adep": "VYYY", "ades": "VYMD", "dep_rwy": "", "arr_rwy": "", "sid": "", "star": "", "approach": "", "epoch_ts": "2025-12-23 00:14:15+00:00", "altitude_ft": 29119.7, "tas_kt": 461.4, "gs_kt": 461.4, "track_deg": 43.06722091187531, "phase": "climb", "waypoint": "", "sector": "D34", "event": ""}, "geometry": {"type": "Point", "coordinates": [96.23211263490722, 18.30718904144912, 8875.684560000002]}}, {"id": "182", "type": "Feature", "properties": {"flight_key": "RT1_20251223T0000Z", "callsign": "RT1", "aircraft_type": "B738", "adep": "VYYY", "ades": "VYMD", "dep_rwy": "", "arr_rwy": "", "sid": "", "star": "", "approach": "", "epoch_ts": "2025-12-23 00:14:20+00:00", "altitude_ft": 29234.0, "tas_kt": 461.2, "gs_kt": 461.2, "track_deg": 43.06722091187531, "phase": "climb", "waypoint": "", "sector": "D34", "event": ""}, "geometry": {"type": "Point", "coordinates": [96.23792187719685, 18.313220209654745, 8910.5232]}}, {"id": "183", "type": "Feature", "properties": {"flight_key": "RT1_20251223T0000Z", "callsign": "RT1", "aircraft_type": "B738", "adep": "VYYY", "ades": "VYMD", "dep_rwy": "", "arr_rwy": "", "sid": "", "star": "", "approach": "", "epoch_ts": "2025-12-23 00:14:25+00:00", "altitude_ft": 29348.4, "tas_kt": 461.0, "gs_kt": 461.0, "track_deg": 43.06722091187531, "phase": "climb", "waypoint": "", "sector": "D34", "event": ""}, "geometry": {"type": "Point", "coordinates": [96.2437314524472, 18.319251223567424, 8945.39232]}}, {"id": "184", "type": "Feature", "properties": {"flight_key": "RT1_20251223T0000Z", "callsign": "RT1", "aircraft_type": "B738", "adep": "VYYY", "ades": "VYMD", "dep_rwy": "", "arr_rwy": "", "sid": "", "star": "", "approach": "", "epoch_ts": "2025-12-23 00:14:30+00:00", "altitude_ft": 29462.8, "tas_kt": 460.7, "gs_kt": 460.7, "track_deg": 43.06722091187531, "phase": "climb", "waypoint": "", "sector": "D34", "event": ""}, "geometry": {"type": "Point", "coordinates": [96.24991182472728, 18.32566661883572, 8980.26144]}}, {"id": "185", "type": "Feature", "properties": {"flight_key": "RT1_20251223T0000Z", "callsign": "RT1", "aircraft_type": "B738", "adep": "VYYY", "ades": "VYMD", "dep_rwy": "", "arr_rwy": "", "sid": "", "star": "", "approach": "", "epoch_ts": "2025-12-23 00:14:35+00:00", "altitude_ft": 29577.2, "tas_kt": 460.5, "gs_kt": 460.5, "track_deg": 43.06722091187531, "phase": "climb", "waypoint": "", "sector": "D34", "event": ""}, "geometry": {"type": "Point", "coordinates": [96.25745022836996, 18.33349092128809, 9015.130560000001]}}, {"id": "186", "type": "Feature", "properties": {"flight_key": "RT1_20251223T0000Z", "callsign": "RT1", "aircraft_type": "B738", "adep": "VYYY", "ades": "VYMD", "dep_rwy": "", "arr_rwy": "", "sid": "", "star": "", "approach": "", "epoch_ts": "2025-12-23 00:14:40+00:00", "altitude_ft": 29691.5, "tas_kt": 460.3, "gs_kt": 460.3, "track_deg": 43.06722091187531, "phase": "climb", "waypoint": "", "sector": "D34", "event": ""}, "geometry": {"type": "Point", "coordinates": [96.26498919332198, 18.341314963613083, 9049.969200000001]}}, {"id": "187", "type": "Feature", "properties": {"flight_key": "RT1_20251223T0000Z", "callsign": "RT1", "aircraft_type": "B738", "adep": "VYYY", "ades": "VYMD", "dep_rwy": "", "arr_rwy": "", "sid": "", "star": "", "approach": "", "epoch_ts": "2025-12-23 00:14:45+00:00", "altitude_ft": 29805.9, "tas_kt": 460.1, "gs_kt": 460.1, "track_deg": 43.06722091187531, "phase": "climb", "waypoint": "", "sector": "D34", "event": ""}, "geometry": {"type": "Point", "coordinates": [96.27252871990717, 18.349138745653505, 9084.83832]}}, {"id": "188", "type": "Feature", "properties": {"flight_key": "RT1_20251223T0000Z", "callsign": "RT1", "aircraft_type": "B738", "adep": "VYYY", "ades": "VYMD", "dep_rwy": "", "arr_rwy": "", "sid": "", "star": "", "approach": "", "epoch_ts": "2025-12-23 00:14:50+00:00", "altitude_ft": 29920.3, "tas_kt": 459.8, "gs_kt": 459.8, "track_deg": 43.06722091187531, "phase": "climb", "waypoint": "", "sector": "D34", "event": ""}, "geometry": {"type": "Point", "coordinates": [96.28006880844944, 18.35696226725211, 9119.70744]}}, {"id": "189", "type": "Feature", "properties": {"flight_key": "RT1_20251223T0000Z", "callsign": "RT1", "aircraft_type": "B738", "adep": "VYYY", "ades": "VYMD", "dep_rwy": "", "arr_rwy": "", "sid": "", "star": "", "approach": "", "epoch_ts": "2025-12-23 00:14:55+00:00", "altitude_ft": 30032.5, "tas_kt": 459.6, "gs_kt": 459.6, "track_deg": 43.06722091187531, "phase": "climb", "waypoint": "", "sector": "D34", "event": ""}, "geometry": {"type": "Point", "coordinates": [96.28760945927276, 18.364785528251637, 9153.906]}}, {"id": "190", "type": "Feature", "properties": {"flight_key": "RT1_20251223T0000Z", "callsign": "RT1", "aircraft_type": "B738", "adep": "VYYY", "ades": "VYMD", "dep_rwy": "", "arr_rwy": "", "sid": "", "star": "", "approach": "", "epoch_ts": "2025-12-23 00:15:00+00:00", "altitude_ft": 30139.8, "tas_kt": 459.4, "gs_kt": 459.4, "track_deg": 43.06722091187531, "phase": "climb", "waypoint": "", "sector": "D34", "event": ""}, "geometry": {"type": "Point", "coordinates": [96.29515067270111, 18.37260852849478, 9186.61104]}}, {"id": "191", "type": "Feature", "properties": {"flight_key": "RT1_20251223T0000Z", "callsign": "RT1", "aircraft_type": "B738", "adep": "VYYY", "ades": "VYMD", "dep_rwy": "", "arr_rwy": "", "sid": "", "star": "", "approach": "", "epoch_ts": "2025-12-23 00:15:05+00:00", "altitude_ft": 30247.1, "tas_kt": 459.2, "gs_kt": 459.2, "track_deg": 43.06722091187531, "phase": "climb", "waypoint": "", "sector": "D34", "event": ""}, "geometry": {"type": "Point", "coordinates": [96.30269244905854, 18.380431267824186, 9219.31608]}}, {"id": "192", "type": "Feature", "properties": {"flight_key": "RT1_20251223T0000Z", "callsign": "RT1", "aircraft_type": "B738", "adep": "VYYY", "ades": "VYMD", "dep_rwy": "", "arr_rwy": "", "sid": "", "star": "", "approach": "", "epoch_ts": "2025-12-23 00:15:10+00:00", "altitude_ft": 30354.4, "tas_kt": 459.0, "gs_kt": 459.0, "track_deg": 43.06722091187531, "phase": "climb", "waypoint": "", "sector": "D34", "event": ""}, "geometry": {"type": "Point", "coordinates": [96.31023478866916, 18.388253746082487, 9252.021120000001]}}, {"id": "193", "type": "Feature", "properties": {"flight_key": "RT1_20251223T0000Z", "callsign": "RT1", "aircraft_type": "B738", "adep": "VYYY", "ades": "VYMD", "dep_rwy": "", "arr_rwy": "", "sid": "", "star": "", "approach": "", "epoch_ts": "2025-12-23 00:15:15+00:00", "altitude_ft": 30461.7, "tas_kt": 458.8, "gs_kt": 458.8, "track_deg": 43.06722091187531, "phase": "climb", "waypoint": "", "sector": "D34", "event": ""}, "geometry": {"type": "Point", "coordinates": [96.3177776918571, 18.39607596311226, 9284.72616]}}, {"id": "194", "type": "Feature", "properties": {"flight_key": "RT1_20251223T0000Z", "callsign": "RT1", "aircraft_type": "B738", "adep": "VYYY", "ades": "VYMD", "dep_rwy": "", "arr_rwy": "", "sid": "", "star": "", "approach": "", "epoch_ts": "2025-12-23 00:15:20+00:00", "altitude_ft": 30569.0, "tas_kt": 458.5, "gs_kt": 458.5, "track_deg": 43.06722091187531, "phase": "climb", "waypoint": "", "sector": "D34", "event": ""}, "geometry": {"type": "Point", "coordinates": [96.32532115894655, 18.40389791875605, 9317.4312]}}, {"id": "195", "type": "Feature", "properties": {"flight_key": "RT1_20251223T0000Z", "callsign": "RT1", "aircraft_type": "B738", "adep": "VYYY", "ades": "VYMD", "dep_rwy": "", "arr_rwy": "", "sid": "", "star": "", "approach": "", "epoch_ts": "2025-12-23 00:15:25+00:00", "altitude_ft": 30676.3, "tas_kt": 458.3, "gs_kt": 458.3, "track_deg": 43.06722091187531, "phase": "climb", "waypoint": "", "sector": "D34", "event": ""}, "geometry": {"type": "Point", "coordinates": [96.33286519026177, 18.411719612856388, 9350.13624]}}, {"id": "196", "type": "Feature", "properties": {"flight_key": "RT1_20251223T0000Z", "callsign": "RT1", "aircraft_type": "B738", "adep": "VYYY", "ades": "VYMD", "dep_rwy": "", "arr_rwy": "", "sid": "", "star": "", "approach": "", "epoch_ts": "2025-12-23 00:15:30+00:00", "altitude_ft": 30783.5, "tas_kt": 458.1, "gs_kt": 458.1, "track_deg": 43.06722091187531, "phase": "climb", "waypoint": "", "sector": "D34", "event": ""}, "geometry": {"type": "Point", "coordinates": [96.34040978612703, 18.41954104525574, 9382.810800000001]}}, {"id": "197", "type": "Feature", "properties": {"flight_key": "RT1_20251223T0000Z", "callsign": "RT1", "aircraft_type": "B738", "adep": "VYYY", "ades": "VYMD", "dep_rwy": "", "arr_rwy": "", "sid": "", "star": "", "approach": "", "epoch_ts": "2025-12-23 00:15:35+00:00", "altitude_ft": 30890.8, "tas_kt": 457.9, "gs_kt": 457.9, "track_deg": 43.06722091187531, "phase": "climb", "waypoint": "", "sector": "D34", "event": ""}, "geometry": {"type": "Point", "coordinates": [96.34795494686665, 18.427362215796556, 9415.51584]}}, {"id": "198", "type": "Feature", "properties": {"flight_key": "RT1_20251223T0000Z", "callsign": "RT1", "aircraft_type": "B738", "adep": "VYYY", "ades": "VYMD", "dep_rwy": "", "arr_rwy": "", "sid": "", "star": "", "approach": "", "epoch_ts": "2025-12-23 00:15:40+00:00", "altitude_ft": 30998.1, "tas_kt": 457.7, "gs_kt": 457.7, "track_deg": 43.06722091187531, "phase": "climb", "waypoint": "", "sector": "D34", "event": ""}, "geometry": {"type": "Point", "coordinates": [96.35550067280504, 18.435183124321238, 9448.22088]}}, {"id": "199", "type": "Feature", "properties": {"flight_key": "RT1_20251223T0000Z", "callsign": "RT1", "aircraft_type": "B738", "adep": "VYYY", "ades": "VYMD", "dep_rwy": "", "arr_rwy": "", "sid": "", "star": "", "approach": "", "epoch_ts": "2025-12-23 00:15:45+00:00", "altitude_ft": 31105.4, "tas_kt": 457.5, "gs_kt": 457.5, "track_deg": 43.06722091187531, "phase": "climb", "waypoint": "", "sector": "D34", "event": ""}, "geometry": {"type": "Point", "coordinates": [96.36304696426662, 18.44300377067216, 9480.925920000001]}}, {"id": "200", "type": "Feature", "properties": {"flight_key": "RT1_20251223T0000Z", "callsign": "RT1", "aircraft_type": "B738", "adep": "VYYY", "ades": "VYMD", "dep_rwy": "", "arr_rwy": "", "sid": "", "star": "", "approach": "", "epoch_ts": "2025-12-23 00:15:50+00:00", "altitude_ft": 31212.7, "tas_kt": 457.3, "gs_kt": 457.3, "track_deg": 43.06722091187531, "phase": "climb", "waypoint": "", "sector": "D34", "event": ""}, "geometry": {"type": "Point", "coordinates": [96.37059382157587, 18.45082415469166, 9513.63096]}}, {"id": "201", "type": "Feature", "properties": {"flight_key": "RT1_20251223T0000Z", "callsign": "RT1", "aircraft_type": "B738", "adep": "VYYY", "ades": "VYMD", "dep_rwy": "", "arr_rwy": "", "sid": "", "star": "", "approach": "", "epoch_ts": "2025-12-23 00:15:55+00:00", "altitude_ft": 31320.0, "tas_kt": 457.0, "gs_kt": 457.0, "track_deg": 43.06722091187531, "phase": "climb", "waypoint": "", "sector": "D34", "event": ""}, "geometry": {"type": "Point", "coordinates": [96.37814124505732, 18.45864427622203, 9546.336000000001]}}, {"id": "202", "type": "Feature", "properties": {"flight_key": "RT1_20251223T0000Z", "callsign": "RT1", "aircraft_type": "B738", "adep": "VYYY", "ades": "VYMD", "dep_rwy": "", "arr_rwy": "", "sid": "", "star": "", "approach": "", "epoch_ts": "2025-12-23 00:16:00+00:00", "altitude_ft": 31427.3, "tas_kt": 456.8, "gs_kt": 456.8, "track_deg": 43.06722091187531, "phase": "climb", "waypoint": "", "sector": "D34", "event": ""}, "geometry": {"type": "Point", "coordinates": [96.38568923503554, 18.466464135105547, 9579.04104]}}, {"id": "203", "type": "Feature", "properties": {"flight_key": "RT1_20251223T0000Z", "callsign": "RT1", "aircraft_type": "B738", "adep": "VYYY", "ades": "VYMD", "dep_rwy": "", "arr_rwy": "", "sid": "", "star": "", "approach": "", "epoch_ts": "2025-12-23 00:16:05+00:00", "altitude_ft": 31534.6, "tas_kt": 456.6, "gs_kt": 456.6, "track_deg": 43.06722091187531, "phase": "climb", "waypoint": "", "sector": "D34", "event": ""}, "geometry": {"type": "Point", "coordinates": [96.39323779183515, 18.474283731184425, 9611.74608]}}, {"id": "204", "type": "Feature", "properties": {"flight_key": "RT1_20251223T0000Z", "callsign": "RT1", "aircraft_type": "B738", "adep": "VYYY", "ades": "VYMD", "dep_rwy": "", "arr_rwy": "", "sid": "", "star": "", "approach": "", "epoch_ts": "2025-12-23 00:16:10+00:00", "altitude_ft": 31641.9, "tas_kt": 456.4, "gs_kt": 456.4, "track_deg": 43.06722091187531, "phase": "climb", "waypoint": "", "sector": "D34", "event": ""}, "geometry": {"type": "Point", "coordinates": [96.40078691578083, 18.482103064300865, 9644.451120000002]}}, {"id": "205", "type": "Feature", "properties": {"flight_key": "RT1_20251223T0000Z", "callsign": "RT1", "aircraft_type": "B738", "adep": "VYYY", "ades": "VYMD", "dep_rwy": "", "arr_rwy": "", "sid": "", "star": "", "approach": "", "epoch_ts": "2025-12-23 00:16:15+00:00", "altitude_ft": 31749.2, "tas_kt": 456.2, "gs_kt": 456.2, "track_deg": 43.06722091187531, "phase": "climb", "waypoint": "", "sector": "D34", "event": ""}, "geometry": {"type": "Point", "coordinates": [96.4083366071973, 18.489922134297025, 9677.15616]}}, {"id": "206", "type": "Feature", "properties": {"flight_key": "RT1_20251223T0000Z", "callsign": "RT1", "aircraft_type": "B738", "adep": "VYYY", "ades": "VYMD", "dep_rwy": "", "arr_rwy": "", "sid": "", "star": "", "approach": "", "epoch_ts": "2025-12-23 00:16:20+00:00", "altitude_ft": 31856.5, "tas_kt": 456.0, "gs_kt": 456.0, "track_deg": 43.06722091187531, "phase": "climb", "waypoint": "", "sector": "D34", "event": ""}, "geometry": {"type": "Point", "coordinates": [96.41588686640931, 18.497740941015017, 9709.861200000001]}}, {"id": "207", "type": "Feature", "properties": {"flight_key": "RT1_20251223T0000Z", "callsign": "RT1", "aircraft_type": "B738", "adep": "VYYY", "ades": "VYMD", "dep_rwy": "", "arr_rwy": "", "sid": "", "star": "", "approach": "", "epoch_ts": "2025-12-23 00:16:25+00:00", "altitude_ft": 31963.8, "tas_kt": 455.7, "gs_kt": 455.7, "track_deg": 43.06722091187531, "phase": "climb", "waypoint": "", "sector": "D34", "event": ""}, "geometry": {"type": "Point", "coordinates": [96.4234376937417, 18.50555948429694, 9742.56624]}}, {"id": "208", "type": "Feature", "properties": {"flight_key": "RT1_20251223T0000Z", "callsign": "RT1", "aircraft_type": "B738", "adep": "VYYY", "ades": "VYMD", "dep_rwy": "", "arr_rwy": "", "sid": "", "star": "", "approach": "", "epoch_ts": "2025-12-23 00:16:30+00:00", "altitude_ft": 32064.4, "tas_kt": 455.5, "gs_kt": 455.5, "track_deg": 43.06722091187531, "phase": "climb", "waypoint": "", "sector": "D34", "event": ""}, "geometry": {"type": "Point", "coordinates": [96.43098908951933, 18.513377763984835, 9773.229120000002]}}, {"id": "209", "type": "Feature", "properties": {"flight_key": "RT1_20251223T0000Z", "callsign": "RT1", "aircraft_type": "B738", "adep": "VYYY", "ades": "VYMD", "dep_rwy": "", "arr_rwy": "", "sid": "", "star": "", "approach": "", "epoch_ts": "2025-12-23 00:16:35+00:00", "altitude_ft": 32161.7, "tas_kt": 455.3, "gs_kt": 455.3, "track_deg": 43.06722091187531, "phase": "climb", "waypoint": "", "sector": "D34", "event": ""}, "geometry": {"type": "Point", "coordinates": [96.43854105406709, 18.521195779920696, 9802.88616]}}, {"id": "210", "type": "Feature", "properties": {"flight_key": "RT1_20251223T0000Z", "callsign": "RT1", "aircraft_type": "B738", "adep": "VYYY", "ades": "VYMD", "dep_rwy": "", "arr_rwy": "", "sid": "", "star": "", "approach": "", "epoch_ts": "2025-12-23 00:16:40+00:00", "altitude_ft": 32259.0, "tas_kt": 455.2, "gs_kt": 455.2, "track_deg": 43.06722091187531, "phase": "climb", "waypoint": "", "sector": "D34", "event": ""}, "geometry": {"type": "Point", "coordinates": [96.44609358770997, 18.529013531946532, 9832.5432]}}, {"id": "211", "type": "Feature", "properties": {"flight_key": "RT1_20251223T0000Z", "callsign": "RT1", "aircraft_type": "B738", "adep": "VYYY", "ades": "VYMD", "dep_rwy": "", "arr_rwy": "", "sid": "", "star": "", "approach": "", "epoch_ts": "2025-12-23 00:16:45+00:00", "altitude_ft": 32356.3, "tas_kt": 455.0, "gs_kt": 455.0, "track_deg": 43.06722091187531, "phase": "climb", "waypoint": "", "sector": "D34", "event": ""}, "geometry": {"type": "Point", "coordinates": [96.45364669077296, 18.536831019904266, 9862.20024]}}, {"id": "212", "type": "Feature", "properties": {"flight_key": "RT1_20251223T0000Z", "callsign": "RT1", "aircraft_type": "B738", "adep": "VYYY", "ades": "VYMD", "dep_rwy": "", "arr_rwy": "", "sid": "", "star": "", "approach": "", "epoch_ts": "2025-12-23 00:16:50+00:00", "altitude_ft": 32453.6, "tas_kt": 454.8, "gs_kt": 454.8, "track_deg": 43.06722091187531, "phase": "climb", "waypoint": "", "sector": "D34", "event": ""}, "geometry": {"type": "Point", "coordinates": [96.4612003635811, 18.544648243635802, 9891.85728]}}, {"id": "213", "type": "Feature", "properties": {"flight_key": "RT1_20251223T0000Z", "callsign": "RT1", "aircraft_type": "B738", "adep": "VYYY", "ades": "VYMD", "dep_rwy": "", "arr_rwy": "", "sid": "", "star": "", "approach": "", "epoch_ts": "2025-12-23 00:16:55+00:00", "altitude_ft": 32550.9, "tas_kt": 454.6, "gs_kt": 454.6, "track_deg": 43.06722091187531, "phase": "climb", "waypoint": "", "sector": "D34", "event": ""}, "geometry": {"type": "Point", "coordinates": [96.46875460645954, 18.552465202983015, 9921.51432]}}, {"id": "214", "type": "Feature", "properties": {"flight_key": "RT1_20251223T0000Z", "callsign": "RT1", "aircraft_type": "B738", "adep": "VYYY", "ades": "VYMD", "dep_rwy": "", "arr_rwy": "", "sid": "", "star": "", "approach": "", "epoch_ts": "2025-12-23 00:17:00+00:00", "altitude_ft": 32648.2, "tas_kt": 454.4, "gs_kt": 454.4, "track_deg": 43.06722091187531, "phase": "climb", "waypoint": "", "sector": "D34", "event": ""}, "geometry": {"type": "Point", "coordinates": [96.4763094197334, 18.560281897787732, 9951.17136]}}, {"id": "215", "type": "Feature", "properties": {"flight_key": "RT1_20251223T0000Z", "callsign": "RT1", "aircraft_type": "B738", "adep": "VYYY", "ades": "VYMD", "dep_rwy": "", "arr_rwy": "", "sid": "", "star": "", "approach": "", "epoch_ts": "2025-12-23 00:17:05+00:00", "altitude_ft": 32745.5, "tas_kt": 454.2, "gs_kt": 454.2, "track_deg": 43.06722091187531, "phase": "climb", "waypoint": "", "sector": "D34", "event": ""}, "geometry": {"type": "Point", "coordinates": [96.48386480372788, 18.56809832789175, 9980.8284]}}, {"id": "216", "type": "Feature", "properties": {"flight_key": "RT1_20251223T0000Z", "callsign": "RT1", "aircraft_type": "B738", "adep": "VYYY", "ades": "VYMD", "dep_rwy": "", "arr_rwy": "", "sid": "", "star": "", "approach": "", "epoch_ts": "2025-12-23 00:17:10+00:00", "altitude_ft": 32842.8, "tas_kt": 454.0, "gs_kt": 454.0, "track_deg": 43.06722091187531, "phase": "climb", "waypoint": "", "sector": "D34", "event": ""}, "geometry": {"type": "Point", "coordinates": [96.49142075876824, 18.575914493136832, 10010.485440000002]}}, {"id": "217", "type": "Feature", "properties": {"flight_key": "RT1_20251223T0000Z", "callsign": "RT1", "aircraft_type": "B738", "adep": "VYYY", "ades": "VYMD", "dep_rwy": "", "arr_rwy": "", "sid": "", "star": "", "approach": "", "epoch_ts": "2025-12-23 00:17:15+00:00", "altitude_ft": 32940.1, "tas_kt": 453.8, "gs_kt": 453.8, "track_deg": 43.06722091187531, "phase": "climb", "waypoint": "", "sector": "D34", "event": ""}, "geometry": {"type": "Point", "coordinates": [96.49897728517979, 18.5837303933647, 10040.14248]}}, {"id": "218", "type": "Feature", "properties": {"flight_key": "RT1_20251223T0000Z", "callsign": "RT1", "aircraft_type": "B738", "adep": "VYYY", "ades": "VYMD", "dep_rwy": "", "arr_rwy": "", "sid": "", "star": "", "approach": "", "epoch_ts": "2025-12-23 00:17:20+00:00", "altitude_ft": 33037.3, "tas_kt": 453.6, "gs_kt": 453.6, "track_deg": 43.06722091187531, "phase": "climb", "waypoint": "", "sector": "D34", "event": ""}, "geometry": {"type": "Point", "coordinates": [96.50653438328786, 18.591546028417046, 10069.769040000001]}}, {"id": "219", "type": "Feature", "properties": {"flight_key": "RT1_20251223T0000Z", "callsign": "RT1", "aircraft_type": "B738", "adep": "VYYY", "ades": "VYMD", "dep_rwy": "", "arr_rwy": "", "sid": "", "star": "", "approach": "", "epoch_ts": "2025-12-23 00:17:25+00:00", "altitude_ft": 33134.6, "tas_kt": 453.4, "gs_kt": 453.4, "track_deg": 43.06722091187531, "phase": "climb", "waypoint": "", "sector": "D34", "event": ""}, "geometry": {"type": "Point", "coordinates": [96.51409205341784, 18.599361398135517, 10099.42608]}}, {"id": "220", "type": "Feature", "properties": {"flight_key": "RT1_20251223T0000Z", "callsign": "RT1", "aircraft_type": "B738", "adep": "VYYY", "ades": "VYMD", "dep_rwy": "", "arr_rwy": "", "sid": "", "star": "", "approach": "", "epoch_ts": "2025-12-23 00:17:30+00:00", "altitude_ft": 33231.9, "tas_kt": 453.2, "gs_kt": 453.2, "track_deg": 43.06722091187531, "phase": "climb", "waypoint": "", "sector": "D34", "event": ""}, "geometry": {"type": "Point", "coordinates": [96.5216502958952, 18.607176502361725, 10129.083120000001]}}, {"id": "221", "type": "Feature", "properties": {"flight_key": "RT1_20251223T0000Z", "callsign": "RT1", "aircraft_type": "B738", "adep": "VYYY", "ades": "VYMD", "dep_rwy": "", "arr_rwy": "", "sid": "", "star": "", "approach": "", "epoch_ts": "2025-12-23 00:17:35+00:00", "altitude_ft": 33329.2, "tas_kt": 453.0, "gs_kt": 453.0, "track_deg": 43.06722091187531, "phase": "climb", "waypoint": "", "sector": "D34", "event": ""}, "geometry": {"type": "Point", "coordinates": [96.52920911104539, 18.61499134093726, 10158.74016]}}, {"id": "222", "type": "Feature", "properties": {"flight_key": "RT1_20251223T0000Z", "callsign": "RT1", "aircraft_type": "B738", "adep": "VYYY", "ades": "VYMD", "dep_rwy": "", "arr_rwy": "", "sid": "", "star": "", "approach": "", "epoch_ts": "2025-12-23 00:17:40+00:00", "altitude_ft": 33426.5, "tas_kt": 452.8, "gs_kt": 452.8, "track_deg": 43.06722091187531, "phase": "climb", "waypoint": "", "sector": "D34", "event": ""}, "geometry": {"type": "Point", "coordinates": [96.53676849919398, 18.622805913703655, 10188.397200000001]}}, {"id": "223", "type": "Feature", "properties": {"flight_key": "RT1_20251223T0000Z", "callsign": "RT1", "aircraft_type": "B738", "adep": "VYYY", "ades": "VYMD", "dep_rwy": "", "arr_rwy": "", "sid": "", "star": "", "approach": "", "epoch_ts": "2025-12-23 00:17:45+00:00", "altitude_ft": 33523.8, "tas_kt": 452.6, "gs_kt": 452.6, "track_deg": 43.06722091187531, "phase": "climb", "waypoint": "", "sector": "D34", "event": ""}, "geometry": {"type": "Point", "coordinates": [96.54432846066656, 18.630620220502422, 10218.054240000001]}}, {"id": "224", "type": "Feature", "properties": {"flight_key": "RT1_20251223T0000Z", "callsign": "RT1", "aircraft_type": "B738", "adep": "VYYY", "ades": "VYMD", "dep_rwy": "", "arr_rwy": "", "sid": "", "star": "", "approach": "", "epoch_ts": "2025-12-23 00:17:50+00:00", "altitude_ft": 33621.1, "tas_kt": 452.4, "gs_kt": 452.4, "track_deg": 43.06722091187531, "phase": "climb", "waypoint": "", "sector": "D34", "event": ""}, "geometry": {"type": "Point", "coordinates": [96.55188899578876, 18.638434261175025, 10247.71128]}}, {"id": "225", "type": "Feature", "properties": {"flight_key": "RT1_20251223T0000Z", "callsign": "RT1", "aircraft_type": "B738", "adep": "VYYY", "ades": "VYMD", "dep_rwy": "", "arr_rwy": "", "sid": "", "star": "", "approach": "", "epoch_ts": "2025-12-23 00:17:55+00:00", "altitude_ft": 33718.4, "tas_kt": 452.2, "gs_kt": 452.2, "track_deg": 43.06722091187531, "phase": "climb", "waypoint": "", "sector": "D34", "event": ""}, "geometry": {"type": "Point", "coordinates": [96.55945010488625, 18.646248035562905, 10277.368320000001]}}, {"id": "226", "type": "Feature", "properties": {"flight_key": "RT1_20251223T0000Z", "callsign": "RT1", "aircraft_type": "B738", "adep": "VYYY", "ades": "VYMD", "dep_rwy": "", "arr_rwy": "", "sid": "", "star": "", "approach": "", "epoch_ts": "2025-12-23 00:18:00+00:00", "altitude_ft": 33815.7, "tas_kt": 452.0, "gs_kt": 452.0, "track_deg": 43.06722091187531, "phase": "climb", "waypoint": "", "sector": "D34", "event": ""}, "geometry": {"type": "Point", "coordinates": [96.56701178828479, 18.654061543507453, 10307.02536]}}, {"id": "227", "type": "Feature", "properties": {"flight_key": "RT1_20251223T0000Z", "callsign": "RT1", "aircraft_type": "B738", "adep": "VYYY", "ades": "VYMD", "dep_rwy": "", "arr_rwy": "", "sid": "", "star": "", "approach": "", "epoch_ts": "2025-12-23 00:18:05+00:00", "altitude_ft": 33913.0, "tas_kt": 451.8, "gs_kt": 451.8, "track_deg": 43.06722091187531, "phase": "climb", "waypoint": "", "sector": "D34", "event": ""}, "geometry": {"type": "Point", "coordinates": [96.57457404631015, 18.661874784850035, 10336.6824]}}, {"id": "228", "type": "Feature", "properties": {"flight_key": "RT1_20251223T0000Z", "callsign": "RT1", "aircraft_type": "B738", "adep": "VYYY", "ades": "VYMD", "dep_rwy": "", "arr_rwy": "", "sid": "", "star": "", "approach": "", "epoch_ts": "2025-12-23 00:18:10+00:00", "altitude_ft": 34009.0, "tas_kt": 451.6, "gs_kt": 451.6, "track_deg": 43.06722091187531, "phase": "climb", "waypoint": "", "sector": "D34", "event": ""}, "geometry": {"type": "Point", "coordinates": [96.58213687928816, 18.66968775943198, 10365.9432]}}, {"id": "229", "type": "Feature", "properties": {"flight_key": "RT1_20251223T0000Z", "callsign": "RT1", "aircraft_type": "B738", "adep": "VYYY", "ades": "VYMD", "dep_rwy": "", "arr_rwy": "", "sid": "", "star": "", "approach": "", "epoch_ts": "2025-12-23 00:18:15+00:00", "altitude_ft": 34094.0, "tas_kt": 451.4, "gs_kt": 451.4, "track_deg": 43.06722091187531, "phase": "climb", "waypoint": "", "sector": "D34", "event": ""}, "geometry": {"type": "Point", "coordinates": [96.5897002875447, 18.677500467094568, 10391.851200000001]}}, {"id": "230", "type": "Feature", "properties": {"flight_key": "RT1_20251223T0000Z", "callsign": "RT1", "aircraft_type": "B738", "adep": "VYYY", "ades": "VYMD", "dep_rwy": "", "arr_rwy": "", "sid": "", "star": "", "approach": "", "epoch_ts": "2025-12-23 00:18:20+00:00", "altitude_ft": 34179.0, "tas_kt": 451.3, "gs_kt": 451.3, "track_deg": 43.06722091187531, "phase": "climb", "waypoint": "", "sector": "D34", "event": ""}, "geometry": {"type": "Point", "coordinates": [96.5972642714057, 18.685312907679055, 10417.7592]}}, {"id": "231", "type": "Feature", "properties": {"flight_key": "RT1_20251223T0000Z", "callsign": "RT1", "aircraft_type": "B738", "adep": "VYYY", "ades": "VYMD", "dep_rwy": "", "arr_rwy": "", "sid": "", "star": "", "approach": "", "epoch_ts": "2025-12-23 00:18:25+00:00", "altitude_ft": 34264.0, "tas_kt": 451.1, "gs_kt": 451.1, "track_deg": 43.06722091187531, "phase": "climb", "waypoint": "", "sector": "D34", "event": ""}, "geometry": {"type": "Point", "coordinates": [96.60482883119714, 18.693125081026654, 10443.6672]}}, {"id": "232", "type": "Feature", "properties": {"flight_key": "RT1_20251223T0000Z", "callsign": "RT1", "aircraft_type": "B738", "adep": "VYYY", "ades": "VYMD", "dep_rwy": "", "arr_rwy": "", "sid": "", "star": "", "approach": "", "epoch_ts": "2025-12-23 00:18:30+00:00", "altitude_ft": 34349.0, "tas_kt": 450.9, "gs_kt": 450.9, "track_deg": 43.06722091187531, "phase": "climb", "waypoint": "", "sector": "D34", "event": ""}, "geometry": {"type": "Point", "coordinates": [96.61239396724504, 18.70093698697854, 10469.575200000001]}}, {"id": "233", "type": "Feature", "properties": {"flight_key": "RT1_20251223T0000Z", "callsign": "RT1", "aircraft_type": "B738", "adep": "VYYY", "ades": "VYMD", "dep_rwy": "", "arr_rwy": "", "sid": "", "star": "", "approach": "", "epoch_ts": "2025-12-23 00:18:35+00:00", "altitude_ft": 34434.0, "tas_kt": 450.8, "gs_kt": 450.8, "track_deg": 43.06722091187531, "phase": "climb", "waypoint": "", "sector": "D34", "event": ""}, "geometry": {"type": "Point", "coordinates": [96.61995967987546, 18.70874862537587, 10495.4832]}}, {"id": "234", "type": "Feature", "properties": {"flight_key": "RT1_20251223T0000Z", "callsign": "RT1", "aircraft_type": "B738", "adep": "VYYY", "ades": "VYMD", "dep_rwy": "", "arr_rwy": "", "sid": "", "star": "", "approach": "", "epoch_ts": "2025-12-23 00:18:40+00:00", "altitude_ft": 34519.0, "tas_kt": 450.6, "gs_kt": 450.6, "track_deg": 43.06722091187531, "phase": "climb", "waypoint": "", "sector": "D34", "event": ""}, "geometry": {"type": "Point", "coordinates": [96.62752596941456, 18.716559996059733, 10521.3912]}}, {"id": "235", "type": "Feature", "properties": {"flight_key": "RT1_20251223T0000Z", "callsign": "RT1", "aircraft_type": "B738", "adep": "VYYY", "ades": "VYMD", "dep_rwy": "", "arr_rwy": "", "sid": "", "star": "", "approach": "", "epoch_ts": "2025-12-23 00:18:45+00:00", "altitude_ft": 34604.0, "tas_kt": 450.4, "gs_kt": 450.4, "track_deg": 43.06722091187531, "phase": "climb", "waypoint": "", "sector": "D34", "event": ""}, "geometry": {"type": "Point", "coordinates": [96.63509283618848, 18.724371098871206, 10547.299200000001]}}, {"id": "236", "type": "Feature", "properties": {"flight_key": "RT1_20251223T0000Z", "callsign": "RT1", "aircraft_type": "B738", "adep": "VYYY", "ades": "VYMD", "dep_rwy": "", "arr_rwy": "", "sid": "", "star": "", "approach": "", "epoch_ts": "2025-12-23 00:18:50+00:00", "altitude_ft": 34689.0, "tas_kt": 450.2, "gs_kt": 450.2, "track_deg": 43.06722091187531, "phase": "climb", "waypoint": "", "sector": "D34", "event": ""}, "geometry": {"type": "Point", "coordinates": [96.64266028052346, 18.732181933651326, 10573.2072]}}, {"id": "237", "type": "Feature", "properties": {"flight_key": "RT1_20251223T0000Z", "callsign": "RT1", "aircraft_type": "B738", "adep": "VYYY", "ades": "VYMD", "dep_rwy": "", "arr_rwy": "", "sid": "", "star": "", "approach": "", "epoch_ts": "2025-12-23 00:18:55+00:00", "altitude_ft": 34774.0, "tas_kt": 450.1, "gs_kt": 450.1, "track_deg": 43.06722091187531, "phase": "climb", "waypoint": "", "sector": "D34", "event": ""}, "geometry": {"type": "Point", "coordinates": [96.65022830274575, 18.739992500241076, 10599.1152]}}, {"id": "238", "type": "Feature", "properties": {"flight_key": "RT1_20251223T0000Z", "callsign": "RT1", "aircraft_type": "B738", "adep": "VYYY", "ades": "VYMD", "dep_rwy": "", "arr_rwy": "", "sid": "", "star": "", "approach": "", "epoch_ts": "2025-12-23 00:19:00+00:00", "altitude_ft": 34859.0, "tas_kt": 449.9, "gs_kt": 449.9, "track_deg": 43.06722091187531, "phase": "climb", "waypoint": "", "sector": "D34", "event": ""}, "geometry": {"type": "Point", "coordinates": [96.65779690318166, 18.74780279848143, 10625.0232]}}, {"id": "239", "type": "Feature", "properties": {"flight_key": "RT1_20251223T0000Z", "callsign": "RT1", "aircraft_type": "B738", "adep": "VYYY", "ades": "VYMD", "dep_rwy": "", "arr_rwy": "", "sid": "", "star": "", "approach": "", "epoch_ts": "2025-12-23 00:19:05+00:00", "altitude_ft": 34944.0, "tas_kt": 449.7, "gs_kt": 449.7, "track_deg": 43.06722091187531, "phase": "climb", "waypoint": "", "sector": "D34", "event": ""}, "geometry": {"type": "Point", "coordinates": [96.66536608215759, 18.7556128282133, 10650.9312]}}, {"id": "240", "type": "Feature", "properties": {"flight_key": "RT1_20251223T0000Z", "callsign": "RT1", "aircraft_type": "B738", "adep": "VYYY", "ades": "VYMD", "dep_rwy": "", "arr_rwy": "", "sid": "", "star": "", "approach": "", "epoch_ts": "2025-12-23 00:19:10+00:00", "altitude_ft": 35000.0, "tas_kt": 449.6, "gs_kt": 449.6, "track_deg": 43.06722091187531, "phase": "cruise", "waypoint": "", "sector": "D34", "event": "TOC"}, "geometry": {"type": "Point", "coordinates": [96.67293583999994, 18.76342258927758, 10668.0]}}, {"id": "241", "type": "Feature", "properties": {"flight_key": "RT1_20251223T0000Z", "callsign": "RT1", "aircraft_type": "B738", "adep": "VYYY", "ades": "VYMD", "dep_rwy": "", "arr_rwy": "", "sid": "", "star": "", "approach": "", "epoch_ts": "2025-12-23 00:19:15+00:00", "altitude_ft": 35000.0, "tas_kt": 449.6, "gs_kt": 449.6, "track_deg": 43.06722091187531, "phase": "cruise", "waypoint": "", "sector": "D34", "event": ""}, "geometry": {"type": "Point", "coordinates": [96.68050617703516, 18.77123208151511, 10668.0]}}, {"id": "242", "type": "Feature", "properties": {"flight_key": "RT1_20251223T0000Z", "callsign": "RT1", "aircraft_type": "B738", "adep": "VYYY", "ades": "VYMD", "dep_rwy": "", "arr_rwy": "", "sid": "", "star": "", "approach": "", "epoch_ts": "2025-12-23 00:19:20+00:00", "altitude_ft": 35000.0, "tas_kt": 449.6, "gs_kt": 449.6, "track_deg": 43.06722091187531, "phase": "cruise", "waypoint": "", "sector": "D34", "event": ""}, "geometry": {"type": "Point", "coordinates": [96.68807709358978, 18.779041304766718, 10668.0]}}, {"id": "243", "type": "Feature", "properties": {"flight_key": "RT1_20251223T0000Z", "callsign": "RT1", "aircraft_type": "B738", "adep": "VYYY", "ades": "VYMD", "dep_rwy": "", "arr_rwy": "", "sid": "", "star": "", "approach": "", "epoch_ts": "2025-12-23 00:19:25+00:00", "altitude_ft": 35000.0, "tas_kt": 449.6, "gs_kt": 449.6, "track_deg": 43.06722091187531, "phase": "cruise", "waypoint": "", "sector": "D34", "event": ""}, "geometry": {"type": "Point", "coordinates": [96.69564858999034, 18.78685025887316, 10668.0]}}, {"id": "244", "type": "Feature", "properties": {"flight_key": "RT1_20251223T0000Z", "callsign": "RT1", "aircraft_type": "B738", "adep": "VYYY", "ades": "VYMD", "dep_rwy": "", "arr_rwy": "", "sid": "", "star": "", "approach": "", "epoch_ts": "2025-12-23 00:19:30+00:00", "altitude_ft": 35000.0, "tas_kt": 449.6, "gs_kt": 449.6, "track_deg": 43.06722091187531, "phase": "cruise", "waypoint": "", "sector": "D34", "event": ""}, "geometry": {"type": "Point", "coordinates": [96.70322066656348, 18.794658943675188, 10668.0]}}, {"id": "245", "type": "Feature", "properties": {"flight_key": "RT1_20251223T0000Z", "callsign": "RT1", "aircraft_type": "B738", "adep": "VYYY", "ades": "VYMD", "dep_rwy": "", "arr_rwy": "", "sid": "", "star": "", "approach": "", "epoch_ts": "2025-12-23 00:19:35+00:00", "altitude_ft": 35000.0, "tas_kt": 449.6, "gs_kt": 449.6, "track_deg": 43.06722091187531, "phase": "cruise", "waypoint": "", "sector": "D34", "event": ""}, "geometry": {"type": "Point", "coordinates": [96.71079332363584, 18.802467359013505, 10668.0]}}, {"id": "246", "type": "Feature", "properties": {"flight_key": "RT1_20251223T0000Z", "callsign": "RT1", "aircraft_type": "B738", "adep": "VYYY", "ades": "VYMD", "dep_rwy": "", "arr_rwy": "", "sid": "", "star": "", "approach": "", "epoch_ts": "2025-12-23 00:19:40+00:00", "altitude_ft": 35000.0, "tas_kt": 449.6, "gs_kt": 449.6, "track_deg": 43.06722091187531, "phase": "cruise", "waypoint": "", "sector": "D34", "event": ""}, "geometry": {"type": "Point", "coordinates": [96.71836656153414, 18.81027550472877, 10668.0]}}, {"id": "247", "type": "Feature", "properties": {"flight_key": "RT1_20251223T0000Z", "callsign": "RT1", "aircraft_type": "B738", "adep": "VYYY", "ades": "VYMD", "dep_rwy": "", "arr_rwy": "", "sid": "", "star": "", "approach": "", "epoch_ts": "2025-12-23 00:19:45+00:00", "altitude_ft": 35000.0, "tas_kt": 449.6, "gs_kt": 449.6, "track_deg": 43.06722091187531, "phase": "cruise", "waypoint": "", "sector": "D34", "event": "TOD"}, "geometry": {"type": "Point", "coordinates": [96.72594038058512, 18.818083380661616, 10668.0]}}, {"id": "248", "type": "Feature", "properties": {"flight_key": "RT1_20251223T0000Z", "callsign": "RT1", "aircraft_type": "B738", "adep": "VYYY", "ades": "VYMD", "dep_rwy": "", "arr_rwy": "", "sid": "", "star": "", "approach": "", "epoch_ts": "2025-12-23 00:19:50+00:00", "altitude_ft": 34925.6, "tas_kt": 449.8, "gs_kt": 449.8, "track_deg": 43.06722091187531, "phase": "descent", "waypoint": "", "sector": "D34", "event": ""}, "geometry": {"type": "Point", "coordinates": [96.73351478111559, 18.82589098665263, 10645.32288]}}, {"id": "249", "type": "Feature", "properties": {"flight_key": "RT1_20251223T0000Z", "callsign": "RT1", "aircraft_type": "B738", "adep": "VYYY", "ades": "VYMD", "dep_rwy": "", "arr_rwy": "", "sid": "", "star": "", "approach": "", "epoch_ts": "2025-12-23 00:19:55+00:00", "altitude_ft": 34798.8, "tas_kt": 450.0, "gs_kt": 450.0, "track_deg": 43.06722091187531, "phase": "descent", "waypoint": "", "sector": "D34", "event": ""}, "geometry": {"type": "Point", "coordinates": [96.74108976345241, 18.83369832254238, 10606.674240000002]}}, {"id": "250", "type": "Feature", "properties": {"flight_key": "RT1_20251223T0000Z", "callsign": "RT1", "aircraft_type": "B738", "adep": "VYYY", "ades": "VYMD", "dep_rwy": "", "arr_rwy": "", "sid": "", "star": "", "approach": "", "epoch_ts": "2025-12-23 00:20:00+00:00", "altitude_ft": 34672.0, "tas_kt": 450.3, "gs_kt": 450.3, "track_deg": 43.06722091187531, "phase": "descent", "waypoint": "", "sector": "D34", "event": ""}, "geometry": {"type": "Point", "coordinates": [96.7486653279225, 18.841505388171367, 10568.0256]}}, {"id": "251", "type": "Feature", "properties": {"flight_key": "RT1_20251223T0000Z", "callsign": "RT1", "aircraft_type": "B738", "adep": "VYYY", "ades": "VYMD", "dep_rwy": "", "arr_rwy": "", "sid": "", "star": "", "approach": "", "epoch_ts": "2025-12-23 00:20:05+00:00", "altitude_ft": 34545.2, "tas_kt": 450.5, "gs_kt": 450.5, "track_deg": 43.06722091187531, "phase": "descent", "waypoint": "", "sector": "D34", "event": ""}, "geometry": {"type": "Point", "coordinates": [96.75624147485277, 18.849312183380086, 10529.37696]}}, {"id": "252", "type": "Feature", "properties": {"flight_key": "RT1_20251223T0000Z", "callsign": "RT1", "aircraft_type": "B738", "adep": "VYYY", "ades": "VYMD", "dep_rwy": "", "arr_rwy": "", "sid": "", "star": "", "approach": "", "epoch_ts": "2025-12-23 00:20:10+00:00", "altitude_ft": 34418.4, "tas_kt": 450.8, "gs_kt": 450.8, "track_deg": 43.06722091187531, "phase": "descent", "waypoint": "", "sector": "Yangon CTA", "event": ""}, "geometry": {"type": "Point", "coordinates": [96.76381820457026, 18.857118708008965, 10490.72832]}}, {"id": "253", "type": "Feature", "properties": {"flight_key": "RT1_20251223T0000Z", "callsign": "RT1", "aircraft_type": "B738", "adep": "VYYY", "ades": "VYMD", "dep_rwy": "", "arr_rwy": "", "sid": "", "star": "", "approach": "", "epoch_ts": "2025-12-23 00:20:15+00:00", "altitude_ft": 34291.6, "tas_kt": 451.0, "gs_kt": 451.0, "track_deg": 43.06722091187531, "phase": "descent", "waypoint": "", "sector": "Yangon CTA", "event": ""}, "geometry": {"type": "Point", "coordinates": [96.771395517402, 18.86492496189842, 10452.07968]}}, {"id": "254", "type": "Feature", "properties": {"flight_key": "RT1_20251223T0000Z", "callsign": "RT1", "aircraft_type": "B738", "adep": "VYYY", "ades": "VYMD", "dep_rwy": "", "arr_rwy": "", "sid": "", "star": "", "approach": "", "epoch_ts": "2025-12-23 00:20:20+00:00", "altitude_ft": 34164.9, "tas_kt": 451.3, "gs_kt": 451.3, "track_deg": 43.06722091187531, "phase": "descent", "waypoint": "", "sector": "Yangon CTA", "event": ""}, "geometry": {"type": "Point", "coordinates": [96.77897341367512, 18.87273094488883, 10413.46152]}}, {"id": "255", "type": "Feature", "properties": {"flight_key": "RT1_20251223T0000Z", "callsign": "RT1", "aircraft_type": "B738", "adep": "VYYY", "ades": "VYMD", "dep_rwy": "", "arr_rwy": "", "sid": "", "star": "", "approach": "", "epoch_ts": "2025-12-23 00:20:25+00:00", "altitude_ft": 34038.1, "tas_kt": 451.6, "gs_kt": 451.6, "track_deg": 43.06722091187531, "phase": "descent", "waypoint": "", "sector": "Yangon CTA", "event": ""}, "geometry": {"type": "Point", "coordinates": [96.78655189371672, 18.880536656820517, 10374.81288]}}, {"id": "256", "type": "Feature", "properties": {"flight_key": "RT1_20251223T0000Z", "callsign": "RT1", "aircraft_type": "B738", "adep": "VYYY", "ades": "VYMD", "dep_rwy": "", "arr_rwy": "", "sid": "", "star": "", "approach": "", "epoch_ts": "2025-12-23 00:20:30+00:00", "altitude_ft": 33887.7, "tas_kt": 451.9, "gs_kt": 451.9, "track_deg": 43.06722091187531, "phase": "descent", "waypoint": "", "sector": "Yangon CTA", "event": ""}, "geometry": {"type": "Point", "coordinates": [96.79413095785404, 18.888342097533783, 10328.970959999999]}}, {"id": "257", "type": "Feature", "properties": {"flight_key": "RT1_20251223T0000Z", "callsign": "RT1", "aircraft_type": "B738", "adep": "VYYY", "ades": "VYMD", "dep_rwy": "", "arr_rwy": "", "sid": "", "star": "", "approach": "", "epoch_ts": "2025-12-23 00:20:35+00:00", "altitude_ft": 33727.3, "tas_kt": 452.2, "gs_kt": 452.2, "track_deg": 43.06722091187531, "phase": "descent", "waypoint": "", "sector": "Yangon CTA", "event": ""}, "geometry": {"type": "Point", "coordinates": [96.8017106064143, 18.896147266868887, 10280.081040000001]}}, {"id": "258", "type": "Feature", "properties": {"flight_key": "RT1_20251223T0000Z", "callsign": "RT1", "aircraft_type": "B738", "adep": "VYYY", "ades": "VYMD", "dep_rwy": "", "arr_rwy": "", "sid": "", "star": "", "approach": "", "epoch_ts": "2025-12-23 00:20:40+00:00", "altitude_ft": 33566.8, "tas_kt": 452.5, "gs_kt": 452.5, "track_deg": 43.06722091187531, "phase": "descent", "waypoint": "", "sector": "Yangon CTA", "event": ""}, "geometry": {"type": "Point", "coordinates": [96.80929083972482, 18.90395216466604, 10231.160640000002]}}, {"id": "259", "type": "Feature", "properties": {"flight_key": "RT1_20251223T0000Z", "callsign": "RT1", "aircraft_type": "B738", "adep": "VYYY", "ades": "VYMD", "dep_rwy": "", "arr_rwy": "", "sid": "", "star": "", "approach": "", "epoch_ts": "2025-12-23 00:20:45+00:00", "altitude_ft": 33406.3, "tas_kt": 452.8, "gs_kt": 452.8, "track_deg": 43.06722091187531, "phase": "descent", "waypoint": "", "sector": "Yangon CTA", "event": ""}, "geometry": {"type": "Point", "coordinates": [96.81687165811292, 18.911756790765438, 10182.240240000001]}}, {"id": "260", "type": "Feature", "properties": {"flight_key": "RT1_20251223T0000Z", "callsign": "RT1", "aircraft_type": "B738", "adep": "VYYY", "ades": "VYMD", "dep_rwy": "", "arr_rwy": "", "sid": "", "star": "", "approach": "", "epoch_ts": "2025-12-23 00:20:50+00:00", "altitude_ft": 33245.9, "tas_kt": 453.2, "gs_kt": 453.2, "track_deg": 43.06722091187531, "phase": "descent", "waypoint": "", "sector": "Yangon CTA", "event": ""}, "geometry": {"type": "Point", "coordinates": [96.82445306190601, 18.91956114500723, 10133.350320000001]}}, {"id": "261", "type": "Feature", "properties": {"flight_key": "RT1_20251223T0000Z", "callsign": "RT1", "aircraft_type": "B738", "adep": "VYYY", "ades": "VYMD", "dep_rwy": "", "arr_rwy": "", "sid": "", "star": "", "approach": "", "epoch_ts": "2025-12-23 00:20:55+00:00", "altitude_ft": 33085.4, "tas_kt": 453.5, "gs_kt": 453.5, "track_deg": 43.06722091187531, "phase": "descent", "waypoint": "", "sector": "Yangon CTA", "event": ""}, "geometry": {"type": "Point", "coordinates": [96.83203505143153, 18.92736522723152, 10084.42992]}}, {"id": "262", "type": "Feature", "properties": {"flight_key": "RT1_20251223T0000Z", "callsign": "RT1", "aircraft_type": "B738", "adep": "VYYY", "ades": "VYMD", "dep_rwy": "", "arr_rwy": "", "sid": "", "star": "", "approach": "", "epoch_ts": "2025-12-23 00:21:00+00:00", "altitude_ft": 32925.0, "tas_kt": 453.8, "gs_kt": 453.8, "track_deg": 43.06722091187531, "phase": "descent", "waypoint": "", "sector": "Yangon CTA", "event": ""}, "geometry": {"type": "Point", "coordinates": [96.83961762701698, 18.935169037278385, 10035.54]}}, {"id": "263", "type": "Feature", "properties": {"flight_key": "RT1_20251223T0000Z", "callsign": "RT1", "aircraft_type": "B738", "adep": "VYYY", "ades": "VYMD", "dep_rwy": "", "arr_rwy": "", "sid": "", "star": "", "approach": "", "epoch_ts": "2025-12-23 00:21:05+00:00", "altitude_ft": 32764.5, "tas_kt": 454.1, "gs_kt": 454.1, "track_deg": 43.06722091187531, "phase": "descent", "waypoint": "", "sector": "Yangon CTA", "event": ""}, "geometry": {"type": "Point", "coordinates": [96.84720078898988, 18.942972574987863, 9986.6196]}}, {"id": "264", "type": "Feature", "properties": {"flight_key": "RT1_20251223T0000Z", "callsign": "RT1", "aircraft_type": "B738", "adep": "VYYY", "ades": "VYMD", "dep_rwy": "", "arr_rwy": "", "sid": "", "star": "", "approach": "", "epoch_ts": "2025-12-23 00:21:10+00:00", "altitude_ft": 32604.0, "tas_kt": 454.5, "gs_kt": 454.5, "track_deg": 43.06722091187531, "phase": "descent", "waypoint": "", "sector": "Yangon CTA", "event": ""}, "geometry": {"type": "Point", "coordinates": [96.85478453767784, 18.95077584019994, 9937.699200000001]}}, {"id": "265", "type": "Feature", "properties": {"flight_key": "RT1_20251223T0000Z", "callsign": "RT1", "aircraft_type": "B738", "adep": "VYYY", "ades": "VYMD", "dep_rwy": "", "arr_rwy": "", "sid": "", "star": "", "approach": "", "epoch_ts": "2025-12-23 00:21:15+00:00", "altitude_ft": 32443.6, "tas_kt": 454.8, "gs_kt": 454.8, "track_deg": 43.06722091187531, "phase": "descent", "waypoint": "", "sector": "Yangon CTA", "event": ""}, "geometry": {"type": "Point", "coordinates": [96.8623688734085, 18.958578832754597, 9888.80928]}}, {"id": "266", "type": "Feature", "properties": {"flight_key": "RT1_20251223T0000Z", "callsign": "RT1", "aircraft_type": "B738", "adep": "VYYY", "ades": "VYMD", "dep_rwy": "", "arr_rwy": "", "sid": "", "star": "", "approach": "", "epoch_ts": "2025-12-23 00:21:20+00:00", "altitude_ft": 32283.1, "tas_kt": 455.1, "gs_kt": 455.1, "track_deg": 43.06722091187531, "phase": "descent", "waypoint": "", "sector": "Yangon CTA", "event": ""}, "geometry": {"type": "Point", "coordinates": [96.86995379650955, 18.966381552491747, 9839.88888]}}, {"id": "267", "type": "Feature", "properties": {"flight_key": "RT1_20251223T0000Z", "callsign": "RT1", "aircraft_type": "B738", "adep": "VYYY", "ades": "VYMD", "dep_rwy": "", "arr_rwy": "", "sid": "", "star": "", "approach": "", "epoch_ts": "2025-12-23 00:21:25+00:00", "altitude_ft": 32122.7, "tas_kt": 455.4, "gs_kt": 455.4, "track_deg": 43.06722091187531, "phase": "descent", "waypoint": "", "sector": "Yangon CTA", "event": ""}, "geometry": {"type": "Point", "coordinates": [96.87753930730872, 18.97418399925128, 9790.99896]}}, {"id": "268", "type": "Feature", "properties": {"flight_key": "RT1_20251223T0000Z", "callsign": "RT1", "aircraft_type": "B738", "adep": "VYYY", "ades": "VYMD", "dep_rwy": "", "arr_rwy": "", "sid": "", "star": "", "approach": "", "epoch_ts": "2025-12-23 00:21:30+00:00", "altitude_ft": 31958.2, "tas_kt": 455.8, "gs_kt": 455.8, "track_deg": 43.06722091187531, "phase": "descent", "waypoint": "", "sector": "Yangon CTA", "event": ""}, "geometry": {"type": "Point", "coordinates": [96.8851254061338, 18.981986172873043, 9740.85936]}}, {"id": "269", "type": "Feature", "properties": {"flight_key": "RT1_20251223T0000Z", "callsign": "RT1", "aircraft_type": "B738", "adep": "VYYY", "ades": "VYMD", "dep_rwy": "", "arr_rwy": "", "sid": "", "star": "", "approach": "", "epoch_ts": "2025-12-23 00:21:35+00:00", "altitude_ft": 31780.5, "tas_kt": 456.1, "gs_kt": 456.1, "track_deg": 43.06722091187531, "phase": "descent", "waypoint": "", "sector": "Yangon CTA", "event": ""}, "geometry": {"type": "Point", "coordinates": [96.89271209331262, 18.98978807319685, 9686.6964]}}, {"id": "270", "type": "Feature", "properties": {"flight_key": "RT1_20251223T0000Z", "callsign": "RT1", "aircraft_type": "B738", "adep": "VYYY", "ades": "VYMD", "dep_rwy": "", "arr_rwy": "", "sid": "", "star": "", "approach": "", "epoch_ts": "2025-12-23 00:21:40+00:00", "altitude_ft": 31602.8, "tas_kt": 456.5, "gs_kt": 456.5, "track_deg": 43.06722091187531, "phase": "descent", "waypoint": "", "sector": "Yangon CTA", "event": ""}, "geometry": {"type": "Point", "coordinates": [96.90029936917308, 18.99758970006248, 9632.533440000001]}}, {"id": "271", "type": "Feature", "properties": {"flight_key": "RT1_20251223T0000Z", "callsign": "RT1", "aircraft_type": "B738", "adep": "VYYY", "ades": "VYMD", "dep_rwy": "", "arr_rwy": "", "sid": "", "star": "", "approach": "", "epoch_ts": "2025-12-23 00:21:45+00:00", "altitude_ft": 31425.2, "tas_kt": 456.8, "gs_kt": 456.8, "track_deg": 43.06722091187531, "phase": "descent", "waypoint": "", "sector": "Yangon CTA", "event": ""}, "geometry": {"type": "Point", "coordinates": [96.90788723404312, 19.005391053309662, 9578.40096]}}, {"id": "272", "type": "Feature", "properties": {"flight_key": "RT1_20251223T0000Z", "callsign": "RT1", "aircraft_type": "B738", "adep": "VYYY", "ades": "VYMD", "dep_rwy": "", "arr_rwy": "", "sid": "", "star": "", "approach": "", "epoch_ts": "2025-12-23 00:21:50+00:00", "altitude_ft": 31247.5, "tas_kt": 457.2, "gs_kt": 457.2, "track_deg": 43.06722091187531, "phase": "descent", "waypoint": "", "sector": "Yangon CTA", "event": ""}, "geometry": {"type": "Point", "coordinates": [96.91547568825071, 19.01319213277811, 9524.238000000001]}}, {"id": "273", "type": "Feature", "properties": {"flight_key": "RT1_20251223T0000Z", "callsign": "RT1", "aircraft_type": "B738", "adep": "VYYY", "ades": "VYMD", "dep_rwy": "", "arr_rwy": "", "sid": "", "star": "", "approach": "", "epoch_ts": "2025-12-23 00:21:55+00:00", "altitude_ft": 31069.8, "tas_kt": 457.5, "gs_kt": 457.5, "track_deg": 43.06722091187531, "phase": "descent", "waypoint": "", "sector": "Yangon CTA", "event": ""}, "geometry": {"type": "Point", "coordinates": [96.92306473212389, 19.020992938307476, 9470.07504]}}, {"id": "274", "type": "Feature", "properties": {"flight_key": "RT1_20251223T0000Z", "callsign": "RT1", "aircraft_type": "B738", "adep": "VYYY", "ades": "VYMD", "dep_rwy": "", "arr_rwy": "", "sid": "", "star": "", "approach": "", "epoch_ts": "2025-12-23 00:22:00+00:00", "altitude_ft": 30892.2, "tas_kt": 457.9, "gs_kt": 457.9, "track_deg": 43.06722091187531, "phase": "descent", "waypoint": "", "sector": "Yangon CTA", "event": ""}, "geometry": {"type": "Point", "coordinates": [96.93065436599075, 19.028793469737387, 9415.942560000001]}}, {"id": "275", "type": "Feature", "properties": {"flight_key": "RT1_20251223T0000Z", "callsign": "RT1", "aircraft_type": "B738", "adep": "VYYY", "ades": "VYMD", "dep_rwy": "", "arr_rwy": "", "sid": "", "star": "", "approach": "", "epoch_ts": "2025-12-23 00:22:05+00:00", "altitude_ft": 30714.5, "tas_kt": 458.2, "gs_kt": 458.2, "track_deg": 43.06722091187531, "phase": "descent", "waypoint": "", "sector": "Yangon CTA", "event": ""}, "geometry": {"type": "Point", "coordinates": [96.93824459017942, 19.03659372690744, 9361.7796]}}, {"id": "276", "type": "Feature", "properties": {"flight_key": "RT1_20251223T0000Z", "callsign": "RT1", "aircraft_type": "B738", "adep": "VYYY", "ades": "VYMD", "dep_rwy": "", "arr_rwy": "", "sid": "", "star": "", "approach": "", "epoch_ts": "2025-12-23 00:22:10+00:00", "altitude_ft": 30536.8, "tas_kt": 458.6, "gs_kt": 458.6, "track_deg": 43.06722091187531, "phase": "descent", "waypoint": "", "sector": "Yangon CTA", "event": ""}, "geometry": {"type": "Point", "coordinates": [96.94583540501807, 19.044393709657164, 9307.61664]}}, {"id": "277", "type": "Feature", "properties": {"flight_key": "RT1_20251223T0000Z", "callsign": "RT1", "aircraft_type": "B738", "adep": "VYYY", "ades": "VYMD", "dep_rwy": "", "arr_rwy": "", "sid": "", "star": "", "approach": "", "epoch_ts": "2025-12-23 00:22:15+00:00", "altitude_ft": 30359.2, "tas_kt": 459.0, "gs_kt": 459.0, "track_deg": 43.06722091187531, "phase": "descent", "waypoint": "", "sector": "Yangon CTA", "event": ""}, "geometry": {"type": "Point", "coordinates": [96.95342681083497, 19.052193417826103, 9253.48416]}}, {"id": "278", "type": "Feature", "properties": {"flight_key": "RT1_20251223T0000Z", "callsign": "RT1", "aircraft_type": "B738", "adep": "VYYY", "ades": "VYMD", "dep_rwy": "", "arr_rwy": "", "sid": "", "star": "", "approach": "", "epoch_ts": "2025-12-23 00:22:20+00:00", "altitude_ft": 30181.5, "tas_kt": 459.3, "gs_kt": 459.3, "track_deg": 43.06722091187531, "phase": "descent", "waypoint": "", "sector": "Yangon CTA", "event": ""}, "geometry": {"type": "Point", "coordinates": [96.96101880795835, 19.059992851253703, 9199.3212]}}, {"id": "279", "type": "Feature", "properties": {"flight_key": "RT1_20251223T0000Z", "callsign": "RT1", "aircraft_type": "B738", "adep": "VYYY", "ades": "VYMD", "dep_rwy": "", "arr_rwy": "", "sid": "", "star": "", "approach": "", "epoch_ts": "2025-12-23 00:22:25+00:00", "altitude_ft": 30003.8, "tas_kt": 459.7, "gs_kt": 459.7, "track_deg": 43.06722091187531, "phase": "descent", "waypoint": "", "sector": "Yangon CTA", "event": ""}, "geometry": {"type": "Point", "coordinates": [96.96861139671658, 19.06779200977942, 9145.15824]}}, {"id": "280", "type": "Feature", "properties": {"flight_key": "RT1_20251223T0000Z", "callsign": "RT1", "aircraft_type": "B738", "adep": "VYYY", "ades": "VYMD", "dep_rwy": "", "arr_rwy": "", "sid": "", "star": "", "approach": "", "epoch_ts": "2025-12-23 00:22:30+00:00", "altitude_ft": 29822.3, "tas_kt": 460.0, "gs_kt": 460.0, "track_deg": 43.06722091187531, "phase": "descent", "waypoint": "", "sector": "Yangon CTA", "event": ""}, "geometry": {"type": "Point", "coordinates": [96.97620457743804, 19.075590893242648, 9089.83704]}}, {"id": "281", "type": "Feature", "properties": {"flight_key": "RT1_20251223T0000Z", "callsign": "RT1", "aircraft_type": "B738", "adep": "VYYY", "ades": "VYMD", "dep_rwy": "", "arr_rwy": "", "sid": "", "star": "", "approach": "", "epoch_ts": "2025-12-23 00:22:35+00:00", "altitude_ft": 29640.7, "tas_kt": 460.4, "gs_kt": 460.4, "track_deg": 43.06722091187531, "phase": "descent", "waypoint": "", "sector": "Yangon CTA", "event": ""}, "geometry": {"type": "Point", "coordinates": [96.98379835045114, 19.08338950148275, 9034.48536]}}, {"id": "282", "type": "Feature", "properties": {"flight_key": "RT1_20251223T0000Z", "callsign": "RT1", "aircraft_type": "B738", "adep": "VYYY", "ades": "VYMD", "dep_rwy": "", "arr_rwy": "", "sid": "", "star": "", "approach": "", "epoch_ts": "2025-12-23 00:22:40+00:00", "altitude_ft": 29459.2, "tas_kt": 460.7, "gs_kt": 460.7, "track_deg": 43.06722091187531, "phase": "descent", "waypoint": "", "sector": "Yangon CTA", "event": ""}, "geometry": {"type": "Point", "coordinates": [96.99139271608436, 19.091187834339056, 8979.16416]}}, {"id": "283", "type": "Feature", "properties": {"flight_key": "RT1_20251223T0000Z", "callsign": "RT1", "aircraft_type": "B738", "adep": "VYYY", "ades": "VYMD", "dep_rwy": "", "arr_rwy": "", "sid": "", "star": "", "approach": "", "epoch_ts": "2025-12-23 00:22:45+00:00", "altitude_ft": 29277.6, "tas_kt": 461.1, "gs_kt": 461.1, "track_deg": 43.06722091187531, "phase": "descent", "waypoint": "", "sector": "Yangon CTA", "event": ""}, "geometry": {"type": "Point", "coordinates": [96.99705154871315, 19.0969980752697, 8923.81248]}}, {"id": "284", "type": "Feature", "properties": {"flight_key": "RT1_20251223T0000Z", "callsign": "RT1", "aircraft_type": "B738", "adep": "VYYY", "ades": "VYMD", "dep_rwy": "", "arr_rwy": "", "sid": "", "star": "", "approach": "", "epoch_ts": "2025-12-23 00:22:50+00:00", "altitude_ft": 29096.0, "tas_kt": 461.5, "gs_kt": 461.5, "track_deg": 43.06722091187531, "phase": "descent", "waypoint": "", "sector": "Yangon CTA", "event": ""}, "geometry": {"type": "Point", "coordinates": [97.00245876131757, 19.102549504961445, 8868.4608]}}, {"id": "285", "type": "Feature", "properties": {"flight_key": "RT1_20251223T0000Z", "callsign": "RT1", "aircraft_type": "B738", "adep": "VYYY", "ades": "VYMD", "dep_rwy": "", "arr_rwy": "", "sid": "", "star": "", "approach": "", "epoch_ts": "2025-12-23 00:22:55+00:00", "altitude_ft": 28914.4, "tas_kt": 461.8, "gs_kt": 461.8, "track_deg": 43.06722091187531, "phase": "descent", "waypoint": "", "sector": "Yangon CTA", "event": ""}, "geometry": {"type": "Point", "coordinates": [97.00786627468395, 19.108100794882507, 8813.109120000001]}}, {"id": "286", "type": "Feature", "properties": {"flight_key": "RT1_20251223T0000Z", "callsign": "RT1", "aircraft_type": "B738", "adep": "VYYY", "ades": "VYMD", "dep_rwy": "", "arr_rwy": "", "sid": "", "star": "", "approach": "", "epoch_ts": "2025-12-23 00:23:00+00:00", "altitude_ft": 28732.8, "tas_kt": 462.2, "gs_kt": 462.2, "track_deg": 43.06722091187531, "phase": "descent", "waypoint": "", "sector": "Yangon CTA", "event": ""}, "geometry": {"type": "Point", "coordinates": [97.01327408893086, 19.113651944974873, 8757.75744]}}, {"id": "287", "type": "Feature", "properties": {"flight_key": "RT1_20251223T0000Z", "callsign": "RT1", "aircraft_type": "B738", "adep": "VYYY", "ades": "VYMD", "dep_rwy": "", "arr_rwy": "", "sid": "", "star": "", "approach": "", "epoch_ts": "2025-12-23 00:23:05+00:00", "altitude_ft": 28551.2, "tas_kt": 462.5, "gs_kt": 462.5, "track_deg": 43.06722091187531, "phase": "descent", "waypoint": "", "sector": "Yangon CTA", "event": ""}, "geometry": {"type": "Point", "coordinates": [97.01868220417691, 19.119202955180512, 8702.405760000001]}}, {"id": "288", "type": "Feature", "properties": {"flight_key": "RT1_20251223T0000Z", "callsign": "RT1", "aircraft_type": "B738", "adep": "VYYY", "ades": "VYMD", "dep_rwy": "", "arr_rwy": "", "sid": "", "star": "", "approach": "", "epoch_ts": "2025-12-23 00:23:10+00:00", "altitude_ft": 28369.7, "tas_kt": 462.9, "gs_kt": 462.9, "track_deg": 43.06722091187531, "phase": "descent", "waypoint": "", "sector": "Yangon CTA", "event": ""}, "geometry": {"type": "Point", "coordinates": [97.02409062054068, 19.12475382544138, 8647.084560000001]}}, {"id": "289", "type": "Feature", "properties": {"flight_key": "RT1_20251223T0000Z", "callsign": "RT1", "aircraft_type": "B738", "adep": "VYYY", "ades": "VYMD", "dep_rwy": "", "arr_rwy": "", "sid": "", "star": "", "approach": "", "epoch_ts": "2025-12-23 00:23:15+00:00", "altitude_ft": 28188.1, "tas_kt": 463.3, "gs_kt": 463.3, "track_deg": 43.06722091187531, "phase": "descent", "waypoint": "", "sector": "Yangon CTA", "event": ""}, "geometry": {"type": "Point", "coordinates": [97.02949933814081, 19.130304555699446, 8591.73288]}}, {"id": "290", "type": "Feature", "properties": {"flight_key": "RT1_20251223T0000Z", "callsign": "RT1", "aircraft_type": "B738", "adep": "VYYY", "ades": "VYMD", "dep_rwy": "", "arr_rwy": "", "sid": "", "star": "", "approach": "", "epoch_ts": "2025-12-23 00:23:20+00:00", "altitude_ft": 28006.5, "tas_kt": 463.6, "gs_kt": 463.6, "track_deg": 43.06722091187531, "phase": "descent", "waypoint": "", "sector": "Yangon CTA", "event": ""}, "geometry": {"type": "Point", "coordinates": [97.03490835709592, 19.135855145896638, 8536.3812]}}, {"id": "291", "type": "Feature", "properties": {"flight_key": "RT1_20251223T0000Z", "callsign": "RT1", "aircraft_type": "B738", "adep": "VYYY", "ades": "VYMD", "dep_rwy": "", "arr_rwy": "", "sid": "", "star": "", "approach": "", "epoch_ts": "2025-12-23 00:23:25+00:00", "altitude_ft": 27825.6, "tas_kt": 436.7, "gs_kt": 436.7, "track_deg": 43.06722091187531, "phase": "descent", "waypoint": "", "sector": "Yangon CTA", "event": ""}, "geometry": {"type": "Point", "coordinates": [97.04031767752465, 19.14140559597489, 8481.24288]}}, {"id": "292", "type": "Feature", "properties": {"flight_key": "RT1_20251223T0000Z", "callsign": "RT1", "aircraft_type": "B738", "adep": "VYYY", "ades": "VYMD", "dep_rwy": "", "arr_rwy": "", "sid": "", "star": "", "approach": "", "epoch_ts": "2025-12-23 00:23:30+00:00", "altitude_ft": 27644.6, "tas_kt": 435.5, "gs_kt": 435.5, "track_deg": 43.06722091187531, "phase": "descent", "waypoint": "", "sector": "Yangon CTA", "event": ""}, "geometry": {"type": "Point", "coordinates": [97.04572729954566, 19.14695590587613, 8426.07408]}}, {"id": "293", "type": "Feature", "properties": {"flight_key": "RT1_20251223T0000Z", "callsign": "RT1", "aircraft_type": "B738", "adep": "VYYY", "ades": "VYMD", "dep_rwy": "", "arr_rwy": "", "sid": "", "star": "", "approach": "", "epoch_ts": "2025-12-23 00:23:35+00:00", "altitude_ft": 27463.7, "tas_kt": 434.2, "gs_kt": 434.2, "track_deg": 43.06722091187531, "phase": "descent", "waypoint": "", "sector": "Yangon CTA", "event": ""}, "geometry": {"type": "Point", "coordinates": [97.05113722327762, 19.15250607554227, 8370.93576]}}, {"id": "294", "type": "Feature", "properties": {"flight_key": "RT1_20251223T0000Z", "callsign": "RT1", "aircraft_type": "B738", "adep": "VYYY", "ades": "VYMD", "dep_rwy": "", "arr_rwy": "", "sid": "", "star": "", "approach": "", "epoch_ts": "2025-12-23 00:23:40+00:00", "altitude_ft": 27282.8, "tas_kt": 433.0, "gs_kt": 433.0, "track_deg": 43.06722091187531, "phase": "descent", "waypoint": "", "sector": "Yangon CTA", "event": ""}, "geometry": {"type": "Point", "coordinates": [97.05654744883921, 19.158056104915207, 8315.79744]}}, {"id": "295", "type": "Feature", "properties": {"flight_key": "RT1_20251223T0000Z", "callsign": "RT1", "aircraft_type": "B738", "adep": "VYYY", "ades": "VYMD", "dep_rwy": "", "arr_rwy": "", "sid": "", "star": "", "approach": "", "epoch_ts": "2025-12-23 00:23:45+00:00", "altitude_ft": 27101.9, "tas_kt": 431.8, "gs_kt": 431.8, "track_deg": 43.06722091187531, "phase": "descent", "waypoint": "", "sector": "Yangon CTA", "event": ""}, "geometry": {"type": "Point", "coordinates": [97.06195797634913, 19.16360599393685, 8260.65912]}}, {"id": "296", "type": "Feature", "properties": {"flight_key": "RT1_20251223T0000Z", "callsign": "RT1", "aircraft_type": "B738", "adep": "VYYY", "ades": "VYMD", "dep_rwy": "", "arr_rwy": "", "sid": "", "star": "", "approach": "", "epoch_ts": "2025-12-23 00:23:50+00:00", "altitude_ft": 26921.0, "tas_kt": 430.6, "gs_kt": 430.6, "track_deg": 43.06722091187531, "phase": "descent", "waypoint": "", "sector": "Yangon CTA", "event": ""}, "geometry": {"type": "Point", "coordinates": [97.06736880592608, 19.16915574254907, 8205.5208]}}, {"id": "297", "type": "Feature", "properties": {"flight_key": "RT1_20251223T0000Z", "callsign": "RT1", "aircraft_type": "B738", "adep": "VYYY", "ades": "VYMD", "dep_rwy": "", "arr_rwy": "", "sid": "", "star": "", "approach": "", "epoch_ts": "2025-12-23 00:23:55+00:00", "altitude_ft": 26740.1, "tas_kt": 429.4, "gs_kt": 429.4, "track_deg": 43.06722091187531, "phase": "descent", "waypoint": "", "sector": "Yangon CTA", "event": ""}, "geometry": {"type": "Point", "coordinates": [97.07277993768878, 19.174705350693745, 8150.38248]}}, {"id": "298", "type": "Feature", "properties": {"flight_key": "RT1_20251223T0000Z", "callsign": "RT1", "aircraft_type": "B738", "adep": "VYYY", "ades": "VYMD", "dep_rwy": "", "arr_rwy": "", "sid": "", "star": "", "approach": "", "epoch_ts": "2025-12-23 00:24:00+00:00", "altitude_ft": 26559.1, "tas_kt": 428.2, "gs_kt": 428.2, "track_deg": 43.06722091187531, "phase": "descent", "waypoint": "", "sector": "Yangon CTA", "event": ""}, "geometry": {"type": "Point", "coordinates": [97.07819137175596, 19.180254818312736, 8095.21368]}}, {"id": "299", "type": "Feature", "properties": {"flight_key": "RT1_20251223T0000Z", "callsign": "RT1", "aircraft_type": "B738", "adep": "VYYY", "ades": "VYMD", "dep_rwy": "", "arr_rwy": "", "sid": "", "star": "", "approach": "", "epoch_ts": "2025-12-23 00:24:05+00:00", "altitude_ft": 26378.2, "tas_kt": 427.0, "gs_kt": 427.0, "track_deg": 43.06722091187531, "phase": "descent", "waypoint": "", "sector": "Yangon CTA", "event": ""}, "geometry": {"type": "Point", "coordinates": [97.08360310824638, 19.185804145347912, 8040.075360000001]}}, {"id": "300", "type": "Feature", "properties": {"flight_key": "RT1_20251223T0000Z", "callsign": "RT1", "aircraft_type": "B738", "adep": "VYYY", "ades": "VYMD", "dep_rwy": "", "arr_rwy": "", "sid": "", "star": "", "approach": "", "epoch_ts": "2025-12-23 00:24:10+00:00", "altitude_ft": 26197.3, "tas_kt": 425.8, "gs_kt": 425.8, "track_deg": 43.06722091187531, "phase": "descent", "waypoint": "", "sector": "Yangon CTA", "event": ""}, "geometry": {"type": "Point", "coordinates": [97.08901514727877, 19.191353331741098, 7984.93704]}}, {"id": "301", "type": "Feature", "properties": {"flight_key": "RT1_20251223T0000Z", "callsign": "RT1", "aircraft_type": "B738", "adep": "VYYY", "ades": "VYMD", "dep_rwy": "", "arr_rwy": "", "sid": "", "star": "", "approach": "", "epoch_ts": "2025-12-23 00:24:15+00:00", "altitude_ft": 26016.4, "tas_kt": 424.6, "gs_kt": 424.6, "track_deg": 43.06722091187531, "phase": "descent", "waypoint": "", "sector": "Yangon CTA", "event": ""}, "geometry": {"type": "Point", "coordinates": [97.09442748897193, 19.196902377434142, 7929.798720000001]}}, {"id": "302", "type": "Feature", "properties": {"flight_key": "RT1_20251223T0000Z", "callsign": "RT1", "aircraft_type": "B738", "adep": "VYYY", "ades": "VYMD", "dep_rwy": "", "arr_rwy": "", "sid": "", "star": "", "approach": "", "epoch_ts": "2025-12-23 00:24:20+00:00", "altitude_ft": 25837.6, "tas_kt": 423.5, "gs_kt": 423.5, "track_deg": 43.06722091187531, "phase": "descent", "waypoint": "", "sector": "Yangon CTA", "event": ""}, "geometry": {"type": "Point", "coordinates": [97.09984013344463, 19.20245128236887, 7875.30048]}}, {"id": "303", "type": "Feature", "properties": {"flight_key": "RT1_20251223T0000Z", "callsign": "RT1", "aircraft_type": "B738", "adep": "VYYY", "ades": "VYMD", "dep_rwy": "", "arr_rwy": "", "sid": "", "star": "", "approach": "", "epoch_ts": "2025-12-23 00:24:25+00:00", "altitude_ft": 25658.9, "tas_kt": 422.3, "gs_kt": 422.3, "track_deg": 43.06722091187531, "phase": "descent", "waypoint": "", "sector": "Yangon CTA", "event": ""}, "geometry": {"type": "Point", "coordinates": [97.10525308081567, 19.208000046487093, 7820.832720000001]}}, {"id": "304", "type": "Feature", "properties": {"flight_key": "RT1_20251223T0000Z", "callsign": "RT1", "aircraft_type": "B738", "adep": "VYYY", "ades": "VYMD", "dep_rwy": "", "arr_rwy": "", "sid": "", "star": "", "approach": "", "epoch_ts": "2025-12-23 00:24:30+00:00", "altitude_ft": 25480.3, "tas_kt": 421.1, "gs_kt": 421.1, "track_deg": 43.06722091187531, "phase": "descent", "waypoint": "", "sector": "Yangon CTA", "event": ""}, "geometry": {"type": "Point", "coordinates": [97.11066633120384, 19.21354866973062, 7766.39544]}}, {"id": "305", "type": "Feature", "properties": {"flight_key": "RT1_20251223T0000Z", "callsign": "RT1", "aircraft_type": "B738", "adep": "VYYY", "ades": "VYMD", "dep_rwy": "", "arr_rwy": "", "sid": "", "star": "", "approach": "", "epoch_ts": "2025-12-23 00:24:35+00:00", "altitude_ft": 25301.7, "tas_kt": 420.0, "gs_kt": 420.0, "track_deg": 43.06722091187531, "phase": "descent", "waypoint": "", "sector": "Yangon CTA", "event": ""}, "geometry": {"type": "Point", "coordinates": [97.116079884728, 19.219097152041247, 7711.958160000001]}}, {"id": "306", "type": "Feature", "properties": {"flight_key": "RT1_20251223T0000Z", "callsign": "RT1", "aircraft_type": "B738", "adep": "VYYY", "ades": "VYMD", "dep_rwy": "", "arr_rwy": "", "sid": "", "star": "", "approach": "", "epoch_ts": "2025-12-23 00:24:40+00:00", "altitude_ft": 25123.1, "tas_kt": 418.8, "gs_kt": 418.8, "track_deg": 43.06722091187531, "phase": "descent", "waypoint": "", "sector": "Yangon CTA", "event": ""}, "geometry": {"type": "Point", "coordinates": [97.12149374150695, 19.224645493360764, 7657.52088]}}, {"id": "307", "type": "Feature", "properties": {"flight_key": "RT1_20251223T0000Z", "callsign": "RT1", "aircraft_type": "B738", "adep": "VYYY", "ades": "VYMD", "dep_rwy": "", "arr_rwy": "", "sid": "", "star": "", "approach": "", "epoch_ts": "2025-12-23 00:24:45+00:00", "altitude_ft": 24944.4, "tas_kt": 417.7, "gs_kt": 417.7, "track_deg": 43.06722091187531, "phase": "descent", "waypoint": "", "sector": "Yangon CTA", "event": ""}, "geometry": {"type": "Point", "coordinates": [97.12690790165956, 19.23019369363094, 7603.0531200000005]}}, {"id": "308", "type": "Feature", "properties": {"flight_key": "RT1_20251223T0000Z", "callsign": "RT1", "aircraft_type": "B738", "adep": "VYYY", "ades": "VYMD", "dep_rwy": "", "arr_rwy": "", "sid": "", "star": "", "approach": "", "epoch_ts": "2025-12-23 00:24:50+00:00", "altitude_ft": 24765.8, "tas_kt": 416.5, "gs_kt": 416.5, "track_deg": 43.06722091187531, "phase": "descent", "waypoint": "", "sector": "Yangon CTA", "event": ""}, "geometry": {"type": "Point", "coordinates": [97.13232236530467, 19.235741752793547, 7548.61584]}}, {"id": "309", "type": "Feature", "properties": {"flight_key": "RT1_20251223T0000Z", "callsign": "RT1", "aircraft_type": "B738", "adep": "VYYY", "ades": "VYMD", "dep_rwy": "", "arr_rwy": "", "sid": "", "star": "", "approach": "", "epoch_ts": "2025-12-23 00:24:55+00:00", "altitude_ft": 24587.2, "tas_kt": 415.4, "gs_kt": 415.4, "track_deg": 43.06722091187531, "phase": "descent", "waypoint": "", "sector": "Yangon CTA", "event": ""}, "geometry": {"type": "Point", "coordinates": [97.13773713256118, 19.241289670790348, 7494.17856]}}, {"id": "310", "type": "Feature", "properties": {"flight_key": "RT1_20251223T0000Z", "callsign": "RT1", "aircraft_type": "B738", "adep": "VYYY", "ades": "VYMD", "dep_rwy": "", "arr_rwy": "", "sid": "", "star": "", "approach": "", "epoch_ts": "2025-12-23 00:25:00+00:00", "altitude_ft": 24408.6, "tas_kt": 414.3, "gs_kt": 414.3, "track_deg": 43.06722091187531, "phase": "descent", "waypoint": "", "sector": "Yangon FIR", "event": ""}, "geometry": {"type": "Point", "coordinates": [97.14315220354797, 19.246837447563074, 7439.74128]}}, {"id": "311", "type": "Feature", "properties": {"flight_key": "RT1_20251223T0000Z", "callsign": "RT1", "aircraft_type": "B738", "adep": "VYYY", "ades": "VYMD", "dep_rwy": "", "arr_rwy": "", "sid": "", "star": "", "approach": "", "epoch_ts": "2025-12-23 00:25:05+00:00", "altitude_ft": 24229.9, "tas_kt": 413.1, "gs_kt": 413.1, "track_deg": 43.06722091187531, "phase": "descent", "waypoint": "", "sector": "Yangon FIR", "event": ""}, "geometry": {"type": "Point", "coordinates": [97.14856757838392, 19.252385083053483, 7385.273520000001]}}, {"id": "312", "type": "Feature", "properties": {"flight_key": "RT1_20251223T0000Z", "callsign": "RT1", "aircraft_type": "B738", "adep": "VYYY", "ades": "VYMD", "dep_rwy": "", "arr_rwy": "", "sid": "", "star": "", "approach": "", "epoch_ts": "2025-12-23 00:25:10+00:00", "altitude_ft": 24051.3, "tas_kt": 412.0, "gs_kt": 412.0, "track_deg": 43.06722091187531, "phase": "descent", "waypoint": "", "sector": "Yangon FIR", "event": ""}, "geometry": {"type": "Point", "coordinates": [97.15398325718795, 19.257932577203285, 7330.8362400000005]}}, {"id": "313", "type": "Feature", "properties": {"flight_key": "RT1_20251223T0000Z", "callsign": "RT1", "aircraft_type": "B738", "adep": "VYYY", "ades": "VYMD", "dep_rwy": "", "arr_rwy": "", "sid": "", "star": "", "approach": "", "epoch_ts": "2025-12-23 00:25:15+00:00", "altitude_ft": 23875.0, "tas_kt": 410.9, "gs_kt": 410.9, "track_deg": 43.06722091187531, "phase": "descent", "waypoint": "", "sector": "Yangon FIR", "event": ""}, "geometry": {"type": "Point", "coordinates": [97.15939924007898, 19.263479929954208, 7277.1]}}, {"id": "314", "type": "Feature", "properties": {"flight_key": "RT1_20251223T0000Z", "callsign": "RT1", "aircraft_type": "B738", "adep": "VYYY", "ades": "VYMD", "dep_rwy": "", "arr_rwy": "", "sid": "", "star": "", "approach": "", "epoch_ts": "2025-12-23 00:25:20+00:00", "altitude_ft": 23699.6, "tas_kt": 409.8, "gs_kt": 409.8, "track_deg": 43.06722091187531, "phase": "descent", "waypoint": "", "sector": "Yangon FIR", "event": ""}, "geometry": {"type": "Point", "coordinates": [97.16481552717596, 19.269027141247964, 7223.63808]}}, {"id": "315", "type": "Feature", "properties": {"flight_key": "RT1_20251223T0000Z", "callsign": "RT1", "aircraft_type": "B738", "adep": "VYYY", "ades": "VYMD", "dep_rwy": "", "arr_rwy": "", "sid": "", "star": "", "approach": "", "epoch_ts": "2025-12-23 00:25:25+00:00", "altitude_ft": 23524.2, "tas_kt": 408.7, "gs_kt": 408.7, "track_deg": 43.06722091187531, "phase": "descent", "waypoint": "", "sector": "Yangon FIR", "event": ""}, "geometry": {"type": "Point", "coordinates": [97.17023211859784, 19.27457421102624, 7170.176160000001]}}, {"id": "316", "type": "Feature", "properties": {"flight_key": "RT1_20251223T0000Z", "callsign": "RT1", "aircraft_type": "B738", "adep": "VYYY", "ades": "VYMD", "dep_rwy": "", "arr_rwy": "", "sid": "", "star": "", "approach": "", "epoch_ts": "2025-12-23 00:25:30+00:00", "altitude_ft": 23348.9, "tas_kt": 407.6, "gs_kt": 407.6, "track_deg": 43.06722091187531, "phase": "descent", "waypoint": "", "sector": "Yangon FIR", "event": ""}, "geometry": {"type": "Point", "coordinates": [97.17564901446357, 19.28012113923073, 7116.744720000001]}}, {"id": "317", "type": "Feature", "properties": {"flight_key": "RT1_20251223T0000Z", "callsign": "RT1", "aircraft_type": "B738", "adep": "VYYY", "ades": "VYMD", "dep_rwy": "", "arr_rwy": "", "sid": "", "star": "", "approach": "", "epoch_ts": "2025-12-23 00:25:35+00:00", "altitude_ft": 23173.5, "tas_kt": 406.5, "gs_kt": 406.5, "track_deg": 43.06722091187531, "phase": "descent", "waypoint": "", "sector": "Yangon FIR", "event": ""}, "geometry": {"type": "Point", "coordinates": [97.18106621489214, 19.285667925803118, 7063.2828]}}, {"id": "318", "type": "Feature", "properties": {"flight_key": "RT1_20251223T0000Z", "callsign": "RT1", "aircraft_type": "B738", "adep": "VYYY", "ades": "VYMD", "dep_rwy": "", "arr_rwy": "", "sid": "", "star": "", "approach": "", "epoch_ts": "2025-12-23 00:25:40+00:00", "altitude_ft": 22998.1, "tas_kt": 405.4, "gs_kt": 405.4, "track_deg": 43.06722091187531, "phase": "descent", "waypoint": "", "sector": "Yangon FIR", "event": ""}, "geometry": {"type": "Point", "coordinates": [97.18648372000253, 19.291214570685064, 7009.82088]}}, {"id": "319", "type": "Feature", "properties": {"flight_key": "RT1_20251223T0000Z", "callsign": "RT1", "aircraft_type": "B738", "adep": "VYYY", "ades": "VYMD", "dep_rwy": "", "arr_rwy": "", "sid": "", "star": "", "approach": "", "epoch_ts": "2025-12-23 00:25:45+00:00", "altitude_ft": 22822.7, "tas_kt": 404.3, "gs_kt": 404.3, "track_deg": 43.06722091187531, "phase": "descent", "waypoint": "", "sector": "Yangon FIR", "event": ""}, "geometry": {"type": "Point", "coordinates": [97.19190152991375, 19.29676107381824, 6956.3589600000005]}}, {"id": "320", "type": "Feature", "properties": {"flight_key": "RT1_20251223T0000Z", "callsign": "RT1", "aircraft_type": "B738", "adep": "VYYY", "ades": "VYMD", "dep_rwy": "", "arr_rwy": "", "sid": "", "star": "", "approach": "", "epoch_ts": "2025-12-23 00:25:50+00:00", "altitude_ft": 22647.4, "tas_kt": 403.3, "gs_kt": 403.3, "track_deg": 43.06722091187531, "phase": "descent", "waypoint": "", "sector": "Yangon FIR", "event": ""}, "geometry": {"type": "Point", "coordinates": [97.1973196447448, 19.302307435144282, 6902.927520000001]}}, {"id": "321", "type": "Feature", "properties": {"flight_key": "RT1_20251223T0000Z", "callsign": "RT1", "aircraft_type": "B738", "adep": "VYYY", "ades": "VYMD", "dep_rwy": "", "arr_rwy": "", "sid": "", "star": "", "approach": "", "epoch_ts": "2025-12-23 00:25:55+00:00", "altitude_ft": 22472.0, "tas_kt": 402.2, "gs_kt": 402.2, "track_deg": 43.06722091187531, "phase": "descent", "waypoint": "", "sector": "Yangon FIR", "event": ""}, "geometry": {"type": "Point", "coordinates": [97.20273806461472, 19.307853654604834, 6849.4656]}}, {"id": "322", "type": "Feature", "properties": {"flight_key": "RT1_20251223T0000Z", "callsign": "RT1", "aircraft_type": "B738", "adep": "VYYY", "ades": "VYMD", "dep_rwy": "", "arr_rwy": "", "sid": "", "star": "", "approach": "", "epoch_ts": "2025-12-23 00:26:00+00:00", "altitude_ft": 22296.6, "tas_kt": 401.1, "gs_kt": 401.1, "track_deg": 43.06722091187531, "phase": "descent", "waypoint": "", "sector": "Yangon FIR", "event": ""}, "geometry": {"type": "Point", "coordinates": [97.20815678964254, 19.313399732141526, 6796.00368]}}, {"id": "323", "type": "Feature", "properties": {"flight_key": "RT1_20251223T0000Z", "callsign": "RT1", "aircraft_type": "B738", "adep": "VYYY", "ades": "VYMD", "dep_rwy": "", "arr_rwy": "", "sid": "", "star": "", "approach": "", "epoch_ts": "2025-12-23 00:26:05+00:00", "altitude_ft": 22121.2, "tas_kt": 400.0, "gs_kt": 400.0, "track_deg": 43.06722091187531, "phase": "descent", "waypoint": "", "sector": "Yangon FIR", "event": ""}, "geometry": {"type": "Point", "coordinates": [97.21357581994734, 19.318945667695985, 6742.541760000001]}}, {"id": "324", "type": "Feature", "properties": {"flight_key": "RT1_20251223T0000Z", "callsign": "RT1", "aircraft_type": "B738", "adep": "VYYY", "ades": "VYMD", "dep_rwy": "", "arr_rwy": "", "sid": "", "star": "", "approach": "", "epoch_ts": "2025-12-23 00:26:10+00:00", "altitude_ft": 21947.2, "tas_kt": 399.0, "gs_kt": 399.0, "track_deg": 43.06722091187531, "phase": "descent", "waypoint": "", "sector": "Yangon FIR", "event": ""}, "geometry": {"type": "Point", "coordinates": [97.21899515564814, 19.324491461209806, 6689.506560000001]}}, {"id": "325", "type": "Feature", "properties": {"flight_key": "RT1_20251223T0000Z", "callsign": "RT1", "aircraft_type": "B738", "adep": "VYYY", "ades": "VYMD", "dep_rwy": "", "arr_rwy": "", "sid": "", "star": "", "approach": "", "epoch_ts": "2025-12-23 00:26:15+00:00", "altitude_ft": 21776.1, "tas_kt": 397.9, "gs_kt": 397.9, "track_deg": 43.06722091187531, "phase": "descent", "waypoint": "", "sector": "Yangon FIR", "event": ""}, "geometry": {"type": "Point", "coordinates": [97.22441479686407, 19.330037112624606, 6637.35528]}}, {"id": "326", "type": "Feature", "properties": {"flight_key": "RT1_20251223T0000Z", "callsign": "RT1", "aircraft_type": "B738", "adep": "VYYY", "ades": "VYMD", "dep_rwy": "", "arr_rwy": "", "sid": "", "star": "", "approach": "", "epoch_ts": "2025-12-23 00:26:20+00:00", "altitude_ft": 21605.0, "tas_kt": 396.9, "gs_kt": 396.9, "track_deg": 43.06722091187531, "phase": "descent", "waypoint": "", "sector": "Yangon FIR", "event": ""}, "geometry": {"type": "Point", "coordinates": [97.22983474371418, 19.33558262188196, 6585.204000000001]}}, {"id": "327", "type": "Feature", "properties": {"flight_key": "RT1_20251223T0000Z", "callsign": "RT1", "aircraft_type": "B738", "adep": "VYYY", "ades": "VYMD", "dep_rwy": "", "arr_rwy": "", "sid": "", "star": "", "approach": "", "epoch_ts": "2025-12-23 00:26:25+00:00", "altitude_ft": 21433.9, "tas_kt": 395.9, "gs_kt": 395.9, "track_deg": 43.06722091187531, "phase": "descent", "waypoint": "", "sector": "Yangon FIR", "event": ""}, "geometry": {"type": "Point", "coordinates": [97.2352549963176, 19.341127988923464, 6533.052720000001]}}, {"id": "328", "type": "Feature", "properties": {"flight_key": "RT1_20251223T0000Z", "callsign": "RT1", "aircraft_type": "B738", "adep": "VYYY", "ades": "VYMD", "dep_rwy": "", "arr_rwy": "", "sid": "", "star": "", "approach": "", "epoch_ts": "2025-12-23 00:26:30+00:00", "altitude_ft": 21262.9, "tas_kt": 394.9, "gs_kt": 394.9, "track_deg": 43.06722091187531, "phase": "descent", "waypoint": "", "sector": "Yangon FIR", "event": ""}, "geometry": {"type": "Point", "coordinates": [97.24067555479343, 19.346673213690675, 6480.931920000001]}}, {"id": "329", "type": "Feature", "properties": {"flight_key": "RT1_20251223T0000Z", "callsign": "RT1", "aircraft_type": "B738", "adep": "VYYY", "ades": "VYMD", "dep_rwy": "", "arr_rwy": "", "sid": "", "star": "", "approach": "", "epoch_ts": "2025-12-23 00:26:35+00:00", "altitude_ft": 21091.8, "tas_kt": 393.8, "gs_kt": 393.8, "track_deg": 43.06722091187531, "phase": "descent", "waypoint": "", "sector": "Yangon FIR", "event": ""}, "geometry": {"type": "Point", "coordinates": [97.24609641926081, 19.352218296125162, 6428.78064]}}, {"id": "330", "type": "Feature", "properties": {"flight_key": "RT1_20251223T0000Z", "callsign": "RT1", "aircraft_type": "B738", "adep": "VYYY", "ades": "VYMD", "dep_rwy": "", "arr_rwy": "", "sid": "", "star": "", "approach": "", "epoch_ts": "2025-12-23 00:26:40+00:00", "altitude_ft": 20920.7, "tas_kt": 392.8, "gs_kt": 392.8, "track_deg": 43.06722091187531, "phase": "descent", "waypoint": "", "sector": "Yangon FIR", "event": ""}, "geometry": {"type": "Point", "coordinates": [97.25151758983888, 19.357763236168477, 6376.629360000001]}}, {"id": "331", "type": "Feature", "properties": {"flight_key": "RT1_20251223T0000Z", "callsign": "RT1", "aircraft_type": "B738", "adep": "VYYY", "ades": "VYMD", "dep_rwy": "", "arr_rwy": "", "sid": "", "star": "", "approach": "", "epoch_ts": "2025-12-23 00:26:45+00:00", "altitude_ft": 20749.6, "tas_kt": 391.8, "gs_kt": 391.8, "track_deg": 43.06722091187531, "phase": "descent", "waypoint": "", "sector": "Yangon FIR", "event": ""}, "geometry": {"type": "Point", "coordinates": [97.25693906664681, 19.363308033762145, 6324.47808]}}, {"id": "332", "type": "Feature", "properties": {"flight_key": "RT1_20251223T0000Z", "callsign": "RT1", "aircraft_type": "B738", "adep": "VYYY", "ades": "VYMD", "dep_rwy": "", "arr_rwy": "", "sid": "", "star": "", "approach": "", "epoch_ts": "2025-12-23 00:26:50+00:00", "altitude_ft": 20578.5, "tas_kt": 390.8, "gs_kt": 390.8, "track_deg": 43.06722091187531, "phase": "descent", "waypoint": "", "sector": "Yangon FIR", "event": ""}, "geometry": {"type": "Point", "coordinates": [97.26236084980374, 19.36885268884772, 6272.326800000001]}}, {"id": "333", "type": "Feature", "properties": {"flight_key": "RT1_20251223T0000Z", "callsign": "RT1", "aircraft_type": "B738", "adep": "VYYY", "ades": "VYMD", "dep_rwy": "", "arr_rwy": "", "sid": "", "star": "", "approach": "", "epoch_ts": "2025-12-23 00:26:55+00:00", "altitude_ft": 20407.4, "tas_kt": 389.8, "gs_kt": 389.8, "track_deg": 43.06722091187531, "phase": "descent", "waypoint": "", "sector": "Yangon FIR", "event": ""}, "geometry": {"type": "Point", "coordinates": [97.26778293942888, 19.374397201366705, 6220.175520000001]}}, {"id": "334", "type": "Feature", "properties": {"flight_key": "RT1_20251223T0000Z", "callsign": "RT1", "aircraft_type": "B738", "adep": "VYYY", "ades": "VYMD", "dep_rwy": "", "arr_rwy": "", "sid": "", "star": "", "approach": "", "epoch_ts": "2025-12-23 00:27:00+00:00", "altitude_ft": 20236.4, "tas_kt": 388.8, "gs_kt": 388.8, "track_deg": 43.06722091187531, "phase": "descent", "waypoint": "", "sector": "Yangon FIR", "event": ""}, "geometry": {"type": "Point", "coordinates": [97.2732053356414, 19.379941571260627, 6168.054720000001]}}, {"id": "335", "type": "Feature", "properties": {"flight_key": "RT1_20251223T0000Z", "callsign": "RT1", "aircraft_type": "B738", "adep": "VYYY", "ades": "VYMD", "dep_rwy": "", "arr_rwy": "", "sid": "", "star": "", "approach": "", "epoch_ts": "2025-12-23 00:27:05+00:00", "altitude_ft": 20065.3, "tas_kt": 387.8, "gs_kt": 387.8, "track_deg": 43.06722091187531, "phase": "descent", "waypoint": "", "sector": "Yangon FIR", "event": ""}, "geometry": {"type": "Point", "coordinates": [97.27862803856054, 19.38548579847097, 6115.90344]}}, {"id": "336", "type": "Feature", "properties": {"flight_key": "RT1_20251223T0000Z", "callsign": "RT1", "aircraft_type": "B738", "adep": "VYYY", "ades": "VYMD", "dep_rwy": "", "arr_rwy": "", "sid": "", "star": "", "approach": "", "epoch_ts": "2025-12-23 00:27:10+00:00", "altitude_ft": 19897.3, "tas_kt": 386.8, "gs_kt": 386.8, "track_deg": 43.06722091187531, "phase": "descent", "waypoint": "", "sector": "Yangon FIR", "event": ""}, "geometry": {"type": "Point", "coordinates": [97.2840510483055, 19.391029882939247, 6064.69704]}}, {"id": "337", "type": "Feature", "properties": {"flight_key": "RT1_20251223T0000Z", "callsign": "RT1", "aircraft_type": "B738", "adep": "VYYY", "ades": "VYMD", "dep_rwy": "", "arr_rwy": "", "sid": "", "star": "", "approach": "", "epoch_ts": "2025-12-23 00:27:15+00:00", "altitude_ft": 19731.3, "tas_kt": 385.8, "gs_kt": 385.8, "track_deg": 43.06722091187531, "phase": "descent", "waypoint": "", "sector": "Yangon FIR", "event": ""}, "geometry": {"type": "Point", "coordinates": [97.28947436499551, 19.39657382460692, 6014.10024]}}, {"id": "338", "type": "Feature", "properties": {"flight_key": "RT1_20251223T0000Z", "callsign": "RT1", "aircraft_type": "B738", "adep": "VYYY", "ades": "VYMD", "dep_rwy": "", "arr_rwy": "", "sid": "", "star": "", "approach": "", "epoch_ts": "2025-12-23 00:27:20+00:00", "altitude_ft": 19565.3, "tas_kt": 384.8, "gs_kt": 384.8, "track_deg": 43.06722091187531, "phase": "descent", "waypoint": "", "sector": "Yangon FIR", "event": ""}, "geometry": {"type": "Point", "coordinates": [97.29489798874982, 19.40211762341547, 5963.50344]}}, {"id": "339", "type": "Feature", "properties": {"flight_key": "RT1_20251223T0000Z", "callsign": "RT1", "aircraft_type": "B738", "adep": "VYYY", "ades": "VYMD", "dep_rwy": "", "arr_rwy": "", "sid": "", "star": "", "approach": "", "epoch_ts": "2025-12-23 00:27:25+00:00", "altitude_ft": 19399.3, "tas_kt": 383.9, "gs_kt": 383.9, "track_deg": 43.06722091187531, "phase": "descent", "waypoint": "", "sector": "Yangon FIR", "event": ""}, "geometry": {"type": "Point", "coordinates": [97.30032191968769, 19.407661279306357, 5912.90664]}}, {"id": "340", "type": "Feature", "properties": {"flight_key": "RT1_20251223T0000Z", "callsign": "RT1", "aircraft_type": "B738", "adep": "VYYY", "ades": "VYMD", "dep_rwy": "", "arr_rwy": "", "sid": "", "star": "", "approach": "", "epoch_ts": "2025-12-23 00:27:30+00:00", "altitude_ft": 19233.3, "tas_kt": 382.9, "gs_kt": 382.9, "track_deg": 43.06722091187531, "phase": "descent", "waypoint": "", "sector": "Yangon FIR", "event": ""}, "geometry": {"type": "Point", "coordinates": [97.30574615792841, 19.413204792221034, 5862.30984]}}, {"id": "341", "type": "Feature", "properties": {"flight_key": "RT1_20251223T0000Z", "callsign": "RT1", "aircraft_type": "B738", "adep": "VYYY", "ades": "VYMD", "dep_rwy": "", "arr_rwy": "", "sid": "", "star": "", "approach": "", "epoch_ts": "2025-12-23 00:27:35+00:00", "altitude_ft": 19067.3, "tas_kt": 382.0, "gs_kt": 382.0, "track_deg": 43.06722091187531, "phase": "descent", "waypoint": "", "sector": "Yangon FIR", "event": ""}, "geometry": {"type": "Point", "coordinates": [97.31117070359123, 19.418748162100947, 5811.71304]}}, {"id": "342", "type": "Feature", "properties": {"flight_key": "RT1_20251223T0000Z", "callsign": "RT1", "aircraft_type": "B738", "adep": "VYYY", "ades": "VYMD", "dep_rwy": "", "arr_rwy": "", "sid": "", "star": "", "approach": "", "epoch_ts": "2025-12-23 00:27:40+00:00", "altitude_ft": 18901.3, "tas_kt": 381.0, "gs_kt": 381.0, "track_deg": 43.06722091187531, "phase": "descent", "waypoint": "", "sector": "Yangon FIR", "event": ""}, "geometry": {"type": "Point", "coordinates": [97.31659555679548, 19.424291388887518, 5761.11624]}}, {"id": "343", "type": "Feature", "properties": {"flight_key": "RT1_20251223T0000Z", "callsign": "RT1", "aircraft_type": "B738", "adep": "VYYY", "ades": "VYMD", "dep_rwy": "", "arr_rwy": "", "sid": "", "star": "", "approach": "", "epoch_ts": "2025-12-23 00:27:45+00:00", "altitude_ft": 18735.3, "tas_kt": 380.1, "gs_kt": 380.1, "track_deg": 43.06722091187531, "phase": "descent", "waypoint": "", "sector": "Yangon FIR", "event": ""}, "geometry": {"type": "Point", "coordinates": [97.32202071766045, 19.429834472522177, 5710.51944]}}, {"id": "344", "type": "Feature", "properties": {"flight_key": "RT1_20251223T0000Z", "callsign": "RT1", "aircraft_type": "B738", "adep": "VYYY", "ades": "VYMD", "dep_rwy": "", "arr_rwy": "", "sid": "", "star": "", "approach": "", "epoch_ts": "2025-12-23 00:27:50+00:00", "altitude_ft": 18569.3, "tas_kt": 379.1, "gs_kt": 379.1, "track_deg": 43.06722091187531, "phase": "descent", "waypoint": "", "sector": "Yangon FIR", "event": ""}, "geometry": {"type": "Point", "coordinates": [97.32744618630548, 19.435377412946334, 5659.92264]}}, {"id": "345", "type": "Feature", "properties": {"flight_key": "RT1_20251223T0000Z", "callsign": "RT1", "aircraft_type": "B738", "adep": "VYYY", "ades": "VYMD", "dep_rwy": "", "arr_rwy": "", "sid": "", "star": "", "approach": "", "epoch_ts": "2025-12-23 00:27:55+00:00", "altitude_ft": 18403.3, "tas_kt": 378.2, "gs_kt": 378.2, "track_deg": 43.06722091187531, "phase": "descent", "waypoint": "", "sector": "Yangon FIR", "event": ""}, "geometry": {"type": "Point", "coordinates": [97.3328719628499, 19.44092021010139, 5609.32584]}}, {"id": "346", "type": "Feature", "properties": {"flight_key": "RT1_20251223T0000Z", "callsign": "RT1", "aircraft_type": "B738", "adep": "VYYY", "ades": "VYMD", "dep_rwy": "", "arr_rwy": "", "sid": "", "star": "", "approach": "", "epoch_ts": "2025-12-23 00:28:00+00:00", "altitude_ft": 18237.3, "tas_kt": 377.2, "gs_kt": 377.2, "track_deg": 43.06722091187531, "phase": "descent", "waypoint": "", "sector": "Yangon FIR", "event": ""}, "geometry": {"type": "Point", "coordinates": [97.33829804741305, 19.446462863928737, 5558.72904]}}, {"id": "347", "type": "Feature", "properties": {"flight_key": "RT1_20251223T0000Z", "callsign": "RT1", "aircraft_type": "B738", "adep": "VYYY", "ades": "VYMD", "dep_rwy": "", "arr_rwy": "", "sid": "", "star": "", "approach": "", "epoch_ts": "2025-12-23 00:28:05+00:00", "altitude_ft": 18071.3, "tas_kt": 376.3, "gs_kt": 376.3, "track_deg": 43.06722091187531, "phase": "descent", "waypoint": "", "sector": "Yangon FIR", "event": ""}, "geometry": {"type": "Point", "coordinates": [97.3437244401143, 19.45200537436976, 5508.13224]}}, {"id": "348", "type": "Feature", "properties": {"flight_key": "RT1_20251223T0000Z", "callsign": "RT1", "aircraft_type": "B738", "adep": "VYYY", "ades": "VYMD", "dep_rwy": "", "arr_rwy": "", "sid": "", "star": "", "approach": "", "epoch_ts": "2025-12-23 00:28:10+00:00", "altitude_ft": 17908.6, "tas_kt": 375.4, "gs_kt": 375.4, "track_deg": 43.06722091187531, "phase": "descent", "waypoint": "", "sector": "Yangon FIR", "event": ""}, "geometry": {"type": "Point", "coordinates": [97.34915114107304, 19.45754774136584, 5458.5412799999995]}}, {"id": "349", "type": "Feature", "properties": {"flight_key": "RT1_20251223T0000Z", "callsign": "RT1", "aircraft_type": "B738", "adep": "VYYY", "ades": "VYMD", "dep_rwy": "", "arr_rwy": "", "sid": "", "star": "", "approach": "", "epoch_ts": "2025-12-23 00:28:15+00:00", "altitude_ft": 17748.3, "tas_kt": 374.5, "gs_kt": 374.5, "track_deg": 43.06722091187531, "phase": "descent", "waypoint": "", "sector": "Yangon FIR", "event": ""}, "geometry": {"type": "Point", "coordinates": [97.35457815040864, 19.463089964858323, 5409.68184]}}, {"id": "350", "type": "Feature", "properties": {"flight_key": "RT1_20251223T0000Z", "callsign": "RT1", "aircraft_type": "B738", "adep": "VYYY", "ades": "VYMD", "dep_rwy": "", "arr_rwy": "", "sid": "", "star": "", "approach": "", "epoch_ts": "2025-12-23 00:28:20+00:00", "altitude_ft": 17588.0, "tas_kt": 373.6, "gs_kt": 373.6, "track_deg": 43.06722091187531, "phase": "descent", "waypoint": "", "sector": "Yangon FIR", "event": ""}, "geometry": {"type": "Point", "coordinates": [97.3600054682405, 19.46863204478857, 5360.8224]}}, {"id": "351", "type": "Feature", "properties": {"flight_key": "RT1_20251223T0000Z", "callsign": "RT1", "aircraft_type": "B738", "adep": "VYYY", "ades": "VYMD", "dep_rwy": "", "arr_rwy": "", "sid": "", "star": "", "approach": "", "epoch_ts": "2025-12-23 00:28:25+00:00", "altitude_ft": 17427.7, "tas_kt": 372.7, "gs_kt": 372.7, "track_deg": 43.06722091187531, "phase": "descent", "waypoint": "", "sector": "Yangon FIR", "event": ""}, "geometry": {"type": "Point", "coordinates": [97.36543309468806, 19.474173981097923, 5311.962960000001]}}, {"id": "352", "type": "Feature", "properties": {"flight_key": "RT1_20251223T0000Z", "callsign": "RT1", "aircraft_type": "B738", "adep": "VYYY", "ades": "VYMD", "dep_rwy": "", "arr_rwy": "", "sid": "", "star": "", "approach": "", "epoch_ts": "2025-12-23 00:28:30+00:00", "altitude_ft": 17267.4, "tas_kt": 371.8, "gs_kt": 371.8, "track_deg": 43.06722091187531, "phase": "descent", "waypoint": "", "sector": "Yangon FIR", "event": ""}, "geometry": {"type": "Point", "coordinates": [97.37086102987071, 19.479715773727712, 5263.103520000001]}}, {"id": "353", "type": "Feature", "properties": {"flight_key": "RT1_20251223T0000Z", "callsign": "RT1", "aircraft_type": "B738", "adep": "VYYY", "ades": "VYMD", "dep_rwy": "", "arr_rwy": "", "sid": "", "star": "", "approach": "", "epoch_ts": "2025-12-23 00:28:35+00:00", "altitude_ft": 17107.1, "tas_kt": 370.9, "gs_kt": 370.9, "track_deg": 43.06722091187531, "phase": "descent", "waypoint": "", "sector": "Yangon FIR", "event": ""}, "geometry": {"type": "Point", "coordinates": [97.37628927390793, 19.485257422619263, 5214.2440799999995]}}, {"id": "354", "type": "Feature", "properties": {"flight_key": "RT1_20251223T0000Z", "callsign": "RT1", "aircraft_type": "B738", "adep": "VYYY", "ades": "VYMD", "dep_rwy": "", "arr_rwy": "", "sid": "", "star": "", "approach": "", "epoch_ts": "2025-12-23 00:28:40+00:00", "altitude_ft": 16946.8, "tas_kt": 370.0, "gs_kt": 370.0, "track_deg": 43.06722091187531, "phase": "descent", "waypoint": "", "sector": "Yangon FIR", "event": ""}, "geometry": {"type": "Point", "coordinates": [97.38171782691914, 19.490798927713893, 5165.38464]}}, {"id": "355", "type": "Feature", "properties": {"flight_key": "RT1_20251223T0000Z", "callsign": "RT1", "aircraft_type": "B738", "adep": "VYYY", "ades": "VYMD", "dep_rwy": "", "arr_rwy": "", "sid": "", "star": "", "approach": "", "epoch_ts": "2025-12-23 00:28:45+00:00", "altitude_ft": 16786.6, "tas_kt": 369.1, "gs_kt": 369.1, "track_deg": 43.06722091187531, "phase": "descent", "waypoint": "", "sector": "Yangon FIR", "event": ""}, "geometry": {"type": "Point", "coordinates": [97.38714668902384, 19.496340288952897, 5116.5556799999995]}}, {"id": "356", "type": "Feature", "properties": {"flight_key": "RT1_20251223T0000Z", "callsign": "RT1", "aircraft_type": "B738", "adep": "VYYY", "ades": "VYMD", "dep_rwy": "", "arr_rwy": "", "sid": "", "star": "", "approach": "", "epoch_ts": "2025-12-23 00:28:50+00:00", "altitude_ft": 16626.3, "tas_kt": 368.2, "gs_kt": 368.2, "track_deg": 43.06722091187531, "phase": "descent", "waypoint": "", "sector": "Yangon FIR", "event": ""}, "geometry": {"type": "Point", "coordinates": [97.39257586034147, 19.501881506277567, 5067.69624]}}, {"id": "357", "type": "Feature", "properties": {"flight_key": "RT1_20251223T0000Z", "callsign": "RT1", "aircraft_type": "B738", "adep": "VYYY", "ades": "VYMD", "dep_rwy": "", "arr_rwy": "", "sid": "", "star": "", "approach": "", "epoch_ts": "2025-12-23 00:28:55+00:00", "altitude_ft": 16466.0, "tas_kt": 367.4, "gs_kt": 367.4, "track_deg": 43.06722091187531, "phase": "descent", "waypoint": "", "sector": "Yangon FIR", "event": ""}, "geometry": {"type": "Point", "coordinates": [97.39800534099155, 19.507422579629193, 5018.8368]}}, {"id": "358", "type": "Feature", "properties": {"flight_key": "RT1_20251223T0000Z", "callsign": "RT1", "aircraft_type": "B738", "adep": "VYYY", "ades": "VYMD", "dep_rwy": "", "arr_rwy": "", "sid": "", "star": "", "approach": "", "epoch_ts": "2025-12-23 00:29:00+00:00", "altitude_ft": 16305.7, "tas_kt": 366.5, "gs_kt": 366.5, "track_deg": 43.06722091187531, "phase": "descent", "waypoint": "", "sector": "Yangon FIR", "event": ""}, "geometry": {"type": "Point", "coordinates": [97.40343513109357, 19.512963508949046, 4969.977360000001]}}, {"id": "359", "type": "Feature", "properties": {"flight_key": "RT1_20251223T0000Z", "callsign": "RT1", "aircraft_type": "B738", "adep": "VYYY", "ades": "VYMD", "dep_rwy": "", "arr_rwy": "", "sid": "", "star": "", "approach": "", "epoch_ts": "2025-12-23 00:29:05+00:00", "altitude_ft": 16145.4, "tas_kt": 365.6, "gs_kt": 365.6, "track_deg": 43.06722091187531, "phase": "descent", "waypoint": "", "sector": "Yangon FIR", "event": ""}, "geometry": {"type": "Point", "coordinates": [97.40886523076706, 19.51850429417838, 4921.11792]}}, {"id": "360", "type": "Feature", "properties": {"flight_key": "RT1_20251223T0000Z", "callsign": "RT1", "aircraft_type": "B738", "adep": "VYYY", "ades": "VYMD", "dep_rwy": "", "arr_rwy": "", "sid": "", "star": "", "approach": "", "epoch_ts": "2025-12-23 00:29:10+00:00", "altitude_ft": 15985.7, "tas_kt": 364.8, "gs_kt": 364.8, "track_deg": 43.06722091187531, "phase": "descent", "waypoint": "", "sector": "Yangon FIR", "event": ""}, "geometry": {"type": "Point", "coordinates": [97.41429564013156, 19.52404493525846, 4872.441360000001]}}, {"id": "361", "type": "Feature", "properties": {"flight_key": "RT1_20251223T0000Z", "callsign": "RT1", "aircraft_type": "B738", "adep": "VYYY", "ades": "VYMD", "dep_rwy": "", "arr_rwy": "", "sid": "", "star": "", "approach": "", "epoch_ts": "2025-12-23 00:29:15+00:00", "altitude_ft": 15832.5, "tas_kt": 363.9, "gs_kt": 363.9, "track_deg": 43.06722091187531, "phase": "descent", "waypoint": "", "sector": "Yangon FIR", "event": ""}, "geometry": {"type": "Point", "coordinates": [97.4197263593066, 19.52958543213052, 4825.746]}}, {"id": "362", "type": "Feature", "properties": {"flight_key": "RT1_20251223T0000Z", "callsign": "RT1", "aircraft_type": "B738", "adep": "VYYY", "ades": "VYMD", "dep_rwy": "", "arr_rwy": "", "sid": "", "star": "", "approach": "", "epoch_ts": "2025-12-23 00:29:20+00:00", "altitude_ft": 15679.2, "tas_kt": 363.1, "gs_kt": 363.1, "track_deg": 43.06722091187531, "phase": "descent", "waypoint": "", "sector": "Yangon FIR", "event": ""}, "geometry": {"type": "Point", "coordinates": [97.42515738841172, 19.535125784735797, 4779.02016]}}, {"id": "363", "type": "Feature", "properties": {"flight_key": "RT1_20251223T0000Z", "callsign": "RT1", "aircraft_type": "B738", "adep": "VYYY", "ades": "VYMD", "dep_rwy": "", "arr_rwy": "", "sid": "", "star": "", "approach": "", "epoch_ts": "2025-12-23 00:29:25+00:00", "altitude_ft": 15525.9, "tas_kt": 362.3, "gs_kt": 362.3, "track_deg": 43.06722091187531, "phase": "descent", "waypoint": "", "sector": "Yangon FIR", "event": ""}, "geometry": {"type": "Point", "coordinates": [97.43058872756653, 19.540665993015516, 4732.29432]}}, {"id": "364", "type": "Feature", "properties": {"flight_key": "RT1_20251223T0000Z", "callsign": "RT1", "aircraft_type": "B738", "adep": "VYYY", "ades": "VYMD", "dep_rwy": "", "arr_rwy": "", "sid": "", "star": "", "approach": "", "epoch_ts": "2025-12-23 00:29:30+00:00", "altitude_ft": 15372.6, "tas_kt": 361.4, "gs_kt": 361.4, "track_deg": 43.06722091187531, "phase": "descent", "waypoint": "", "sector": "Yangon FIR", "event": ""}, "geometry": {"type": "Point", "coordinates": [97.43602037689058, 19.54620605691089, 4685.56848]}}, {"id": "365", "type": "Feature", "properties": {"flight_key": "RT1_20251223T0000Z", "callsign": "RT1", "aircraft_type": "B738", "adep": "VYYY", "ades": "VYMD", "dep_rwy": "", "arr_rwy": "", "sid": "", "star": "", "approach": "", "epoch_ts": "2025-12-23 00:29:35+00:00", "altitude_ft": 15219.3, "tas_kt": 360.6, "gs_kt": 360.6, "track_deg": 43.06722091187531, "phase": "descent", "waypoint": "", "sector": "Yangon FIR", "event": ""}, "geometry": {"type": "Point", "coordinates": [97.44145233650349, 19.55174597636311, 4638.84264]}}, {"id": "366", "type": "Feature", "properties": {"flight_key": "RT1_20251223T0000Z", "callsign": "RT1", "aircraft_type": "B738", "adep": "VYYY", "ades": "VYMD", "dep_rwy": "", "arr_rwy": "", "sid": "", "star": "", "approach": "", "epoch_ts": "2025-12-23 00:29:40+00:00", "altitude_ft": 15066.0, "tas_kt": 359.8, "gs_kt": 359.8, "track_deg": 43.06722091187531, "phase": "descent", "waypoint": "", "sector": "Yangon FIR", "event": ""}, "geometry": {"type": "Point", "coordinates": [97.44688460652485, 19.557285751313383, 4592.1168]}}, {"id": "367", "type": "Feature", "properties": {"flight_key": "RT1_20251223T0000Z", "callsign": "RT1", "aircraft_type": "B738", "adep": "VYYY", "ades": "VYMD", "dep_rwy": "", "arr_rwy": "", "sid": "", "star": "", "approach": "", "epoch_ts": "2025-12-23 00:29:45+00:00", "altitude_ft": 14912.7, "tas_kt": 359.0, "gs_kt": 359.0, "track_deg": 43.06722091187531, "phase": "descent", "waypoint": "", "sector": "Yangon FIR", "event": ""}, "geometry": {"type": "Point", "coordinates": [97.45231718707429, 19.562825381702886, 4545.390960000001]}}, {"id": "368", "type": "Feature", "properties": {"flight_key": "RT1_20251223T0000Z", "callsign": "RT1", "aircraft_type": "B738", "adep": "VYYY", "ades": "VYMD", "dep_rwy": "", "arr_rwy": "", "sid": "", "star": "", "approach": "", "epoch_ts": "2025-12-23 00:29:50+00:00", "altitude_ft": 14759.4, "tas_kt": 358.2, "gs_kt": 358.2, "track_deg": 43.06722091187531, "phase": "descent", "waypoint": "", "sector": "Yangon FIR", "event": ""}, "geometry": {"type": "Point", "coordinates": [97.45775007827145, 19.56836486747279, 4498.665120000001]}}, {"id": "369", "type": "Feature", "properties": {"flight_key": "RT1_20251223T0000Z", "callsign": "RT1", "aircraft_type": "B738", "adep": "VYYY", "ades": "VYMD", "dep_rwy": "", "arr_rwy": "", "sid": "", "star": "", "approach": "", "epoch_ts": "2025-12-23 00:29:55+00:00", "altitude_ft": 14606.1, "tas_kt": 357.4, "gs_kt": 357.4, "track_deg": 43.06722091187531, "phase": "descent", "waypoint": "", "sector": "Yangon FIR", "event": ""}, "geometry": {"type": "Point", "coordinates": [97.46318328023597, 19.573904208564265, 4451.9392800000005]}}, {"id": "370", "type": "Feature", "properties": {"flight_key": "RT1_20251223T0000Z", "callsign": "RT1", "aircraft_type": "B738", "adep": "VYYY", "ades": "VYMD", "dep_rwy": "", "arr_rwy": "", "sid": "", "star": "", "approach": "", "epoch_ts": "2025-12-23 00:30:00+00:00", "altitude_ft": 14452.8, "tas_kt": 356.6, "gs_kt": 356.6, "track_deg": 43.06722091187531, "phase": "descent", "waypoint": "", "sector": "Yangon FIR", "event": ""}, "geometry": {"type": "Point", "coordinates": [97.46861679308752, 19.579443404918454, 4405.21344]}}, {"id": "371", "type": "Feature", "properties": {"flight_key": "RT1_20251223T0000Z", "callsign": "RT1", "aircraft_type": "B738", "adep": "VYYY", "ades": "VYMD", "dep_rwy": "", "arr_rwy": "", "sid": "", "star": "", "approach": "", "epoch_ts": "2025-12-23 00:30:05+00:00", "altitude_ft": 14299.5, "tas_kt": 355.8, "gs_kt": 355.8, "track_deg": 43.06722091187531, "phase": "descent", "waypoint": "", "sector": "Yangon FIR", "event": ""}, "geometry": {"type": "Point", "coordinates": [97.47405061694576, 19.584982456476503, 4358.4876]}}, {"id": "372", "type": "Feature", "properties": {"flight_key": "RT1_20251223T0000Z", "callsign": "RT1", "aircraft_type": "B738", "adep": "VYYY", "ades": "VYMD", "dep_rwy": "", "arr_rwy": "", "sid": "", "star": "", "approach": "", "epoch_ts": "2025-12-23 00:30:10+00:00", "altitude_ft": 14146.2, "tas_kt": 355.0, "gs_kt": 355.0, "track_deg": 43.06722091187531, "phase": "descent", "waypoint": "", "sector": "Yangon FIR", "event": ""}, "geometry": {"type": "Point", "coordinates": [97.4794847519304, 19.59052136317955, 4311.76176]}}, {"id": "373", "type": "Feature", "properties": {"flight_key": "RT1_20251223T0000Z", "callsign": "RT1", "aircraft_type": "B738", "adep": "VYYY", "ades": "VYMD", "dep_rwy": "", "arr_rwy": "", "sid": "", "star": "", "approach": "", "epoch_ts": "2025-12-23 00:30:15+00:00", "altitude_ft": 13993.7, "tas_kt": 354.2, "gs_kt": 354.2, "track_deg": 43.06722091187531, "phase": "descent", "waypoint": "", "sector": "Yangon FIR", "event": ""}, "geometry": {"type": "Point", "coordinates": [97.48491919816112, 19.59606012496871, 4265.27976]}}, {"id": "374", "type": "Feature", "properties": {"flight_key": "RT1_20251223T0000Z", "callsign": "RT1", "aircraft_type": "B738", "adep": "VYYY", "ades": "VYMD", "dep_rwy": "", "arr_rwy": "", "sid": "", "star": "", "approach": "", "epoch_ts": "2025-12-23 00:30:20+00:00", "altitude_ft": 13856.4, "tas_kt": 353.4, "gs_kt": 353.4, "track_deg": 43.06722091187531, "phase": "descent", "waypoint": "", "sector": "Yangon FIR", "event": ""}, "geometry": {"type": "Point", "coordinates": [97.49035395575766, 19.601598741785097, 4223.43072]}}, {"id": "375", "type": "Feature", "properties": {"flight_key": "RT1_20251223T0000Z", "callsign": "RT1", "aircraft_type": "B738", "adep": "VYYY", "ades": "VYMD", "dep_rwy": "", "arr_rwy": "", "sid": "", "star": "", "approach": "", "epoch_ts": "2025-12-23 00:30:25+00:00", "altitude_ft": 13719.2, "tas_kt": 352.7, "gs_kt": 352.7, "track_deg": 43.06722091187531, "phase": "descent", "waypoint": "", "sector": "Yangon FIR", "event": ""}, "geometry": {"type": "Point", "coordinates": [97.49578902483971, 19.60713721356982, 4181.612160000001]}}, {"id": "376", "type": "Feature", "properties": {"flight_key": "RT1_20251223T0000Z", "callsign": "RT1", "aircraft_type": "B738", "adep": "VYYY", "ades": "VYMD", "dep_rwy": "", "arr_rwy": "", "sid": "", "star": "", "approach": "", "epoch_ts": "2025-12-23 00:30:30+00:00", "altitude_ft": 13581.9, "tas_kt": 352.0, "gs_kt": 352.0, "track_deg": 43.06722091187531, "phase": "descent", "waypoint": "", "sector": "Yangon FIR", "event": ""}, "geometry": {"type": "Point", "coordinates": [97.50122440552703, 19.612675540263965, 4139.7631200000005]}}, {"id": "377", "type": "Feature", "properties": {"flight_key": "RT1_20251223T0000Z", "callsign": "RT1", "aircraft_type": "B738", "adep": "VYYY", "ades": "VYMD", "dep_rwy": "", "arr_rwy": "", "sid": "", "star": "", "approach": "", "epoch_ts": "2025-12-23 00:30:35+00:00", "altitude_ft": 13444.7, "tas_kt": 351.3, "gs_kt": 351.3, "track_deg": 43.06722091187531, "phase": "descent", "waypoint": "", "sector": "Yangon FIR", "event": ""}, "geometry": {"type": "Point", "coordinates": [97.50666009793936, 19.61821372180861, 4097.944560000001]}}, {"id": "378", "type": "Feature", "properties": {"flight_key": "RT1_20251223T0000Z", "callsign": "RT1", "aircraft_type": "B738", "adep": "VYYY", "ades": "VYMD", "dep_rwy": "", "arr_rwy": "", "sid": "", "star": "", "approach": "", "epoch_ts": "2025-12-23 00:30:40+00:00", "altitude_ft": 13307.4, "tas_kt": 350.6, "gs_kt": 350.6, "track_deg": 43.06722091187531, "phase": "descent", "waypoint": "", "sector": "Yangon FIR", "event": ""}, "geometry": {"type": "Point", "coordinates": [97.5120961021965, 19.62375175814483, 4056.0955200000003]}}, {"id": "379", "type": "Feature", "properties": {"flight_key": "RT1_20251223T0000Z", "callsign": "RT1", "aircraft_type": "B738", "adep": "VYYY", "ades": "VYMD", "dep_rwy": "", "arr_rwy": "", "sid": "", "star": "", "approach": "", "epoch_ts": "2025-12-23 00:30:43.991502+00:00", "altitude_ft": 13197.9, "tas_kt": 350.0, "gs_kt": 350.0, "track_deg": 43.06722091187531, "phase": "descent", "waypoint": "NPT", "sector": "Yangon FIR", "event": ""}, "geometry": {"type": "Point", "coordinates": [97.51643589, 19.628172669999998, 4022.71992]}}, {"id": "380", "type": "Feature", "properties": {"flight_key": "RT1_20251223T0000Z", "callsign": "RT1", "aircraft_type": "B738", "adep": "VYYY", "ades": "VYMD", "dep_rwy": "", "arr_rwy": "", "sid": "", "star": "", "approach": "", "epoch_ts": "2025-12-23 00:30:45+00:00", "altitude_ft": 13170.2, "tas_kt": 349.9, "gs_kt": 349.9, "track_deg": 44.98090411759781, "phase": "descent", "waypoint": "", "sector": "Yangon FIR", "event": ""}, "geometry": {"type": "Point", "coordinates": [97.51756351130379, 19.629260496790796, 4014.2769600000006]}}, {"id": "381", "type": "Feature", "properties": {"flight_key": "RT1_20251223T0000Z", "callsign": "RT1", "aircraft_type": "B738", "adep": "VYYY", "ades": "VYMD", "dep_rwy": "", "arr_rwy": "", "sid": "", "star": "", "approach": "", "epoch_ts": "2025-12-23 00:30:50+00:00", "altitude_ft": 13032.9, "tas_kt": 349.2, "gs_kt": 349.2, "track_deg": 44.98090411759781, "phase": "descent", "waypoint": "", "sector": "Yangon FIR", "event": ""}, "geometry": {"type": "Point", "coordinates": [97.52315429424816, 19.6346537039031, 3972.42792]}}, {"id": "382", "type": "Feature", "properties": {"flight_key": "RT1_20251223T0000Z", "callsign": "RT1", "aircraft_type": "B738", "adep": "VYYY", "ades": "VYMD", "dep_rwy": "", "arr_rwy": "", "sid": "", "star": "", "approach": "", "epoch_ts": "2025-12-23 00:30:55+00:00", "altitude_ft": 12895.7, "tas_kt": 348.5, "gs_kt": 348.5, "track_deg": 44.98090411759781, "phase": "descent", "waypoint": "", "sector": "Yangon FIR", "event": ""}, "geometry": {"type": "Point", "coordinates": [97.52874538986536, 19.64004675759192, 3930.6093600000004]}}, {"id": "383", "type": "Feature", "properties": {"flight_key": "RT1_20251223T0000Z", "callsign": "RT1", "aircraft_type": "B738", "adep": "VYYY", "ades": "VYMD", "dep_rwy": "", "arr_rwy": "", "sid": "", "star": "", "approach": "", "epoch_ts": "2025-12-23 00:31:00+00:00", "altitude_ft": 12758.4, "tas_kt": 347.8, "gs_kt": 347.8, "track_deg": 44.98090411759781, "phase": "descent", "waypoint": "", "sector": "Yangon FIR", "event": ""}, "geometry": {"type": "Point", "coordinates": [97.53433679827138, 19.6454396577966, 3888.76032]}}, {"id": "384", "type": "Feature", "properties": {"flight_key": "RT1_20251223T0000Z", "callsign": "RT1", "aircraft_type": "B738", "adep": "VYYY", "ades": "VYMD", "dep_rwy": "", "arr_rwy": "", "sid": "", "star": "", "approach": "", "epoch_ts": "2025-12-23 00:31:05+00:00", "altitude_ft": 12621.2, "tas_kt": 347.1, "gs_kt": 347.1, "track_deg": 44.98090411759781, "phase": "descent", "waypoint": "", "sector": "Yangon FIR", "event": ""}, "geometry": {"type": "Point", "coordinates": [97.53992851958218, 19.6508324044565, 3846.9417600000006]}}, {"id": "385", "type": "Feature", "properties": {"flight_key": "RT1_20251223T0000Z", "callsign": "RT1", "aircraft_type": "B738", "adep": "VYYY", "ades": "VYMD", "dep_rwy": "", "arr_rwy": "", "sid": "", "star": "", "approach": "", "epoch_ts": "2025-12-23 00:31:10+00:00", "altitude_ft": 12483.9, "tas_kt": 346.4, "gs_kt": 346.4, "track_deg": 44.98090411759781, "phase": "descent", "waypoint": "", "sector": "Yangon FIR", "event": ""}, "geometry": {"type": "Point", "coordinates": [97.54552055391373, 19.65622499751096, 3805.09272]}}, {"id": "386", "type": "Feature", "properties": {"flight_key": "RT1_20251223T0000Z", "callsign": "RT1", "aircraft_type": "B738", "adep": "VYYY", "ades": "VYMD", "dep_rwy": "", "arr_rwy": "", "sid": "", "star": "", "approach": "", "epoch_ts": "2025-12-23 00:31:15+00:00", "altitude_ft": 12346.7, "tas_kt": 345.7, "gs_kt": 345.7, "track_deg": 44.98090411759781, "phase": "descent", "waypoint": "", "sector": "Yangon FIR", "event": ""}, "geometry": {"type": "Point", "coordinates": [97.55111290138206, 19.661617436899316, 3763.2741600000004]}}, {"id": "387", "type": "Feature", "properties": {"flight_key": "RT1_20251223T0000Z", "callsign": "RT1", "aircraft_type": "B738", "adep": "VYYY", "ades": "VYMD", "dep_rwy": "", "arr_rwy": "", "sid": "", "star": "", "approach": "", "epoch_ts": "2025-12-23 00:31:20+00:00", "altitude_ft": 12209.4, "tas_kt": 345.0, "gs_kt": 345.0, "track_deg": 44.98090411759781, "phase": "descent", "waypoint": "", "sector": "Yangon FIR", "event": ""}, "geometry": {"type": "Point", "coordinates": [97.55670556210316, 19.66700972256088, 3721.42512]}}, {"id": "388", "type": "Feature", "properties": {"flight_key": "RT1_20251223T0000Z", "callsign": "RT1", "aircraft_type": "B738", "adep": "VYYY", "ades": "VYMD", "dep_rwy": "", "arr_rwy": "", "sid": "", "star": "", "approach": "", "epoch_ts": "2025-12-23 00:31:25+00:00", "altitude_ft": 12072.2, "tas_kt": 344.3, "gs_kt": 344.3, "track_deg": 44.98090411759781, "phase": "descent", "waypoint": "", "sector": "Yangon FIR", "event": ""}, "geometry": {"type": "Point", "coordinates": [97.56229853619305, 19.672401854434966, 3679.6065600000006]}}, {"id": "389", "type": "Feature", "properties": {"flight_key": "RT1_20251223T0000Z", "callsign": "RT1", "aircraft_type": "B738", "adep": "VYYY", "ades": "VYMD", "dep_rwy": "", "arr_rwy": "", "sid": "", "star": "", "approach": "", "epoch_ts": "2025-12-23 00:31:30+00:00", "altitude_ft": 11944.7, "tas_kt": 343.7, "gs_kt": 343.7, "track_deg": 44.98090411759781, "phase": "descent", "waypoint": "", "sector": "Yangon FIR", "event": ""}, "geometry": {"type": "Point", "coordinates": [97.56789182376777, 19.67779383246087, 3640.7445600000005]}}, {"id": "390", "type": "Feature", "properties": {"flight_key": "RT1_20251223T0000Z", "callsign": "RT1", "aircraft_type": "B738", "adep": "VYYY", "ades": "VYMD", "dep_rwy": "", "arr_rwy": "", "sid": "", "star": "", "approach": "", "epoch_ts": "2025-12-23 00:31:35+00:00", "altitude_ft": 11828.0, "tas_kt": 343.1, "gs_kt": 343.1, "track_deg": 44.98090411759781, "phase": "descent", "waypoint": "", "sector": "Yangon FIR", "event": ""}, "geometry": {"type": "Point", "coordinates": [97.57348542494336, 19.683185656577894, 3605.1744000000003]}}, {"id": "391", "type": "Feature", "properties": {"flight_key": "RT1_20251223T0000Z", "callsign": "RT1", "aircraft_type": "B738", "adep": "VYYY", "ades": "VYMD", "dep_rwy": "", "arr_rwy": "", "sid": "", "star": "", "approach": "", "epoch_ts": "2025-12-23 00:31:40+00:00", "altitude_ft": 11711.4, "tas_kt": 342.5, "gs_kt": 342.5, "track_deg": 44.98090411759781, "phase": "descent", "waypoint": "", "sector": "Yangon FIR", "event": ""}, "geometry": {"type": "Point", "coordinates": [97.57907933983586, 19.68857732672531, 3569.63472]}}, {"id": "392", "type": "Feature", "properties": {"flight_key": "RT1_20251223T0000Z", "callsign": "RT1", "aircraft_type": "B738", "adep": "VYYY", "ades": "VYMD", "dep_rwy": "", "arr_rwy": "", "sid": "", "star": "", "approach": "", "epoch_ts": "2025-12-23 00:31:45+00:00", "altitude_ft": 11594.7, "tas_kt": 341.9, "gs_kt": 341.9, "track_deg": 44.98090411759781, "phase": "descent", "waypoint": "", "sector": "Yangon FIR", "event": ""}, "geometry": {"type": "Point", "coordinates": [97.58467356856134, 19.693968842842384, 3534.0645600000003]}}, {"id": "393", "type": "Feature", "properties": {"flight_key": "RT1_20251223T0000Z", "callsign": "RT1", "aircraft_type": "B738", "adep": "VYYY", "ades": "VYMD", "dep_rwy": "", "arr_rwy": "", "sid": "", "star": "", "approach": "", "epoch_ts": "2025-12-23 00:31:50+00:00", "altitude_ft": 11478.0, "tas_kt": 341.3, "gs_kt": 341.3, "track_deg": 44.98090411759781, "phase": "descent", "waypoint": "", "sector": "Yangon FIR", "event": ""}, "geometry": {"type": "Point", "coordinates": [97.59026811123589, 19.69936020486839, 3498.4944]}}, {"id": "394", "type": "Feature", "properties": {"flight_key": "RT1_20251223T0000Z", "callsign": "RT1", "aircraft_type": "B738", "adep": "VYYY", "ades": "VYMD", "dep_rwy": "", "arr_rwy": "", "sid": "", "star": "", "approach": "", "epoch_ts": "2025-12-23 00:31:55+00:00", "altitude_ft": 11361.4, "tas_kt": 340.8, "gs_kt": 340.8, "track_deg": 44.98090411759781, "phase": "descent", "waypoint": "", "sector": "Yangon FIR", "event": ""}, "geometry": {"type": "Point", "coordinates": [97.59586296797558, 19.70475141274257, 3462.95472]}}, {"id": "395", "type": "Feature", "properties": {"flight_key": "RT1_20251223T0000Z", "callsign": "RT1", "aircraft_type": "B738", "adep": "VYYY", "ades": "VYMD", "dep_rwy": "", "arr_rwy": "", "sid": "", "star": "", "approach": "", "epoch_ts": "2025-12-23 00:32:00+00:00", "altitude_ft": 11244.7, "tas_kt": 340.2, "gs_kt": 340.2, "track_deg": 44.98090411759781, "phase": "descent", "waypoint": "", "sector": "Yangon FIR", "event": ""}, "geometry": {"type": "Point", "coordinates": [97.60145813889652, 19.710142466404168, 3427.3845600000004]}}, {"id": "396", "type": "Feature", "properties": {"flight_key": "RT1_20251223T0000Z", "callsign": "RT1", "aircraft_type": "B738", "adep": "VYYY", "ades": "VYMD", "dep_rwy": "", "arr_rwy": "", "sid": "", "star": "", "approach": "", "epoch_ts": "2025-12-23 00:32:05+00:00", "altitude_ft": 11128.0, "tas_kt": 339.6, "gs_kt": 339.6, "track_deg": 44.98090411759781, "phase": "descent", "waypoint": "", "sector": "Yangon FIR", "event": ""}, "geometry": {"type": "Point", "coordinates": [97.6070536241148, 19.715533365792414, 3391.8144]}}, {"id": "397", "type": "Feature", "properties": {"flight_key": "RT1_20251223T0000Z", "callsign": "RT1", "aircraft_type": "B738", "adep": "VYYY", "ades": "VYMD", "dep_rwy": "", "arr_rwy": "", "sid": "", "star": "", "approach": "", "epoch_ts": "2025-12-23 00:32:10+00:00", "altitude_ft": 11011.4, "tas_kt": 339.0, "gs_kt": 339.0, "track_deg": 44.98090411759781, "phase": "descent", "waypoint": "", "sector": "Yangon FIR", "event": ""}, "geometry": {"type": "Point", "coordinates": [97.61264942374655, 19.72092411084653, 3356.27472]}}, {"id": "398", "type": "Feature", "properties": {"flight_key": "RT1_20251223T0000Z", "callsign": "RT1", "aircraft_type": "B738", "adep": "VYYY", "ades": "VYMD", "dep_rwy": "", "arr_rwy": "", "sid": "", "star": "", "approach": "", "epoch_ts": "2025-12-23 00:32:15+00:00", "altitude_ft": 10894.7, "tas_kt": 338.4, "gs_kt": 338.4, "track_deg": 44.98090411759781, "phase": "descent", "waypoint": "", "sector": "Yangon FIR", "event": ""}, "geometry": {"type": "Point", "coordinates": [97.6182455379079, 19.726314701505718, 3320.7045600000006]}}, {"id": "399", "type": "Feature", "properties": {"flight_key": "RT1_20251223T0000Z", "callsign": "RT1", "aircraft_type": "B738", "adep": "VYYY", "ades": "VYMD", "dep_rwy": "", "arr_rwy": "", "sid": "", "star": "", "approach": "", "epoch_ts": "2025-12-23 00:32:20+00:00", "altitude_ft": 10778.0, "tas_kt": 337.9, "gs_kt": 337.9, "track_deg": 44.98090411759781, "phase": "descent", "waypoint": "", "sector": "Yangon FIR", "event": ""}, "geometry": {"type": "Point", "coordinates": [97.62384196671498, 19.73170513770919, 3285.1344000000004]}}, {"id": "400", "type": "Feature", "properties": {"flight_key": "RT1_20251223T0000Z", "callsign": "RT1", "aircraft_type": "B738", "adep": "VYYY", "ades": "VYMD", "dep_rwy": "", "arr_rwy": "", "sid": "", "star": "", "approach": "", "epoch_ts": "2025-12-23 00:32:25+00:00", "altitude_ft": 10661.4, "tas_kt": 337.3, "gs_kt": 337.3, "track_deg": 44.98090411759781, "phase": "descent", "waypoint": "", "sector": "Yangon FIR", "event": ""}, "geometry": {"type": "Point", "coordinates": [97.62943871028395, 19.737095419396137, 3249.59472]}}, {"id": "401", "type": "Feature", "properties": {"flight_key": "RT1_20251223T0000Z", "callsign": "RT1", "aircraft_type": "B738", "adep": "VYYY", "ades": "VYMD", "dep_rwy": "", "arr_rwy": "", "sid": "", "star": "", "approach": "", "epoch_ts": "2025-12-23 00:32:30+00:00", "altitude_ft": 10544.7, "tas_kt": 336.7, "gs_kt": 336.7, "track_deg": 44.98090411759781, "phase": "descent", "waypoint": "", "sector": "Yangon FIR", "event": ""}, "geometry": {"type": "Point", "coordinates": [97.63503576873097, 19.742485546505733, 3214.0245600000003]}}, {"id": "402", "type": "Feature", "properties": {"flight_key": "RT1_20251223T0000Z", "callsign": "RT1", "aircraft_type": "B738", "adep": "VYYY", "ades": "VYMD", "dep_rwy": "", "arr_rwy": "", "sid": "", "star": "", "approach": "", "epoch_ts": "2025-12-23 00:32:35+00:00", "altitude_ft": 10428.0, "tas_kt": 336.2, "gs_kt": 336.2, "track_deg": 44.98090411759781, "phase": "descent", "waypoint": "", "sector": "Yangon FIR", "event": ""}, "geometry": {"type": "Point", "coordinates": [97.64063314217222, 19.747875518977146, 3178.4544]}}, {"id": "403", "type": "Feature", "properties": {"flight_key": "RT1_20251223T0000Z", "callsign": "RT1", "aircraft_type": "B738", "adep": "VYYY", "ades": "VYMD", "dep_rwy": "", "arr_rwy": "", "sid": "", "star": "", "approach": "", "epoch_ts": "2025-12-23 00:32:40+00:00", "altitude_ft": 10311.4, "tas_kt": 335.6, "gs_kt": 335.6, "track_deg": 44.98090411759781, "phase": "descent", "waypoint": "", "sector": "Yangon FIR", "event": ""}, "geometry": {"type": "Point", "coordinates": [97.64623083072388, 19.753265336749543, 3142.91472]}}, {"id": "404", "type": "Feature", "properties": {"flight_key": "RT1_20251223T0000Z", "callsign": "RT1", "aircraft_type": "B738", "adep": "VYYY", "ades": "VYMD", "dep_rwy": "", "arr_rwy": "", "sid": "", "star": "", "approach": "", "epoch_ts": "2025-12-23 00:32:45+00:00", "altitude_ft": 10194.7, "tas_kt": 335.0, "gs_kt": 335.0, "track_deg": 44.98090411759781, "phase": "descent", "waypoint": "", "sector": "Yangon FIR", "event": ""}, "geometry": {"type": "Point", "coordinates": [97.65182883450215, 19.758654999762072, 3107.3445600000005]}}, {"id": "405", "type": "Feature", "properties": {"flight_key": "RT1_20251223T0000Z", "callsign": "RT1", "aircraft_type": "B738", "adep": "VYYY", "ades": "VYMD", "dep_rwy": "", "arr_rwy": "", "sid": "", "star": "", "approach": "", "epoch_ts": "2025-12-23 00:32:50+00:00", "altitude_ft": 10078.0, "tas_kt": 334.5, "gs_kt": 334.5, "track_deg": 44.98090411759781, "phase": "descent", "waypoint": "", "sector": "Yangon FIR", "event": ""}, "geometry": {"type": "Point", "coordinates": [97.65742715362323, 19.76404450795388, 3071.7744000000002]}}, {"id": "406", "type": "Feature", "properties": {"flight_key": "RT1_20251223T0000Z", "callsign": "RT1", "aircraft_type": "B738", "adep": "VYYY", "ades": "VYMD", "dep_rwy": "", "arr_rwy": "", "sid": "", "star": "", "approach": "", "epoch_ts": "2025-12-23 00:32:55+00:00", "altitude_ft": 9964.9, "tas_kt": 288.6, "gs_kt": 288.6, "track_deg": 44.98090411759781, "phase": "descent", "waypoint": "", "sector": "D63", "event": ""}, "geometry": {"type": "Point", "coordinates": [97.66302578820336, 19.769433861264083, 3037.30152]}}, {"id": "407", "type": "Feature", "properties": {"flight_key": "RT1_20251223T0000Z", "callsign": "RT1", "aircraft_type": "B738", "adep": "VYYY", "ades": "VYMD", "dep_rwy": "", "arr_rwy": "", "sid": "", "star": "", "approach": "", "epoch_ts": "2025-12-23 00:33:00+00:00", "altitude_ft": 9858.9, "tas_kt": 288.1, "gs_kt": 288.1, "track_deg": 44.98090411759781, "phase": "descent", "waypoint": "", "sector": "D63", "event": ""}, "geometry": {"type": "Point", "coordinates": [97.66862473835872, 19.77482305963181, 3004.99272]}}, {"id": "408", "type": "Feature", "properties": {"flight_key": "RT1_20251223T0000Z", "callsign": "RT1", "aircraft_type": "B738", "adep": "VYYY", "ades": "VYMD", "dep_rwy": "", "arr_rwy": "", "sid": "", "star": "", "approach": "", "epoch_ts": "2025-12-23 00:33:05+00:00", "altitude_ft": 9752.9, "tas_kt": 287.7, "gs_kt": 287.7, "track_deg": 44.98090411759781, "phase": "descent", "waypoint": "", "sector": "D63", "event": ""}, "geometry": {"type": "Point", "coordinates": [97.6742240042056, 19.780212102996177, 2972.68392]}}, {"id": "409", "type": "Feature", "properties": {"flight_key": "RT1_20251223T0000Z", "callsign": "RT1", "aircraft_type": "B738", "adep": "VYYY", "ades": "VYMD", "dep_rwy": "", "arr_rwy": "", "sid": "", "star": "", "approach": "", "epoch_ts": "2025-12-23 00:33:10+00:00", "altitude_ft": 9646.9, "tas_kt": 287.2, "gs_kt": 287.2, "track_deg": 44.98090411759781, "phase": "descent", "waypoint": "", "sector": "D63", "event": ""}, "geometry": {"type": "Point", "coordinates": [97.67982358586022, 19.785600991296274, 2940.37512]}}, {"id": "410", "type": "Feature", "properties": {"flight_key": "RT1_20251223T0000Z", "callsign": "RT1", "aircraft_type": "B738", "adep": "VYYY", "ades": "VYMD", "dep_rwy": "", "arr_rwy": "", "sid": "", "star": "", "approach": "", "epoch_ts": "2025-12-23 00:33:15+00:00", "altitude_ft": 9540.9, "tas_kt": 286.8, "gs_kt": 286.8, "track_deg": 44.98090411759781, "phase": "descent", "waypoint": "", "sector": "D63", "event": ""}, "geometry": {"type": "Point", "coordinates": [97.68542348343885, 19.7909897244712, 2908.06632]}}, {"id": "411", "type": "Feature", "properties": {"flight_key": "RT1_20251223T0000Z", "callsign": "RT1", "aircraft_type": "B738", "adep": "VYYY", "ades": "VYMD", "dep_rwy": "", "arr_rwy": "", "sid": "", "star": "", "approach": "", "epoch_ts": "2025-12-23 00:33:20+00:00", "altitude_ft": 9434.9, "tas_kt": 286.3, "gs_kt": 286.3, "track_deg": 44.98090411759781, "phase": "descent", "waypoint": "", "sector": "D63", "event": ""}, "geometry": {"type": "Point", "coordinates": [97.69102369705777, 19.796378302460024, 2875.75752]}}, {"id": "412", "type": "Feature", "properties": {"flight_key": "RT1_20251223T0000Z", "callsign": "RT1", "aircraft_type": "B738", "adep": "VYYY", "ades": "VYMD", "dep_rwy": "", "arr_rwy": "", "sid": "", "star": "", "approach": "", "epoch_ts": "2025-12-23 00:33:25+00:00", "altitude_ft": 9328.9, "tas_kt": 285.9, "gs_kt": 285.9, "track_deg": 44.98090411759781, "phase": "descent", "waypoint": "", "sector": "D63", "event": ""}, "geometry": {"type": "Point", "coordinates": [97.69662422683326, 19.801766725201826, 2843.44872]}}, {"id": "413", "type": "Feature", "properties": {"flight_key": "RT1_20251223T0000Z", "callsign": "RT1", "aircraft_type": "B738", "adep": "VYYY", "ades": "VYMD", "dep_rwy": "", "arr_rwy": "", "sid": "", "star": "", "approach": "", "epoch_ts": "2025-12-23 00:33:30+00:00", "altitude_ft": 9222.9, "tas_kt": 285.4, "gs_kt": 285.4, "track_deg": 44.98090411759781, "phase": "descent", "waypoint": "", "sector": "D63", "event": ""}, "geometry": {"type": "Point", "coordinates": [97.70222507288162, 19.807154992635667, 2811.13992]}}, {"id": "414", "type": "Feature", "properties": {"flight_key": "RT1_20251223T0000Z", "callsign": "RT1", "aircraft_type": "B738", "adep": "VYYY", "ades": "VYMD", "dep_rwy": "", "arr_rwy": "", "sid": "", "star": "", "approach": "", "epoch_ts": "2025-12-23 00:33:35+00:00", "altitude_ft": 9116.9, "tas_kt": 285.0, "gs_kt": 285.0, "track_deg": 44.98090411759781, "phase": "descent", "waypoint": "", "sector": "D63", "event": ""}, "geometry": {"type": "Point", "coordinates": [97.70782623531913, 19.812543104700584, 2778.83112]}}, {"id": "415", "type": "Feature", "properties": {"flight_key": "RT1_20251223T0000Z", "callsign": "RT1", "aircraft_type": "B738", "adep": "VYYY", "ades": "VYMD", "dep_rwy": "", "arr_rwy": "", "sid": "", "star": "", "approach": "", "epoch_ts": "2025-12-23 00:33:40+00:00", "altitude_ft": 9010.9, "tas_kt": 284.5, "gs_kt": 284.5, "track_deg": 44.98090411759781, "phase": "descent", "waypoint": "", "sector": "D63", "event": ""}, "geometry": {"type": "Point", "coordinates": [97.71342771426214, 19.817931061335628, 2746.52232]}}, {"id": "416", "type": "Feature", "properties": {"flight_key": "RT1_20251223T0000Z", "callsign": "RT1", "aircraft_type": "B738", "adep": "VYYY", "ades": "VYMD", "dep_rwy": "", "arr_rwy": "", "sid": "", "star": "", "approach": "", "epoch_ts": "2025-12-23 00:33:45+00:00", "altitude_ft": 8904.9, "tas_kt": 284.1, "gs_kt": 284.1, "track_deg": 44.98090411759781, "phase": "descent", "waypoint": "", "sector": "D63", "event": ""}, "geometry": {"type": "Point", "coordinates": [97.71902950982697, 19.82331886247983, 2714.2135200000002]}}, {"id": "417", "type": "Feature", "properties": {"flight_key": "RT1_20251223T0000Z", "callsign": "RT1", "aircraft_type": "B738", "adep": "VYYY", "ades": "VYMD", "dep_rwy": "", "arr_rwy": "", "sid": "", "star": "", "approach": "", "epoch_ts": "2025-12-23 00:33:50+00:00", "altitude_ft": 8798.9, "tas_kt": 283.6, "gs_kt": 283.6, "track_deg": 44.98090411759781, "phase": "descent", "waypoint": "", "sector": "D63", "event": ""}, "geometry": {"type": "Point", "coordinates": [97.72463162212993, 19.828706508072198, 2681.90472]}}, {"id": "418", "type": "Feature", "properties": {"flight_key": "RT1_20251223T0000Z", "callsign": "RT1", "aircraft_type": "B738", "adep": "VYYY", "ades": "VYMD", "dep_rwy": "", "arr_rwy": "", "sid": "", "star": "", "approach": "", "epoch_ts": "2025-12-23 00:33:55+00:00", "altitude_ft": 8692.9, "tas_kt": 283.2, "gs_kt": 283.2, "track_deg": 44.98090411759781, "phase": "descent", "waypoint": "", "sector": "D63", "event": ""}, "geometry": {"type": "Point", "coordinates": [97.73023405128741, 19.83409399805175, 2649.59592]}}, {"id": "419", "type": "Feature", "properties": {"flight_key": "RT1_20251223T0000Z", "callsign": "RT1", "aircraft_type": "B738", "adep": "VYYY", "ades": "VYMD", "dep_rwy": "", "arr_rwy": "", "sid": "", "star": "", "approach": "", "epoch_ts": "2025-12-23 00:34:00+00:00", "altitude_ft": 8586.9, "tas_kt": 282.8, "gs_kt": 282.8, "track_deg": 44.98090411759781, "phase": "descent", "waypoint": "", "sector": "D63", "event": ""}, "geometry": {"type": "Point", "coordinates": [97.73583679741576, 19.839481332357483, 2617.28712]}}, {"id": "420", "type": "Feature", "properties": {"flight_key": "RT1_20251223T0000Z", "callsign": "RT1", "aircraft_type": "B738", "adep": "VYYY", "ades": "VYMD", "dep_rwy": "", "arr_rwy": "", "sid": "", "star": "", "approach": "", "epoch_ts": "2025-12-23 00:34:05+00:00", "altitude_ft": 8480.9, "tas_kt": 282.3, "gs_kt": 282.3, "track_deg": 44.98090411759781, "phase": "descent", "waypoint": "", "sector": "D63", "event": ""}, "geometry": {"type": "Point", "coordinates": [97.74143986063133, 19.84486851092839, 2584.97832]}}, {"id": "421", "type": "Feature", "properties": {"flight_key": "RT1_20251223T0000Z", "callsign": "RT1", "aircraft_type": "B738", "adep": "VYYY", "ades": "VYMD", "dep_rwy": "", "arr_rwy": "", "sid": "", "star": "", "approach": "", "epoch_ts": "2025-12-23 00:34:10+00:00", "altitude_ft": 8374.9, "tas_kt": 281.9, "gs_kt": 281.9, "track_deg": 44.98090411759781, "phase": "descent", "waypoint": "", "sector": "D63", "event": ""}, "geometry": {"type": "Point", "coordinates": [97.74704324105052, 19.850255533703443, 2552.66952]}}, {"id": "422", "type": "Feature", "properties": {"flight_key": "RT1_20251223T0000Z", "callsign": "RT1", "aircraft_type": "B738", "adep": "VYYY", "ades": "VYMD", "dep_rwy": "", "arr_rwy": "", "sid": "", "star": "", "approach": "", "epoch_ts": "2025-12-23 00:34:15+00:00", "altitude_ft": 8268.9, "tas_kt": 281.4, "gs_kt": 281.4, "track_deg": 44.98090411759781, "phase": "descent", "waypoint": "", "sector": "D63", "event": ""}, "geometry": {"type": "Point", "coordinates": [97.75264693878972, 19.855642400621623, 2520.36072]}}, {"id": "423", "type": "Feature", "properties": {"flight_key": "RT1_20251223T0000Z", "callsign": "RT1", "aircraft_type": "B738", "adep": "VYYY", "ades": "VYMD", "dep_rwy": "", "arr_rwy": "", "sid": "", "star": "", "approach": "", "epoch_ts": "2025-12-23 00:34:20+00:00", "altitude_ft": 8162.9, "tas_kt": 281.0, "gs_kt": 281.0, "track_deg": 44.98090411759781, "phase": "descent", "waypoint": "", "sector": "D63", "event": ""}, "geometry": {"type": "Point", "coordinates": [97.75825095396536, 19.86102911162188, 2488.05192]}}, {"id": "424", "type": "Feature", "properties": {"flight_key": "RT1_20251223T0000Z", "callsign": "RT1", "aircraft_type": "B738", "adep": "VYYY", "ades": "VYMD", "dep_rwy": "", "arr_rwy": "", "sid": "", "star": "", "approach": "", "epoch_ts": "2025-12-23 00:34:25+00:00", "altitude_ft": 8056.9, "tas_kt": 280.6, "gs_kt": 280.6, "track_deg": 44.98090411759781, "phase": "descent", "waypoint": "", "sector": "D63", "event": ""}, "geometry": {"type": "Point", "coordinates": [97.76385528669381, 19.866415666643157, 2455.74312]}}, {"id": "425", "type": "Feature", "properties": {"flight_key": "RT1_20251223T0000Z", "callsign": "RT1", "aircraft_type": "B738", "adep": "VYYY", "ades": "VYMD", "dep_rwy": "", "arr_rwy": "", "sid": "", "star": "", "approach": "", "epoch_ts": "2025-12-23 00:34:30+00:00", "altitude_ft": 7955.2, "tas_kt": 280.2, "gs_kt": 280.2, "track_deg": 44.98090411759781, "phase": "descent", "waypoint": "", "sector": "D63", "event": ""}, "geometry": {"type": "Point", "coordinates": [97.76945993709153, 19.871802065624404, 2424.74496]}}, {"id": "426", "type": "Feature", "properties": {"flight_key": "RT1_20251223T0000Z", "callsign": "RT1", "aircraft_type": "B738", "adep": "VYYY", "ades": "VYMD", "dep_rwy": "", "arr_rwy": "", "sid": "", "star": "", "approach": "", "epoch_ts": "2025-12-23 00:34:35+00:00", "altitude_ft": 7858.6, "tas_kt": 279.8, "gs_kt": 279.8, "track_deg": 44.98090411759781, "phase": "descent", "waypoint": "", "sector": "D63", "event": ""}, "geometry": {"type": "Point", "coordinates": [97.77506490527495, 19.877188308504547, 2395.30128]}}, {"id": "427", "type": "Feature", "properties": {"flight_key": "RT1_20251223T0000Z", "callsign": "RT1", "aircraft_type": "B738", "adep": "VYYY", "ades": "VYMD", "dep_rwy": "", "arr_rwy": "", "sid": "", "star": "", "approach": "", "epoch_ts": "2025-12-23 00:34:40+00:00", "altitude_ft": 7762.0, "tas_kt": 279.4, "gs_kt": 279.4, "track_deg": 44.98090411759781, "phase": "descent", "waypoint": "", "sector": "D63", "event": ""}, "geometry": {"type": "Point", "coordinates": [97.78067019136053, 19.882574395222502, 2365.8576000000003]}}, {"id": "428", "type": "Feature", "properties": {"flight_key": "RT1_20251223T0000Z", "callsign": "RT1", "aircraft_type": "B738", "adep": "VYYY", "ades": "VYMD", "dep_rwy": "", "arr_rwy": "", "sid": "", "star": "", "approach": "", "epoch_ts": "2025-12-23 00:34:45+00:00", "altitude_ft": 7665.4, "tas_kt": 279.0, "gs_kt": 279.0, "track_deg": 44.98090411759781, "phase": "descent", "waypoint": "", "sector": "D63", "event": ""}, "geometry": {"type": "Point", "coordinates": [97.7862757954647, 19.887960325717174, 2336.41392]}}, {"id": "429", "type": "Feature", "properties": {"flight_key": "RT1_20251223T0000Z", "callsign": "RT1", "aircraft_type": "B738", "adep": "VYYY", "ades": "VYMD", "dep_rwy": "", "arr_rwy": "", "sid": "", "star": "", "approach": "", "epoch_ts": "2025-12-23 00:34:50+00:00", "altitude_ft": 7568.7, "tas_kt": 278.6, "gs_kt": 278.6, "track_deg": 44.98090411759781, "phase": "descent", "waypoint": "", "sector": "D63", "event": ""}, "geometry": {"type": "Point", "coordinates": [97.79188171770396, 19.89334609992747, 2306.93976]}}, {"id": "430", "type": "Feature", "properties": {"flight_key": "RT1_20251223T0000Z", "callsign": "RT1", "aircraft_type": "B738", "adep": "VYYY", "ades": "VYMD", "dep_rwy": "", "arr_rwy": "", "sid": "", "star": "", "approach": "", "epoch_ts": "2025-12-23 00:34:55+00:00", "altitude_ft": 7472.1, "tas_kt": 278.2, "gs_kt": 278.2, "track_deg": 44.98090411759781, "phase": "descent", "waypoint": "", "sector": "D63", "event": ""}, "geometry": {"type": "Point", "coordinates": [97.79748795819478, 19.898731717792273, 2277.4960800000003]}}, {"id": "431", "type": "Feature", "properties": {"flight_key": "RT1_20251223T0000Z", "callsign": "RT1", "aircraft_type": "B738", "adep": "VYYY", "ades": "VYMD", "dep_rwy": "", "arr_rwy": "", "sid": "", "star": "", "approach": "", "epoch_ts": "2025-12-23 00:35:00+00:00", "altitude_ft": 7375.5, "tas_kt": 277.8, "gs_kt": 277.8, "track_deg": 44.98090411759781, "phase": "descent", "waypoint": "", "sector": "D63", "event": ""}, "geometry": {"type": "Point", "coordinates": [97.80309451705365, 19.904117179250456, 2248.0524]}}, {"id": "432", "type": "Feature", "properties": {"flight_key": "RT1_20251223T0000Z", "callsign": "RT1", "aircraft_type": "B738", "adep": "VYYY", "ades": "VYMD", "dep_rwy": "", "arr_rwy": "", "sid": "", "star": "", "approach": "", "epoch_ts": "2025-12-23 00:35:05+00:00", "altitude_ft": 7278.9, "tas_kt": 277.4, "gs_kt": 277.4, "track_deg": 44.98090411759781, "phase": "descent", "waypoint": "", "sector": "D63", "event": ""}, "geometry": {"type": "Point", "coordinates": [97.80870139439709, 19.909502484240893, 2218.60872]}}, {"id": "433", "type": "Feature", "properties": {"flight_key": "RT1_20251223T0000Z", "callsign": "RT1", "aircraft_type": "B738", "adep": "VYYY", "ades": "VYMD", "dep_rwy": "", "arr_rwy": "", "sid": "", "star": "", "approach": "", "epoch_ts": "2025-12-23 00:35:10+00:00", "altitude_ft": 7182.2, "tas_kt": 277.0, "gs_kt": 277.0, "track_deg": 44.98090411759781, "phase": "descent", "waypoint": "", "sector": "D63", "event": ""}, "geometry": {"type": "Point", "coordinates": [97.8143085903416, 19.91488763270244, 2189.13456]}}, {"id": "434", "type": "Feature", "properties": {"flight_key": "RT1_20251223T0000Z", "callsign": "RT1", "aircraft_type": "B738", "adep": "VYYY", "ades": "VYMD", "dep_rwy": "", "arr_rwy": "", "sid": "", "star": "", "approach": "", "epoch_ts": "2025-12-23 00:35:15+00:00", "altitude_ft": 7085.6, "tas_kt": 276.6, "gs_kt": 276.6, "track_deg": 44.98090411759781, "phase": "descent", "waypoint": "", "sector": "D63", "event": ""}, "geometry": {"type": "Point", "coordinates": [97.81991610500371, 19.920272624573943, 2159.69088]}}, {"id": "435", "type": "Feature", "properties": {"flight_key": "RT1_20251223T0000Z", "callsign": "RT1", "aircraft_type": "B738", "adep": "VYYY", "ades": "VYMD", "dep_rwy": "", "arr_rwy": "", "sid": "", "star": "", "approach": "", "epoch_ts": "2025-12-23 00:35:20+00:00", "altitude_ft": 6989.0, "tas_kt": 276.2, "gs_kt": 276.2, "track_deg": 44.98090411759781, "phase": "descent", "waypoint": "", "sector": "D63", "event": ""}, "geometry": {"type": "Point", "coordinates": [97.82552393849997, 19.925657459794245, 2130.2472000000002]}}, {"id": "436", "type": "Feature", "properties": {"flight_key": "RT1_20251223T0000Z", "callsign": "RT1", "aircraft_type": "B738", "adep": "VYYY", "ades": "VYMD", "dep_rwy": "", "arr_rwy": "", "sid": "", "star": "", "approach": "", "epoch_ts": "2025-12-23 00:35:25+00:00", "altitude_ft": 6892.4, "tas_kt": 275.8, "gs_kt": 275.8, "track_deg": 44.98090411759781, "phase": "descent", "waypoint": "", "sector": "D63", "event": ""}, "geometry": {"type": "Point", "coordinates": [97.83113209094691, 19.931042138302164, 2100.80352]}}, {"id": "437", "type": "Feature", "properties": {"flight_key": "RT1_20251223T0000Z", "callsign": "RT1", "aircraft_type": "B738", "adep": "VYYY", "ades": "VYMD", "dep_rwy": "", "arr_rwy": "", "sid": "", "star": "", "approach": "", "epoch_ts": "2025-12-23 00:35:30+00:00", "altitude_ft": 6795.7, "tas_kt": 275.5, "gs_kt": 275.5, "track_deg": 44.98090411759781, "phase": "descent", "waypoint": "", "sector": "D63", "event": ""}, "geometry": {"type": "Point", "coordinates": [97.8367405624611, 19.936426660036517, 2071.32936]}}, {"id": "438", "type": "Feature", "properties": {"flight_key": "RT1_20251223T0000Z", "callsign": "RT1", "aircraft_type": "B738", "adep": "VYYY", "ades": "VYMD", "dep_rwy": "", "arr_rwy": "", "sid": "", "star": "", "approach": "", "epoch_ts": "2025-12-23 00:35:35+00:00", "altitude_ft": 6699.1, "tas_kt": 275.1, "gs_kt": 275.1, "track_deg": 44.98090411759781, "phase": "descent", "waypoint": "", "sector": "D63", "event": ""}, "geometry": {"type": "Point", "coordinates": [97.84234935315912, 19.941811024936126, 2041.8856800000003]}}, {"id": "439", "type": "Feature", "properties": {"flight_key": "RT1_20251223T0000Z", "callsign": "RT1", "aircraft_type": "B738", "adep": "VYYY", "ades": "VYMD", "dep_rwy": "", "arr_rwy": "", "sid": "", "star": "", "approach": "", "epoch_ts": "2025-12-23 00:35:40+00:00", "altitude_ft": 6602.5, "tas_kt": 274.7, "gs_kt": 274.7, "track_deg": 44.98090411759781, "phase": "descent", "waypoint": "", "sector": "D63", "event": ""}, "geometry": {"type": "Point", "coordinates": [97.84795846315752, 19.94719523293977, 2012.442]}}, {"id": "440", "type": "Feature", "properties": {"flight_key": "RT1_20251223T0000Z", "callsign": "RT1", "aircraft_type": "B738", "adep": "VYYY", "ades": "VYMD", "dep_rwy": "", "arr_rwy": "", "sid": "", "star": "", "approach": "", "epoch_ts": "2025-12-23 00:35:45+00:00", "altitude_ft": 6505.9, "tas_kt": 274.3, "gs_kt": 274.3, "track_deg": 44.98090411759781, "phase": "descent", "waypoint": "", "sector": "D63", "event": ""}, "geometry": {"type": "Point", "coordinates": [97.85356789257294, 19.95257928398624, 1982.99832]}}, {"id": "441", "type": "Feature", "properties": {"flight_key": "RT1_20251223T0000Z", "callsign": "RT1", "aircraft_type": "B738", "adep": "VYYY", "ades": "VYMD", "dep_rwy": "", "arr_rwy": "", "sid": "", "star": "", "approach": "", "epoch_ts": "2025-12-23 00:35:50+00:00", "altitude_ft": 6409.2, "tas_kt": 273.9, "gs_kt": 273.9, "track_deg": 44.98090411759781, "phase": "descent", "waypoint": "", "sector": "D63", "event": ""}, "geometry": {"type": "Point", "coordinates": [97.85917764152194, 19.957963178014317, 1953.52416]}}, {"id": "442", "type": "Feature", "properties": {"flight_key": "RT1_20251223T0000Z", "callsign": "RT1", "aircraft_type": "B738", "adep": "VYYY", "ades": "VYMD", "dep_rwy": "", "arr_rwy": "", "sid": "", "star": "", "approach": "", "epoch_ts": "2025-12-23 00:35:55+00:00", "altitude_ft": 6312.6, "tas_kt": 273.5, "gs_kt": 273.5, "track_deg": 44.98090411759781, "phase": "descent", "waypoint": "", "sector": "D63", "event": ""}, "geometry": {"type": "Point", "coordinates": [97.86478771012116, 19.963346914962763, 1924.0804800000003]}}, {"id": "443", "type": "Feature", "properties": {"flight_key": "RT1_20251223T0000Z", "callsign": "RT1", "aircraft_type": "B738", "adep": "VYYY", "ades": "VYMD", "dep_rwy": "", "arr_rwy": "", "sid": "", "star": "", "approach": "", "epoch_ts": "2025-12-23 00:36:00+00:00", "altitude_ft": 6216.0, "tas_kt": 273.2, "gs_kt": 273.2, "track_deg": 44.98090411759781, "phase": "descent", "waypoint": "", "sector": "D63", "event": ""}, "geometry": {"type": "Point", "coordinates": [97.87039809848723, 19.96873049477033, 1894.6368]}}, {"id": "444", "type": "Feature", "properties": {"flight_key": "RT1_20251223T0000Z", "callsign": "RT1", "aircraft_type": "B738", "adep": "VYYY", "ades": "VYMD", "dep_rwy": "", "arr_rwy": "", "sid": "", "star": "", "approach": "", "epoch_ts": "2025-12-23 00:36:05+00:00", "altitude_ft": 6119.4, "tas_kt": 272.8, "gs_kt": 272.8, "track_deg": 44.98090411759781, "phase": "descent", "waypoint": "", "sector": "D63", "event": ""}, "geometry": {"type": "Point", "coordinates": [97.87600880673676, 19.974113917375774, 1865.19312]}}, {"id": "445", "type": "Feature", "properties": {"flight_key": "RT1_20251223T0000Z", "callsign": "RT1", "aircraft_type": "B738", "adep": "VYYY", "ades": "VYMD", "dep_rwy": "", "arr_rwy": "", "sid": "", "star": "", "approach": "", "epoch_ts": "2025-12-23 00:36:10+00:00", "altitude_ft": 6022.7, "tas_kt": 272.4, "gs_kt": 272.4, "track_deg": 44.98090411759781, "phase": "descent", "waypoint": "", "sector": "D63", "event": ""}, "geometry": {"type": "Point", "coordinates": [97.88161983498642, 19.97949718271782, 1835.71896]}}, {"id": "446", "type": "Feature", "properties": {"flight_key": "RT1_20251223T0000Z", "callsign": "RT1", "aircraft_type": "B738", "adep": "VYYY", "ades": "VYMD", "dep_rwy": "", "arr_rwy": "", "sid": "", "star": "", "approach": "", "epoch_ts": "2025-12-23 00:36:15+00:00", "altitude_ft": 5937.3, "tas_kt": 272.1, "gs_kt": 272.1, "track_deg": 44.98090411759781, "phase": "descent", "waypoint": "", "sector": "D63", "event": ""}, "geometry": {"type": "Point", "coordinates": [97.88723118335287, 19.984880290735195, 1809.6890400000002]}}, {"id": "447", "type": "Feature", "properties": {"flight_key": "RT1_20251223T0000Z", "callsign": "RT1", "aircraft_type": "B738", "adep": "VYYY", "ades": "VYMD", "dep_rwy": "", "arr_rwy": "", "sid": "", "star": "", "approach": "", "epoch_ts": "2025-12-23 00:36:20+00:00", "altitude_ft": 5855.2, "tas_kt": 271.7, "gs_kt": 271.7, "track_deg": 44.98090411759781, "phase": "descent", "waypoint": "", "sector": "D63", "event": ""}, "geometry": {"type": "Point", "coordinates": [97.89284285195276, 19.99026324136662, 1784.66496]}}, {"id": "448", "type": "Feature", "properties": {"flight_key": "RT1_20251223T0000Z", "callsign": "RT1", "aircraft_type": "B738", "adep": "VYYY", "ades": "VYMD", "dep_rwy": "", "arr_rwy": "", "sid": "", "star": "", "approach": "", "epoch_ts": "2025-12-23 00:36:25+00:00", "altitude_ft": 5773.2, "tas_kt": 271.4, "gs_kt": 271.4, "track_deg": 44.98090411759781, "phase": "descent", "waypoint": "", "sector": "D63", "event": ""}, "geometry": {"type": "Point", "coordinates": [97.8984548409028, 19.9956460345508, 1759.67136]}}, {"id": "449", "type": "Feature", "properties": {"flight_key": "RT1_20251223T0000Z", "callsign": "RT1", "aircraft_type": "B738", "adep": "VYYY", "ades": "VYMD", "dep_rwy": "", "arr_rwy": "", "sid": "", "star": "", "approach": "", "epoch_ts": "2025-12-23 00:36:30+00:00", "altitude_ft": 5691.1, "tas_kt": 271.1, "gs_kt": 271.1, "track_deg": 44.98090411759781, "phase": "descent", "waypoint": "", "sector": "D63", "event": ""}, "geometry": {"type": "Point", "coordinates": [97.90406715031968, 20.001028670226415, 1734.6472800000001]}}, {"id": "450", "type": "Feature", "properties": {"flight_key": "RT1_20251223T0000Z", "callsign": "RT1", "aircraft_type": "B738", "adep": "VYYY", "ades": "VYMD", "dep_rwy": "", "arr_rwy": "", "sid": "", "star": "", "approach": "", "epoch_ts": "2025-12-23 00:36:35+00:00", "altitude_ft": 5609.1, "tas_kt": 270.8, "gs_kt": 270.8, "track_deg": 44.98090411759781, "phase": "descent", "waypoint": "", "sector": "D63", "event": ""}, "geometry": {"type": "Point", "coordinates": [97.90967978032008, 20.006411148332162, 1709.6536800000001]}}, {"id": "451", "type": "Feature", "properties": {"flight_key": "RT1_20251223T0000Z", "callsign": "RT1", "aircraft_type": "B738", "adep": "VYYY", "ades": "VYMD", "dep_rwy": "", "arr_rwy": "", "sid": "", "star": "", "approach": "", "epoch_ts": "2025-12-23 00:36:40+00:00", "altitude_ft": 5527.1, "tas_kt": 270.4, "gs_kt": 270.4, "track_deg": 44.98090411759781, "phase": "descent", "waypoint": "", "sector": "D63", "event": ""}, "geometry": {"type": "Point", "coordinates": [97.91529273102073, 20.011793468806715, 1684.66008]}}, {"id": "452", "type": "Feature", "properties": {"flight_key": "RT1_20251223T0000Z", "callsign": "RT1", "aircraft_type": "B738", "adep": "VYYY", "ades": "VYMD", "dep_rwy": "", "arr_rwy": "", "sid": "", "star": "", "approach": "", "epoch_ts": "2025-12-23 00:36:45+00:00", "altitude_ft": 5445.0, "tas_kt": 270.1, "gs_kt": 270.1, "track_deg": 44.98090411759781, "phase": "descent", "waypoint": "", "sector": "D63", "event": ""}, "geometry": {"type": "Point", "coordinates": [97.92090600253835, 20.01717563158873, 1659.6360000000002]}}, {"id": "453", "type": "Feature", "properties": {"flight_key": "RT1_20251223T0000Z", "callsign": "RT1", "aircraft_type": "B738", "adep": "VYYY", "ades": "VYMD", "dep_rwy": "", "arr_rwy": "", "sid": "", "star": "", "approach": "", "epoch_ts": "2025-12-23 00:36:50+00:00", "altitude_ft": 5363.0, "tas_kt": 269.8, "gs_kt": 269.8, "track_deg": 44.98090411759781, "phase": "descent", "waypoint": "", "sector": "D63", "event": ""}, "geometry": {"type": "Point", "coordinates": [97.92651959498968, 20.022557636616867, 1634.6424000000002]}}, {"id": "454", "type": "Feature", "properties": {"flight_key": "RT1_20251223T0000Z", "callsign": "RT1", "aircraft_type": "B738", "adep": "VYYY", "ades": "VYMD", "dep_rwy": "", "arr_rwy": "", "sid": "", "star": "", "approach": "", "epoch_ts": "2025-12-23 00:36:52.894001+00:00", "altitude_ft": 5315.5, "tas_kt": 269.6, "gs_kt": 269.6, "track_deg": 44.98090411759781, "phase": "descent", "waypoint": "MIA", "sector": "D63", "event": ""}, "geometry": {"type": "Point", "coordinates": [97.92976888999999, 20.025672669999995, 1620.1644000000001]}}, {"id": "455", "type": "Feature", "properties": {"flight_key": "RT1_20251223T0000Z", "callsign": "RT1", "aircraft_type": "B738", "adep": "VYYY", "ades": "VYMD", "dep_rwy": "", "arr_rwy": "", "sid": "", "star": "", "approach": "", "epoch_ts": "2025-12-23 00:36:55+00:00", "altitude_ft": 5280.9, "tas_kt": 269.5, "gs_kt": 269.5, "track_deg": 46.32486890136842, "phase": "descent", "waypoint": "", "sector": "D63", "event": ""}, "geometry": {"type": "Point", "coordinates": [97.93218331288585, 20.02789036286358, 1609.61832]}}, {"id": "456", "type": "Feature", "properties": {"flight_key": "RT1_20251223T0000Z", "callsign": "RT1", "aircraft_type": "B738", "adep": "VYYY", "ades": "VYMD", "dep_rwy": "", "arr_rwy": "", "sid": "", "star": "", "approach": "", "epoch_ts": "2025-12-23 00:37:00+00:00", "altitude_ft": 5198.9, "tas_kt": 269.2, "gs_kt": 269.2, "track_deg": 46.32486890136842, "phase": "descent", "waypoint": "", "sector": "D63", "event": ""}, "geometry": {"type": "Point", "coordinates": [97.93791579141292, 20.033155426069847, 1584.62472]}}, {"id": "457", "type": "Feature", "properties": {"flight_key": "RT1_20251223T0000Z", "callsign": "RT1", "aircraft_type": "B738", "adep": "VYYY", "ades": "VYMD", "dep_rwy": "", "arr_rwy": "", "sid": "", "star": "", "approach": "", "epoch_ts": "2025-12-23 00:37:05+00:00", "altitude_ft": 5116.9, "tas_kt": 268.9, "gs_kt": 268.9, "track_deg": 46.32486890136842, "phase": "descent", "waypoint": "", "sector": "Mandalay TMA", "event": ""}, "geometry": {"type": "Point", "coordinates": [97.9436485908777, 20.038420324860024, 1559.63112]}}, {"id": "458", "type": "Feature", "properties": {"flight_key": "RT1_20251223T0000Z", "callsign": "RT1", "aircraft_type": "B738", "adep": "VYYY", "ades": "VYMD", "dep_rwy": "", "arr_rwy": "", "sid": "", "star": "", "approach": "", "epoch_ts": "2025-12-23 00:37:10+00:00", "altitude_ft": 5034.8, "tas_kt": 268.5, "gs_kt": 268.5, "track_deg": 46.32486890136842, "phase": "descent", "waypoint": "", "sector": "Mandalay TMA", "event": ""}, "geometry": {"type": "Point", "coordinates": [97.94938171139351, 20.04368505917158, 1534.60704]}}, {"id": "459", "type": "Feature", "properties": {"flight_key": "RT1_20251223T0000Z", "callsign": "RT1", "aircraft_type": "B738", "adep": "VYYY", "ades": "VYMD", "dep_rwy": "", "arr_rwy": "", "sid": "", "star": "", "approach": "", "epoch_ts": "2025-12-23 00:37:15+00:00", "altitude_ft": 4952.8, "tas_kt": 268.2, "gs_kt": 268.2, "track_deg": 46.32486890136842, "phase": "descent", "waypoint": "", "sector": "Mandalay TMA", "event": ""}, "geometry": {"type": "Point", "coordinates": [97.95511515307369, 20.04894962894194, 1509.61344]}}, {"id": "460", "type": "Feature", "properties": {"flight_key": "RT1_20251223T0000Z", "callsign": "RT1", "aircraft_type": "B738", "adep": "VYYY", "ades": "VYMD", "dep_rwy": "", "arr_rwy": "", "sid": "", "star": "", "approach": "", "epoch_ts": "2025-12-23 00:37:20+00:00", "altitude_ft": 4870.7, "tas_kt": 267.9, "gs_kt": 267.9, "track_deg": 46.32486890136842, "phase": "descent", "waypoint": "", "sector": "Mandalay TMA", "event": ""}, "geometry": {"type": "Point", "coordinates": [97.96084891603158, 20.054214034108565, 1484.58936]}}, {"id": "461", "type": "Feature", "properties": {"flight_key": "RT1_20251223T0000Z", "callsign": "RT1", "aircraft_type": "B738", "adep": "VYYY", "ades": "VYMD", "dep_rwy": "", "arr_rwy": "", "sid": "", "star": "", "approach": "", "epoch_ts": "2025-12-23 00:37:25+00:00", "altitude_ft": 4788.7, "tas_kt": 267.6, "gs_kt": 267.6, "track_deg": 46.32486890136842, "phase": "descent", "waypoint": "", "sector": "Mandalay TMA", "event": ""}, "geometry": {"type": "Point", "coordinates": [97.96658300038051, 20.059478274608846, 1459.59576]}}, {"id": "462", "type": "Feature", "properties": {"flight_key": "RT1_20251223T0000Z", "callsign": "RT1", "aircraft_type": "B738", "adep": "VYYY", "ades": "VYMD", "dep_rwy": "", "arr_rwy": "", "sid": "", "star": "", "approach": "", "epoch_ts": "2025-12-23 00:37:30+00:00", "altitude_ft": 4706.6, "tas_kt": 267.3, "gs_kt": 267.3, "track_deg": 46.32486890136842, "phase": "descent", "waypoint": "", "sector": "Mandalay TMA", "event": ""}, "geometry": {"type": "Point", "coordinates": [97.97231740623384, 20.064742350380218, 1434.5716800000002]}}, {"id": "463", "type": "Feature", "properties": {"flight_key": "RT1_20251223T0000Z", "callsign": "RT1", "aircraft_type": "B738", "adep": "VYYY", "ades": "VYMD", "dep_rwy": "", "arr_rwy": "", "sid": "", "star": "", "approach": "", "epoch_ts": "2025-12-23 00:37:35+00:00", "altitude_ft": 4624.6, "tas_kt": 267.0, "gs_kt": 267.0, "track_deg": 46.32486890136842, "phase": "descent", "waypoint": "", "sector": "Mandalay TMA", "event": ""}, "geometry": {"type": "Point", "coordinates": [97.97805213370495, 20.07000626136007, 1409.5780800000002]}}, {"id": "464", "type": "Feature", "properties": {"flight_key": "RT1_20251223T0000Z", "callsign": "RT1", "aircraft_type": "B738", "adep": "VYYY", "ades": "VYMD", "dep_rwy": "", "arr_rwy": "", "sid": "", "star": "", "approach": "", "epoch_ts": "2025-12-23 00:37:40+00:00", "altitude_ft": 4542.6, "tas_kt": 266.6, "gs_kt": 266.6, "track_deg": 46.32486890136842, "phase": "descent", "waypoint": "", "sector": "Mandalay TMA", "event": ""}, "geometry": {"type": "Point", "coordinates": [97.98378718290721, 20.075270007485795, 1384.5844800000002]}}, {"id": "465", "type": "Feature", "properties": {"flight_key": "RT1_20251223T0000Z", "callsign": "RT1", "aircraft_type": "B738", "adep": "VYYY", "ades": "VYMD", "dep_rwy": "", "arr_rwy": "", "sid": "", "star": "", "approach": "", "epoch_ts": "2025-12-23 00:37:45+00:00", "altitude_ft": 4460.5, "tas_kt": 266.3, "gs_kt": 266.3, "track_deg": 46.32486890136842, "phase": "descent", "waypoint": "", "sector": "Mandalay TMA", "event": ""}, "geometry": {"type": "Point", "coordinates": [97.989522553954, 20.080533588694777, 1359.5604]}}, {"id": "466", "type": "Feature", "properties": {"flight_key": "RT1_20251223T0000Z", "callsign": "RT1", "aircraft_type": "B738", "adep": "VYYY", "ades": "VYMD", "dep_rwy": "", "arr_rwy": "", "sid": "", "star": "", "approach": "", "epoch_ts": "2025-12-23 00:37:50+00:00", "altitude_ft": 4378.5, "tas_kt": 266.0, "gs_kt": 266.0, "track_deg": 46.32486890136842, "phase": "descent", "waypoint": "", "sector": "Mandalay TMA", "event": ""}, "geometry": {"type": "Point", "coordinates": [97.99525824695871, 20.085797004924398, 1334.5668]}}, {"id": "467", "type": "Feature", "properties": {"flight_key": "RT1_20251223T0000Z", "callsign": "RT1", "aircraft_type": "B738", "adep": "VYYY", "ades": "VYMD", "dep_rwy": "", "arr_rwy": "", "sid": "", "star": "", "approach": "", "epoch_ts": "2025-12-23 00:37:55+00:00", "altitude_ft": 4296.4, "tas_kt": 265.7, "gs_kt": 265.7, "track_deg": 46.32486890136842, "phase": "descent", "waypoint": "", "sector": "Mandalay TMA", "event": ""}, "geometry": {"type": "Point", "coordinates": [98.00099426203477, 20.091060256112012, 1309.54272]}}, {"id": "468", "type": "Feature", "properties": {"flight_key": "RT1_20251223T0000Z", "callsign": "RT1", "aircraft_type": "B738", "adep": "VYYY", "ades": "VYMD", "dep_rwy": "", "arr_rwy": "", "sid": "", "star": "", "approach": "", "epoch_ts": "2025-12-23 00:38:00+00:00", "altitude_ft": 4214.4, "tas_kt": 265.4, "gs_kt": 265.4, "track_deg": 46.32486890136842, "phase": "descent", "waypoint": "", "sector": "Mandalay TMA", "event": ""}, "geometry": {"type": "Point", "coordinates": [98.00673059929557, 20.09632334219496, 1284.54912]}}, {"id": "469", "type": "Feature", "properties": {"flight_key": "RT1_20251223T0000Z", "callsign": "RT1", "aircraft_type": "B738", "adep": "VYYY", "ades": "VYMD", "dep_rwy": "", "arr_rwy": "", "sid": "", "star": "", "approach": "", "epoch_ts": "2025-12-23 00:38:05+00:00", "altitude_ft": 4132.4, "tas_kt": 265.1, "gs_kt": 265.1, "track_deg": 46.32486890136842, "phase": "descent", "waypoint": "", "sector": "Mandalay TMA", "event": ""}, "geometry": {"type": "Point", "coordinates": [98.01246725885454, 20.101586263110605, 1259.55552]}}, {"id": "470", "type": "Feature", "properties": {"flight_key": "RT1_20251223T0000Z", "callsign": "RT1", "aircraft_type": "B738", "adep": "VYYY", "ades": "VYMD", "dep_rwy": "", "arr_rwy": "", "sid": "", "star": "", "approach": "", "epoch_ts": "2025-12-23 00:38:10+00:00", "altitude_ft": 4050.3, "tas_kt": 264.8, "gs_kt": 264.8, "track_deg": 46.32486890136842, "phase": "descent", "waypoint": "", "sector": "Mandalay TMA", "event": ""}, "geometry": {"type": "Point", "coordinates": [98.0182042408251, 20.106849018796257, 1234.5314400000002]}}, {"id": "471", "type": "Feature", "properties": {"flight_key": "RT1_20251223T0000Z", "callsign": "RT1", "aircraft_type": "B738", "adep": "VYYY", "ades": "VYMD", "dep_rwy": "", "arr_rwy": "", "sid": "", "star": "", "approach": "", "epoch_ts": "2025-12-23 00:38:15+00:00", "altitude_ft": 3972.2, "tas_kt": 264.5, "gs_kt": 264.5, "track_deg": 46.32486890136842, "phase": "descent", "waypoint": "", "sector": "Mandalay TMA", "event": ""}, "geometry": {"type": "Point", "coordinates": [98.02394154532071, 20.112111609189252, 1210.72656]}}, {"id": "472", "type": "Feature", "properties": {"flight_key": "RT1_20251223T0000Z", "callsign": "RT1", "aircraft_type": "B738", "adep": "VYYY", "ades": "VYMD", "dep_rwy": "", "arr_rwy": "", "sid": "", "star": "", "approach": "", "epoch_ts": "2025-12-23 00:38:20+00:00", "altitude_ft": 3900.2, "tas_kt": 264.2, "gs_kt": 264.2, "track_deg": 46.32486890136842, "phase": "descent", "waypoint": "", "sector": "Mandalay TMA", "event": ""}, "geometry": {"type": "Point", "coordinates": [98.02967917245482, 20.11737403422689, 1188.78096]}}, {"id": "473", "type": "Feature", "properties": {"flight_key": "RT1_20251223T0000Z", "callsign": "RT1", "aircraft_type": "B738", "adep": "VYYY", "ades": "VYMD", "dep_rwy": "", "arr_rwy": "", "sid": "", "star": "", "approach": "", "epoch_ts": "2025-12-23 00:38:25+00:00", "altitude_ft": 3828.2, "tas_kt": 263.9, "gs_kt": 263.9, "track_deg": 46.32486890136842, "phase": "descent", "waypoint": "", "sector": "Mandalay TMA", "event": ""}, "geometry": {"type": "Point", "coordinates": [98.03541712234087, 20.122636293846494, 1166.83536]}}, {"id": "474", "type": "Feature", "properties": {"flight_key": "RT1_20251223T0000Z", "callsign": "RT1", "aircraft_type": "B738", "adep": "VYYY", "ades": "VYMD", "dep_rwy": "", "arr_rwy": "", "sid": "", "star": "", "approach": "", "epoch_ts": "2025-12-23 00:38:30+00:00", "altitude_ft": 3756.2, "tas_kt": 263.7, "gs_kt": 263.7, "track_deg": 46.32486890136842, "phase": "descent", "waypoint": "", "sector": "Mandalay TMA", "event": ""}, "geometry": {"type": "Point", "coordinates": [98.04115539509236, 20.127898387985326, 1144.88976]}}, {"id": "475", "type": "Feature", "properties": {"flight_key": "RT1_20251223T0000Z", "callsign": "RT1", "aircraft_type": "B738", "adep": "VYYY", "ades": "VYMD", "dep_rwy": "", "arr_rwy": "", "sid": "", "star": "", "approach": "", "epoch_ts": "2025-12-23 00:38:35+00:00", "altitude_ft": 3684.2, "tas_kt": 263.4, "gs_kt": 263.4, "track_deg": 46.32486890136842, "phase": "descent", "waypoint": "", "sector": "Mandalay TMA", "event": ""}, "geometry": {"type": "Point", "coordinates": [98.04689399082274, 20.13316031658068, 1122.94416]}}, {"id": "476", "type": "Feature", "properties": {"flight_key": "RT1_20251223T0000Z", "callsign": "RT1", "aircraft_type": "B738", "adep": "VYYY", "ades": "VYMD", "dep_rwy": "", "arr_rwy": "", "sid": "", "star": "", "approach": "", "epoch_ts": "2025-12-23 00:38:40+00:00", "altitude_ft": 3612.2, "tas_kt": 263.1, "gs_kt": 263.1, "track_deg": 46.32486890136842, "phase": "descent", "waypoint": "", "sector": "Mandalay TMA", "event": ""}, "geometry": {"type": "Point", "coordinates": [98.05263290964551, 20.138422079569825, 1100.99856]}}, {"id": "477", "type": "Feature", "properties": {"flight_key": "RT1_20251223T0000Z", "callsign": "RT1", "aircraft_type": "B738", "adep": "VYYY", "ades": "VYMD", "dep_rwy": "", "arr_rwy": "", "sid": "", "star": "", "approach": "", "epoch_ts": "2025-12-23 00:38:45+00:00", "altitude_ft": 3540.2, "tas_kt": 262.8, "gs_kt": 262.8, "track_deg": 46.32486890136842, "phase": "descent", "waypoint": "", "sector": "Mandalay TMA", "event": ""}, "geometry": {"type": "Point", "coordinates": [98.05837215167418, 20.143683676890024, 1079.05296]}}, {"id": "478", "type": "Feature", "properties": {"flight_key": "RT1_20251223T0000Z", "callsign": "RT1", "aircraft_type": "B738", "adep": "VYYY", "ades": "VYMD", "dep_rwy": "", "arr_rwy": "", "sid": "", "star": "", "approach": "", "epoch_ts": "2025-12-23 00:38:50+00:00", "altitude_ft": 3468.2, "tas_kt": 262.6, "gs_kt": 262.6, "track_deg": 46.32486890136842, "phase": "descent", "waypoint": "", "sector": "Mandalay TMA", "event": ""}, "geometry": {"type": "Point", "coordinates": [98.06411171702223, 20.148945108478532, 1057.10736]}}, {"id": "479", "type": "Feature", "properties": {"flight_key": "RT1_20251223T0000Z", "callsign": "RT1", "aircraft_type": "B738", "adep": "VYYY", "ades": "VYMD", "dep_rwy": "", "arr_rwy": "", "sid": "", "star": "", "approach": "", "epoch_ts": "2025-12-23 00:38:55+00:00", "altitude_ft": 3396.2, "tas_kt": 262.3, "gs_kt": 262.3, "track_deg": 46.32486890136842, "phase": "descent", "waypoint": "", "sector": "Mandalay TMA", "event": ""}, "geometry": {"type": "Point", "coordinates": [98.06985160580321, 20.154206374272587, 1035.16176]}}, {"id": "480", "type": "Feature", "properties": {"flight_key": "RT1_20251223T0000Z", "callsign": "RT1", "aircraft_type": "B738", "adep": "VYYY", "ades": "VYMD", "dep_rwy": "", "arr_rwy": "", "sid": "", "star": "", "approach": "", "epoch_ts": "2025-12-23 00:39:00+00:00", "altitude_ft": 3324.2, "tas_kt": 262.0, "gs_kt": 262.0, "track_deg": 46.32486890136842, "phase": "descent", "waypoint": "", "sector": "Mandalay TMA", "event": ""}, "geometry": {"type": "Point", "coordinates": [98.0755918181306, 20.159467474209404, 1013.21616]}}, {"id": "481", "type": "Feature", "properties": {"flight_key": "RT1_20251223T0000Z", "callsign": "RT1", "aircraft_type": "B738", "adep": "VYYY", "ades": "VYMD", "dep_rwy": "", "arr_rwy": "", "sid": "", "star": "", "approach": "", "epoch_ts": "2025-12-23 00:39:05+00:00", "altitude_ft": 3252.2, "tas_kt": 261.8, "gs_kt": 261.8, "track_deg": 46.32486890136842, "phase": "descent", "waypoint": "", "sector": "Mandalay TMA", "event": ""}, "geometry": {"type": "Point", "coordinates": [98.08133235411799, 20.164728408226217, 991.27056]}}, {"id": "482", "type": "Feature", "properties": {"flight_key": "RT1_20251223T0000Z", "callsign": "RT1", "aircraft_type": "B738", "adep": "VYYY", "ades": "VYMD", "dep_rwy": "", "arr_rwy": "", "sid": "", "star": "", "approach": "", "epoch_ts": "2025-12-23 00:39:10+00:00", "altitude_ft": 3180.2, "tas_kt": 261.5, "gs_kt": 261.5, "track_deg": 46.32486890136842, "phase": "descent", "waypoint": "", "sector": "Mandalay TMA", "event": ""}, "geometry": {"type": "Point", "coordinates": [98.0870732138789, 20.16998917626023, 969.32496]}}, {"id": "483", "type": "Feature", "properties": {"flight_key": "RT1_20251223T0000Z", "callsign": "RT1", "aircraft_type": "B738", "adep": "VYYY", "ades": "VYMD", "dep_rwy": "", "arr_rwy": "", "sid": "", "star": "", "approach": "", "epoch_ts": "2025-12-23 00:39:15+00:00", "altitude_ft": 3108.2, "tas_kt": 261.2, "gs_kt": 261.2, "track_deg": 46.32486890136842, "phase": "descent", "waypoint": "", "sector": "Mandalay TMA", "event": ""}, "geometry": {"type": "Point", "coordinates": [98.09281439752685, 20.175249778248645, 947.37936]}}, {"id": "484", "type": "Feature", "properties": {"flight_key": "RT1_20251223T0000Z", "callsign": "RT1", "aircraft_type": "B738", "adep": "VYYY", "ades": "VYMD", "dep_rwy": "", "arr_rwy": "", "sid": "", "star": "", "approach": "", "epoch_ts": "2025-12-23 00:39:20+00:00", "altitude_ft": 3036.2, "tas_kt": 261.0, "gs_kt": 261.0, "track_deg": 46.32486890136842, "phase": "descent", "waypoint": "", "sector": "Mandalay TMA", "event": ""}, "geometry": {"type": "Point", "coordinates": [98.09855590517547, 20.180510214128656, 925.43376]}}, {"id": "485", "type": "Feature", "properties": {"flight_key": "RT1_20251223T0000Z", "callsign": "RT1", "aircraft_type": "B738", "adep": "VYYY", "ades": "VYMD", "dep_rwy": "", "arr_rwy": "", "sid": "", "star": "", "approach": "", "epoch_ts": "2025-12-23 00:39:25+00:00", "altitude_ft": 2966.2, "tas_kt": 260.7, "gs_kt": 260.7, "track_deg": 46.32486890136842, "phase": "descent", "waypoint": "", "sector": "Mandalay TMA", "event": ""}, "geometry": {"type": "Point", "coordinates": [98.10429773693828, 20.185770483837434, 904.09776]}}, {"id": "486", "type": "Feature", "properties": {"flight_key": "RT1_20251223T0000Z", "callsign": "RT1", "aircraft_type": "B738", "adep": "VYYY", "ades": "VYMD", "dep_rwy": "", "arr_rwy": "", "sid": "", "star": "", "approach": "", "epoch_ts": "2025-12-23 00:39:30+00:00", "altitude_ft": 2898.2, "tas_kt": 260.4, "gs_kt": 260.4, "track_deg": 46.32486890136842, "phase": "descent", "waypoint": "", "sector": "Mandalay TMA", "event": ""}, "geometry": {"type": "Point", "coordinates": [98.11003989292888, 20.19103058731215, 883.37136]}}, {"id": "487", "type": "Feature", "properties": {"flight_key": "RT1_20251223T0000Z", "callsign": "RT1", "aircraft_type": "B738", "adep": "VYYY", "ades": "VYMD", "dep_rwy": "", "arr_rwy": "", "sid": "", "star": "", "approach": "", "epoch_ts": "2025-12-23 00:39:35+00:00", "altitude_ft": 2830.2, "tas_kt": 260.2, "gs_kt": 260.2, "track_deg": 46.32486890136842, "phase": "descent", "waypoint": "", "sector": "Mandalay TMA", "event": ""}, "geometry": {"type": "Point", "coordinates": [98.11578237326087, 20.196290524489957, 862.64496]}}, {"id": "488", "type": "Feature", "properties": {"flight_key": "RT1_20251223T0000Z", "callsign": "RT1", "aircraft_type": "B738", "adep": "VYYY", "ades": "VYMD", "dep_rwy": "", "arr_rwy": "", "sid": "", "star": "", "approach": "", "epoch_ts": "2025-12-23 00:39:40+00:00", "altitude_ft": 2762.3, "tas_kt": 259.9, "gs_kt": 259.9, "track_deg": 46.32486890136842, "phase": "descent", "waypoint": "", "sector": "Mandalay TMA", "event": ""}, "geometry": {"type": "Point", "coordinates": [98.12152517804785, 20.201550295308017, 841.9490400000001]}}, {"id": "489", "type": "Feature", "properties": {"flight_key": "RT1_20251223T0000Z", "callsign": "RT1", "aircraft_type": "B738", "adep": "VYYY", "ades": "VYMD", "dep_rwy": "", "arr_rwy": "", "sid": "", "star": "", "approach": "", "epoch_ts": "2025-12-23 00:39:45+00:00", "altitude_ft": 2694.3, "tas_kt": 259.7, "gs_kt": 259.7, "track_deg": 46.32486890136842, "phase": "descent", "waypoint": "", "sector": "Mandalay TMA", "event": ""}, "geometry": {"type": "Point", "coordinates": [98.12726830740341, 20.20680989970346, 821.2226400000001]}}, {"id": "490", "type": "Feature", "properties": {"flight_key": "RT1_20251223T0000Z", "callsign": "RT1", "aircraft_type": "B738", "adep": "VYYY", "ades": "VYMD", "dep_rwy": "", "arr_rwy": "", "sid": "", "star": "", "approach": "", "epoch_ts": "2025-12-23 00:39:50+00:00", "altitude_ft": 2626.4, "tas_kt": 259.4, "gs_kt": 259.4, "track_deg": 46.32486890136842, "phase": "descent", "waypoint": "", "sector": "Mandalay TMA", "event": ""}, "geometry": {"type": "Point", "coordinates": [98.13301176144118, 20.212069337613414, 800.5267200000001]}}, {"id": "491", "type": "Feature", "properties": {"flight_key": "RT1_20251223T0000Z", "callsign": "RT1", "aircraft_type": "B738", "adep": "VYYY", "ades": "VYMD", "dep_rwy": "", "arr_rwy": "", "sid": "", "star": "", "approach": "", "epoch_ts": "2025-12-23 00:39:55+00:00", "altitude_ft": 2558.4, "tas_kt": 259.2, "gs_kt": 259.2, "track_deg": 46.32486890136842, "phase": "descent", "waypoint": "", "sector": "Mandalay TMA", "event": ""}, "geometry": {"type": "Point", "coordinates": [98.13875554027481, 20.217328608974995, 779.80032]}}, {"id": "492", "type": "Feature", "properties": {"flight_key": "RT1_20251223T0000Z", "callsign": "RT1", "aircraft_type": "B738", "adep": "VYYY", "ades": "VYMD", "dep_rwy": "", "arr_rwy": "", "sid": "", "star": "", "approach": "", "epoch_ts": "2025-12-23 00:40:00+00:00", "altitude_ft": 2490.5, "tas_kt": 258.9, "gs_kt": 258.9, "track_deg": 46.32486890136842, "phase": "descent", "waypoint": "", "sector": "Mandalay TMA", "event": ""}, "geometry": {"type": "Point", "coordinates": [98.14449964401791, 20.222587713725314, 759.1044]}}, {"id": "493", "type": "Feature", "properties": {"flight_key": "RT1_20251223T0000Z", "callsign": "RT1", "aircraft_type": "B738", "adep": "VYYY", "ades": "VYMD", "dep_rwy": "", "arr_rwy": "", "sid": "", "star": "", "approach": "", "epoch_ts": "2025-12-23 00:40:05+00:00", "altitude_ft": 2422.5, "tas_kt": 258.7, "gs_kt": 258.7, "track_deg": 46.32486890136842, "phase": "descent", "waypoint": "", "sector": "Mandalay TMA", "event": ""}, "geometry": {"type": "Point", "coordinates": [98.15024407278415, 20.22784665180147, 738.378]}}, {"id": "494", "type": "Feature", "properties": {"flight_key": "RT1_20251223T0000Z", "callsign": "RT1", "aircraft_type": "B738", "adep": "VYYY", "ades": "VYMD", "dep_rwy": "", "arr_rwy": "", "sid": "", "star": "", "approach": "", "epoch_ts": "2025-12-23 00:40:10+00:00", "altitude_ft": 2354.5, "tas_kt": 258.4, "gs_kt": 258.4, "track_deg": 46.32486890136842, "phase": "descent", "waypoint": "", "sector": "Mandalay TMA", "event": ""}, "geometry": {"type": "Point", "coordinates": [98.15598882668716, 20.233105423140543, 717.6516]}}, {"id": "495", "type": "Feature", "properties": {"flight_key": "RT1_20251223T0000Z", "callsign": "RT1", "aircraft_type": "B738", "adep": "VYYY", "ades": "VYMD", "dep_rwy": "", "arr_rwy": "", "sid": "", "star": "", "approach": "", "epoch_ts": "2025-12-23 00:40:15+00:00", "altitude_ft": 2286.6, "tas_kt": 258.2, "gs_kt": 258.2, "track_deg": 46.32486890136842, "phase": "descent", "waypoint": "", "sector": "Mandalay TMA", "event": ""}, "geometry": {"type": "Point", "coordinates": [98.16173390584063, 20.238364027679616, 696.95568]}}, {"id": "496", "type": "Feature", "properties": {"flight_key": "RT1_20251223T0000Z", "callsign": "RT1", "aircraft_type": "B738", "adep": "VYYY", "ades": "VYMD", "dep_rwy": "", "arr_rwy": "", "sid": "", "star": "", "approach": "", "epoch_ts": "2025-12-23 00:40:20+00:00", "altitude_ft": 2218.6, "tas_kt": 257.9, "gs_kt": 257.9, "track_deg": 46.32486890136842, "phase": "descent", "waypoint": "", "sector": "Mandalay TMA", "event": ""}, "geometry": {"type": "Point", "coordinates": [98.16747931035825, 20.243622465355756, 676.22928]}}, {"id": "497", "type": "Feature", "properties": {"flight_key": "RT1_20251223T0000Z", "callsign": "RT1", "aircraft_type": "B738", "adep": "VYYY", "ades": "VYMD", "dep_rwy": "", "arr_rwy": "", "sid": "", "star": "", "approach": "", "epoch_ts": "2025-12-23 00:40:25+00:00", "altitude_ft": 2150.7, "tas_kt": 257.7, "gs_kt": 257.7, "track_deg": 46.32486890136842, "phase": "descent", "waypoint": "", "sector": "Mandalay TMA", "event": ""}, "geometry": {"type": "Point", "coordinates": [98.17322504035366, 20.248880736106017, 655.53336]}}, {"id": "498", "type": "Feature", "properties": {"flight_key": "RT1_20251223T0000Z", "callsign": "RT1", "aircraft_type": "B738", "adep": "VYYY", "ades": "VYMD", "dep_rwy": "", "arr_rwy": "", "sid": "", "star": "", "approach": "", "epoch_ts": "2025-12-23 00:40:30+00:00", "altitude_ft": 2082.7, "tas_kt": 257.4, "gs_kt": 257.4, "track_deg": 46.32486890136842, "phase": "descent", "waypoint": "", "sector": "Mandalay TMA", "event": ""}, "geometry": {"type": "Point", "coordinates": [98.1789710959406, 20.254138839867444, 634.80696]}}, {"id": "499", "type": "Feature", "properties": {"flight_key": "RT1_20251223T0000Z", "callsign": "RT1", "aircraft_type": "B738", "adep": "VYYY", "ades": "VYMD", "dep_rwy": "", "arr_rwy": "", "sid": "", "star": "", "approach": "", "epoch_ts": "2025-12-23 00:40:35+00:00", "altitude_ft": 2014.7, "tas_kt": 257.2, "gs_kt": 257.2, "track_deg": 46.32486890136842, "phase": "descent", "waypoint": "", "sector": "Mandalay CTR", "event": ""}, "geometry": {"type": "Point", "coordinates": [98.18471747723274, 20.259396776577077, 614.08056]}}, {"id": "500", "type": "Feature", "properties": {"flight_key": "RT1_20251223T0000Z", "callsign": "RT1", "aircraft_type": "B738", "adep": "VYYY", "ades": "VYMD", "dep_rwy": "", "arr_rwy": "", "sid": "", "star": "", "approach": "", "epoch_ts": "2025-12-23 00:40:40+00:00", "altitude_ft": 1948.3, "tas_kt": 257.0, "gs_kt": 257.0, "track_deg": 46.32486890136842, "phase": "descent", "waypoint": "", "sector": "Mandalay CTR", "event": ""}, "geometry": {"type": "Point", "coordinates": [98.19046418434381, 20.26465454617193, 593.84184]}}, {"id": "501", "type": "Feature", "properties": {"flight_key": "RT1_20251223T0000Z", "callsign": "RT1", "aircraft_type": "B738", "adep": "VYYY", "ades": "VYMD", "dep_rwy": "", "arr_rwy": "", "sid": "", "star": "", "approach": "", "epoch_ts": "2025-12-23 00:40:45+00:00", "altitude_ft": 1882.3, "tas_kt": 256.7, "gs_kt": 256.7, "track_deg": 46.32486890136842, "phase": "descent", "waypoint": "", "sector": "Mandalay CTR", "event": ""}, "geometry": {"type": "Point", "coordinates": [98.19621121738753, 20.269912148589036, 573.72504]}}, {"id": "502", "type": "Feature", "properties": {"flight_key": "RT1_20251223T0000Z", "callsign": "RT1", "aircraft_type": "B738", "adep": "VYYY", "ades": "VYMD", "dep_rwy": "", "arr_rwy": "", "sid": "", "star": "", "approach": "", "epoch_ts": "2025-12-23 00:40:50+00:00", "altitude_ft": 1816.3, "tas_kt": 256.5, "gs_kt": 256.5, "track_deg": 46.32486890136842, "phase": "descent", "waypoint": "", "sector": "Mandalay CTR", "event": ""}, "geometry": {"type": "Point", "coordinates": [98.20195857647764, 20.27516958376539, 553.60824]}}, {"id": "503", "type": "Feature", "properties": {"flight_key": "RT1_20251223T0000Z", "callsign": "RT1", "aircraft_type": "B738", "adep": "VYYY", "ades": "VYMD", "dep_rwy": "", "arr_rwy": "", "sid": "", "star": "", "approach": "", "epoch_ts": "2025-12-23 00:40:55+00:00", "altitude_ft": 1750.3, "tas_kt": 256.2, "gs_kt": 256.2, "track_deg": 46.32486890136842, "phase": "descent", "waypoint": "", "sector": "Mandalay CTR", "event": ""}, "geometry": {"type": "Point", "coordinates": [98.20770626172786, 20.28042685163799, 533.49144]}}, {"id": "504", "type": "Feature", "properties": {"flight_key": "RT1_20251223T0000Z", "callsign": "RT1", "aircraft_type": "B738", "adep": "VYYY", "ades": "VYMD", "dep_rwy": "", "arr_rwy": "", "sid": "", "star": "", "approach": "", "epoch_ts": "2025-12-23 00:41:00+00:00", "altitude_ft": 1684.3, "tas_kt": 256.0, "gs_kt": 256.0, "track_deg": 46.32486890136842, "phase": "descent", "waypoint": "", "sector": "Mandalay CTR", "event": ""}, "geometry": {"type": "Point", "coordinates": [98.21345427325198, 20.285683952143824, 513.37464]}}, {"id": "505", "type": "Feature", "properties": {"flight_key": "RT1_20251223T0000Z", "callsign": "RT1", "aircraft_type": "B738", "adep": "VYYY", "ades": "VYMD", "dep_rwy": "", "arr_rwy": "", "sid": "", "star": "", "approach": "", "epoch_ts": "2025-12-23 00:41:05+00:00", "altitude_ft": 1618.3, "tas_kt": 255.8, "gs_kt": 255.8, "track_deg": 46.32486890136842, "phase": "descent", "waypoint": "", "sector": "Mandalay CTR", "event": ""}, "geometry": {"type": "Point", "coordinates": [98.21920261116372, 20.290940885219854, 493.25784]}}, {"id": "506", "type": "Feature", "properties": {"flight_key": "RT1_20251223T0000Z", "callsign": "RT1", "aircraft_type": "B738", "adep": "VYYY", "ades": "VYMD", "dep_rwy": "", "arr_rwy": "", "sid": "", "star": "", "approach": "", "epoch_ts": "2025-12-23 00:41:10+00:00", "altitude_ft": 1552.3, "tas_kt": 255.5, "gs_kt": 255.5, "track_deg": 46.32486890136842, "phase": "descent", "waypoint": "", "sector": "Mandalay CTR", "event": ""}, "geometry": {"type": "Point", "coordinates": [98.22495127557688, 20.296197650803055, 473.14104000000003]}}, {"id": "507", "type": "Feature", "properties": {"flight_key": "RT1_20251223T0000Z", "callsign": "RT1", "aircraft_type": "B738", "adep": "VYYY", "ades": "VYMD", "dep_rwy": "", "arr_rwy": "", "sid": "", "star": "", "approach": "", "epoch_ts": "2025-12-23 00:41:15+00:00", "altitude_ft": 1486.6, "tas_kt": 255.3, "gs_kt": 255.3, "track_deg": 46.32486890136842, "phase": "descent", "waypoint": "", "sector": "Mandalay CTR", "event": ""}, "geometry": {"type": "Point", "coordinates": [98.23070026660523, 20.301454248830378, 453.11568]}}, {"id": "508", "type": "Feature", "properties": {"flight_key": "RT1_20251223T0000Z", "callsign": "RT1", "aircraft_type": "B738", "adep": "VYYY", "ades": "VYMD", "dep_rwy": "", "arr_rwy": "", "sid": "", "star": "", "approach": "", "epoch_ts": "2025-12-23 00:41:20+00:00", "altitude_ft": 1421.9, "tas_kt": 255.1, "gs_kt": 255.1, "track_deg": 46.32486890136842, "phase": "descent", "waypoint": "", "sector": "Mandalay CTR", "event": ""}, "geometry": {"type": "Point", "coordinates": [98.23644958436256, 20.30671067923877, 433.3951200000001]}}, {"id": "509", "type": "Feature", "properties": {"flight_key": "RT1_20251223T0000Z", "callsign": "RT1", "aircraft_type": "B738", "adep": "VYYY", "ades": "VYMD", "dep_rwy": "", "arr_rwy": "", "sid": "", "star": "", "approach": "", "epoch_ts": "2025-12-23 00:41:25+00:00", "altitude_ft": 1357.2, "tas_kt": 254.8, "gs_kt": 254.8, "track_deg": 46.32486890136842, "phase": "descent", "waypoint": "", "sector": "Mandalay CTR", "event": ""}, "geometry": {"type": "Point", "coordinates": [98.24219922896265, 20.311966941965153, 413.67456000000004]}}, {"id": "510", "type": "Feature", "properties": {"flight_key": "RT1_20251223T0000Z", "callsign": "RT1", "aircraft_type": "B738", "adep": "VYYY", "ades": "VYMD", "dep_rwy": "", "arr_rwy": "", "sid": "", "star": "", "approach": "", "epoch_ts": "2025-12-23 00:41:30+00:00", "altitude_ft": 1292.5, "tas_kt": 254.6, "gs_kt": 254.6, "track_deg": 46.32486890136842, "phase": "descent", "waypoint": "", "sector": "Mandalay CTR", "event": ""}, "geometry": {"type": "Point", "coordinates": [98.24794920051933, 20.317223036946466, 393.954]}}, {"id": "511", "type": "Feature", "properties": {"flight_key": "RT1_20251223T0000Z", "callsign": "RT1", "aircraft_type": "B738", "adep": "VYYY", "ades": "VYMD", "dep_rwy": "", "arr_rwy": "", "sid": "", "star": "", "approach": "", "epoch_ts": "2025-12-23 00:41:35+00:00", "altitude_ft": 1227.8, "tas_kt": 254.4, "gs_kt": 254.4, "track_deg": 46.32486890136842, "phase": "descent", "waypoint": "", "sector": "Mandalay CTR", "event": ""}, "geometry": {"type": "Point", "coordinates": [98.2536994991464, 20.322478964119615, 374.23344000000003]}}, {"id": "512", "type": "Feature", "properties": {"flight_key": "RT1_20251223T0000Z", "callsign": "RT1", "aircraft_type": "B738", "adep": "VYYY", "ades": "VYMD", "dep_rwy": "", "arr_rwy": "", "sid": "", "star": "", "approach": "", "epoch_ts": "2025-12-23 00:41:40+00:00", "altitude_ft": 1163.0, "tas_kt": 254.1, "gs_kt": 254.1, "track_deg": 46.32486890136842, "phase": "descent", "waypoint": "", "sector": "Mandalay CTR", "event": ""}, "geometry": {"type": "Point", "coordinates": [98.25945012495771, 20.327734723421493, 354.48240000000004]}}, {"id": "513", "type": "Feature", "properties": {"flight_key": "RT1_20251223T0000Z", "callsign": "RT1", "aircraft_type": "B738", "adep": "VYYY", "ades": "VYMD", "dep_rwy": "", "arr_rwy": "", "sid": "", "star": "", "approach": "", "epoch_ts": "2025-12-23 00:41:45+00:00", "altitude_ft": 1098.3, "tas_kt": 253.9, "gs_kt": 253.9, "track_deg": 46.32486890136842, "phase": "descent", "waypoint": "", "sector": "Mandalay CTR", "event": ""}, "geometry": {"type": "Point", "coordinates": [98.26520107806708, 20.332990314789, 334.76184]}}, {"id": "514", "type": "Feature", "properties": {"flight_key": "RT1_20251223T0000Z", "callsign": "RT1", "aircraft_type": "B738", "adep": "VYYY", "ades": "VYMD", "dep_rwy": "", "arr_rwy": "", "sid": "", "star": "", "approach": "", "epoch_ts": "2025-12-23 00:41:50+00:00", "altitude_ft": 1033.6, "tas_kt": 253.7, "gs_kt": 253.7, "track_deg": 46.32486890136842, "phase": "descent", "waypoint": "", "sector": "Mandalay CTR", "event": ""}, "geometry": {"type": "Point", "coordinates": [98.27095235858836, 20.33824573815902, 315.04128]}}, {"id": "515", "type": "Feature", "properties": {"flight_key": "RT1_20251223T0000Z", "callsign": "RT1", "aircraft_type": "B738", "adep": "VYYY", "ades": "VYMD", "dep_rwy": "", "arr_rwy": "", "sid": "", "star": "", "approach": "", "epoch_ts": "2025-12-23 00:41:55+00:00", "altitude_ft": 972.3, "tas_kt": 253.4, "gs_kt": 253.4, "track_deg": 46.32486890136842, "phase": "descent", "waypoint": "", "sector": "Mandalay CTR", "event": ""}, "geometry": {"type": "Point", "coordinates": [98.2767039666354, 20.34350099346843, 296.35704]}}, {"id": "516", "type": "Feature", "properties": {"flight_key": "RT1_20251223T0000Z", "callsign": "RT1", "aircraft_type": "B738", "adep": "VYYY", "ades": "VYMD", "dep_rwy": "", "arr_rwy": "", "sid": "", "star": "", "approach": "", "epoch_ts": "2025-12-23 00:42:00+00:00", "altitude_ft": 914.5, "tas_kt": 253.2, "gs_kt": 253.2, "track_deg": 46.32486890136842, "phase": "descent", "waypoint": "", "sector": "Mandalay CTR", "event": ""}, "geometry": {"type": "Point", "coordinates": [98.28245590232207, 20.348756080654077, 278.7396]}}, {"id": "517", "type": "Feature", "properties": {"flight_key": "RT1_20251223T0000Z", "callsign": "RT1", "aircraft_type": "B738", "adep": "VYYY", "ades": "VYMD", "dep_rwy": "", "arr_rwy": "", "sid": "", "star": "", "approach": "", "epoch_ts": "2025-12-23 00:42:05+00:00", "altitude_ft": 856.8, "tas_kt": 253.0, "gs_kt": 253.0, "track_deg": 46.32486890136842, "phase": "descent", "waypoint": "", "sector": "Mandalay CTR", "event": ""}, "geometry": {"type": "Point", "coordinates": [98.28820816576223, 20.354010999652825, 261.15264]}}, {"id": "518", "type": "Feature", "properties": {"flight_key": "RT1_20251223T0000Z", "callsign": "RT1", "aircraft_type": "B738", "adep": "VYYY", "ades": "VYMD", "dep_rwy": "", "arr_rwy": "", "sid": "", "star": "", "approach": "", "epoch_ts": "2025-12-23 00:42:10+00:00", "altitude_ft": 799.0, "tas_kt": 252.8, "gs_kt": 252.8, "track_deg": 46.32486890136842, "phase": "descent", "waypoint": "", "sector": "Mandalay CTR", "event": ""}, "geometry": {"type": "Point", "coordinates": [98.29396075706978, 20.359265750401505, 243.5352]}}, {"id": "519", "type": "Feature", "properties": {"flight_key": "RT1_20251223T0000Z", "callsign": "RT1", "aircraft_type": "B738", "adep": "VYYY", "ades": "VYMD", "dep_rwy": "", "arr_rwy": "", "sid": "", "star": "", "approach": "", "epoch_ts": "2025-12-23 00:42:15+00:00", "altitude_ft": 741.3, "tas_kt": 252.6, "gs_kt": 252.6, "track_deg": 46.32486890136842, "phase": "descent", "waypoint": "", "sector": "Mandalay CTR", "event": ""}, "geometry": {"type": "Point", "coordinates": [98.2997136763586, 20.36452033283695, 225.94824]}}, {"id": "520", "type": "Feature", "properties": {"flight_key": "RT1_20251223T0000Z", "callsign": "RT1", "aircraft_type": "B738", "adep": "VYYY", "ades": "VYMD", "dep_rwy": "", "arr_rwy": "", "sid": "", "star": "", "approach": "", "epoch_ts": "2025-12-23 00:42:20+00:00", "altitude_ft": 683.5, "tas_kt": 252.4, "gs_kt": 252.4, "track_deg": 46.32486890136842, "phase": "descent", "waypoint": "", "sector": "Mandalay CTR", "event": ""}, "geometry": {"type": "Point", "coordinates": [98.30546692374261, 20.369774746895985, 208.3308]}}, {"id": "521", "type": "Feature", "properties": {"flight_key": "RT1_20251223T0000Z", "callsign": "RT1", "aircraft_type": "B738", "adep": "VYYY", "ades": "VYMD", "dep_rwy": "", "arr_rwy": "", "sid": "", "star": "", "approach": "", "epoch_ts": "2025-12-23 00:42:25+00:00", "altitude_ft": 625.8, "tas_kt": 252.2, "gs_kt": 252.2, "track_deg": 46.32486890136842, "phase": "descent", "waypoint": "", "sector": "Mandalay CTR", "event": ""}, "geometry": {"type": "Point", "coordinates": [98.3112204993357, 20.37502899251541, 190.74384]}}, {"id": "522", "type": "Feature", "properties": {"flight_key": "RT1_20251223T0000Z", "callsign": "RT1", "aircraft_type": "B738", "adep": "VYYY", "ades": "VYMD", "dep_rwy": "", "arr_rwy": "", "sid": "", "star": "", "approach": "", "epoch_ts": "2025-12-23 00:42:29.048917+00:00", "altitude_ft": 579.0, "tas_kt": 252.0, "gs_kt": 252.0, "track_deg": 46.32486890136842, "phase": "descent", "waypoint": "", "sector": "Mandalay CTR", "event": ""}, "geometry": {"type": "Point", "coordinates": [98.31587988999999, 20.37928367, 176.47920000000002]}}], "route": "NOBER W21 SURGU"}