flight_key,latitude,longitude,timestamp_utc,flight_level,acid,actype,dep,dest,ias_dap,mag_heading_dap,rate_cd,vert
DEM108_VTCC_VTBS_2026-03-04 02:02,16.88989,99.69358,2026-03-04T02:02:00Z,330.0,DEM108,A321,VTCC,VTBS,300,160,0,0
DEM108_VTCC_VTBS_2026-03-04 02:02,16.87035,99.7011,2026-03-04T02:02:15Z,330.0,DEM108,A321,VTCC,VTBS,300,0,0,0
DEM108_VTCC_VTBS_2026-03-04 02:02,16.85082,99.70862,2026-03-04T02:02:30Z,330.0,DEM108,A321,VTCC,VTBS,300,0,0,0
DEM108_VTCC_VTBS_2026-03-04 02:02,16.83128,99.71614,2026-03-04T02:02:45Z,330.0,DEM108,A321,VTCC,VTBS,300,0,0,0
DEM108_VTCC_VTBS_2026-03-04 02:02,16.81174,99.72366,2026-03-04T02:03:00Z,330.0,DEM108,A321,VTCC,VTBS,300,0,0,0
DEM108_VTCC_VTBS_2026-03-04 02:02,16.79221,99.73118,2026-03-04T02:03:15Z,330.0,DEM108,A321,VTCC,VTBS,300,0,0,0
DEM108_VTCC_VTBS_2026-03-04 02:02,16.77267,99.73869,2026-03-04T02:03:30Z,330.0,DEM108,A321,VTCC,VTBS,300,0,0,0
DEM108_VTCC_VTBS_2026-03-04 02:02,16.75314,99.74621,2026-03-04T02:03:45Z,330.0,DEM108,A321,VTCC,VTBS,300,0,0,0
DEM108_VTCC_VTBS_2026-03-04 02:02,16.7336,99.75372,2026-03-04T02:04:00Z,330.0,DEM108,A321,VTCC,VTBS,300,0,0,0
DEM108_VTCC_VTBS_2026-03-04 02:02,16.71406,99.76123,2026-03-04T02:04:15Z,330.0,DEM108,A321,VTCC,VTBS,300,0,0,0
DEM108_VTCC_VTBS_2026-03-04 02:02,16.69452,99.76874,2026-03-04T02:04:30Z,330.0,DEM108,A321,VTCC,VTBS,300,0,0,0
DEM108_VTCC_VTBS_2026-03-04 02:02,16.67499,99.77625,2026-03-04T02:04:45Z,330.0,DEM108,A321,VTCC,VTBS,300,0,0,0
DEM108_VTCC_VTBS_2026-03-04 02:02,16.65545,99.78375,2026-03-04T02:05:00Z,330.0,DEM108,A321,VTCC,VTBS,300,0,0,0
DEM108_VTCC_VTBS_2026-03-04 02:02,16.63591,99.79126,2026-03-04T02:05:15Z,330.0,DEM108,A321,VTCC,VTBS,300,0,0,0
DEM108_VTCC_VTBS_2026-03-04 02:02,16.61637,99.79876,2026-03-04T02:05:30Z,330.0,DEM108,A321,VTCC,VTBS,300,0,0,0
DEM108_VTCC_VTBS_2026-03-04 02:02,16.59683,99.80626,2026-03-04T02:05:45Z,330.0,DEM108,A321,VTCC,VTBS,300,0,0,0
DEM108_VTCC_VTBS_2026-03-04 02:02,16.57729,99.81376,2026-03-04T02:06:00Z,330.0,DEM108,A321,VTCC,VTBS,300,0,0,0
DEM108_VTCC_VTBS_2026-03-04 02:02,16.55775,99.82126,2026-03-04T02:06:15Z,330.0,DEM108,A321,VTCC,VTBS,300,0,0,0
DEM108_VTCC_VTBS_2026-03-04 02:02,16.53821,99.82876,2026-03-04T02:06:30Z,330.0,DEM108,A321,VTCC,VTBS,300,0,0,0
DEM108_VTCC_VTBS_2026-03-04 02:02,16.51867,99.83625,2026-03-04T02:06:45Z,330.0,DEM108,A321,VTCC,VTBS,300,0,0,0
DEM108_VTCC_VTBS_2026-03-04 02:02,16.49913,99.84375,2026-03-04T02:07:00Z,330.0,DEM108,A321,VTCC,VTBS,300,144,0,0
DEM108_VTCC_VTBS_2026-03-04 02:02,16.47959,99.85124,2026-03-04T02:07:15Z,330.0,DEM108,A321,VTCC,VTBS,300,133,0,0
DEM108_VTCC_VTBS_2026-03-04 02:02,16.46005,99.85873,2026-03-04T02:07:30Z,330.0,DEM108,A321,VTCC,VTBS,300,180,0,0
DEM108_VTCC_VTBS_2026-03-04 02:02,16.44051,99.86622,2026-03-04T02:07:45Z,330.0,DEM108,A321,VTCC,VTBS,300,180,0,0
DEM108_VTCC_VTBS_2026-03-04 02:02,16.42097,99.87371,2026-03-04T02:08:00Z,330.0,DEM108,A321,VTCC,VTBS,300,180,0,0
DEM108_VTCC_VTBS_2026-03-04 02:02,16.40143,99.88119,2026-03-04T02:08:15Z,330.0,DEM108,A321,VTCC,VTBS,300,133,0,0
DEM108_VTCC_VTBS_2026-03-04 02:02,16.38189,99.88868,2026-03-04T02:08:30Z,330.0,DEM108,A321,VTCC,VTBS,300,180,0,0
DEM108_VTCC_VTBS_2026-03-04 02:02,16.36235,99.89616,2026-03-04T02:08:45Z,330.0,DEM108,A321,VTCC,VTBS,300,180,0,0
DEM108_VTCC_VTBS_2026-03-04 02:02,16.3428,99.90364,2026-03-04T02:09:00Z,330.0,DEM108,A321,VTCC,VTBS,300,180,0,0
DEM108_VTCC_VTBS_2026-03-04 02:02,16.32326,99.91113,2026-03-04T02:09:15Z,330.0,DEM108,A321,VTCC,VTBS,300,180,0,0
DEM108_VTCC_VTBS_2026-03-04 02:02,16.30372,99.9186,2026-03-04T02:09:30Z,330.0,DEM108,A321,VTCC,VTBS,300,180,0,0
DEM108_VTCC_VTBS_2026-03-04 02:02,16.28417,99.92608,2026-03-04T02:09:45Z,330.0,DEM108,A321,VTCC,VTBS,300,180,0,0
DEM108_VTCC_VTBS_2026-03-04 02:02,16.26463,99.93356,2026-03-04T02:10:00Z,330.0,DEM108,A321,VTCC,VTBS,300,180,0,0
DEM108_VTCC_VTBS_2026-03-04 02:02,16.24509,99.94103,2026-03-04T02:10:15Z,330.0,DEM108,A321,VTCC,VTBS,300,180,0,0
DEM108_VTCC_VTBS_2026-03-04 02:02,16.22554,99.9485,2026-03-04T02:10:30Z,330.0,DEM108,A321,VTCC,VTBS,300,180,0,0
DEM108_VTCC_VTBS_2026-03-04 02:02,16.206,99.95598,2026-03-04T02:10:45Z,330.0,DEM108,A321,VTCC,VTBS,300,180,0,0
DEM108_VTCC_VTBS_2026-03-04 02:02,16.18645,99.96345,2026-03-04T02:11:00Z,330.0,DEM108,A321,VTCC,VTBS,300,180,0,0
DEM108_VTCC_VTBS_2026-03-04 02:02,16.16691,99.97091,2026-03-04T02:11:15Z,330.0,DEM108,A321,VTCC,VTBS,300,180,0,0
DEM108_VTCC_VTBS_2026-03-04 02:02,16.14737,99.97838,2026-03-04T02:11:30Z,330.0,DEM108,A321,VTCC,VTBS,300,180,0,0
DEM108_VTCC_VTBS_2026-03-04 02:02,16.12782,99.98585,2026-03-04T02:11:45Z,330.0,DEM108,A321,VTCC,VTBS,300,180,0,0
DEM108_VTCC_VTBS_2026-03-04 02:02,16.10827,99.99331,2026-03-04T02:12:00Z,330.0,DEM108,A321,VTCC,VTBS,300,0,0,0
DEM108_VTCC_VTBS_2026-03-04 02:02,16.08873,100.00077,2026-03-04T02:12:15Z,330.0,DEM108,A321,VTCC,VTBS,300,180,0,0
DEM108_VTCC_VTBS_2026-03-04 02:02,16.06918,100.00824,2026-03-04T02:12:30Z,330.0,DEM108,A321,VTCC,VTBS,300,0,0,0
DEM108_VTCC_VTBS_2026-03-04 02:02,16.04964,100.01569,2026-03-04T02:12:45Z,330.0,DEM108,A321,VTCC,VTBS,300,180,0,0
DEM108_VTCC_VTBS_2026-03-04 02:02,16.03009,100.02315,2026-03-04T02:13:00Z,330.0,DEM108,A321,VTCC,VTBS,300,180,0,0
DEM108_VTCC_VTBS_2026-03-04 02:02,16.01054,100.03061,2026-03-04T02:13:15Z,330.0,DEM108,A321,VTCC,VTBS,300,180,0,0
DEM108_VTCC_VTBS_2026-03-04 02:02,15.991,100.03806,2026-03-04T02:13:30Z,330.0,DEM108,A321,VTCC,VTBS,300,180,0,0
DEM108_VTCC_VTBS_2026-03-04 02:02,15.97145,100.04552,2026-03-04T02:13:45Z,330.0,DEM108,A321,VTCC,VTBS,300,180,0,0
DEM108_VTCC_VTBS_2026-03-04 02:02,15.9519,100.05297,2026-03-04T02:14:00Z,330.0,DEM108,A321,VTCC,VTBS,300,180,0,0
DEM108_VTCC_VTBS_2026-03-04 02:02,15.93235,100.06042,2026-03-04T02:14:15Z,330.0,DEM108,A321,VTCC,VTBS,300,180,0,0
DEM108_VTCC_VTBS_2026-03-04 02:02,15.91281,100.06787,2026-03-04T02:14:30Z,330.0,DEM108,A321,VTCC,VTBS,300,180,0,0
DEM108_VTCC_VTBS_2026-03-04 02:02,15.89326,100.07532,2026-03-04T02:14:45Z,330.0,DEM108,A321,VTCC,VTBS,300,180,0,0
DEM108_VTCC_VTBS_2026-03-04 02:02,15.87371,100.08277,2026-03-04T02:15:00Z,330.0,DEM108,A321,VTCC,VTBS,300,180,0,0
DEM108_VTCC_VTBS_2026-03-04 02:02,15.85416,100.09021,2026-03-04T02:15:15Z,330.0,DEM108,A321,VTCC,VTBS,300,180,0,0
DEM108_VTCC_VTBS_2026-03-04 02:02,15.83461,100.09765,2026-03-04T02:15:30Z,330.0,DEM108,A321,VTCC,VTBS,300,180,0,0
DEM108_VTCC_VTBS_2026-03-04 02:02,15.81506,100.1051,2026-03-04T02:15:45Z,330.0,DEM108,A321,VTCC,VTBS,300,180,0,0
DEM108_VTCC_VTBS_2026-03-04 02:02,15.79551,100.11254,2026-03-04T02:16:00Z,330.0,DEM108,A321,VTCC,VTBS,300,180,0,0
DEM108_VTCC_VTBS_2026-03-04 02:02,15.77596,100.11998,2026-03-04T02:16:15Z,330.0,DEM108,A321,VTCC,VTBS,300,160,0,0
DEM108_VTCC_VTBS_2026-03-04 02:02,15.75641,100.12741,2026-03-04T02:16:30Z,330.0,DEM108,A321,VTCC,VTBS,300,160,0,0
DEM108_VTCC_VTBS_2026-03-04 02:02,15.73686,100.13485,2026-03-04T02:16:45Z,330.0,DEM108,A321,VTCC,VTBS,300,160,0,0
DEM108_VTCC_VTBS_2026-03-04 02:02,15.71731,100.14229,2026-03-04T02:17:00Z,330.0,DEM108,A321,VTCC,VTBS,300,160,0,0
DEM108_VTCC_VTBS_2026-03-04 02:02,15.69776,100.14972,2026-03-04T02:17:15Z,330.0,DEM108,A321,VTCC,VTBS,300,160,0,0
DEM108_VTCC_VTBS_2026-03-04 02:02,15.67821,100.15715,2026-03-04T02:17:30Z,330.0,DEM108,A321,VTCC,VTBS,300,160,0,0
DEM108_VTCC_VTBS_2026-03-04 02:02,15.65866,100.16458,2026-03-04T02:17:45Z,330.0,DEM108,A321,VTCC,VTBS,300,160,0,0
DEM108_VTCC_VTBS_2026-03-04 02:02,15.63911,100.17201,2026-03-04T02:18:00Z,330.0,DEM108,A321,VTCC,VTBS,300,160,0,0
DEM108_VTCC_VTBS_2026-03-04 02:02,15.61956,100.17944,2026-03-04T02:18:15Z,330.0,DEM108,A321,VTCC,VTBS,300,160,0,0
DEM108_VTCC_VTBS_2026-03-04 02:02,15.6,100.18687,2026-03-04T02:18:30Z,330.0,DEM108,A321,VTCC,VTBS,300,160,0,0
DEM108_VTCC_VTBS_2026-03-04 02:02,15.58045,100.19429,2026-03-04T02:18:45Z,330.0,DEM108,A321,VTCC,VTBS,300,160,0,0
DEM108_VTCC_VTBS_2026-03-04 02:02,15.5609,100.20172,2026-03-04T02:19:00Z,330.0,DEM108,A321,VTCC,VTBS,300,160,0,0
DEM108_VTCC_VTBS_2026-03-04 02:02,15.54135,100.20914,2026-03-04T02:19:15Z,330.0,DEM108,A321,VTCC,VTBS,300,160,0,0
DEM108_VTCC_VTBS_2026-03-04 02:02,15.52179,100.21656,2026-03-04T02:19:30Z,330.0,DEM108,A321,VTCC,VTBS,300,160,0,0
DEM108_VTCC_VTBS_2026-03-04 02:02,15.50224,100.22398,2026-03-04T02:19:45Z,330.0,DEM108,A321,VTCC,VTBS,300,160,0,0
DEM108_VTCC_VTBS_2026-03-04 02:02,15.48269,100.2314,2026-03-04T02:20:00Z,330.0,DEM108,A321,VTCC,VTBS,300,160,0,0
DEM108_VTCC_VTBS_2026-03-04 02:02,15.46313,100.23881,2026-03-04T02:20:15Z,330.0,DEM108,A321,VTCC,VTBS,300,160,0,0
DEM108_VTCC_VTBS_2026-03-04 02:02,15.44358,100.24623,2026-03-04T02:20:30Z,330.0,DEM108,A321,VTCC,VTBS,300,160,0,0
DEM108_VTCC_VTBS_2026-03-04 02:02,15.42402,100.25364,2026-03-04T02:20:45Z,330.0,DEM108,A321,VTCC,VTBS,300,160,0,0
DEM108_VTCC_VTBS_2026-03-04 02:02,15.40447,100.26105,2026-03-04T02:21:00Z,330.0,DEM108,A321,VTCC,VTBS,300,160,0,0
DEM108_VTCC_VTBS_2026-03-04 02:02,15.38491,100.26847,2026-03-04T02:21:15Z,330.0,DEM108,A321,VTCC,VTBS,300,160,0,0
DEM108_VTCC_VTBS_2026-03-04 02:02,15.36536,100.27588,2026-03-04T02:21:30Z,330.0,DEM108,A321,VTCC,VTBS,300,160,0,0
DEM108_VTCC_VTBS_2026-03-04 02:02,15.3458,100.28328,2026-03-04T02:21:45Z,330.0,DEM108,A321,VTCC,VTBS,300,160,0,0
DEM108_VTCC_VTBS_2026-03-04 02:02,15.32625,100.29069,2026-03-04T02:22:00Z,330.0,DEM108,A321,VTCC,VTBS,300,160,0,0
DEM108_VTCC_VTBS_2026-03-04 02:02,15.30669,100.2981,2026-03-04T02:22:15Z,330.0,DEM108,A321,VTCC,VTBS,300,160,0,0
DEM108_VTCC_VTBS_2026-03-04 02:02,15.28714,100.3055,2026-03-04T02:22:30Z,330.0,DEM108,A321,VTCC,VTBS,300,160,0,0
DEM108_VTCC_VTBS_2026-03-04 02:02,15.26758,100.3129,2026-03-04T02:22:45Z,330.0,DEM108,A321,VTCC,VTBS,300,160,0,0
DEM108_VTCC_VTBS_2026-03-04 02:02,15.24802,100.3203,2026-03-04T02:23:00Z,330.0,DEM108,A321,VTCC,VTBS,300,160,0,0
DEM108_VTCC_VTBS_2026-03-04 02:02,15.22847,100.3277,2026-03-04T02:23:15Z,330.0,DEM108,A321,VTCC,VTBS,300,160,0,0
DEM108_VTCC_VTBS_2026-03-04 02:02,15.20891,100.3351,2026-03-04T02:23:30Z,330.0,DEM108,A321,VTCC,VTBS,300,160,0,0
DEM108_VTCC_VTBS_2026-03-04 02:02,15.18935,100.3425,2026-03-04T02:23:45Z,330.0,DEM108,A321,VTCC,VTBS,300,160,0,0
DEM108_VTCC_VTBS_2026-03-04 02:02,15.1698,100.3499,2026-03-04T02:24:00Z,330.0,DEM108,A321,VTCC,VTBS,300,160,0,0
DEM108_VTCC_VTBS_2026-03-04 02:02,15.15024,100.35729,2026-03-04T02:24:15Z,330.0,DEM108,A321,VTCC,VTBS,300,160,0,0
DEM108_VTCC_VTBS_2026-03-04 02:02,15.13068,100.36468,2026-03-04T02:24:30Z,330.0,DEM108,A321,VTCC,VTBS,300,160,0,0
DEM108_VTCC_VTBS_2026-03-04 02:02,15.11112,100.37208,2026-03-04T02:24:45Z,330.0,DEM108,A321,VTCC,VTBS,300,160,0,0
DEM108_VTCC_VTBS_2026-03-04 02:02,15.09156,100.37947,2026-03-04T02:25:00Z,330.0,DEM108,A321,VTCC,VTBS,300,160,0,0
DEM108_VTCC_VTBS_2026-03-04 02:02,15.072,100.38685,2026-03-04T02:25:15Z,330.0,DEM108,A321,VTCC,VTBS,300,160,0,0
DEM108_VTCC_VTBS_2026-03-04 02:02,15.05245,100.39424,2026-03-04T02:25:30Z,330.0,DEM108,A321,VTCC,VTBS,300,160,0,0
DEM108_VTCC_VTBS_2026-03-04 02:02,15.03289,100.40163,2026-03-04T02:25:45Z,330.0,DEM108,A321,VTCC,VTBS,300,160,0,0
DEM108_VTCC_VTBS_2026-03-04 02:02,15.01333,100.40901,2026-03-04T02:26:00Z,330.0,DEM108,A321,VTCC,VTBS,300,160,0,0
DEM108_VTCC_VTBS_2026-03-04 02:02,14.99377,100.4164,2026-03-04T02:26:15Z,330.0,DEM108,A321,VTCC,VTBS,300,160,0,0
DEM108_VTCC_VTBS_2026-03-04 02:02,14.97421,100.42378,2026-03-04T02:26:30Z,330.0,DEM108,A321,VTCC,VTBS,300,160,0,0
DEM108_VTCC_VTBS_2026-03-04 02:02,14.95465,100.43116,2026-03-04T02:26:45Z,330.0,DEM108,A321,VTCC,VTBS,300,160,0,0
DEM108_VTCC_VTBS_2026-03-04 02:02,14.93509,100.43854,2026-03-04T02:27:00Z,330.0,DEM108,A321,VTCC,VTBS,300,160,0,0
DEM108_VTCC_VTBS_2026-03-04 02:02,14.91553,100.44592,2026-03-04T02:27:15Z,330.0,DEM108,A321,VTCC,VTBS,300,160,0,0
DEM108_VTCC_VTBS_2026-03-04 02:02,14.89597,100.4533,2026-03-04T02:27:30Z,330.0,DEM108,A321,VTCC,VTBS,300,160,0,0
DEM108_VTCC_VTBS_2026-03-04 02:02,14.8764,100.46067,2026-03-04T02:27:45Z,330.0,DEM108,A321,VTCC,VTBS,300,160,0,0
DEM108_VTCC_VTBS_2026-03-04 02:02,14.85684,100.46805,2026-03-04T02:28:00Z,330.0,DEM108,A321,VTCC,VTBS,300,160,0,0
DEM108_VTCC_VTBS_2026-03-04 02:02,14.83728,100.47542,2026-03-04T02:28:15Z,330.0,DEM108,A321,VTCC,VTBS,300,160,0,0
DEM108_VTCC_VTBS_2026-03-04 02:02,14.81772,100.48279,2026-03-04T02:28:30Z,330.0,DEM108,A321,VTCC,VTBS,300,160,0,0
DEM108_VTCC_VTBS_2026-03-04 02:02,14.79816,100.49016,2026-03-04T02:28:45Z,330.0,DEM108,A321,VTCC,VTBS,300,160,0,0
DEM108_VTCC_VTBS_2026-03-04 02:02,14.7786,100.49753,2026-03-04T02:29:00Z,330.0,DEM108,A321,VTCC,VTBS,300,160,0,0
DEM108_VTCC_VTBS_2026-03-04 02:02,14.75903,100.5049,2026-03-04T02:29:15Z,330.0,DEM108,A321,VTCC,VTBS,300,160,0,0
DEM108_VTCC_VTBS_2026-03-04 02:02,14.73947,100.51226,2026-03-04T02:29:30Z,330.0,DEM108,A321,VTCC,VTBS,300,160,0,0
DEM108_VTCC_VTBS_2026-03-04 02:02,14.71991,100.51963,2026-03-04T02:29:45Z,330.0,DEM108,A321,VTCC,VTBS,300,160,0,0
DEM108_VTCC_VTBS_2026-03-04 02:02,14.70034,100.52699,2026-03-04T02:30:00Z,330.0,DEM108,A321,VTCC,VTBS,300,160,0,0
DEM108_VTCC_VTBS_2026-03-04 02:02,14.68078,100.53435,2026-03-04T02:30:15Z,330.0,DEM108,A321,VTCC,VTBS,300,160,0,0
DEM108_VTCC_VTBS_2026-03-04 02:02,14.66122,100.54171,2026-03-04T02:30:30Z,330.0,DEM108,A321,VTCC,VTBS,300,160,0,0
DEM108_VTCC_VTBS_2026-03-04 02:02,14.64165,100.54907,2026-03-04T02:30:45Z,330.0,DEM108,A321,VTCC,VTBS,300,160,0,0
DEM108_VTCC_VTBS_2026-03-04 02:02,14.62209,100.55643,2026-03-04T02:31:00Z,330.0,DEM108,A321,VTCC,VTBS,300,160,0,0
DEM108_VTCC_VTBS_2026-03-04 02:02,14.60253,100.56379,2026-03-04T02:31:15Z,330.0,DEM108,A321,VTCC,VTBS,300,160,0,0
DEM108_VTCC_VTBS_2026-03-04 02:02,14.58296,100.57115,2026-03-04T02:31:30Z,330.0,DEM108,A321,VTCC,VTBS,300,160,0,0
DEM108_VTCC_VTBS_2026-03-04 02:02,14.5634,100.5785,2026-03-04T02:31:45Z,330.0,DEM108,A321,VTCC,VTBS,300,160,0,0
DEM108_VTCC_VTBS_2026-03-04 02:02,14.54383,100.58585,2026-03-04T02:32:00Z,330.0,DEM108,A321,VTCC,VTBS,300,160,0,0
DEM108_VTCC_VTBS_2026-03-04 02:02,14.52427,100.5932,2026-03-04T02:32:15Z,330.0,DEM108,A321,VTCC,VTBS,300,160,0,0
DEM108_VTCC_VTBS_2026-03-04 02:02,14.5047,100.60055,2026-03-04T02:32:30Z,330.0,DEM108,A321,VTCC,VTBS,300,160,0,0
DEM108_VTCC_VTBS_2026-03-04 02:02,14.48513,100.6079,2026-03-04T02:32:45Z,330.0,DEM108,A321,VTCC,VTBS,300,160,0,0
DEM108_VTCC_VTBS_2026-03-04 02:02,14.46557,100.61525,2026-03-04T02:33:00Z,330.0,DEM108,A321,VTCC,VTBS,300,160,0,0
DEM108_VTCC_VTBS_2026-03-04 02:02,14.446,100.6226,2026-03-04T02:33:15Z,330.0,DEM108,A321,VTCC,VTBS,300,160,0,0
DEM108_VTCC_VTBS_2026-03-04 02:02,14.42644,100.62994,2026-03-04T02:33:30Z,330.0,DEM108,A321,VTCC,VTBS,300,160,0,0
DEM108_VTCC_VTBS_2026-03-04 02:02,14.40687,100.63729,2026-03-04T02:33:45Z,330.0,DEM108,A321,VTCC,VTBS,300,160,0,0
DEM108_VTCC_VTBS_2026-03-04 02:02,14.3873,100.64463,2026-03-04T02:34:00Z,330.0,DEM108,A321,VTCC,VTBS,300,160,0,0
DEM108_VTCC_VTBS_2026-03-04 02:02,14.36774,100.65197,2026-03-04T02:34:15Z,330.0,DEM108,A321,VTCC,VTBS,300,160,0,0
DEM108_VTCC_VTBS_2026-03-04 02:02,14.34817,100.65931,2026-03-04T02:34:30Z,330.0,DEM108,A321,VTCC,VTBS,300,160,0,0
DEM108_VTCC_VTBS_2026-03-04 02:02,14.3286,100.66665,2026-03-04T02:34:45Z,330.0,DEM108,A321,VTCC,VTBS,300,160,0,0
DEM108_VTCC_VTBS_2026-03-04 02:02,14.30903,100.67399,2026-03-04T02:35:00Z,330.0,DEM108,A321,VTCC,VTBS,300,160,0,0
DEM108_VTCC_VTBS_2026-03-04 02:02,14.28947,100.68133,2026-03-04T02:35:15Z,330.0,DEM108,A321,VTCC,VTBS,300,160,0,0
DEM108_VTCC_VTBS_2026-03-04 02:02,14.2699,100.68866,2026-03-04T02:35:30Z,330.0,DEM108,A321,VTCC,VTBS,300,160,0,0
DEM108_VTCC_VTBS_2026-03-04 02:02,14.25033,100.69599,2026-03-04T02:35:45Z,330.0,DEM108,A321,VTCC,VTBS,300,160,0,0
DEM108_VTCC_VTBS_2026-03-04 02:02,14.23076,100.70333,2026-03-04T02:36:00Z,330.0,DEM108,A321,VTCC,VTBS,300,160,0,0
DEM108_VTCC_VTBS_2026-03-04 02:02,14.21119,100.71066,2026-03-04T02:36:15Z,330.0,DEM108,A321,VTCC,VTBS,300,160,0,0
DEM108_VTCC_VTBS_2026-03-04 02:02,14.19162,100.71799,2026-03-04T02:36:30Z,330.0,DEM108,A321,VTCC,VTBS,300,160,0,0
DEM108_VTCC_VTBS_2026-03-04 02:02,14.17205,100.72532,2026-03-04T02:36:45Z,330.0,DEM108,A321,VTCC,VTBS,300,160,0,0
DEM108_VTCC_VTBS_2026-03-04 02:02,14.15248,100.73264,2026-03-04T02:37:00Z,330.0,DEM108,A321,VTCC,VTBS,300,160,0,0
DEM108_VTCC_VTBS_2026-03-04 02:02,14.13291,100.73997,2026-03-04T02:37:15Z,330.0,DEM108,A321,VTCC,VTBS,300,160,0,0
DEM108_VTCC_VTBS_2026-03-04 02:02,14.11334,100.74729,2026-03-04T02:37:30Z,330.0,DEM108,A321,VTCC,VTBS,300,160,0,0
DEM108_VTCC_VTBS_2026-03-04 02:02,14.09377,100.75462,2026-03-04T02:37:45Z,330.0,DEM108,A321,VTCC,VTBS,300,160,0,0
DEM108_VTCC_VTBS_2026-03-04 02:02,14.0742,100.76194,2026-03-04T02:38:00Z,330.0,DEM108,A321,VTCC,VTBS,300,160,0,0
DEM108_VTCC_VTBS_2026-03-04 02:02,14.05463,100.76926,2026-03-04T02:38:15Z,330.0,DEM108,A321,VTCC,VTBS,300,160,0,0
DEM108_VTCC_VTBS_2026-03-04 02:02,14.03506,100.77658,2026-03-04T02:38:30Z,330.0,DEM108,A321,VTCC,VTBS,300,160,0,0
DEM108_VTCC_VTBS_2026-03-04 02:02,14.01549,100.7839,2026-03-04T02:38:45Z,330.0,DEM108,A321,VTCC,VTBS,300,160,0,0
DEM108_VTCC_VTBS_2026-03-04 02:02,13.99592,100.79122,2026-03-04T02:39:00Z,330.0,DEM108,A321,VTCC,VTBS,300,160,0,0
DEM108_VTCC_VTBS_2026-03-04 02:02,13.97635,100.79853,2026-03-04T02:39:15Z,330.0,DEM108,A321,VTCC,VTBS,300,160,0,0
DEM108_VTCC_VTBS_2026-03-04 02:02,13.95678,100.80585,2026-03-04T02:39:30Z,330.0,DEM108,A321,VTCC,VTBS,300,160,0,0
DEM108_VTCC_VTBS_2026-03-04 02:02,13.9372,100.81316,2026-03-04T02:39:45Z,330.0,DEM108,A321,VTCC,VTBS,300,160,0,0
DEM108_VTCC_VTBS_2026-03-04 02:02,13.91763,100.82048,2026-03-04T02:40:00Z,44.6,DEM108,A321,VTCC,VTBS,208,194,-114167,2
DEM108_VTCC_VTBS_2026-03-04 02:02,13.90365,100.81679,2026-03-04T02:40:15Z,41.8,DEM108,A321,VTCC,VTBS,208,194,-1103,2
DEM108_VTCC_VTBS_2026-03-04 02:02,13.88966,100.81311,2026-03-04T02:40:30Z,39.1,DEM108,A321,VTCC,VTBS,208,194,-1103,2
DEM108_VTCC_VTBS_2026-03-04 02:02,13.87574,100.80944,2026-03-04T02:40:45Z,36.3,DEM108,A321,VTCC,VTBS,206,194,-1099,2
DEM108_VTCC_VTBS_2026-03-04 02:02,13.86203,100.80583,2026-03-04T02:41:00Z,33.6,DEM108,A321,VTCC,VTBS,202,194,-1082,2
DEM108_VTCC_VTBS_2026-03-04 02:02,13.84855,100.80229,2026-03-04T02:41:15Z,30.9,DEM108,A321,VTCC,VTBS,199,194,-1063,2
DEM108_VTCC_VTBS_2026-03-04 02:02,13.83528,100.79879,2026-03-04T02:41:30Z,28.3,DEM108,A321,VTCC,VTBS,196,194,-1046,2
DEM108_VTCC_VTBS_2026-03-04 02:02,13.82224,100.79536,2026-03-04T02:41:45Z,25.8,DEM108,A321,VTCC,VTBS,192,194,-1029,2
DEM108_VTCC_VTBS_2026-03-04 02:02,13.80942,100.79199,2026-03-04T02:42:00Z,23.2,DEM108,A321,VTCC,VTBS,189,194,-1012,2
DEM108_VTCC_VTBS_2026-03-04 02:02,13.7968,100.78867,2026-03-04T02:42:15Z,20.7,DEM108,A321,VTCC,VTBS,186,194,-996,2
DEM108_VTCC_VTBS_2026-03-04 02:02,13.7844,100.78541,2026-03-04T02:42:30Z,18.3,DEM108,A321,VTCC,VTBS,183,194,-978,2
DEM108_VTCC_VTBS_2026-03-04 02:02,13.77219,100.78219,2026-03-04T02:42:45Z,15.9,DEM108,A321,VTCC,VTBS,180,194,-963,2
DEM108_VTCC_VTBS_2026-03-04 02:02,13.7602,100.77904,2026-03-04T02:43:00Z,13.5,DEM108,A321,VTCC,VTBS,177,194,-946,2
DEM108_VTCC_VTBS_2026-03-04 02:02,13.74839,100.77593,2026-03-04T02:43:15Z,11.2,DEM108,A321,VTCC,VTBS,174,194,-932,2
DEM108_VTCC_VTBS_2026-03-04 02:02,13.73679,100.77288,2026-03-04T02:43:30Z,8.9,DEM108,A321,VTCC,VTBS,171,194,-915,2
DEM108_VTCC_VTBS_2026-03-04 02:02,13.72538,100.76988,2026-03-04T02:43:45Z,6.6,DEM108,A321,VTCC,VTBS,168,194,-901,2
DEM108_VTCC_VTBS_2026-03-04 02:02,13.71415,100.76693,2026-03-04T02:44:00Z,4.4,DEM108,A321,VTCC,VTBS,166,194,-885,2
DEM108_VTCC_VTBS_2026-03-04 02:02,13.70312,100.76403,2026-03-04T02:44:15Z,2.2,DEM108,A321,VTCC,VTBS,163,194,-871,2
DEM108_VTCC_VTBS_2026-03-04 02:02,13.6926,100.76127,2026-03-04T02:44:30Z,0.2,DEM108,A321,VTCC,VTBS,147,194,-829,2
DEM108_VTCC_VTBS_2026-03-04 02:02,13.68405,100.75902,2026-03-04T02:44:45Z,0.0,DEM108,A321,VTCC,VTBS,111,194,-69,0
DEM108_VTCC_VTBS_2026-03-04 02:02,13.67741,100.75727,2026-03-04T02:45:00Z,0.0,DEM108,A321,VTCC,VTBS,87,194,0,0
DEM108_VTCC_VTBS_2026-03-04 02:02,13.67278,100.75606,2026-03-04T02:45:15Z,0.0,DEM108,A321,VTCC,VTBS,70,194,0,0
DEM108_VTCC_VTBS_2026-03-04 02:02,13.66876,100.755,2026-03-04T02:45:30Z,0.0,DEM108,A321,VTCC,VTBS,55,194,0,0
DEM108_VTCC_VTBS_2026-03-04 02:02,13.66599,100.75427,2026-03-04T02:45:45Z,0.0,DEM108,A321,VTCC,VTBS,44,194,0,0
DEM108_VTCC_VTBS_2026-03-04 02:02,13.66382,100.7537,2026-03-04T02:46:00Z,0.0,DEM108,A321,VTCC,VTBS,36,194,0,0
DEM108_VTCC_VTBS_2026-03-04 02:02,13.66193,100.75321,2026-03-04T02:46:15Z,0.0,DEM108,A321,VTCC,VTBS,29,194,0,0
DEM108_VTCC_VTBS_2026-03-04 02:02,13.66027,100.75277,2026-03-04T02:46:30Z,0.0,DEM108,A321,VTCC,VTBS,23,194,0,0
SMP317_WSSS_VTBS_2026-03-04 02:09,10.86254,101.60077,2026-03-04T02:09:00Z,370.0,SMP317,A333,WSSS,VTBS,300,346,0,0
SMP317_WSSS_VTBS_2026-03-04 02:09,10.88273,101.59558,2026-03-04T02:09:15Z,370.0,SMP317,A333,WSSS,VTBS,300,0,0,0
SMP317_WSSS_VTBS_2026-03-04 02:09,10.90291,101.59039,2026-03-04T02:09:30Z,370.0,SMP317,A333,WSSS,VTBS,300,0,0,0
SMP317_WSSS_VTBS_2026-03-04 02:09,10.9231,101.58519,2026-03-04T02:09:45Z,370.0,SMP317,A333,WSSS,VTBS,300,0,0,0
SMP317_WSSS_VTBS_2026-03-04 02:09,10.94328,101.58,2026-03-04T02:10:00Z,370.0,SMP317,A333,WSSS,VTBS,300,0,0,0
SMP317_WSSS_VTBS_2026-03-04 02:09,10.96347,101.5748,2026-03-04T02:10:15Z,370.0,SMP317,A333,WSSS,VTBS,300,0,0,0
SMP317_WSSS_VTBS_2026-03-04 02:09,10.98365,101.56961,2026-03-04T02:10:30Z,370.0,SMP317,A333,WSSS,VTBS,300,0,0,0
SMP317_WSSS_VTBS_2026-03-04 02:09,11.00384,101.56441,2026-03-04T02:10:45Z,370.0,SMP317,A333,WSSS,VTBS,300,0,0,0
SMP317_WSSS_VTBS_2026-03-04 02:09,11.02402,101.55921,2026-03-04T02:11:00Z,370.0,SMP317,A333,WSSS,VTBS,300,0,0,0
SMP317_WSSS_VTBS_2026-03-04 02:09,11.04421,101.55402,2026-03-04T02:11:15Z,370.0,SMP317,A333,WSSS,VTBS,300,0,0,0
SMP317_WSSS_VTBS_2026-03-04 02:09,11.06439,101.54882,2026-03-04T02:11:30Z,370.0,SMP317,A333,WSSS,VTBS,300,0,0,0
SMP317_WSSS_VTBS_2026-03-04 02:09,11.08458,101.54362,2026-03-04T02:11:45Z,370.0,SMP317,A333,WSSS,VTBS,300,0,0,0
SMP317_WSSS_VTBS_2026-03-04 02:09,11.10476,101.53842,2026-03-04T02:12:00Z,370.0,SMP317,A333,WSSS,VTBS,300,0,0,0
SMP317_WSSS_VTBS_2026-03-04 02:09,11.12494,101.53322,2026-03-04T02:12:15Z,370.0,SMP317,A333,WSSS,VTBS,300,0,0,0
SMP317_WSSS_VTBS_2026-03-04 02:09,11.14513,101.52801,2026-03-04T02:12:30Z,370.0,SMP317,A333,WSSS,VTBS,300,0,0,0
SMP317_WSSS_VTBS_2026-03-04 02:09,11.16531,101.52281,2026-03-04T02:12:45Z,370.0,SMP317,A333,WSSS,VTBS,300,0,0,0
SMP317_WSSS_VTBS_2026-03-04 02:09,11.1855,101.51761,2026-03-04T02:13:00Z,370.0,SMP317,A333,WSSS,VTBS,300,0,0,0
SMP317_WSSS_VTBS_2026-03-04 02:09,11.20568,101.51241,2026-03-04T02:13:15Z,370.0,SMP317,A333,WSSS,VTBS,300,0,0,0
SMP317_WSSS_VTBS_2026-03-04 02:09,11.22586,101.5072,2026-03-04T02:13:30Z,370.0,SMP317,A333,WSSS,VTBS,300,0,0,0
SMP317_WSSS_VTBS_2026-03-04 02:09,11.24605,101.502,2026-03-04T02:13:45Z,370.0,SMP317,A333,WSSS,VTBS,300,0,0,0
SMP317_WSSS_VTBS_2026-03-04 02:09,11.26623,101.49679,2026-03-04T02:14:00Z,370.0,SMP317,A333,WSSS,VTBS,300,0,0,0
SMP317_WSSS_VTBS_2026-03-04 02:09,11.28641,101.49158,2026-03-04T02:14:15Z,370.0,SMP317,A333,WSSS,VTBS,300,0,0,0
SMP317_WSSS_VTBS_2026-03-04 02:09,11.3066,101.48638,2026-03-04T02:14:30Z,370.0,SMP317,A333,WSSS,VTBS,300,0,0,0
SMP317_WSSS_VTBS_2026-03-04 02:09,11.32678,101.48117,2026-03-04T02:14:45Z,370.0,SMP317,A333,WSSS,VTBS,300,0,0,0
SMP317_WSSS_VTBS_2026-03-04 02:09,11.34696,101.47596,2026-03-04T02:15:00Z,370.0,SMP317,A333,WSSS,VTBS,300,0,0,0
SMP317_WSSS_VTBS_2026-03-04 02:09,11.36715,101.47075,2026-03-04T02:15:15Z,370.0,SMP317,A333,WSSS,VTBS,300,0,0,0
SMP317_WSSS_VTBS_2026-03-04 02:09,11.38733,101.46554,2026-03-04T02:15:30Z,370.0,SMP317,A333,WSSS,VTBS,300,0,0,0
SMP317_WSSS_VTBS_2026-03-04 02:09,11.40751,101.46033,2026-03-04T02:15:45Z,370.0,SMP317,A333,WSSS,VTBS,300,0,0,0
SMP317_WSSS_VTBS_2026-03-04 02:09,11.42769,101.45512,2026-03-04T02:16:00Z,370.0,SMP317,A333,WSSS,VTBS,300,0,0,0
SMP317_WSSS_VTBS_2026-03-04 02:09,11.44788,101.4499,2026-03-04T02:16:15Z,370.0,SMP317,A333,WSSS,VTBS,300,0,0,0
SMP317_WSSS_VTBS_2026-03-04 02:09,11.46806,101.44469,2026-03-04T02:16:30Z,370.0,SMP317,A333,WSSS,VTBS,300,0,0,0
SMP317_WSSS_VTBS_2026-03-04 02:09,11.48824,101.43948,2026-03-04T02:16:45Z,370.0,SMP317,A333,WSSS,VTBS,300,0,0,0
SMP317_WSSS_VTBS_2026-03-04 02:09,11.50842,101.43426,2026-03-04T02:17:00Z,370.0,SMP317,A333,WSSS,VTBS,300,0,0,0
SMP317_WSSS_VTBS_2026-03-04 02:09,11.52861,101.42905,2026-03-04T02:17:15Z,370.0,SMP317,A333,WSSS,VTBS,300,0,0,0
SMP317_WSSS_VTBS_2026-03-04 02:09,11.54879,101.42383,2026-03-04T02:17:30Z,370.0,SMP317,A333,WSSS,VTBS,300,0,0,0
SMP317_WSSS_VTBS_2026-03-04 02:09,11.56897,101.41861,2026-03-04T02:17:45Z,370.0,SMP317,A333,WSSS,VTBS,300,0,0,0
SMP317_WSSS_VTBS_2026-03-04 02:09,11.58915,101.41339,2026-03-04T02:18:00Z,370.0,SMP317,A333,WSSS,VTBS,300,0,0,0
SMP317_WSSS_VTBS_2026-03-04 02:09,11.60934,101.40818,2026-03-04T02:18:15Z,370.0,SMP317,A333,WSSS,VTBS,300,0,0,0
SMP317_WSSS_VTBS_2026-03-04 02:09,11.62952,101.40296,2026-03-04T02:18:30Z,370.0,SMP317,A333,WSSS,VTBS,300,0,0,0
SMP317_WSSS_VTBS_2026-03-04 02:09,11.6497,101.39774,2026-03-04T02:18:45Z,370.0,SMP317,A333,WSSS,VTBS,300,335,0,0
SMP317_WSSS_VTBS_2026-03-04 02:09,11.66988,101.39252,2026-03-04T02:19:00Z,370.0,SMP317,A333,WSSS,VTBS,300,336,0,0
SMP317_WSSS_VTBS_2026-03-04 02:09,11.69006,101.38729,2026-03-04T02:19:15Z,370.0,SMP317,A333,WSSS,VTBS,300,0,0,0
SMP317_WSSS_VTBS_2026-03-04 02:09,11.71024,101.38207,2026-03-04T02:19:30Z,370.0,SMP317,A333,WSSS,VTBS,300,335,0,0
SMP317_WSSS_VTBS_2026-03-04 02:09,11.73043,101.37685,2026-03-04T02:19:45Z,370.0,SMP317,A333,WSSS,VTBS,300,0,0,0
SMP317_WSSS_VTBS_2026-03-04 02:09,11.75061,101.37162,2026-03-04T02:20:00Z,370.0,SMP317,A333,WSSS,VTBS,300,334,0,0
SMP317_WSSS_VTBS_2026-03-04 02:09,11.77079,101.3664,2026-03-04T02:20:15Z,370.0,SMP317,A333,WSSS,VTBS,300,334,0,0
SMP317_WSSS_VTBS_2026-03-04 02:09,11.79097,101.36117,2026-03-04T02:20:30Z,370.0,SMP317,A333,WSSS,VTBS,300,335,0,0
SMP317_WSSS_VTBS_2026-03-04 02:09,11.81115,101.35595,2026-03-04T02:20:45Z,370.0,SMP317,A333,WSSS,VTBS,300,335,0,0
SMP317_WSSS_VTBS_2026-03-04 02:09,11.83133,101.35072,2026-03-04T02:21:00Z,370.0,SMP317,A333,WSSS,VTBS,300,0,0,0
SMP317_WSSS_VTBS_2026-03-04 02:09,11.85151,101.34549,2026-03-04T02:21:15Z,370.0,SMP317,A333,WSSS,VTBS,300,334,0,0
SMP317_WSSS_VTBS_2026-03-04 02:09,11.87169,101.34026,2026-03-04T02:21:30Z,370.0,SMP317,A333,WSSS,VTBS,300,336,0,0
SMP317_WSSS_VTBS_2026-03-04 02:09,11.89187,101.33504,2026-03-04T02:21:45Z,370.0,SMP317,A333,WSSS,VTBS,300,334,0,0
SMP317_WSSS_VTBS_2026-03-04 02:09,11.91205,101.32981,2026-03-04T02:22:00Z,370.0,SMP317,A333,WSSS,VTBS,300,334,0,0
SMP317_WSSS_VTBS_2026-03-04 02:09,11.93223,101.32457,2026-03-04T02:22:15Z,370.0,SMP317,A333,WSSS,VTBS,300,331,0,0
SMP317_WSSS_VTBS_2026-03-04 02:09,11.95241,101.31934,2026-03-04T02:22:30Z,370.0,SMP317,A333,WSSS,VTBS,300,335,0,0
SMP317_WSSS_VTBS_2026-03-04 02:09,11.97259,101.31411,2026-03-04T02:22:45Z,370.0,SMP317,A333,WSSS,VTBS,300,336,0,0
SMP317_WSSS_VTBS_2026-03-04 02:09,11.99277,101.30888,2026-03-04T02:23:00Z,370.0,SMP317,A333,WSSS,VTBS,300,334,0,0
SMP317_WSSS_VTBS_2026-03-04 02:09,12.01295,101.30364,2026-03-04T02:23:15Z,370.0,SMP317,A333,WSSS,VTBS,300,0,0,0
SMP317_WSSS_VTBS_2026-03-04 02:09,12.03313,101.29841,2026-03-04T02:23:30Z,370.0,SMP317,A333,WSSS,VTBS,300,0,0,0
SMP317_WSSS_VTBS_2026-03-04 02:09,12.05331,101.29317,2026-03-04T02:23:45Z,370.0,SMP317,A333,WSSS,VTBS,300,0,0,0
SMP317_WSSS_VTBS_2026-03-04 02:09,12.07349,101.28794,2026-03-04T02:24:00Z,370.0,SMP317,A333,WSSS,VTBS,300,0,0,0
SMP317_WSSS_VTBS_2026-03-04 02:09,12.09367,101.2827,2026-03-04T02:24:15Z,370.0,SMP317,A333,WSSS,VTBS,300,0,0,0
SMP317_WSSS_VTBS_2026-03-04 02:09,12.11385,101.27746,2026-03-04T02:24:30Z,370.0,SMP317,A333,WSSS,VTBS,300,0,0,0
SMP317_WSSS_VTBS_2026-03-04 02:09,12.13403,101.27222,2026-03-04T02:24:45Z,370.0,SMP317,A333,WSSS,VTBS,300,0,0,0
SMP317_WSSS_VTBS_2026-03-04 02:09,12.15421,101.26698,2026-03-04T02:25:00Z,370.0,SMP317,A333,WSSS,VTBS,300,0,0,0
SMP317_WSSS_VTBS_2026-03-04 02:09,12.17439,101.26174,2026-03-04T02:25:15Z,370.0,SMP317,A333,WSSS,VTBS,300,0,0,0
SMP317_WSSS_VTBS_2026-03-04 02:09,12.19457,101.2565,2026-03-04T02:25:30Z,370.0,SMP317,A333,WSSS,VTBS,300,0,0,0
SMP317_WSSS_VTBS_2026-03-04 02:09,12.21475,101.25126,2026-03-04T02:25:45Z,370.0,SMP317,A333,WSSS,VTBS,300,0,0,0
SMP317_WSSS_VTBS_2026-03-04 02:09,12.23493,101.24602,2026-03-04T02:26:00Z,370.0,SMP317,A333,WSSS,VTBS,300,0,0,0
SMP317_WSSS_VTBS_2026-03-04 02:09,12.25511,101.24077,2026-03-04T02:26:15Z,370.0,SMP317,A333,WSSS,VTBS,300,0,0,0
SMP317_WSSS_VTBS_2026-03-04 02:09,12.27529,101.23553,2026-03-04T02:26:30Z,370.0,SMP317,A333,WSSS,VTBS,300,0,0,0
SMP317_WSSS_VTBS_2026-03-04 02:09,12.29546,101.23028,2026-03-04T02:26:45Z,370.0,SMP317,A333,WSSS,VTBS,300,0,0,0
SMP317_WSSS_VTBS_2026-03-04 02:09,12.31564,101.22504,2026-03-04T02:27:00Z,370.0,SMP317,A333,WSSS,VTBS,300,0,0,0
SMP317_WSSS_VTBS_2026-03-04 02:09,12.33582,101.21979,2026-03-04T02:27:15Z,370.0,SMP317,A333,WSSS,VTBS,300,0,0,0
SMP317_WSSS_VTBS_2026-03-04 02:09,12.356,101.21454,2026-03-04T02:27:30Z,370.0,SMP317,A333,WSSS,VTBS,300,0,0,0
SMP317_WSSS_VTBS_2026-03-04 02:09,12.37618,101.2093,2026-03-04T02:27:45Z,370.0,SMP317,A333,WSSS,VTBS,300,0,0,0
SMP317_WSSS_VTBS_2026-03-04 02:09,12.39636,101.20405,2026-03-04T02:28:00Z,370.0,SMP317,A333,WSSS,VTBS,300,0,0,0
SMP317_WSSS_VTBS_2026-03-04 02:09,12.41653,101.1988,2026-03-04T02:28:15Z,370.0,SMP317,A333,WSSS,VTBS,300,0,0,0
SMP317_WSSS_VTBS_2026-03-04 02:09,12.43671,101.19355,2026-03-04T02:28:30Z,370.0,SMP317,A333,WSSS,VTBS,300,326,0,0
SMP317_WSSS_VTBS_2026-03-04 02:09,12.45689,101.1883,2026-03-04T02:28:45Z,370.0,SMP317,A333,WSSS,VTBS,300,330,0,0
SMP317_WSSS_VTBS_2026-03-04 02:09,12.47707,101.18304,2026-03-04T02:29:00Z,370.0,SMP317,A333,WSSS,VTBS,300,0,0,0
SMP317_WSSS_VTBS_2026-03-04 02:09,12.49725,101.17779,2026-03-04T02:29:15Z,370.0,SMP317,A333,WSSS,VTBS,300,0,0,0
SMP317_WSSS_VTBS_2026-03-04 02:09,12.51742,101.17254,2026-03-04T02:29:30Z,370.0,SMP317,A333,WSSS,VTBS,300,0,0,0
SMP317_WSSS_VTBS_2026-03-04 02:09,12.5376,101.16728,2026-03-04T02:29:45Z,370.0,SMP317,A333,WSSS,VTBS,300,330,0,0
SMP317_WSSS_VTBS_2026-03-04 02:09,12.55778,101.16203,2026-03-04T02:30:00Z,370.0,SMP317,A333,WSSS,VTBS,300,0,0,0
SMP317_WSSS_VTBS_2026-03-04 02:09,12.57795,101.15677,2026-03-04T02:30:15Z,370.0,SMP317,A333,WSSS,VTBS,300,0,0,0
SMP317_WSSS_VTBS_2026-03-04 02:09,12.59813,101.15151,2026-03-04T02:30:30Z,370.0,SMP317,A333,WSSS,VTBS,300,330,0,0
SMP317_WSSS_VTBS_2026-03-04 02:09,12.61831,101.14625,2026-03-04T02:30:45Z,370.0,SMP317,A333,WSSS,VTBS,300,0,0,0
SMP317_WSSS_VTBS_2026-03-04 02:09,12.63849,101.14099,2026-03-04T02:31:00Z,370.0,SMP317,A333,WSSS,VTBS,300,328,0,0
SMP317_WSSS_VTBS_2026-03-04 02:09,12.65866,101.13573,2026-03-04T02:31:15Z,370.0,SMP317,A333,WSSS,VTBS,300,0,0,0
SMP317_WSSS_VTBS_2026-03-04 02:09,12.67884,101.13047,2026-03-04T02:31:30Z,370.0,SMP317,A333,WSSS,VTBS,300,0,0,0
SMP317_WSSS_VTBS_2026-03-04 02:09,12.69902,101.12521,2026-03-04T02:31:45Z,370.0,SMP317,A333,WSSS,VTBS,300,0,0,0
SMP317_WSSS_VTBS_2026-03-04 02:09,12.71919,101.11995,2026-03-04T02:32:00Z,370.0,SMP317,A333,WSSS,VTBS,300,328,0,0
SMP317_WSSS_VTBS_2026-03-04 02:09,12.73937,101.11469,2026-03-04T02:32:15Z,370.0,SMP317,A333,WSSS,VTBS,300,330,0,0
SMP317_WSSS_VTBS_2026-03-04 02:09,12.75955,101.10942,2026-03-04T02:32:30Z,370.0,SMP317,A333,WSSS,VTBS,300,328,0,0
SMP317_WSSS_VTBS_2026-03-04 02:09,12.77972,101.10416,2026-03-04T02:32:45Z,370.0,SMP317,A333,WSSS,VTBS,300,0,0,0
SMP317_WSSS_VTBS_2026-03-04 02:09,12.7999,101.09889,2026-03-04T02:33:00Z,370.0,SMP317,A333,WSSS,VTBS,300,0,0,0
SMP317_WSSS_VTBS_2026-03-04 02:09,12.82007,101.09363,2026-03-04T02:33:15Z,370.0,SMP317,A333,WSSS,VTBS,300,0,0,0
SMP317_WSSS_VTBS_2026-03-04 02:09,12.84025,101.08836,2026-03-04T02:33:30Z,370.0,SMP317,A333,WSSS,VTBS,300,324,0,0
SMP317_WSSS_VTBS_2026-03-04 02:09,12.86043,101.08309,2026-03-04T02:33:45Z,370.0,SMP317,A333,WSSS,VTBS,300,0,0,0
SMP317_WSSS_VTBS_2026-03-04 02:09,12.8806,101.07782,2026-03-04T02:34:00Z,370.0,SMP317,A333,WSSS,VTBS,300,0,0,0
SMP317_WSSS_VTBS_2026-03-04 02:09,12.90078,101.07255,2026-03-04T02:34:15Z,370.0,SMP317,A333,WSSS,VTBS,300,0,0,0
SMP317_WSSS_VTBS_2026-03-04 02:09,12.92095,101.06728,2026-03-04T02:34:30Z,370.0,SMP317,A333,WSSS,VTBS,300,0,0,0
SMP317_WSSS_VTBS_2026-03-04 02:09,12.94113,101.06201,2026-03-04T02:34:45Z,370.0,SMP317,A333,WSSS,VTBS,300,0,0,0
SMP317_WSSS_VTBS_2026-03-04 02:09,12.9613,101.05674,2026-03-04T02:35:00Z,370.0,SMP317,A333,WSSS,VTBS,300,0,0,0
SMP317_WSSS_VTBS_2026-03-04 02:09,12.98148,101.05146,2026-03-04T02:35:15Z,370.0,SMP317,A333,WSSS,VTBS,300,0,0,0
SMP317_WSSS_VTBS_2026-03-04 02:09,13.00165,101.04619,2026-03-04T02:35:30Z,370.0,SMP317,A333,WSSS,VTBS,300,0,0,0
SMP317_WSSS_VTBS_2026-03-04 02:09,13.02183,101.04091,2026-03-04T02:35:45Z,370.0,SMP317,A333,WSSS,VTBS,300,0,0,0
SMP317_WSSS_VTBS_2026-03-04 02:09,13.042,101.03564,2026-03-04T02:36:00Z,370.0,SMP317,A333,WSSS,VTBS,300,0,0,0
SMP317_WSSS_VTBS_2026-03-04 02:09,13.06218,101.03036,2026-03-04T02:36:15Z,370.0,SMP317,A333,WSSS,VTBS,300,322,0,0
SMP317_WSSS_VTBS_2026-03-04 02:09,13.08235,101.02508,2026-03-04T02:36:30Z,370.0,SMP317,A333,WSSS,VTBS,300,0,0,0
SMP317_WSSS_VTBS_2026-03-04 02:09,13.10253,101.01981,2026-03-04T02:36:45Z,370.0,SMP317,A333,WSSS,VTBS,300,324,0,0
SMP317_WSSS_VTBS_2026-03-04 02:09,13.1227,101.01453,2026-03-04T02:37:00Z,370.0,SMP317,A333,WSSS,VTBS,300,0,0,0
SMP317_WSSS_VTBS_2026-03-04 02:09,13.14288,101.00925,2026-03-04T02:37:15Z,370.0,SMP317,A333,WSSS,VTBS,300,0,0,0
SMP317_WSSS_VTBS_2026-03-04 02:09,13.16305,101.00397,2026-03-04T02:37:30Z,370.0,SMP317,A333,WSSS,VTBS,300,0,0,0
SMP317_WSSS_VTBS_2026-03-04 02:09,13.18322,100.99868,2026-03-04T02:37:45Z,370.0,SMP317,A333,WSSS,VTBS,300,345,0,0
SMP317_WSSS_VTBS_2026-03-04 02:09,13.2034,100.9934,2026-03-04T02:38:00Z,370.0,SMP317,A333,WSSS,VTBS,300,344,0,0
SMP317_WSSS_VTBS_2026-03-04 02:09,13.22357,100.98812,2026-03-04T02:38:15Z,370.0,SMP317,A333,WSSS,VTBS,300,0,0,0
SMP317_WSSS_VTBS_2026-03-04 02:09,13.24374,100.98283,2026-03-04T02:38:30Z,370.0,SMP317,A333,WSSS,VTBS,300,344,0,0
SMP317_WSSS_VTBS_2026-03-04 02:09,13.26392,100.97755,2026-03-04T02:38:45Z,370.0,SMP317,A333,WSSS,VTBS,300,345,0,0
SMP317_WSSS_VTBS_2026-03-04 02:09,13.28409,100.97226,2026-03-04T02:39:00Z,370.0,SMP317,A333,WSSS,VTBS,300,343,0,0
SMP317_WSSS_VTBS_2026-03-04 02:09,13.30427,100.96697,2026-03-04T02:39:15Z,370.0,SMP317,A333,WSSS,VTBS,300,344,0,0
SMP317_WSSS_VTBS_2026-03-04 02:09,13.32444,100.96169,2026-03-04T02:39:30Z,370.0,SMP317,A333,WSSS,VTBS,300,344,0,0
SMP317_WSSS_VTBS_2026-03-04 02:09,13.34461,100.9564,2026-03-04T02:39:45Z,370.0,SMP317,A333,WSSS,VTBS,300,344,0,0
SMP317_WSSS_VTBS_2026-03-04 02:09,13.36479,100.95111,2026-03-04T02:40:00Z,370.0,SMP317,A333,WSSS,VTBS,300,345,0,0
SMP317_WSSS_VTBS_2026-03-04 02:09,13.38496,100.94582,2026-03-04T02:40:15Z,370.0,SMP317,A333,WSSS,VTBS,300,343,0,0
SMP317_WSSS_VTBS_2026-03-04 02:09,13.40513,100.94052,2026-03-04T02:40:30Z,370.0,SMP317,A333,WSSS,VTBS,300,344,0,0
SMP317_WSSS_VTBS_2026-03-04 02:09,13.4253,100.93523,2026-03-04T02:40:45Z,370.0,SMP317,A333,WSSS,VTBS,300,0,0,0
SMP317_WSSS_VTBS_2026-03-04 02:09,13.44548,100.92994,2026-03-04T02:41:00Z,370.0,SMP317,A333,WSSS,VTBS,300,345,0,0
SMP317_WSSS_VTBS_2026-03-04 02:09,13.46565,100.92464,2026-03-04T02:41:15Z,370.0,SMP317,A333,WSSS,VTBS,300,343,0,0
SMP317_WSSS_VTBS_2026-03-04 02:09,13.48582,100.91935,2026-03-04T02:41:30Z,370.0,SMP317,A333,WSSS,VTBS,300,343,0,0
SMP317_WSSS_VTBS_2026-03-04 02:09,13.50599,100.91405,2026-03-04T02:41:45Z,370.0,SMP317,A333,WSSS,VTBS,300,345,0,0
SMP317_WSSS_VTBS_2026-03-04 02:09,13.52617,100.90876,2026-03-04T02:42:00Z,370.0,SMP317,A333,WSSS,VTBS,300,344,0,0
SMP317_WSSS_VTBS_2026-03-04 02:09,13.54634,100.90346,2026-03-04T02:42:15Z,370.0,SMP317,A333,WSSS,VTBS,300,344,0,0
SMP317_WSSS_VTBS_2026-03-04 02:09,13.56651,100.89816,2026-03-04T02:42:30Z,370.0,SMP317,A333,WSSS,VTBS,300,346,0,0
SMP317_WSSS_VTBS_2026-03-04 02:09,13.58668,100.89286,2026-03-04T02:42:45Z,370.0,SMP317,A333,WSSS,VTBS,300,346,0,0
SMP317_WSSS_VTBS_2026-03-04 02:09,13.60685,100.88756,2026-03-04T02:43:00Z,370.0,SMP317,A333,WSSS,VTBS,300,346,0,0
SMP317_WSSS_VTBS_2026-03-04 02:09,13.62703,100.88226,2026-03-04T02:43:15Z,370.0,SMP317,A333,WSSS,VTBS,300,345,0,0
SMP317_WSSS_VTBS_2026-03-04 02:09,13.6472,100.87696,2026-03-04T02:43:30Z,370.0,SMP317,A333,WSSS,VTBS,300,346,0,0
SMP317_WSSS_VTBS_2026-03-04 02:09,13.66737,100.87165,2026-03-04T02:43:45Z,370.0,SMP317,A333,WSSS,VTBS,300,346,0,0
SMP317_WSSS_VTBS_2026-03-04 02:09,13.68754,100.86635,2026-03-04T02:44:00Z,370.0,SMP317,A333,WSSS,VTBS,300,346,0,0
SMP317_WSSS_VTBS_2026-03-04 02:09,13.70771,100.86104,2026-03-04T02:44:15Z,370.0,SMP317,A333,WSSS,VTBS,300,346,0,0
SMP317_WSSS_VTBS_2026-03-04 02:09,13.72788,100.85574,2026-03-04T02:44:30Z,370.0,SMP317,A333,WSSS,VTBS,300,346,0,0
SMP317_WSSS_VTBS_2026-03-04 02:09,13.74805,100.85043,2026-03-04T02:44:45Z,370.0,SMP317,A333,WSSS,VTBS,300,346,0,0
SMP317_WSSS_VTBS_2026-03-04 02:09,13.76822,100.84512,2026-03-04T02:45:00Z,370.0,SMP317,A333,WSSS,VTBS,300,347,0,0
SMP317_WSSS_VTBS_2026-03-04 02:09,13.78839,100.83981,2026-03-04T02:45:15Z,370.0,SMP317,A333,WSSS,VTBS,300,345,0,0
SMP317_WSSS_VTBS_2026-03-04 02:09,13.80857,100.8345,2026-03-04T02:45:30Z,370.0,SMP317,A333,WSSS,VTBS,300,346,0,0
SMP317_WSSS_VTBS_2026-03-04 02:09,13.82874,100.82919,2026-03-04T02:45:45Z,370.0,SMP317,A333,WSSS,VTBS,300,346,0,0
SMP317_WSSS_VTBS_2026-03-04 02:09,13.84891,100.82388,2026-03-04T02:46:00Z,370.0,SMP317,A333,WSSS,VTBS,300,346,0,0
SMP317_WSSS_VTBS_2026-03-04 02:09,13.86908,100.81857,2026-03-04T02:46:15Z,370.0,SMP317,A333,WSSS,VTBS,300,346,0,0
SMP317_WSSS_VTBS_2026-03-04 02:09,13.88925,100.81326,2026-03-04T02:46:30Z,370.0,SMP317,A333,WSSS,VTBS,300,346,0,0
SMP317_WSSS_VTBS_2026-03-04 02:09,13.90942,100.80794,2026-03-04T02:46:45Z,370.0,SMP317,A333,WSSS,VTBS,300,346,0,0
SMP317_WSSS_VTBS_2026-03-04 02:09,13.92959,100.80263,2026-03-04T02:47:00Z,370.0,SMP317,A333,WSSS,VTBS,300,344,0,0
SMP317_WSSS_VTBS_2026-03-04 02:09,13.9156,100.79894,2026-03-04T02:47:15Z,41.8,SMP317,A333,WSSS,VTBS,208,194,-131271,2
SMP317_WSSS_VTBS_2026-03-04 02:09,13.90162,100.79526,2026-03-04T02:47:30Z,39.1,SMP317,A333,WSSS,VTBS,208,194,-1103,2
SMP317_WSSS_VTBS_2026-03-04 02:09,13.88769,100.79159,2026-03-04T02:47:45Z,36.3,SMP317,A333,WSSS,VTBS,206,194,-1099,2
SMP317_WSSS_VTBS_2026-03-04 02:09,13.87398,100.78798,2026-03-04T02:48:00Z,33.6,SMP317,A333,WSSS,VTBS,202,194,-1082,2
SMP317_WSSS_VTBS_2026-03-04 02:09,13.8605,100.78444,2026-03-04T02:48:15Z,30.9,SMP317,A333,WSSS,VTBS,199,194,-1063,2
SMP317_WSSS_VTBS_2026-03-04 02:09,13.84724,100.78094,2026-03-04T02:48:30Z,28.3,SMP317,A333,WSSS,VTBS,196,194,-1046,2
SMP317_WSSS_VTBS_2026-03-04 02:09,13.8342,100.77751,2026-03-04T02:48:45Z,25.8,SMP317,A333,WSSS,VTBS,192,194,-1029,2
SMP317_WSSS_VTBS_2026-03-04 02:09,13.82137,100.77414,2026-03-04T02:49:00Z,23.2,SMP317,A333,WSSS,VTBS,189,194,-1012,2
SMP317_WSSS_VTBS_2026-03-04 02:09,13.80875,100.77081,2026-03-04T02:49:15Z,20.7,SMP317,A333,WSSS,VTBS,186,194,-996,2
SMP317_WSSS_VTBS_2026-03-04 02:09,13.79636,100.76755,2026-03-04T02:49:30Z,18.3,SMP317,A333,WSSS,VTBS,183,194,-978,2
SMP317_WSSS_VTBS_2026-03-04 02:09,13.78414,100.76434,2026-03-04T02:49:45Z,15.9,SMP317,A333,WSSS,VTBS,180,194,-963,2
SMP317_WSSS_VTBS_2026-03-04 02:09,13.77216,100.76119,2026-03-04T02:50:00Z,13.5,SMP317,A333,WSSS,VTBS,177,194,-946,2
SMP317_WSSS_VTBS_2026-03-04 02:09,13.76034,100.75808,2026-03-04T02:50:15Z,11.2,SMP317,A333,WSSS,VTBS,174,194,-932,2
SMP317_WSSS_VTBS_2026-03-04 02:09,13.74875,100.75503,2026-03-04T02:50:30Z,8.9,SMP317,A333,WSSS,VTBS,171,194,-915,2
SMP317_WSSS_VTBS_2026-03-04 02:09,13.73733,100.75203,2026-03-04T02:50:45Z,6.6,SMP317,A333,WSSS,VTBS,168,194,-901,2
SMP317_WSSS_VTBS_2026-03-04 02:09,13.72611,100.74908,2026-03-04T02:51:00Z,4.4,SMP317,A333,WSSS,VTBS,166,194,-885,2
SMP317_WSSS_VTBS_2026-03-04 02:09,13.71507,100.74618,2026-03-04T02:51:15Z,2.2,SMP317,A333,WSSS,VTBS,163,194,-871,2
SMP317_WSSS_VTBS_2026-03-04 02:09,13.70456,100.74341,2026-03-04T02:51:30Z,0.2,SMP317,A333,WSSS,VTBS,147,194,-829,2
SMP317_WSSS_VTBS_2026-03-04 02:09,13.696,100.74116,2026-03-04T02:51:45Z,0.0,SMP317,A333,WSSS,VTBS,111,194,-69,0
SMP317_WSSS_VTBS_2026-03-04 02:09,13.68936,100.73942,2026-03-04T02:52:00Z,0.0,SMP317,A333,WSSS,VTBS,87,194,0,0
SMP317_WSSS_VTBS_2026-03-04 02:09,13.68474,100.7382,2026-03-04T02:52:15Z,0.0,SMP317,A333,WSSS,VTBS,70,194,0,0
SMP317_WSSS_VTBS_2026-03-04 02:09,13.68072,100.73714,2026-03-04T02:52:30Z,0.0,SMP317,A333,WSSS,VTBS,55,194,0,0
SMP317_WSSS_VTBS_2026-03-04 02:09,13.67794,100.73642,2026-03-04T02:52:45Z,0.0,SMP317,A333,WSSS,VTBS,44,194,0,0
SMP317_WSSS_VTBS_2026-03-04 02:09,13.67578,100.73585,2026-03-04T02:53:00Z,0.0,SMP317,A333,WSSS,VTBS,36,194,0,0
SMP317_WSSS_VTBS_2026-03-04 02:09,13.67389,100.73535,2026-03-04T02:53:15Z,0.0,SMP317,A333,WSSS,VTBS,29,194,0,0
SMP317_WSSS_VTBS_2026-03-04 02:09,13.67223,100.73491,2026-03-04T02:53:30Z,0.0,SMP317,A333,WSSS,VTBS,23,194,0,0
SMP409_VHHH_VTBS_2026-03-04 02:15,15.75824,103.48361,2026-03-04T02:15:00Z,390.0,SMP409,B789,VHHH,VTBS,300,235,0,0
SMP409_VHHH_VTBS_2026-03-04 02:15,15.74624,103.46594,2026-03-04T02:15:15Z,390.0,SMP409,B789,VHHH,VTBS,300,0,0,0
SMP409_VHHH_VTBS_2026-03-04 02:15,15.73423,103.44827,2026-03-04T02:15:30Z,390.0,SMP409,B789,VHHH,VTBS,300,0,0,0
SMP409_VHHH_VTBS_2026-03-04 02:15,15.72222,103.4306,2026-03-04T02:15:45Z,390.0,SMP409,B789,VHHH,VTBS,300,0,0,0
SMP409_VHHH_VTBS_2026-03-04 02:15,15.71021,103.41294,2026-03-04T02:16:00Z,390.0,SMP409,B789,VHHH,VTBS,300,0,0,0
SMP409_VHHH_VTBS_2026-03-04 02:15,15.6982,103.39527,2026-03-04T02:16:15Z,390.0,SMP409,B789,VHHH,VTBS,300,0,0,0
SMP409_VHHH_VTBS_2026-03-04 02:15,15.68618,103.37761,2026-03-04T02:16:30Z,390.0,SMP409,B789,VHHH,VTBS,300,0,0,0
SMP409_VHHH_VTBS_2026-03-04 02:15,15.67417,103.35995,2026-03-04T02:16:45Z,390.0,SMP409,B789,VHHH,VTBS,300,0,0,0
SMP409_VHHH_VTBS_2026-03-04 02:15,15.66215,103.34229,2026-03-04T02:17:00Z,390.0,SMP409,B789,VHHH,VTBS,300,0,0,0
SMP409_VHHH_VTBS_2026-03-04 02:15,15.65013,103.32464,2026-03-04T02:17:15Z,390.0,SMP409,B789,VHHH,VTBS,300,0,0,0
SMP409_VHHH_VTBS_2026-03-04 02:15,15.63811,103.30699,2026-03-04T02:17:30Z,390.0,SMP409,B789,VHHH,VTBS,300,0,0,0
SMP409_VHHH_VTBS_2026-03-04 02:15,15.62609,103.28933,2026-03-04T02:17:45Z,390.0,SMP409,B789,VHHH,VTBS,300,0,0,0
SMP409_VHHH_VTBS_2026-03-04 02:15,15.61407,103.27169,2026-03-04T02:18:00Z,390.0,SMP409,B789,VHHH,VTBS,300,0,0,0
SMP409_VHHH_VTBS_2026-03-04 02:15,15.60205,103.25404,2026-03-04T02:18:15Z,390.0,SMP409,B789,VHHH,VTBS,300,0,0,0
SMP409_VHHH_VTBS_2026-03-04 02:15,15.59002,103.23639,2026-03-04T02:18:30Z,390.0,SMP409,B789,VHHH,VTBS,300,0,0,0
SMP409_VHHH_VTBS_2026-03-04 02:15,15.57799,103.21875,2026-03-04T02:18:45Z,390.0,SMP409,B789,VHHH,VTBS,300,0,0,0
SMP409_VHHH_VTBS_2026-03-04 02:15,15.56597,103.20111,2026-03-04T02:19:00Z,390.0,SMP409,B789,VHHH,VTBS,300,0,0,0
SMP409_VHHH_VTBS_2026-03-04 02:15,15.55394,103.18347,2026-03-04T02:19:15Z,390.0,SMP409,B789,VHHH,VTBS,300,0,0,0
SMP409_VHHH_VTBS_2026-03-04 02:15,15.54191,103.16583,2026-03-04T02:19:30Z,390.0,SMP409,B789,VHHH,VTBS,300,0,0,0
SMP409_VHHH_VTBS_2026-03-04 02:15,15.52987,103.1482,2026-03-04T02:19:45Z,390.0,SMP409,B789,VHHH,VTBS,300,0,0,0
SMP409_VHHH_VTBS_2026-03-04 02:15,15.51784,103.13057,2026-03-04T02:20:00Z,390.0,SMP409,B789,VHHH,VTBS,300,227,0,0
SMP409_VHHH_VTBS_2026-03-04 02:15,15.50581,103.11294,2026-03-04T02:20:15Z,390.0,SMP409,B789,VHHH,VTBS,300,231,0,0
SMP409_VHHH_VTBS_2026-03-04 02:15,15.49377,103.09531,2026-03-04T02:20:30Z,390.0,SMP409,B789,VHHH,VTBS,300,235,0,0
SMP409_VHHH_VTBS_2026-03-04 02:15,15.48173,103.07768,2026-03-04T02:20:45Z,390.0,SMP409,B789,VHHH,VTBS,300,216,0,0
SMP409_VHHH_VTBS_2026-03-04 02:15,15.46969,103.06006,2026-03-04T02:21:00Z,390.0,SMP409,B789,VHHH,VTBS,300,235,0,0
SMP409_VHHH_VTBS_2026-03-04 02:15,15.45765,103.04244,2026-03-04T02:21:15Z,390.0,SMP409,B789,VHHH,VTBS,300,231,0,0
SMP409_VHHH_VTBS_2026-03-04 02:15,15.44561,103.02481,2026-03-04T02:21:30Z,390.0,SMP409,B789,VHHH,VTBS,300,235,0,0
SMP409_VHHH_VTBS_2026-03-04 02:15,15.43357,103.0072,2026-03-04T02:21:45Z,390.0,SMP409,B789,VHHH,VTBS,300,245,0,0
SMP409_VHHH_VTBS_2026-03-04 02:15,15.42152,102.98958,2026-03-04T02:22:00Z,390.0,SMP409,B789,VHHH,VTBS,300,240,0,0
SMP409_VHHH_VTBS_2026-03-04 02:15,15.40948,102.97197,2026-03-04T02:22:15Z,390.0,SMP409,B789,VHHH,VTBS,300,231,0,0
SMP409_VHHH_VTBS_2026-03-04 02:15,15.39743,102.95435,2026-03-04T02:22:30Z,390.0,SMP409,B789,VHHH,VTBS,300,235,0,0
SMP409_VHHH_VTBS_2026-03-04 02:15,15.38538,102.93674,2026-03-04T02:22:45Z,390.0,SMP409,B789,VHHH,VTBS,300,235,0,0
SMP409_VHHH_VTBS_2026-03-04 02:15,15.37333,102.91914,2026-03-04T02:23:00Z,390.0,SMP409,B789,VHHH,VTBS,300,235,0,0
SMP409_VHHH_VTBS_2026-03-04 02:15,15.36128,102.90153,2026-03-04T02:23:15Z,390.0,SMP409,B789,VHHH,VTBS,300,231,0,0
SMP409_VHHH_VTBS_2026-03-04 02:15,15.34923,102.88393,2026-03-04T02:23:30Z,390.0,SMP409,B789,VHHH,VTBS,300,221,0,0
SMP409_VHHH_VTBS_2026-03-04 02:15,15.33717,102.86632,2026-03-04T02:23:45Z,390.0,SMP409,B789,VHHH,VTBS,300,227,0,0
SMP409_VHHH_VTBS_2026-03-04 02:15,15.32511,102.84872,2026-03-04T02:24:00Z,390.0,SMP409,B789,VHHH,VTBS,300,235,0,0
SMP409_VHHH_VTBS_2026-03-04 02:15,15.31306,102.83113,2026-03-04T02:24:15Z,390.0,SMP409,B789,VHHH,VTBS,300,240,0,0
SMP409_VHHH_VTBS_2026-03-04 02:15,15.301,102.81353,2026-03-04T02:24:30Z,390.0,SMP409,B789,VHHH,VTBS,300,240,0,0
SMP409_VHHH_VTBS_2026-03-04 02:15,15.28894,102.79594,2026-03-04T02:24:45Z,390.0,SMP409,B789,VHHH,VTBS,300,231,0,0
SMP409_VHHH_VTBS_2026-03-04 02:15,15.27688,102.77835,2026-03-04T02:25:00Z,390.0,SMP409,B789,VHHH,VTBS,300,233,0,0
SMP409_VHHH_VTBS_2026-03-04 02:15,15.26482,102.76076,2026-03-04T02:25:15Z,390.0,SMP409,B789,VHHH,VTBS,300,239,0,0
SMP409_VHHH_VTBS_2026-03-04 02:15,15.25275,102.74317,2026-03-04T02:25:30Z,390.0,SMP409,B789,VHHH,VTBS,300,239,0,0
SMP409_VHHH_VTBS_2026-03-04 02:15,15.24069,102.72558,2026-03-04T02:25:45Z,390.0,SMP409,B789,VHHH,VTBS,300,243,0,0
SMP409_VHHH_VTBS_2026-03-04 02:15,15.22862,102.708,2026-03-04T02:26:00Z,390.0,SMP409,B789,VHHH,VTBS,300,235,0,0
SMP409_VHHH_VTBS_2026-03-04 02:15,15.21655,102.69042,2026-03-04T02:26:15Z,390.0,SMP409,B789,VHHH,VTBS,300,241,0,0
SMP409_VHHH_VTBS_2026-03-04 02:15,15.20448,102.67284,2026-03-04T02:26:30Z,390.0,SMP409,B789,VHHH,VTBS,300,239,0,0
SMP409_VHHH_VTBS_2026-03-04 02:15,15.19241,102.65526,2026-03-04T02:26:45Z,390.0,SMP409,B789,VHHH,VTBS,300,235,0,0
SMP409_VHHH_VTBS_2026-03-04 02:15,15.18034,102.63768,2026-03-04T02:27:00Z,390.0,SMP409,B789,VHHH,VTBS,300,239,0,0
SMP409_VHHH_VTBS_2026-03-04 02:15,15.16827,102.62011,2026-03-04T02:27:15Z,390.0,SMP409,B789,VHHH,VTBS,300,233,0,0
SMP409_VHHH_VTBS_2026-03-04 02:15,15.15619,102.60254,2026-03-04T02:27:30Z,390.0,SMP409,B789,VHHH,VTBS,300,239,0,0
SMP409_VHHH_VTBS_2026-03-04 02:15,15.14411,102.58497,2026-03-04T02:27:45Z,390.0,SMP409,B789,VHHH,VTBS,300,241,0,0
SMP409_VHHH_VTBS_2026-03-04 02:15,15.13204,102.5674,2026-03-04T02:28:00Z,390.0,SMP409,B789,VHHH,VTBS,300,233,0,0
SMP409_VHHH_VTBS_2026-03-04 02:15,15.11996,102.54984,2026-03-04T02:28:15Z,390.0,SMP409,B789,VHHH,VTBS,300,241,0,0
SMP409_VHHH_VTBS_2026-03-04 02:15,15.10788,102.53227,2026-03-04T02:28:30Z,390.0,SMP409,B789,VHHH,VTBS,300,237,0,0
SMP409_VHHH_VTBS_2026-03-04 02:15,15.0958,102.51471,2026-03-04T02:28:45Z,390.0,SMP409,B789,VHHH,VTBS,300,243,0,0
SMP409_VHHH_VTBS_2026-03-04 02:15,15.08371,102.49715,2026-03-04T02:29:00Z,390.0,SMP409,B789,VHHH,VTBS,300,233,0,0
SMP409_VHHH_VTBS_2026-03-04 02:15,15.07163,102.47959,2026-03-04T02:29:15Z,390.0,SMP409,B789,VHHH,VTBS,300,225,0,0
SMP409_VHHH_VTBS_2026-03-04 02:15,15.05954,102.46204,2026-03-04T02:29:30Z,390.0,SMP409,B789,VHHH,VTBS,300,238,0,0
SMP409_VHHH_VTBS_2026-03-04 02:15,15.04745,102.44448,2026-03-04T02:29:45Z,390.0,SMP409,B789,VHHH,VTBS,300,242,0,0
SMP409_VHHH_VTBS_2026-03-04 02:15,15.03537,102.42693,2026-03-04T02:30:00Z,390.0,SMP409,B789,VHHH,VTBS,300,237,0,0
SMP409_VHHH_VTBS_2026-03-04 02:15,15.02328,102.40938,2026-03-04T02:30:15Z,390.0,SMP409,B789,VHHH,VTBS,300,242,0,0
SMP409_VHHH_VTBS_2026-03-04 02:15,15.01119,102.39184,2026-03-04T02:30:30Z,390.0,SMP409,B789,VHHH,VTBS,300,235,0,0
SMP409_VHHH_VTBS_2026-03-04 02:15,14.99909,102.37429,2026-03-04T02:30:45Z,390.0,SMP409,B789,VHHH,VTBS,300,237,0,0
SMP409_VHHH_VTBS_2026-03-04 02:15,14.987,102.35675,2026-03-04T02:31:00Z,390.0,SMP409,B789,VHHH,VTBS,300,239,0,0
SMP409_VHHH_VTBS_2026-03-04 02:15,14.9749,102.3392,2026-03-04T02:31:15Z,390.0,SMP409,B789,VHHH,VTBS,300,234,0,0
SMP409_VHHH_VTBS_2026-03-04 02:15,14.96281,102.32166,2026-03-04T02:31:30Z,390.0,SMP409,B789,VHHH,VTBS,300,240,0,0
SMP409_VHHH_VTBS_2026-03-04 02:15,14.95071,102.30413,2026-03-04T02:31:45Z,390.0,SMP409,B789,VHHH,VTBS,300,238,0,0
SMP409_VHHH_VTBS_2026-03-04 02:15,14.93861,102.28659,2026-03-04T02:32:00Z,390.0,SMP409,B789,VHHH,VTBS,300,239,0,0
SMP409_VHHH_VTBS_2026-03-04 02:15,14.92651,102.26906,2026-03-04T02:32:15Z,390.0,SMP409,B789,VHHH,VTBS,300,236,0,0
SMP409_VHHH_VTBS_2026-03-04 02:15,14.91441,102.25153,2026-03-04T02:32:30Z,390.0,SMP409,B789,VHHH,VTBS,300,239,0,0
SMP409_VHHH_VTBS_2026-03-04 02:15,14.9023,102.234,2026-03-04T02:32:45Z,390.0,SMP409,B789,VHHH,VTBS,300,234,0,0
SMP409_VHHH_VTBS_2026-03-04 02:15,14.8902,102.21647,2026-03-04T02:33:00Z,390.0,SMP409,B789,VHHH,VTBS,300,233,0,0
SMP409_VHHH_VTBS_2026-03-04 02:15,14.87809,102.19894,2026-03-04T02:33:15Z,390.0,SMP409,B789,VHHH,VTBS,300,238,0,0
SMP409_VHHH_VTBS_2026-03-04 02:15,14.86599,102.18142,2026-03-04T02:33:30Z,390.0,SMP409,B789,VHHH,VTBS,300,239,0,0
SMP409_VHHH_VTBS_2026-03-04 02:15,14.85388,102.1639,2026-03-04T02:33:45Z,390.0,SMP409,B789,VHHH,VTBS,300,234,0,0
SMP409_VHHH_VTBS_2026-03-04 02:15,14.84177,102.14638,2026-03-04T02:34:00Z,390.0,SMP409,B789,VHHH,VTBS,300,238,0,0
SMP409_VHHH_VTBS_2026-03-04 02:15,14.82966,102.12886,2026-03-04T02:34:15Z,390.0,SMP409,B789,VHHH,VTBS,300,235,0,0
SMP409_VHHH_VTBS_2026-03-04 02:15,14.81755,102.11134,2026-03-04T02:34:30Z,390.0,SMP409,B789,VHHH,VTBS,300,234,0,0
SMP409_VHHH_VTBS_2026-03-04 02:15,14.80543,102.09383,2026-03-04T02:34:45Z,390.0,SMP409,B789,VHHH,VTBS,300,235,0,0
SMP409_VHHH_VTBS_2026-03-04 02:15,14.79332,102.07632,2026-03-04T02:35:00Z,390.0,SMP409,B789,VHHH,VTBS,300,238,0,0
SMP409_VHHH_VTBS_2026-03-04 02:15,14.7812,102.05881,2026-03-04T02:35:15Z,390.0,SMP409,B789,VHHH,VTBS,300,235,0,0
SMP409_VHHH_VTBS_2026-03-04 02:15,14.76908,102.0413,2026-03-04T02:35:30Z,390.0,SMP409,B789,VHHH,VTBS,300,234,0,0
SMP409_VHHH_VTBS_2026-03-04 02:15,14.75696,102.02379,2026-03-04T02:35:45Z,390.0,SMP409,B789,VHHH,VTBS,300,235,0,0
SMP409_VHHH_VTBS_2026-03-04 02:15,14.74484,102.00629,2026-03-04T02:36:00Z,390.0,SMP409,B789,VHHH,VTBS,300,236,0,0
SMP409_VHHH_VTBS_2026-03-04 02:15,14.73272,101.98878,2026-03-04T02:36:15Z,390.0,SMP409,B789,VHHH,VTBS,300,234,0,0
SMP409_VHHH_VTBS_2026-03-04 02:15,14.7206,101.97128,2026-03-04T02:36:30Z,390.0,SMP409,B789,VHHH,VTBS,300,237,0,0
SMP409_VHHH_VTBS_2026-03-04 02:15,14.70847,101.95378,2026-03-04T02:36:45Z,390.0,SMP409,B789,VHHH,VTBS,300,235,0,0
SMP409_VHHH_VTBS_2026-03-04 02:15,14.69635,101.93629,2026-03-04T02:37:00Z,390.0,SMP409,B789,VHHH,VTBS,300,238,0,0
SMP409_VHHH_VTBS_2026-03-04 02:15,14.68422,101.91879,2026-03-04T02:37:15Z,390.0,SMP409,B789,VHHH,VTBS,300,234,0,0
SMP409_VHHH_VTBS_2026-03-04 02:15,14.67209,101.9013,2026-03-04T02:37:30Z,390.0,SMP409,B789,VHHH,VTBS,300,235,0,0
SMP409_VHHH_VTBS_2026-03-04 02:15,14.65996,101.88381,2026-03-04T02:37:45Z,390.0,SMP409,B789,VHHH,VTBS,300,239,0,0
SMP409_VHHH_VTBS_2026-03-04 02:15,14.64783,101.86632,2026-03-04T02:38:00Z,390.0,SMP409,B789,VHHH,VTBS,300,234,0,0
SMP409_VHHH_VTBS_2026-03-04 02:15,14.6357,101.84883,2026-03-04T02:38:15Z,390.0,SMP409,B789,VHHH,VTBS,300,234,0,0
SMP409_VHHH_VTBS_2026-03-04 02:15,14.62357,101.83135,2026-03-04T02:38:30Z,390.0,SMP409,B789,VHHH,VTBS,300,235,0,0
SMP409_VHHH_VTBS_2026-03-04 02:15,14.61143,101.81387,2026-03-04T02:38:45Z,390.0,SMP409,B789,VHHH,VTBS,300,235,0,0
SMP409_VHHH_VTBS_2026-03-04 02:15,14.59929,101.79639,2026-03-04T02:39:00Z,390.0,SMP409,B789,VHHH,VTBS,300,233,0,0
SMP409_VHHH_VTBS_2026-03-04 02:15,14.58716,101.77891,2026-03-04T02:39:15Z,390.0,SMP409,B789,VHHH,VTBS,300,231,0,0
SMP409_VHHH_VTBS_2026-03-04 02:15,14.57502,101.76143,2026-03-04T02:39:30Z,390.0,SMP409,B789,VHHH,VTBS,300,233,0,0
SMP409_VHHH_VTBS_2026-03-04 02:15,14.56288,101.74395,2026-03-04T02:39:45Z,390.0,SMP409,B789,VHHH,VTBS,300,234,0,0
SMP409_VHHH_VTBS_2026-03-04 02:15,14.55074,101.72648,2026-03-04T02:40:00Z,390.0,SMP409,B789,VHHH,VTBS,300,234,0,0
SMP409_VHHH_VTBS_2026-03-04 02:15,14.53859,101.70901,2026-03-04T02:40:15Z,390.0,SMP409,B789,VHHH,VTBS,300,234,0,0
SMP409_VHHH_VTBS_2026-03-04 02:15,14.52645,101.69154,2026-03-04T02:40:30Z,390.0,SMP409,B789,VHHH,VTBS,300,234,0,0
SMP409_VHHH_VTBS_2026-03-04 02:15,14.51431,101.67407,2026-03-04T02:40:45Z,390.0,SMP409,B789,VHHH,VTBS,300,234,0,0
SMP409_VHHH_VTBS_2026-03-04 02:15,14.50216,101.65661,2026-03-04T02:41:00Z,390.0,SMP409,B789,VHHH,VTBS,300,234,0,0
SMP409_VHHH_VTBS_2026-03-04 02:15,14.49001,101.63914,2026-03-04T02:41:15Z,390.0,SMP409,B789,VHHH,VTBS,300,231,0,0
SMP409_VHHH_VTBS_2026-03-04 02:15,14.47786,101.62168,2026-03-04T02:41:30Z,390.0,SMP409,B789,VHHH,VTBS,300,234,0,0
SMP409_VHHH_VTBS_2026-03-04 02:15,14.46571,101.60422,2026-03-04T02:41:45Z,390.0,SMP409,B789,VHHH,VTBS,300,234,0,0
SMP409_VHHH_VTBS_2026-03-04 02:15,14.45356,101.58676,2026-03-04T02:42:00Z,390.0,SMP409,B789,VHHH,VTBS,300,234,0,0
SMP409_VHHH_VTBS_2026-03-04 02:15,14.44141,101.56931,2026-03-04T02:42:15Z,390.0,SMP409,B789,VHHH,VTBS,300,234,0,0
SMP409_VHHH_VTBS_2026-03-04 02:15,14.42925,101.55185,2026-03-04T02:42:30Z,390.0,SMP409,B789,VHHH,VTBS,300,234,0,0
SMP409_VHHH_VTBS_2026-03-04 02:15,14.4171,101.5344,2026-03-04T02:42:45Z,390.0,SMP409,B789,VHHH,VTBS,300,234,0,0
SMP409_VHHH_VTBS_2026-03-04 02:15,14.40494,101.51695,2026-03-04T02:43:00Z,390.0,SMP409,B789,VHHH,VTBS,300,231,0,0
SMP409_VHHH_VTBS_2026-03-04 02:15,14.39278,101.4995,2026-03-04T02:43:15Z,390.0,SMP409,B789,VHHH,VTBS,300,234,0,0
SMP409_VHHH_VTBS_2026-03-04 02:15,14.38062,101.48205,2026-03-04T02:43:30Z,390.0,SMP409,B789,VHHH,VTBS,300,235,0,0
SMP409_VHHH_VTBS_2026-03-04 02:15,14.36846,101.46461,2026-03-04T02:43:45Z,390.0,SMP409,B789,VHHH,VTBS,300,234,0,0
SMP409_VHHH_VTBS_2026-03-04 02:15,14.3563,101.44717,2026-03-04T02:44:00Z,390.0,SMP409,B789,VHHH,VTBS,300,235,0,0
SMP409_VHHH_VTBS_2026-03-04 02:15,14.34414,101.42973,2026-03-04T02:44:15Z,390.0,SMP409,B789,VHHH,VTBS,300,236,0,0
SMP409_VHHH_VTBS_2026-03-04 02:15,14.33197,101.41229,2026-03-04T02:44:30Z,390.0,SMP409,B789,VHHH,VTBS,300,237,0,0
SMP409_VHHH_VTBS_2026-03-04 02:15,14.31981,101.39485,2026-03-04T02:44:45Z,390.0,SMP409,B789,VHHH,VTBS,300,232,0,0
SMP409_VHHH_VTBS_2026-03-04 02:15,14.30764,101.37741,2026-03-04T02:45:00Z,390.0,SMP409,B789,VHHH,VTBS,300,235,0,0
SMP409_VHHH_VTBS_2026-03-04 02:15,14.29547,101.35998,2026-03-04T02:45:15Z,390.0,SMP409,B789,VHHH,VTBS,300,235,0,0
SMP409_VHHH_VTBS_2026-03-04 02:15,14.2833,101.34255,2026-03-04T02:45:30Z,390.0,SMP409,B789,VHHH,VTBS,300,237,0,0
SMP409_VHHH_VTBS_2026-03-04 02:15,14.27113,101.32512,2026-03-04T02:45:45Z,390.0,SMP409,B789,VHHH,VTBS,300,237,0,0
SMP409_VHHH_VTBS_2026-03-04 02:15,14.25896,101.30769,2026-03-04T02:46:00Z,390.0,SMP409,B789,VHHH,VTBS,300,234,0,0
SMP409_VHHH_VTBS_2026-03-04 02:15,14.24679,101.29027,2026-03-04T02:46:15Z,390.0,SMP409,B789,VHHH,VTBS,300,236,0,0
SMP409_VHHH_VTBS_2026-03-04 02:15,14.23461,101.27284,2026-03-04T02:46:30Z,390.0,SMP409,B789,VHHH,VTBS,300,234,0,0
SMP409_VHHH_VTBS_2026-03-04 02:15,14.22244,101.25542,2026-03-04T02:46:45Z,390.0,SMP409,B789,VHHH,VTBS,300,232,0,0
SMP409_VHHH_VTBS_2026-03-04 02:15,14.21026,101.238,2026-03-04T02:47:00Z,390.0,SMP409,B789,VHHH,VTBS,300,236,0,0
SMP409_VHHH_VTBS_2026-03-04 02:15,14.19808,101.22058,2026-03-04T02:47:15Z,390.0,SMP409,B789,VHHH,VTBS,300,232,0,0
SMP409_VHHH_VTBS_2026-03-04 02:15,14.1859,101.20317,2026-03-04T02:47:30Z,390.0,SMP409,B789,VHHH,VTBS,300,234,0,0
SMP409_VHHH_VTBS_2026-03-04 02:15,14.17372,101.18575,2026-03-04T02:47:45Z,390.0,SMP409,B789,VHHH,VTBS,300,236,0,0
SMP409_VHHH_VTBS_2026-03-04 02:15,14.16154,101.16834,2026-03-04T02:48:00Z,390.0,SMP409,B789,VHHH,VTBS,300,234,0,0
SMP409_VHHH_VTBS_2026-03-04 02:15,14.14935,101.15093,2026-03-04T02:48:15Z,390.0,SMP409,B789,VHHH,VTBS,300,236,0,0
SMP409_VHHH_VTBS_2026-03-04 02:15,14.13717,101.13352,2026-03-04T02:48:30Z,390.0,SMP409,B789,VHHH,VTBS,300,235,0,0
SMP409_VHHH_VTBS_2026-03-04 02:15,14.12498,101.11611,2026-03-04T02:48:45Z,390.0,SMP409,B789,VHHH,VTBS,300,234,0,0
SMP409_VHHH_VTBS_2026-03-04 02:15,14.1128,101.09871,2026-03-04T02:49:00Z,390.0,SMP409,B789,VHHH,VTBS,300,236,0,0
SMP409_VHHH_VTBS_2026-03-04 02:15,14.10061,101.0813,2026-03-04T02:49:15Z,390.0,SMP409,B789,VHHH,VTBS,300,234,0,0
SMP409_VHHH_VTBS_2026-03-04 02:15,14.08842,101.0639,2026-03-04T02:49:30Z,390.0,SMP409,B789,VHHH,VTBS,300,234,0,0
SMP409_VHHH_VTBS_2026-03-04 02:15,14.07623,101.0465,2026-03-04T02:49:45Z,390.0,SMP409,B789,VHHH,VTBS,300,235,0,0
SMP409_VHHH_VTBS_2026-03-04 02:15,14.06403,101.0291,2026-03-04T02:50:00Z,390.0,SMP409,B789,VHHH,VTBS,300,234,0,0
SMP409_VHHH_VTBS_2026-03-04 02:15,14.05184,101.01171,2026-03-04T02:50:15Z,390.0,SMP409,B789,VHHH,VTBS,300,234,0,0
SMP409_VHHH_VTBS_2026-03-04 02:15,14.03965,100.99431,2026-03-04T02:50:30Z,390.0,SMP409,B789,VHHH,VTBS,300,234,0,0
SMP409_VHHH_VTBS_2026-03-04 02:15,14.02745,100.97692,2026-03-04T02:50:45Z,390.0,SMP409,B789,VHHH,VTBS,300,234,0,0
SMP409_VHHH_VTBS_2026-03-04 02:15,14.01525,100.95953,2026-03-04T02:51:00Z,390.0,SMP409,B789,VHHH,VTBS,300,236,0,0
SMP409_VHHH_VTBS_2026-03-04 02:15,14.00306,100.94214,2026-03-04T02:51:15Z,390.0,SMP409,B789,VHHH,VTBS,300,234,0,0
SMP409_VHHH_VTBS_2026-03-04 02:15,13.99086,100.92476,2026-03-04T02:51:30Z,390.0,SMP409,B789,VHHH,VTBS,300,234,0,0
SMP409_VHHH_VTBS_2026-03-04 02:15,13.97865,100.90737,2026-03-04T02:51:45Z,390.0,SMP409,B789,VHHH,VTBS,300,234,0,0
SMP409_VHHH_VTBS_2026-03-04 02:15,13.96645,100.88999,2026-03-04T02:52:00Z,390.0,SMP409,B789,VHHH,VTBS,300,234,0,0
SMP409_VHHH_VTBS_2026-03-04 02:15,13.95425,100.87261,2026-03-04T02:52:15Z,390.0,SMP409,B789,VHHH,VTBS,300,234,0,0
SMP409_VHHH_VTBS_2026-03-04 02:15,13.94204,100.85523,2026-03-04T02:52:30Z,390.0,SMP409,B789,VHHH,VTBS,300,234,0,0
SMP409_VHHH_VTBS_2026-03-04 02:15,13.92984,100.83785,2026-03-04T02:52:45Z,390.0,SMP409,B789,VHHH,VTBS,300,234,0,0
SMP409_VHHH_VTBS_2026-03-04 02:15,13.91763,100.82048,2026-03-04T02:53:00Z,390.0,SMP409,B789,VHHH,VTBS,300,235,0,0
SMP409_VHHH_VTBS_2026-03-04 02:15,13.90365,100.81679,2026-03-04T02:53:15Z,41.8,SMP409,B789,VHHH,VTBS,208,194,-139271,2
SMP409_VHHH_VTBS_2026-03-04 02:15,13.88966,100.81311,2026-03-04T02:53:30Z,39.1,SMP409,B789,VHHH,VTBS,208,194,-1103,2
SMP409_VHHH_VTBS_2026-03-04 02:15,13.87574,100.80944,2026-03-04T02:53:45Z,36.3,SMP409,B789,VHHH,VTBS,206,194,-1099,2
SMP409_VHHH_VTBS_2026-03-04 02:15,13.86203,100.80583,2026-03-04T02:54:00Z,33.6,SMP409,B789,VHHH,VTBS,202,194,-1082,2
SMP409_VHHH_VTBS_2026-03-04 02:15,13.84855,100.80229,2026-03-04T02:54:15Z,30.9,SMP409,B789,VHHH,VTBS,199,194,-1063,2
SMP409_VHHH_VTBS_2026-03-04 02:15,13.83528,100.79879,2026-03-04T02:54:30Z,28.3,SMP409,B789,VHHH,VTBS,196,194,-1046,2
SMP409_VHHH_VTBS_2026-03-04 02:15,13.82224,100.79536,2026-03-04T02:54:45Z,25.8,SMP409,B789,VHHH,VTBS,192,194,-1029,2
SMP409_VHHH_VTBS_2026-03-04 02:15,13.80942,100.79199,2026-03-04T02:55:00Z,23.2,SMP409,B789,VHHH,VTBS,189,194,-1012,2
SMP409_VHHH_VTBS_2026-03-04 02:15,13.7968,100.78867,2026-03-04T02:55:15Z,20.7,SMP409,B789,VHHH,VTBS,186,194,-996,2
SMP409_VHHH_VTBS_2026-03-04 02:15,13.7844,100.78541,2026-03-04T02:55:30Z,18.3,SMP409,B789,VHHH,VTBS,183,194,-978,2
SMP409_VHHH_VTBS_2026-03-04 02:15,13.77219,100.78219,2026-03-04T02:55:45Z,15.9,SMP409,B789,VHHH,VTBS,180,194,-963,2
SMP409_VHHH_VTBS_2026-03-04 02:15,13.7602,100.77904,2026-03-04T02:56:00Z,13.5,SMP409,B789,VHHH,VTBS,177,194,-946,2
SMP409_VHHH_VTBS_2026-03-04 02:15,13.74839,100.77593,2026-03-04T02:56:15Z,11.2,SMP409,B789,VHHH,VTBS,174,194,-932,2
SMP409_VHHH_VTBS_2026-03-04 02:15,13.73679,100.77288,2026-03-04T02:56:30Z,8.9,SMP409,B789,VHHH,VTBS,171,194,-915,2
SMP409_VHHH_VTBS_2026-03-04 02:15,13.72538,100.76988,2026-03-04T02:56:45Z,6.6,SMP409,B789,VHHH,VTBS,168,194,-901,2
SMP409_VHHH_VTBS_2026-03-04 02:15,13.71415,100.76693,2026-03-04T02:57:00Z,4.4,SMP409,B789,VHHH,VTBS,166,194,-885,2
SMP409_VHHH_VTBS_2026-03-04 02:15,13.70312,100.76403,2026-03-04T02:57:15Z,2.2,SMP409,B789,VHHH,VTBS,163,194,-871,2
SMP409_VHHH_VTBS_2026-03-04 02:15,13.6926,100.76127,2026-03-04T02:57:30Z,0.2,SMP409,B789,VHHH,VTBS,147,194,-829,2
SMP409_VHHH_VTBS_2026-03-04 02:15,13.68405,100.75902,2026-03-04T02:57:45Z,0.0,SMP409,B789,VHHH,VTBS,111,194,-69,0
SMP409_VHHH_VTBS_2026-03-04 02:15,13.67741,100.75727,2026-03-04T02:58:00Z,0.0,SMP409,B789,VHHH,VTBS,87,194,0,0
SMP409_VHHH_VTBS_2026-03-04 02:15,13.67278,100.75606,2026-03-04T02:58:15Z,0.0,SMP409,B789,VHHH,VTBS,70,194,0,0
SMP409_VHHH_VTBS_2026-03-04 02:15,13.66876,100.755,2026-03-04T02:58:30Z,0.0,SMP409,B789,VHHH,VTBS,55,194,0,0
SMP409_VHHH_VTBS_2026-03-04 02:15,13.66599,100.75427,2026-03-04T02:58:45Z,0.0,SMP409,B789,VHHH,VTBS,44,194,0,0
SMP409_VHHH_VTBS_2026-03-04 02:15,13.66382,100.7537,2026-03-04T02:59:00Z,0.0,SMP409,B789,VHHH,VTBS,36,194,0,0
SMP409_VHHH_VTBS_2026-03-04 02:15,13.66193,100.75321,2026-03-04T02:59:15Z,0.0,SMP409,B789,VHHH,VTBS,29,194,0,0
SMP409_VHHH_VTBS_2026-03-04 02:15,13.66027,100.75277,2026-03-04T02:59:30Z,0.0,SMP409,B789,VHHH,VTBS,23,194,0,0
EXA879_VTCT_VTBS_2026-03-04 02:22,17.06144,100.33184,2026-03-04T02:22:00Z,320.0,EXA879,B38M,VTCT,VTBS,300,172,0,0
EXA879_VTCT_VTBS_2026-03-04 02:22,17.04084,100.33498,2026-03-04T02:22:15Z,320.0,EXA879,B38M,VTCT,VTBS,300,0,0,0
EXA879_VTCT_VTBS_2026-03-04 02:22,17.02024,100.33813,2026-03-04T02:22:30Z,320.0,EXA879,B38M,VTCT,VTBS,300,0,0,0
EXA879_VTCT_VTBS_2026-03-04 02:22,16.99964,100.34127,2026-03-04T02:22:45Z,320.0,EXA879,B38M,VTCT,VTBS,300,0,0,0
EXA879_VTCT_VTBS_2026-03-04 02:22,16.97904,100.34442,2026-03-04T02:23:00Z,320.0,EXA879,B38M,VTCT,VTBS,300,0,0,0
EXA879_VTCT_VTBS_2026-03-04 02:22,16.95844,100.34756,2026-03-04T02:23:15Z,320.0,EXA879,B38M,VTCT,VTBS,300,0,0,0
EXA879_VTCT_VTBS_2026-03-04 02:22,16.93783,100.3507,2026-03-04T02:23:30Z,320.0,EXA879,B38M,VTCT,VTBS,300,0,0,0
EXA879_VTCT_VTBS_2026-03-04 02:22,16.91723,100.35384,2026-03-04T02:23:45Z,320.0,EXA879,B38M,VTCT,VTBS,300,0,0,0
EXA879_VTCT_VTBS_2026-03-04 02:22,16.89663,100.35698,2026-03-04T02:24:00Z,320.0,EXA879,B38M,VTCT,VTBS,300,0,0,0
EXA879_VTCT_VTBS_2026-03-04 02:22,16.87603,100.36012,2026-03-04T02:24:15Z,320.0,EXA879,B38M,VTCT,VTBS,300,0,0,0
EXA879_VTCT_VTBS_2026-03-04 02:22,16.85543,100.36326,2026-03-04T02:24:30Z,320.0,EXA879,B38M,VTCT,VTBS,300,0,0,0
EXA879_VTCT_VTBS_2026-03-04 02:22,16.83483,100.3664,2026-03-04T02:24:45Z,320.0,EXA879,B38M,VTCT,VTBS,300,0,0,0
EXA879_VTCT_VTBS_2026-03-04 02:22,16.81423,100.36954,2026-03-04T02:25:00Z,320.0,EXA879,B38M,VTCT,VTBS,300,0,0,0
EXA879_VTCT_VTBS_2026-03-04 02:22,16.79362,100.37268,2026-03-04T02:25:15Z,320.0,EXA879,B38M,VTCT,VTBS,300,0,0,0
EXA879_VTCT_VTBS_2026-03-04 02:22,16.77302,100.37581,2026-03-04T02:25:30Z,320.0,EXA879,B38M,VTCT,VTBS,300,0,0,0
EXA879_VTCT_VTBS_2026-03-04 02:22,16.75242,100.37895,2026-03-04T02:25:45Z,320.0,EXA879,B38M,VTCT,VTBS,300,0,0,0
EXA879_VTCT_VTBS_2026-03-04 02:22,16.73182,100.38209,2026-03-04T02:26:00Z,320.0,EXA879,B38M,VTCT,VTBS,300,0,0,0
EXA879_VTCT_VTBS_2026-03-04 02:22,16.71122,100.38522,2026-03-04T02:26:15Z,320.0,EXA879,B38M,VTCT,VTBS,300,0,0,0
EXA879_VTCT_VTBS_2026-03-04 02:22,16.69062,100.38836,2026-03-04T02:26:30Z,320.0,EXA879,B38M,VTCT,VTBS,300,0,0,0
EXA879_VTCT_VTBS_2026-03-04 02:22,16.67001,100.39149,2026-03-04T02:26:45Z,320.0,EXA879,B38M,VTCT,VTBS,300,172,0,0
EXA879_VTCT_VTBS_2026-03-04 02:22,16.64941,100.39462,2026-03-04T02:27:00Z,320.0,EXA879,B38M,VTCT,VTBS,300,172,0,0
EXA879_VTCT_VTBS_2026-03-04 02:22,16.62881,100.39775,2026-03-04T02:27:15Z,320.0,EXA879,B38M,VTCT,VTBS,300,172,0,0
EXA879_VTCT_VTBS_2026-03-04 02:22,16.60821,100.40089,2026-03-04T02:27:30Z,320.0,EXA879,B38M,VTCT,VTBS,300,172,0,0
EXA879_VTCT_VTBS_2026-03-04 02:22,16.58761,100.40402,2026-03-04T02:27:45Z,320.0,EXA879,B38M,VTCT,VTBS,300,172,0,0
EXA879_VTCT_VTBS_2026-03-04 02:22,16.56701,100.40715,2026-03-04T02:28:00Z,320.0,EXA879,B38M,VTCT,VTBS,300,172,0,0
EXA879_VTCT_VTBS_2026-03-04 02:22,16.5464,100.41028,2026-03-04T02:28:15Z,320.0,EXA879,B38M,VTCT,VTBS,300,172,0,0
EXA879_VTCT_VTBS_2026-03-04 02:22,16.5258,100.4134,2026-03-04T02:28:30Z,320.0,EXA879,B38M,VTCT,VTBS,300,172,0,0
EXA879_VTCT_VTBS_2026-03-04 02:22,16.5052,100.41653,2026-03-04T02:28:45Z,320.0,EXA879,B38M,VTCT,VTBS,300,172,0,0
EXA879_VTCT_VTBS_2026-03-04 02:22,16.4846,100.41966,2026-03-04T02:29:00Z,320.0,EXA879,B38M,VTCT,VTBS,300,172,0,0
EXA879_VTCT_VTBS_2026-03-04 02:22,16.46399,100.42279,2026-03-04T02:29:15Z,320.0,EXA879,B38M,VTCT,VTBS,300,172,0,0
EXA879_VTCT_VTBS_2026-03-04 02:22,16.44339,100.42591,2026-03-04T02:29:30Z,320.0,EXA879,B38M,VTCT,VTBS,300,172,0,0
EXA879_VTCT_VTBS_2026-03-04 02:22,16.42279,100.42904,2026-03-04T02:29:45Z,320.0,EXA879,B38M,VTCT,VTBS,300,172,0,0
EXA879_VTCT_VTBS_2026-03-04 02:22,16.40219,100.43216,2026-03-04T02:30:00Z,320.0,EXA879,B38M,VTCT,VTBS,300,172,0,0
EXA879_VTCT_VTBS_2026-03-04 02:22,16.38158,100.43529,2026-03-04T02:30:15Z,320.0,EXA879,B38M,VTCT,VTBS,300,172,0,0
EXA879_VTCT_VTBS_2026-03-04 02:22,16.36098,100.43841,2026-03-04T02:30:30Z,320.0,EXA879,B38M,VTCT,VTBS,300,172,0,0
EXA879_VTCT_VTBS_2026-03-04 02:22,16.34038,100.44153,2026-03-04T02:30:45Z,320.0,EXA879,B38M,VTCT,VTBS,300,172,0,0
EXA879_VTCT_VTBS_2026-03-04 02:22,16.31978,100.44466,2026-03-04T02:31:00Z,320.0,EXA879,B38M,VTCT,VTBS,300,172,0,0
EXA879_VTCT_VTBS_2026-03-04 02:22,16.29917,100.44778,2026-03-04T02:31:15Z,320.0,EXA879,B38M,VTCT,VTBS,300,172,0,0
EXA879_VTCT_VTBS_2026-03-04 02:22,16.27857,100.4509,2026-03-04T02:31:30Z,320.0,EXA879,B38M,VTCT,VTBS,300,172,0,0
EXA879_VTCT_VTBS_2026-03-04 02:22,16.25797,100.45402,2026-03-04T02:31:45Z,320.0,EXA879,B38M,VTCT,VTBS,300,172,0,0
EXA879_VTCT_VTBS_2026-03-04 02:22,16.23737,100.45714,2026-03-04T02:32:00Z,320.0,EXA879,B38M,VTCT,VTBS,300,172,0,0
EXA879_VTCT_VTBS_2026-03-04 02:22,16.21676,100.46026,2026-03-04T02:32:15Z,320.0,EXA879,B38M,VTCT,VTBS,300,172,0,0
EXA879_VTCT_VTBS_2026-03-04 02:22,16.19616,100.46338,2026-03-04T02:32:30Z,320.0,EXA879,B38M,VTCT,VTBS,300,172,0,0
EXA879_VTCT_VTBS_2026-03-04 02:22,16.17556,100.46649,2026-03-04T02:32:45Z,320.0,EXA879,B38M,VTCT,VTBS,300,172,0,0
EXA879_VTCT_VTBS_2026-03-04 02:22,16.15496,100.46961,2026-03-04T02:33:00Z,320.0,EXA879,B38M,VTCT,VTBS,300,172,0,0
EXA879_VTCT_VTBS_2026-03-04 02:22,16.13435,100.47273,2026-03-04T02:33:15Z,320.0,EXA879,B38M,VTCT,VTBS,300,172,0,0
EXA879_VTCT_VTBS_2026-03-04 02:22,16.11375,100.47584,2026-03-04T02:33:30Z,320.0,EXA879,B38M,VTCT,VTBS,300,172,0,0
EXA879_VTCT_VTBS_2026-03-04 02:22,16.09315,100.47896,2026-03-04T02:33:45Z,320.0,EXA879,B38M,VTCT,VTBS,300,172,0,0
EXA879_VTCT_VTBS_2026-03-04 02:22,16.07254,100.48207,2026-03-04T02:34:00Z,320.0,EXA879,B38M,VTCT,VTBS,300,172,0,0
EXA879_VTCT_VTBS_2026-03-04 02:22,16.05194,100.48519,2026-03-04T02:34:15Z,320.0,EXA879,B38M,VTCT,VTBS,300,172,0,0
EXA879_VTCT_VTBS_2026-03-04 02:22,16.03134,100.4883,2026-03-04T02:34:30Z,320.0,EXA879,B38M,VTCT,VTBS,300,172,0,0
EXA879_VTCT_VTBS_2026-03-04 02:22,16.01073,100.49141,2026-03-04T02:34:45Z,320.0,EXA879,B38M,VTCT,VTBS,300,172,0,0
EXA879_VTCT_VTBS_2026-03-04 02:22,15.99013,100.49452,2026-03-04T02:35:00Z,320.0,EXA879,B38M,VTCT,VTBS,300,172,0,0
EXA879_VTCT_VTBS_2026-03-04 02:22,15.96953,100.49763,2026-03-04T02:35:15Z,320.0,EXA879,B38M,VTCT,VTBS,300,172,0,0
EXA879_VTCT_VTBS_2026-03-04 02:22,15.94892,100.50074,2026-03-04T02:35:30Z,320.0,EXA879,B38M,VTCT,VTBS,300,172,0,0
EXA879_VTCT_VTBS_2026-03-04 02:22,15.92832,100.50385,2026-03-04T02:35:45Z,320.0,EXA879,B38M,VTCT,VTBS,300,172,0,0
EXA879_VTCT_VTBS_2026-03-04 02:22,15.90772,100.50696,2026-03-04T02:36:00Z,320.0,EXA879,B38M,VTCT,VTBS,300,172,0,0
EXA879_VTCT_VTBS_2026-03-04 02:22,15.88711,100.51007,2026-03-04T02:36:15Z,320.0,EXA879,B38M,VTCT,VTBS,300,172,0,0
EXA879_VTCT_VTBS_2026-03-04 02:22,15.86651,100.51318,2026-03-04T02:36:30Z,320.0,EXA879,B38M,VTCT,VTBS,300,172,0,0
EXA879_VTCT_VTBS_2026-03-04 02:22,15.84591,100.51629,2026-03-04T02:36:45Z,320.0,EXA879,B38M,VTCT,VTBS,300,172,0,0
EXA879_VTCT_VTBS_2026-03-04 02:22,15.8253,100.51939,2026-03-04T02:37:00Z,320.0,EXA879,B38M,VTCT,VTBS,300,172,0,0
EXA879_VTCT_VTBS_2026-03-04 02:22,15.8047,100.5225,2026-03-04T02:37:15Z,320.0,EXA879,B38M,VTCT,VTBS,300,172,0,0
EXA879_VTCT_VTBS_2026-03-04 02:22,15.78409,100.52561,2026-03-04T02:37:30Z,320.0,EXA879,B38M,VTCT,VTBS,300,172,0,0
EXA879_VTCT_VTBS_2026-03-04 02:22,15.76349,100.52871,2026-03-04T02:37:45Z,320.0,EXA879,B38M,VTCT,VTBS,300,172,0,0
EXA879_VTCT_VTBS_2026-03-04 02:22,15.74289,100.53181,2026-03-04T02:38:00Z,320.0,EXA879,B38M,VTCT,VTBS,300,172,0,0
EXA879_VTCT_VTBS_2026-03-04 02:22,15.72228,100.53492,2026-03-04T02:38:15Z,320.0,EXA879,B38M,VTCT,VTBS,300,172,0,0
EXA879_VTCT_VTBS_2026-03-04 02:22,15.70168,100.53802,2026-03-04T02:38:30Z,320.0,EXA879,B38M,VTCT,VTBS,300,172,0,0
EXA879_VTCT_VTBS_2026-03-04 02:22,15.68108,100.54112,2026-03-04T02:38:45Z,320.0,EXA879,B38M,VTCT,VTBS,300,172,0,0
EXA879_VTCT_VTBS_2026-03-04 02:22,15.66047,100.54422,2026-03-04T02:39:00Z,320.0,EXA879,B38M,VTCT,VTBS,300,172,0,0
EXA879_VTCT_VTBS_2026-03-04 02:22,15.63987,100.54733,2026-03-04T02:39:15Z,320.0,EXA879,B38M,VTCT,VTBS,300,172,0,0
EXA879_VTCT_VTBS_2026-03-04 02:22,15.61926,100.55043,2026-03-04T02:39:30Z,320.0,EXA879,B38M,VTCT,VTBS,300,172,0,0
EXA879_VTCT_VTBS_2026-03-04 02:22,15.59866,100.55353,2026-03-04T02:39:45Z,320.0,EXA879,B38M,VTCT,VTBS,300,172,0,0
EXA879_VTCT_VTBS_2026-03-04 02:22,15.57805,100.55662,2026-03-04T02:40:00Z,320.0,EXA879,B38M,VTCT,VTBS,300,172,0,0
EXA879_VTCT_VTBS_2026-03-04 02:22,15.55745,100.55972,2026-03-04T02:40:15Z,320.0,EXA879,B38M,VTCT,VTBS,300,172,0,0
EXA879_VTCT_VTBS_2026-03-04 02:22,15.53685,100.56282,2026-03-04T02:40:30Z,320.0,EXA879,B38M,VTCT,VTBS,300,172,0,0
EXA879_VTCT_VTBS_2026-03-04 02:22,15.51624,100.56592,2026-03-04T02:40:45Z,320.0,EXA879,B38M,VTCT,VTBS,300,172,0,0
EXA879_VTCT_VTBS_2026-03-04 02:22,15.49564,100.56902,2026-03-04T02:41:00Z,320.0,EXA879,B38M,VTCT,VTBS,300,0,0,0
EXA879_VTCT_VTBS_2026-03-04 02:22,15.47503,100.57211,2026-03-04T02:41:15Z,320.0,EXA879,B38M,VTCT,VTBS,300,180,0,0
EXA879_VTCT_VTBS_2026-03-04 02:22,15.45443,100.57521,2026-03-04T02:41:30Z,320.0,EXA879,B38M,VTCT,VTBS,300,180,0,0
EXA879_VTCT_VTBS_2026-03-04 02:22,15.43382,100.5783,2026-03-04T02:41:45Z,320.0,EXA879,B38M,VTCT,VTBS,300,180,0,0
EXA879_VTCT_VTBS_2026-03-04 02:22,15.41322,100.5814,2026-03-04T02:42:00Z,320.0,EXA879,B38M,VTCT,VTBS,300,180,0,0
EXA879_VTCT_VTBS_2026-03-04 02:22,15.39262,100.58449,2026-03-04T02:42:15Z,320.0,EXA879,B38M,VTCT,VTBS,300,180,0,0
EXA879_VTCT_VTBS_2026-03-04 02:22,15.37201,100.58758,2026-03-04T02:42:30Z,320.0,EXA879,B38M,VTCT,VTBS,300,180,0,0
EXA879_VTCT_VTBS_2026-03-04 02:22,15.35141,100.59067,2026-03-04T02:42:45Z,320.0,EXA879,B38M,VTCT,VTBS,300,180,0,0
EXA879_VTCT_VTBS_2026-03-04 02:22,15.3308,100.59377,2026-03-04T02:43:00Z,320.0,EXA879,B38M,VTCT,VTBS,300,180,0,0
EXA879_VTCT_VTBS_2026-03-04 02:22,15.3102,100.59686,2026-03-04T02:43:15Z,320.0,EXA879,B38M,VTCT,VTBS,300,180,0,0
EXA879_VTCT_VTBS_2026-03-04 02:22,15.28959,100.59995,2026-03-04T02:43:30Z,320.0,EXA879,B38M,VTCT,VTBS,300,180,0,0
EXA879_VTCT_VTBS_2026-03-04 02:22,15.26899,100.60304,2026-03-04T02:43:45Z,320.0,EXA879,B38M,VTCT,VTBS,300,180,0,0
EXA879_VTCT_VTBS_2026-03-04 02:22,15.24838,100.60613,2026-03-04T02:44:00Z,320.0,EXA879,B38M,VTCT,VTBS,300,180,0,0
EXA879_VTCT_VTBS_2026-03-04 02:22,15.22778,100.60922,2026-03-04T02:44:15Z,320.0,EXA879,B38M,VTCT,VTBS,300,180,0,0
EXA879_VTCT_VTBS_2026-03-04 02:22,15.20717,100.6123,2026-03-04T02:44:30Z,320.0,EXA879,B38M,VTCT,VTBS,300,180,0,0
EXA879_VTCT_VTBS_2026-03-04 02:22,15.18657,100.61539,2026-03-04T02:44:45Z,320.0,EXA879,B38M,VTCT,VTBS,300,180,0,0
EXA879_VTCT_VTBS_2026-03-04 02:22,15.16596,100.61848,2026-03-04T02:45:00Z,320.0,EXA879,B38M,VTCT,VTBS,300,180,0,0
EXA879_VTCT_VTBS_2026-03-04 02:22,15.14536,100.62157,2026-03-04T02:45:15Z,320.0,EXA879,B38M,VTCT,VTBS,300,180,0,0
EXA879_VTCT_VTBS_2026-03-04 02:22,15.12475,100.62465,2026-03-04T02:45:30Z,320.0,EXA879,B38M,VTCT,VTBS,300,180,0,0
EXA879_VTCT_VTBS_2026-03-04 02:22,15.10415,100.62774,2026-03-04T02:45:45Z,320.0,EXA879,B38M,VTCT,VTBS,300,180,0,0
EXA879_VTCT_VTBS_2026-03-04 02:22,15.08354,100.63082,2026-03-04T02:46:00Z,320.0,EXA879,B38M,VTCT,VTBS,300,180,0,0
EXA879_VTCT_VTBS_2026-03-04 02:22,15.06294,100.6339,2026-03-04T02:46:15Z,320.0,EXA879,B38M,VTCT,VTBS,300,180,0,0
EXA879_VTCT_VTBS_2026-03-04 02:22,15.04233,100.63699,2026-03-04T02:46:30Z,320.0,EXA879,B38M,VTCT,VTBS,300,180,0,0
EXA879_VTCT_VTBS_2026-03-04 02:22,15.02173,100.64007,2026-03-04T02:46:45Z,320.0,EXA879,B38M,VTCT,VTBS,300,180,0,0
EXA879_VTCT_VTBS_2026-03-04 02:22,15.00112,100.64315,2026-03-04T02:47:00Z,320.0,EXA879,B38M,VTCT,VTBS,300,180,0,0
EXA879_VTCT_VTBS_2026-03-04 02:22,14.98052,100.64623,2026-03-04T02:47:15Z,320.0,EXA879,B38M,VTCT,VTBS,300,180,0,0
EXA879_VTCT_VTBS_2026-03-04 02:22,14.95991,100.64931,2026-03-04T02:47:30Z,320.0,EXA879,B38M,VTCT,VTBS,300,180,0,0
EXA879_VTCT_VTBS_2026-03-04 02:22,14.9393,100.6524,2026-03-04T02:47:45Z,320.0,EXA879,B38M,VTCT,VTBS,300,158,0,0
EXA879_VTCT_VTBS_2026-03-04 02:22,14.9187,100.65547,2026-03-04T02:48:00Z,320.0,EXA879,B38M,VTCT,VTBS,300,180,0,0
EXA879_VTCT_VTBS_2026-03-04 02:22,14.89809,100.65855,2026-03-04T02:48:15Z,320.0,EXA879,B38M,VTCT,VTBS,300,180,0,0
EXA879_VTCT_VTBS_2026-03-04 02:22,14.87749,100.66163,2026-03-04T02:48:30Z,320.0,EXA879,B38M,VTCT,VTBS,300,180,0,0
EXA879_VTCT_VTBS_2026-03-04 02:22,14.85688,100.66471,2026-03-04T02:48:45Z,320.0,EXA879,B38M,VTCT,VTBS,300,180,0,0
EXA879_VTCT_VTBS_2026-03-04 02:22,14.83628,100.66779,2026-03-04T02:49:00Z,320.0,EXA879,B38M,VTCT,VTBS,300,180,0,0
EXA879_VTCT_VTBS_2026-03-04 02:22,14.81567,100.67086,2026-03-04T02:49:15Z,320.0,EXA879,B38M,VTCT,VTBS,300,180,0,0
EXA879_VTCT_VTBS_2026-03-04 02:22,14.79506,100.67394,2026-03-04T02:49:30Z,320.0,EXA879,B38M,VTCT,VTBS,300,180,0,0
EXA879_VTCT_VTBS_2026-03-04 02:22,14.77446,100.67702,2026-03-04T02:49:45Z,320.0,EXA879,B38M,VTCT,VTBS,300,180,0,0
EXA879_VTCT_VTBS_2026-03-04 02:22,14.75385,100.68009,2026-03-04T02:50:00Z,320.0,EXA879,B38M,VTCT,VTBS,300,180,0,0
EXA879_VTCT_VTBS_2026-03-04 02:22,14.73325,100.68317,2026-03-04T02:50:15Z,320.0,EXA879,B38M,VTCT,VTBS,300,180,0,0
EXA879_VTCT_VTBS_2026-03-04 02:22,14.71264,100.68624,2026-03-04T02:50:30Z,320.0,EXA879,B38M,VTCT,VTBS,300,180,0,0
EXA879_VTCT_VTBS_2026-03-04 02:22,14.69204,100.68931,2026-03-04T02:50:45Z,320.0,EXA879,B38M,VTCT,VTBS,300,180,0,0
EXA879_VTCT_VTBS_2026-03-04 02:22,14.67143,100.69239,2026-03-04T02:51:00Z,320.0,EXA879,B38M,VTCT,VTBS,300,180,0,0
EXA879_VTCT_VTBS_2026-03-04 02:22,14.65082,100.69546,2026-03-04T02:51:15Z,320.0,EXA879,B38M,VTCT,VTBS,300,180,0,0
EXA879_VTCT_VTBS_2026-03-04 02:22,14.63022,100.69853,2026-03-04T02:51:30Z,320.0,EXA879,B38M,VTCT,VTBS,300,180,0,0
EXA879_VTCT_VTBS_2026-03-04 02:22,14.60961,100.7016,2026-03-04T02:51:45Z,320.0,EXA879,B38M,VTCT,VTBS,300,180,0,0
EXA879_VTCT_VTBS_2026-03-04 02:22,14.589,100.70467,2026-03-04T02:52:00Z,320.0,EXA879,B38M,VTCT,VTBS,300,180,0,0
EXA879_VTCT_VTBS_2026-03-04 02:22,14.5684,100.70774,2026-03-04T02:52:15Z,320.0,EXA879,B38M,VTCT,VTBS,300,180,0,0
EXA879_VTCT_VTBS_2026-03-04 02:22,14.54779,100.71081,2026-03-04T02:52:30Z,320.0,EXA879,B38M,VTCT,VTBS,300,180,0,0
EXA879_VTCT_VTBS_2026-03-04 02:22,14.52719,100.71388,2026-03-04T02:52:45Z,320.0,EXA879,B38M,VTCT,VTBS,300,180,0,0
EXA879_VTCT_VTBS_2026-03-04 02:22,14.50658,100.71695,2026-03-04T02:53:00Z,320.0,EXA879,B38M,VTCT,VTBS,300,180,0,0
EXA879_VTCT_VTBS_2026-03-04 02:22,14.48597,100.72001,2026-03-04T02:53:15Z,320.0,EXA879,B38M,VTCT,VTBS,300,180,0,0
EXA879_VTCT_VTBS_2026-03-04 02:22,14.46537,100.72308,2026-03-04T02:53:30Z,320.0,EXA879,B38M,VTCT,VTBS,300,180,0,0
EXA879_VTCT_VTBS_2026-03-04 02:22,14.44476,100.72615,2026-03-04T02:53:45Z,320.0,EXA879,B38M,VTCT,VTBS,300,180,0,0
EXA879_VTCT_VTBS_2026-03-04 02:22,14.42415,100.72921,2026-03-04T02:54:00Z,320.0,EXA879,B38M,VTCT,VTBS,300,180,0,0
EXA879_VTCT_VTBS_2026-03-04 02:22,14.40355,100.73228,2026-03-04T02:54:15Z,320.0,EXA879,B38M,VTCT,VTBS,300,180,0,0
EXA879_VTCT_VTBS_2026-03-04 02:22,14.38294,100.73534,2026-03-04T02:54:30Z,320.0,EXA879,B38M,VTCT,VTBS,300,180,0,0
EXA879_VTCT_VTBS_2026-03-04 02:22,14.36233,100.73841,2026-03-04T02:54:45Z,320.0,EXA879,B38M,VTCT,VTBS,300,180,0,0
EXA879_VTCT_VTBS_2026-03-04 02:22,14.34173,100.74147,2026-03-04T02:55:00Z,320.0,EXA879,B38M,VTCT,VTBS,300,180,0,0
EXA879_VTCT_VTBS_2026-03-04 02:22,14.32112,100.74453,2026-03-04T02:55:15Z,320.0,EXA879,B38M,VTCT,VTBS,300,180,0,0
EXA879_VTCT_VTBS_2026-03-04 02:22,14.30051,100.7476,2026-03-04T02:55:30Z,320.0,EXA879,B38M,VTCT,VTBS,300,180,0,0
EXA879_VTCT_VTBS_2026-03-04 02:22,14.27991,100.75066,2026-03-04T02:55:45Z,320.0,EXA879,B38M,VTCT,VTBS,300,180,0,0
EXA879_VTCT_VTBS_2026-03-04 02:22,14.2593,100.75372,2026-03-04T02:56:00Z,320.0,EXA879,B38M,VTCT,VTBS,300,180,0,0
EXA879_VTCT_VTBS_2026-03-04 02:22,14.23869,100.75678,2026-03-04T02:56:15Z,320.0,EXA879,B38M,VTCT,VTBS,300,180,0,0
EXA879_VTCT_VTBS_2026-03-04 02:22,14.21809,100.75984,2026-03-04T02:56:30Z,320.0,EXA879,B38M,VTCT,VTBS,300,180,0,0
EXA879_VTCT_VTBS_2026-03-04 02:22,14.19748,100.7629,2026-03-04T02:56:45Z,320.0,EXA879,B38M,VTCT,VTBS,300,180,0,0
EXA879_VTCT_VTBS_2026-03-04 02:22,14.17687,100.76596,2026-03-04T02:57:00Z,320.0,EXA879,B38M,VTCT,VTBS,300,180,0,0
EXA879_VTCT_VTBS_2026-03-04 02:22,14.15627,100.76902,2026-03-04T02:57:15Z,320.0,EXA879,B38M,VTCT,VTBS,300,180,0,0
EXA879_VTCT_VTBS_2026-03-04 02:22,14.13566,100.77208,2026-03-04T02:57:30Z,320.0,EXA879,B38M,VTCT,VTBS,300,180,0,0
EXA879_VTCT_VTBS_2026-03-04 02:22,14.11505,100.77513,2026-03-04T02:57:45Z,320.0,EXA879,B38M,VTCT,VTBS,300,180,0,0
EXA879_VTCT_VTBS_2026-03-04 02:22,14.09444,100.77819,2026-03-04T02:58:00Z,320.0,EXA879,B38M,VTCT,VTBS,300,180,0,0
EXA879_VTCT_VTBS_2026-03-04 02:22,14.07384,100.78125,2026-03-04T02:58:15Z,320.0,EXA879,B38M,VTCT,VTBS,300,180,0,0
EXA879_VTCT_VTBS_2026-03-04 02:22,14.05323,100.7843,2026-03-04T02:58:30Z,320.0,EXA879,B38M,VTCT,VTBS,300,180,0,0
EXA879_VTCT_VTBS_2026-03-04 02:22,14.03262,100.78736,2026-03-04T02:58:45Z,320.0,EXA879,B38M,VTCT,VTBS,300,180,0,0
EXA879_VTCT_VTBS_2026-03-04 02:22,14.01202,100.79041,2026-03-04T02:59:00Z,320.0,EXA879,B38M,VTCT,VTBS,300,180,0,0
EXA879_VTCT_VTBS_2026-03-04 02:22,13.99141,100.79347,2026-03-04T02:59:15Z,320.0,EXA879,B38M,VTCT,VTBS,300,180,0,0
EXA879_VTCT_VTBS_2026-03-04 02:22,13.9708,100.79652,2026-03-04T02:59:30Z,320.0,EXA879,B38M,VTCT,VTBS,300,180,0,0
EXA879_VTCT_VTBS_2026-03-04 02:22,13.95019,100.79957,2026-03-04T02:59:45Z,320.0,EXA879,B38M,VTCT,VTBS,300,180,0,0
EXA879_VTCT_VTBS_2026-03-04 02:22,13.92959,100.80263,2026-03-04T03:00:00Z,320.0,EXA879,B38M,VTCT,VTBS,300,180,0,0
EXA879_VTCT_VTBS_2026-03-04 02:22,13.9156,100.79894,2026-03-04T03:00:15Z,41.8,EXA879,B38M,VTCT,VTBS,208,194,-111271,2
EXA879_VTCT_VTBS_2026-03-04 02:22,13.90162,100.79526,2026-03-04T03:00:30Z,39.1,EXA879,B38M,VTCT,VTBS,208,194,-1103,2
EXA879_VTCT_VTBS_2026-03-04 02:22,13.88769,100.79159,2026-03-04T03:00:45Z,36.3,EXA879,B38M,VTCT,VTBS,206,194,-1099,2
EXA879_VTCT_VTBS_2026-03-04 02:22,13.87398,100.78798,2026-03-04T03:01:00Z,33.6,EXA879,B38M,VTCT,VTBS,202,194,-1082,2
EXA879_VTCT_VTBS_2026-03-04 02:22,13.8605,100.78444,2026-03-04T03:01:15Z,30.9,EXA879,B38M,VTCT,VTBS,199,194,-1063,2
EXA879_VTCT_VTBS_2026-03-04 02:22,13.84724,100.78094,2026-03-04T03:01:30Z,28.3,EXA879,B38M,VTCT,VTBS,196,194,-1046,2
EXA879_VTCT_VTBS_2026-03-04 02:22,13.8342,100.77751,2026-03-04T03:01:45Z,25.8,EXA879,B38M,VTCT,VTBS,192,194,-1029,2
EXA879_VTCT_VTBS_2026-03-04 02:22,13.82137,100.77414,2026-03-04T03:02:00Z,23.2,EXA879,B38M,VTCT,VTBS,189,194,-1012,2
EXA879_VTCT_VTBS_2026-03-04 02:22,13.80875,100.77081,2026-03-04T03:02:15Z,20.7,EXA879,B38M,VTCT,VTBS,186,194,-996,2
EXA879_VTCT_VTBS_2026-03-04 02:22,13.79636,100.76755,2026-03-04T03:02:30Z,18.3,EXA879,B38M,VTCT,VTBS,183,194,-978,2
EXA879_VTCT_VTBS_2026-03-04 02:22,13.78414,100.76434,2026-03-04T03:02:45Z,15.9,EXA879,B38M,VTCT,VTBS,180,194,-963,2
EXA879_VTCT_VTBS_2026-03-04 02:22,13.77216,100.76119,2026-03-04T03:03:00Z,13.5,EXA879,B38M,VTCT,VTBS,177,194,-946,2
EXA879_VTCT_VTBS_2026-03-04 02:22,13.76034,100.75808,2026-03-04T03:03:15Z,11.2,EXA879,B38M,VTCT,VTBS,174,194,-932,2
EXA879_VTCT_VTBS_2026-03-04 02:22,13.74875,100.75503,2026-03-04T03:03:30Z,8.9,EXA879,B38M,VTCT,VTBS,171,194,-915,2
EXA879_VTCT_VTBS_2026-03-04 02:22,13.73733,100.75203,2026-03-04T03:03:45Z,6.6,EXA879,B38M,VTCT,VTBS,168,194,-901,2
EXA879_VTCT_VTBS_2026-03-04 02:22,13.72611,100.74908,2026-03-04T03:04:00Z,4.4,EXA879,B38M,VTCT,VTBS,166,194,-885,2
EXA879_VTCT_VTBS_2026-03-04 02:22,13.71507,100.74618,2026-03-04T03:04:15Z,2.2,EXA879,B38M,VTCT,VTBS,163,194,-871,2
EXA879_VTCT_VTBS_2026-03-04 02:22,13.70456,100.74341,2026-03-04T03:04:30Z,0.2,EXA879,B38M,VTCT,VTBS,147,194,-829,2
EXA879_VTCT_VTBS_2026-03-04 02:22,13.696,100.74116,2026-03-04T03:04:45Z,0.0,EXA879,B38M,VTCT,VTBS,111,194,-69,0
EXA879_VTCT_VTBS_2026-03-04 02:22,13.68936,100.73942,2026-03-04T03:05:00Z,0.0,EXA879,B38M,VTCT,VTBS,87,194,0,0
EXA879_VTCT_VTBS_2026-03-04 02:22,13.68474,100.7382,2026-03-04T03:05:15Z,0.0,EXA879,B38M,VTCT,VTBS,70,194,0,0
EXA879_VTCT_VTBS_2026-03-04 02:22,13.68072,100.73714,2026-03-04T03:05:30Z,0.0,EXA879,B38M,VTCT,VTBS,55,194,0,0
EXA879_VTCT_VTBS_2026-03-04 02:22,13.67794,100.73642,2026-03-04T03:05:45Z,0.0,EXA879,B38M,VTCT,VTBS,44,194,0,0
EXA879_VTCT_VTBS_2026-03-04 02:22,13.67578,100.73585,2026-03-04T03:06:00Z,0.0,EXA879,B38M,VTCT,VTBS,36,194,0,0
EXA879_VTCT_VTBS_2026-03-04 02:22,13.67389,100.73535,2026-03-04T03:06:15Z,0.0,EXA879,B38M,VTCT,VTBS,29,194,0,0
EXA879_VTCT_VTBS_2026-03-04 02:22,13.67223,100.73491,2026-03-04T03:06:30Z,0.0,EXA879,B38M,VTCT,VTBS,23,194,0,0
MOC912_VDPP_VTBS_2026-03-04 02:29,12.28757,103.60551,2026-03-04T02:29:00Z,300.0,MOC912,E190,VDPP,VTBS,300,301,0,0
MOC912_VDPP_VTBS_2026-03-04 02:29,12.29839,103.58731,2026-03-04T02:29:15Z,300.0,MOC912,E190,VDPP,VTBS,300,0,0,0
MOC912_VDPP_VTBS_2026-03-04 02:29,12.30921,103.5691,2026-03-04T02:29:30Z,300.0,MOC912,E190,VDPP,VTBS,300,0,0,0
MOC912_VDPP_VTBS_2026-03-04 02:29,12.32003,103.55089,2026-03-04T02:29:45Z,300.0,MOC912,E190,VDPP,VTBS,300,0,0,0
MOC912_VDPP_VTBS_2026-03-04 02:29,12.33084,103.53268,2026-03-04T02:30:00Z,300.0,MOC912,E190,VDPP,VTBS,300,0,0,0
MOC912_VDPP_VTBS_2026-03-04 02:29,12.34166,103.51447,2026-03-04T02:30:15Z,300.0,MOC912,E190,VDPP,VTBS,300,0,0,0
MOC912_VDPP_VTBS_2026-03-04 02:29,12.35247,103.49626,2026-03-04T02:30:30Z,300.0,MOC912,E190,VDPP,VTBS,300,0,0,0
MOC912_VDPP_VTBS_2026-03-04 02:29,12.36328,103.47805,2026-03-04T02:30:45Z,300.0,MOC912,E190,VDPP,VTBS,300,0,0,0
MOC912_VDPP_VTBS_2026-03-04 02:29,12.37409,103.45983,2026-03-04T02:31:00Z,300.0,MOC912,E190,VDPP,VTBS,300,0,0,0
MOC912_VDPP_VTBS_2026-03-04 02:29,12.3849,103.44162,2026-03-04T02:31:15Z,300.0,MOC912,E190,VDPP,VTBS,300,0,0,0
MOC912_VDPP_VTBS_2026-03-04 02:29,12.39571,103.4234,2026-03-04T02:31:30Z,300.0,MOC912,E190,VDPP,VTBS,300,0,0,0
MOC912_VDPP_VTBS_2026-03-04 02:29,12.40652,103.40518,2026-03-04T02:31:45Z,300.0,MOC912,E190,VDPP,VTBS,300,0,0,0
MOC912_VDPP_VTBS_2026-03-04 02:29,12.41732,103.38696,2026-03-04T02:32:00Z,300.0,MOC912,E190,VDPP,VTBS,300,0,0,0
MOC912_VDPP_VTBS_2026-03-04 02:29,12.42813,103.36874,2026-03-04T02:32:15Z,300.0,MOC912,E190,VDPP,VTBS,300,0,0,0
MOC912_VDPP_VTBS_2026-03-04 02:29,12.43893,103.35051,2026-03-04T02:32:30Z,300.0,MOC912,E190,VDPP,VTBS,300,0,0,0
MOC912_VDPP_VTBS_2026-03-04 02:29,12.44974,103.33229,2026-03-04T02:32:45Z,300.0,MOC912,E190,VDPP,VTBS,300,0,0,0
MOC912_VDPP_VTBS_2026-03-04 02:29,12.46054,103.31406,2026-03-04T02:33:00Z,300.0,MOC912,E190,VDPP,VTBS,300,0,0,0
MOC912_VDPP_VTBS_2026-03-04 02:29,12.47134,103.29583,2026-03-04T02:33:15Z,300.0,MOC912,E190,VDPP,VTBS,300,0,0,0
MOC912_VDPP_VTBS_2026-03-04 02:29,12.48214,103.2776,2026-03-04T02:33:30Z,300.0,MOC912,E190,VDPP,VTBS,300,0,0,0
MOC912_VDPP_VTBS_2026-03-04 02:29,12.49293,103.25937,2026-03-04T02:33:45Z,300.0,MOC912,E190,VDPP,VTBS,300,0,0,0
MOC912_VDPP_VTBS_2026-03-04 02:29,12.50373,103.24114,2026-03-04T02:34:00Z,300.0,MOC912,E190,VDPP,VTBS,300,289,0,0
MOC912_VDPP_VTBS_2026-03-04 02:29,12.51453,103.2229,2026-03-04T02:34:15Z,300.0,MOC912,E190,VDPP,VTBS,300,309,0,0
MOC912_VDPP_VTBS_2026-03-04 02:29,12.52532,103.20466,2026-03-04T02:34:30Z,300.0,MOC912,E190,VDPP,VTBS,300,305,0,0
MOC912_VDPP_VTBS_2026-03-04 02:29,12.53611,103.18643,2026-03-04T02:34:45Z,300.0,MOC912,E190,VDPP,VTBS,300,289,0,0
MOC912_VDPP_VTBS_2026-03-04 02:29,12.5469,103.16819,2026-03-04T02:35:00Z,300.0,MOC912,E190,VDPP,VTBS,300,300,0,0
MOC912_VDPP_VTBS_2026-03-04 02:29,12.55769,103.14995,2026-03-04T02:35:15Z,300.0,MOC912,E190,VDPP,VTBS,300,300,0,0
MOC912_VDPP_VTBS_2026-03-04 02:29,12.56848,103.1317,2026-03-04T02:35:30Z,300.0,MOC912,E190,VDPP,VTBS,300,295,0,0
MOC912_VDPP_VTBS_2026-03-04 02:29,12.57927,103.11346,2026-03-04T02:35:45Z,300.0,MOC912,E190,VDPP,VTBS,300,295,0,0
MOC912_VDPP_VTBS_2026-03-04 02:29,12.59006,103.09521,2026-03-04T02:36:00Z,300.0,MOC912,E190,VDPP,VTBS,300,305,0,0
MOC912_VDPP_VTBS_2026-03-04 02:29,12.60084,103.07697,2026-03-04T02:36:15Z,300.0,MOC912,E190,VDPP,VTBS,300,277,0,0
MOC912_VDPP_VTBS_2026-03-04 02:29,12.61163,103.05872,2026-03-04T02:36:30Z,300.0,MOC912,E190,VDPP,VTBS,300,295,0,0
MOC912_VDPP_VTBS_2026-03-04 02:29,12.62241,103.04047,2026-03-04T02:36:45Z,300.0,MOC912,E190,VDPP,VTBS,300,289,0,0
MOC912_VDPP_VTBS_2026-03-04 02:29,12.63319,103.02222,2026-03-04T02:37:00Z,300.0,MOC912,E190,VDPP,VTBS,300,0,0,0
MOC912_VDPP_VTBS_2026-03-04 02:29,12.64397,103.00396,2026-03-04T02:37:15Z,300.0,MOC912,E190,VDPP,VTBS,300,305,0,0
MOC912_VDPP_VTBS_2026-03-04 02:29,12.65475,102.98571,2026-03-04T02:37:30Z,300.0,MOC912,E190,VDPP,VTBS,300,300,0,0
MOC912_VDPP_VTBS_2026-03-04 02:29,12.66553,102.96745,2026-03-04T02:37:45Z,300.0,MOC912,E190,VDPP,VTBS,300,300,0,0
MOC912_VDPP_VTBS_2026-03-04 02:29,12.67631,102.9492,2026-03-04T02:38:00Z,300.0,MOC912,E190,VDPP,VTBS,300,309,0,0
MOC912_VDPP_VTBS_2026-03-04 02:29,12.68708,102.93094,2026-03-04T02:38:15Z,300.0,MOC912,E190,VDPP,VTBS,300,305,0,0
MOC912_VDPP_VTBS_2026-03-04 02:29,12.69786,102.91268,2026-03-04T02:38:30Z,300.0,MOC912,E190,VDPP,VTBS,300,301,0,0
MOC912_VDPP_VTBS_2026-03-04 02:29,12.70863,102.89441,2026-03-04T02:38:45Z,300.0,MOC912,E190,VDPP,VTBS,300,301,0,0
MOC912_VDPP_VTBS_2026-03-04 02:29,12.7194,102.87615,2026-03-04T02:39:00Z,300.0,MOC912,E190,VDPP,VTBS,300,301,0,0
MOC912_VDPP_VTBS_2026-03-04 02:29,12.73017,102.85788,2026-03-04T02:39:15Z,300.0,MOC912,E190,VDPP,VTBS,300,301,0,0
MOC912_VDPP_VTBS_2026-03-04 02:29,12.74094,102.83962,2026-03-04T02:39:30Z,300.0,MOC912,E190,VDPP,VTBS,300,301,0,0
MOC912_VDPP_VTBS_2026-03-04 02:29,12.75171,102.82135,2026-03-04T02:39:45Z,300.0,MOC912,E190,VDPP,VTBS,300,301,0,0
MOC912_VDPP_VTBS_2026-03-04 02:29,12.76247,102.80308,2026-03-04T02:40:00Z,300.0,MOC912,E190,VDPP,VTBS,300,301,0,0
MOC912_VDPP_VTBS_2026-03-04 02:29,12.77324,102.78481,2026-03-04T02:40:15Z,300.0,MOC912,E190,VDPP,VTBS,300,301,0,0
MOC912_VDPP_VTBS_2026-03-04 02:29,12.784,102.76653,2026-03-04T02:40:30Z,300.0,MOC912,E190,VDPP,VTBS,300,301,0,0
MOC912_VDPP_VTBS_2026-03-04 02:29,12.79477,102.74826,2026-03-04T02:40:45Z,300.0,MOC912,E190,VDPP,VTBS,300,301,0,0
MOC912_VDPP_VTBS_2026-03-04 02:29,12.80553,102.72998,2026-03-04T02:41:00Z,300.0,MOC912,E190,VDPP,VTBS,300,301,0,0
MOC912_VDPP_VTBS_2026-03-04 02:29,12.81629,102.7117,2026-03-04T02:41:15Z,300.0,MOC912,E190,VDPP,VTBS,300,301,0,0
MOC912_VDPP_VTBS_2026-03-04 02:29,12.82705,102.69342,2026-03-04T02:41:30Z,300.0,MOC912,E190,VDPP,VTBS,300,301,0,0
MOC912_VDPP_VTBS_2026-03-04 02:29,12.83781,102.67514,2026-03-04T02:41:45Z,300.0,MOC912,E190,VDPP,VTBS,300,301,0,0
MOC912_VDPP_VTBS_2026-03-04 02:29,12.84856,102.65686,2026-03-04T02:42:00Z,300.0,MOC912,E190,VDPP,VTBS,300,301,0,0
MOC912_VDPP_VTBS_2026-03-04 02:29,12.85932,102.63858,2026-03-04T02:42:15Z,300.0,MOC912,E190,VDPP,VTBS,300,301,0,0
MOC912_VDPP_VTBS_2026-03-04 02:29,12.87007,102.62029,2026-03-04T02:42:30Z,300.0,MOC912,E190,VDPP,VTBS,300,301,0,0
MOC912_VDPP_VTBS_2026-03-04 02:29,12.88082,102.602,2026-03-04T02:42:45Z,300.0,MOC912,E190,VDPP,VTBS,300,301,0,0
MOC912_VDPP_VTBS_2026-03-04 02:29,12.89158,102.58371,2026-03-04T02:43:00Z,300.0,MOC912,E190,VDPP,VTBS,300,301,0,0
MOC912_VDPP_VTBS_2026-03-04 02:29,12.90233,102.56542,2026-03-04T02:43:15Z,300.0,MOC912,E190,VDPP,VTBS,300,0,0,0
MOC912_VDPP_VTBS_2026-03-04 02:29,12.91308,102.54713,2026-03-04T02:43:30Z,300.0,MOC912,E190,VDPP,VTBS,300,295,0,0
MOC912_VDPP_VTBS_2026-03-04 02:29,12.92382,102.52884,2026-03-04T02:43:45Z,300.0,MOC912,E190,VDPP,VTBS,300,313,0,0
MOC912_VDPP_VTBS_2026-03-04 02:29,12.93457,102.51054,2026-03-04T02:44:00Z,300.0,MOC912,E190,VDPP,VTBS,300,289,0,0
MOC912_VDPP_VTBS_2026-03-04 02:29,12.94531,102.49225,2026-03-04T02:44:15Z,300.0,MOC912,E190,VDPP,VTBS,300,292,0,0
MOC912_VDPP_VTBS_2026-03-04 02:29,12.95606,102.47395,2026-03-04T02:44:30Z,300.0,MOC912,E190,VDPP,VTBS,300,297,0,0
MOC912_VDPP_VTBS_2026-03-04 02:29,12.9668,102.45565,2026-03-04T02:44:45Z,300.0,MOC912,E190,VDPP,VTBS,300,309,0,0
MOC912_VDPP_VTBS_2026-03-04 02:29,12.97754,102.43735,2026-03-04T02:45:00Z,300.0,MOC912,E190,VDPP,VTBS,300,295,0,0
MOC912_VDPP_VTBS_2026-03-04 02:29,12.98828,102.41904,2026-03-04T02:45:15Z,300.0,MOC912,E190,VDPP,VTBS,300,289,0,0
MOC912_VDPP_VTBS_2026-03-04 02:29,12.99902,102.40074,2026-03-04T02:45:30Z,300.0,MOC912,E190,VDPP,VTBS,300,295,0,0
MOC912_VDPP_VTBS_2026-03-04 02:29,13.00976,102.38243,2026-03-04T02:45:45Z,300.0,MOC912,E190,VDPP,VTBS,300,316,0,0
MOC912_VDPP_VTBS_2026-03-04 02:29,13.02049,102.36412,2026-03-04T02:46:00Z,300.0,MOC912,E190,VDPP,VTBS,300,292,0,0
MOC912_VDPP_VTBS_2026-03-04 02:29,13.03123,102.34582,2026-03-04T02:46:15Z,300.0,MOC912,E190,VDPP,VTBS,300,322,0,0
MOC912_VDPP_VTBS_2026-03-04 02:29,13.04196,102.3275,2026-03-04T02:46:30Z,300.0,MOC912,E190,VDPP,VTBS,300,292,0,0
MOC912_VDPP_VTBS_2026-03-04 02:29,13.0527,102.30919,2026-03-04T02:46:45Z,300.0,MOC912,E190,VDPP,VTBS,300,295,0,0
MOC912_VDPP_VTBS_2026-03-04 02:29,13.06343,102.29088,2026-03-04T02:47:00Z,300.0,MOC912,E190,VDPP,VTBS,300,289,0,0
MOC912_VDPP_VTBS_2026-03-04 02:29,13.07416,102.27256,2026-03-04T02:47:15Z,300.0,MOC912,E190,VDPP,VTBS,300,300,0,0
MOC912_VDPP_VTBS_2026-03-04 02:29,13.08489,102.25424,2026-03-04T02:47:30Z,300.0,MOC912,E190,VDPP,VTBS,300,286,0,0
MOC912_VDPP_VTBS_2026-03-04 02:29,13.09561,102.23593,2026-03-04T02:47:45Z,300.0,MOC912,E190,VDPP,VTBS,300,292,0,0
MOC912_VDPP_VTBS_2026-03-04 02:29,13.10634,102.2176,2026-03-04T02:48:00Z,300.0,MOC912,E190,VDPP,VTBS,300,292,0,0
MOC912_VDPP_VTBS_2026-03-04 02:29,13.11706,102.19928,2026-03-04T02:48:15Z,300.0,MOC912,E190,VDPP,VTBS,300,300,0,0
MOC912_VDPP_VTBS_2026-03-04 02:29,13.12779,102.18096,2026-03-04T02:48:30Z,300.0,MOC912,E190,VDPP,VTBS,300,297,0,0
MOC912_VDPP_VTBS_2026-03-04 02:29,13.13851,102.16263,2026-03-04T02:48:45Z,300.0,MOC912,E190,VDPP,VTBS,300,295,0,0
MOC912_VDPP_VTBS_2026-03-04 02:29,13.14923,102.14431,2026-03-04T02:49:00Z,300.0,MOC912,E190,VDPP,VTBS,300,299,0,0
MOC912_VDPP_VTBS_2026-03-04 02:29,13.15995,102.12598,2026-03-04T02:49:15Z,300.0,MOC912,E190,VDPP,VTBS,300,303,0,0
MOC912_VDPP_VTBS_2026-03-04 02:29,13.17067,102.10765,2026-03-04T02:49:30Z,300.0,MOC912,E190,VDPP,VTBS,300,296,0,0
MOC912_VDPP_VTBS_2026-03-04 02:29,13.18138,102.08932,2026-03-04T02:49:45Z,300.0,MOC912,E190,VDPP,VTBS,300,306,0,0
MOC912_VDPP_VTBS_2026-03-04 02:29,13.1921,102.07098,2026-03-04T02:50:00Z,300.0,MOC912,E190,VDPP,VTBS,300,303,0,0
MOC912_VDPP_VTBS_2026-03-04 02:29,13.20281,102.05265,2026-03-04T02:50:15Z,300.0,MOC912,E190,VDPP,VTBS,300,297,0,0
MOC912_VDPP_VTBS_2026-03-04 02:29,13.21353,102.03431,2026-03-04T02:50:30Z,300.0,MOC912,E190,VDPP,VTBS,300,296,0,0
MOC912_VDPP_VTBS_2026-03-04 02:29,13.22424,102.01597,2026-03-04T02:50:45Z,300.0,MOC912,E190,VDPP,VTBS,300,305,0,0
MOC912_VDPP_VTBS_2026-03-04 02:29,13.23495,101.99763,2026-03-04T02:51:00Z,300.0,MOC912,E190,VDPP,VTBS,300,297,0,0
MOC912_VDPP_VTBS_2026-03-04 02:29,13.24566,101.97929,2026-03-04T02:51:15Z,300.0,MOC912,E190,VDPP,VTBS,300,296,0,0
MOC912_VDPP_VTBS_2026-03-04 02:29,13.25636,101.96095,2026-03-04T02:51:30Z,300.0,MOC912,E190,VDPP,VTBS,300,296,0,0
MOC912_VDPP_VTBS_2026-03-04 02:29,13.26707,101.9426,2026-03-04T02:51:45Z,300.0,MOC912,E190,VDPP,VTBS,300,296,0,0
MOC912_VDPP_VTBS_2026-03-04 02:29,13.27778,101.92426,2026-03-04T02:52:00Z,300.0,MOC912,E190,VDPP,VTBS,300,293,0,0
MOC912_VDPP_VTBS_2026-03-04 02:29,13.28848,101.90591,2026-03-04T02:52:15Z,300.0,MOC912,E190,VDPP,VTBS,300,299,0,0
MOC912_VDPP_VTBS_2026-03-04 02:29,13.29918,101.88756,2026-03-04T02:52:30Z,300.0,MOC912,E190,VDPP,VTBS,300,296,0,0
MOC912_VDPP_VTBS_2026-03-04 02:29,13.30988,101.86921,2026-03-04T02:52:45Z,300.0,MOC912,E190,VDPP,VTBS,300,296,0,0
MOC912_VDPP_VTBS_2026-03-04 02:29,13.32058,101.85086,2026-03-04T02:53:00Z,300.0,MOC912,E190,VDPP,VTBS,300,303,0,0
MOC912_VDPP_VTBS_2026-03-04 02:29,13.33128,101.8325,2026-03-04T02:53:15Z,300.0,MOC912,E190,VDPP,VTBS,300,304,0,0
MOC912_VDPP_VTBS_2026-03-04 02:29,13.34198,101.81415,2026-03-04T02:53:30Z,300.0,MOC912,E190,VDPP,VTBS,300,304,0,0
MOC912_VDPP_VTBS_2026-03-04 02:29,13.35267,101.79579,2026-03-04T02:53:45Z,300.0,MOC912,E190,VDPP,VTBS,300,303,0,0
MOC912_VDPP_VTBS_2026-03-04 02:29,13.36337,101.77743,2026-03-04T02:54:00Z,300.0,MOC912,E190,VDPP,VTBS,300,298,0,0
MOC912_VDPP_VTBS_2026-03-04 02:29,13.37406,101.75907,2026-03-04T02:54:15Z,300.0,MOC912,E190,VDPP,VTBS,300,304,0,0
MOC912_VDPP_VTBS_2026-03-04 02:29,13.38475,101.74071,2026-03-04T02:54:30Z,300.0,MOC912,E190,VDPP,VTBS,300,298,0,0
MOC912_VDPP_VTBS_2026-03-04 02:29,13.39544,101.72234,2026-03-04T02:54:45Z,300.0,MOC912,E190,VDPP,VTBS,300,298,0,0
MOC912_VDPP_VTBS_2026-03-04 02:29,13.40613,101.70398,2026-03-04T02:55:00Z,300.0,MOC912,E190,VDPP,VTBS,300,304,0,0
MOC912_VDPP_VTBS_2026-03-04 02:29,13.41682,101.68561,2026-03-04T02:55:15Z,300.0,MOC912,E190,VDPP,VTBS,300,302,0,0
MOC912_VDPP_VTBS_2026-03-04 02:29,13.42751,101.66724,2026-03-04T02:55:30Z,300.0,MOC912,E190,VDPP,VTBS,300,296,0,0
MOC912_VDPP_VTBS_2026-03-04 02:29,13.43819,101.64887,2026-03-04T02:55:45Z,300.0,MOC912,E190,VDPP,VTBS,300,299,0,0
MOC912_VDPP_VTBS_2026-03-04 02:29,13.44888,101.6305,2026-03-04T02:56:00Z,300.0,MOC912,E190,VDPP,VTBS,300,303,0,0
MOC912_VDPP_VTBS_2026-03-04 02:29,13.45956,101.61212,2026-03-04T02:56:15Z,300.0,MOC912,E190,VDPP,VTBS,300,304,0,0
MOC912_VDPP_VTBS_2026-03-04 02:29,13.47024,101.59375,2026-03-04T02:56:30Z,300.0,MOC912,E190,VDPP,VTBS,300,297,0,0
MOC912_VDPP_VTBS_2026-03-04 02:29,13.48092,101.57537,2026-03-04T02:56:45Z,300.0,MOC912,E190,VDPP,VTBS,300,305,0,0
MOC912_VDPP_VTBS_2026-03-04 02:29,13.4916,101.55699,2026-03-04T02:57:00Z,300.0,MOC912,E190,VDPP,VTBS,300,299,0,0
MOC912_VDPP_VTBS_2026-03-04 02:29,13.50228,101.53861,2026-03-04T02:57:15Z,300.0,MOC912,E190,VDPP,VTBS,300,298,0,0
MOC912_VDPP_VTBS_2026-03-04 02:29,13.51295,101.52023,2026-03-04T02:57:30Z,300.0,MOC912,E190,VDPP,VTBS,300,297,0,0
MOC912_VDPP_VTBS_2026-03-04 02:29,13.52363,101.50184,2026-03-04T02:57:45Z,300.0,MOC912,E190,VDPP,VTBS,300,301,0,0
MOC912_VDPP_VTBS_2026-03-04 02:29,13.5343,101.48346,2026-03-04T02:58:00Z,300.0,MOC912,E190,VDPP,VTBS,300,298,0,0
MOC912_VDPP_VTBS_2026-03-04 02:29,13.54497,101.46507,2026-03-04T02:58:15Z,300.0,MOC912,E190,VDPP,VTBS,300,302,0,0
MOC912_VDPP_VTBS_2026-03-04 02:29,13.55564,101.44668,2026-03-04T02:58:30Z,300.0,MOC912,E190,VDPP,VTBS,300,303,0,0
MOC912_VDPP_VTBS_2026-03-04 02:29,13.56631,101.42829,2026-03-04T02:58:45Z,300.0,MOC912,E190,VDPP,VTBS,300,302,0,0
MOC912_VDPP_VTBS_2026-03-04 02:29,13.57698,101.4099,2026-03-04T02:59:00Z,300.0,MOC912,E190,VDPP,VTBS,300,302,0,0
MOC912_VDPP_VTBS_2026-03-04 02:29,13.58765,101.39151,2026-03-04T02:59:15Z,300.0,MOC912,E190,VDPP,VTBS,300,302,0,0
MOC912_VDPP_VTBS_2026-03-04 02:29,13.59831,101.37311,2026-03-04T02:59:30Z,300.0,MOC912,E190,VDPP,VTBS,300,303,0,0
MOC912_VDPP_VTBS_2026-03-04 02:29,13.60898,101.35471,2026-03-04T02:59:45Z,300.0,MOC912,E190,VDPP,VTBS,300,304,0,0
MOC912_VDPP_VTBS_2026-03-04 02:29,13.61964,101.33632,2026-03-04T03:00:00Z,300.0,MOC912,E190,VDPP,VTBS,300,302,0,0
MOC912_VDPP_VTBS_2026-03-04 02:29,13.6303,101.31792,2026-03-04T03:00:15Z,300.0,MOC912,E190,VDPP,VTBS,300,302,0,0
MOC912_VDPP_VTBS_2026-03-04 02:29,13.64096,101.29951,2026-03-04T03:00:30Z,300.0,MOC912,E190,VDPP,VTBS,300,302,0,0
MOC912_VDPP_VTBS_2026-03-04 02:29,13.65162,101.28111,2026-03-04T03:00:45Z,300.0,MOC912,E190,VDPP,VTBS,300,299,0,0
MOC912_VDPP_VTBS_2026-03-04 02:29,13.66227,101.2627,2026-03-04T03:01:00Z,300.0,MOC912,E190,VDPP,VTBS,300,304,0,0
MOC912_VDPP_VTBS_2026-03-04 02:29,13.67293,101.2443,2026-03-04T03:01:15Z,300.0,MOC912,E190,VDPP,VTBS,300,302,0,0
MOC912_VDPP_VTBS_2026-03-04 02:29,13.68358,101.22589,2026-03-04T03:01:30Z,300.0,MOC912,E190,VDPP,VTBS,300,301,0,0
MOC912_VDPP_VTBS_2026-03-04 02:29,13.69424,101.20748,2026-03-04T03:01:45Z,300.0,MOC912,E190,VDPP,VTBS,300,302,0,0
MOC912_VDPP_VTBS_2026-03-04 02:29,13.70489,101.18907,2026-03-04T03:02:00Z,300.0,MOC912,E190,VDPP,VTBS,300,302,0,0
MOC912_VDPP_VTBS_2026-03-04 02:29,13.71554,101.17065,2026-03-04T03:02:15Z,300.0,MOC912,E190,VDPP,VTBS,300,302,0,0
MOC912_VDPP_VTBS_2026-03-04 02:29,13.72619,101.15224,2026-03-04T03:02:30Z,300.0,MOC912,E190,VDPP,VTBS,300,300,0,0
MOC912_VDPP_VTBS_2026-03-04 02:29,13.73683,101.13382,2026-03-04T03:02:45Z,300.0,MOC912,E190,VDPP,VTBS,300,299,0,0
MOC912_VDPP_VTBS_2026-03-04 02:29,13.74748,101.1154,2026-03-04T03:03:00Z,300.0,MOC912,E190,VDPP,VTBS,300,299,0,0
MOC912_VDPP_VTBS_2026-03-04 02:29,13.75813,101.09698,2026-03-04T03:03:15Z,300.0,MOC912,E190,VDPP,VTBS,300,299,0,0
MOC912_VDPP_VTBS_2026-03-04 02:29,13.76877,101.07856,2026-03-04T03:03:30Z,300.0,MOC912,E190,VDPP,VTBS,300,298,0,0
MOC912_VDPP_VTBS_2026-03-04 02:29,13.77941,101.06014,2026-03-04T03:03:45Z,300.0,MOC912,E190,VDPP,VTBS,300,299,0,0
MOC912_VDPP_VTBS_2026-03-04 02:29,13.79005,101.04171,2026-03-04T03:04:00Z,300.0,MOC912,E190,VDPP,VTBS,300,301,0,0
MOC912_VDPP_VTBS_2026-03-04 02:29,13.80069,101.02328,2026-03-04T03:04:15Z,300.0,MOC912,E190,VDPP,VTBS,300,299,0,0
MOC912_VDPP_VTBS_2026-03-04 02:29,13.81133,101.00486,2026-03-04T03:04:30Z,300.0,MOC912,E190,VDPP,VTBS,300,298,0,0
MOC912_VDPP_VTBS_2026-03-04 02:29,13.82197,100.98642,2026-03-04T03:04:45Z,300.0,MOC912,E190,VDPP,VTBS,300,302,0,0
MOC912_VDPP_VTBS_2026-03-04 02:29,13.8326,100.96799,2026-03-04T03:05:00Z,300.0,MOC912,E190,VDPP,VTBS,300,301,0,0
MOC912_VDPP_VTBS_2026-03-04 02:29,13.84323,100.94956,2026-03-04T03:05:15Z,300.0,MOC912,E190,VDPP,VTBS,300,299,0,0
MOC912_VDPP_VTBS_2026-03-04 02:29,13.85387,100.93112,2026-03-04T03:05:30Z,300.0,MOC912,E190,VDPP,VTBS,300,299,0,0
MOC912_VDPP_VTBS_2026-03-04 02:29,13.8645,100.91269,2026-03-04T03:05:45Z,300.0,MOC912,E190,VDPP,VTBS,300,300,0,0
MOC912_VDPP_VTBS_2026-03-04 02:29,13.87513,100.89425,2026-03-04T03:06:00Z,300.0,MOC912,E190,VDPP,VTBS,300,300,0,0
MOC912_VDPP_VTBS_2026-03-04 02:29,13.88576,100.87581,2026-03-04T03:06:15Z,300.0,MOC912,E190,VDPP,VTBS,300,301,0,0
MOC912_VDPP_VTBS_2026-03-04 02:29,13.89638,100.85736,2026-03-04T03:06:30Z,300.0,MOC912,E190,VDPP,VTBS,300,301,0,0
MOC912_VDPP_VTBS_2026-03-04 02:29,13.90701,100.83892,2026-03-04T03:06:45Z,300.0,MOC912,E190,VDPP,VTBS,300,299,0,0
MOC912_VDPP_VTBS_2026-03-04 02:29,13.91763,100.82048,2026-03-04T03:07:00Z,300.0,MOC912,E190,VDPP,VTBS,300,300,0,0
MOC912_VDPP_VTBS_2026-03-04 02:29,13.90365,100.81679,2026-03-04T03:07:15Z,41.8,MOC912,E190,VDPP,VTBS,208,194,-103271,2
MOC912_VDPP_VTBS_2026-03-04 02:29,13.88966,100.81311,2026-03-04T03:07:30Z,39.1,MOC912,E190,VDPP,VTBS,208,194,-1103,2
MOC912_VDPP_VTBS_2026-03-04 02:29,13.87574,100.80944,2026-03-04T03:07:45Z,36.3,MOC912,E190,VDPP,VTBS,206,194,-1099,2
MOC912_VDPP_VTBS_2026-03-04 02:29,13.86203,100.80583,2026-03-04T03:08:00Z,33.6,MOC912,E190,VDPP,VTBS,202,194,-1082,2
MOC912_VDPP_VTBS_2026-03-04 02:29,13.84855,100.80229,2026-03-04T03:08:15Z,30.9,MOC912,E190,VDPP,VTBS,199,194,-1063,2
MOC912_VDPP_VTBS_2026-03-04 02:29,13.83528,100.79879,2026-03-04T03:08:30Z,28.3,MOC912,E190,VDPP,VTBS,196,194,-1046,2
MOC912_VDPP_VTBS_2026-03-04 02:29,13.82224,100.79536,2026-03-04T03:08:45Z,25.8,MOC912,E190,VDPP,VTBS,192,194,-1029,2
MOC912_VDPP_VTBS_2026-03-04 02:29,13.80942,100.79199,2026-03-04T03:09:00Z,23.2,MOC912,E190,VDPP,VTBS,189,194,-1012,2
MOC912_VDPP_VTBS_2026-03-04 02:29,13.7968,100.78867,2026-03-04T03:09:15Z,20.7,MOC912,E190,VDPP,VTBS,186,194,-996,2
MOC912_VDPP_VTBS_2026-03-04 02:29,13.7844,100.78541,2026-03-04T03:09:30Z,18.3,MOC912,E190,VDPP,VTBS,183,194,-978,2
MOC912_VDPP_VTBS_2026-03-04 02:29,13.77219,100.78219,2026-03-04T03:09:45Z,15.9,MOC912,E190,VDPP,VTBS,180,194,-963,2
MOC912_VDPP_VTBS_2026-03-04 02:29,13.7602,100.77904,2026-03-04T03:10:00Z,13.5,MOC912,E190,VDPP,VTBS,177,194,-946,2
MOC912_VDPP_VTBS_2026-03-04 02:29,13.74839,100.77593,2026-03-04T03:10:15Z,11.2,MOC912,E190,VDPP,VTBS,174,194,-932,2
MOC912_VDPP_VTBS_2026-03-04 02:29,13.73679,100.77288,2026-03-04T03:10:30Z,8.9,MOC912,E190,VDPP,VTBS,171,194,-915,2
MOC912_VDPP_VTBS_2026-03-04 02:29,13.72538,100.76988,2026-03-04T03:10:45Z,6.6,MOC912,E190,VDPP,VTBS,168,194,-901,2
MOC912_VDPP_VTBS_2026-03-04 02:29,13.71415,100.76693,2026-03-04T03:11:00Z,4.4,MOC912,E190,VDPP,VTBS,166,194,-885,2
MOC912_VDPP_VTBS_2026-03-04 02:29,13.70312,100.76403,2026-03-04T03:11:15Z,2.2,MOC912,E190,VDPP,VTBS,163,194,-871,2
MOC912_VDPP_VTBS_2026-03-04 02:29,13.6926,100.76127,2026-03-04T03:11:30Z,0.2,MOC912,E190,VDPP,VTBS,147,194,-829,2
MOC912_VDPP_VTBS_2026-03-04 02:29,13.68405,100.75902,2026-03-04T03:11:45Z,0.0,MOC912,E190,VDPP,VTBS,111,194,-69,0
MOC912_VDPP_VTBS_2026-03-04 02:29,13.67741,100.75727,2026-03-04T03:12:00Z,0.0,MOC912,E190,VDPP,VTBS,87,194,0,0
MOC912_VDPP_VTBS_2026-03-04 02:29,13.67278,100.75606,2026-03-04T03:12:15Z,0.0,MOC912,E190,VDPP,VTBS,70,194,0,0
MOC912_VDPP_VTBS_2026-03-04 02:29,13.66876,100.755,2026-03-04T03:12:30Z,0.0,MOC912,E190,VDPP,VTBS,55,194,0,0
MOC912_VDPP_VTBS_2026-03-04 02:29,13.66599,100.75427,2026-03-04T03:12:45Z,0.0,MOC912,E190,VDPP,VTBS,44,194,0,0
MOC912_VDPP_VTBS_2026-03-04 02:29,13.66382,100.7537,2026-03-04T03:13:00Z,0.0,MOC912,E190,VDPP,VTBS,36,194,0,0
MOC912_VDPP_VTBS_2026-03-04 02:29,13.66193,100.75321,2026-03-04T03:13:15Z,0.0,MOC912,E190,VDPP,VTBS,29,194,0,0
MOC912_VDPP_VTBS_2026-03-04 02:29,13.66027,100.75277,2026-03-04T03:13:30Z,0.0,MOC912,E190,VDPP,VTBS,23,194,0,0
DEM231_VTSP_VTBS_2026-03-04 02:36,11.01372,99.54311,2026-03-04T02:36:00Z,350.0,DEM231,B738,VTSP,VTBS,300,23,0,0
DEM231_VTSP_VTBS_2026-03-04 02:36,11.03293,99.55131,2026-03-04T02:36:15Z,350.0,DEM231,B738,VTSP,VTBS,300,0,0,0
DEM231_VTSP_VTBS_2026-03-04 02:36,11.05213,99.55951,2026-03-04T02:36:30Z,350.0,DEM231,B738,VTSP,VTBS,300,0,0,0
DEM231_VTSP_VTBS_2026-03-04 02:36,11.07133,99.56771,2026-03-04T02:36:45Z,350.0,DEM231,B738,VTSP,VTBS,300,0,0,0
DEM231_VTSP_VTBS_2026-03-04 02:36,11.09053,99.57591,2026-03-04T02:37:00Z,350.0,DEM231,B738,VTSP,VTBS,300,0,0,0
DEM231_VTSP_VTBS_2026-03-04 02:36,11.10973,99.58411,2026-03-04T02:37:15Z,350.0,DEM231,B738,VTSP,VTBS,300,0,0,0
DEM231_VTSP_VTBS_2026-03-04 02:36,11.12893,99.59231,2026-03-04T02:37:30Z,350.0,DEM231,B738,VTSP,VTBS,300,0,0,0
DEM231_VTSP_VTBS_2026-03-04 02:36,11.14813,99.60052,2026-03-04T02:37:45Z,350.0,DEM231,B738,VTSP,VTBS,300,0,0,0
DEM231_VTSP_VTBS_2026-03-04 02:36,11.16733,99.60872,2026-03-04T02:38:00Z,350.0,DEM231,B738,VTSP,VTBS,300,0,0,0
DEM231_VTSP_VTBS_2026-03-04 02:36,11.18653,99.61693,2026-03-04T02:38:15Z,350.0,DEM231,B738,VTSP,VTBS,300,0,0,0
DEM231_VTSP_VTBS_2026-03-04 02:36,11.20573,99.62513,2026-03-04T02:38:30Z,350.0,DEM231,B738,VTSP,VTBS,300,0,0,0
DEM231_VTSP_VTBS_2026-03-04 02:36,11.22493,99.63334,2026-03-04T02:38:45Z,350.0,DEM231,B738,VTSP,VTBS,300,0,0,0
DEM231_VTSP_VTBS_2026-03-04 02:36,11.24413,99.64155,2026-03-04T02:39:00Z,350.0,DEM231,B738,VTSP,VTBS,300,0,0,0
DEM231_VTSP_VTBS_2026-03-04 02:36,11.26333,99.64976,2026-03-04T02:39:15Z,350.0,DEM231,B738,VTSP,VTBS,300,0,0,0
DEM231_VTSP_VTBS_2026-03-04 02:36,11.28253,99.65797,2026-03-04T02:39:30Z,350.0,DEM231,B738,VTSP,VTBS,300,0,0,0
DEM231_VTSP_VTBS_2026-03-04 02:36,11.30172,99.66619,2026-03-04T02:39:45Z,350.0,DEM231,B738,VTSP,VTBS,300,0,0,0
DEM231_VTSP_VTBS_2026-03-04 02:36,11.32092,99.6744,2026-03-04T02:40:00Z,350.0,DEM231,B738,VTSP,VTBS,300,0,0,0
DEM231_VTSP_VTBS_2026-03-04 02:36,11.34012,99.68262,2026-03-04T02:40:15Z,350.0,DEM231,B738,VTSP,VTBS,300,0,0,0
DEM231_VTSP_VTBS_2026-03-04 02:36,11.35932,99.69083,2026-03-04T02:40:30Z,350.0,DEM231,B738,VTSP,VTBS,300,0,0,0
DEM231_VTSP_VTBS_2026-03-04 02:36,11.37852,99.69905,2026-03-04T02:40:45Z,350.0,DEM231,B738,VTSP,VTBS,300,23,0,0
DEM231_VTSP_VTBS_2026-03-04 02:36,11.39771,99.70727,2026-03-04T02:41:00Z,350.0,DEM231,B738,VTSP,VTBS,300,23,0,0
DEM231_VTSP_VTBS_2026-03-04 02:36,11.41691,99.71549,2026-03-04T02:41:15Z,350.0,DEM231,B738,VTSP,VTBS,300,23,0,0
DEM231_VTSP_VTBS_2026-03-04 02:36,11.43611,99.72371,2026-03-04T02:41:30Z,350.0,DEM231,B738,VTSP,VTBS,300,23,0,0
DEM231_VTSP_VTBS_2026-03-04 02:36,11.4553,99.73193,2026-03-04T02:41:45Z,350.0,DEM231,B738,VTSP,VTBS,300,23,0,0
DEM231_VTSP_VTBS_2026-03-04 02:36,11.4745,99.74015,2026-03-04T02:42:00Z,350.0,DEM231,B738,VTSP,VTBS,300,23,0,0
DEM231_VTSP_VTBS_2026-03-04 02:36,11.4937,99.74838,2026-03-04T02:42:15Z,350.0,DEM231,B738,VTSP,VTBS,300,23,0,0
DEM231_VTSP_VTBS_2026-03-04 02:36,11.51289,99.7566,2026-03-04T02:42:30Z,350.0,DEM231,B738,VTSP,VTBS,300,23,0,0
DEM231_VTSP_VTBS_2026-03-04 02:36,11.53209,99.76483,2026-03-04T02:42:45Z,350.0,DEM231,B738,VTSP,VTBS,300,23,0,0
DEM231_VTSP_VTBS_2026-03-04 02:36,11.55128,99.77305,2026-03-04T02:43:00Z,350.0,DEM231,B738,VTSP,VTBS,300,23,0,0
DEM231_VTSP_VTBS_2026-03-04 02:36,11.57048,99.78128,2026-03-04T02:43:15Z,350.0,DEM231,B738,VTSP,VTBS,300,23,0,0
DEM231_VTSP_VTBS_2026-03-04 02:36,11.58967,99.78951,2026-03-04T02:43:30Z,350.0,DEM231,B738,VTSP,VTBS,300,23,0,0
DEM231_VTSP_VTBS_2026-03-04 02:36,11.60887,99.79774,2026-03-04T02:43:45Z,350.0,DEM231,B738,VTSP,VTBS,300,23,0,0
DEM231_VTSP_VTBS_2026-03-04 02:36,11.62806,99.80597,2026-03-04T02:44:00Z,350.0,DEM231,B738,VTSP,VTBS,300,23,0,0
DEM231_VTSP_VTBS_2026-03-04 02:36,11.64726,99.81421,2026-03-04T02:44:15Z,350.0,DEM231,B738,VTSP,VTBS,300,23,0,0
DEM231_VTSP_VTBS_2026-03-04 02:36,11.66645,99.82244,2026-03-04T02:44:30Z,350.0,DEM231,B738,VTSP,VTBS,300,23,0,0
DEM231_VTSP_VTBS_2026-03-04 02:36,11.68565,99.83068,2026-03-04T02:44:45Z,350.0,DEM231,B738,VTSP,VTBS,300,23,0,0
DEM231_VTSP_VTBS_2026-03-04 02:36,11.70484,99.83891,2026-03-04T02:45:00Z,350.0,DEM231,B738,VTSP,VTBS,300,23,0,0
DEM231_VTSP_VTBS_2026-03-04 02:36,11.72403,99.84715,2026-03-04T02:45:15Z,350.0,DEM231,B738,VTSP,VTBS,300,23,0,0
DEM231_VTSP_VTBS_2026-03-04 02:36,11.74323,99.85539,2026-03-04T02:45:30Z,350.0,DEM231,B738,VTSP,VTBS,300,23,0,0
DEM231_VTSP_VTBS_2026-03-04 02:36,11.76242,99.86363,2026-03-04T02:45:45Z,350.0,DEM231,B738,VTSP,VTBS,300,23,0,0
DEM231_VTSP_VTBS_2026-03-04 02:36,11.78161,99.87187,2026-03-04T02:46:00Z,350.0,DEM231,B738,VTSP,VTBS,300,23,0,0
DEM231_VTSP_VTBS_2026-03-04 02:36,11.8008,99.88011,2026-03-04T02:46:15Z,350.0,DEM231,B738,VTSP,VTBS,300,23,0,0
DEM231_VTSP_VTBS_2026-03-04 02:36,11.82,99.88835,2026-03-04T02:46:30Z,350.0,DEM231,B738,VTSP,VTBS,300,23,0,0
DEM231_VTSP_VTBS_2026-03-04 02:36,11.83919,99.8966,2026-03-04T02:46:45Z,350.0,DEM231,B738,VTSP,VTBS,300,23,0,0
DEM231_VTSP_VTBS_2026-03-04 02:36,11.85838,99.90484,2026-03-04T02:47:00Z,350.0,DEM231,B738,VTSP,VTBS,300,23,0,0
DEM231_VTSP_VTBS_2026-03-04 02:36,11.87757,99.91309,2026-03-04T02:47:15Z,350.0,DEM231,B738,VTSP,VTBS,300,23,0,0
DEM231_VTSP_VTBS_2026-03-04 02:36,11.89676,99.92134,2026-03-04T02:47:30Z,350.0,DEM231,B738,VTSP,VTBS,300,23,0,0
DEM231_VTSP_VTBS_2026-03-04 02:36,11.91595,99.92959,2026-03-04T02:47:45Z,350.0,DEM231,B738,VTSP,VTBS,300,23,0,0
DEM231_VTSP_VTBS_2026-03-04 02:36,11.93514,99.93784,2026-03-04T02:48:00Z,350.0,DEM231,B738,VTSP,VTBS,300,23,0,0
DEM231_VTSP_VTBS_2026-03-04 02:36,11.95433,99.94609,2026-03-04T02:48:15Z,350.0,DEM231,B738,VTSP,VTBS,300,23,0,0
DEM231_VTSP_VTBS_2026-03-04 02:36,11.97352,99.95434,2026-03-04T02:48:30Z,350.0,DEM231,B738,VTSP,VTBS,300,23,0,0
DEM231_VTSP_VTBS_2026-03-04 02:36,11.99271,99.96259,2026-03-04T02:48:45Z,350.0,DEM231,B738,VTSP,VTBS,300,23,0,0
DEM231_VTSP_VTBS_2026-03-04 02:36,12.0119,99.97085,2026-03-04T02:49:00Z,350.0,DEM231,B738,VTSP,VTBS,300,23,0,0
DEM231_VTSP_VTBS_2026-03-04 02:36,12.03109,99.97911,2026-03-04T02:49:15Z,350.0,DEM231,B738,VTSP,VTBS,300,23,0,0
DEM231_VTSP_VTBS_2026-03-04 02:36,12.05028,99.98736,2026-03-04T02:49:30Z,350.0,DEM231,B738,VTSP,VTBS,300,23,0,0
DEM231_VTSP_VTBS_2026-03-04 02:36,12.06947,99.99562,2026-03-04T02:49:45Z,350.0,DEM231,B738,VTSP,VTBS,300,23,0,0
DEM231_VTSP_VTBS_2026-03-04 02:36,12.08866,100.00388,2026-03-04T02:50:00Z,350.0,DEM231,B738,VTSP,VTBS,300,23,0,0
DEM231_VTSP_VTBS_2026-03-04 02:36,12.10785,100.01214,2026-03-04T02:50:15Z,350.0,DEM231,B738,VTSP,VTBS,300,23,0,0
DEM231_VTSP_VTBS_2026-03-04 02:36,12.12704,100.0204,2026-03-04T02:50:30Z,350.0,DEM231,B738,VTSP,VTBS,300,23,0,0
DEM231_VTSP_VTBS_2026-03-04 02:36,12.14623,100.02867,2026-03-04T02:50:45Z,350.0,DEM231,B738,VTSP,VTBS,300,23,0,0
DEM231_VTSP_VTBS_2026-03-04 02:36,12.16541,100.03693,2026-03-04T02:51:00Z,350.0,DEM231,B738,VTSP,VTBS,300,23,0,0
DEM231_VTSP_VTBS_2026-03-04 02:36,12.1846,100.0452,2026-03-04T02:51:15Z,350.0,DEM231,B738,VTSP,VTBS,300,23,0,0
DEM231_VTSP_VTBS_2026-03-04 02:36,12.20379,100.05346,2026-03-04T02:51:30Z,350.0,DEM231,B738,VTSP,VTBS,300,23,0,0
DEM231_VTSP_VTBS_2026-03-04 02:36,12.22298,100.06173,2026-03-04T02:51:45Z,350.0,DEM231,B738,VTSP,VTBS,300,23,0,0
DEM231_VTSP_VTBS_2026-03-04 02:36,12.24216,100.07,2026-03-04T02:52:00Z,350.0,DEM231,B738,VTSP,VTBS,300,23,0,0
DEM231_VTSP_VTBS_2026-03-04 02:36,12.26135,100.07827,2026-03-04T02:52:15Z,350.0,DEM231,B738,VTSP,VTBS,300,23,0,0
DEM231_VTSP_VTBS_2026-03-04 02:36,12.28054,100.08654,2026-03-04T02:52:30Z,350.0,DEM231,B738,VTSP,VTBS,300,23,0,0
DEM231_VTSP_VTBS_2026-03-04 02:36,12.29972,100.09481,2026-03-04T02:52:45Z,350.0,DEM231,B738,VTSP,VTBS,300,23,0,0
DEM231_VTSP_VTBS_2026-03-04 02:36,12.31891,100.10309,2026-03-04T02:53:00Z,350.0,DEM231,B738,VTSP,VTBS,300,23,0,0
DEM231_VTSP_VTBS_2026-03-04 02:36,12.33809,100.11136,2026-03-04T02:53:15Z,350.0,DEM231,B738,VTSP,VTBS,300,23,0,0
DEM231_VTSP_VTBS_2026-03-04 02:36,12.35728,100.11964,2026-03-04T02:53:30Z,350.0,DEM231,B738,VTSP,VTBS,300,23,0,0
DEM231_VTSP_VTBS_2026-03-04 02:36,12.37646,100.12792,2026-03-04T02:53:45Z,350.0,DEM231,B738,VTSP,VTBS,300,23,0,0
DEM231_VTSP_VTBS_2026-03-04 02:36,12.39565,100.1362,2026-03-04T02:54:00Z,350.0,DEM231,B738,VTSP,VTBS,300,23,0,0
DEM231_VTSP_VTBS_2026-03-04 02:36,12.41483,100.14448,2026-03-04T02:54:15Z,350.0,DEM231,B738,VTSP,VTBS,300,23,0,0
DEM231_VTSP_VTBS_2026-03-04 02:36,12.43402,100.15276,2026-03-04T02:54:30Z,350.0,DEM231,B738,VTSP,VTBS,300,23,0,0
DEM231_VTSP_VTBS_2026-03-04 02:36,12.4532,100.16104,2026-03-04T02:54:45Z,350.0,DEM231,B738,VTSP,VTBS,300,23,0,0
DEM231_VTSP_VTBS_2026-03-04 02:36,12.47239,100.16932,2026-03-04T02:55:00Z,350.0,DEM231,B738,VTSP,VTBS,300,23,0,0
DEM231_VTSP_VTBS_2026-03-04 02:36,12.49157,100.17761,2026-03-04T02:55:15Z,350.0,DEM231,B738,VTSP,VTBS,300,23,0,0
DEM231_VTSP_VTBS_2026-03-04 02:36,12.51075,100.18589,2026-03-04T02:55:30Z,350.0,DEM231,B738,VTSP,VTBS,300,23,0,0
DEM231_VTSP_VTBS_2026-03-04 02:36,12.52994,100.19418,2026-03-04T02:55:45Z,350.0,DEM231,B738,VTSP,VTBS,300,23,0,0
DEM231_VTSP_VTBS_2026-03-04 02:36,12.54912,100.20247,2026-03-04T02:56:00Z,350.0,DEM231,B738,VTSP,VTBS,300,23,0,0
DEM231_VTSP_VTBS_2026-03-04 02:36,12.5683,100.21076,2026-03-04T02:56:15Z,350.0,DEM231,B738,VTSP,VTBS,300,23,0,0
DEM231_VTSP_VTBS_2026-03-04 02:36,12.58748,100.21905,2026-03-04T02:56:30Z,350.0,DEM231,B738,VTSP,VTBS,300,23,0,0
DEM231_VTSP_VTBS_2026-03-04 02:36,12.60667,100.22734,2026-03-04T02:56:45Z,350.0,DEM231,B738,VTSP,VTBS,300,23,0,0
DEM231_VTSP_VTBS_2026-03-04 02:36,12.62585,100.23564,2026-03-04T02:57:00Z,350.0,DEM231,B738,VTSP,VTBS,300,23,0,0
DEM231_VTSP_VTBS_2026-03-04 02:36,12.64503,100.24393,2026-03-04T02:57:15Z,350.0,DEM231,B738,VTSP,VTBS,300,23,0,0
DEM231_VTSP_VTBS_2026-03-04 02:36,12.66421,100.25223,2026-03-04T02:57:30Z,350.0,DEM231,B738,VTSP,VTBS,300,23,0,0
DEM231_VTSP_VTBS_2026-03-04 02:36,12.68339,100.26052,2026-03-04T02:57:45Z,350.0,DEM231,B738,VTSP,VTBS,300,23,0,0
DEM231_VTSP_VTBS_2026-03-04 02:36,12.70257,100.26882,2026-03-04T02:58:00Z,350.0,DEM231,B738,VTSP,VTBS,300,23,0,0
DEM231_VTSP_VTBS_2026-03-04 02:36,12.72175,100.27712,2026-03-04T02:58:15Z,350.0,DEM231,B738,VTSP,VTBS,300,23,0,0
DEM231_VTSP_VTBS_2026-03-04 02:36,12.74093,100.28542,2026-03-04T02:58:30Z,350.0,DEM231,B738,VTSP,VTBS,300,23,0,0
DEM231_VTSP_VTBS_2026-03-04 02:36,12.76011,100.29373,2026-03-04T02:58:45Z,350.0,DEM231,B738,VTSP,VTBS,300,23,0,0
DEM231_VTSP_VTBS_2026-03-04 02:36,12.77929,100.30203,2026-03-04T02:59:00Z,350.0,DEM231,B738,VTSP,VTBS,300,23,0,0
DEM231_VTSP_VTBS_2026-03-04 02:36,12.79847,100.31033,2026-03-04T02:59:15Z,350.0,DEM231,B738,VTSP,VTBS,300,23,0,0
DEM231_VTSP_VTBS_2026-03-04 02:36,12.81765,100.31864,2026-03-04T02:59:30Z,350.0,DEM231,B738,VTSP,VTBS,300,23,0,0
DEM231_VTSP_VTBS_2026-03-04 02:36,12.83683,100.32695,2026-03-04T02:59:45Z,350.0,DEM231,B738,VTSP,VTBS,300,23,0,0
DEM231_VTSP_VTBS_2026-03-04 02:36,12.85601,100.33526,2026-03-04T03:00:00Z,350.0,DEM231,B738,VTSP,VTBS,300,23,0,0
DEM231_VTSP_VTBS_2026-03-04 02:36,12.87519,100.34357,2026-03-04T03:00:15Z,350.0,DEM231,B738,VTSP,VTBS,300,23,0,0
DEM231_VTSP_VTBS_2026-03-04 02:36,12.89437,100.35188,2026-03-04T03:00:30Z,350.0,DEM231,B738,VTSP,VTBS,300,23,0,0
DEM231_VTSP_VTBS_2026-03-04 02:36,12.91354,100.36019,2026-03-04T03:00:45Z,350.0,DEM231,B738,VTSP,VTBS,300,23,0,0
DEM231_VTSP_VTBS_2026-03-04 02:36,12.93272,100.3685,2026-03-04T03:01:00Z,350.0,DEM231,B738,VTSP,VTBS,300,23,0,0
DEM231_VTSP_VTBS_2026-03-04 02:36,12.9519,100.37682,2026-03-04T03:01:15Z,350.0,DEM231,B738,VTSP,VTBS,300,23,0,0
DEM231_VTSP_VTBS_2026-03-04 02:36,12.97108,100.38513,2026-03-04T03:01:30Z,350.0,DEM231,B738,VTSP,VTBS,300,23,0,0
DEM231_VTSP_VTBS_2026-03-04 02:36,12.99025,100.39345,2026-03-04T03:01:45Z,350.0,DEM231,B738,VTSP,VTBS,300,23,0,0
DEM231_VTSP_VTBS_2026-03-04 02:36,13.00943,100.40177,2026-03-04T03:02:00Z,350.0,DEM231,B738,VTSP,VTBS,300,23,0,0
DEM231_VTSP_VTBS_2026-03-04 02:36,13.02861,100.41009,2026-03-04T03:02:15Z,350.0,DEM231,B738,VTSP,VTBS,300,23,0,0
DEM231_VTSP_VTBS_2026-03-04 02:36,13.04778,100.41841,2026-03-04T03:02:30Z,350.0,DEM231,B738,VTSP,VTBS,300,23,0,0
DEM231_VTSP_VTBS_2026-03-04 02:36,13.06696,100.42674,2026-03-04T03:02:45Z,350.0,DEM231,B738,VTSP,VTBS,300,23,0,0
DEM231_VTSP_VTBS_2026-03-04 02:36,13.08613,100.43506,2026-03-04T03:03:00Z,350.0,DEM231,B738,VTSP,VTBS,300,23,0,0
DEM231_VTSP_VTBS_2026-03-04 02:36,13.10531,100.44338,2026-03-04T03:03:15Z,350.0,DEM231,B738,VTSP,VTBS,300,23,0,0
DEM231_VTSP_VTBS_2026-03-04 02:36,13.12448,100.45171,2026-03-04T03:03:30Z,350.0,DEM231,B738,VTSP,VTBS,300,23,0,0
DEM231_VTSP_VTBS_2026-03-04 02:36,13.14366,100.46004,2026-03-04T03:03:45Z,350.0,DEM231,B738,VTSP,VTBS,300,23,0,0
DEM231_VTSP_VTBS_2026-03-04 02:36,13.16283,100.46837,2026-03-04T03:04:00Z,350.0,DEM231,B738,VTSP,VTBS,300,23,0,0
DEM231_VTSP_VTBS_2026-03-04 02:36,13.18201,100.4767,2026-03-04T03:04:15Z,350.0,DEM231,B738,VTSP,VTBS,300,23,0,0
DEM231_VTSP_VTBS_2026-03-04 02:36,13.20118,100.48503,2026-03-04T03:04:30Z,350.0,DEM231,B738,VTSP,VTBS,300,23,0,0
DEM231_VTSP_VTBS_2026-03-04 02:36,13.22035,100.49336,2026-03-04T03:04:45Z,350.0,DEM231,B738,VTSP,VTBS,300,23,0,0
DEM231_VTSP_VTBS_2026-03-04 02:36,13.23953,100.5017,2026-03-04T03:05:00Z,350.0,DEM231,B738,VTSP,VTBS,300,23,0,0
DEM231_VTSP_VTBS_2026-03-04 02:36,13.2587,100.51003,2026-03-04T03:05:15Z,350.0,DEM231,B738,VTSP,VTBS,300,23,0,0
DEM231_VTSP_VTBS_2026-03-04 02:36,13.27787,100.51837,2026-03-04T03:05:30Z,350.0,DEM231,B738,VTSP,VTBS,300,23,0,0
DEM231_VTSP_VTBS_2026-03-04 02:36,13.29705,100.52671,2026-03-04T03:05:45Z,350.0,DEM231,B738,VTSP,VTBS,300,23,0,0
DEM231_VTSP_VTBS_2026-03-04 02:36,13.31622,100.53505,2026-03-04T03:06:00Z,350.0,DEM231,B738,VTSP,VTBS,300,23,0,0
DEM231_VTSP_VTBS_2026-03-04 02:36,13.33539,100.54339,2026-03-04T03:06:15Z,350.0,DEM231,B738,VTSP,VTBS,300,23,0,0
DEM231_VTSP_VTBS_2026-03-04 02:36,13.35456,100.55173,2026-03-04T03:06:30Z,350.0,DEM231,B738,VTSP,VTBS,300,23,0,0
DEM231_VTSP_VTBS_2026-03-04 02:36,13.37373,100.56008,2026-03-04T03:06:45Z,350.0,DEM231,B738,VTSP,VTBS,300,23,0,0
DEM231_VTSP_VTBS_2026-03-04 02:36,13.39291,100.56842,2026-03-04T03:07:00Z,350.0,DEM231,B738,VTSP,VTBS,300,23,0,0
DEM231_VTSP_VTBS_2026-03-04 02:36,13.41208,100.57677,2026-03-04T03:07:15Z,350.0,DEM231,B738,VTSP,VTBS,300,23,0,0
DEM231_VTSP_VTBS_2026-03-04 02:36,13.43125,100.58511,2026-03-04T03:07:30Z,350.0,DEM231,B738,VTSP,VTBS,300,23,0,0
DEM231_VTSP_VTBS_2026-03-04 02:36,13.45042,100.59346,2026-03-04T03:07:45Z,350.0,DEM231,B738,VTSP,VTBS,300,23,0,0
DEM231_VTSP_VTBS_2026-03-04 02:36,13.46959,100.60181,2026-03-04T03:08:00Z,350.0,DEM231,B738,VTSP,VTBS,300,23,0,0
DEM231_VTSP_VTBS_2026-03-04 02:36,13.48876,100.61017,2026-03-04T03:08:15Z,350.0,DEM231,B738,VTSP,VTBS,300,23,0,0
DEM231_VTSP_VTBS_2026-03-04 02:36,13.50793,100.61852,2026-03-04T03:08:30Z,350.0,DEM231,B738,VTSP,VTBS,300,23,0,0
DEM231_VTSP_VTBS_2026-03-04 02:36,13.5271,100.62687,2026-03-04T03:08:45Z,350.0,DEM231,B738,VTSP,VTBS,300,23,0,0
DEM231_VTSP_VTBS_2026-03-04 02:36,13.54626,100.63523,2026-03-04T03:09:00Z,350.0,DEM231,B738,VTSP,VTBS,300,23,0,0
DEM231_VTSP_VTBS_2026-03-04 02:36,13.56543,100.64358,2026-03-04T03:09:15Z,350.0,DEM231,B738,VTSP,VTBS,300,23,0,0
DEM231_VTSP_VTBS_2026-03-04 02:36,13.5846,100.65194,2026-03-04T03:09:30Z,350.0,DEM231,B738,VTSP,VTBS,300,23,0,0
DEM231_VTSP_VTBS_2026-03-04 02:36,13.60377,100.6603,2026-03-04T03:09:45Z,350.0,DEM231,B738,VTSP,VTBS,300,23,0,0
DEM231_VTSP_VTBS_2026-03-04 02:36,13.62294,100.66866,2026-03-04T03:10:00Z,350.0,DEM231,B738,VTSP,VTBS,300,23,0,0
DEM231_VTSP_VTBS_2026-03-04 02:36,13.64211,100.67703,2026-03-04T03:10:15Z,350.0,DEM231,B738,VTSP,VTBS,300,23,0,0
DEM231_VTSP_VTBS_2026-03-04 02:36,13.66127,100.68539,2026-03-04T03:10:30Z,350.0,DEM231,B738,VTSP,VTBS,300,23,0,0
DEM231_VTSP_VTBS_2026-03-04 02:36,13.68044,100.69376,2026-03-04T03:10:45Z,350.0,DEM231,B738,VTSP,VTBS,300,23,0,0
DEM231_VTSP_VTBS_2026-03-04 02:36,13.69961,100.70212,2026-03-04T03:11:00Z,350.0,DEM231,B738,VTSP,VTBS,300,23,0,0
DEM231_VTSP_VTBS_2026-03-04 02:36,13.71877,100.71049,2026-03-04T03:11:15Z,350.0,DEM231,B738,VTSP,VTBS,300,23,0,0
DEM231_VTSP_VTBS_2026-03-04 02:36,13.73794,100.71886,2026-03-04T03:11:30Z,350.0,DEM231,B738,VTSP,VTBS,300,23,0,0
DEM231_VTSP_VTBS_2026-03-04 02:36,13.75711,100.72723,2026-03-04T03:11:45Z,350.0,DEM231,B738,VTSP,VTBS,300,23,0,0
DEM231_VTSP_VTBS_2026-03-04 02:36,13.77627,100.7356,2026-03-04T03:12:00Z,350.0,DEM231,B738,VTSP,VTBS,300,23,0,0
DEM231_VTSP_VTBS_2026-03-04 02:36,13.79544,100.74397,2026-03-04T03:12:15Z,350.0,DEM231,B738,VTSP,VTBS,300,23,0,0
DEM231_VTSP_VTBS_2026-03-04 02:36,13.8146,100.75235,2026-03-04T03:12:30Z,350.0,DEM231,B738,VTSP,VTBS,300,23,0,0
DEM231_VTSP_VTBS_2026-03-04 02:36,13.83377,100.76073,2026-03-04T03:12:45Z,350.0,DEM231,B738,VTSP,VTBS,300,23,0,0
DEM231_VTSP_VTBS_2026-03-04 02:36,13.85293,100.7691,2026-03-04T03:13:00Z,350.0,DEM231,B738,VTSP,VTBS,300,23,0,0
DEM231_VTSP_VTBS_2026-03-04 02:36,13.8721,100.77748,2026-03-04T03:13:15Z,350.0,DEM231,B738,VTSP,VTBS,300,23,0,0
DEM231_VTSP_VTBS_2026-03-04 02:36,13.89126,100.78586,2026-03-04T03:13:30Z,350.0,DEM231,B738,VTSP,VTBS,300,23,0,0
DEM231_VTSP_VTBS_2026-03-04 02:36,13.91042,100.79424,2026-03-04T03:13:45Z,350.0,DEM231,B738,VTSP,VTBS,300,23,0,0
DEM231_VTSP_VTBS_2026-03-04 02:36,13.92959,100.80263,2026-03-04T03:14:00Z,44.6,DEM231,B738,VTSP,VTBS,208,194,-122167,2
DEM231_VTSP_VTBS_2026-03-04 02:36,13.9156,100.79894,2026-03-04T03:14:15Z,41.8,DEM231,B738,VTSP,VTBS,208,194,-1103,2
DEM231_VTSP_VTBS_2026-03-04 02:36,13.90162,100.79526,2026-03-04T03:14:30Z,39.1,DEM231,B738,VTSP,VTBS,208,194,-1103,2
DEM231_VTSP_VTBS_2026-03-04 02:36,13.88769,100.79159,2026-03-04T03:14:45Z,36.3,DEM231,B738,VTSP,VTBS,206,194,-1099,2
DEM231_VTSP_VTBS_2026-03-04 02:36,13.87398,100.78798,2026-03-04T03:15:00Z,33.6,DEM231,B738,VTSP,VTBS,202,194,-1082,2
DEM231_VTSP_VTBS_2026-03-04 02:36,13.8605,100.78444,2026-03-04T03:15:15Z,30.9,DEM231,B738,VTSP,VTBS,199,194,-1063,2
DEM231_VTSP_VTBS_2026-03-04 02:36,13.84724,100.78094,2026-03-04T03:15:30Z,28.3,DEM231,B738,VTSP,VTBS,196,194,-1046,2
DEM231_VTSP_VTBS_2026-03-04 02:36,13.8342,100.77751,2026-03-04T03:15:45Z,25.8,DEM231,B738,VTSP,VTBS,192,194,-1029,2
DEM231_VTSP_VTBS_2026-03-04 02:36,13.82137,100.77414,2026-03-04T03:16:00Z,23.2,DEM231,B738,VTSP,VTBS,189,194,-1012,2
DEM231_VTSP_VTBS_2026-03-04 02:36,13.80875,100.77081,2026-03-04T03:16:15Z,20.7,DEM231,B738,VTSP,VTBS,186,194,-996,2
DEM231_VTSP_VTBS_2026-03-04 02:36,13.79636,100.76755,2026-03-04T03:16:30Z,18.3,DEM231,B738,VTSP,VTBS,183,194,-978,2
DEM231_VTSP_VTBS_2026-03-04 02:36,13.78414,100.76434,2026-03-04T03:16:45Z,15.9,DEM231,B738,VTSP,VTBS,180,194,-963,2
DEM231_VTSP_VTBS_2026-03-04 02:36,13.77216,100.76119,2026-03-04T03:17:00Z,13.5,DEM231,B738,VTSP,VTBS,177,194,-946,2
DEM231_VTSP_VTBS_2026-03-04 02:36,13.76034,100.75808,2026-03-04T03:17:15Z,11.2,DEM231,B738,VTSP,VTBS,174,194,-932,2
DEM231_VTSP_VTBS_2026-03-04 02:36,13.74875,100.75503,2026-03-04T03:17:30Z,8.9,DEM231,B738,VTSP,VTBS,171,194,-915,2
DEM231_VTSP_VTBS_2026-03-04 02:36,13.73733,100.75203,2026-03-04T03:17:45Z,6.6,DEM231,B738,VTSP,VTBS,168,194,-901,2
DEM231_VTSP_VTBS_2026-03-04 02:36,13.72611,100.74908,2026-03-04T03:18:00Z,4.4,DEM231,B738,VTSP,VTBS,166,194,-885,2
DEM231_VTSP_VTBS_2026-03-04 02:36,13.71507,100.74618,2026-03-04T03:18:15Z,2.2,DEM231,B738,VTSP,VTBS,163,194,-871,2
DEM231_VTSP_VTBS_2026-03-04 02:36,13.70456,100.74341,2026-03-04T03:18:30Z,0.2,DEM231,B738,VTSP,VTBS,147,194,-829,2
DEM231_VTSP_VTBS_2026-03-04 02:36,13.696,100.74116,2026-03-04T03:18:45Z,0.0,DEM231,B738,VTSP,VTBS,111,194,-69,0
DEM231_VTSP_VTBS_2026-03-04 02:36,13.68936,100.73942,2026-03-04T03:19:00Z,0.0,DEM231,B738,VTSP,VTBS,87,194,0,0
DEM231_VTSP_VTBS_2026-03-04 02:36,13.68474,100.7382,2026-03-04T03:19:15Z,0.0,DEM231,B738,VTSP,VTBS,70,194,0,0
DEM231_VTSP_VTBS_2026-03-04 02:36,13.68072,100.73714,2026-03-04T03:19:30Z,0.0,DEM231,B738,VTSP,VTBS,55,194,0,0
DEM231_VTSP_VTBS_2026-03-04 02:36,13.67794,100.73642,2026-03-04T03:19:45Z,0.0,DEM231,B738,VTSP,VTBS,44,194,0,0
DEM231_VTSP_VTBS_2026-03-04 02:36,13.67578,100.73585,2026-03-04T03:20:00Z,0.0,DEM231,B738,VTSP,VTBS,36,194,0,0
DEM231_VTSP_VTBS_2026-03-04 02:36,13.67389,100.73535,2026-03-04T03:20:15Z,0.0,DEM231,B738,VTSP,VTBS,29,194,0,0
DEM231_VTSP_VTBS_2026-03-04 02:36,13.67223,100.73491,2026-03-04T03:20:30Z,0.0,DEM231,B738,VTSP,VTBS,23,194,0,0
EXA867_VTBU_VTBS_2026-03-04 02:43,12.6799,101.005,2026-03-04T02:43:00Z,0.0,EXA867,A20N,VTBU,VTBS,250,352,0,0
EXA867_VTBU_VTBS_2026-03-04 02:43,12.6975,101.00239,2026-03-04T02:43:15Z,2.8,EXA867,A20N,VTBU,VTBS,251,0,1137,1
EXA867_VTBU_VTBS_2026-03-04 02:43,12.71512,100.99977,2026-03-04T02:43:30Z,5.7,EXA867,A20N,VTBU,VTBS,251,0,1139,1
EXA867_VTBU_VTBS_2026-03-04 02:43,12.73277,100.99716,2026-03-04T02:43:45Z,8.5,EXA867,A20N,VTBU,VTBS,252,0,1140,1
EXA867_VTBU_VTBS_2026-03-04 02:43,12.75045,100.99453,2026-03-04T02:44:00Z,11.4,EXA867,A20N,VTBU,VTBS,253,0,1142,1
EXA867_VTBU_VTBS_2026-03-04 02:43,12.76814,100.99191,2026-03-04T02:44:15Z,14.3,EXA867,A20N,VTBU,VTBS,254,0,1143,1
EXA867_VTBU_VTBS_2026-03-04 02:43,12.78587,100.98928,2026-03-04T02:44:30Z,17.1,EXA867,A20N,VTBU,VTBS,254,0,1145,1
EXA867_VTBU_VTBS_2026-03-04 02:43,12.80361,100.98664,2026-03-04T02:44:45Z,20.0,EXA867,A20N,VTBU,VTBS,255,0,1146,1
EXA867_VTBU_VTBS_2026-03-04 02:43,12.82138,100.984,2026-03-04T02:45:00Z,22.9,EXA867,A20N,VTBU,VTBS,256,0,1148,1
EXA867_VTBU_VTBS_2026-03-04 02:43,12.83918,100.98136,2026-03-04T02:45:15Z,25.7,EXA867,A20N,VTBU,VTBS,256,0,1150,1
EXA867_VTBU_VTBS_2026-03-04 02:43,12.857,100.97871,2026-03-04T02:45:30Z,28.6,EXA867,A20N,VTBU,VTBS,257,0,1151,1
EXA867_VTBU_VTBS_2026-03-04 02:43,12.87484,100.97606,2026-03-04T02:45:45Z,31.5,EXA867,A20N,VTBU,VTBS,258,0,1153,1
EXA867_VTBU_VTBS_2026-03-04 02:43,12.89271,100.97341,2026-03-04T02:46:00Z,34.4,EXA867,A20N,VTBU,VTBS,259,0,1154,1
EXA867_VTBU_VTBS_2026-03-04 02:43,12.91061,100.97075,2026-03-04T02:46:15Z,37.3,EXA867,A20N,VTBU,VTBS,259,0,1156,1
EXA867_VTBU_VTBS_2026-03-04 02:43,12.92853,100.96808,2026-03-04T02:46:30Z,40.2,EXA867,A20N,VTBU,VTBS,260,0,1158,1
EXA867_VTBU_VTBS_2026-03-04 02:43,12.94647,100.96542,2026-03-04T02:46:45Z,43.1,EXA867,A20N,VTBU,VTBS,261,0,1159,1
EXA867_VTBU_VTBS_2026-03-04 02:43,12.96444,100.96275,2026-03-04T02:47:00Z,46.0,EXA867,A20N,VTBU,VTBS,261,0,1161,1
EXA867_VTBU_VTBS_2026-03-04 02:43,12.98244,100.96007,2026-03-04T02:47:15Z,48.9,EXA867,A20N,VTBU,VTBS,262,0,1163,1
EXA867_VTBU_VTBS_2026-03-04 02:43,13.00073,100.95735,2026-03-04T02:47:30Z,51.8,EXA867,A20N,VTBU,VTBS,263,352,1182,1
EXA867_VTBU_VTBS_2026-03-04 02:43,13.0192,100.9546,2026-03-04T02:47:45Z,54.8,EXA867,A20N,VTBU,VTBS,264,352,1194,1
EXA867_VTBU_VTBS_2026-03-04 02:43,13.0377,100.95185,2026-03-04T02:48:00Z,57.8,EXA867,A20N,VTBU,VTBS,264,352,1195,1
EXA867_VTBU_VTBS_2026-03-04 02:43,13.05622,100.9491,2026-03-04T02:48:15Z,60.8,EXA867,A20N,VTBU,VTBS,265,352,1197,1
EXA867_VTBU_VTBS_2026-03-04 02:43,13.07477,100.94634,2026-03-04T02:48:30Z,63.8,EXA867,A20N,VTBU,VTBS,266,352,1198,1
EXA867_VTBU_VTBS_2026-03-04 02:43,13.09335,100.94357,2026-03-04T02:48:45Z,66.8,EXA867,A20N,VTBU,VTBS,267,352,1200,1
EXA867_VTBU_VTBS_2026-03-04 02:43,13.11195,100.9408,2026-03-04T02:49:00Z,69.8,EXA867,A20N,VTBU,VTBS,267,352,1202,1
EXA867_VTBU_VTBS_2026-03-04 02:43,13.13058,100.93803,2026-03-04T02:49:15Z,72.8,EXA867,A20N,VTBU,VTBS,268,352,1203,1
EXA867_VTBU_VTBS_2026-03-04 02:43,13.14923,100.93525,2026-03-04T02:49:30Z,75.8,EXA867,A20N,VTBU,VTBS,269,352,1205,1
EXA867_VTBU_VTBS_2026-03-04 02:43,13.16791,100.93247,2026-03-04T02:49:45Z,78.9,EXA867,A20N,VTBU,VTBS,270,352,1207,1
EXA867_VTBU_VTBS_2026-03-04 02:43,13.18662,100.92969,2026-03-04T02:50:00Z,81.9,EXA867,A20N,VTBU,VTBS,270,352,1208,1
EXA867_VTBU_VTBS_2026-03-04 02:43,13.20535,100.9269,2026-03-04T02:50:15Z,84.9,EXA867,A20N,VTBU,VTBS,271,352,1210,1
EXA867_VTBU_VTBS_2026-03-04 02:43,13.22411,100.9241,2026-03-04T02:50:30Z,87.9,EXA867,A20N,VTBU,VTBS,272,352,1212,1
EXA867_VTBU_VTBS_2026-03-04 02:43,13.24289,100.9213,2026-03-04T02:50:45Z,91.0,EXA867,A20N,VTBU,VTBS,273,352,1214,1
EXA867_VTBU_VTBS_2026-03-04 02:43,13.2617,100.9185,2026-03-04T02:51:00Z,94.0,EXA867,A20N,VTBU,VTBS,274,352,1215,1
EXA867_VTBU_VTBS_2026-03-04 02:43,13.28053,100.91569,2026-03-04T02:51:15Z,97.1,EXA867,A20N,VTBU,VTBS,274,352,1217,1
EXA867_VTBU_VTBS_2026-03-04 02:43,13.29941,100.91288,2026-03-04T02:51:30Z,100.1,EXA867,A20N,VTBU,VTBS,275,352,1220,1
EXA867_VTBU_VTBS_2026-03-04 02:43,13.31873,100.91,2026-03-04T02:51:45Z,103.2,EXA867,A20N,VTBU,VTBS,276,352,1248,1
EXA867_VTBU_VTBS_2026-03-04 02:43,13.33807,100.90712,2026-03-04T02:52:00Z,106.3,EXA867,A20N,VTBU,VTBS,277,352,1250,1
EXA867_VTBU_VTBS_2026-03-04 02:43,13.35744,100.90423,2026-03-04T02:52:15Z,109.5,EXA867,A20N,VTBU,VTBS,277,352,1251,1
EXA867_VTBU_VTBS_2026-03-04 02:43,13.37684,100.90133,2026-03-04T02:52:30Z,112.6,EXA867,A20N,VTBU,VTBS,278,352,1253,1
EXA867_VTBU_VTBS_2026-03-04 02:43,13.39626,100.89844,2026-03-04T02:52:45Z,115.8,EXA867,A20N,VTBU,VTBS,279,352,1255,1
EXA867_VTBU_VTBS_2026-03-04 02:43,13.41571,100.89553,2026-03-04T02:53:00Z,118.9,EXA867,A20N,VTBU,VTBS,280,352,1257,1
EXA867_VTBU_VTBS_2026-03-04 02:43,13.43519,100.89263,2026-03-04T02:53:15Z,122.0,EXA867,A20N,VTBU,VTBS,281,352,1258,1
EXA867_VTBU_VTBS_2026-03-04 02:43,13.4547,100.88971,2026-03-04T02:53:30Z,125.2,EXA867,A20N,VTBU,VTBS,281,352,1260,1
EXA867_VTBU_VTBS_2026-03-04 02:43,13.47423,100.8868,2026-03-04T02:53:45Z,128.3,EXA867,A20N,VTBU,VTBS,282,352,1262,1
EXA867_VTBU_VTBS_2026-03-04 02:43,13.49379,100.88388,2026-03-04T02:54:00Z,131.5,EXA867,A20N,VTBU,VTBS,283,352,1264,1
EXA867_VTBU_VTBS_2026-03-04 02:43,13.51337,100.88095,2026-03-04T02:54:15Z,134.7,EXA867,A20N,VTBU,VTBS,284,352,1265,1
EXA867_VTBU_VTBS_2026-03-04 02:43,13.53299,100.87802,2026-03-04T02:54:30Z,137.8,EXA867,A20N,VTBU,VTBS,284,352,1267,1
EXA867_VTBU_VTBS_2026-03-04 02:43,13.55263,100.87509,2026-03-04T02:54:45Z,141.0,EXA867,A20N,VTBU,VTBS,285,352,1269,1
EXA867_VTBU_VTBS_2026-03-04 02:43,13.57229,100.87215,2026-03-04T02:55:00Z,144.2,EXA867,A20N,VTBU,VTBS,286,352,1271,1
EXA867_VTBU_VTBS_2026-03-04 02:43,13.59199,100.86921,2026-03-04T02:55:15Z,147.4,EXA867,A20N,VTBU,VTBS,287,352,1272,1
EXA867_VTBU_VTBS_2026-03-04 02:43,13.61179,100.86625,2026-03-04T02:55:30Z,150.6,EXA867,A20N,VTBU,VTBS,288,352,1279,1
EXA867_VTBU_VTBS_2026-03-04 02:43,13.63197,100.86323,2026-03-04T02:55:45Z,153.8,EXA867,A20N,VTBU,VTBS,288,352,1304,1
EXA867_VTBU_VTBS_2026-03-04 02:43,13.65218,100.86021,2026-03-04T02:56:00Z,157.1,EXA867,A20N,VTBU,VTBS,289,352,1306,1
EXA867_VTBU_VTBS_2026-03-04 02:43,13.67241,100.85719,2026-03-04T02:56:15Z,160.4,EXA867,A20N,VTBU,VTBS,290,352,1307,1
EXA867_VTBU_VTBS_2026-03-04 02:43,13.69267,100.85416,2026-03-04T02:56:30Z,163.6,EXA867,A20N,VTBU,VTBS,291,352,1309,1
EXA867_VTBU_VTBS_2026-03-04 02:43,13.71296,100.85112,2026-03-04T02:56:45Z,166.9,EXA867,A20N,VTBU,VTBS,292,352,1311,1
EXA867_VTBU_VTBS_2026-03-04 02:43,13.73328,100.84808,2026-03-04T02:57:00Z,170.2,EXA867,A20N,VTBU,VTBS,293,352,1313,1
EXA867_VTBU_VTBS_2026-03-04 02:43,13.75363,100.84504,2026-03-04T02:57:15Z,173.5,EXA867,A20N,VTBU,VTBS,293,352,1315,1
EXA867_VTBU_VTBS_2026-03-04 02:43,13.774,100.84199,2026-03-04T02:57:30Z,176.8,EXA867,A20N,VTBU,VTBS,294,352,1316,1
EXA867_VTBU_VTBS_2026-03-04 02:43,13.79441,100.83893,2026-03-04T02:57:45Z,180.1,EXA867,A20N,VTBU,VTBS,295,352,1318,1
EXA867_VTBU_VTBS_2026-03-04 02:43,13.81484,100.83587,2026-03-04T02:58:00Z,183.4,EXA867,A20N,VTBU,VTBS,296,352,1320,1
EXA867_VTBU_VTBS_2026-03-04 02:43,13.8353,100.83281,2026-03-04T02:58:15Z,186.7,EXA867,A20N,VTBU,VTBS,297,352,1322,1
EXA867_VTBU_VTBS_2026-03-04 02:43,13.85579,100.82974,2026-03-04T02:58:30Z,190.0,EXA867,A20N,VTBU,VTBS,298,352,1324,1
EXA867_VTBU_VTBS_2026-03-04 02:43,13.87631,100.82667,2026-03-04T02:58:45Z,193.3,EXA867,A20N,VTBU,VTBS,298,352,1326,1
EXA867_VTBU_VTBS_2026-03-04 02:43,13.89685,100.82359,2026-03-04T02:59:00Z,196.6,EXA867,A20N,VTBU,VTBS,299,352,1327,1
EXA867_VTBU_VTBS_2026-03-04 02:43,13.91742,100.82051,2026-03-04T02:59:15Z,200.0,EXA867,A20N,VTBU,VTBS,300,352,1329,1
EXA867_VTBU_VTBS_2026-03-04 02:43,13.90379,100.81683,2026-03-04T02:59:30Z,41.8,EXA867,A20N,VTBU,VTBS,208,194,-63247,2
EXA867_VTBU_VTBS_2026-03-04 02:43,13.8898,100.81315,2026-03-04T02:59:45Z,39.1,EXA867,A20N,VTBU,VTBS,208,194,-1103,2
EXA867_VTBU_VTBS_2026-03-04 02:43,13.87588,100.80948,2026-03-04T03:00:00Z,36.3,EXA867,A20N,VTBU,VTBS,206,194,-1099,2
EXA867_VTBU_VTBS_2026-03-04 02:43,13.86216,100.80587,2026-03-04T03:00:15Z,33.6,EXA867,A20N,VTBU,VTBS,202,194,-1082,2
EXA867_VTBU_VTBS_2026-03-04 02:43,13.84868,100.80232,2026-03-04T03:00:30Z,31.0,EXA867,A20N,VTBU,VTBS,199,194,-1064,2
EXA867_VTBU_VTBS_2026-03-04 02:43,13.83542,100.79883,2026-03-04T03:00:45Z,28.4,EXA867,A20N,VTBU,VTBS,196,194,-1047,2
EXA867_VTBU_VTBS_2026-03-04 02:43,13.82237,100.7954,2026-03-04T03:01:00Z,25.8,EXA867,A20N,VTBU,VTBS,192,194,-1029,2
EXA867_VTBU_VTBS_2026-03-04 02:43,13.80955,100.79202,2026-03-04T03:01:15Z,23.3,EXA867,A20N,VTBU,VTBS,189,194,-1012,2
EXA867_VTBU_VTBS_2026-03-04 02:43,13.79692,100.7887,2026-03-04T03:01:30Z,20.8,EXA867,A20N,VTBU,VTBS,186,194,-996,2
EXA867_VTBU_VTBS_2026-03-04 02:43,13.78452,100.78544,2026-03-04T03:01:45Z,18.3,EXA867,A20N,VTBU,VTBS,183,194,-978,2
EXA867_VTBU_VTBS_2026-03-04 02:43,13.77231,100.78223,2026-03-04T03:02:00Z,15.9,EXA867,A20N,VTBU,VTBS,180,194,-964,2
EXA867_VTBU_VTBS_2026-03-04 02:43,13.76032,100.77907,2026-03-04T03:02:15Z,13.5,EXA867,A20N,VTBU,VTBS,177,194,-946,2
EXA867_VTBU_VTBS_2026-03-04 02:43,13.74851,100.77597,2026-03-04T03:02:30Z,11.2,EXA867,A20N,VTBU,VTBS,174,194,-932,2
EXA867_VTBU_VTBS_2026-03-04 02:43,13.73691,100.77292,2026-03-04T03:02:45Z,8.9,EXA867,A20N,VTBU,VTBS,171,194,-915,2
EXA867_VTBU_VTBS_2026-03-04 02:43,13.72549,100.76991,2026-03-04T03:03:00Z,6.7,EXA867,A20N,VTBU,VTBS,168,194,-901,2
EXA867_VTBU_VTBS_2026-03-04 02:43,13.71426,100.76696,2026-03-04T03:03:15Z,4.4,EXA867,A20N,VTBU,VTBS,166,194,-886,2
EXA867_VTBU_VTBS_2026-03-04 02:43,13.70323,100.76406,2026-03-04T03:03:30Z,2.3,EXA867,A20N,VTBU,VTBS,163,194,-871,2
EXA867_VTBU_VTBS_2026-03-04 02:43,13.6927,100.76129,2026-03-04T03:03:45Z,0.2,EXA867,A20N,VTBU,VTBS,147,194,-830,2
EXA867_VTBU_VTBS_2026-03-04 02:43,13.68411,100.75904,2026-03-04T03:04:00Z,0.0,EXA867,A20N,VTBU,VTBS,112,194,-78,0
EXA867_VTBU_VTBS_2026-03-04 02:43,13.67747,100.75729,2026-03-04T03:04:15Z,0.0,EXA867,A20N,VTBU,VTBS,87,194,0,0
EXA867_VTBU_VTBS_2026-03-04 02:43,13.67283,100.75607,2026-03-04T03:04:30Z,0.0,EXA867,A20N,VTBU,VTBS,70,194,0,0
EXA867_VTBU_VTBS_2026-03-04 02:43,13.6688,100.75501,2026-03-04T03:04:45Z,0.0,EXA867,A20N,VTBU,VTBS,55,194,0,0
EXA867_VTBU_VTBS_2026-03-04 02:43,13.66601,100.75428,2026-03-04T03:05:00Z,0.0,EXA867,A20N,VTBU,VTBS,44,194,0,0
EXA867_VTBU_VTBS_2026-03-04 02:43,13.66384,100.75371,2026-03-04T03:05:15Z,0.0,EXA867,A20N,VTBU,VTBS,36,194,0,0
EXA867_VTBU_VTBS_2026-03-04 02:43,13.66195,100.75321,2026-03-04T03:05:30Z,0.0,EXA867,A20N,VTBU,VTBS,29,194,0,0
EXA867_VTBU_VTBS_2026-03-04 02:43,13.66029,100.75277,2026-03-04T03:05:45Z,0.0,EXA867,A20N,VTBU,VTBS,23,194,0,0
SMP512_VTUU_VTBS_2026-03-04 02:05,14.75837,102.46906,2026-03-04T02:05:00Z,110.0,SMP512,A320,VTUU,VTBS,250,258,0,0
SMP512_VTUU_VTBS_2026-03-04 02:05,14.75467,102.45153,2026-03-04T02:05:15Z,110.0,SMP512,A320,VTUU,VTBS,250,0,0,0
SMP512_VTUU_VTBS_2026-03-04 02:05,14.75097,102.434,2026-03-04T02:05:30Z,110.0,SMP512,A320,VTUU,VTBS,250,0,0,0
SMP512_VTUU_VTBS_2026-03-04 02:05,14.74727,102.41647,2026-03-04T02:05:45Z,110.0,SMP512,A320,VTUU,VTBS,250,0,0,0
SMP512_VTUU_VTBS_2026-03-04 02:05,14.74357,102.39895,2026-03-04T02:06:00Z,110.0,SMP512,A320,VTUU,VTBS,250,0,0,0
SMP512_VTUU_VTBS_2026-03-04 02:05,14.73986,102.38142,2026-03-04T02:06:15Z,110.0,SMP512,A320,VTUU,VTBS,250,0,0,0
SMP512_VTUU_VTBS_2026-03-04 02:05,14.73616,102.36389,2026-03-04T02:06:30Z,110.0,SMP512,A320,VTUU,VTBS,250,0,0,0
SMP512_VTUU_VTBS_2026-03-04 02:05,14.73245,102.34637,2026-03-04T02:06:45Z,110.0,SMP512,A320,VTUU,VTBS,250,0,0,0
SMP512_VTUU_VTBS_2026-03-04 02:05,14.72874,102.32885,2026-03-04T02:07:00Z,110.0,SMP512,A320,VTUU,VTBS,250,0,0,0
SMP512_VTUU_VTBS_2026-03-04 02:05,14.72504,102.31132,2026-03-04T02:07:15Z,110.0,SMP512,A320,VTUU,VTBS,250,0,0,0
SMP512_VTUU_VTBS_2026-03-04 02:05,14.72132,102.2938,2026-03-04T02:07:30Z,110.0,SMP512,A320,VTUU,VTBS,250,0,0,0
SMP512_VTUU_VTBS_2026-03-04 02:05,14.71761,102.27628,2026-03-04T02:07:45Z,110.0,SMP512,A320,VTUU,VTBS,250,0,0,0
SMP512_VTUU_VTBS_2026-03-04 02:05,14.7139,102.25875,2026-03-04T02:08:00Z,110.0,SMP512,A320,VTUU,VTBS,250,0,0,0
SMP512_VTUU_VTBS_2026-03-04 02:05,14.71018,102.24123,2026-03-04T02:08:15Z,110.0,SMP512,A320,VTUU,VTBS,250,0,0,0
SMP512_VTUU_VTBS_2026-03-04 02:05,14.70647,102.22371,2026-03-04T02:08:30Z,110.0,SMP512,A320,VTUU,VTBS,250,0,0,0
SMP512_VTUU_VTBS_2026-03-04 02:05,14.70275,102.20619,2026-03-04T02:08:45Z,110.0,SMP512,A320,VTUU,VTBS,250,0,0,0
SMP512_VTUU_VTBS_2026-03-04 02:05,14.69903,102.18867,2026-03-04T02:09:00Z,110.0,SMP512,A320,VTUU,VTBS,250,0,0,0
SMP512_VTUU_VTBS_2026-03-04 02:05,14.69531,102.17115,2026-03-04T02:09:15Z,110.0,SMP512,A320,VTUU,VTBS,250,0,0,0
SMP512_VTUU_VTBS_2026-03-04 02:05,14.69159,102.15363,2026-03-04T02:09:30Z,110.0,SMP512,A320,VTUU,VTBS,250,258,0,0
SMP512_VTUU_VTBS_2026-03-04 02:05,14.68787,102.13611,2026-03-04T02:09:45Z,110.0,SMP512,A320,VTUU,VTBS,250,258,0,0
SMP512_VTUU_VTBS_2026-03-04 02:05,14.68415,102.1186,2026-03-04T02:10:00Z,110.0,SMP512,A320,VTUU,VTBS,250,258,0,0
SMP512_VTUU_VTBS_2026-03-04 02:05,14.68042,102.10108,2026-03-04T02:10:15Z,110.0,SMP512,A320,VTUU,VTBS,250,258,0,0
SMP512_VTUU_VTBS_2026-03-04 02:05,14.67669,102.08356,2026-03-04T02:10:30Z,110.0,SMP512,A320,VTUU,VTBS,250,258,0,0
SMP512_VTUU_VTBS_2026-03-04 02:05,14.67297,102.06605,2026-03-04T02:10:45Z,110.0,SMP512,A320,VTUU,VTBS,250,258,0,0
SMP512_VTUU_VTBS_2026-03-04 02:05,14.66924,102.04853,2026-03-04T02:11:00Z,110.0,SMP512,A320,VTUU,VTBS,250,258,0,0
SMP512_VTUU_VTBS_2026-03-04 02:05,14.66551,102.03102,2026-03-04T02:11:15Z,110.0,SMP512,A320,VTUU,VTBS,250,258,0,0
SMP512_VTUU_VTBS_2026-03-04 02:05,14.66177,102.01351,2026-03-04T02:11:30Z,110.0,SMP512,A320,VTUU,VTBS,250,258,0,0
SMP512_VTUU_VTBS_2026-03-04 02:05,14.65804,101.99599,2026-03-04T02:11:45Z,110.0,SMP512,A320,VTUU,VTBS,250,258,0,0
SMP512_VTUU_VTBS_2026-03-04 02:05,14.65431,101.97848,2026-03-04T02:12:00Z,110.0,SMP512,A320,VTUU,VTBS,250,258,0,0
SMP512_VTUU_VTBS_2026-03-04 02:05,14.65057,101.96097,2026-03-04T02:12:15Z,110.0,SMP512,A320,VTUU,VTBS,250,258,0,0
SMP512_VTUU_VTBS_2026-03-04 02:05,14.64683,101.94346,2026-03-04T02:12:30Z,110.0,SMP512,A320,VTUU,VTBS,250,258,0,0
SMP512_VTUU_VTBS_2026-03-04 02:05,14.6431,101.92595,2026-03-04T02:12:45Z,110.0,SMP512,A320,VTUU,VTBS,250,258,0,0
SMP512_VTUU_VTBS_2026-03-04 02:05,14.63936,101.90844,2026-03-04T02:13:00Z,110.0,SMP512,A320,VTUU,VTBS,250,258,0,0
SMP512_VTUU_VTBS_2026-03-04 02:05,14.63562,101.89093,2026-03-04T02:13:15Z,110.0,SMP512,A320,VTUU,VTBS,250,258,0,0
SMP512_VTUU_VTBS_2026-03-04 02:05,14.63187,101.87342,2026-03-04T02:13:30Z,110.0,SMP512,A320,VTUU,VTBS,250,258,0,0
SMP512_VTUU_VTBS_2026-03-04 02:05,14.62813,101.85591,2026-03-04T02:13:45Z,110.0,SMP512,A320,VTUU,VTBS,250,258,0,0
SMP512_VTUU_VTBS_2026-03-04 02:05,14.62438,101.8384,2026-03-04T02:14:00Z,110.0,SMP512,A320,VTUU,VTBS,250,258,0,0
SMP512_VTUU_VTBS_2026-03-04 02:05,14.62064,101.82089,2026-03-04T02:14:15Z,110.0,SMP512,A320,VTUU,VTBS,250,258,0,0
SMP512_VTUU_VTBS_2026-03-04 02:05,14.61689,101.80339,2026-03-04T02:14:30Z,110.0,SMP512,A320,VTUU,VTBS,250,258,0,0
SMP512_VTUU_VTBS_2026-03-04 02:05,14.61314,101.78588,2026-03-04T02:14:45Z,110.0,SMP512,A320,VTUU,VTBS,250,258,0,0
SMP512_VTUU_VTBS_2026-03-04 02:05,14.60939,101.76838,2026-03-04T02:15:00Z,110.0,SMP512,A320,VTUU,VTBS,250,258,0,0
SMP512_VTUU_VTBS_2026-03-04 02:05,14.60564,101.75087,2026-03-04T02:15:15Z,110.0,SMP512,A320,VTUU,VTBS,250,258,0,0
SMP512_VTUU_VTBS_2026-03-04 02:05,14.60189,101.73337,2026-03-04T02:15:30Z,110.0,SMP512,A320,VTUU,VTBS,250,258,0,0
SMP512_VTUU_VTBS_2026-03-04 02:05,14.59813,101.71586,2026-03-04T02:15:45Z,110.0,SMP512,A320,VTUU,VTBS,250,258,0,0
SMP512_VTUU_VTBS_2026-03-04 02:05,14.59438,101.69836,2026-03-04T02:16:00Z,110.0,SMP512,A320,VTUU,VTBS,250,257,0,0
SMP512_VTUU_VTBS_2026-03-04 02:05,14.59062,101.68086,2026-03-04T02:16:15Z,110.0,SMP512,A320,VTUU,VTBS,250,257,0,0
SMP512_VTUU_VTBS_2026-03-04 02:05,14.58686,101.66336,2026-03-04T02:16:30Z,110.0,SMP512,A320,VTUU,VTBS,250,257,0,0
SMP512_VTUU_VTBS_2026-03-04 02:05,14.58311,101.64585,2026-03-04T02:16:45Z,110.0,SMP512,A320,VTUU,VTBS,250,257,0,0
SMP512_VTUU_VTBS_2026-03-04 02:05,14.57935,101.62835,2026-03-04T02:17:00Z,110.0,SMP512,A320,VTUU,VTBS,250,257,0,0
SMP512_VTUU_VTBS_2026-03-04 02:05,14.57558,101.61085,2026-03-04T02:17:15Z,110.0,SMP512,A320,VTUU,VTBS,250,257,0,0
SMP512_VTUU_VTBS_2026-03-04 02:05,14.57182,101.59335,2026-03-04T02:17:30Z,110.0,SMP512,A320,VTUU,VTBS,250,257,0,0
SMP512_VTUU_VTBS_2026-03-04 02:05,14.56806,101.57586,2026-03-04T02:17:45Z,110.0,SMP512,A320,VTUU,VTBS,250,257,0,0
SMP512_VTUU_VTBS_2026-03-04 02:05,14.56429,101.55836,2026-03-04T02:18:00Z,110.0,SMP512,A320,VTUU,VTBS,250,257,0,0
SMP512_VTUU_VTBS_2026-03-04 02:05,14.56052,101.54086,2026-03-04T02:18:15Z,110.0,SMP512,A320,VTUU,VTBS,250,257,0,0
SMP512_VTUU_VTBS_2026-03-04 02:05,14.55675,101.52336,2026-03-04T02:18:30Z,110.0,SMP512,A320,VTUU,VTBS,250,257,0,0
SMP512_VTUU_VTBS_2026-03-04 02:05,14.55299,101.50587,2026-03-04T02:18:45Z,110.0,SMP512,A320,VTUU,VTBS,250,257,0,0
SMP512_VTUU_VTBS_2026-03-04 02:05,14.54921,101.48837,2026-03-04T02:19:00Z,110.0,SMP512,A320,VTUU,VTBS,250,257,0,0
SMP512_VTUU_VTBS_2026-03-04 02:05,14.54544,101.47088,2026-03-04T02:19:15Z,110.0,SMP512,A320,VTUU,VTBS,250,257,0,0
SMP512_VTUU_VTBS_2026-03-04 02:05,14.54167,101.45338,2026-03-04T02:19:30Z,110.0,SMP512,A320,VTUU,VTBS,250,257,0,0
SMP512_VTUU_VTBS_2026-03-04 02:05,14.53789,101.43589,2026-03-04T02:19:45Z,110.0,SMP512,A320,VTUU,VTBS,250,257,0,0
SMP512_VTUU_VTBS_2026-03-04 02:05,14.53412,101.41839,2026-03-04T02:20:00Z,110.0,SMP512,A320,VTUU,VTBS,250,257,0,0
SMP512_VTUU_VTBS_2026-03-04 02:05,14.53034,101.4009,2026-03-04T02:20:15Z,110.0,SMP512,A320,VTUU,VTBS,250,257,0,0
SMP512_VTUU_VTBS_2026-03-04 02:05,14.52656,101.38341,2026-03-04T02:20:30Z,110.0,SMP512,A320,VTUU,VTBS,250,257,0,0
SMP512_VTUU_VTBS_2026-03-04 02:05,14.52278,101.36592,2026-03-04T02:20:45Z,110.0,SMP512,A320,VTUU,VTBS,250,257,0,0
SMP512_VTUU_VTBS_2026-03-04 02:05,14.519,101.34843,2026-03-04T02:21:00Z,110.0,SMP512,A320,VTUU,VTBS,250,257,0,0
SMP512_VTUU_VTBS_2026-03-04 02:05,14.51522,101.33093,2026-03-04T02:21:15Z,110.0,SMP512,A320,VTUU,VTBS,250,257,0,0
SMP512_VTUU_VTBS_2026-03-04 02:05,14.51143,101.31344,2026-03-04T02:21:30Z,110.0,SMP512,A320,VTUU,VTBS,250,257,0,0
SMP512_VTUU_VTBS_2026-03-04 02:05,14.50765,101.29596,2026-03-04T02:21:45Z,110.0,SMP512,A320,VTUU,VTBS,250,257,0,0
SMP512_VTUU_VTBS_2026-03-04 02:05,14.50386,101.27847,2026-03-04T02:22:00Z,110.0,SMP512,A320,VTUU,VTBS,250,257,0,0
SMP512_VTUU_VTBS_2026-03-04 02:05,14.50007,101.26098,2026-03-04T02:22:15Z,110.0,SMP512,A320,VTUU,VTBS,250,257,0,0
SMP512_VTUU_VTBS_2026-03-04 02:05,14.49629,101.24349,2026-03-04T02:22:30Z,110.0,SMP512,A320,VTUU,VTBS,250,257,0,0
SMP512_VTUU_VTBS_2026-03-04 02:05,14.4925,101.226,2026-03-04T02:22:45Z,110.0,SMP512,A320,VTUU,VTBS,250,257,0,0
SMP512_VTUU_VTBS_2026-03-04 02:05,14.4887,101.20852,2026-03-04T02:23:00Z,110.0,SMP512,A320,VTUU,VTBS,250,257,0,0
SMP512_VTUU_VTBS_2026-03-04 02:05,14.48491,101.19103,2026-03-04T02:23:15Z,110.0,SMP512,A320,VTUU,VTBS,250,257,0,0
SMP512_VTUU_VTBS_2026-03-04 02:05,14.48112,101.17355,2026-03-04T02:23:30Z,110.0,SMP512,A320,VTUU,VTBS,250,257,0,0
SMP512_VTUU_VTBS_2026-03-04 02:05,14.47732,101.15606,2026-03-04T02:23:45Z,110.0,SMP512,A320,VTUU,VTBS,250,257,0,0
SMP512_VTUU_VTBS_2026-03-04 02:05,14.47352,101.13858,2026-03-04T02:24:00Z,110.0,SMP512,A320,VTUU,VTBS,250,257,0,0
SMP512_VTUU_VTBS_2026-03-04 02:05,14.46973,101.1211,2026-03-04T02:24:15Z,110.0,SMP512,A320,VTUU,VTBS,250,257,0,0
SMP512_VTUU_VTBS_2026-03-04 02:05,14.46593,101.10361,2026-03-04T02:24:30Z,110.0,SMP512,A320,VTUU,VTBS,250,257,0,0
SMP512_VTUU_VTBS_2026-03-04 02:05,14.46213,101.08613,2026-03-04T02:24:45Z,110.0,SMP512,A320,VTUU,VTBS,250,257,0,0
SMP512_VTUU_VTBS_2026-03-04 02:05,14.45832,101.06865,2026-03-04T02:25:00Z,110.0,SMP512,A320,VTUU,VTBS,250,257,0,0
SMP512_VTUU_VTBS_2026-03-04 02:05,14.45452,101.05117,2026-03-04T02:25:15Z,110.0,SMP512,A320,VTUU,VTBS,250,257,0,0
SMP512_VTUU_VTBS_2026-03-04 02:05,14.45072,101.03369,2026-03-04T02:25:30Z,110.0,SMP512,A320,VTUU,VTBS,250,257,0,0
SMP512_VTUU_VTBS_2026-03-04 02:05,14.44691,101.01621,2026-03-04T02:25:45Z,110.0,SMP512,A320,VTUU,VTBS,250,257,0,0
SMP512_VTUU_VTBS_2026-03-04 02:05,14.4431,100.99873,2026-03-04T02:26:00Z,110.0,SMP512,A320,VTUU,VTBS,250,257,0,0
SMP512_VTUU_VTBS_2026-03-04 02:05,14.4393,100.98125,2026-03-04T02:26:15Z,110.0,SMP512,A320,VTUU,VTBS,250,257,0,0
SMP512_VTUU_VTBS_2026-03-04 02:05,14.43549,100.96377,2026-03-04T02:26:30Z,110.0,SMP512,A320,VTUU,VTBS,250,257,0,0
SMP512_VTUU_VTBS_2026-03-04 02:05,14.44374,100.95936,2026-03-04T02:26:45Z,110.0,SMP512,A320,VTUU,VTBS,247,14,0,0
SMP512_VTUU_VTBS_2026-03-04 02:05,14.45996,100.96364,2026-03-04T02:27:00Z,110.0,SMP512,A320,VTUU,VTBS,243,14,0,0
SMP512_VTUU_VTBS_2026-03-04 02:05,14.47603,100.96788,2026-03-04T02:27:15Z,110.0,SMP512,A320,VTUU,VTBS,239,14,0,0
SMP512_VTUU_VTBS_2026-03-04 02:05,14.48659,100.97066,2026-03-04T02:27:30Z,110.0,SMP512,A320,VTUU,VTBS,235,194,0,0
SMP512_VTUU_VTBS_2026-03-04 02:05,14.47079,100.9665,2026-03-04T02:27:45Z,110.0,SMP512,A320,VTUU,VTBS,235,194,0,0
SMP512_VTUU_VTBS_2026-03-04 02:05,14.45499,100.96233,2026-03-04T02:28:00Z,110.0,SMP512,A320,VTUU,VTBS,235,194,0,0
SMP512_VTUU_VTBS_2026-03-04 02:05,14.43919,100.95816,2026-03-04T02:28:15Z,110.0,SMP512,A320,VTUU,VTBS,235,194,0,0
SMP512_VTUU_VTBS_2026-03-04 02:05,14.42454,100.95129,2026-03-04T02:28:30Z,110.0,SMP512,A320,VTUU,VTBS,235,232,0,0
SMP512_VTUU_VTBS_2026-03-04 02:05,14.41835,100.93614,2026-03-04T02:28:45Z,110.0,SMP512,A320,VTUU,VTBS,235,277,0,0
SMP512_VTUU_VTBS_2026-03-04 02:05,14.42437,100.92092,2026-03-04T02:29:00Z,110.0,SMP512,A320,VTUU,VTBS,235,322,0,0
SMP512_VTUU_VTBS_2026-03-04 02:05,14.43906,100.91459,2026-03-04T02:29:15Z,110.0,SMP512,A320,VTUU,VTBS,235,7,0,0
SMP512_VTUU_VTBS_2026-03-04 02:05,14.45499,100.91807,2026-03-04T02:29:30Z,110.0,SMP512,A320,VTUU,VTBS,235,14,0,0
SMP512_VTUU_VTBS_2026-03-04 02:05,14.47079,100.92224,2026-03-04T02:29:45Z,110.0,SMP512,A320,VTUU,VTBS,235,14,0,0
SMP512_VTUU_VTBS_2026-03-04 02:05,14.48659,100.9264,2026-03-04T02:30:00Z,110.0,SMP512,A320,VTUU,VTBS,235,14,0,0
SMP512_VTUU_VTBS_2026-03-04 02:05,14.50239,100.93057,2026-03-04T02:30:15Z,110.0,SMP512,A320,VTUU,VTBS,235,14,0,0
SMP512_VTUU_VTBS_2026-03-04 02:05,14.51697,100.93755,2026-03-04T02:30:30Z,110.0,SMP512,A320,VTUU,VTBS,235,52,0,0
SMP512_VTUU_VTBS_2026-03-04 02:05,14.52303,100.95275,2026-03-04T02:30:45Z,110.0,SMP512,A320,VTUU,VTBS,235,97,0,0
SMP512_VTUU_VTBS_2026-03-04 02:05,14.51687,100.9679,2026-03-04T02:31:00Z,110.0,SMP512,A320,VTUU,VTBS,235,142,0,0
SMP512_VTUU_VTBS_2026-03-04 02:05,14.50214,100.97408,2026-03-04T02:31:15Z,110.0,SMP512,A320,VTUU,VTBS,235,187,0,0
SMP512_VTUU_VTBS_2026-03-04 02:05,14.48623,100.97057,2026-03-04T02:31:30Z,110.0,SMP512,A320,VTUU,VTBS,235,194,0,0
SMP512_VTUU_VTBS_2026-03-04 02:05,14.47042,100.9664,2026-03-04T02:31:45Z,110.0,SMP512,A320,VTUU,VTBS,235,194,0,0
SMP512_VTUU_VTBS_2026-03-04 02:05,14.45462,100.96223,2026-03-04T02:32:00Z,110.0,SMP512,A320,VTUU,VTBS,235,194,0,0
SMP512_VTUU_VTBS_2026-03-04 02:05,14.43882,100.95806,2026-03-04T02:32:15Z,110.0,SMP512,A320,VTUU,VTBS,235,194,0,0
SMP512_VTUU_VTBS_2026-03-04 02:05,14.42431,100.95098,2026-03-04T02:32:30Z,110.0,SMP512,A320,VTUU,VTBS,235,232,0,0
SMP512_VTUU_VTBS_2026-03-04 02:05,14.41839,100.93575,2026-03-04T02:32:45Z,110.0,SMP512,A320,VTUU,VTBS,235,277,0,0
SMP512_VTUU_VTBS_2026-03-04 02:05,14.42467,100.92068,2026-03-04T02:33:00Z,110.0,SMP512,A320,VTUU,VTBS,235,322,0,0
SMP512_VTUU_VTBS_2026-03-04 02:05,14.43944,100.91464,2026-03-04T02:33:15Z,110.0,SMP512,A320,VTUU,VTBS,235,7,0,0
SMP512_VTUU_VTBS_2026-03-04 02:05,14.45535,100.91816,2026-03-04T02:33:30Z,110.0,SMP512,A320,VTUU,VTBS,235,14,0,0
SMP512_VTUU_VTBS_2026-03-04 02:05,14.47116,100.92233,2026-03-04T02:33:45Z,110.0,SMP512,A320,VTUU,VTBS,235,14,0,0
SMP512_VTUU_VTBS_2026-03-04 02:05,14.48696,100.9265,2026-03-04T02:34:00Z,110.0,SMP512,A320,VTUU,VTBS,235,14,0,0
SMP512_VTUU_VTBS_2026-03-04 02:05,14.50276,100.93067,2026-03-04T02:34:15Z,110.0,SMP512,A320,VTUU,VTBS,235,14,0,0
SMP512_VTUU_VTBS_2026-03-04 02:05,14.5172,100.93786,2026-03-04T02:34:30Z,110.0,SMP512,A320,VTUU,VTBS,235,52,0,0
SMP512_VTUU_VTBS_2026-03-04 02:05,14.52298,100.95314,2026-03-04T02:34:45Z,110.0,SMP512,A320,VTUU,VTBS,235,97,0,0
SMP512_VTUU_VTBS_2026-03-04 02:05,14.51658,100.96814,2026-03-04T02:35:00Z,110.0,SMP512,A320,VTUU,VTBS,235,142,0,0
SMP512_VTUU_VTBS_2026-03-04 02:05,14.50177,100.97404,2026-03-04T02:35:15Z,110.0,SMP512,A320,VTUU,VTBS,235,187,0,0
SMP512_VTUU_VTBS_2026-03-04 02:05,14.48586,100.97047,2026-03-04T02:35:30Z,110.0,SMP512,A320,VTUU,VTBS,235,194,0,0
SMP512_VTUU_VTBS_2026-03-04 02:05,14.47006,100.9663,2026-03-04T02:35:45Z,110.0,SMP512,A320,VTUU,VTBS,235,194,0,0
SMP512_VTUU_VTBS_2026-03-04 02:05,14.45426,100.96213,2026-03-04T02:36:00Z,110.0,SMP512,A320,VTUU,VTBS,235,194,0,0
SMP512_VTUU_VTBS_2026-03-04 02:05,14.43846,100.95797,2026-03-04T02:36:15Z,110.0,SMP512,A320,VTUU,VTBS,235,194,0,0
SMP512_VTUU_VTBS_2026-03-04 02:05,14.42408,100.95067,2026-03-04T02:36:30Z,110.0,SMP512,A320,VTUU,VTBS,235,232,0,0
SMP512_VTUU_VTBS_2026-03-04 02:05,14.41844,100.93536,2026-03-04T02:36:45Z,110.0,SMP512,A320,VTUU,VTBS,235,277,0,0
SMP512_VTUU_VTBS_2026-03-04 02:05,14.42497,100.92044,2026-03-04T02:37:00Z,110.0,SMP512,A320,VTUU,VTBS,235,322,0,0
SMP512_VTUU_VTBS_2026-03-04 02:05,14.43981,100.91469,2026-03-04T02:37:15Z,110.0,SMP512,A320,VTUU,VTBS,235,7,0,0
SMP512_VTUU_VTBS_2026-03-04 02:05,14.45572,100.91826,2026-03-04T02:37:30Z,110.0,SMP512,A320,VTUU,VTBS,235,14,0,0
SMP512_VTUU_VTBS_2026-03-04 02:05,14.47152,100.92243,2026-03-04T02:37:45Z,110.0,SMP512,A320,VTUU,VTBS,235,14,0,0
SMP512_VTUU_VTBS_2026-03-04 02:05,14.48732,100.9266,2026-03-04T02:38:00Z,110.0,SMP512,A320,VTUU,VTBS,235,14,0,0
SMP512_VTUU_VTBS_2026-03-04 02:05,14.50312,100.93077,2026-03-04T02:38:15Z,110.0,SMP512,A320,VTUU,VTBS,235,14,0,0
SMP512_VTUU_VTBS_2026-03-04 02:05,14.51744,100.93816,2026-03-04T02:38:30Z,110.0,SMP512,A320,VTUU,VTBS,235,52,0,0
SMP512_VTUU_VTBS_2026-03-04 02:05,14.52294,100.95352,2026-03-04T02:38:45Z,110.0,SMP512,A320,VTUU,VTBS,235,97,0,0
SMP512_VTUU_VTBS_2026-03-04 02:05,14.51628,100.96838,2026-03-04T02:39:00Z,110.0,SMP512,A320,VTUU,VTBS,235,142,0,0
SMP512_VTUU_VTBS_2026-03-04 02:05,14.5014,100.97399,2026-03-04T02:39:15Z,110.0,SMP512,A320,VTUU,VTBS,235,187,0,0
SMP512_VTUU_VTBS_2026-03-04 02:05,14.48561,100.97041,2026-03-04T02:39:30Z,108.7,SMP512,A320,VTUU,VTBS,234,194,-526,2
SMP512_VTUU_VTBS_2026-03-04 02:05,14.46998,100.96627,2026-03-04T02:39:45Z,106.9,SMP512,A320,VTUU,VTBS,234,194,-712,2
SMP512_VTUU_VTBS_2026-03-04 02:05,14.45437,100.96214,2026-03-04T02:40:00Z,105.1,SMP512,A320,VTUU,VTBS,233,194,-710,2
SMP512_VTUU_VTBS_2026-03-04 02:05,14.43879,100.95802,2026-03-04T02:40:15Z,103.4,SMP512,A320,VTUU,VTBS,232,194,-709,2
SMP512_VTUU_VTBS_2026-03-04 02:05,14.42324,100.95391,2026-03-04T02:40:30Z,101.6,SMP512,A320,VTUU,VTBS,232,194,-708,2
SMP512_VTUU_VTBS_2026-03-04 02:05,14.40771,100.9498,2026-03-04T02:40:45Z,99.8,SMP512,A320,VTUU,VTBS,231,194,-707,2
SMP512_VTUU_VTBS_2026-03-04 02:05,14.39228,100.94572,2026-03-04T02:41:00Z,98.1,SMP512,A320,VTUU,VTBS,230,194,-702,2
SMP512_VTUU_VTBS_2026-03-04 02:05,14.37695,100.94166,2026-03-04T02:41:15Z,96.3,SMP512,A320,VTUU,VTBS,229,194,-698,2
SMP512_VTUU_VTBS_2026-03-04 02:05,14.36164,100.93762,2026-03-04T02:41:30Z,94.6,SMP512,A320,VTUU,VTBS,229,194,-697,2
SMP512_VTUU_VTBS_2026-03-04 02:05,14.34636,100.93358,2026-03-04T02:41:45Z,92.8,SMP512,A320,VTUU,VTBS,228,194,-696,2
SMP512_VTUU_VTBS_2026-03-04 02:05,14.3311,100.92954,2026-03-04T02:42:00Z,91.1,SMP512,A320,VTUU,VTBS,227,194,-695,2
SMP512_VTUU_VTBS_2026-03-04 02:05,14.31586,100.92552,2026-03-04T02:42:15Z,89.4,SMP512,A320,VTUU,VTBS,227,194,-694,2
SMP512_VTUU_VTBS_2026-03-04 02:05,14.30069,100.92151,2026-03-04T02:42:30Z,87.6,SMP512,A320,VTUU,VTBS,226,194,-691,2
SMP512_VTUU_VTBS_2026-03-04 02:05,14.28565,100.91753,2026-03-04T02:42:45Z,85.9,SMP512,A320,VTUU,VTBS,225,194,-685,2
SMP512_VTUU_VTBS_2026-03-04 02:05,14.27064,100.91357,2026-03-04T02:43:00Z,84.2,SMP512,A320,VTUU,VTBS,224,194,-683,2
SMP512_VTUU_VTBS_2026-03-04 02:05,14.25565,100.90961,2026-03-04T02:43:15Z,82.5,SMP512,A320,VTUU,VTBS,224,194,-682,2
SMP512_VTUU_VTBS_2026-03-04 02:05,14.24068,100.90566,2026-03-04T02:43:30Z,80.8,SMP512,A320,VTUU,VTBS,223,194,-681,2
SMP512_VTUU_VTBS_2026-03-04 02:05,14.22573,100.90171,2026-03-04T02:43:45Z,79.1,SMP512,A320,VTUU,VTBS,222,194,-680,2
SMP512_VTUU_VTBS_2026-03-04 02:05,14.21081,100.89777,2026-03-04T02:44:00Z,77.4,SMP512,A320,VTUU,VTBS,222,194,-679,2
SMP512_VTUU_VTBS_2026-03-04 02:05,14.19604,100.89387,2026-03-04T02:44:15Z,75.7,SMP512,A320,VTUU,VTBS,221,194,-673,2
SMP512_VTUU_VTBS_2026-03-04 02:05,14.18131,100.88998,2026-03-04T02:44:30Z,74.0,SMP512,A320,VTUU,VTBS,220,194,-670,2
SMP512_VTUU_VTBS_2026-03-04 02:05,14.16661,100.88611,2026-03-04T02:44:45Z,72.4,SMP512,A320,VTUU,VTBS,220,194,-669,2
SMP512_VTUU_VTBS_2026-03-04 02:05,14.15194,100.88223,2026-03-04T02:45:00Z,70.7,SMP512,A320,VTUU,VTBS,219,194,-668,2
SMP512_VTUU_VTBS_2026-03-04 02:05,14.13728,100.87837,2026-03-04T02:45:15Z,69.0,SMP512,A320,VTUU,VTBS,218,194,-667,2
SMP512_VTUU_VTBS_2026-03-04 02:05,14.12265,100.87451,2026-03-04T02:45:30Z,67.3,SMP512,A320,VTUU,VTBS,218,194,-666,2
SMP512_VTUU_VTBS_2026-03-04 02:05,14.10808,100.87066,2026-03-04T02:45:45Z,65.7,SMP512,A320,VTUU,VTBS,217,194,-664,2
SMP512_VTUU_VTBS_2026-03-04 02:05,14.09364,100.86685,2026-03-04T02:46:00Z,64.0,SMP512,A320,VTUU,VTBS,216,194,-657,2
SMP512_VTUU_VTBS_2026-03-04 02:05,14.07923,100.86305,2026-03-04T02:46:15Z,62.4,SMP512,A320,VTUU,VTBS,216,194,-656,2
SMP512_VTUU_VTBS_2026-03-04 02:05,14.06484,100.85926,2026-03-04T02:46:30Z,60.8,SMP512,A320,VTUU,VTBS,215,194,-655,2
SMP512_VTUU_VTBS_2026-03-04 02:05,14.05048,100.85547,2026-03-04T02:46:45Z,59.1,SMP512,A320,VTUU,VTBS,214,194,-654,2
SMP512_VTUU_VTBS_2026-03-04 02:05,14.03613,100.85169,2026-03-04T02:47:00Z,57.5,SMP512,A320,VTUU,VTBS,214,194,-653,2
SMP512_VTUU_VTBS_2026-03-04 02:05,14.02181,100.84792,2026-03-04T02:47:15Z,55.9,SMP512,A320,VTUU,VTBS,213,194,-652,2
SMP512_VTUU_VTBS_2026-03-04 02:05,14.00758,100.84417,2026-03-04T02:47:30Z,54.2,SMP512,A320,VTUU,VTBS,212,194,-647,2
SMP512_VTUU_VTBS_2026-03-04 02:05,13.99346,100.84045,2026-03-04T02:47:45Z,52.6,SMP512,A320,VTUU,VTBS,212,194,-643,2
SMP512_VTUU_VTBS_2026-03-04 02:05,13.97936,100.83673,2026-03-04T02:48:00Z,51.0,SMP512,A320,VTUU,VTBS,211,194,-642,2
SMP512_VTUU_VTBS_2026-03-04 02:05,13.96527,100.83302,2026-03-04T02:48:15Z,49.4,SMP512,A320,VTUU,VTBS,210,194,-641,2
SMP512_VTUU_VTBS_2026-03-04 02:05,13.95121,100.82932,2026-03-04T02:48:30Z,47.8,SMP512,A320,VTUU,VTBS,210,194,-640,2
SMP512_VTUU_VTBS_2026-03-04 02:05,13.93718,100.82562,2026-03-04T02:48:45Z,46.2,SMP512,A320,VTUU,VTBS,209,194,-639,2
SMP512_VTUU_VTBS_2026-03-04 02:05,13.92316,100.82193,2026-03-04T02:49:00Z,44.6,SMP512,A320,VTUU,VTBS,208,194,-638,2
SMP512_VTUU_VTBS_2026-03-04 02:05,13.90917,100.81825,2026-03-04T02:49:15Z,42.9,SMP512,A320,VTUU,VTBS,208,194,-687,2
SMP512_VTUU_VTBS_2026-03-04 02:05,13.89518,100.81456,2026-03-04T02:49:30Z,40.2,SMP512,A320,VTUU,VTBS,208,194,-1103,2
SMP512_VTUU_VTBS_2026-03-04 02:05,13.88122,100.81089,2026-03-04T02:49:45Z,37.4,SMP512,A320,VTUU,VTBS,207,194,-1102,2
SMP512_VTUU_VTBS_2026-03-04 02:05,13.86741,100.80725,2026-03-04T02:50:00Z,34.7,SMP512,A320,VTUU,VTBS,204,194,-1089,2
SMP512_VTUU_VTBS_2026-03-04 02:05,13.85384,100.80368,2026-03-04T02:50:15Z,32.0,SMP512,A320,VTUU,VTBS,200,194,-1071,2
SMP512_VTUU_VTBS_2026-03-04 02:05,13.8405,100.80017,2026-03-04T02:50:30Z,29.4,SMP512,A320,VTUU,VTBS,197,194,-1053,2
SMP512_VTUU_VTBS_2026-03-04 02:05,13.82736,100.79671,2026-03-04T02:50:45Z,26.8,SMP512,A320,VTUU,VTBS,194,194,-1036,2
SMP512_VTUU_VTBS_2026-03-04 02:05,13.81445,100.79331,2026-03-04T02:51:00Z,24.2,SMP512,A320,VTUU,VTBS,190,194,-1019,2
SMP512_VTUU_VTBS_2026-03-04 02:05,13.80176,100.78997,2026-03-04T02:51:15Z,21.7,SMP512,A320,VTUU,VTBS,187,194,-1002,2
SMP512_VTUU_VTBS_2026-03-04 02:05,13.78927,100.78669,2026-03-04T02:51:30Z,19.2,SMP512,A320,VTUU,VTBS,184,194,-986,2
SMP512_VTUU_VTBS_2026-03-04 02:05,13.77699,100.78346,2026-03-04T02:51:45Z,16.8,SMP512,A320,VTUU,VTBS,181,194,-968,2
SMP512_VTUU_VTBS_2026-03-04 02:05,13.76491,100.78028,2026-03-04T02:52:00Z,14.4,SMP512,A320,VTUU,VTBS,178,194,-953,2
SMP512_VTUU_VTBS_2026-03-04 02:05,13.75303,100.77716,2026-03-04T02:52:15Z,12.1,SMP512,A320,VTUU,VTBS,175,194,-936,2
SMP512_VTUU_VTBS_2026-03-04 02:05,13.74135,100.77408,2026-03-04T02:52:30Z,9.8,SMP512,A320,VTUU,VTBS,172,194,-922,2
SMP512_VTUU_VTBS_2026-03-04 02:05,13.72986,100.77106,2026-03-04T02:52:45Z,7.5,SMP512,A320,VTUU,VTBS,169,194,-906,2
SMP512_VTUU_VTBS_2026-03-04 02:05,13.71856,100.76809,2026-03-04T02:53:00Z,5.3,SMP512,A320,VTUU,VTBS,167,194,-891,2
SMP512_VTUU_VTBS_2026-03-04 02:05,13.70744,100.76517,2026-03-04T02:53:15Z,3.1,SMP512,A320,VTUU,VTBS,164,194,-877,2
SMP512_VTUU_VTBS_2026-03-04 02:05,13.69667,100.76234,2026-03-04T02:53:30Z,1.0,SMP512,A320,VTUU,VTBS,155,194,-849,2
SMP512_VTUU_VTBS_2026-03-04 02:05,13.68716,100.75984,2026-03-04T02:53:45Z,0.0,SMP512,A320,VTUU,VTBS,125,194,-391,2
SMP512_VTUU_VTBS_2026-03-04 02:05,13.67994,100.75794,2026-03-04T02:54:00Z,0.0,SMP512,A320,VTUU,VTBS,96,194,0,0
SMP512_VTUU_VTBS_2026-03-04 02:05,13.67459,100.75653,2026-03-04T02:54:15Z,0.0,SMP512,A320,VTUU,VTBS,76,194,0,0
SMP512_VTUU_VTBS_2026-03-04 02:05,13.67034,100.75542,2026-03-04T02:54:30Z,0.0,SMP512,A320,VTUU,VTBS,61,194,0,0
SMP512_VTUU_VTBS_2026-03-04 02:05,13.66691,100.75452,2026-03-04T02:54:45Z,0.0,SMP512,A320,VTUU,VTBS,48,194,0,0
SMP512_VTUU_VTBS_2026-03-04 02:05,13.66464,100.75392,2026-03-04T02:55:00Z,0.0,SMP512,A320,VTUU,VTBS,39,194,0,0
SMP512_VTUU_VTBS_2026-03-04 02:05,13.66264,100.75339,2026-03-04T02:55:15Z,0.0,SMP512,A320,VTUU,VTBS,32,194,0,0
SMP512_VTUU_VTBS_2026-03-04 02:05,13.6609,100.75293,2026-03-04T02:55:30Z,0.0,SMP512,A320,VTUU,VTBS,25,194,0,0
DEM101_VTBS_VTCC_2026-03-04 02:03,13.70019,100.73845,2026-03-04T02:03:00Z,0.0,DEM101,A320,VTBS,VTCC,10,194,0,0
DEM101_VTBS_VTCC_2026-03-04 02:03,13.69716,100.73765,2026-03-04T02:03:15Z,0.0,DEM101,A320,VTBS,VTCC,36,0,0,0
DEM101_VTBS_VTCC_2026-03-04 02:03,13.69325,100.73662,2026-03-04T02:03:30Z,0.0,DEM101,A320,VTBS,VTCC,70,0,0,0
DEM101_VTBS_VTCC_2026-03-04 02:03,13.68639,100.73482,2026-03-04T02:03:45Z,0.0,DEM101,A320,VTBS,VTCC,110,194,0,0
DEM101_VTBS_VTCC_2026-03-04 02:03,13.67746,100.73247,2026-03-04T02:04:00Z,0.0,DEM101,A320,VTBS,VTCC,147,194,0,0
DEM101_VTBS_VTCC_2026-03-04 02:03,13.66675,100.72966,2026-03-04T02:04:15Z,0.8,DEM101,A320,VTBS,VTCC,173,194,316,1
DEM101_VTBS_VTCC_2026-03-04 02:03,13.65431,100.72639,2026-03-04T02:04:30Z,4.3,DEM101,A320,VTBS,VTCC,192,194,1418,1
DEM101_VTBS_VTCC_2026-03-04 02:03,13.64124,100.72296,2026-03-04T02:04:45Z,8.1,DEM101,A320,VTBS,VTCC,197,194,1489,1
DEM101_VTBS_VTCC_2026-03-04 02:03,13.62782,100.71943,2026-03-04T02:05:00Z,11.9,DEM101,A320,VTBS,VTCC,202,194,1530,1
DEM101_VTBS_VTCC_2026-03-04 02:03,13.61409,100.71582,2026-03-04T02:05:15Z,15.8,DEM101,A320,VTBS,VTCC,207,194,1565,1
DEM101_VTBS_VTCC_2026-03-04 02:03,13.59998,100.71212,2026-03-04T02:05:30Z,19.8,DEM101,A320,VTBS,VTCC,212,194,1608,1
DEM101_VTBS_VTCC_2026-03-04 02:03,13.58554,100.70832,2026-03-04T02:05:45Z,23.9,DEM101,A320,VTBS,VTCC,218,194,1646,1
DEM101_VTBS_VTCC_2026-03-04 02:03,13.57071,100.70443,2026-03-04T02:06:00Z,28.2,DEM101,A320,VTBS,VTCC,223,194,1690,1
DEM101_VTBS_VTCC_2026-03-04 02:03,13.55553,100.70044,2026-03-04T02:06:15Z,32.5,DEM101,A320,VTBS,VTCC,229,194,1730,1
DEM101_VTBS_VTCC_2026-03-04 02:03,13.53994,100.69635,2026-03-04T02:06:30Z,36.9,DEM101,A320,VTBS,VTCC,235,194,1777,1
DEM101_VTBS_VTCC_2026-03-04 02:03,13.52398,100.69216,2026-03-04T02:06:45Z,41.5,DEM101,A320,VTBS,VTCC,241,194,1820,1
DEM101_VTBS_VTCC_2026-03-04 02:03,13.5076,100.68786,2026-03-04T02:07:00Z,46.2,DEM101,A320,VTBS,VTCC,247,194,1866,1
DEM101_VTBS_VTCC_2026-03-04 02:03,13.491,100.68351,2026-03-04T02:07:15Z,50.9,DEM101,A320,VTBS,VTCC,247,194,1892,1
DEM101_VTBS_VTCC_2026-03-04 02:03,13.48059,100.67898,2026-03-04T02:07:30Z,55.0,DEM101,A320,VTBS,VTCC,247,343,1653,1
DEM101_VTBS_VTCC_2026-03-04 02:03,13.49723,100.67372,2026-03-04T02:07:45Z,56.5,DEM101,A320,VTBS,VTCC,247,343,605,1
DEM101_VTBS_VTCC_2026-03-04 02:03,13.51389,100.66845,2026-03-04T02:08:00Z,58.1,DEM101,A320,VTBS,VTCC,248,343,606,1
DEM101_VTBS_VTCC_2026-03-04 02:03,13.53056,100.66317,2026-03-04T02:08:15Z,59.6,DEM101,A320,VTBS,VTCC,248,343,606,1
DEM101_VTBS_VTCC_2026-03-04 02:03,13.54724,100.6579,2026-03-04T02:08:30Z,61.1,DEM101,A320,VTBS,VTCC,248,343,607,1
DEM101_VTBS_VTCC_2026-03-04 02:03,13.56394,100.65262,2026-03-04T02:08:45Z,62.6,DEM101,A320,VTBS,VTCC,249,343,607,1
DEM101_VTBS_VTCC_2026-03-04 02:03,13.58064,100.64733,2026-03-04T02:09:00Z,64.1,DEM101,A320,VTBS,VTCC,249,343,608,1
DEM101_VTBS_VTCC_2026-03-04 02:03,13.59736,100.64204,2026-03-04T02:09:15Z,65.6,DEM101,A320,VTBS,VTCC,249,343,608,1
DEM101_VTBS_VTCC_2026-03-04 02:03,13.61408,100.63674,2026-03-04T02:09:30Z,67.2,DEM101,A320,VTBS,VTCC,250,343,608,1
DEM101_VTBS_VTCC_2026-03-04 02:03,13.63082,100.63144,2026-03-04T02:09:45Z,68.7,DEM101,A320,VTBS,VTCC,250,343,609,1
DEM101_VTBS_VTCC_2026-03-04 02:03,13.64757,100.62614,2026-03-04T02:10:00Z,70.2,DEM101,A320,VTBS,VTCC,251,343,609,1
DEM101_VTBS_VTCC_2026-03-04 02:03,13.66433,100.62083,2026-03-04T02:10:15Z,71.7,DEM101,A320,VTBS,VTCC,251,343,610,1
DEM101_VTBS_VTCC_2026-03-04 02:03,13.68111,100.61552,2026-03-04T02:10:30Z,73.3,DEM101,A320,VTBS,VTCC,251,343,610,1
DEM101_VTBS_VTCC_2026-03-04 02:03,13.69789,100.6102,2026-03-04T02:10:45Z,74.8,DEM101,A320,VTBS,VTCC,252,343,611,1
DEM101_VTBS_VTCC_2026-03-04 02:03,13.71469,100.60488,2026-03-04T02:11:00Z,76.3,DEM101,A320,VTBS,VTCC,252,343,611,1
DEM101_VTBS_VTCC_2026-03-04 02:03,13.7315,100.59956,2026-03-04T02:11:15Z,77.9,DEM101,A320,VTBS,VTCC,252,343,611,1
DEM101_VTBS_VTCC_2026-03-04 02:03,13.74832,100.59423,2026-03-04T02:11:30Z,79.4,DEM101,A320,VTBS,VTCC,253,343,612,1
DEM101_VTBS_VTCC_2026-03-04 02:03,13.76515,100.58889,2026-03-04T02:11:45Z,80.9,DEM101,A320,VTBS,VTCC,253,343,612,1
DEM101_VTBS_VTCC_2026-03-04 02:03,13.78199,100.58355,2026-03-04T02:12:00Z,82.5,DEM101,A320,VTBS,VTCC,253,343,613,1
DEM101_VTBS_VTCC_2026-03-04 02:03,13.79884,100.57821,2026-03-04T02:12:15Z,84.0,DEM101,A320,VTBS,VTCC,254,343,613,1
DEM101_VTBS_VTCC_2026-03-04 02:03,13.81571,100.57286,2026-03-04T02:12:30Z,85.5,DEM101,A320,VTBS,VTCC,254,343,613,1
DEM101_VTBS_VTCC_2026-03-04 02:03,13.83258,100.56751,2026-03-04T02:12:45Z,87.1,DEM101,A320,VTBS,VTCC,254,343,614,1
DEM101_VTBS_VTCC_2026-03-04 02:03,13.84947,100.56215,2026-03-04T02:13:00Z,88.6,DEM101,A320,VTBS,VTCC,255,343,614,1
DEM101_VTBS_VTCC_2026-03-04 02:03,13.86654,100.55673,2026-03-04T02:13:15Z,90.1,DEM101,A320,VTBS,VTCC,255,343,621,1
DEM101_VTBS_VTCC_2026-03-04 02:03,13.88371,100.55129,2026-03-04T02:13:30Z,91.7,DEM101,A320,VTBS,VTCC,255,343,625,1
DEM101_VTBS_VTCC_2026-03-04 02:03,13.9009,100.54583,2026-03-04T02:13:45Z,93.3,DEM101,A320,VTBS,VTCC,256,343,625,1
DEM101_VTBS_VTCC_2026-03-04 02:03,13.91809,100.54037,2026-03-04T02:14:00Z,94.8,DEM101,A320,VTBS,VTCC,256,343,626,1
DEM101_VTBS_VTCC_2026-03-04 02:03,13.9353,100.53491,2026-03-04T02:14:15Z,96.4,DEM101,A320,VTBS,VTCC,257,343,626,1
DEM101_VTBS_VTCC_2026-03-04 02:03,13.95252,100.52944,2026-03-04T02:14:30Z,98.0,DEM101,A320,VTBS,VTCC,257,343,626,1
DEM101_VTBS_VTCC_2026-03-04 02:03,13.96975,100.52397,2026-03-04T02:14:45Z,99.5,DEM101,A320,VTBS,VTCC,257,343,627,1
DEM101_VTBS_VTCC_2026-03-04 02:03,13.987,100.5185,2026-03-04T02:15:00Z,101.1,DEM101,A320,VTBS,VTCC,258,343,627,1
DEM101_VTBS_VTCC_2026-03-04 02:03,14.00425,100.51301,2026-03-04T02:15:15Z,102.7,DEM101,A320,VTBS,VTCC,258,343,628,1
DEM101_VTBS_VTCC_2026-03-04 02:03,14.02152,100.50753,2026-03-04T02:15:30Z,104.3,DEM101,A320,VTBS,VTCC,258,343,628,1
DEM101_VTBS_VTCC_2026-03-04 02:03,14.0388,100.50204,2026-03-04T02:15:45Z,105.8,DEM101,A320,VTBS,VTCC,259,343,629,1
DEM101_VTBS_VTCC_2026-03-04 02:03,14.05609,100.49654,2026-03-04T02:16:00Z,107.4,DEM101,A320,VTBS,VTCC,259,343,629,1
DEM101_VTBS_VTCC_2026-03-04 02:03,14.07339,100.49104,2026-03-04T02:16:15Z,109.0,DEM101,A320,VTBS,VTCC,259,343,629,1
DEM101_VTBS_VTCC_2026-03-04 02:03,14.0907,100.48554,2026-03-04T02:16:30Z,110.6,DEM101,A320,VTBS,VTCC,260,343,630,1
DEM101_VTBS_VTCC_2026-03-04 02:03,14.10803,100.48003,2026-03-04T02:16:45Z,112.1,DEM101,A320,VTBS,VTCC,260,343,630,1
DEM101_VTBS_VTCC_2026-03-04 02:03,14.12537,100.47452,2026-03-04T02:17:00Z,113.7,DEM101,A320,VTBS,VTCC,260,343,631,1
DEM101_VTBS_VTCC_2026-03-04 02:03,14.14272,100.469,2026-03-04T02:17:15Z,115.3,DEM101,A320,VTBS,VTCC,261,343,631,1
DEM101_VTBS_VTCC_2026-03-04 02:03,14.16008,100.46348,2026-03-04T02:17:30Z,116.9,DEM101,A320,VTBS,VTCC,261,343,632,1
DEM101_VTBS_VTCC_2026-03-04 02:03,14.17745,100.45795,2026-03-04T02:17:45Z,118.4,DEM101,A320,VTBS,VTCC,262,343,632,1
DEM101_VTBS_VTCC_2026-03-04 02:03,14.19484,100.45242,2026-03-04T02:18:00Z,120.0,DEM101,A320,VTBS,VTCC,262,343,633,1
DEM101_VTBS_VTCC_2026-03-04 02:03,14.21223,100.44688,2026-03-04T02:18:15Z,121.6,DEM101,A320,VTBS,VTCC,262,343,633,1
DEM101_VTBS_VTCC_2026-03-04 02:03,14.22964,100.44134,2026-03-04T02:18:30Z,123.2,DEM101,A320,VTBS,VTCC,263,343,633,1
DEM101_VTBS_VTCC_2026-03-04 02:03,14.24727,100.43573,2026-03-04T02:18:45Z,124.8,DEM101,A320,VTBS,VTCC,263,343,641,1
DEM101_VTBS_VTCC_2026-03-04 02:03,14.26496,100.43009,2026-03-04T02:19:00Z,126.4,DEM101,A320,VTBS,VTCC,263,343,644,1
DEM101_VTBS_VTCC_2026-03-04 02:03,14.28267,100.42446,2026-03-04T02:19:15Z,128.0,DEM101,A320,VTBS,VTCC,264,343,644,1
DEM101_VTBS_VTCC_2026-03-04 02:03,14.30038,100.41881,2026-03-04T02:19:30Z,129.6,DEM101,A320,VTBS,VTCC,264,343,645,1
DEM101_VTBS_VTCC_2026-03-04 02:03,14.31811,100.41316,2026-03-04T02:19:45Z,131.3,DEM101,A320,VTBS,VTCC,265,343,645,1
DEM101_VTBS_VTCC_2026-03-04 02:03,14.33586,100.40751,2026-03-04T02:20:00Z,132.9,DEM101,A320,VTBS,VTCC,265,343,646,1
DEM101_VTBS_VTCC_2026-03-04 02:03,14.35361,100.40185,2026-03-04T02:20:15Z,134.5,DEM101,A320,VTBS,VTCC,265,343,646,1
DEM101_VTBS_VTCC_2026-03-04 02:03,14.37138,100.39619,2026-03-04T02:20:30Z,136.1,DEM101,A320,VTBS,VTCC,266,343,646,1
DEM101_VTBS_VTCC_2026-03-04 02:03,14.38916,100.39052,2026-03-04T02:20:45Z,137.7,DEM101,A320,VTBS,VTCC,266,343,647,1
DEM101_VTBS_VTCC_2026-03-04 02:03,14.40695,100.38485,2026-03-04T02:21:00Z,139.3,DEM101,A320,VTBS,VTCC,266,343,647,1
DEM101_VTBS_VTCC_2026-03-04 02:03,14.42475,100.37917,2026-03-04T02:21:15Z,141.0,DEM101,A320,VTBS,VTCC,267,343,648,1
DEM101_VTBS_VTCC_2026-03-04 02:03,14.44257,100.37349,2026-03-04T02:21:30Z,142.6,DEM101,A320,VTBS,VTCC,267,343,648,1
DEM101_VTBS_VTCC_2026-03-04 02:03,14.46039,100.3678,2026-03-04T02:21:45Z,144.2,DEM101,A320,VTBS,VTCC,267,343,649,1
DEM101_VTBS_VTCC_2026-03-04 02:03,14.47823,100.36211,2026-03-04T02:22:00Z,145.8,DEM101,A320,VTBS,VTCC,268,343,649,1
DEM101_VTBS_VTCC_2026-03-04 02:03,14.49608,100.35642,2026-03-04T02:22:15Z,147.5,DEM101,A320,VTBS,VTCC,268,343,650,1
DEM101_VTBS_VTCC_2026-03-04 02:03,14.51395,100.35071,2026-03-04T02:22:30Z,149.1,DEM101,A320,VTBS,VTCC,269,343,650,1
DEM101_VTBS_VTCC_2026-03-04 02:03,14.53182,100.34501,2026-03-04T02:22:45Z,150.7,DEM101,A320,VTBS,VTCC,269,343,650,1
DEM101_VTBS_VTCC_2026-03-04 02:03,14.54971,100.3393,2026-03-04T02:23:00Z,152.3,DEM101,A320,VTBS,VTCC,269,343,651,1
DEM101_VTBS_VTCC_2026-03-04 02:03,14.56761,100.33358,2026-03-04T02:23:15Z,154.0,DEM101,A320,VTBS,VTCC,270,343,651,1
DEM101_VTBS_VTCC_2026-03-04 02:03,14.58553,100.32786,2026-03-04T02:23:30Z,155.6,DEM101,A320,VTBS,VTCC,270,343,652,1
DEM101_VTBS_VTCC_2026-03-04 02:03,14.60345,100.32213,2026-03-04T02:23:45Z,157.2,DEM101,A320,VTBS,VTCC,270,343,652,1
DEM101_VTBS_VTCC_2026-03-04 02:03,14.62153,100.31636,2026-03-04T02:24:00Z,158.9,DEM101,A320,VTBS,VTCC,271,343,658,1
DEM101_VTBS_VTCC_2026-03-04 02:03,14.63974,100.31054,2026-03-04T02:24:15Z,160.5,DEM101,A320,VTBS,VTCC,271,343,663,1
DEM101_VTBS_VTCC_2026-03-04 02:03,14.65797,100.30471,2026-03-04T02:24:30Z,162.2,DEM101,A320,VTBS,VTCC,272,343,663,1
DEM101_VTBS_VTCC_2026-03-04 02:03,14.6762,100.29888,2026-03-04T02:24:45Z,163.9,DEM101,A320,VTBS,VTCC,272,343,664,1
DEM101_VTBS_VTCC_2026-03-04 02:03,14.69445,100.29305,2026-03-04T02:25:00Z,165.5,DEM101,A320,VTBS,VTCC,272,343,664,1
DEM101_VTBS_VTCC_2026-03-04 02:03,14.71271,100.28721,2026-03-04T02:25:15Z,167.2,DEM101,A320,VTBS,VTCC,273,343,665,1
DEM101_VTBS_VTCC_2026-03-04 02:03,14.73098,100.28137,2026-03-04T02:25:30Z,168.8,DEM101,A320,VTBS,VTCC,273,343,665,1
DEM101_VTBS_VTCC_2026-03-04 02:03,14.74927,100.27552,2026-03-04T02:25:45Z,170.5,DEM101,A320,VTBS,VTCC,273,343,665,1
DEM101_VTBS_VTCC_2026-03-04 02:03,14.76757,100.26966,2026-03-04T02:26:00Z,172.2,DEM101,A320,VTBS,VTCC,274,343,666,1
DEM101_VTBS_VTCC_2026-03-04 02:03,14.78588,100.26381,2026-03-04T02:26:15Z,173.8,DEM101,A320,VTBS,VTCC,274,343,666,1
DEM101_VTBS_VTCC_2026-03-04 02:03,14.8042,100.25794,2026-03-04T02:26:30Z,175.5,DEM101,A320,VTBS,VTCC,275,343,667,1
DEM101_VTBS_VTCC_2026-03-04 02:03,14.82254,100.25207,2026-03-04T02:26:45Z,177.2,DEM101,A320,VTBS,VTCC,275,343,667,1
DEM101_VTBS_VTCC_2026-03-04 02:03,14.84088,100.2462,2026-03-04T02:27:00Z,178.8,DEM101,A320,VTBS,VTCC,275,343,668,1
DEM101_VTBS_VTCC_2026-03-04 02:03,14.85924,100.24032,2026-03-04T02:27:15Z,180.5,DEM101,A320,VTBS,VTCC,276,343,668,1
DEM101_VTBS_VTCC_2026-03-04 02:03,14.87762,100.23443,2026-03-04T02:27:30Z,182.2,DEM101,A320,VTBS,VTCC,276,343,669,1
DEM101_VTBS_VTCC_2026-03-04 02:03,14.896,100.22854,2026-03-04T02:27:45Z,183.9,DEM101,A320,VTBS,VTCC,277,343,669,1
DEM101_VTBS_VTCC_2026-03-04 02:03,14.9144,100.22265,2026-03-04T02:28:00Z,185.5,DEM101,A320,VTBS,VTCC,277,343,670,1
DEM101_VTBS_VTCC_2026-03-04 02:03,14.93281,100.21675,2026-03-04T02:28:15Z,187.2,DEM101,A320,VTBS,VTCC,277,343,670,1
DEM101_VTBS_VTCC_2026-03-04 02:03,14.95124,100.21085,2026-03-04T02:28:30Z,188.9,DEM101,A320,VTBS,VTCC,278,343,671,1
DEM101_VTBS_VTCC_2026-03-04 02:03,14.96967,100.20494,2026-03-04T02:28:45Z,190.6,DEM101,A320,VTBS,VTCC,278,343,671,1
DEM101_VTBS_VTCC_2026-03-04 02:03,14.98812,100.19902,2026-03-04T02:29:00Z,192.3,DEM101,A320,VTBS,VTCC,278,343,671,1
DEM101_VTBS_VTCC_2026-03-04 02:03,15.00682,100.19302,2026-03-04T02:29:15Z,194.0,DEM101,A320,VTBS,VTCC,279,343,681,1
DEM101_VTBS_VTCC_2026-03-04 02:03,15.02556,100.18701,2026-03-04T02:29:30Z,195.7,DEM101,A320,VTBS,VTCC,279,343,682,1
DEM101_VTBS_VTCC_2026-03-04 02:03,15.04431,100.181,2026-03-04T02:29:45Z,197.4,DEM101,A320,VTBS,VTCC,280,343,682,1
DEM101_VTBS_VTCC_2026-03-04 02:03,15.06307,100.17498,2026-03-04T02:30:00Z,199.1,DEM101,A320,VTBS,VTCC,280,343,683,1
DEM101_VTBS_VTCC_2026-03-04 02:03,15.08184,100.16896,2026-03-04T02:30:15Z,200.8,DEM101,A320,VTBS,VTCC,280,343,683,1
DEM101_VTBS_VTCC_2026-03-04 02:03,15.10063,100.16293,2026-03-04T02:30:30Z,202.5,DEM101,A320,VTBS,VTCC,281,343,684,1
DEM101_VTBS_VTCC_2026-03-04 02:03,15.11942,100.15689,2026-03-04T02:30:45Z,204.2,DEM101,A320,VTBS,VTCC,281,343,684,1
DEM101_VTBS_VTCC_2026-03-04 02:03,15.13824,100.15085,2026-03-04T02:31:00Z,205.9,DEM101,A320,VTBS,VTCC,282,343,685,1
DEM101_VTBS_VTCC_2026-03-04 02:03,15.15706,100.14481,2026-03-04T02:31:15Z,207.6,DEM101,A320,VTBS,VTCC,282,343,685,1
DEM101_VTBS_VTCC_2026-03-04 02:03,15.1759,100.13875,2026-03-04T02:31:30Z,209.4,DEM101,A320,VTBS,VTCC,282,343,686,1
DEM101_VTBS_VTCC_2026-03-04 02:03,15.19475,100.1327,2026-03-04T02:31:45Z,211.1,DEM101,A320,VTBS,VTCC,283,343,686,1
DEM101_VTBS_VTCC_2026-03-04 02:03,15.21361,100.12664,2026-03-04T02:32:00Z,212.8,DEM101,A320,VTBS,VTCC,283,343,687,1
DEM101_VTBS_VTCC_2026-03-04 02:03,15.23249,100.12057,2026-03-04T02:32:15Z,214.5,DEM101,A320,VTBS,VTCC,284,343,687,1
DEM101_VTBS_VTCC_2026-03-04 02:03,15.25137,100.1145,2026-03-04T02:32:30Z,216.2,DEM101,A320,VTBS,VTCC,284,343,688,1
DEM101_VTBS_VTCC_2026-03-04 02:03,15.27028,100.10842,2026-03-04T02:32:45Z,217.9,DEM101,A320,VTBS,VTCC,284,343,688,1
DEM101_VTBS_VTCC_2026-03-04 02:03,15.28919,100.10234,2026-03-04T02:33:00Z,219.7,DEM101,A320,VTBS,VTCC,285,343,689,1
DEM101_VTBS_VTCC_2026-03-04 02:03,15.30812,100.09625,2026-03-04T02:33:15Z,221.4,DEM101,A320,VTBS,VTCC,285,343,689,1
DEM101_VTBS_VTCC_2026-03-04 02:03,15.32706,100.09016,2026-03-04T02:33:30Z,223.1,DEM101,A320,VTBS,VTCC,286,343,689,1
DEM101_VTBS_VTCC_2026-03-04 02:03,15.34601,100.08406,2026-03-04T02:33:45Z,224.8,DEM101,A320,VTBS,VTCC,286,343,690,1
DEM101_VTBS_VTCC_2026-03-04 02:03,15.36498,100.07796,2026-03-04T02:34:00Z,226.6,DEM101,A320,VTBS,VTCC,286,343,690,1
DEM101_VTBS_VTCC_2026-03-04 02:03,15.38419,100.07177,2026-03-04T02:34:15Z,228.3,DEM101,A320,VTBS,VTCC,287,343,699,1
DEM101_VTBS_VTCC_2026-03-04 02:03,15.40344,100.06558,2026-03-04T02:34:30Z,230.1,DEM101,A320,VTBS,VTCC,287,343,701,1
DEM101_VTBS_VTCC_2026-03-04 02:03,15.42271,100.05937,2026-03-04T02:34:45Z,231.8,DEM101,A320,VTBS,VTCC,288,343,701,1
DEM101_VTBS_VTCC_2026-03-04 02:03,15.44199,100.05316,2026-03-04T02:35:00Z,233.6,DEM101,A320,VTBS,VTCC,288,343,702,1
DEM101_VTBS_VTCC_2026-03-04 02:03,15.46128,100.04695,2026-03-04T02:35:15Z,235.3,DEM101,A320,VTBS,VTCC,288,343,702,1
DEM101_VTBS_VTCC_2026-03-04 02:03,15.48058,100.04073,2026-03-04T02:35:30Z,237.1,DEM101,A320,VTBS,VTCC,289,343,703,1
DEM101_VTBS_VTCC_2026-03-04 02:03,15.4999,100.0345,2026-03-04T02:35:45Z,238.9,DEM101,A320,VTBS,VTCC,289,343,703,1
DEM101_VTBS_VTCC_2026-03-04 02:03,15.51924,100.02827,2026-03-04T02:36:00Z,240.6,DEM101,A320,VTBS,VTCC,290,343,704,1
DEM101_VTBS_VTCC_2026-03-04 02:03,15.53858,100.02203,2026-03-04T02:36:15Z,242.4,DEM101,A320,VTBS,VTCC,290,343,704,1
DEM101_VTBS_VTCC_2026-03-04 02:03,15.55794,100.01579,2026-03-04T02:36:30Z,244.1,DEM101,A320,VTBS,VTCC,290,343,705,1
DEM101_VTBS_VTCC_2026-03-04 02:03,15.57731,100.00954,2026-03-04T02:36:45Z,245.9,DEM101,A320,VTBS,VTCC,291,343,705,1
DEM101_VTBS_VTCC_2026-03-04 02:03,15.5967,100.00329,2026-03-04T02:37:00Z,247.7,DEM101,A320,VTBS,VTCC,291,343,706,1
DEM101_VTBS_VTCC_2026-03-04 02:03,15.61609,99.99703,2026-03-04T02:37:15Z,249.4,DEM101,A320,VTBS,VTCC,292,343,706,1
DEM101_VTBS_VTCC_2026-03-04 02:03,15.6355,99.99077,2026-03-04T02:37:30Z,251.2,DEM101,A320,VTBS,VTCC,292,343,707,1
DEM101_VTBS_VTCC_2026-03-04 02:03,15.65493,99.9845,2026-03-04T02:37:45Z,253.0,DEM101,A320,VTBS,VTCC,292,343,707,1
DEM101_VTBS_VTCC_2026-03-04 02:03,15.67437,99.97822,2026-03-04T02:38:00Z,254.8,DEM101,A320,VTBS,VTCC,293,343,708,1
DEM101_VTBS_VTCC_2026-03-04 02:03,15.69382,99.97194,2026-03-04T02:38:15Z,256.5,DEM101,A320,VTBS,VTCC,293,343,708,1
DEM101_VTBS_VTCC_2026-03-04 02:03,15.71328,99.96566,2026-03-04T02:38:30Z,258.3,DEM101,A320,VTBS,VTCC,294,343,709,1
DEM101_VTBS_VTCC_2026-03-04 02:03,15.73276,99.95937,2026-03-04T02:38:45Z,260.1,DEM101,A320,VTBS,VTCC,294,343,709,1
DEM101_VTBS_VTCC_2026-03-04 02:03,15.75235,99.95304,2026-03-04T02:39:00Z,261.9,DEM101,A320,VTBS,VTCC,294,343,713,1
DEM101_VTBS_VTCC_2026-03-04 02:03,15.77212,99.94665,2026-03-04T02:39:15Z,263.7,DEM101,A320,VTBS,VTCC,295,343,720,1
DEM101_VTBS_VTCC_2026-03-04 02:03,15.79189,99.94026,2026-03-04T02:39:30Z,265.5,DEM101,A320,VTBS,VTCC,295,343,720,1
DEM101_VTBS_VTCC_2026-03-04 02:03,15.81169,99.93386,2026-03-04T02:39:45Z,267.3,DEM101,A320,VTBS,VTCC,296,343,721,1
DEM101_VTBS_VTCC_2026-03-04 02:03,15.83149,99.92745,2026-03-04T02:40:00Z,269.1,DEM101,A320,VTBS,VTCC,296,343,721,1
DEM101_VTBS_VTCC_2026-03-04 02:03,15.85131,99.92104,2026-03-04T02:40:15Z,270.9,DEM101,A320,VTBS,VTCC,296,343,722,1
DEM101_VTBS_VTCC_2026-03-04 02:03,15.87114,99.91463,2026-03-04T02:40:30Z,272.7,DEM101,A320,VTBS,VTCC,297,343,722,1
DEM101_VTBS_VTCC_2026-03-04 02:03,15.89099,99.90821,2026-03-04T02:40:45Z,274.5,DEM101,A320,VTBS,VTCC,297,343,723,1
DEM101_VTBS_VTCC_2026-03-04 02:03,15.91085,99.90178,2026-03-04T02:41:00Z,276.3,DEM101,A320,VTBS,VTCC,298,343,723,1
DEM101_VTBS_VTCC_2026-03-04 02:03,15.93072,99.89535,2026-03-04T02:41:15Z,278.1,DEM101,A320,VTBS,VTCC,298,343,724,1
DEM101_VTBS_VTCC_2026-03-04 02:03,15.95061,99.88891,2026-03-04T02:41:30Z,279.9,DEM101,A320,VTBS,VTCC,299,343,724,1
DEM101_VTBS_VTCC_2026-03-04 02:03,15.97051,99.88247,2026-03-04T02:41:45Z,281.7,DEM101,A320,VTBS,VTCC,299,343,725,1
DEM101_VTBS_VTCC_2026-03-04 02:03,15.99042,99.87602,2026-03-04T02:42:00Z,283.5,DEM101,A320,VTBS,VTCC,299,343,725,1
DEM101_VTBS_VTCC_2026-03-04 02:03,16.01035,99.86956,2026-03-04T02:42:15Z,285.4,DEM101,A320,VTBS,VTCC,300,343,726,1
DEM101_VTBS_VTCC_2026-03-04 02:03,16.03029,99.8631,2026-03-04T02:42:30Z,287.2,DEM101,A320,VTBS,VTCC,300,343,726,1
DEM101_VTBS_VTCC_2026-03-04 02:03,16.05024,99.85663,2026-03-04T02:42:45Z,289.0,DEM101,A320,VTBS,VTCC,301,343,727,1
DEM101_VTBS_VTCC_2026-03-04 02:03,16.07021,99.85016,2026-03-04T02:43:00Z,290.8,DEM101,A320,VTBS,VTCC,301,343,727,1
DEM101_VTBS_VTCC_2026-03-04 02:03,16.09019,99.84368,2026-03-04T02:43:15Z,292.6,DEM101,A320,VTBS,VTCC,301,343,728,1
DEM101_VTBS_VTCC_2026-03-04 02:03,16.11019,99.8372,2026-03-04T02:43:30Z,294.5,DEM101,A320,VTBS,VTCC,302,343,728,1
DEM101_VTBS_VTCC_2026-03-04 02:03,16.1303,99.83067,2026-03-04T02:43:45Z,296.3,DEM101,A320,VTBS,VTCC,302,343,732,1
DEM101_VTBS_VTCC_2026-03-04 02:03,16.15058,99.82409,2026-03-04T02:44:00Z,298.1,DEM101,A320,VTBS,VTCC,303,343,739,1
DEM101_VTBS_VTCC_2026-03-04 02:03,16.17088,99.81751,2026-03-04T02:44:15Z,300.0,DEM101,A320,VTBS,VTCC,303,343,739,1
DEM101_VTBS_VTCC_2026-03-04 02:03,16.19119,99.81091,2026-03-04T02:44:30Z,301.8,DEM101,A320,VTBS,VTCC,304,343,740,1
DEM101_VTBS_VTCC_2026-03-04 02:03,16.21151,99.80432,2026-03-04T02:44:45Z,303.7,DEM101,A320,VTBS,VTCC,304,343,740,1
DEM101_VTBS_VTCC_2026-03-04 02:03,16.23185,99.79771,2026-03-04T02:45:00Z,305.5,DEM101,A320,VTBS,VTCC,304,343,741,1
DEM101_VTBS_VTCC_2026-03-04 02:03,16.2522,99.7911,2026-03-04T02:45:15Z,307.4,DEM101,A320,VTBS,VTCC,305,343,741,1
DEM101_VTBS_VTCC_2026-03-04 02:03,16.27257,99.78449,2026-03-04T02:45:30Z,309.2,DEM101,A320,VTBS,VTCC,305,343,742,1
DEM101_VTBS_VTCC_2026-03-04 02:03,16.29295,99.77786,2026-03-04T02:45:45Z,311.1,DEM101,A320,VTBS,VTCC,306,343,742,1
DEM101_VTBS_VTCC_2026-03-04 02:03,16.31334,99.77124,2026-03-04T02:46:00Z,313.0,DEM101,A320,VTBS,VTCC,306,343,743,1
DEM101_VTBS_VTCC_2026-03-04 02:03,16.33375,99.7646,2026-03-04T02:46:15Z,314.8,DEM101,A320,VTBS,VTCC,307,343,743,1
DEM101_VTBS_VTCC_2026-03-04 02:03,16.35417,99.75796,2026-03-04T02:46:30Z,316.7,DEM101,A320,VTBS,VTCC,307,343,744,1
DEM101_VTBS_VTCC_2026-03-04 02:03,16.37461,99.75132,2026-03-04T02:46:45Z,318.5,DEM101,A320,VTBS,VTCC,307,343,744,1
DEM101_VTBS_VTCC_2026-03-04 02:03,16.39506,99.74466,2026-03-04T02:47:00Z,320.4,DEM101,A320,VTBS,VTCC,308,343,745,1
DEM101_VTBS_VTCC_2026-03-04 02:03,16.41552,99.73801,2026-03-04T02:47:15Z,322.3,DEM101,A320,VTBS,VTCC,308,343,745,1
DEM101_VTBS_VTCC_2026-03-04 02:03,16.436,99.73134,2026-03-04T02:47:30Z,324.1,DEM101,A320,VTBS,VTCC,309,343,746,1
DEM101_VTBS_VTCC_2026-03-04 02:03,16.45649,99.72467,2026-03-04T02:47:45Z,326.0,DEM101,A320,VTBS,VTCC,309,343,746,1
DEM101_VTBS_VTCC_2026-03-04 02:03,16.477,99.718,2026-03-04T02:48:00Z,327.9,DEM101,A320,VTBS,VTCC,310,343,747,1
DEM101_VTBS_VTCC_2026-03-04 02:03,16.49752,99.71131,2026-03-04T02:48:15Z,329.7,DEM101,A320,VTBS,VTCC,310,343,747,1
DEM224_VTBS_VTSP_2026-03-04 02:11,13.70019,100.73845,2026-03-04T02:11:00Z,0.0,DEM224,B738,VTBS,VTSP,10,194,0,0
DEM224_VTBS_VTSP_2026-03-04 02:11,13.69716,100.73765,2026-03-04T02:11:15Z,0.0,DEM224,B738,VTBS,VTSP,36,0,0,0
DEM224_VTBS_VTSP_2026-03-04 02:11,13.69325,100.73662,2026-03-04T02:11:30Z,0.0,DEM224,B738,VTBS,VTSP,70,0,0,0
DEM224_VTBS_VTSP_2026-03-04 02:11,13.68639,100.73482,2026-03-04T02:11:45Z,0.0,DEM224,B738,VTBS,VTSP,110,194,0,0
DEM224_VTBS_VTSP_2026-03-04 02:11,13.67746,100.73247,2026-03-04T02:12:00Z,0.0,DEM224,B738,VTBS,VTSP,147,194,0,0
DEM224_VTBS_VTSP_2026-03-04 02:11,13.66675,100.72966,2026-03-04T02:12:15Z,0.8,DEM224,B738,VTBS,VTSP,173,194,316,1
DEM224_VTBS_VTSP_2026-03-04 02:11,13.65431,100.72639,2026-03-04T02:12:30Z,4.3,DEM224,B738,VTBS,VTSP,192,194,1418,1
DEM224_VTBS_VTSP_2026-03-04 02:11,13.64124,100.72296,2026-03-04T02:12:45Z,8.1,DEM224,B738,VTBS,VTSP,197,194,1489,1
DEM224_VTBS_VTSP_2026-03-04 02:11,13.62782,100.71943,2026-03-04T02:13:00Z,11.9,DEM224,B738,VTBS,VTSP,202,194,1530,1
DEM224_VTBS_VTSP_2026-03-04 02:11,13.61409,100.71582,2026-03-04T02:13:15Z,15.8,DEM224,B738,VTBS,VTSP,207,194,1565,1
DEM224_VTBS_VTSP_2026-03-04 02:11,13.59998,100.71212,2026-03-04T02:13:30Z,19.8,DEM224,B738,VTBS,VTSP,212,194,1608,1
DEM224_VTBS_VTSP_2026-03-04 02:11,13.58554,100.70832,2026-03-04T02:13:45Z,23.9,DEM224,B738,VTBS,VTSP,218,194,1646,1
DEM224_VTBS_VTSP_2026-03-04 02:11,13.57071,100.70443,2026-03-04T02:14:00Z,28.2,DEM224,B738,VTBS,VTSP,223,194,1690,1
DEM224_VTBS_VTSP_2026-03-04 02:11,13.55553,100.70044,2026-03-04T02:14:15Z,32.5,DEM224,B738,VTBS,VTSP,229,194,1730,1
DEM224_VTBS_VTSP_2026-03-04 02:11,13.53994,100.69635,2026-03-04T02:14:30Z,36.9,DEM224,B738,VTBS,VTSP,235,194,1777,1
DEM224_VTBS_VTSP_2026-03-04 02:11,13.52398,100.69216,2026-03-04T02:14:45Z,41.5,DEM224,B738,VTBS,VTSP,241,194,1820,1
DEM224_VTBS_VTSP_2026-03-04 02:11,13.5076,100.68786,2026-03-04T02:15:00Z,46.2,DEM224,B738,VTBS,VTSP,247,194,1866,1
DEM224_VTBS_VTSP_2026-03-04 02:11,13.491,100.68351,2026-03-04T02:15:15Z,50.9,DEM224,B738,VTBS,VTSP,247,194,1892,1
DEM224_VTBS_VTSP_2026-03-04 02:11,13.47451,100.67862,2026-03-04T02:15:30Z,55.0,DEM224,B738,VTBS,VTSP,247,204,1662,1
DEM224_VTBS_VTSP_2026-03-04 02:11,13.45856,100.67145,2026-03-04T02:15:45Z,56.7,DEM224,B738,VTBS,VTSP,247,204,650,1
DEM224_VTBS_VTSP_2026-03-04 02:11,13.44259,100.66426,2026-03-04T02:16:00Z,58.3,DEM224,B738,VTBS,VTSP,248,204,650,1
DEM224_VTBS_VTSP_2026-03-04 02:11,13.42661,100.65708,2026-03-04T02:16:15Z,59.9,DEM224,B738,VTBS,VTSP,248,204,650,1
DEM224_VTBS_VTSP_2026-03-04 02:11,13.41062,100.64989,2026-03-04T02:16:30Z,61.5,DEM224,B738,VTBS,VTSP,248,204,651,1
DEM224_VTBS_VTSP_2026-03-04 02:11,13.39462,100.64269,2026-03-04T02:16:45Z,63.2,DEM224,B738,VTBS,VTSP,249,204,651,1
DEM224_VTBS_VTSP_2026-03-04 02:11,13.37861,100.63549,2026-03-04T02:17:00Z,64.8,DEM224,B738,VTBS,VTSP,249,204,652,1
DEM224_VTBS_VTSP_2026-03-04 02:11,13.36258,100.62829,2026-03-04T02:17:15Z,66.4,DEM224,B738,VTBS,VTSP,249,204,652,1
DEM224_VTBS_VTSP_2026-03-04 02:11,13.34655,100.62108,2026-03-04T02:17:30Z,68.1,DEM224,B738,VTBS,VTSP,250,204,653,1
DEM224_VTBS_VTSP_2026-03-04 02:11,13.3305,100.61387,2026-03-04T02:17:45Z,69.7,DEM224,B738,VTBS,VTSP,250,204,653,1
DEM224_VTBS_VTSP_2026-03-04 02:11,13.31444,100.60666,2026-03-04T02:18:00Z,71.3,DEM224,B738,VTBS,VTSP,251,204,654,1
DEM224_VTBS_VTSP_2026-03-04 02:11,13.29838,100.59944,2026-03-04T02:18:15Z,73.0,DEM224,B738,VTBS,VTSP,251,204,654,1
DEM224_VTBS_VTSP_2026-03-04 02:11,13.2823,100.59222,2026-03-04T02:18:30Z,74.6,DEM224,B738,VTBS,VTSP,251,204,654,1
DEM224_VTBS_VTSP_2026-03-04 02:11,13.2662,100.58499,2026-03-04T02:18:45Z,76.3,DEM224,B738,VTBS,VTSP,252,204,655,1
DEM224_VTBS_VTSP_2026-03-04 02:11,13.2501,100.57776,2026-03-04T02:19:00Z,77.9,DEM224,B738,VTBS,VTSP,252,204,655,1
DEM224_VTBS_VTSP_2026-03-04 02:11,13.23399,100.57052,2026-03-04T02:19:15Z,79.5,DEM224,B738,VTBS,VTSP,252,204,656,1
DEM224_VTBS_VTSP_2026-03-04 02:11,13.21786,100.56329,2026-03-04T02:19:30Z,81.2,DEM224,B738,VTBS,VTSP,253,204,656,1
DEM224_VTBS_VTSP_2026-03-04 02:11,13.20172,100.55604,2026-03-04T02:19:45Z,82.8,DEM224,B738,VTBS,VTSP,253,204,657,1
DEM224_VTBS_VTSP_2026-03-04 02:11,13.18558,100.5488,2026-03-04T02:20:00Z,84.5,DEM224,B738,VTBS,VTSP,253,204,657,1
DEM224_VTBS_VTSP_2026-03-04 02:11,13.16942,100.54154,2026-03-04T02:20:15Z,86.1,DEM224,B738,VTBS,VTSP,254,204,658,1
DEM224_VTBS_VTSP_2026-03-04 02:11,13.15325,100.53429,2026-03-04T02:20:30Z,87.8,DEM224,B738,VTBS,VTSP,254,204,658,1
DEM224_VTBS_VTSP_2026-03-04 02:11,13.13706,100.52703,2026-03-04T02:20:45Z,89.4,DEM224,B738,VTBS,VTSP,254,204,659,1
DEM224_VTBS_VTSP_2026-03-04 02:11,13.12087,100.51977,2026-03-04T02:21:00Z,91.1,DEM224,B738,VTBS,VTSP,255,204,659,1
DEM224_VTBS_VTSP_2026-03-04 02:11,13.1045,100.51243,2026-03-04T02:21:15Z,92.7,DEM224,B738,VTBS,VTSP,255,204,666,1
DEM224_VTBS_VTSP_2026-03-04 02:11,13.08804,100.50504,2026-03-04T02:21:30Z,94.4,DEM224,B738,VTBS,VTSP,255,204,670,1
DEM224_VTBS_VTSP_2026-03-04 02:11,13.07156,100.49766,2026-03-04T02:21:45Z,96.1,DEM224,B738,VTBS,VTSP,256,204,671,1
DEM224_VTBS_VTSP_2026-03-04 02:11,13.05507,100.49026,2026-03-04T02:22:00Z,97.8,DEM224,B738,VTBS,VTSP,256,204,671,1
DEM224_VTBS_VTSP_2026-03-04 02:11,13.03856,100.48287,2026-03-04T02:22:15Z,99.4,DEM224,B738,VTBS,VTSP,257,204,672,1
DEM224_VTBS_VTSP_2026-03-04 02:11,13.02205,100.47547,2026-03-04T02:22:30Z,101.1,DEM224,B738,VTBS,VTSP,257,204,672,1
DEM224_VTBS_VTSP_2026-03-04 02:11,13.00553,100.46806,2026-03-04T02:22:45Z,102.8,DEM224,B738,VTBS,VTSP,257,204,672,1
DEM224_VTBS_VTSP_2026-03-04 02:11,12.98899,100.46066,2026-03-04T02:23:00Z,104.5,DEM224,B738,VTBS,VTSP,258,204,673,1
DEM224_VTBS_VTSP_2026-03-04 02:11,12.97244,100.45324,2026-03-04T02:23:15Z,106.2,DEM224,B738,VTBS,VTSP,258,204,673,1
DEM224_VTBS_VTSP_2026-03-04 02:11,12.95588,100.44583,2026-03-04T02:23:30Z,107.9,DEM224,B738,VTBS,VTSP,258,204,674,1
DEM224_VTBS_VTSP_2026-03-04 02:11,12.93931,100.43841,2026-03-04T02:23:45Z,109.5,DEM224,B738,VTBS,VTSP,259,204,674,1
DEM224_VTBS_VTSP_2026-03-04 02:11,12.92273,100.43098,2026-03-04T02:24:00Z,111.2,DEM224,B738,VTBS,VTSP,259,204,675,1
DEM224_VTBS_VTSP_2026-03-04 02:11,12.90613,100.42355,2026-03-04T02:24:15Z,112.9,DEM224,B738,VTBS,VTSP,259,204,675,1
DEM224_VTBS_VTSP_2026-03-04 02:11,12.88952,100.41612,2026-03-04T02:24:30Z,114.6,DEM224,B738,VTBS,VTSP,260,204,676,1
DEM224_VTBS_VTSP_2026-03-04 02:11,12.87291,100.40868,2026-03-04T02:24:45Z,116.3,DEM224,B738,VTBS,VTSP,260,204,676,1
DEM224_VTBS_VTSP_2026-03-04 02:11,12.85628,100.40124,2026-03-04T02:25:00Z,118.0,DEM224,B738,VTBS,VTSP,260,204,677,1
DEM224_VTBS_VTSP_2026-03-04 02:11,12.83963,100.3938,2026-03-04T02:25:15Z,119.7,DEM224,B738,VTBS,VTSP,261,204,677,1
DEM224_VTBS_VTSP_2026-03-04 02:11,12.82298,100.38635,2026-03-04T02:25:30Z,121.4,DEM224,B738,VTBS,VTSP,261,204,678,1
DEM224_VTBS_VTSP_2026-03-04 02:11,12.80632,100.37889,2026-03-04T02:25:45Z,123.1,DEM224,B738,VTBS,VTSP,262,204,678,1
DEM224_VTBS_VTSP_2026-03-04 02:11,12.78964,100.37143,2026-03-04T02:26:00Z,124.8,DEM224,B738,VTBS,VTSP,262,204,679,1
DEM224_VTBS_VTSP_2026-03-04 02:11,12.77295,100.36397,2026-03-04T02:26:15Z,126.5,DEM224,B738,VTBS,VTSP,262,204,679,1
DEM224_VTBS_VTSP_2026-03-04 02:11,12.75625,100.3565,2026-03-04T02:26:30Z,128.2,DEM224,B738,VTBS,VTSP,263,204,679,1
DEM224_VTBS_VTSP_2026-03-04 02:11,12.73934,100.34895,2026-03-04T02:26:45Z,129.9,DEM224,B738,VTBS,VTSP,263,204,688,1
DEM224_VTBS_VTSP_2026-03-04 02:11,12.72237,100.34136,2026-03-04T02:27:00Z,131.6,DEM224,B738,VTBS,VTSP,263,204,691,1
DEM224_VTBS_VTSP_2026-03-04 02:11,12.70538,100.33377,2026-03-04T02:27:15Z,133.3,DEM224,B738,VTBS,VTSP,264,204,691,1
DEM224_VTBS_VTSP_2026-03-04 02:11,12.68838,100.32617,2026-03-04T02:27:30Z,135.1,DEM224,B738,VTBS,VTSP,264,204,692,1
DEM224_VTBS_VTSP_2026-03-04 02:11,12.67137,100.31858,2026-03-04T02:27:45Z,136.8,DEM224,B738,VTBS,VTSP,265,204,692,1
DEM224_VTBS_VTSP_2026-03-04 02:11,12.65435,100.31097,2026-03-04T02:28:00Z,138.5,DEM224,B738,VTBS,VTSP,265,204,693,1
DEM224_VTBS_VTSP_2026-03-04 02:11,12.63732,100.30336,2026-03-04T02:28:15Z,140.3,DEM224,B738,VTBS,VTSP,265,204,693,1
DEM224_VTBS_VTSP_2026-03-04 02:11,12.62027,100.29575,2026-03-04T02:28:30Z,142.0,DEM224,B738,VTBS,VTSP,266,204,693,1
DEM224_VTBS_VTSP_2026-03-04 02:11,12.60321,100.28814,2026-03-04T02:28:45Z,143.7,DEM224,B738,VTBS,VTSP,266,204,694,1
DEM224_VTBS_VTSP_2026-03-04 02:11,12.58614,100.28051,2026-03-04T02:29:00Z,145.5,DEM224,B738,VTBS,VTSP,266,204,694,1
DEM224_VTBS_VTSP_2026-03-04 02:11,12.56906,100.27289,2026-03-04T02:29:15Z,147.2,DEM224,B738,VTBS,VTSP,267,204,695,1
DEM224_VTBS_VTSP_2026-03-04 02:11,12.55197,100.26526,2026-03-04T02:29:30Z,149.0,DEM224,B738,VTBS,VTSP,267,204,695,1
DEM224_VTBS_VTSP_2026-03-04 02:11,12.53486,100.25763,2026-03-04T02:29:45Z,150.7,DEM224,B738,VTBS,VTSP,267,204,696,1
DEM224_VTBS_VTSP_2026-03-04 02:11,12.51774,100.24999,2026-03-04T02:30:00Z,152.4,DEM224,B738,VTBS,VTSP,268,204,696,1
DEM224_VTBS_VTSP_2026-03-04 02:11,12.50061,100.24235,2026-03-04T02:30:15Z,154.2,DEM224,B738,VTBS,VTSP,268,204,697,1
DEM224_VTBS_VTSP_2026-03-04 02:11,12.48347,100.2347,2026-03-04T02:30:30Z,155.9,DEM224,B738,VTBS,VTSP,269,204,697,1
DEM224_VTBS_VTSP_2026-03-04 02:11,12.46632,100.22705,2026-03-04T02:30:45Z,157.7,DEM224,B738,VTBS,VTSP,269,204,698,1
DEM224_VTBS_VTSP_2026-03-04 02:11,12.44915,100.2194,2026-03-04T02:31:00Z,159.4,DEM224,B738,VTBS,VTSP,269,204,698,1
DEM224_VTBS_VTSP_2026-03-04 02:11,12.43197,100.21174,2026-03-04T02:31:15Z,161.2,DEM224,B738,VTBS,VTSP,270,204,699,1
DEM224_VTBS_VTSP_2026-03-04 02:11,12.41478,100.20407,2026-03-04T02:31:30Z,162.9,DEM224,B738,VTBS,VTSP,270,204,699,1
DEM224_VTBS_VTSP_2026-03-04 02:11,12.39758,100.19641,2026-03-04T02:31:45Z,164.7,DEM224,B738,VTBS,VTSP,270,204,700,1
DEM224_VTBS_VTSP_2026-03-04 02:11,12.38022,100.18867,2026-03-04T02:32:00Z,166.4,DEM224,B738,VTBS,VTSP,271,204,706,1
DEM224_VTBS_VTSP_2026-03-04 02:11,12.36275,100.18088,2026-03-04T02:32:15Z,168.2,DEM224,B738,VTBS,VTSP,271,204,711,1
DEM224_VTBS_VTSP_2026-03-04 02:11,12.34526,100.17309,2026-03-04T02:32:30Z,170.0,DEM224,B738,VTBS,VTSP,272,204,711,1
DEM224_VTBS_VTSP_2026-03-04 02:11,12.32775,100.1653,2026-03-04T02:32:45Z,171.8,DEM224,B738,VTBS,VTSP,272,204,712,1
DEM224_VTBS_VTSP_2026-03-04 02:11,12.31024,100.1575,2026-03-04T02:33:00Z,173.6,DEM224,B738,VTBS,VTSP,272,204,712,1
DEM224_VTBS_VTSP_2026-03-04 02:11,12.29271,100.14969,2026-03-04T02:33:15Z,175.3,DEM224,B738,VTBS,VTSP,273,204,713,1
DEM224_VTBS_VTSP_2026-03-04 02:11,12.27517,100.14188,2026-03-04T02:33:30Z,177.1,DEM224,B738,VTBS,VTSP,273,204,713,1
DEM224_VTBS_VTSP_2026-03-04 02:11,12.25762,100.13407,2026-03-04T02:33:45Z,178.9,DEM224,B738,VTBS,VTSP,273,204,714,1
DEM224_VTBS_VTSP_2026-03-04 02:11,12.24006,100.12625,2026-03-04T02:34:00Z,180.7,DEM224,B738,VTBS,VTSP,274,204,714,1
DEM224_VTBS_VTSP_2026-03-04 02:11,12.22248,100.11843,2026-03-04T02:34:15Z,182.5,DEM224,B738,VTBS,VTSP,274,204,715,1
DEM224_VTBS_VTSP_2026-03-04 02:11,12.20489,100.1106,2026-03-04T02:34:30Z,184.3,DEM224,B738,VTBS,VTSP,275,204,715,1
DEM224_VTBS_VTSP_2026-03-04 02:11,12.18729,100.10277,2026-03-04T02:34:45Z,186.1,DEM224,B738,VTBS,VTSP,275,204,716,1
DEM224_VTBS_VTSP_2026-03-04 02:11,12.16968,100.09493,2026-03-04T02:35:00Z,187.9,DEM224,B738,VTBS,VTSP,275,204,716,1
DEM224_VTBS_VTSP_2026-03-04 02:11,12.15205,100.08709,2026-03-04T02:35:15Z,189.7,DEM224,B738,VTBS,VTSP,276,203,717,1
DEM224_VTBS_VTSP_2026-03-04 02:11,12.13442,100.07925,2026-03-04T02:35:30Z,191.5,DEM224,B738,VTBS,VTSP,276,203,717,1
DEM224_VTBS_VTSP_2026-03-04 02:11,12.11676,100.0714,2026-03-04T02:35:45Z,193.2,DEM224,B738,VTBS,VTSP,277,203,718,1
DEM224_VTBS_VTSP_2026-03-04 02:11,12.0991,100.06355,2026-03-04T02:36:00Z,195.0,DEM224,B738,VTBS,VTSP,277,203,718,1
DEM224_VTBS_VTSP_2026-03-04 02:11,12.08143,100.05569,2026-03-04T02:36:15Z,196.8,DEM224,B738,VTBS,VTSP,277,203,719,1
DEM224_VTBS_VTSP_2026-03-04 02:11,12.06374,100.04783,2026-03-04T02:36:30Z,198.6,DEM224,B738,VTBS,VTSP,278,203,719,1
DEM224_VTBS_VTSP_2026-03-04 02:11,12.04604,100.03996,2026-03-04T02:36:45Z,200.4,DEM224,B738,VTBS,VTSP,278,203,720,1
DEM224_VTBS_VTSP_2026-03-04 02:11,12.02833,100.03209,2026-03-04T02:37:00Z,202.2,DEM224,B738,VTBS,VTSP,278,203,720,1
DEM224_VTBS_VTSP_2026-03-04 02:11,12.01037,100.02411,2026-03-04T02:37:15Z,204.1,DEM224,B738,VTBS,VTSP,279,203,730,1
DEM224_VTBS_VTSP_2026-03-04 02:11,11.99238,100.01612,2026-03-04T02:37:30Z,205.9,DEM224,B738,VTBS,VTSP,279,203,731,1
DEM224_VTBS_VTSP_2026-03-04 02:11,11.97438,100.00812,2026-03-04T02:37:45Z,207.7,DEM224,B738,VTBS,VTSP,280,203,732,1
DEM224_VTBS_VTSP_2026-03-04 02:11,11.95636,100.00012,2026-03-04T02:38:00Z,209.6,DEM224,B738,VTBS,VTSP,280,203,732,1
DEM224_VTBS_VTSP_2026-03-04 02:11,11.93834,99.99212,2026-03-04T02:38:15Z,211.4,DEM224,B738,VTBS,VTSP,280,203,733,1
DEM224_VTBS_VTSP_2026-03-04 02:11,11.9203,99.98411,2026-03-04T02:38:30Z,213.2,DEM224,B738,VTBS,VTSP,281,203,734,1
DEM224_VTBS_VTSP_2026-03-04 02:11,11.90225,99.9761,2026-03-04T02:38:45Z,215.1,DEM224,B738,VTBS,VTSP,281,203,734,1
DEM224_VTBS_VTSP_2026-03-04 02:11,11.88418,99.96808,2026-03-04T02:39:00Z,216.9,DEM224,B738,VTBS,VTSP,282,203,735,1
DEM224_VTBS_VTSP_2026-03-04 02:11,11.86611,99.96006,2026-03-04T02:39:15Z,218.7,DEM224,B738,VTBS,VTSP,282,203,735,1
DEM224_VTBS_VTSP_2026-03-04 02:11,11.84802,99.95203,2026-03-04T02:39:30Z,220.6,DEM224,B738,VTBS,VTSP,282,203,736,1
DEM224_VTBS_VTSP_2026-03-04 02:11,11.82991,99.944,2026-03-04T02:39:45Z,222.4,DEM224,B738,VTBS,VTSP,283,203,736,1
DEM224_VTBS_VTSP_2026-03-04 02:11,11.8118,99.93597,2026-03-04T02:40:00Z,224.3,DEM224,B738,VTBS,VTSP,283,203,737,1
DEM224_VTBS_VTSP_2026-03-04 02:11,11.79367,99.92793,2026-03-04T02:40:15Z,226.1,DEM224,B738,VTBS,VTSP,284,203,737,1
DEM224_VTBS_VTSP_2026-03-04 02:11,11.77553,99.91988,2026-03-04T02:40:30Z,228.0,DEM224,B738,VTBS,VTSP,284,203,738,1
DEM224_VTBS_VTSP_2026-03-04 02:11,11.75738,99.91183,2026-03-04T02:40:45Z,229.8,DEM224,B738,VTBS,VTSP,284,203,738,1
DEM224_VTBS_VTSP_2026-03-04 02:11,11.73921,99.90378,2026-03-04T02:41:00Z,231.7,DEM224,B738,VTBS,VTSP,285,203,739,1
DEM224_VTBS_VTSP_2026-03-04 02:11,11.72103,99.89572,2026-03-04T02:41:15Z,233.5,DEM224,B738,VTBS,VTSP,285,203,739,1
DEM224_VTBS_VTSP_2026-03-04 02:11,11.70284,99.88766,2026-03-04T02:41:30Z,235.4,DEM224,B738,VTBS,VTSP,286,203,740,1
DEM224_VTBS_VTSP_2026-03-04 02:11,11.68463,99.87959,2026-03-04T02:41:45Z,237.2,DEM224,B738,VTBS,VTSP,286,203,740,1
DEM224_VTBS_VTSP_2026-03-04 02:11,11.66642,99.87152,2026-03-04T02:42:00Z,239.1,DEM224,B738,VTBS,VTSP,286,203,741,1
DEM224_VTBS_VTSP_2026-03-04 02:11,11.64797,99.86334,2026-03-04T02:42:15Z,240.9,DEM224,B738,VTBS,VTSP,287,203,750,1
DEM224_VTBS_VTSP_2026-03-04 02:11,11.62947,99.85515,2026-03-04T02:42:30Z,242.8,DEM224,B738,VTBS,VTSP,287,203,752,1
DEM224_VTBS_VTSP_2026-03-04 02:11,11.61096,99.84696,2026-03-04T02:42:45Z,244.7,DEM224,B738,VTBS,VTSP,288,203,752,1
DEM224_VTBS_VTSP_2026-03-04 02:11,11.59244,99.83876,2026-03-04T02:43:00Z,246.6,DEM224,B738,VTBS,VTSP,288,203,753,1
DEM224_VTBS_VTSP_2026-03-04 02:11,11.57391,99.83055,2026-03-04T02:43:15Z,248.5,DEM224,B738,VTBS,VTSP,288,203,753,1
DEM224_VTBS_VTSP_2026-03-04 02:11,11.55537,99.82234,2026-03-04T02:43:30Z,250.4,DEM224,B738,VTBS,VTSP,289,203,754,1
DEM224_VTBS_VTSP_2026-03-04 02:11,11.53681,99.81413,2026-03-04T02:43:45Z,252.2,DEM224,B738,VTBS,VTSP,289,203,754,1
DEM224_VTBS_VTSP_2026-03-04 02:11,11.51823,99.80591,2026-03-04T02:44:00Z,254.1,DEM224,B738,VTBS,VTSP,290,203,755,1
DEM224_VTBS_VTSP_2026-03-04 02:11,11.49965,99.79768,2026-03-04T02:44:15Z,256.0,DEM224,B738,VTBS,VTSP,290,203,756,1
DEM224_VTBS_VTSP_2026-03-04 02:11,11.48105,99.78945,2026-03-04T02:44:30Z,257.9,DEM224,B738,VTBS,VTSP,290,203,756,1
DEM224_VTBS_VTSP_2026-03-04 02:11,11.46244,99.78122,2026-03-04T02:44:45Z,259.8,DEM224,B738,VTBS,VTSP,291,203,757,1
DEM224_VTBS_VTSP_2026-03-04 02:11,11.44382,99.77298,2026-03-04T02:45:00Z,261.7,DEM224,B738,VTBS,VTSP,291,203,757,1
DEM224_VTBS_VTSP_2026-03-04 02:11,11.42518,99.76474,2026-03-04T02:45:15Z,263.6,DEM224,B738,VTBS,VTSP,292,203,758,1
DEM224_VTBS_VTSP_2026-03-04 02:11,11.40653,99.75649,2026-03-04T02:45:30Z,265.5,DEM224,B738,VTBS,VTSP,292,203,758,1
DEM224_VTBS_VTSP_2026-03-04 02:11,11.38786,99.74824,2026-03-04T02:45:45Z,267.4,DEM224,B738,VTBS,VTSP,292,203,759,1
DEM224_VTBS_VTSP_2026-03-04 02:11,11.36919,99.73999,2026-03-04T02:46:00Z,269.3,DEM224,B738,VTBS,VTSP,293,203,759,1
DEM224_VTBS_VTSP_2026-03-04 02:11,11.3505,99.73173,2026-03-04T02:46:15Z,271.2,DEM224,B738,VTBS,VTSP,293,203,760,1
DEM224_VTBS_VTSP_2026-03-04 02:11,11.33179,99.72346,2026-03-04T02:46:30Z,273.1,DEM224,B738,VTBS,VTSP,294,203,760,1
DEM224_VTBS_VTSP_2026-03-04 02:11,11.31308,99.71519,2026-03-04T02:46:45Z,275.0,DEM224,B738,VTBS,VTSP,294,203,761,1
DEM224_VTBS_VTSP_2026-03-04 02:11,11.29425,99.70687,2026-03-04T02:47:00Z,276.9,DEM224,B738,VTBS,VTSP,294,203,765,1
DEM224_VTBS_VTSP_2026-03-04 02:11,11.27526,99.69849,2026-03-04T02:47:15Z,278.8,DEM224,B738,VTBS,VTSP,295,203,772,1
DEM224_VTBS_VTSP_2026-03-04 02:11,11.25625,99.69009,2026-03-04T02:47:30Z,280.8,DEM224,B738,VTBS,VTSP,295,203,773,1
DEM224_VTBS_VTSP_2026-03-04 02:11,11.23723,99.68169,2026-03-04T02:47:45Z,282.7,DEM224,B738,VTBS,VTSP,296,203,773,1
DEM224_VTBS_VTSP_2026-03-04 02:11,11.2182,99.67329,2026-03-04T02:48:00Z,284.6,DEM224,B738,VTBS,VTSP,296,203,774,1
DEM224_VTBS_VTSP_2026-03-04 02:11,11.19915,99.66488,2026-03-04T02:48:15Z,286.6,DEM224,B738,VTBS,VTSP,296,203,774,1
DEM224_VTBS_VTSP_2026-03-04 02:11,11.18009,99.65647,2026-03-04T02:48:30Z,288.5,DEM224,B738,VTBS,VTSP,297,203,775,1
DEM224_VTBS_VTSP_2026-03-04 02:11,11.16102,99.64805,2026-03-04T02:48:45Z,290.5,DEM224,B738,VTBS,VTSP,297,203,775,1
DEM224_VTBS_VTSP_2026-03-04 02:11,11.14193,99.63962,2026-03-04T02:49:00Z,292.4,DEM224,B738,VTBS,VTSP,298,203,776,1
DEM224_VTBS_VTSP_2026-03-04 02:11,11.12283,99.6312,2026-03-04T02:49:15Z,294.3,DEM224,B738,VTBS,VTSP,298,203,776,1
DEM224_VTBS_VTSP_2026-03-04 02:11,11.10372,99.62276,2026-03-04T02:49:30Z,296.3,DEM224,B738,VTBS,VTSP,299,203,777,1
DEM224_VTBS_VTSP_2026-03-04 02:11,11.08459,99.61433,2026-03-04T02:49:45Z,298.2,DEM224,B738,VTBS,VTSP,299,203,777,1
DEM224_VTBS_VTSP_2026-03-04 02:11,11.06545,99.60589,2026-03-04T02:50:00Z,300.2,DEM224,B738,VTBS,VTSP,299,203,778,1
DEM224_VTBS_VTSP_2026-03-04 02:11,11.0463,99.59744,2026-03-04T02:50:15Z,302.1,DEM224,B738,VTBS,VTSP,300,203,778,1
DEM224_VTBS_VTSP_2026-03-04 02:11,11.02713,99.58899,2026-03-04T02:50:30Z,304.1,DEM224,B738,VTBS,VTSP,300,203,779,1
DEM224_VTBS_VTSP_2026-03-04 02:11,11.00795,99.58053,2026-03-04T02:50:45Z,306.0,DEM224,B738,VTBS,VTSP,301,203,780,1
DEM224_VTBS_VTSP_2026-03-04 02:11,10.98875,99.57207,2026-03-04T02:51:00Z,308.0,DEM224,B738,VTBS,VTSP,301,203,780,1
DEM224_VTBS_VTSP_2026-03-04 02:11,10.96954,99.56361,2026-03-04T02:51:15Z,309.9,DEM224,B738,VTBS,VTSP,301,203,781,1
DEM224_VTBS_VTSP_2026-03-04 02:11,10.95032,99.55514,2026-03-04T02:51:30Z,311.9,DEM224,B738,VTBS,VTSP,302,203,781,1
DEM224_VTBS_VTSP_2026-03-04 02:11,10.93099,99.54662,2026-03-04T02:51:45Z,313.8,DEM224,B738,VTBS,VTSP,302,203,786,1
DEM224_VTBS_VTSP_2026-03-04 02:11,10.91149,99.53803,2026-03-04T02:52:00Z,315.8,DEM224,B738,VTBS,VTSP,303,203,792,1
DEM224_VTBS_VTSP_2026-03-04 02:11,10.89198,99.52944,2026-03-04T02:52:15Z,317.8,DEM224,B738,VTBS,VTSP,303,203,793,1
DEM224_VTBS_VTSP_2026-03-04 02:11,10.87245,99.52084,2026-03-04T02:52:30Z,319.8,DEM224,B738,VTBS,VTSP,304,203,794,1
DEM224_VTBS_VTSP_2026-03-04 02:11,10.85291,99.51223,2026-03-04T02:52:45Z,321.8,DEM224,B738,VTBS,VTSP,304,203,794,1
DEM224_VTBS_VTSP_2026-03-04 02:11,10.83336,99.50362,2026-03-04T02:53:00Z,323.8,DEM224,B738,VTBS,VTSP,304,203,795,1
DEM224_VTBS_VTSP_2026-03-04 02:11,10.81379,99.49501,2026-03-04T02:53:15Z,325.8,DEM224,B738,VTBS,VTSP,305,203,795,1
DEM224_VTBS_VTSP_2026-03-04 02:11,10.79421,99.48639,2026-03-04T02:53:30Z,327.7,DEM224,B738,VTBS,VTSP,305,203,796,1
DEM224_VTBS_VTSP_2026-03-04 02:11,10.77461,99.47776,2026-03-04T02:53:45Z,329.7,DEM224,B738,VTBS,VTSP,306,203,796,1
DEM224_VTBS_VTSP_2026-03-04 02:11,10.755,99.46914,2026-03-04T02:54:00Z,331.7,DEM224,B738,VTBS,VTSP,306,203,797,1
DEM224_VTBS_VTSP_2026-03-04 02:11,10.73538,99.4605,2026-03-04T02:54:15Z,333.7,DEM224,B738,VTBS,VTSP,307,203,797,1
DEM224_VTBS_VTSP_2026-03-04 02:11,10.71574,99.45186,2026-03-04T02:54:30Z,335.7,DEM224,B738,VTBS,VTSP,307,203,798,1
DEM224_VTBS_VTSP_2026-03-04 02:11,10.69609,99.44322,2026-03-04T02:54:45Z,337.7,DEM224,B738,VTBS,VTSP,307,203,798,1
DEM224_VTBS_VTSP_2026-03-04 02:11,10.67643,99.43457,2026-03-04T02:55:00Z,339.7,DEM224,B738,VTBS,VTSP,308,203,799,1
DEM224_VTBS_VTSP_2026-03-04 02:11,10.65675,99.42592,2026-03-04T02:55:15Z,341.7,DEM224,B738,VTBS,VTSP,308,203,800,1
DEM224_VTBS_VTSP_2026-03-04 02:11,10.63706,99.41726,2026-03-04T02:55:30Z,343.7,DEM224,B738,VTBS,VTSP,309,203,800,1
DEM224_VTBS_VTSP_2026-03-04 02:11,10.61735,99.4086,2026-03-04T02:55:45Z,345.7,DEM224,B738,VTBS,VTSP,309,203,801,1
DEM224_VTBS_VTSP_2026-03-04 02:11,10.59763,99.39993,2026-03-04T02:56:00Z,347.7,DEM224,B738,VTBS,VTSP,310,203,801,1
DEM224_VTBS_VTSP_2026-03-04 02:11,10.5779,99.39126,2026-03-04T02:56:15Z,349.7,DEM224,B738,VTBS,VTSP,310,203,802,1
SMP310_VTBS_WSSS_2026-03-04 02:18,13.70019,100.73845,2026-03-04T02:18:00Z,0.0,SMP310,A333,VTBS,WSSS,10,194,0,0
SMP310_VTBS_WSSS_2026-03-04 02:18,13.69716,100.73765,2026-03-04T02:18:15Z,0.0,SMP310,A333,VTBS,WSSS,36,0,0,0
SMP310_VTBS_WSSS_2026-03-04 02:18,13.69325,100.73662,2026-03-04T02:18:30Z,0.0,SMP310,A333,VTBS,WSSS,70,0,0,0
SMP310_VTBS_WSSS_2026-03-04 02:18,13.68639,100.73482,2026-03-04T02:18:45Z,0.0,SMP310,A333,VTBS,WSSS,110,194,0,0
SMP310_VTBS_WSSS_2026-03-04 02:18,13.67746,100.73247,2026-03-04T02:19:00Z,0.0,SMP310,A333,VTBS,WSSS,147,194,0,0
SMP310_VTBS_WSSS_2026-03-04 02:18,13.66675,100.72966,2026-03-04T02:19:15Z,0.8,SMP310,A333,VTBS,WSSS,173,194,316,1
SMP310_VTBS_WSSS_2026-03-04 02:18,13.65431,100.72639,2026-03-04T02:19:30Z,4.3,SMP310,A333,VTBS,WSSS,192,194,1418,1
SMP310_VTBS_WSSS_2026-03-04 02:18,13.64124,100.72296,2026-03-04T02:19:45Z,8.1,SMP310,A333,VTBS,WSSS,197,194,1489,1
SMP310_VTBS_WSSS_2026-03-04 02:18,13.62782,100.71943,2026-03-04T02:20:00Z,11.9,SMP310,A333,VTBS,WSSS,202,194,1530,1
SMP310_VTBS_WSSS_2026-03-04 02:18,13.61409,100.71582,2026-03-04T02:20:15Z,15.8,SMP310,A333,VTBS,WSSS,207,194,1565,1
SMP310_VTBS_WSSS_2026-03-04 02:18,13.59998,100.71212,2026-03-04T02:20:30Z,19.8,SMP310,A333,VTBS,WSSS,212,194,1608,1
SMP310_VTBS_WSSS_2026-03-04 02:18,13.58554,100.70832,2026-03-04T02:20:45Z,23.9,SMP310,A333,VTBS,WSSS,218,194,1646,1
SMP310_VTBS_WSSS_2026-03-04 02:18,13.57071,100.70443,2026-03-04T02:21:00Z,28.2,SMP310,A333,VTBS,WSSS,223,194,1690,1
SMP310_VTBS_WSSS_2026-03-04 02:18,13.55553,100.70044,2026-03-04T02:21:15Z,32.5,SMP310,A333,VTBS,WSSS,229,194,1730,1
SMP310_VTBS_WSSS_2026-03-04 02:18,13.53994,100.69635,2026-03-04T02:21:30Z,36.9,SMP310,A333,VTBS,WSSS,235,194,1777,1
SMP310_VTBS_WSSS_2026-03-04 02:18,13.52398,100.69216,2026-03-04T02:21:45Z,41.5,SMP310,A333,VTBS,WSSS,241,194,1820,1
SMP310_VTBS_WSSS_2026-03-04 02:18,13.5076,100.68786,2026-03-04T02:22:00Z,46.2,SMP310,A333,VTBS,WSSS,247,194,1866,1
SMP310_VTBS_WSSS_2026-03-04 02:18,13.491,100.68351,2026-03-04T02:22:15Z,50.9,SMP310,A333,VTBS,WSSS,247,194,1892,1
SMP310_VTBS_WSSS_2026-03-04 02:18,13.47436,100.68085,2026-03-04T02:22:30Z,55.1,SMP310,A333,VTBS,WSSS,247,165,1670,1
SMP310_VTBS_WSSS_2026-03-04 02:18,13.45757,100.6856,2026-03-04T02:22:45Z,56.8,SMP310,A333,VTBS,WSSS,247,165,694,1
SMP310_VTBS_WSSS_2026-03-04 02:18,13.44076,100.69036,2026-03-04T02:23:00Z,58.5,SMP310,A333,VTBS,WSSS,248,165,694,1
SMP310_VTBS_WSSS_2026-03-04 02:18,13.42395,100.69512,2026-03-04T02:23:15Z,60.3,SMP310,A333,VTBS,WSSS,248,165,695,1
SMP310_VTBS_WSSS_2026-03-04 02:18,13.40712,100.69988,2026-03-04T02:23:30Z,62.0,SMP310,A333,VTBS,WSSS,248,165,695,1
SMP310_VTBS_WSSS_2026-03-04 02:18,13.39028,100.70465,2026-03-04T02:23:45Z,63.8,SMP310,A333,VTBS,WSSS,249,165,695,1
SMP310_VTBS_WSSS_2026-03-04 02:18,13.37343,100.70942,2026-03-04T02:24:00Z,65.5,SMP310,A333,VTBS,WSSS,249,165,696,1
SMP310_VTBS_WSSS_2026-03-04 02:18,13.35657,100.71419,2026-03-04T02:24:15Z,67.2,SMP310,A333,VTBS,WSSS,249,165,696,1
SMP310_VTBS_WSSS_2026-03-04 02:18,13.3397,100.71896,2026-03-04T02:24:30Z,69.0,SMP310,A333,VTBS,WSSS,250,165,697,1
SMP310_VTBS_WSSS_2026-03-04 02:18,13.32281,100.72374,2026-03-04T02:24:45Z,70.7,SMP310,A333,VTBS,WSSS,250,165,697,1
SMP310_VTBS_WSSS_2026-03-04 02:18,13.30592,100.72852,2026-03-04T02:25:00Z,72.5,SMP310,A333,VTBS,WSSS,251,165,698,1
SMP310_VTBS_WSSS_2026-03-04 02:18,13.28901,100.7333,2026-03-04T02:25:15Z,74.2,SMP310,A333,VTBS,WSSS,251,165,698,1
SMP310_VTBS_WSSS_2026-03-04 02:18,13.27209,100.73808,2026-03-04T02:25:30Z,76.0,SMP310,A333,VTBS,WSSS,251,165,699,1
SMP310_VTBS_WSSS_2026-03-04 02:18,13.25515,100.74287,2026-03-04T02:25:45Z,77.7,SMP310,A333,VTBS,WSSS,252,165,699,1
SMP310_VTBS_WSSS_2026-03-04 02:18,13.23821,100.74766,2026-03-04T02:26:00Z,79.5,SMP310,A333,VTBS,WSSS,252,165,700,1
SMP310_VTBS_WSSS_2026-03-04 02:18,13.22125,100.75245,2026-03-04T02:26:15Z,81.2,SMP310,A333,VTBS,WSSS,252,165,700,1
SMP310_VTBS_WSSS_2026-03-04 02:18,13.20429,100.75724,2026-03-04T02:26:30Z,83.0,SMP310,A333,VTBS,WSSS,253,165,701,1
SMP310_VTBS_WSSS_2026-03-04 02:18,13.18731,100.76204,2026-03-04T02:26:45Z,84.7,SMP310,A333,VTBS,WSSS,253,165,701,1
SMP310_VTBS_WSSS_2026-03-04 02:18,13.17032,100.76684,2026-03-04T02:27:00Z,86.5,SMP310,A333,VTBS,WSSS,253,165,702,1
SMP310_VTBS_WSSS_2026-03-04 02:18,13.15331,100.77164,2026-03-04T02:27:15Z,88.2,SMP310,A333,VTBS,WSSS,254,165,702,1
SMP310_VTBS_WSSS_2026-03-04 02:18,13.1363,100.77645,2026-03-04T02:27:30Z,90.0,SMP310,A333,VTBS,WSSS,254,165,703,1
SMP310_VTBS_WSSS_2026-03-04 02:18,13.11927,100.78126,2026-03-04T02:27:45Z,91.8,SMP310,A333,VTBS,WSSS,254,165,703,1
SMP310_VTBS_WSSS_2026-03-04 02:18,13.10223,100.78607,2026-03-04T02:28:00Z,93.5,SMP310,A333,VTBS,WSSS,255,165,704,1
SMP310_VTBS_WSSS_2026-03-04 02:18,13.08501,100.79093,2026-03-04T02:28:15Z,95.3,SMP310,A333,VTBS,WSSS,255,165,711,1
SMP310_VTBS_WSSS_2026-03-04 02:18,13.06769,100.79582,2026-03-04T02:28:30Z,97.1,SMP310,A333,VTBS,WSSS,255,165,716,1
SMP310_VTBS_WSSS_2026-03-04 02:18,13.05035,100.80071,2026-03-04T02:28:45Z,98.9,SMP310,A333,VTBS,WSSS,256,165,716,1
SMP310_VTBS_WSSS_2026-03-04 02:18,13.033,100.80561,2026-03-04T02:29:00Z,100.7,SMP310,A333,VTBS,WSSS,256,165,717,1
SMP310_VTBS_WSSS_2026-03-04 02:18,13.01563,100.81051,2026-03-04T02:29:15Z,102.5,SMP310,A333,VTBS,WSSS,257,165,717,1
SMP310_VTBS_WSSS_2026-03-04 02:18,12.99826,100.81541,2026-03-04T02:29:30Z,104.3,SMP310,A333,VTBS,WSSS,257,165,718,1
SMP310_VTBS_WSSS_2026-03-04 02:18,12.98087,100.82031,2026-03-04T02:29:45Z,106.1,SMP310,A333,VTBS,WSSS,257,165,718,1
SMP310_VTBS_WSSS_2026-03-04 02:18,12.96348,100.82522,2026-03-04T02:30:00Z,107.8,SMP310,A333,VTBS,WSSS,258,165,719,1
SMP310_VTBS_WSSS_2026-03-04 02:18,12.94606,100.83013,2026-03-04T02:30:15Z,109.6,SMP310,A333,VTBS,WSSS,258,165,719,1
SMP310_VTBS_WSSS_2026-03-04 02:18,12.92864,100.83504,2026-03-04T02:30:30Z,111.4,SMP310,A333,VTBS,WSSS,258,165,720,1
SMP310_VTBS_WSSS_2026-03-04 02:18,12.91121,100.83995,2026-03-04T02:30:45Z,113.2,SMP310,A333,VTBS,WSSS,259,165,720,1
SMP310_VTBS_WSSS_2026-03-04 02:18,12.89376,100.84487,2026-03-04T02:31:00Z,115.1,SMP310,A333,VTBS,WSSS,259,165,721,1
SMP310_VTBS_WSSS_2026-03-04 02:18,12.8763,100.84979,2026-03-04T02:31:15Z,116.9,SMP310,A333,VTBS,WSSS,259,165,721,1
SMP310_VTBS_WSSS_2026-03-04 02:18,12.85883,100.85471,2026-03-04T02:31:30Z,118.7,SMP310,A333,VTBS,WSSS,260,165,722,1
SMP310_VTBS_WSSS_2026-03-04 02:18,12.84135,100.85964,2026-03-04T02:31:45Z,120.5,SMP310,A333,VTBS,WSSS,260,165,722,1
SMP310_VTBS_WSSS_2026-03-04 02:18,12.82385,100.86457,2026-03-04T02:32:00Z,122.3,SMP310,A333,VTBS,WSSS,260,165,723,1
SMP310_VTBS_WSSS_2026-03-04 02:18,12.80634,100.8695,2026-03-04T02:32:15Z,124.1,SMP310,A333,VTBS,WSSS,261,165,723,1
SMP310_VTBS_WSSS_2026-03-04 02:18,12.78882,100.87443,2026-03-04T02:32:30Z,125.9,SMP310,A333,VTBS,WSSS,261,165,724,1
SMP310_VTBS_WSSS_2026-03-04 02:18,12.77129,100.87937,2026-03-04T02:32:45Z,127.7,SMP310,A333,VTBS,WSSS,262,165,724,1
SMP310_VTBS_WSSS_2026-03-04 02:18,12.75375,100.88431,2026-03-04T02:33:00Z,129.5,SMP310,A333,VTBS,WSSS,262,165,725,1
SMP310_VTBS_WSSS_2026-03-04 02:18,12.73619,100.88925,2026-03-04T02:33:15Z,131.3,SMP310,A333,VTBS,WSSS,262,165,725,1
SMP310_VTBS_WSSS_2026-03-04 02:18,12.71862,100.89419,2026-03-04T02:33:30Z,133.1,SMP310,A333,VTBS,WSSS,263,165,726,1
SMP310_VTBS_WSSS_2026-03-04 02:18,12.70084,100.8992,2026-03-04T02:33:45Z,135.0,SMP310,A333,VTBS,WSSS,263,165,734,1
SMP310_VTBS_WSSS_2026-03-04 02:18,12.68298,100.90422,2026-03-04T02:34:00Z,136.8,SMP310,A333,VTBS,WSSS,263,165,737,1
SMP310_VTBS_WSSS_2026-03-04 02:18,12.66511,100.90925,2026-03-04T02:34:15Z,138.7,SMP310,A333,VTBS,WSSS,264,165,738,1
SMP310_VTBS_WSSS_2026-03-04 02:18,12.64723,100.91428,2026-03-04T02:34:30Z,140.5,SMP310,A333,VTBS,WSSS,264,165,738,1
SMP310_VTBS_WSSS_2026-03-04 02:18,12.62933,100.91931,2026-03-04T02:34:45Z,142.4,SMP310,A333,VTBS,WSSS,265,165,739,1
SMP310_VTBS_WSSS_2026-03-04 02:18,12.61143,100.92435,2026-03-04T02:35:00Z,144.2,SMP310,A333,VTBS,WSSS,265,165,739,1
SMP310_VTBS_WSSS_2026-03-04 02:18,12.59351,100.92938,2026-03-04T02:35:15Z,146.1,SMP310,A333,VTBS,WSSS,265,165,740,1
SMP310_VTBS_WSSS_2026-03-04 02:18,12.57558,100.93443,2026-03-04T02:35:30Z,147.9,SMP310,A333,VTBS,WSSS,266,165,740,1
SMP310_VTBS_WSSS_2026-03-04 02:18,12.55763,100.93947,2026-03-04T02:35:45Z,149.8,SMP310,A333,VTBS,WSSS,266,165,741,1
SMP310_VTBS_WSSS_2026-03-04 02:18,12.53967,100.94451,2026-03-04T02:36:00Z,151.6,SMP310,A333,VTBS,WSSS,266,165,741,1
SMP310_VTBS_WSSS_2026-03-04 02:18,12.52171,100.94956,2026-03-04T02:36:15Z,153.5,SMP310,A333,VTBS,WSSS,267,165,742,1
SMP310_VTBS_WSSS_2026-03-04 02:18,12.50372,100.95462,2026-03-04T02:36:30Z,155.3,SMP310,A333,VTBS,WSSS,267,165,743,1
SMP310_VTBS_WSSS_2026-03-04 02:18,12.48573,100.95967,2026-03-04T02:36:45Z,157.2,SMP310,A333,VTBS,WSSS,267,165,743,1
SMP310_VTBS_WSSS_2026-03-04 02:18,12.46772,100.96473,2026-03-04T02:37:00Z,159.1,SMP310,A333,VTBS,WSSS,268,165,744,1
SMP310_VTBS_WSSS_2026-03-04 02:18,12.4497,100.96979,2026-03-04T02:37:15Z,160.9,SMP310,A333,VTBS,WSSS,268,165,744,1
SMP310_VTBS_WSSS_2026-03-04 02:18,12.43167,100.97485,2026-03-04T02:37:30Z,162.8,SMP310,A333,VTBS,WSSS,269,165,745,1
SMP310_VTBS_WSSS_2026-03-04 02:18,12.41363,100.97992,2026-03-04T02:37:45Z,164.7,SMP310,A333,VTBS,WSSS,269,165,745,1
SMP310_VTBS_WSSS_2026-03-04 02:18,12.39557,100.98499,2026-03-04T02:38:00Z,166.5,SMP310,A333,VTBS,WSSS,269,165,746,1
SMP310_VTBS_WSSS_2026-03-04 02:18,12.3775,100.99006,2026-03-04T02:38:15Z,168.4,SMP310,A333,VTBS,WSSS,270,165,746,1
SMP310_VTBS_WSSS_2026-03-04 02:18,12.35942,100.99513,2026-03-04T02:38:30Z,170.3,SMP310,A333,VTBS,WSSS,270,165,747,1
SMP310_VTBS_WSSS_2026-03-04 02:18,12.34132,101.00021,2026-03-04T02:38:45Z,172.1,SMP310,A333,VTBS,WSSS,270,165,747,1
SMP310_VTBS_WSSS_2026-03-04 02:18,12.32307,101.00533,2026-03-04T02:39:00Z,174.0,SMP310,A333,VTBS,WSSS,271,165,754,1
SMP310_VTBS_WSSS_2026-03-04 02:18,12.30469,101.01049,2026-03-04T02:39:15Z,175.9,SMP310,A333,VTBS,WSSS,271,165,759,1
SMP310_VTBS_WSSS_2026-03-04 02:18,12.28629,101.01564,2026-03-04T02:39:30Z,177.8,SMP310,A333,VTBS,WSSS,272,165,760,1
SMP310_VTBS_WSSS_2026-03-04 02:18,12.26788,101.02081,2026-03-04T02:39:45Z,179.7,SMP310,A333,VTBS,WSSS,272,165,760,1
SMP310_VTBS_WSSS_2026-03-04 02:18,12.24946,101.02597,2026-03-04T02:40:00Z,181.6,SMP310,A333,VTBS,WSSS,272,165,761,1
SMP310_VTBS_WSSS_2026-03-04 02:18,12.23103,101.03114,2026-03-04T02:40:15Z,183.5,SMP310,A333,VTBS,WSSS,273,165,761,1
SMP310_VTBS_WSSS_2026-03-04 02:18,12.21258,101.03631,2026-03-04T02:40:30Z,185.4,SMP310,A333,VTBS,WSSS,273,165,762,1
SMP310_VTBS_WSSS_2026-03-04 02:18,12.19412,101.04148,2026-03-04T02:40:45Z,187.3,SMP310,A333,VTBS,WSSS,273,165,762,1
SMP310_VTBS_WSSS_2026-03-04 02:18,12.17564,101.04666,2026-03-04T02:41:00Z,189.2,SMP310,A333,VTBS,WSSS,274,165,763,1
SMP310_VTBS_WSSS_2026-03-04 02:18,12.15716,101.05184,2026-03-04T02:41:15Z,191.1,SMP310,A333,VTBS,WSSS,274,165,763,1
SMP310_VTBS_WSSS_2026-03-04 02:18,12.13866,101.05702,2026-03-04T02:41:30Z,193.1,SMP310,A333,VTBS,WSSS,275,165,764,1
SMP310_VTBS_WSSS_2026-03-04 02:18,12.12015,101.06221,2026-03-04T02:41:45Z,195.0,SMP310,A333,VTBS,WSSS,275,165,764,1
SMP310_VTBS_WSSS_2026-03-04 02:18,12.10162,101.0674,2026-03-04T02:42:00Z,196.9,SMP310,A333,VTBS,WSSS,275,165,765,1
SMP310_VTBS_WSSS_2026-03-04 02:18,12.08309,101.07259,2026-03-04T02:42:15Z,198.8,SMP310,A333,VTBS,WSSS,276,165,765,1
SMP310_VTBS_WSSS_2026-03-04 02:18,12.06454,101.07778,2026-03-04T02:42:30Z,200.7,SMP310,A333,VTBS,WSSS,276,165,766,1
SMP310_VTBS_WSSS_2026-03-04 02:18,12.04597,101.08298,2026-03-04T02:42:45Z,202.6,SMP310,A333,VTBS,WSSS,277,165,766,1
SMP310_VTBS_WSSS_2026-03-04 02:18,12.0274,101.08818,2026-03-04T02:43:00Z,204.5,SMP310,A333,VTBS,WSSS,277,165,767,1
SMP310_VTBS_WSSS_2026-03-04 02:18,12.00881,101.09338,2026-03-04T02:43:15Z,206.5,SMP310,A333,VTBS,WSSS,277,165,768,1
SMP310_VTBS_WSSS_2026-03-04 02:18,11.9902,101.09858,2026-03-04T02:43:30Z,208.4,SMP310,A333,VTBS,WSSS,278,165,768,1
SMP310_VTBS_WSSS_2026-03-04 02:18,11.97159,101.10379,2026-03-04T02:43:45Z,210.3,SMP310,A333,VTBS,WSSS,278,165,769,1
SMP310_VTBS_WSSS_2026-03-04 02:18,11.95296,101.109,2026-03-04T02:44:00Z,212.2,SMP310,A333,VTBS,WSSS,278,165,769,1
SMP310_VTBS_WSSS_2026-03-04 02:18,11.93407,101.11428,2026-03-04T02:44:15Z,214.2,SMP310,A333,VTBS,WSSS,279,165,780,1
SMP310_VTBS_WSSS_2026-03-04 02:18,11.91516,101.11957,2026-03-04T02:44:30Z,216.1,SMP310,A333,VTBS,WSSS,279,165,781,1
SMP310_VTBS_WSSS_2026-03-04 02:18,11.89623,101.12487,2026-03-04T02:44:45Z,218.1,SMP310,A333,VTBS,WSSS,280,165,782,1
SMP310_VTBS_WSSS_2026-03-04 02:18,11.87728,101.13016,2026-03-04T02:45:00Z,220.1,SMP310,A333,VTBS,WSSS,280,165,782,1
SMP310_VTBS_WSSS_2026-03-04 02:18,11.85832,101.13546,2026-03-04T02:45:15Z,222.0,SMP310,A333,VTBS,WSSS,280,165,783,1
SMP310_VTBS_WSSS_2026-03-04 02:18,11.83935,101.14077,2026-03-04T02:45:30Z,224.0,SMP310,A333,VTBS,WSSS,281,165,783,1
SMP310_VTBS_WSSS_2026-03-04 02:18,11.82037,101.14607,2026-03-04T02:45:45Z,225.9,SMP310,A333,VTBS,WSSS,281,165,784,1
SMP310_VTBS_WSSS_2026-03-04 02:18,11.80137,101.15138,2026-03-04T02:46:00Z,227.9,SMP310,A333,VTBS,WSSS,282,165,784,1
SMP310_VTBS_WSSS_2026-03-04 02:18,11.78236,101.15669,2026-03-04T02:46:15Z,229.9,SMP310,A333,VTBS,WSSS,282,165,785,1
SMP310_VTBS_WSSS_2026-03-04 02:18,11.76334,101.162,2026-03-04T02:46:30Z,231.8,SMP310,A333,VTBS,WSSS,282,165,785,1
SMP310_VTBS_WSSS_2026-03-04 02:18,11.7443,101.16732,2026-03-04T02:46:45Z,233.8,SMP310,A333,VTBS,WSSS,283,165,786,1
SMP310_VTBS_WSSS_2026-03-04 02:18,11.72525,101.17264,2026-03-04T02:47:00Z,235.8,SMP310,A333,VTBS,WSSS,283,165,786,1
SMP310_VTBS_WSSS_2026-03-04 02:18,11.70619,101.17796,2026-03-04T02:47:15Z,237.7,SMP310,A333,VTBS,WSSS,284,165,787,1
SMP310_VTBS_WSSS_2026-03-04 02:18,11.68711,101.18329,2026-03-04T02:47:30Z,239.7,SMP310,A333,VTBS,WSSS,284,165,788,1
SMP310_VTBS_WSSS_2026-03-04 02:18,11.66803,101.18862,2026-03-04T02:47:45Z,241.7,SMP310,A333,VTBS,WSSS,284,165,788,1
SMP310_VTBS_WSSS_2026-03-04 02:18,11.64892,101.19395,2026-03-04T02:48:00Z,243.6,SMP310,A333,VTBS,WSSS,285,165,789,1
SMP310_VTBS_WSSS_2026-03-04 02:18,11.62981,101.19928,2026-03-04T02:48:15Z,245.6,SMP310,A333,VTBS,WSSS,285,165,789,1
SMP310_VTBS_WSSS_2026-03-04 02:18,11.61068,101.20462,2026-03-04T02:48:30Z,247.6,SMP310,A333,VTBS,WSSS,286,165,790,1
SMP310_VTBS_WSSS_2026-03-04 02:18,11.59153,101.20996,2026-03-04T02:48:45Z,249.6,SMP310,A333,VTBS,WSSS,286,165,790,1
SMP310_VTBS_WSSS_2026-03-04 02:18,11.57238,101.2153,2026-03-04T02:49:00Z,251.5,SMP310,A333,VTBS,WSSS,286,165,791,1
SMP310_VTBS_WSSS_2026-03-04 02:18,11.55298,101.22071,2026-03-04T02:49:15Z,253.5,SMP310,A333,VTBS,WSSS,287,165,801,1
SMP310_VTBS_WSSS_2026-03-04 02:18,11.53353,101.22614,2026-03-04T02:49:30Z,255.6,SMP310,A333,VTBS,WSSS,287,165,803,1
SMP310_VTBS_WSSS_2026-03-04 02:18,11.51407,101.23156,2026-03-04T02:49:45Z,257.6,SMP310,A333,VTBS,WSSS,288,165,803,1
SMP310_VTBS_WSSS_2026-03-04 02:18,11.49459,101.23699,2026-03-04T02:50:00Z,259.6,SMP310,A333,VTBS,WSSS,288,165,804,1
SMP310_VTBS_WSSS_2026-03-04 02:18,11.47511,101.24242,2026-03-04T02:50:15Z,261.6,SMP310,A333,VTBS,WSSS,288,165,804,1
SMP310_VTBS_WSSS_2026-03-04 02:18,11.45561,101.24786,2026-03-04T02:50:30Z,263.6,SMP310,A333,VTBS,WSSS,289,165,805,1
SMP310_VTBS_WSSS_2026-03-04 02:18,11.43609,101.2533,2026-03-04T02:50:45Z,265.6,SMP310,A333,VTBS,WSSS,289,165,806,1
SMP310_VTBS_WSSS_2026-03-04 02:18,11.41656,101.25874,2026-03-04T02:51:00Z,267.6,SMP310,A333,VTBS,WSSS,290,165,806,1
SMP310_VTBS_WSSS_2026-03-04 02:18,11.39702,101.26418,2026-03-04T02:51:15Z,269.7,SMP310,A333,VTBS,WSSS,290,165,807,1
SMP310_VTBS_WSSS_2026-03-04 02:18,11.37747,101.26963,2026-03-04T02:51:30Z,271.7,SMP310,A333,VTBS,WSSS,290,165,807,1
SMP310_VTBS_WSSS_2026-03-04 02:18,11.3579,101.27508,2026-03-04T02:51:45Z,273.7,SMP310,A333,VTBS,WSSS,291,165,808,1
SMP310_VTBS_WSSS_2026-03-04 02:18,11.33832,101.28053,2026-03-04T02:52:00Z,275.7,SMP310,A333,VTBS,WSSS,291,165,808,1
SMP310_VTBS_WSSS_2026-03-04 02:18,11.31872,101.28598,2026-03-04T02:52:15Z,277.7,SMP310,A333,VTBS,WSSS,292,165,809,1
SMP310_VTBS_WSSS_2026-03-04 02:18,11.29911,101.29144,2026-03-04T02:52:30Z,279.8,SMP310,A333,VTBS,WSSS,292,165,810,1
SMP310_VTBS_WSSS_2026-03-04 02:18,11.27949,101.29691,2026-03-04T02:52:45Z,281.8,SMP310,A333,VTBS,WSSS,292,165,810,1
SMP310_VTBS_WSSS_2026-03-04 02:18,11.25985,101.30237,2026-03-04T02:53:00Z,283.8,SMP310,A333,VTBS,WSSS,293,165,811,1
SMP310_VTBS_WSSS_2026-03-04 02:18,11.2402,101.30784,2026-03-04T02:53:15Z,285.8,SMP310,A333,VTBS,WSSS,293,165,811,1
SMP310_VTBS_WSSS_2026-03-04 02:18,11.22054,101.31331,2026-03-04T02:53:30Z,287.9,SMP310,A333,VTBS,WSSS,294,165,812,1
SMP310_VTBS_WSSS_2026-03-04 02:18,11.20086,101.31878,2026-03-04T02:53:45Z,289.9,SMP310,A333,VTBS,WSSS,294,165,812,1
SMP310_VTBS_WSSS_2026-03-04 02:18,11.18107,101.32429,2026-03-04T02:54:00Z,292.0,SMP310,A333,VTBS,WSSS,294,165,817,1
SMP310_VTBS_WSSS_2026-03-04 02:18,11.1611,101.32984,2026-03-04T02:54:15Z,294.0,SMP310,A333,VTBS,WSSS,295,165,824,1
SMP310_VTBS_WSSS_2026-03-04 02:18,11.14111,101.3354,2026-03-04T02:54:30Z,296.1,SMP310,A333,VTBS,WSSS,295,165,825,1
SMP310_VTBS_WSSS_2026-03-04 02:18,11.12112,101.34096,2026-03-04T02:54:45Z,298.1,SMP310,A333,VTBS,WSSS,296,165,825,1
SMP310_VTBS_WSSS_2026-03-04 02:18,11.10111,101.34652,2026-03-04T02:55:00Z,300.2,SMP310,A333,VTBS,WSSS,296,165,826,1
SMP310_VTBS_WSSS_2026-03-04 02:18,11.08108,101.35209,2026-03-04T02:55:15Z,302.3,SMP310,A333,VTBS,WSSS,296,165,827,1
SMP310_VTBS_WSSS_2026-03-04 02:18,11.06104,101.35765,2026-03-04T02:55:30Z,304.3,SMP310,A333,VTBS,WSSS,297,165,827,1
SMP310_VTBS_WSSS_2026-03-04 02:18,11.04099,101.36323,2026-03-04T02:55:45Z,306.4,SMP310,A333,VTBS,WSSS,297,165,828,1
SMP310_VTBS_WSSS_2026-03-04 02:18,11.02093,101.3688,2026-03-04T02:56:00Z,308.5,SMP310,A333,VTBS,WSSS,298,165,828,1
SMP310_VTBS_WSSS_2026-03-04 02:18,11.00084,101.37438,2026-03-04T02:56:15Z,310.6,SMP310,A333,VTBS,WSSS,298,165,829,1
SMP310_VTBS_WSSS_2026-03-04 02:18,10.98075,101.37996,2026-03-04T02:56:30Z,312.6,SMP310,A333,VTBS,WSSS,299,165,829,1
SMP310_VTBS_WSSS_2026-03-04 02:18,10.96064,101.38554,2026-03-04T02:56:45Z,314.7,SMP310,A333,VTBS,WSSS,299,165,830,1
SMP310_VTBS_WSSS_2026-03-04 02:18,10.94052,101.39113,2026-03-04T02:57:00Z,316.8,SMP310,A333,VTBS,WSSS,299,165,831,1
SMP310_VTBS_WSSS_2026-03-04 02:18,10.92038,101.39672,2026-03-04T02:57:15Z,318.9,SMP310,A333,VTBS,WSSS,300,165,831,1
SMP310_VTBS_WSSS_2026-03-04 02:18,10.90023,101.40231,2026-03-04T02:57:30Z,321.0,SMP310,A333,VTBS,WSSS,300,165,832,1
SMP310_VTBS_WSSS_2026-03-04 02:18,10.88007,101.40791,2026-03-04T02:57:45Z,323.0,SMP310,A333,VTBS,WSSS,301,165,832,1
SMP310_VTBS_WSSS_2026-03-04 02:18,10.85989,101.41351,2026-03-04T02:58:00Z,325.1,SMP310,A333,VTBS,WSSS,301,165,833,1
SMP310_VTBS_WSSS_2026-03-04 02:18,10.8397,101.41911,2026-03-04T02:58:15Z,327.2,SMP310,A333,VTBS,WSSS,301,165,833,1
SMP310_VTBS_WSSS_2026-03-04 02:18,10.81949,101.42472,2026-03-04T02:58:30Z,329.3,SMP310,A333,VTBS,WSSS,302,165,834,1
SMP310_VTBS_WSSS_2026-03-04 02:18,10.79917,101.43036,2026-03-04T02:58:45Z,331.4,SMP310,A333,VTBS,WSSS,302,165,839,1
SMP310_VTBS_WSSS_2026-03-04 02:18,10.77867,101.43604,2026-03-04T02:59:00Z,333.5,SMP310,A333,VTBS,WSSS,303,165,846,1
SMP310_VTBS_WSSS_2026-03-04 02:18,10.75816,101.44173,2026-03-04T02:59:15Z,335.6,SMP310,A333,VTBS,WSSS,303,165,847,1
SMP310_VTBS_WSSS_2026-03-04 02:18,10.73763,101.44742,2026-03-04T02:59:30Z,337.7,SMP310,A333,VTBS,WSSS,304,165,847,1
SMP310_VTBS_WSSS_2026-03-04 02:18,10.71709,101.45312,2026-03-04T02:59:45Z,339.9,SMP310,A333,VTBS,WSSS,304,165,848,1
SMP310_VTBS_WSSS_2026-03-04 02:18,10.69654,101.45881,2026-03-04T03:00:00Z,342.0,SMP310,A333,VTBS,WSSS,304,165,848,1
SMP310_VTBS_WSSS_2026-03-04 02:18,10.67597,101.46452,2026-03-04T03:00:15Z,344.1,SMP310,A333,VTBS,WSSS,305,165,849,1
SMP310_VTBS_WSSS_2026-03-04 02:18,10.65538,101.47022,2026-03-04T03:00:30Z,346.2,SMP310,A333,VTBS,WSSS,305,165,850,1
SMP310_VTBS_WSSS_2026-03-04 02:18,10.63478,101.47593,2026-03-04T03:00:45Z,348.4,SMP310,A333,VTBS,WSSS,306,165,850,1
SMP310_VTBS_WSSS_2026-03-04 02:18,10.61417,101.48164,2026-03-04T03:01:00Z,350.5,SMP310,A333,VTBS,WSSS,306,165,851,1
SMP310_VTBS_WSSS_2026-03-04 02:18,10.59354,101.48735,2026-03-04T03:01:15Z,352.6,SMP310,A333,VTBS,WSSS,307,165,851,1
SMP310_VTBS_WSSS_2026-03-04 02:18,10.5729,101.49307,2026-03-04T03:01:30Z,354.8,SMP310,A333,VTBS,WSSS,307,165,852,1
SMP310_VTBS_WSSS_2026-03-04 02:18,10.55225,101.49879,2026-03-04T03:01:45Z,356.9,SMP310,A333,VTBS,WSSS,307,165,853,1
SMP310_VTBS_WSSS_2026-03-04 02:18,10.53158,101.50451,2026-03-04T03:02:00Z,359.0,SMP310,A333,VTBS,WSSS,308,165,853,1
SMP310_VTBS_WSSS_2026-03-04 02:18,10.51089,101.51024,2026-03-04T03:02:15Z,361.2,SMP310,A333,VTBS,WSSS,308,165,854,1
SMP310_VTBS_WSSS_2026-03-04 02:18,10.49019,101.51597,2026-03-04T03:02:30Z,363.3,SMP310,A333,VTBS,WSSS,309,165,854,1
SMP310_VTBS_WSSS_2026-03-04 02:18,10.46948,101.5217,2026-03-04T03:02:45Z,365.4,SMP310,A333,VTBS,WSSS,309,165,855,1
SMP310_VTBS_WSSS_2026-03-04 02:18,10.44875,101.52744,2026-03-04T03:03:00Z,367.6,SMP310,A333,VTBS,WSSS,310,165,856,1
SMP310_VTBS_WSSS_2026-03-04 02:18,10.42801,101.53318,2026-03-04T03:03:15Z,369.7,SMP310,A333,VTBS,WSSS,310,165,856,1
SMP402_VTBS_VHHH_2026-03-04 02:25,13.70019,100.73845,2026-03-04T02:25:00Z,0.0,SMP402,B789,VTBS,VHHH,10,194,0,0
SMP402_VTBS_VHHH_2026-03-04 02:25,13.69716,100.73765,2026-03-04T02:25:15Z,0.0,SMP402,B789,VTBS,VHHH,36,0,0,0
SMP402_VTBS_VHHH_2026-03-04 02:25,13.69325,100.73662,2026-03-04T02:25:30Z,0.0,SMP402,B789,VTBS,VHHH,70,0,0,0
SMP402_VTBS_VHHH_2026-03-04 02:25,13.68639,100.73482,2026-03-04T02:25:45Z,0.0,SMP402,B789,VTBS,VHHH,110,194,0,0
SMP402_VTBS_VHHH_2026-03-04 02:25,13.67746,100.73247,2026-03-04T02:26:00Z,0.0,SMP402,B789,VTBS,VHHH,147,194,0,0
SMP402_VTBS_VHHH_2026-03-04 02:25,13.66675,100.72966,2026-03-04T02:26:15Z,0.8,SMP402,B789,VTBS,VHHH,173,194,316,1
SMP402_VTBS_VHHH_2026-03-04 02:25,13.65431,100.72639,2026-03-04T02:26:30Z,4.3,SMP402,B789,VTBS,VHHH,192,194,1418,1
SMP402_VTBS_VHHH_2026-03-04 02:25,13.64124,100.72296,2026-03-04T02:26:45Z,8.1,SMP402,B789,VTBS,VHHH,197,194,1489,1
SMP402_VTBS_VHHH_2026-03-04 02:25,13.62782,100.71943,2026-03-04T02:27:00Z,11.9,SMP402,B789,VTBS,VHHH,202,194,1530,1
SMP402_VTBS_VHHH_2026-03-04 02:25,13.61409,100.71582,2026-03-04T02:27:15Z,15.8,SMP402,B789,VTBS,VHHH,207,194,1565,1
SMP402_VTBS_VHHH_2026-03-04 02:25,13.59998,100.71212,2026-03-04T02:27:30Z,19.8,SMP402,B789,VTBS,VHHH,212,194,1608,1
SMP402_VTBS_VHHH_2026-03-04 02:25,13.58554,100.70832,2026-03-04T02:27:45Z,23.9,SMP402,B789,VTBS,VHHH,218,194,1646,1
SMP402_VTBS_VHHH_2026-03-04 02:25,13.57071,100.70443,2026-03-04T02:28:00Z,28.2,SMP402,B789,VTBS,VHHH,223,194,1690,1
SMP402_VTBS_VHHH_2026-03-04 02:25,13.55553,100.70044,2026-03-04T02:28:15Z,32.5,SMP402,B789,VTBS,VHHH,229,194,1730,1
SMP402_VTBS_VHHH_2026-03-04 02:25,13.53994,100.69635,2026-03-04T02:28:30Z,36.9,SMP402,B789,VTBS,VHHH,235,194,1777,1
SMP402_VTBS_VHHH_2026-03-04 02:25,13.52398,100.69216,2026-03-04T02:28:45Z,41.5,SMP402,B789,VTBS,VHHH,241,194,1820,1
SMP402_VTBS_VHHH_2026-03-04 02:25,13.5076,100.68786,2026-03-04T02:29:00Z,46.2,SMP402,B789,VTBS,VHHH,247,194,1866,1
SMP402_VTBS_VHHH_2026-03-04 02:25,13.491,100.68351,2026-03-04T02:29:15Z,50.9,SMP402,B789,VTBS,VHHH,247,194,1892,1
SMP402_VTBS_VHHH_2026-03-04 02:25,13.47943,100.68263,2026-03-04T02:29:30Z,55.1,SMP402,B789,VTBS,VHHH,247,53,1678,1
SMP402_VTBS_VHHH_2026-03-04 02:25,13.4899,100.69694,2026-03-04T02:29:45Z,56.9,SMP402,B789,VTBS,VHHH,247,53,738,1
SMP402_VTBS_VHHH_2026-03-04 02:25,13.50037,100.71127,2026-03-04T02:30:00Z,58.8,SMP402,B789,VTBS,VHHH,248,53,738,1
SMP402_VTBS_VHHH_2026-03-04 02:25,13.51085,100.72561,2026-03-04T02:30:15Z,60.6,SMP402,B789,VTBS,VHHH,248,53,739,1
SMP402_VTBS_VHHH_2026-03-04 02:25,13.52134,100.73996,2026-03-04T02:30:30Z,62.5,SMP402,B789,VTBS,VHHH,248,53,739,1
SMP402_VTBS_VHHH_2026-03-04 02:25,13.53183,100.75432,2026-03-04T02:30:45Z,64.3,SMP402,B789,VTBS,VHHH,249,53,740,1
SMP402_VTBS_VHHH_2026-03-04 02:25,13.54233,100.76869,2026-03-04T02:31:00Z,66.2,SMP402,B789,VTBS,VHHH,249,53,740,1
SMP402_VTBS_VHHH_2026-03-04 02:25,13.55283,100.78307,2026-03-04T02:31:15Z,68.0,SMP402,B789,VTBS,VHHH,249,53,741,1
SMP402_VTBS_VHHH_2026-03-04 02:25,13.56334,100.79746,2026-03-04T02:31:30Z,69.9,SMP402,B789,VTBS,VHHH,250,53,741,1
SMP402_VTBS_VHHH_2026-03-04 02:25,13.57386,100.81187,2026-03-04T02:31:45Z,71.7,SMP402,B789,VTBS,VHHH,250,53,742,1
SMP402_VTBS_VHHH_2026-03-04 02:25,13.58439,100.82629,2026-03-04T02:32:00Z,73.6,SMP402,B789,VTBS,VHHH,251,53,742,1
SMP402_VTBS_VHHH_2026-03-04 02:25,13.59492,100.84071,2026-03-04T02:32:15Z,75.5,SMP402,B789,VTBS,VHHH,251,53,743,1
SMP402_VTBS_VHHH_2026-03-04 02:25,13.60545,100.85515,2026-03-04T02:32:30Z,77.3,SMP402,B789,VTBS,VHHH,251,53,743,1
SMP402_VTBS_VHHH_2026-03-04 02:25,13.616,100.8696,2026-03-04T02:32:45Z,79.2,SMP402,B789,VTBS,VHHH,252,53,744,1
SMP402_VTBS_VHHH_2026-03-04 02:25,13.62655,100.88406,2026-03-04T02:33:00Z,81.0,SMP402,B789,VTBS,VHHH,252,53,744,1
SMP402_VTBS_VHHH_2026-03-04 02:25,13.6371,100.89854,2026-03-04T02:33:15Z,82.9,SMP402,B789,VTBS,VHHH,252,53,745,1
SMP402_VTBS_VHHH_2026-03-04 02:25,13.64767,100.91302,2026-03-04T02:33:30Z,84.8,SMP402,B789,VTBS,VHHH,253,53,745,1
SMP402_VTBS_VHHH_2026-03-04 02:25,13.65824,100.92752,2026-03-04T02:33:45Z,86.6,SMP402,B789,VTBS,VHHH,253,53,746,1
SMP402_VTBS_VHHH_2026-03-04 02:25,13.66881,100.94202,2026-03-04T02:34:00Z,88.5,SMP402,B789,VTBS,VHHH,253,53,746,1
SMP402_VTBS_VHHH_2026-03-04 02:25,13.67939,100.95654,2026-03-04T02:34:15Z,90.4,SMP402,B789,VTBS,VHHH,254,53,747,1
SMP402_VTBS_VHHH_2026-03-04 02:25,13.68998,100.97107,2026-03-04T02:34:30Z,92.2,SMP402,B789,VTBS,VHHH,254,53,747,1
SMP402_VTBS_VHHH_2026-03-04 02:25,13.70058,100.98561,2026-03-04T02:34:45Z,94.1,SMP402,B789,VTBS,VHHH,254,53,748,1
SMP402_VTBS_VHHH_2026-03-04 02:25,13.71118,101.00016,2026-03-04T02:35:00Z,96.0,SMP402,B789,VTBS,VHHH,255,53,748,1
SMP402_VTBS_VHHH_2026-03-04 02:25,13.72189,101.01487,2026-03-04T02:35:15Z,97.9,SMP402,B789,VTBS,VHHH,255,53,756,1
SMP402_VTBS_VHHH_2026-03-04 02:25,13.73267,101.02967,2026-03-04T02:35:30Z,99.8,SMP402,B789,VTBS,VHHH,255,53,761,1
SMP402_VTBS_VHHH_2026-03-04 02:25,13.74346,101.04448,2026-03-04T02:35:45Z,101.7,SMP402,B789,VTBS,VHHH,256,53,761,1
SMP402_VTBS_VHHH_2026-03-04 02:25,13.75425,101.05931,2026-03-04T02:36:00Z,103.6,SMP402,B789,VTBS,VHHH,256,53,762,1
SMP402_VTBS_VHHH_2026-03-04 02:25,13.76505,101.07414,2026-03-04T02:36:15Z,105.5,SMP402,B789,VTBS,VHHH,257,53,763,1
SMP402_VTBS_VHHH_2026-03-04 02:25,13.77585,101.08899,2026-03-04T02:36:30Z,107.4,SMP402,B789,VTBS,VHHH,257,53,763,1
SMP402_VTBS_VHHH_2026-03-04 02:25,13.78666,101.10385,2026-03-04T02:36:45Z,109.3,SMP402,B789,VTBS,VHHH,257,53,764,1
SMP402_VTBS_VHHH_2026-03-04 02:25,13.79748,101.11872,2026-03-04T02:37:00Z,111.2,SMP402,B789,VTBS,VHHH,258,53,764,1
SMP402_VTBS_VHHH_2026-03-04 02:25,13.80831,101.1336,2026-03-04T02:37:15Z,113.1,SMP402,B789,VTBS,VHHH,258,53,765,1
SMP402_VTBS_VHHH_2026-03-04 02:25,13.81914,101.14849,2026-03-04T02:37:30Z,115.0,SMP402,B789,VTBS,VHHH,258,53,765,1
SMP402_VTBS_VHHH_2026-03-04 02:25,13.82997,101.1634,2026-03-04T02:37:45Z,117.0,SMP402,B789,VTBS,VHHH,259,53,766,1
SMP402_VTBS_VHHH_2026-03-04 02:25,13.84082,101.17831,2026-03-04T02:38:00Z,118.9,SMP402,B789,VTBS,VHHH,259,53,766,1
SMP402_VTBS_VHHH_2026-03-04 02:25,13.85167,101.19324,2026-03-04T02:38:15Z,120.8,SMP402,B789,VTBS,VHHH,259,53,767,1
SMP402_VTBS_VHHH_2026-03-04 02:25,13.86253,101.20818,2026-03-04T02:38:30Z,122.7,SMP402,B789,VTBS,VHHH,260,53,767,1
SMP402_VTBS_VHHH_2026-03-04 02:25,13.87339,101.22313,2026-03-04T02:38:45Z,124.6,SMP402,B789,VTBS,VHHH,260,53,768,1
SMP402_VTBS_VHHH_2026-03-04 02:25,13.88426,101.23809,2026-03-04T02:39:00Z,126.6,SMP402,B789,VTBS,VHHH,260,53,768,1
SMP402_VTBS_VHHH_2026-03-04 02:25,13.89514,101.25307,2026-03-04T02:39:15Z,128.5,SMP402,B789,VTBS,VHHH,261,53,769,1
SMP402_VTBS_VHHH_2026-03-04 02:25,13.90602,101.26806,2026-03-04T02:39:30Z,130.4,SMP402,B789,VTBS,VHHH,261,53,769,1
SMP402_VTBS_VHHH_2026-03-04 02:25,13.91691,101.28305,2026-03-04T02:39:45Z,132.3,SMP402,B789,VTBS,VHHH,262,53,770,1
SMP402_VTBS_VHHH_2026-03-04 02:25,13.92781,101.29806,2026-03-04T02:40:00Z,134.3,SMP402,B789,VTBS,VHHH,262,53,770,1
SMP402_VTBS_VHHH_2026-03-04 02:25,13.93871,101.31309,2026-03-04T02:40:15Z,136.2,SMP402,B789,VTBS,VHHH,262,53,771,1
SMP402_VTBS_VHHH_2026-03-04 02:25,13.94962,101.32812,2026-03-04T02:40:30Z,138.1,SMP402,B789,VTBS,VHHH,263,53,772,1
SMP402_VTBS_VHHH_2026-03-04 02:25,13.96067,101.34334,2026-03-04T02:40:45Z,140.1,SMP402,B789,VTBS,VHHH,263,53,781,1
SMP402_VTBS_VHHH_2026-03-04 02:25,13.97176,101.35862,2026-03-04T02:41:00Z,142.0,SMP402,B789,VTBS,VHHH,263,53,784,1
SMP402_VTBS_VHHH_2026-03-04 02:25,13.98285,101.37392,2026-03-04T02:41:15Z,144.0,SMP402,B789,VTBS,VHHH,264,53,785,1
SMP402_VTBS_VHHH_2026-03-04 02:25,13.99395,101.38923,2026-03-04T02:41:30Z,146.0,SMP402,B789,VTBS,VHHH,264,53,785,1
SMP402_VTBS_VHHH_2026-03-04 02:25,14.00506,101.40455,2026-03-04T02:41:45Z,147.9,SMP402,B789,VTBS,VHHH,265,53,786,1
SMP402_VTBS_VHHH_2026-03-04 02:25,14.01617,101.41988,2026-03-04T02:42:00Z,149.9,SMP402,B789,VTBS,VHHH,265,53,786,1
SMP402_VTBS_VHHH_2026-03-04 02:25,14.02729,101.43522,2026-03-04T02:42:15Z,151.9,SMP402,B789,VTBS,VHHH,265,53,787,1
SMP402_VTBS_VHHH_2026-03-04 02:25,14.03842,101.45058,2026-03-04T02:42:30Z,153.8,SMP402,B789,VTBS,VHHH,266,53,787,1
SMP402_VTBS_VHHH_2026-03-04 02:25,14.04955,101.46594,2026-03-04T02:42:45Z,155.8,SMP402,B789,VTBS,VHHH,266,53,788,1
SMP402_VTBS_VHHH_2026-03-04 02:25,14.06069,101.48132,2026-03-04T02:43:00Z,157.8,SMP402,B789,VTBS,VHHH,266,53,789,1
SMP402_VTBS_VHHH_2026-03-04 02:25,14.07184,101.49672,2026-03-04T02:43:15Z,159.8,SMP402,B789,VTBS,VHHH,267,53,789,1
SMP402_VTBS_VHHH_2026-03-04 02:25,14.083,101.51212,2026-03-04T02:43:30Z,161.7,SMP402,B789,VTBS,VHHH,267,53,790,1
SMP402_VTBS_VHHH_2026-03-04 02:25,14.09416,101.52754,2026-03-04T02:43:45Z,163.7,SMP402,B789,VTBS,VHHH,267,53,790,1
SMP402_VTBS_VHHH_2026-03-04 02:25,14.10533,101.54296,2026-03-04T02:44:00Z,165.7,SMP402,B789,VTBS,VHHH,268,53,791,1
SMP402_VTBS_VHHH_2026-03-04 02:25,14.1165,101.5584,2026-03-04T02:44:15Z,167.7,SMP402,B789,VTBS,VHHH,268,53,791,1
SMP402_VTBS_VHHH_2026-03-04 02:25,14.12768,101.57386,2026-03-04T02:44:30Z,169.6,SMP402,B789,VTBS,VHHH,269,53,792,1
SMP402_VTBS_VHHH_2026-03-04 02:25,14.13887,101.58932,2026-03-04T02:44:45Z,171.6,SMP402,B789,VTBS,VHHH,269,53,792,1
SMP402_VTBS_VHHH_2026-03-04 02:25,14.15006,101.6048,2026-03-04T02:45:00Z,173.6,SMP402,B789,VTBS,VHHH,269,53,793,1
SMP402_VTBS_VHHH_2026-03-04 02:25,14.16127,101.62029,2026-03-04T02:45:15Z,175.6,SMP402,B789,VTBS,VHHH,270,53,793,1
SMP402_VTBS_VHHH_2026-03-04 02:25,14.17247,101.63579,2026-03-04T02:45:30Z,177.6,SMP402,B789,VTBS,VHHH,270,53,794,1
SMP402_VTBS_VHHH_2026-03-04 02:25,14.18369,101.6513,2026-03-04T02:45:45Z,179.6,SMP402,B789,VTBS,VHHH,270,53,795,1
SMP402_VTBS_VHHH_2026-03-04 02:25,14.195,101.66695,2026-03-04T02:46:00Z,181.6,SMP402,B789,VTBS,VHHH,271,53,802,1
SMP402_VTBS_VHHH_2026-03-04 02:25,14.20639,101.68272,2026-03-04T02:46:15Z,183.6,SMP402,B789,VTBS,VHHH,271,53,807,1
SMP402_VTBS_VHHH_2026-03-04 02:25,14.21779,101.6985,2026-03-04T02:46:30Z,185.6,SMP402,B789,VTBS,VHHH,272,53,808,1
SMP402_VTBS_VHHH_2026-03-04 02:25,14.2292,101.71428,2026-03-04T02:46:45Z,187.6,SMP402,B789,VTBS,VHHH,272,53,808,1
SMP402_VTBS_VHHH_2026-03-04 02:25,14.24061,101.73009,2026-03-04T02:47:00Z,189.7,SMP402,B789,VTBS,VHHH,272,53,809,1
SMP402_VTBS_VHHH_2026-03-04 02:25,14.25203,101.7459,2026-03-04T02:47:15Z,191.7,SMP402,B789,VTBS,VHHH,273,53,809,1
SMP402_VTBS_VHHH_2026-03-04 02:25,14.26345,101.76173,2026-03-04T02:47:30Z,193.7,SMP402,B789,VTBS,VHHH,273,53,810,1
SMP402_VTBS_VHHH_2026-03-04 02:25,14.27489,101.77757,2026-03-04T02:47:45Z,195.7,SMP402,B789,VTBS,VHHH,273,53,811,1
SMP402_VTBS_VHHH_2026-03-04 02:25,14.28633,101.79342,2026-03-04T02:48:00Z,197.8,SMP402,B789,VTBS,VHHH,274,53,811,1
SMP402_VTBS_VHHH_2026-03-04 02:25,14.29777,101.80928,2026-03-04T02:48:15Z,199.8,SMP402,B789,VTBS,VHHH,274,53,812,1
SMP402_VTBS_VHHH_2026-03-04 02:25,14.30923,101.82516,2026-03-04T02:48:30Z,201.8,SMP402,B789,VTBS,VHHH,275,53,812,1
SMP402_VTBS_VHHH_2026-03-04 02:25,14.32069,101.84105,2026-03-04T02:48:45Z,203.9,SMP402,B789,VTBS,VHHH,275,53,813,1
SMP402_VTBS_VHHH_2026-03-04 02:25,14.33215,101.85695,2026-03-04T02:49:00Z,205.9,SMP402,B789,VTBS,VHHH,275,53,813,1
SMP402_VTBS_VHHH_2026-03-04 02:25,14.34363,101.87287,2026-03-04T02:49:15Z,207.9,SMP402,B789,VTBS,VHHH,276,53,814,1
SMP402_VTBS_VHHH_2026-03-04 02:25,14.35511,101.88879,2026-03-04T02:49:30Z,210.0,SMP402,B789,VTBS,VHHH,276,53,815,1
SMP402_VTBS_VHHH_2026-03-04 02:25,14.3666,101.90473,2026-03-04T02:49:45Z,212.0,SMP402,B789,VTBS,VHHH,277,53,815,1
SMP402_VTBS_VHHH_2026-03-04 02:25,14.37809,101.92069,2026-03-04T02:50:00Z,214.1,SMP402,B789,VTBS,VHHH,277,53,816,1
SMP402_VTBS_VHHH_2026-03-04 02:25,14.38959,101.93665,2026-03-04T02:50:15Z,216.1,SMP402,B789,VTBS,VHHH,277,53,816,1
SMP402_VTBS_VHHH_2026-03-04 02:25,14.4011,101.95263,2026-03-04T02:50:30Z,218.1,SMP402,B789,VTBS,VHHH,278,53,817,1
SMP402_VTBS_VHHH_2026-03-04 02:25,14.41262,101.96862,2026-03-04T02:50:45Z,220.2,SMP402,B789,VTBS,VHHH,278,53,817,1
SMP402_VTBS_VHHH_2026-03-04 02:25,14.42414,101.98463,2026-03-04T02:51:00Z,222.2,SMP402,B789,VTBS,VHHH,278,53,818,1
SMP402_VTBS_VHHH_2026-03-04 02:25,14.43582,102.00085,2026-03-04T02:51:15Z,224.3,SMP402,B789,VTBS,VHHH,279,53,829,1
SMP402_VTBS_VHHH_2026-03-04 02:25,14.44752,102.01711,2026-03-04T02:51:30Z,226.4,SMP402,B789,VTBS,VHHH,279,53,831,1
SMP402_VTBS_VHHH_2026-03-04 02:25,14.45922,102.03338,2026-03-04T02:51:45Z,228.5,SMP402,B789,VTBS,VHHH,280,53,831,1
SMP402_VTBS_VHHH_2026-03-04 02:25,14.47094,102.04966,2026-03-04T02:52:00Z,230.5,SMP402,B789,VTBS,VHHH,280,53,832,1
SMP402_VTBS_VHHH_2026-03-04 02:25,14.48266,102.06595,2026-03-04T02:52:15Z,232.6,SMP402,B789,VTBS,VHHH,280,53,832,1
SMP402_VTBS_VHHH_2026-03-04 02:25,14.49438,102.08226,2026-03-04T02:52:30Z,234.7,SMP402,B789,VTBS,VHHH,281,53,833,1
SMP402_VTBS_VHHH_2026-03-04 02:25,14.50612,102.09858,2026-03-04T02:52:45Z,236.8,SMP402,B789,VTBS,VHHH,281,53,834,1
SMP402_VTBS_VHHH_2026-03-04 02:25,14.51786,102.11491,2026-03-04T02:53:00Z,238.9,SMP402,B789,VTBS,VHHH,282,53,834,1
SMP402_VTBS_VHHH_2026-03-04 02:25,14.52961,102.13126,2026-03-04T02:53:15Z,241.0,SMP402,B789,VTBS,VHHH,282,53,835,1
SMP402_VTBS_VHHH_2026-03-04 02:25,14.54136,102.14762,2026-03-04T02:53:30Z,243.1,SMP402,B789,VTBS,VHHH,282,53,835,1
SMP402_VTBS_VHHH_2026-03-04 02:25,14.55312,102.16399,2026-03-04T02:53:45Z,245.1,SMP402,B789,VTBS,VHHH,283,53,836,1
SMP402_VTBS_VHHH_2026-03-04 02:25,14.56489,102.18038,2026-03-04T02:54:00Z,247.2,SMP402,B789,VTBS,VHHH,283,53,836,1
SMP402_VTBS_VHHH_2026-03-04 02:25,14.57667,102.19678,2026-03-04T02:54:15Z,249.3,SMP402,B789,VTBS,VHHH,284,53,837,1
SMP402_VTBS_VHHH_2026-03-04 02:25,14.58845,102.21319,2026-03-04T02:54:30Z,251.4,SMP402,B789,VTBS,VHHH,284,53,838,1
SMP402_VTBS_VHHH_2026-03-04 02:25,14.60024,102.22961,2026-03-04T02:54:45Z,253.5,SMP402,B789,VTBS,VHHH,284,53,838,1
SMP402_VTBS_VHHH_2026-03-04 02:25,14.61204,102.24605,2026-03-04T02:55:00Z,255.6,SMP402,B789,VTBS,VHHH,285,53,839,1
SMP402_VTBS_VHHH_2026-03-04 02:25,14.62384,102.2625,2026-03-04T02:55:15Z,257.7,SMP402,B789,VTBS,VHHH,285,53,839,1
SMP402_VTBS_VHHH_2026-03-04 02:25,14.63565,102.27897,2026-03-04T02:55:30Z,259.8,SMP402,B789,VTBS,VHHH,286,53,840,1
SMP402_VTBS_VHHH_2026-03-04 02:25,14.64747,102.29544,2026-03-04T02:55:45Z,261.9,SMP402,B789,VTBS,VHHH,286,53,840,1
SMP402_VTBS_VHHH_2026-03-04 02:25,14.65929,102.31193,2026-03-04T02:56:00Z,264.0,SMP402,B789,VTBS,VHHH,286,53,841,1
SMP402_VTBS_VHHH_2026-03-04 02:25,14.67127,102.32864,2026-03-04T02:56:15Z,266.2,SMP402,B789,VTBS,VHHH,287,53,852,1
SMP402_VTBS_VHHH_2026-03-04 02:25,14.68327,102.34538,2026-03-04T02:56:30Z,268.3,SMP402,B789,VTBS,VHHH,287,53,854,1
SMP402_VTBS_VHHH_2026-03-04 02:25,14.69528,102.36214,2026-03-04T02:56:45Z,270.4,SMP402,B789,VTBS,VHHH,288,53,854,1
SMP402_VTBS_VHHH_2026-03-04 02:25,14.70729,102.37891,2026-03-04T02:57:00Z,272.6,SMP402,B789,VTBS,VHHH,288,53,855,1
SMP402_VTBS_VHHH_2026-03-04 02:25,14.71932,102.3957,2026-03-04T02:57:15Z,274.7,SMP402,B789,VTBS,VHHH,288,53,856,1
SMP402_VTBS_VHHH_2026-03-04 02:25,14.73135,102.41249,2026-03-04T02:57:30Z,276.9,SMP402,B789,VTBS,VHHH,289,53,856,1
SMP402_VTBS_VHHH_2026-03-04 02:25,14.74338,102.4293,2026-03-04T02:57:45Z,279.0,SMP402,B789,VTBS,VHHH,289,53,857,1
SMP402_VTBS_VHHH_2026-03-04 02:25,14.75543,102.44613,2026-03-04T02:58:00Z,281.1,SMP402,B789,VTBS,VHHH,290,53,857,1
SMP402_VTBS_VHHH_2026-03-04 02:25,14.76748,102.46297,2026-03-04T02:58:15Z,283.3,SMP402,B789,VTBS,VHHH,290,53,858,1
SMP402_VTBS_VHHH_2026-03-04 02:25,14.77954,102.47982,2026-03-04T02:58:30Z,285.4,SMP402,B789,VTBS,VHHH,290,54,859,1
SMP402_VTBS_VHHH_2026-03-04 02:25,14.7916,102.49668,2026-03-04T02:58:45Z,287.6,SMP402,B789,VTBS,VHHH,291,54,859,1
SMP402_VTBS_VHHH_2026-03-04 02:25,14.80367,102.51356,2026-03-04T02:59:00Z,289.7,SMP402,B789,VTBS,VHHH,291,54,860,1
SMP402_VTBS_VHHH_2026-03-04 02:25,14.81575,102.53045,2026-03-04T02:59:15Z,291.9,SMP402,B789,VTBS,VHHH,292,54,860,1
SMP402_VTBS_VHHH_2026-03-04 02:25,14.82784,102.54736,2026-03-04T02:59:30Z,294.0,SMP402,B789,VTBS,VHHH,292,54,861,1
SMP402_VTBS_VHHH_2026-03-04 02:25,14.83993,102.56428,2026-03-04T02:59:45Z,296.2,SMP402,B789,VTBS,VHHH,292,54,861,1
SMP402_VTBS_VHHH_2026-03-04 02:25,14.85203,102.58121,2026-03-04T03:00:00Z,298.4,SMP402,B789,VTBS,VHHH,293,54,862,1
SMP402_VTBS_VHHH_2026-03-04 02:25,14.86414,102.59816,2026-03-04T03:00:15Z,300.5,SMP402,B789,VTBS,VHHH,293,54,863,1
SMP402_VTBS_VHHH_2026-03-04 02:25,14.87626,102.61512,2026-03-04T03:00:30Z,302.7,SMP402,B789,VTBS,VHHH,294,54,863,1
SMP402_VTBS_VHHH_2026-03-04 02:25,14.88838,102.63209,2026-03-04T03:00:45Z,304.8,SMP402,B789,VTBS,VHHH,294,54,864,1
SMP402_VTBS_VHHH_2026-03-04 02:25,14.90057,102.64917,2026-03-04T03:01:00Z,307.0,SMP402,B789,VTBS,VHHH,294,54,869,1
SMP402_VTBS_VHHH_2026-03-04 02:25,14.91287,102.6664,2026-03-04T03:01:15Z,309.2,SMP402,B789,VTBS,VHHH,295,54,877,1
SMP402_VTBS_VHHH_2026-03-04 02:25,14.92518,102.68364,2026-03-04T03:01:30Z,311.4,SMP402,B789,VTBS,VHHH,295,54,877,1
SMP402_VTBS_VHHH_2026-03-04 02:25,14.93749,102.70089,2026-03-04T03:01:45Z,313.6,SMP402,B789,VTBS,VHHH,296,54,878,1
SMP402_VTBS_VHHH_2026-03-04 02:25,14.94981,102.71816,2026-03-04T03:02:00Z,315.8,SMP402,B789,VTBS,VHHH,296,54,878,1
SMP402_VTBS_VHHH_2026-03-04 02:25,14.96214,102.73545,2026-03-04T03:02:15Z,318.0,SMP402,B789,VTBS,VHHH,296,54,879,1
SMP402_VTBS_VHHH_2026-03-04 02:25,14.97447,102.75275,2026-03-04T03:02:30Z,320.2,SMP402,B789,VTBS,VHHH,297,54,880,1
SMP402_VTBS_VHHH_2026-03-04 02:25,14.98681,102.77006,2026-03-04T03:02:45Z,322.4,SMP402,B789,VTBS,VHHH,297,54,880,1
SMP402_VTBS_VHHH_2026-03-04 02:25,14.99916,102.78738,2026-03-04T03:03:00Z,324.6,SMP402,B789,VTBS,VHHH,298,54,881,1
SMP402_VTBS_VHHH_2026-03-04 02:25,15.01152,102.80472,2026-03-04T03:03:15Z,326.8,SMP402,B789,VTBS,VHHH,298,54,882,1
SMP402_VTBS_VHHH_2026-03-04 02:25,15.02388,102.82208,2026-03-04T03:03:30Z,329.0,SMP402,B789,VTBS,VHHH,299,54,882,1
SMP402_VTBS_VHHH_2026-03-04 02:25,15.03625,102.83945,2026-03-04T03:03:45Z,331.2,SMP402,B789,VTBS,VHHH,299,54,883,1
SMP402_VTBS_VHHH_2026-03-04 02:25,15.04863,102.85683,2026-03-04T03:04:00Z,333.4,SMP402,B789,VTBS,VHHH,299,54,883,1
SMP402_VTBS_VHHH_2026-03-04 02:25,15.06102,102.87422,2026-03-04T03:04:15Z,335.6,SMP402,B789,VTBS,VHHH,300,54,884,1
SMP402_VTBS_VHHH_2026-03-04 02:25,15.07341,102.89163,2026-03-04T03:04:30Z,337.8,SMP402,B789,VTBS,VHHH,300,54,885,1
SMP402_VTBS_VHHH_2026-03-04 02:25,15.08581,102.90906,2026-03-04T03:04:45Z,340.1,SMP402,B789,VTBS,VHHH,301,54,885,1
SMP402_VTBS_VHHH_2026-03-04 02:25,15.09822,102.9265,2026-03-04T03:05:00Z,342.3,SMP402,B789,VTBS,VHHH,301,54,886,1
SMP402_VTBS_VHHH_2026-03-04 02:25,15.11063,102.94395,2026-03-04T03:05:15Z,344.5,SMP402,B789,VTBS,VHHH,301,54,886,1
SMP402_VTBS_VHHH_2026-03-04 02:25,15.12305,102.96142,2026-03-04T03:05:30Z,346.7,SMP402,B789,VTBS,VHHH,302,54,887,1
SMP402_VTBS_VHHH_2026-03-04 02:25,15.13554,102.97898,2026-03-04T03:05:45Z,348.9,SMP402,B789,VTBS,VHHH,302,54,892,1
SMP402_VTBS_VHHH_2026-03-04 02:25,15.14814,102.9967,2026-03-04T03:06:00Z,351.2,SMP402,B789,VTBS,VHHH,303,54,900,1
SMP402_VTBS_VHHH_2026-03-04 02:25,15.16075,103.01444,2026-03-04T03:06:15Z,353.4,SMP402,B789,VTBS,VHHH,303,54,900,1
SMP402_VTBS_VHHH_2026-03-04 02:25,15.17336,103.03219,2026-03-04T03:06:30Z,355.7,SMP402,B789,VTBS,VHHH,304,54,901,1
SMP402_VTBS_VHHH_2026-03-04 02:25,15.18598,103.04996,2026-03-04T03:06:45Z,358.0,SMP402,B789,VTBS,VHHH,304,54,902,1
SMP402_VTBS_VHHH_2026-03-04 02:25,15.19861,103.06774,2026-03-04T03:07:00Z,360.2,SMP402,B789,VTBS,VHHH,304,54,902,1
SMP402_VTBS_VHHH_2026-03-04 02:25,15.21124,103.08553,2026-03-04T03:07:15Z,362.5,SMP402,B789,VTBS,VHHH,305,54,903,1
SMP402_VTBS_VHHH_2026-03-04 02:25,15.22388,103.10334,2026-03-04T03:07:30Z,364.7,SMP402,B789,VTBS,VHHH,305,54,904,1
SMP402_VTBS_VHHH_2026-03-04 02:25,15.23653,103.12116,2026-03-04T03:07:45Z,367.0,SMP402,B789,VTBS,VHHH,306,54,904,1
SMP402_VTBS_VHHH_2026-03-04 02:25,15.24919,103.139,2026-03-04T03:08:00Z,369.3,SMP402,B789,VTBS,VHHH,306,54,905,1
SMP402_VTBS_VHHH_2026-03-04 02:25,15.26185,103.15685,2026-03-04T03:08:15Z,371.5,SMP402,B789,VTBS,VHHH,307,54,905,1
SMP402_VTBS_VHHH_2026-03-04 02:25,15.27453,103.17472,2026-03-04T03:08:30Z,373.8,SMP402,B789,VTBS,VHHH,307,54,906,1
SMP402_VTBS_VHHH_2026-03-04 02:25,15.2872,103.1926,2026-03-04T03:08:45Z,376.1,SMP402,B789,VTBS,VHHH,307,54,907,1
SMP402_VTBS_VHHH_2026-03-04 02:25,15.29989,103.2105,2026-03-04T03:09:00Z,378.3,SMP402,B789,VTBS,VHHH,308,54,907,1
SMP402_VTBS_VHHH_2026-03-04 02:25,15.31258,103.22841,2026-03-04T03:09:15Z,380.6,SMP402,B789,VTBS,VHHH,308,54,908,1
SMP402_VTBS_VHHH_2026-03-04 02:25,15.32528,103.24633,2026-03-04T03:09:30Z,382.9,SMP402,B789,VTBS,VHHH,309,54,909,1
SMP402_VTBS_VHHH_2026-03-04 02:25,15.33799,103.26427,2026-03-04T03:09:45Z,385.1,SMP402,B789,VTBS,VHHH,309,54,909,1
SMP402_VTBS_VHHH_2026-03-04 02:25,15.35071,103.28223,2026-03-04T03:10:00Z,387.4,SMP402,B789,VTBS,VHHH,310,54,910,1
SMP402_VTBS_VHHH_2026-03-04 02:25,15.36343,103.3002,2026-03-04T03:10:15Z,389.7,SMP402,B789,VTBS,VHHH,310,54,910,1
EXA872_VTBS_VTCT_2026-03-04 02:32,13.70019,100.73845,2026-03-04T02:32:00Z,0.0,EXA872,B38M,VTBS,VTCT,10,194,0,0
EXA872_VTBS_VTCT_2026-03-04 02:32,13.69716,100.73765,2026-03-04T02:32:15Z,0.0,EXA872,B38M,VTBS,VTCT,36,0,0,0
EXA872_VTBS_VTCT_2026-03-04 02:32,13.69325,100.73662,2026-03-04T02:32:30Z,0.0,EXA872,B38M,VTBS,VTCT,70,0,0,0
EXA872_VTBS_VTCT_2026-03-04 02:32,13.68639,100.73482,2026-03-04T02:32:45Z,0.0,EXA872,B38M,VTBS,VTCT,110,194,0,0
EXA872_VTBS_VTCT_2026-03-04 02:32,13.67746,100.73247,2026-03-04T02:33:00Z,0.0,EXA872,B38M,VTBS,VTCT,147,194,0,0
EXA872_VTBS_VTCT_2026-03-04 02:32,13.66675,100.72966,2026-03-04T02:33:15Z,0.8,EXA872,B38M,VTBS,VTCT,173,194,316,1
EXA872_VTBS_VTCT_2026-03-04 02:32,13.65431,100.72639,2026-03-04T02:33:30Z,4.3,EXA872,B38M,VTBS,VTCT,192,194,1418,1
EXA872_VTBS_VTCT_2026-03-04 02:32,13.64124,100.72296,2026-03-04T02:33:45Z,8.1,EXA872,B38M,VTBS,VTCT,197,194,1489,1
EXA872_VTBS_VTCT_2026-03-04 02:32,13.62782,100.71943,2026-03-04T02:34:00Z,11.9,EXA872,B38M,VTBS,VTCT,202,194,1530,1
EXA872_VTBS_VTCT_2026-03-04 02:32,13.61409,100.71582,2026-03-04T02:34:15Z,15.8,EXA872,B38M,VTBS,VTCT,207,194,1565,1
EXA872_VTBS_VTCT_2026-03-04 02:32,13.59998,100.71212,2026-03-04T02:34:30Z,19.8,EXA872,B38M,VTBS,VTCT,212,194,1608,1
EXA872_VTBS_VTCT_2026-03-04 02:32,13.58554,100.70832,2026-03-04T02:34:45Z,23.9,EXA872,B38M,VTBS,VTCT,218,194,1646,1
EXA872_VTBS_VTCT_2026-03-04 02:32,13.57071,100.70443,2026-03-04T02:35:00Z,28.2,EXA872,B38M,VTBS,VTCT,223,194,1690,1
EXA872_VTBS_VTCT_2026-03-04 02:32,13.55553,100.70044,2026-03-04T02:35:15Z,32.5,EXA872,B38M,VTBS,VTCT,229,194,1730,1
EXA872_VTBS_VTCT_2026-03-04 02:32,13.53994,100.69635,2026-03-04T02:35:30Z,36.9,EXA872,B38M,VTBS,VTCT,235,194,1777,1
EXA872_VTBS_VTCT_2026-03-04 02:32,13.52398,100.69216,2026-03-04T02:35:45Z,41.5,EXA872,B38M,VTBS,VTCT,241,194,1820,1
EXA872_VTBS_VTCT_2026-03-04 02:32,13.5076,100.68786,2026-03-04T02:36:00Z,46.2,EXA872,B38M,VTBS,VTCT,247,194,1866,1
EXA872_VTBS_VTCT_2026-03-04 02:32,13.491,100.68351,2026-03-04T02:36:15Z,50.9,EXA872,B38M,VTBS,VTCT,247,194,1892,1
EXA872_VTBS_VTCT_2026-03-04 02:32,13.48071,100.67958,2026-03-04T02:36:30Z,55.0,EXA872,B38M,VTBS,VTCT,247,353,1649,1
EXA872_VTBS_VTCT_2026-03-04 02:32,13.49801,100.67751,2026-03-04T02:36:45Z,56.5,EXA872,B38M,VTBS,VTCT,247,353,583,1
EXA872_VTBS_VTCT_2026-03-04 02:32,13.51532,100.67545,2026-03-04T02:37:00Z,57.9,EXA872,B38M,VTBS,VTCT,248,353,584,1
EXA872_VTBS_VTCT_2026-03-04 02:32,13.53265,100.67338,2026-03-04T02:37:15Z,59.4,EXA872,B38M,VTBS,VTCT,248,353,584,1
EXA872_VTBS_VTCT_2026-03-04 02:32,13.54998,100.67132,2026-03-04T02:37:30Z,60.9,EXA872,B38M,VTBS,VTCT,248,353,585,1
EXA872_VTBS_VTCT_2026-03-04 02:32,13.56733,100.66925,2026-03-04T02:37:45Z,62.3,EXA872,B38M,VTBS,VTCT,249,353,585,1
EXA872_VTBS_VTCT_2026-03-04 02:32,13.58469,100.66717,2026-03-04T02:38:00Z,63.8,EXA872,B38M,VTBS,VTCT,249,353,585,1
EXA872_VTBS_VTCT_2026-03-04 02:32,13.60206,100.6651,2026-03-04T02:38:15Z,65.3,EXA872,B38M,VTBS,VTCT,249,353,586,1
EXA872_VTBS_VTCT_2026-03-04 02:32,13.61945,100.66303,2026-03-04T02:38:30Z,66.7,EXA872,B38M,VTBS,VTCT,250,353,586,1
EXA872_VTBS_VTCT_2026-03-04 02:32,13.63684,100.66095,2026-03-04T02:38:45Z,68.2,EXA872,B38M,VTBS,VTCT,250,353,587,1
EXA872_VTBS_VTCT_2026-03-04 02:32,13.65425,100.65887,2026-03-04T02:39:00Z,69.7,EXA872,B38M,VTBS,VTCT,251,353,587,1
EXA872_VTBS_VTCT_2026-03-04 02:32,13.67167,100.65679,2026-03-04T02:39:15Z,71.1,EXA872,B38M,VTBS,VTCT,251,353,588,1
EXA872_VTBS_VTCT_2026-03-04 02:32,13.68911,100.65471,2026-03-04T02:39:30Z,72.6,EXA872,B38M,VTBS,VTCT,251,353,588,1
EXA872_VTBS_VTCT_2026-03-04 02:32,13.70655,100.65263,2026-03-04T02:39:45Z,74.1,EXA872,B38M,VTBS,VTCT,252,353,588,1
EXA872_VTBS_VTCT_2026-03-04 02:32,13.72401,100.65054,2026-03-04T02:40:00Z,75.5,EXA872,B38M,VTBS,VTCT,252,353,589,1
EXA872_VTBS_VTCT_2026-03-04 02:32,13.74148,100.64845,2026-03-04T02:40:15Z,77.0,EXA872,B38M,VTBS,VTCT,252,353,589,1
EXA872_VTBS_VTCT_2026-03-04 02:32,13.75896,100.64637,2026-03-04T02:40:30Z,78.5,EXA872,B38M,VTBS,VTCT,253,353,590,1
EXA872_VTBS_VTCT_2026-03-04 02:32,13.77645,100.64427,2026-03-04T02:40:45Z,80.0,EXA872,B38M,VTBS,VTCT,253,353,590,1
EXA872_VTBS_VTCT_2026-03-04 02:32,13.79395,100.64218,2026-03-04T02:41:00Z,81.4,EXA872,B38M,VTBS,VTCT,253,353,590,1
EXA872_VTBS_VTCT_2026-03-04 02:32,13.81147,100.64009,2026-03-04T02:41:15Z,82.9,EXA872,B38M,VTBS,VTCT,254,353,591,1
EXA872_VTBS_VTCT_2026-03-04 02:32,13.829,100.63799,2026-03-04T02:41:30Z,84.4,EXA872,B38M,VTBS,VTCT,254,353,591,1
EXA872_VTBS_VTCT_2026-03-04 02:32,13.84654,100.63589,2026-03-04T02:41:45Z,85.9,EXA872,B38M,VTBS,VTCT,254,353,592,1
EXA872_VTBS_VTCT_2026-03-04 02:32,13.86409,100.6338,2026-03-04T02:42:00Z,87.4,EXA872,B38M,VTBS,VTCT,255,353,592,1
EXA872_VTBS_VTCT_2026-03-04 02:32,13.88184,100.63167,2026-03-04T02:42:15Z,88.9,EXA872,B38M,VTBS,VTCT,255,353,598,1
EXA872_VTBS_VTCT_2026-03-04 02:32,13.89968,100.62954,2026-03-04T02:42:30Z,90.4,EXA872,B38M,VTBS,VTCT,255,353,602,1
EXA872_VTBS_VTCT_2026-03-04 02:32,13.91755,100.6274,2026-03-04T02:42:45Z,91.9,EXA872,B38M,VTBS,VTCT,256,353,602,1
EXA872_VTBS_VTCT_2026-03-04 02:32,13.93542,100.62526,2026-03-04T02:43:00Z,93.4,EXA872,B38M,VTBS,VTCT,256,353,603,1
EXA872_VTBS_VTCT_2026-03-04 02:32,13.95331,100.62312,2026-03-04T02:43:15Z,94.9,EXA872,B38M,VTBS,VTCT,257,353,603,1
EXA872_VTBS_VTCT_2026-03-04 02:32,13.9712,100.62098,2026-03-04T02:43:30Z,96.4,EXA872,B38M,VTBS,VTCT,257,353,604,1
EXA872_VTBS_VTCT_2026-03-04 02:32,13.98911,100.61883,2026-03-04T02:43:45Z,97.9,EXA872,B38M,VTBS,VTCT,257,353,604,1
EXA872_VTBS_VTCT_2026-03-04 02:32,14.00704,100.61669,2026-03-04T02:44:00Z,99.4,EXA872,B38M,VTBS,VTCT,258,353,604,1
EXA872_VTBS_VTCT_2026-03-04 02:32,14.02497,100.61454,2026-03-04T02:44:15Z,100.9,EXA872,B38M,VTBS,VTCT,258,353,605,1
EXA872_VTBS_VTCT_2026-03-04 02:32,14.04292,100.61239,2026-03-04T02:44:30Z,102.5,EXA872,B38M,VTBS,VTCT,258,353,605,1
EXA872_VTBS_VTCT_2026-03-04 02:32,14.06088,100.61024,2026-03-04T02:44:45Z,104.0,EXA872,B38M,VTBS,VTCT,259,353,606,1
EXA872_VTBS_VTCT_2026-03-04 02:32,14.07885,100.60808,2026-03-04T02:45:00Z,105.5,EXA872,B38M,VTBS,VTCT,259,353,606,1
EXA872_VTBS_VTCT_2026-03-04 02:32,14.09684,100.60593,2026-03-04T02:45:15Z,107.0,EXA872,B38M,VTBS,VTCT,259,353,607,1
EXA872_VTBS_VTCT_2026-03-04 02:32,14.11483,100.60377,2026-03-04T02:45:30Z,108.5,EXA872,B38M,VTBS,VTCT,260,353,607,1
EXA872_VTBS_VTCT_2026-03-04 02:32,14.13284,100.60161,2026-03-04T02:45:45Z,110.0,EXA872,B38M,VTBS,VTCT,260,353,607,1
EXA872_VTBS_VTCT_2026-03-04 02:32,14.15087,100.59945,2026-03-04T02:46:00Z,111.6,EXA872,B38M,VTBS,VTCT,260,353,608,1
EXA872_VTBS_VTCT_2026-03-04 02:32,14.1689,100.59729,2026-03-04T02:46:15Z,113.1,EXA872,B38M,VTBS,VTCT,261,353,608,1
EXA872_VTBS_VTCT_2026-03-04 02:32,14.18695,100.59513,2026-03-04T02:46:30Z,114.6,EXA872,B38M,VTBS,VTCT,261,353,609,1
EXA872_VTBS_VTCT_2026-03-04 02:32,14.20501,100.59296,2026-03-04T02:46:45Z,116.1,EXA872,B38M,VTBS,VTCT,262,353,609,1
EXA872_VTBS_VTCT_2026-03-04 02:32,14.22308,100.59079,2026-03-04T02:47:00Z,117.7,EXA872,B38M,VTBS,VTCT,262,353,610,1
EXA872_VTBS_VTCT_2026-03-04 02:32,14.24116,100.58862,2026-03-04T02:47:15Z,119.2,EXA872,B38M,VTBS,VTCT,262,353,610,1
EXA872_VTBS_VTCT_2026-03-04 02:32,14.25926,100.58645,2026-03-04T02:47:30Z,120.7,EXA872,B38M,VTBS,VTCT,263,353,610,1
EXA872_VTBS_VTCT_2026-03-04 02:32,14.27758,100.58425,2026-03-04T02:47:45Z,122.3,EXA872,B38M,VTBS,VTCT,263,353,618,1
EXA872_VTBS_VTCT_2026-03-04 02:32,14.29597,100.58204,2026-03-04T02:48:00Z,123.8,EXA872,B38M,VTBS,VTCT,263,353,620,1
EXA872_VTBS_VTCT_2026-03-04 02:32,14.31438,100.57983,2026-03-04T02:48:15Z,125.4,EXA872,B38M,VTBS,VTCT,264,353,621,1
EXA872_VTBS_VTCT_2026-03-04 02:32,14.3328,100.57762,2026-03-04T02:48:30Z,126.9,EXA872,B38M,VTBS,VTCT,264,353,621,1
EXA872_VTBS_VTCT_2026-03-04 02:32,14.35123,100.57541,2026-03-04T02:48:45Z,128.5,EXA872,B38M,VTBS,VTCT,265,353,622,1
EXA872_VTBS_VTCT_2026-03-04 02:32,14.36967,100.57319,2026-03-04T02:49:00Z,130.0,EXA872,B38M,VTBS,VTCT,265,353,622,1
EXA872_VTBS_VTCT_2026-03-04 02:32,14.38813,100.57097,2026-03-04T02:49:15Z,131.6,EXA872,B38M,VTBS,VTCT,265,353,623,1
EXA872_VTBS_VTCT_2026-03-04 02:32,14.4066,100.56875,2026-03-04T02:49:30Z,133.1,EXA872,B38M,VTBS,VTCT,266,353,623,1
EXA872_VTBS_VTCT_2026-03-04 02:32,14.42508,100.56653,2026-03-04T02:49:45Z,134.7,EXA872,B38M,VTBS,VTCT,266,353,623,1
EXA872_VTBS_VTCT_2026-03-04 02:32,14.44358,100.56431,2026-03-04T02:50:00Z,136.3,EXA872,B38M,VTBS,VTCT,266,353,624,1
EXA872_VTBS_VTCT_2026-03-04 02:32,14.46209,100.56208,2026-03-04T02:50:15Z,137.8,EXA872,B38M,VTBS,VTCT,267,353,624,1
EXA872_VTBS_VTCT_2026-03-04 02:32,14.48061,100.55986,2026-03-04T02:50:30Z,139.4,EXA872,B38M,VTBS,VTCT,267,353,625,1
EXA872_VTBS_VTCT_2026-03-04 02:32,14.49914,100.55763,2026-03-04T02:50:45Z,141.0,EXA872,B38M,VTBS,VTCT,267,353,625,1
EXA872_VTBS_VTCT_2026-03-04 02:32,14.51769,100.5554,2026-03-04T02:51:00Z,142.5,EXA872,B38M,VTBS,VTCT,268,353,626,1
EXA872_VTBS_VTCT_2026-03-04 02:32,14.53624,100.55316,2026-03-04T02:51:15Z,144.1,EXA872,B38M,VTBS,VTCT,268,353,626,1
EXA872_VTBS_VTCT_2026-03-04 02:32,14.55482,100.55093,2026-03-04T02:51:30Z,145.7,EXA872,B38M,VTBS,VTCT,269,353,626,1
EXA872_VTBS_VTCT_2026-03-04 02:32,14.5734,100.54869,2026-03-04T02:51:45Z,147.2,EXA872,B38M,VTBS,VTCT,269,353,627,1
EXA872_VTBS_VTCT_2026-03-04 02:32,14.592,100.54645,2026-03-04T02:52:00Z,148.8,EXA872,B38M,VTBS,VTCT,269,353,627,1
EXA872_VTBS_VTCT_2026-03-04 02:32,14.61061,100.54421,2026-03-04T02:52:15Z,150.4,EXA872,B38M,VTBS,VTCT,270,353,628,1
EXA872_VTBS_VTCT_2026-03-04 02:32,14.62923,100.54197,2026-03-04T02:52:30Z,151.9,EXA872,B38M,VTBS,VTCT,270,353,628,1
EXA872_VTBS_VTCT_2026-03-04 02:32,14.64787,100.53972,2026-03-04T02:52:45Z,153.5,EXA872,B38M,VTBS,VTCT,270,353,629,1
EXA872_VTBS_VTCT_2026-03-04 02:32,14.66667,100.53746,2026-03-04T02:53:00Z,155.1,EXA872,B38M,VTBS,VTCT,271,353,634,1
EXA872_VTBS_VTCT_2026-03-04 02:32,14.6856,100.53518,2026-03-04T02:53:15Z,156.7,EXA872,B38M,VTBS,VTCT,271,353,639,1
EXA872_VTBS_VTCT_2026-03-04 02:32,14.70455,100.5329,2026-03-04T02:53:30Z,158.3,EXA872,B38M,VTBS,VTCT,272,353,639,1
EXA872_VTBS_VTCT_2026-03-04 02:32,14.72351,100.53061,2026-03-04T02:53:45Z,159.9,EXA872,B38M,VTBS,VTCT,272,353,639,1
EXA872_VTBS_VTCT_2026-03-04 02:32,14.74248,100.52832,2026-03-04T02:54:00Z,161.5,EXA872,B38M,VTBS,VTCT,272,353,640,1
EXA872_VTBS_VTCT_2026-03-04 02:32,14.76146,100.52604,2026-03-04T02:54:15Z,163.1,EXA872,B38M,VTBS,VTCT,273,353,640,1
EXA872_VTBS_VTCT_2026-03-04 02:32,14.78046,100.52374,2026-03-04T02:54:30Z,164.7,EXA872,B38M,VTBS,VTCT,273,353,641,1
EXA872_VTBS_VTCT_2026-03-04 02:32,14.79947,100.52145,2026-03-04T02:54:45Z,166.3,EXA872,B38M,VTBS,VTCT,273,353,641,1
EXA872_VTBS_VTCT_2026-03-04 02:32,14.8185,100.51916,2026-03-04T02:55:00Z,167.9,EXA872,B38M,VTBS,VTCT,274,353,642,1
EXA872_VTBS_VTCT_2026-03-04 02:32,14.83754,100.51686,2026-03-04T02:55:15Z,169.5,EXA872,B38M,VTBS,VTCT,274,353,642,1
EXA872_VTBS_VTCT_2026-03-04 02:32,14.85659,100.51456,2026-03-04T02:55:30Z,171.1,EXA872,B38M,VTBS,VTCT,275,353,643,1
EXA872_VTBS_VTCT_2026-03-04 02:32,14.87565,100.51226,2026-03-04T02:55:45Z,172.7,EXA872,B38M,VTBS,VTCT,275,353,643,1
EXA872_VTBS_VTCT_2026-03-04 02:32,14.89473,100.50996,2026-03-04T02:56:00Z,174.3,EXA872,B38M,VTBS,VTCT,275,353,643,1
EXA872_VTBS_VTCT_2026-03-04 02:32,14.91382,100.50765,2026-03-04T02:56:15Z,175.9,EXA872,B38M,VTBS,VTCT,276,353,644,1
EXA872_VTBS_VTCT_2026-03-04 02:32,14.93292,100.50535,2026-03-04T02:56:30Z,177.6,EXA872,B38M,VTBS,VTCT,276,353,644,1
EXA872_VTBS_VTCT_2026-03-04 02:32,14.95204,100.50304,2026-03-04T02:56:45Z,179.2,EXA872,B38M,VTBS,VTCT,277,353,645,1
EXA872_VTBS_VTCT_2026-03-04 02:32,14.97117,100.50073,2026-03-04T02:57:00Z,180.8,EXA872,B38M,VTBS,VTCT,277,353,645,1
EXA872_VTBS_VTCT_2026-03-04 02:32,14.99031,100.49841,2026-03-04T02:57:15Z,182.4,EXA872,B38M,VTBS,VTCT,277,353,646,1
EXA872_VTBS_VTCT_2026-03-04 02:32,15.00947,100.4961,2026-03-04T02:57:30Z,184.0,EXA872,B38M,VTBS,VTCT,278,353,646,1
EXA872_VTBS_VTCT_2026-03-04 02:32,15.02864,100.49378,2026-03-04T02:57:45Z,185.6,EXA872,B38M,VTBS,VTCT,278,353,647,1
EXA872_VTBS_VTCT_2026-03-04 02:32,15.04782,100.49146,2026-03-04T02:58:00Z,187.3,EXA872,B38M,VTBS,VTCT,278,353,647,1
EXA872_VTBS_VTCT_2026-03-04 02:32,15.06727,100.48911,2026-03-04T02:58:15Z,188.9,EXA872,B38M,VTBS,VTCT,279,353,656,1
EXA872_VTBS_VTCT_2026-03-04 02:32,15.08675,100.48675,2026-03-04T02:58:30Z,190.5,EXA872,B38M,VTBS,VTCT,279,353,657,1
EXA872_VTBS_VTCT_2026-03-04 02:32,15.10624,100.4844,2026-03-04T02:58:45Z,192.2,EXA872,B38M,VTBS,VTCT,280,353,658,1
EXA872_VTBS_VTCT_2026-03-04 02:32,15.12575,100.48204,2026-03-04T02:59:00Z,193.8,EXA872,B38M,VTBS,VTCT,280,353,658,1
EXA872_VTBS_VTCT_2026-03-04 02:32,15.14527,100.47967,2026-03-04T02:59:15Z,195.5,EXA872,B38M,VTBS,VTCT,280,353,658,1
EXA872_VTBS_VTCT_2026-03-04 02:32,15.16481,100.47731,2026-03-04T02:59:30Z,197.1,EXA872,B38M,VTBS,VTCT,281,353,659,1
EXA872_VTBS_VTCT_2026-03-04 02:32,15.18435,100.47494,2026-03-04T02:59:45Z,198.8,EXA872,B38M,VTBS,VTCT,281,353,659,1
EXA872_VTBS_VTCT_2026-03-04 02:32,15.20392,100.47258,2026-03-04T03:00:00Z,200.4,EXA872,B38M,VTBS,VTCT,282,353,660,1
EXA872_VTBS_VTCT_2026-03-04 02:32,15.22349,100.47021,2026-03-04T03:00:15Z,202.1,EXA872,B38M,VTBS,VTCT,282,353,660,1
EXA872_VTBS_VTCT_2026-03-04 02:32,15.24308,100.46783,2026-03-04T03:00:30Z,203.7,EXA872,B38M,VTBS,VTCT,282,353,661,1
EXA872_VTBS_VTCT_2026-03-04 02:32,15.26268,100.46546,2026-03-04T03:00:45Z,205.4,EXA872,B38M,VTBS,VTCT,283,353,661,1
EXA872_VTBS_VTCT_2026-03-04 02:32,15.2823,100.46308,2026-03-04T03:01:00Z,207.0,EXA872,B38M,VTBS,VTCT,283,353,662,1
EXA872_VTBS_VTCT_2026-03-04 02:32,15.30193,100.4607,2026-03-04T03:01:15Z,208.7,EXA872,B38M,VTBS,VTCT,284,353,662,1
EXA872_VTBS_VTCT_2026-03-04 02:32,15.32157,100.45832,2026-03-04T03:01:30Z,210.4,EXA872,B38M,VTBS,VTCT,284,353,663,1
EXA872_VTBS_VTCT_2026-03-04 02:32,15.34122,100.45594,2026-03-04T03:01:45Z,212.0,EXA872,B38M,VTBS,VTCT,284,353,663,1
EXA872_VTBS_VTCT_2026-03-04 02:32,15.36089,100.45356,2026-03-04T03:02:00Z,213.7,EXA872,B38M,VTBS,VTCT,285,353,663,1
EXA872_VTBS_VTCT_2026-03-04 02:32,15.38058,100.45117,2026-03-04T03:02:15Z,215.3,EXA872,B38M,VTBS,VTCT,285,353,664,1
EXA872_VTBS_VTCT_2026-03-04 02:32,15.40027,100.44878,2026-03-04T03:02:30Z,217.0,EXA872,B38M,VTBS,VTCT,286,353,664,1
EXA872_VTBS_VTCT_2026-03-04 02:32,15.41998,100.44639,2026-03-04T03:02:45Z,218.7,EXA872,B38M,VTBS,VTCT,286,353,665,1
EXA872_VTBS_VTCT_2026-03-04 02:32,15.43971,100.444,2026-03-04T03:03:00Z,220.3,EXA872,B38M,VTBS,VTCT,286,353,665,1
EXA872_VTBS_VTCT_2026-03-04 02:32,15.45969,100.44157,2026-03-04T03:03:15Z,222.0,EXA872,B38M,VTBS,VTCT,287,353,674,1
EXA872_VTBS_VTCT_2026-03-04 02:32,15.47971,100.43914,2026-03-04T03:03:30Z,223.7,EXA872,B38M,VTBS,VTCT,287,353,675,1
EXA872_VTBS_VTCT_2026-03-04 02:32,15.49974,100.43671,2026-03-04T03:03:45Z,225.4,EXA872,B38M,VTBS,VTCT,288,353,676,1
EXA872_VTBS_VTCT_2026-03-04 02:32,15.5198,100.43427,2026-03-04T03:04:00Z,227.1,EXA872,B38M,VTBS,VTCT,288,353,676,1
EXA872_VTBS_VTCT_2026-03-04 02:32,15.53986,100.43184,2026-03-04T03:04:15Z,228.8,EXA872,B38M,VTBS,VTCT,288,353,677,1
EXA872_VTBS_VTCT_2026-03-04 02:32,15.55994,100.4294,2026-03-04T03:04:30Z,230.5,EXA872,B38M,VTBS,VTCT,289,353,677,1
EXA872_VTBS_VTCT_2026-03-04 02:32,15.58003,100.42696,2026-03-04T03:04:45Z,232.2,EXA872,B38M,VTBS,VTCT,289,353,678,1
EXA872_VTBS_VTCT_2026-03-04 02:32,15.60013,100.42451,2026-03-04T03:05:00Z,233.9,EXA872,B38M,VTBS,VTCT,290,353,678,1
EXA872_VTBS_VTCT_2026-03-04 02:32,15.62025,100.42207,2026-03-04T03:05:15Z,235.6,EXA872,B38M,VTBS,VTCT,290,353,679,1
EXA872_VTBS_VTCT_2026-03-04 02:32,15.64039,100.41962,2026-03-04T03:05:30Z,237.3,EXA872,B38M,VTBS,VTCT,290,353,679,1
EXA872_VTBS_VTCT_2026-03-04 02:32,15.66054,100.41717,2026-03-04T03:05:45Z,239.0,EXA872,B38M,VTBS,VTCT,291,353,680,1
EXA872_VTBS_VTCT_2026-03-04 02:32,15.6807,100.41472,2026-03-04T03:06:00Z,240.7,EXA872,B38M,VTBS,VTCT,291,353,680,1
EXA872_VTBS_VTCT_2026-03-04 02:32,15.70087,100.41226,2026-03-04T03:06:15Z,242.4,EXA872,B38M,VTBS,VTCT,292,353,681,1
EXA872_VTBS_VTCT_2026-03-04 02:32,15.72106,100.40981,2026-03-04T03:06:30Z,244.1,EXA872,B38M,VTBS,VTCT,292,353,681,1
EXA872_VTBS_VTCT_2026-03-04 02:32,15.74126,100.40735,2026-03-04T03:06:45Z,245.8,EXA872,B38M,VTBS,VTCT,292,353,682,1
EXA872_VTBS_VTCT_2026-03-04 02:32,15.76148,100.40489,2026-03-04T03:07:00Z,247.5,EXA872,B38M,VTBS,VTCT,293,353,682,1
EXA872_VTBS_VTCT_2026-03-04 02:32,15.78171,100.40242,2026-03-04T03:07:15Z,249.2,EXA872,B38M,VTBS,VTCT,293,353,682,1
EXA872_VTBS_VTCT_2026-03-04 02:32,15.80196,100.39996,2026-03-04T03:07:30Z,250.9,EXA872,B38M,VTBS,VTCT,294,353,683,1
EXA872_VTBS_VTCT_2026-03-04 02:32,15.82221,100.39749,2026-03-04T03:07:45Z,252.6,EXA872,B38M,VTBS,VTCT,294,353,683,1
EXA872_VTBS_VTCT_2026-03-04 02:32,15.84259,100.39501,2026-03-04T03:08:00Z,254.3,EXA872,B38M,VTBS,VTCT,294,353,687,1
EXA872_VTBS_VTCT_2026-03-04 02:32,15.86315,100.3925,2026-03-04T03:08:15Z,256.1,EXA872,B38M,VTBS,VTCT,295,353,694,1
EXA872_VTBS_VTCT_2026-03-04 02:32,15.88372,100.39,2026-03-04T03:08:30Z,257.8,EXA872,B38M,VTBS,VTCT,295,353,694,1
EXA872_VTBS_VTCT_2026-03-04 02:32,15.90431,100.38749,2026-03-04T03:08:45Z,259.5,EXA872,B38M,VTBS,VTCT,296,353,694,1
EXA872_VTBS_VTCT_2026-03-04 02:32,15.92491,100.38497,2026-03-04T03:09:00Z,261.3,EXA872,B38M,VTBS,VTCT,296,353,695,1
EXA872_VTBS_VTCT_2026-03-04 02:32,15.94552,100.38246,2026-03-04T03:09:15Z,263.0,EXA872,B38M,VTBS,VTCT,296,353,695,1
EXA872_VTBS_VTCT_2026-03-04 02:32,15.96615,100.37994,2026-03-04T03:09:30Z,264.8,EXA872,B38M,VTBS,VTCT,297,353,696,1
EXA872_VTBS_VTCT_2026-03-04 02:32,15.9868,100.37743,2026-03-04T03:09:45Z,266.5,EXA872,B38M,VTBS,VTCT,297,353,696,1
EXA872_VTBS_VTCT_2026-03-04 02:32,16.00745,100.37491,2026-03-04T03:10:00Z,268.2,EXA872,B38M,VTBS,VTCT,298,353,697,1
EXA872_VTBS_VTCT_2026-03-04 02:32,16.02812,100.37238,2026-03-04T03:10:15Z,270.0,EXA872,B38M,VTBS,VTCT,298,353,697,1
EXA872_VTBS_VTCT_2026-03-04 02:32,16.04881,100.36986,2026-03-04T03:10:30Z,271.7,EXA872,B38M,VTBS,VTCT,299,353,698,1
EXA872_VTBS_VTCT_2026-03-04 02:32,16.06951,100.36733,2026-03-04T03:10:45Z,273.5,EXA872,B38M,VTBS,VTCT,299,353,698,1
EXA872_VTBS_VTCT_2026-03-04 02:32,16.09023,100.3648,2026-03-04T03:11:00Z,275.2,EXA872,B38M,VTBS,VTCT,299,353,699,1
EXA872_VTBS_VTCT_2026-03-04 02:32,16.11095,100.36227,2026-03-04T03:11:15Z,277.0,EXA872,B38M,VTBS,VTCT,300,353,699,1
EXA872_VTBS_VTCT_2026-03-04 02:32,16.1317,100.35973,2026-03-04T03:11:30Z,278.7,EXA872,B38M,VTBS,VTCT,300,353,700,1
EXA872_VTBS_VTCT_2026-03-04 02:32,16.15245,100.3572,2026-03-04T03:11:45Z,280.5,EXA872,B38M,VTBS,VTCT,301,353,700,1
EXA872_VTBS_VTCT_2026-03-04 02:32,16.17323,100.35466,2026-03-04T03:12:00Z,282.2,EXA872,B38M,VTBS,VTCT,301,353,701,1
EXA872_VTBS_VTCT_2026-03-04 02:32,16.19401,100.35212,2026-03-04T03:12:15Z,284.0,EXA872,B38M,VTBS,VTCT,301,353,701,1
EXA872_VTBS_VTCT_2026-03-04 02:32,16.21481,100.34957,2026-03-04T03:12:30Z,285.7,EXA872,B38M,VTBS,VTCT,302,353,702,1
EXA872_VTBS_VTCT_2026-03-04 02:32,16.23573,100.34702,2026-03-04T03:12:45Z,287.5,EXA872,B38M,VTBS,VTCT,302,353,706,1
EXA872_VTBS_VTCT_2026-03-04 02:32,16.25683,100.34443,2026-03-04T03:13:00Z,289.3,EXA872,B38M,VTBS,VTCT,303,353,712,1
EXA872_VTBS_VTCT_2026-03-04 02:32,16.27795,100.34185,2026-03-04T03:13:15Z,291.1,EXA872,B38M,VTBS,VTCT,303,353,712,1
EXA872_VTBS_VTCT_2026-03-04 02:32,16.29907,100.33926,2026-03-04T03:13:30Z,292.9,EXA872,B38M,VTBS,VTCT,304,353,713,1
EXA872_VTBS_VTCT_2026-03-04 02:32,16.32022,100.33668,2026-03-04T03:13:45Z,294.6,EXA872,B38M,VTBS,VTCT,304,353,713,1
EXA872_VTBS_VTCT_2026-03-04 02:32,16.34138,100.33409,2026-03-04T03:14:00Z,296.4,EXA872,B38M,VTBS,VTCT,304,353,714,1
EXA872_VTBS_VTCT_2026-03-04 02:32,16.36255,100.33149,2026-03-04T03:14:15Z,298.2,EXA872,B38M,VTBS,VTCT,305,353,714,1
EXA872_VTBS_VTCT_2026-03-04 02:32,16.38374,100.3289,2026-03-04T03:14:30Z,300.0,EXA872,B38M,VTBS,VTCT,305,353,715,1
EXA872_VTBS_VTCT_2026-03-04 02:32,16.40494,100.3263,2026-03-04T03:14:45Z,301.8,EXA872,B38M,VTBS,VTCT,306,353,715,1
EXA872_VTBS_VTCT_2026-03-04 02:32,16.42616,100.3237,2026-03-04T03:15:00Z,303.6,EXA872,B38M,VTBS,VTCT,306,353,716,1
EXA872_VTBS_VTCT_2026-03-04 02:32,16.44739,100.3211,2026-03-04T03:15:15Z,305.4,EXA872,B38M,VTBS,VTCT,307,353,716,1
EXA872_VTBS_VTCT_2026-03-04 02:32,16.46864,100.31849,2026-03-04T03:15:30Z,307.2,EXA872,B38M,VTBS,VTCT,307,353,717,1
EXA872_VTBS_VTCT_2026-03-04 02:32,16.4899,100.31589,2026-03-04T03:15:45Z,309.0,EXA872,B38M,VTBS,VTCT,307,353,717,1
EXA872_VTBS_VTCT_2026-03-04 02:32,16.51117,100.31328,2026-03-04T03:16:00Z,310.8,EXA872,B38M,VTBS,VTCT,308,353,718,1
EXA872_VTBS_VTCT_2026-03-04 02:32,16.53246,100.31066,2026-03-04T03:16:15Z,312.6,EXA872,B38M,VTBS,VTCT,308,353,718,1
EXA872_VTBS_VTCT_2026-03-04 02:32,16.55377,100.30805,2026-03-04T03:16:30Z,314.4,EXA872,B38M,VTBS,VTCT,309,353,719,1
EXA872_VTBS_VTCT_2026-03-04 02:32,16.57509,100.30543,2026-03-04T03:16:45Z,316.2,EXA872,B38M,VTBS,VTCT,309,353,719,1
EXA872_VTBS_VTCT_2026-03-04 02:32,16.59642,100.30281,2026-03-04T03:17:00Z,318.0,EXA872,B38M,VTBS,VTCT,310,353,720,1
EXA872_VTBS_VTCT_2026-03-04 02:32,16.61777,100.30019,2026-03-04T03:17:15Z,319.8,EXA872,B38M,VTBS,VTCT,310,353,720,1
MOC905_VTBS_VDPP_2026-03-04 02:39,13.70019,100.73845,2026-03-04T02:39:00Z,0.0,MOC905,E190,VTBS,VDPP,10,194,0,0
MOC905_VTBS_VDPP_2026-03-04 02:39,13.69716,100.73765,2026-03-04T02:39:15Z,0.0,MOC905,E190,VTBS,VDPP,36,0,0,0
MOC905_VTBS_VDPP_2026-03-04 02:39,13.69325,100.73662,2026-03-04T02:39:30Z,0.0,MOC905,E190,VTBS,VDPP,70,0,0,0
MOC905_VTBS_VDPP_2026-03-04 02:39,13.68639,100.73482,2026-03-04T02:39:45Z,0.0,MOC905,E190,VTBS,VDPP,110,194,0,0
MOC905_VTBS_VDPP_2026-03-04 02:39,13.67746,100.73247,2026-03-04T02:40:00Z,0.0,MOC905,E190,VTBS,VDPP,147,194,0,0
MOC905_VTBS_VDPP_2026-03-04 02:39,13.66675,100.72966,2026-03-04T02:40:15Z,0.8,MOC905,E190,VTBS,VDPP,173,194,316,1
MOC905_VTBS_VDPP_2026-03-04 02:39,13.65431,100.72639,2026-03-04T02:40:30Z,4.3,MOC905,E190,VTBS,VDPP,192,194,1418,1
MOC905_VTBS_VDPP_2026-03-04 02:39,13.64124,100.72296,2026-03-04T02:40:45Z,8.1,MOC905,E190,VTBS,VDPP,197,194,1489,1
MOC905_VTBS_VDPP_2026-03-04 02:39,13.62782,100.71943,2026-03-04T02:41:00Z,11.9,MOC905,E190,VTBS,VDPP,202,194,1530,1
MOC905_VTBS_VDPP_2026-03-04 02:39,13.61409,100.71582,2026-03-04T02:41:15Z,15.8,MOC905,E190,VTBS,VDPP,207,194,1565,1
MOC905_VTBS_VDPP_2026-03-04 02:39,13.59998,100.71212,2026-03-04T02:41:30Z,19.8,MOC905,E190,VTBS,VDPP,212,194,1608,1
MOC905_VTBS_VDPP_2026-03-04 02:39,13.58554,100.70832,2026-03-04T02:41:45Z,23.9,MOC905,E190,VTBS,VDPP,218,194,1646,1
MOC905_VTBS_VDPP_2026-03-04 02:39,13.57071,100.70443,2026-03-04T02:42:00Z,28.2,MOC905,E190,VTBS,VDPP,223,194,1690,1
MOC905_VTBS_VDPP_2026-03-04 02:39,13.55553,100.70044,2026-03-04T02:42:15Z,32.5,MOC905,E190,VTBS,VDPP,229,194,1730,1
MOC905_VTBS_VDPP_2026-03-04 02:39,13.53994,100.69635,2026-03-04T02:42:30Z,36.9,MOC905,E190,VTBS,VDPP,235,194,1777,1
MOC905_VTBS_VDPP_2026-03-04 02:39,13.52398,100.69216,2026-03-04T02:42:45Z,41.5,MOC905,E190,VTBS,VDPP,241,194,1820,1
MOC905_VTBS_VDPP_2026-03-04 02:39,13.5076,100.68786,2026-03-04T02:43:00Z,46.2,MOC905,E190,VTBS,VDPP,247,194,1866,1
MOC905_VTBS_VDPP_2026-03-04 02:39,13.491,100.68351,2026-03-04T02:43:15Z,50.9,MOC905,E190,VTBS,VDPP,247,194,1892,1
MOC905_VTBS_VDPP_2026-03-04 02:39,13.47612,100.68298,2026-03-04T02:43:30Z,55.0,MOC905,E190,VTBS,VDPP,247,115,1641,1
MOC905_VTBS_VDPP_2026-03-04 02:39,13.46877,100.69922,2026-03-04T02:43:45Z,56.3,MOC905,E190,VTBS,VDPP,247,115,539,1
MOC905_VTBS_VDPP_2026-03-04 02:39,13.46142,100.71547,2026-03-04T02:44:00Z,57.7,MOC905,E190,VTBS,VDPP,248,115,540,1
MOC905_VTBS_VDPP_2026-03-04 02:39,13.45406,100.73173,2026-03-04T02:44:15Z,59.0,MOC905,E190,VTBS,VDPP,248,115,540,1
MOC905_VTBS_VDPP_2026-03-04 02:39,13.4467,100.748,2026-03-04T02:44:30Z,60.4,MOC905,E190,VTBS,VDPP,248,115,541,1
MOC905_VTBS_VDPP_2026-03-04 02:39,13.43933,100.76428,2026-03-04T02:44:45Z,61.7,MOC905,E190,VTBS,VDPP,249,115,541,1
MOC905_VTBS_VDPP_2026-03-04 02:39,13.43195,100.78057,2026-03-04T02:45:00Z,63.1,MOC905,E190,VTBS,VDPP,249,115,541,1
MOC905_VTBS_VDPP_2026-03-04 02:39,13.42457,100.79687,2026-03-04T02:45:15Z,64.5,MOC905,E190,VTBS,VDPP,249,115,542,1
MOC905_VTBS_VDPP_2026-03-04 02:39,13.41718,100.81318,2026-03-04T02:45:30Z,65.8,MOC905,E190,VTBS,VDPP,250,115,542,1
MOC905_VTBS_VDPP_2026-03-04 02:39,13.40978,100.8295,2026-03-04T02:45:45Z,67.2,MOC905,E190,VTBS,VDPP,250,115,542,1
MOC905_VTBS_VDPP_2026-03-04 02:39,13.40238,100.84583,2026-03-04T02:46:00Z,68.5,MOC905,E190,VTBS,VDPP,251,115,543,1
MOC905_VTBS_VDPP_2026-03-04 02:39,13.39497,100.86217,2026-03-04T02:46:15Z,69.9,MOC905,E190,VTBS,VDPP,251,115,543,1
MOC905_VTBS_VDPP_2026-03-04 02:39,13.38756,100.87852,2026-03-04T02:46:30Z,71.3,MOC905,E190,VTBS,VDPP,251,115,544,1
MOC905_VTBS_VDPP_2026-03-04 02:39,13.38014,100.89488,2026-03-04T02:46:45Z,72.6,MOC905,E190,VTBS,VDPP,252,115,544,1
MOC905_VTBS_VDPP_2026-03-04 02:39,13.37272,100.91126,2026-03-04T02:47:00Z,74.0,MOC905,E190,VTBS,VDPP,252,115,544,1
MOC905_VTBS_VDPP_2026-03-04 02:39,13.36528,100.92764,2026-03-04T02:47:15Z,75.3,MOC905,E190,VTBS,VDPP,252,115,545,1
MOC905_VTBS_VDPP_2026-03-04 02:39,13.35784,100.94403,2026-03-04T02:47:30Z,76.7,MOC905,E190,VTBS,VDPP,253,115,545,1
MOC905_VTBS_VDPP_2026-03-04 02:39,13.3504,100.96043,2026-03-04T02:47:45Z,78.1,MOC905,E190,VTBS,VDPP,253,115,545,1
MOC905_VTBS_VDPP_2026-03-04 02:39,13.34295,100.97685,2026-03-04T02:48:00Z,79.4,MOC905,E190,VTBS,VDPP,253,115,546,1
MOC905_VTBS_VDPP_2026-03-04 02:39,13.33549,100.99327,2026-03-04T02:48:15Z,80.8,MOC905,E190,VTBS,VDPP,254,115,546,1
MOC905_VTBS_VDPP_2026-03-04 02:39,13.32803,101.0097,2026-03-04T02:48:30Z,82.2,MOC905,E190,VTBS,VDPP,254,115,547,1
MOC905_VTBS_VDPP_2026-03-04 02:39,13.32056,101.02615,2026-03-04T02:48:45Z,83.5,MOC905,E190,VTBS,VDPP,254,115,547,1
MOC905_VTBS_VDPP_2026-03-04 02:39,13.31308,101.0426,2026-03-04T02:49:00Z,84.9,MOC905,E190,VTBS,VDPP,255,115,547,1
MOC905_VTBS_VDPP_2026-03-04 02:39,13.30553,101.05923,2026-03-04T02:49:15Z,86.3,MOC905,E190,VTBS,VDPP,255,115,553,1
MOC905_VTBS_VDPP_2026-03-04 02:39,13.29792,101.07596,2026-03-04T02:49:30Z,87.7,MOC905,E190,VTBS,VDPP,255,115,557,1
MOC905_VTBS_VDPP_2026-03-04 02:39,13.29031,101.0927,2026-03-04T02:49:45Z,89.1,MOC905,E190,VTBS,VDPP,256,115,557,1
MOC905_VTBS_VDPP_2026-03-04 02:39,13.2827,101.10945,2026-03-04T02:50:00Z,90.5,MOC905,E190,VTBS,VDPP,256,115,557,1
MOC905_VTBS_VDPP_2026-03-04 02:39,13.27508,101.12621,2026-03-04T02:50:15Z,91.9,MOC905,E190,VTBS,VDPP,257,115,558,1
MOC905_VTBS_VDPP_2026-03-04 02:39,13.26745,101.14299,2026-03-04T02:50:30Z,93.3,MOC905,E190,VTBS,VDPP,257,115,558,1
MOC905_VTBS_VDPP_2026-03-04 02:39,13.25981,101.15977,2026-03-04T02:50:45Z,94.7,MOC905,E190,VTBS,VDPP,257,115,558,1
MOC905_VTBS_VDPP_2026-03-04 02:39,13.25217,101.17656,2026-03-04T02:51:00Z,96.1,MOC905,E190,VTBS,VDPP,258,115,559,1
MOC905_VTBS_VDPP_2026-03-04 02:39,13.24452,101.19336,2026-03-04T02:51:15Z,97.5,MOC905,E190,VTBS,VDPP,258,115,559,1
MOC905_VTBS_VDPP_2026-03-04 02:39,13.23687,101.21018,2026-03-04T02:51:30Z,98.9,MOC905,E190,VTBS,VDPP,258,115,560,1
MOC905_VTBS_VDPP_2026-03-04 02:39,13.2292,101.227,2026-03-04T02:51:45Z,100.3,MOC905,E190,VTBS,VDPP,259,115,560,1
MOC905_VTBS_VDPP_2026-03-04 02:39,13.22154,101.24384,2026-03-04T02:52:00Z,101.7,MOC905,E190,VTBS,VDPP,259,115,560,1
MOC905_VTBS_VDPP_2026-03-04 02:39,13.21386,101.26068,2026-03-04T02:52:15Z,103.1,MOC905,E190,VTBS,VDPP,259,115,561,1
MOC905_VTBS_VDPP_2026-03-04 02:39,13.20618,101.27754,2026-03-04T02:52:30Z,104.5,MOC905,E190,VTBS,VDPP,260,115,561,1
MOC905_VTBS_VDPP_2026-03-04 02:39,13.1985,101.29441,2026-03-04T02:52:45Z,105.9,MOC905,E190,VTBS,VDPP,260,115,562,1
MOC905_VTBS_VDPP_2026-03-04 02:39,13.1908,101.31128,2026-03-04T02:53:00Z,107.3,MOC905,E190,VTBS,VDPP,260,115,562,1
MOC905_VTBS_VDPP_2026-03-04 02:39,13.1831,101.32817,2026-03-04T02:53:15Z,108.7,MOC905,E190,VTBS,VDPP,261,115,562,1
MOC905_VTBS_VDPP_2026-03-04 02:39,13.1754,101.34507,2026-03-04T02:53:30Z,110.1,MOC905,E190,VTBS,VDPP,261,115,563,1
MOC905_VTBS_VDPP_2026-03-04 02:39,13.16769,101.36198,2026-03-04T02:53:45Z,111.5,MOC905,E190,VTBS,VDPP,262,115,563,1
MOC905_VTBS_VDPP_2026-03-04 02:39,13.15997,101.3789,2026-03-04T02:54:00Z,112.9,MOC905,E190,VTBS,VDPP,262,115,564,1
MOC905_VTBS_VDPP_2026-03-04 02:39,13.15224,101.39583,2026-03-04T02:54:15Z,114.3,MOC905,E190,VTBS,VDPP,262,115,564,1
MOC905_VTBS_VDPP_2026-03-04 02:39,13.14451,101.41277,2026-03-04T02:54:30Z,115.7,MOC905,E190,VTBS,VDPP,263,115,564,1
MOC905_VTBS_VDPP_2026-03-04 02:39,13.13668,101.42992,2026-03-04T02:54:45Z,117.2,MOC905,E190,VTBS,VDPP,263,115,571,1
MOC905_VTBS_VDPP_2026-03-04 02:39,13.12882,101.44714,2026-03-04T02:55:00Z,118.6,MOC905,E190,VTBS,VDPP,263,115,574,1
MOC905_VTBS_VDPP_2026-03-04 02:39,13.12095,101.46436,2026-03-04T02:55:15Z,120.0,MOC905,E190,VTBS,VDPP,264,115,574,1
MOC905_VTBS_VDPP_2026-03-04 02:39,13.11308,101.4816,2026-03-04T02:55:30Z,121.5,MOC905,E190,VTBS,VDPP,264,115,574,1
MOC905_VTBS_VDPP_2026-03-04 02:39,13.1052,101.49885,2026-03-04T02:55:45Z,122.9,MOC905,E190,VTBS,VDPP,265,115,575,1
MOC905_VTBS_VDPP_2026-03-04 02:39,13.09731,101.51611,2026-03-04T02:56:00Z,124.4,MOC905,E190,VTBS,VDPP,265,115,575,1
MOC905_VTBS_VDPP_2026-03-04 02:39,13.08942,101.53338,2026-03-04T02:56:15Z,125.8,MOC905,E190,VTBS,VDPP,265,115,576,1
MOC905_VTBS_VDPP_2026-03-04 02:39,13.08152,101.55066,2026-03-04T02:56:30Z,127.2,MOC905,E190,VTBS,VDPP,266,115,576,1
MOC905_VTBS_VDPP_2026-03-04 02:39,13.07361,101.56795,2026-03-04T02:56:45Z,128.7,MOC905,E190,VTBS,VDPP,266,115,576,1
MOC905_VTBS_VDPP_2026-03-04 02:39,13.0657,101.58526,2026-03-04T02:57:00Z,130.1,MOC905,E190,VTBS,VDPP,266,115,577,1
MOC905_VTBS_VDPP_2026-03-04 02:39,13.05778,101.60257,2026-03-04T02:57:15Z,131.6,MOC905,E190,VTBS,VDPP,267,115,577,1
MOC905_VTBS_VDPP_2026-03-04 02:39,13.04985,101.61989,2026-03-04T02:57:30Z,133.0,MOC905,E190,VTBS,VDPP,267,115,578,1
MOC905_VTBS_VDPP_2026-03-04 02:39,13.04192,101.63723,2026-03-04T02:57:45Z,134.5,MOC905,E190,VTBS,VDPP,267,115,578,1
MOC905_VTBS_VDPP_2026-03-04 02:39,13.03398,101.65458,2026-03-04T02:58:00Z,135.9,MOC905,E190,VTBS,VDPP,268,115,578,1
MOC905_VTBS_VDPP_2026-03-04 02:39,13.02603,101.67193,2026-03-04T02:58:15Z,137.3,MOC905,E190,VTBS,VDPP,268,115,579,1
MOC905_VTBS_VDPP_2026-03-04 02:39,13.01808,101.6893,2026-03-04T02:58:30Z,138.8,MOC905,E190,VTBS,VDPP,269,115,579,1
MOC905_VTBS_VDPP_2026-03-04 02:39,13.01012,101.70668,2026-03-04T02:58:45Z,140.2,MOC905,E190,VTBS,VDPP,269,115,580,1
MOC905_VTBS_VDPP_2026-03-04 02:39,13.00215,101.72407,2026-03-04T02:59:00Z,141.7,MOC905,E190,VTBS,VDPP,269,115,580,1
MOC905_VTBS_VDPP_2026-03-04 02:39,12.99418,101.74147,2026-03-04T02:59:15Z,143.2,MOC905,E190,VTBS,VDPP,270,115,580,1
MOC905_VTBS_VDPP_2026-03-04 02:39,12.9862,101.75888,2026-03-04T02:59:30Z,144.6,MOC905,E190,VTBS,VDPP,270,115,581,1
MOC905_VTBS_VDPP_2026-03-04 02:39,12.97821,101.77631,2026-03-04T02:59:45Z,146.1,MOC905,E190,VTBS,VDPP,270,115,581,1
MOC905_VTBS_VDPP_2026-03-04 02:39,12.97016,101.79388,2026-03-04T03:00:00Z,147.5,MOC905,E190,VTBS,VDPP,271,115,586,1
MOC905_VTBS_VDPP_2026-03-04 02:39,12.96204,101.81158,2026-03-04T03:00:15Z,149.0,MOC905,E190,VTBS,VDPP,271,115,590,1
MOC905_VTBS_VDPP_2026-03-04 02:39,12.95392,101.82929,2026-03-04T03:00:30Z,150.5,MOC905,E190,VTBS,VDPP,272,115,591,1
MOC905_VTBS_VDPP_2026-03-04 02:39,12.94579,101.84701,2026-03-04T03:00:45Z,152.0,MOC905,E190,VTBS,VDPP,272,115,591,1
MOC905_VTBS_VDPP_2026-03-04 02:39,12.93765,101.86474,2026-03-04T03:01:00Z,153.4,MOC905,E190,VTBS,VDPP,272,115,592,1
MOC905_VTBS_VDPP_2026-03-04 02:39,12.92951,101.88248,2026-03-04T03:01:15Z,154.9,MOC905,E190,VTBS,VDPP,273,115,592,1
MOC905_VTBS_VDPP_2026-03-04 02:39,12.92136,101.90024,2026-03-04T03:01:30Z,156.4,MOC905,E190,VTBS,VDPP,273,115,592,1
MOC905_VTBS_VDPP_2026-03-04 02:39,12.9132,101.918,2026-03-04T03:01:45Z,157.9,MOC905,E190,VTBS,VDPP,273,115,593,1
MOC905_VTBS_VDPP_2026-03-04 02:39,12.90504,101.93578,2026-03-04T03:02:00Z,159.4,MOC905,E190,VTBS,VDPP,274,115,593,1
MOC905_VTBS_VDPP_2026-03-04 02:39,12.89687,101.95356,2026-03-04T03:02:15Z,160.9,MOC905,E190,VTBS,VDPP,274,115,594,1
MOC905_VTBS_VDPP_2026-03-04 02:39,12.88869,101.97136,2026-03-04T03:02:30Z,162.3,MOC905,E190,VTBS,VDPP,275,115,594,1
MOC905_VTBS_VDPP_2026-03-04 02:39,12.8805,101.98917,2026-03-04T03:02:45Z,163.8,MOC905,E190,VTBS,VDPP,275,115,595,1
MOC905_VTBS_VDPP_2026-03-04 02:39,12.87231,102.00699,2026-03-04T03:03:00Z,165.3,MOC905,E190,VTBS,VDPP,275,115,595,1
MOC905_VTBS_VDPP_2026-03-04 02:39,12.86411,102.02482,2026-03-04T03:03:15Z,166.8,MOC905,E190,VTBS,VDPP,276,115,595,1
MOC905_VTBS_VDPP_2026-03-04 02:39,12.85591,102.04266,2026-03-04T03:03:30Z,168.3,MOC905,E190,VTBS,VDPP,276,115,596,1
MOC905_VTBS_VDPP_2026-03-04 02:39,12.8477,102.06052,2026-03-04T03:03:45Z,169.8,MOC905,E190,VTBS,VDPP,277,115,596,1
MOC905_VTBS_VDPP_2026-03-04 02:39,12.83948,102.07838,2026-03-04T03:04:00Z,171.3,MOC905,E190,VTBS,VDPP,277,115,597,1
MOC905_VTBS_VDPP_2026-03-04 02:39,12.83125,102.09626,2026-03-04T03:04:15Z,172.8,MOC905,E190,VTBS,VDPP,277,115,597,1
MOC905_VTBS_VDPP_2026-03-04 02:39,12.82302,102.11415,2026-03-04T03:04:30Z,174.3,MOC905,E190,VTBS,VDPP,278,115,597,1
MOC905_VTBS_VDPP_2026-03-04 02:39,12.81478,102.13205,2026-03-04T03:04:45Z,175.8,MOC905,E190,VTBS,VDPP,278,115,598,1
MOC905_VTBS_VDPP_2026-03-04 02:39,12.80653,102.14996,2026-03-04T03:05:00Z,177.3,MOC905,E190,VTBS,VDPP,278,115,598,1
MOC905_VTBS_VDPP_2026-03-04 02:39,12.79817,102.16811,2026-03-04T03:05:15Z,178.8,MOC905,E190,VTBS,VDPP,279,115,607,1
MOC905_VTBS_VDPP_2026-03-04 02:39,12.78979,102.1863,2026-03-04T03:05:30Z,180.3,MOC905,E190,VTBS,VDPP,279,115,608,1
MOC905_VTBS_VDPP_2026-03-04 02:39,12.78141,102.20449,2026-03-04T03:05:45Z,181.8,MOC905,E190,VTBS,VDPP,280,115,608,1
MOC905_VTBS_VDPP_2026-03-04 02:39,12.77302,102.2227,2026-03-04T03:06:00Z,183.3,MOC905,E190,VTBS,VDPP,280,115,608,1
MOC905_VTBS_VDPP_2026-03-04 02:39,12.76462,102.24092,2026-03-04T03:06:15Z,184.9,MOC905,E190,VTBS,VDPP,280,115,609,1
MOC905_VTBS_VDPP_2026-03-04 02:39,12.75622,102.25915,2026-03-04T03:06:30Z,186.4,MOC905,E190,VTBS,VDPP,281,115,609,1
MOC905_VTBS_VDPP_2026-03-04 02:39,12.7478,102.2774,2026-03-04T03:06:45Z,187.9,MOC905,E190,VTBS,VDPP,281,115,610,1
MOC905_VTBS_VDPP_2026-03-04 02:39,12.73938,102.29565,2026-03-04T03:07:00Z,189.4,MOC905,E190,VTBS,VDPP,282,115,610,1
MOC905_VTBS_VDPP_2026-03-04 02:39,12.73096,102.31392,2026-03-04T03:07:15Z,191.0,MOC905,E190,VTBS,VDPP,282,115,610,1
MOC905_VTBS_VDPP_2026-03-04 02:39,12.72252,102.33219,2026-03-04T03:07:30Z,192.5,MOC905,E190,VTBS,VDPP,282,115,611,1
MOC905_VTBS_VDPP_2026-03-04 02:39,12.71408,102.35048,2026-03-04T03:07:45Z,194.0,MOC905,E190,VTBS,VDPP,283,115,611,1
MOC905_VTBS_VDPP_2026-03-04 02:39,12.70564,102.36878,2026-03-04T03:08:00Z,195.6,MOC905,E190,VTBS,VDPP,283,115,612,1
MOC905_VTBS_VDPP_2026-03-04 02:39,12.69718,102.38709,2026-03-04T03:08:15Z,197.1,MOC905,E190,VTBS,VDPP,284,115,612,1
MOC905_VTBS_VDPP_2026-03-04 02:39,12.68872,102.40541,2026-03-04T03:08:30Z,198.6,MOC905,E190,VTBS,VDPP,284,115,613,1
MOC905_VTBS_VDPP_2026-03-04 02:39,12.68025,102.42375,2026-03-04T03:08:45Z,200.2,MOC905,E190,VTBS,VDPP,284,115,613,1
MOC905_VTBS_VDPP_2026-03-04 02:39,12.67177,102.44209,2026-03-04T03:09:00Z,201.7,MOC905,E190,VTBS,VDPP,285,115,613,1
MOC905_VTBS_VDPP_2026-03-04 02:39,12.66329,102.46045,2026-03-04T03:09:15Z,203.2,MOC905,E190,VTBS,VDPP,285,115,614,1
MOC905_VTBS_VDPP_2026-03-04 02:39,12.6548,102.47882,2026-03-04T03:09:30Z,204.8,MOC905,E190,VTBS,VDPP,286,115,614,1
MOC905_VTBS_VDPP_2026-03-04 02:39,12.6463,102.4972,2026-03-04T03:09:45Z,206.3,MOC905,E190,VTBS,VDPP,286,115,615,1
MOC905_VTBS_VDPP_2026-03-04 02:39,12.6378,102.51559,2026-03-04T03:10:00Z,207.8,MOC905,E190,VTBS,VDPP,286,115,615,1
MOC905_VTBS_VDPP_2026-03-04 02:39,12.62918,102.53421,2026-03-04T03:10:15Z,209.4,MOC905,E190,VTBS,VDPP,287,115,623,1
MOC905_VTBS_VDPP_2026-03-04 02:39,12.62055,102.55288,2026-03-04T03:10:30Z,211.0,MOC905,E190,VTBS,VDPP,287,115,624,1
MOC905_VTBS_VDPP_2026-03-04 02:39,12.6119,102.57156,2026-03-04T03:10:45Z,212.5,MOC905,E190,VTBS,VDPP,288,115,625,1
MOC905_VTBS_VDPP_2026-03-04 02:39,12.60325,102.59025,2026-03-04T03:11:00Z,214.1,MOC905,E190,VTBS,VDPP,288,115,625,1
MOC905_VTBS_VDPP_2026-03-04 02:39,12.5946,102.60895,2026-03-04T03:11:15Z,215.7,MOC905,E190,VTBS,VDPP,288,115,626,1
MOC905_VTBS_VDPP_2026-03-04 02:39,12.58593,102.62767,2026-03-04T03:11:30Z,217.2,MOC905,E190,VTBS,VDPP,289,115,626,1
MOC905_VTBS_VDPP_2026-03-04 02:39,12.57726,102.64639,2026-03-04T03:11:45Z,218.8,MOC905,E190,VTBS,VDPP,289,115,627,1
MOC905_VTBS_VDPP_2026-03-04 02:39,12.56858,102.66513,2026-03-04T03:12:00Z,220.4,MOC905,E190,VTBS,VDPP,290,115,627,1
MOC905_VTBS_VDPP_2026-03-04 02:39,12.55989,102.68388,2026-03-04T03:12:15Z,221.9,MOC905,E190,VTBS,VDPP,290,115,627,1
MOC905_VTBS_VDPP_2026-03-04 02:39,12.5512,102.70264,2026-03-04T03:12:30Z,223.5,MOC905,E190,VTBS,VDPP,290,115,628,1
MOC905_VTBS_VDPP_2026-03-04 02:39,12.5425,102.72141,2026-03-04T03:12:45Z,225.1,MOC905,E190,VTBS,VDPP,291,115,628,1
MOC905_VTBS_VDPP_2026-03-04 02:39,12.53379,102.74019,2026-03-04T03:13:00Z,226.6,MOC905,E190,VTBS,VDPP,291,115,629,1
MOC905_VTBS_VDPP_2026-03-04 02:39,12.52507,102.75899,2026-03-04T03:13:15Z,228.2,MOC905,E190,VTBS,VDPP,292,115,629,1
MOC905_VTBS_VDPP_2026-03-04 02:39,12.51635,102.7778,2026-03-04T03:13:30Z,229.8,MOC905,E190,VTBS,VDPP,292,115,630,1
MOC905_VTBS_VDPP_2026-03-04 02:39,12.50762,102.79661,2026-03-04T03:13:45Z,231.4,MOC905,E190,VTBS,VDPP,292,115,630,1
MOC905_VTBS_VDPP_2026-03-04 02:39,12.49888,102.81545,2026-03-04T03:14:00Z,233.0,MOC905,E190,VTBS,VDPP,293,115,631,1
MOC905_VTBS_VDPP_2026-03-04 02:39,12.49013,102.83429,2026-03-04T03:14:15Z,234.5,MOC905,E190,VTBS,VDPP,293,115,631,1
MOC905_VTBS_VDPP_2026-03-04 02:39,12.48138,102.85314,2026-03-04T03:14:30Z,236.1,MOC905,E190,VTBS,VDPP,294,115,631,1
MOC905_VTBS_VDPP_2026-03-04 02:39,12.47262,102.87201,2026-03-04T03:14:45Z,237.7,MOC905,E190,VTBS,VDPP,294,115,632,1
MOC905_VTBS_VDPP_2026-03-04 02:39,12.46381,102.89098,2026-03-04T03:15:00Z,239.3,MOC905,E190,VTBS,VDPP,294,115,636,1
MOC905_VTBS_VDPP_2026-03-04 02:39,12.45492,102.91012,2026-03-04T03:15:15Z,240.9,MOC905,E190,VTBS,VDPP,295,115,641,1
MOC905_VTBS_VDPP_2026-03-04 02:39,12.44602,102.92928,2026-03-04T03:15:30Z,242.5,MOC905,E190,VTBS,VDPP,295,115,642,1
MOC905_VTBS_VDPP_2026-03-04 02:39,12.43711,102.94844,2026-03-04T03:15:45Z,244.1,MOC905,E190,VTBS,VDPP,296,115,642,1
MOC905_VTBS_VDPP_2026-03-04 02:39,12.42819,102.96762,2026-03-04T03:16:00Z,245.7,MOC905,E190,VTBS,VDPP,296,115,643,1
MOC905_VTBS_VDPP_2026-03-04 02:39,12.41927,102.98681,2026-03-04T03:16:15Z,247.3,MOC905,E190,VTBS,VDPP,296,115,643,1
MOC905_VTBS_VDPP_2026-03-04 02:39,12.41034,103.00601,2026-03-04T03:16:30Z,248.9,MOC905,E190,VTBS,VDPP,297,115,643,1
MOC905_VTBS_VDPP_2026-03-04 02:39,12.4014,103.02523,2026-03-04T03:16:45Z,250.5,MOC905,E190,VTBS,VDPP,297,115,644,1
MOC905_VTBS_VDPP_2026-03-04 02:39,12.39246,103.04445,2026-03-04T03:17:00Z,252.1,MOC905,E190,VTBS,VDPP,298,115,644,1
MOC905_VTBS_VDPP_2026-03-04 02:39,12.38351,103.06369,2026-03-04T03:17:15Z,253.8,MOC905,E190,VTBS,VDPP,298,115,645,1
MOC905_VTBS_VDPP_2026-03-04 02:39,12.37455,103.08294,2026-03-04T03:17:30Z,255.4,MOC905,E190,VTBS,VDPP,299,115,645,1
MOC905_VTBS_VDPP_2026-03-04 02:39,12.36558,103.1022,2026-03-04T03:17:45Z,257.0,MOC905,E190,VTBS,VDPP,299,115,646,1
MOC905_VTBS_VDPP_2026-03-04 02:39,12.3566,103.12148,2026-03-04T03:18:00Z,258.6,MOC905,E190,VTBS,VDPP,299,115,646,1
MOC905_VTBS_VDPP_2026-03-04 02:39,12.34762,103.14076,2026-03-04T03:18:15Z,260.2,MOC905,E190,VTBS,VDPP,300,115,647,1
MOC905_VTBS_VDPP_2026-03-04 02:39,12.33863,103.16006,2026-03-04T03:18:30Z,261.8,MOC905,E190,VTBS,VDPP,300,115,647,1
MOC905_VTBS_VDPP_2026-03-04 02:39,12.32963,103.17937,2026-03-04T03:18:45Z,263.5,MOC905,E190,VTBS,VDPP,301,116,647,1
MOC905_VTBS_VDPP_2026-03-04 02:39,12.32063,103.19869,2026-03-04T03:19:00Z,265.1,MOC905,E190,VTBS,VDPP,301,116,648,1
MOC905_VTBS_VDPP_2026-03-04 02:39,12.31161,103.21802,2026-03-04T03:19:15Z,266.7,MOC905,E190,VTBS,VDPP,301,116,648,1
MOC905_VTBS_VDPP_2026-03-04 02:39,12.30259,103.23737,2026-03-04T03:19:30Z,268.3,MOC905,E190,VTBS,VDPP,302,116,649,1
MOC905_VTBS_VDPP_2026-03-04 02:39,12.29352,103.25682,2026-03-04T03:19:45Z,270.0,MOC905,E190,VTBS,VDPP,302,116,652,1
MOC905_VTBS_VDPP_2026-03-04 02:39,12.28437,103.27644,2026-03-04T03:20:00Z,271.6,MOC905,E190,VTBS,VDPP,303,116,658,1
MOC905_VTBS_VDPP_2026-03-04 02:39,12.27521,103.29608,2026-03-04T03:20:15Z,273.3,MOC905,E190,VTBS,VDPP,303,116,659,1
MOC905_VTBS_VDPP_2026-03-04 02:39,12.26604,103.31572,2026-03-04T03:20:30Z,274.9,MOC905,E190,VTBS,VDPP,304,116,659,1
MOC905_VTBS_VDPP_2026-03-04 02:39,12.25686,103.33538,2026-03-04T03:20:45Z,276.6,MOC905,E190,VTBS,VDPP,304,116,660,1
MOC905_VTBS_VDPP_2026-03-04 02:39,12.24768,103.35505,2026-03-04T03:21:00Z,278.2,MOC905,E190,VTBS,VDPP,304,116,660,1
MOC905_VTBS_VDPP_2026-03-04 02:39,12.23848,103.37474,2026-03-04T03:21:15Z,279.9,MOC905,E190,VTBS,VDPP,305,116,660,1
MOC905_VTBS_VDPP_2026-03-04 02:39,12.22928,103.39443,2026-03-04T03:21:30Z,281.5,MOC905,E190,VTBS,VDPP,305,116,661,1
MOC905_VTBS_VDPP_2026-03-04 02:39,12.22008,103.41414,2026-03-04T03:21:45Z,283.2,MOC905,E190,VTBS,VDPP,306,116,661,1
MOC905_VTBS_VDPP_2026-03-04 02:39,12.21086,103.43386,2026-03-04T03:22:00Z,284.8,MOC905,E190,VTBS,VDPP,306,116,662,1
MOC905_VTBS_VDPP_2026-03-04 02:39,12.20164,103.45359,2026-03-04T03:22:15Z,286.5,MOC905,E190,VTBS,VDPP,307,116,662,1
MOC905_VTBS_VDPP_2026-03-04 02:39,12.19241,103.47334,2026-03-04T03:22:30Z,288.1,MOC905,E190,VTBS,VDPP,307,116,663,1
MOC905_VTBS_VDPP_2026-03-04 02:39,12.18317,103.49309,2026-03-04T03:22:45Z,289.8,MOC905,E190,VTBS,VDPP,307,116,663,1
MOC905_VTBS_VDPP_2026-03-04 02:39,12.17392,103.51286,2026-03-04T03:23:00Z,291.5,MOC905,E190,VTBS,VDPP,308,116,664,1
MOC905_VTBS_VDPP_2026-03-04 02:39,12.16467,103.53264,2026-03-04T03:23:15Z,293.1,MOC905,E190,VTBS,VDPP,308,116,664,1
MOC905_VTBS_VDPP_2026-03-04 02:39,12.1554,103.55244,2026-03-04T03:23:30Z,294.8,MOC905,E190,VTBS,VDPP,309,116,665,1
MOC905_VTBS_VDPP_2026-03-04 02:39,12.14613,103.57224,2026-03-04T03:23:45Z,296.4,MOC905,E190,VTBS,VDPP,309,116,665,1
MOC905_VTBS_VDPP_2026-03-04 02:39,12.13686,103.59206,2026-03-04T03:24:00Z,298.1,MOC905,E190,VTBS,VDPP,310,116,665,1
MOC905_VTBS_VDPP_2026-03-04 02:39,12.12757,103.61189,2026-03-04T03:24:15Z,299.8,MOC905,E190,VTBS,VDPP,310,116,666,1
MOC933_VTBS_VVNB_2026-03-04 02:46,13.70019,100.73845,2026-03-04T02:46:00Z,0.0,MOC933,A332,VTBS,VVNB,10,194,0,0
MOC933_VTBS_VVNB_2026-03-04 02:46,13.69716,100.73765,2026-03-04T02:46:15Z,0.0,MOC933,A332,VTBS,VVNB,36,0,0,0
MOC933_VTBS_VVNB_2026-03-04 02:46,13.69325,100.73662,2026-03-04T02:46:30Z,0.0,MOC933,A332,VTBS,VVNB,70,0,0,0
MOC933_VTBS_VVNB_2026-03-04 02:46,13.68639,100.73482,2026-03-04T02:46:45Z,0.0,MOC933,A332,VTBS,VVNB,110,194,0,0
MOC933_VTBS_VVNB_2026-03-04 02:46,13.67746,100.73247,2026-03-04T02:47:00Z,0.0,MOC933,A332,VTBS,VVNB,147,194,0,0
MOC933_VTBS_VVNB_2026-03-04 02:46,13.66675,100.72966,2026-03-04T02:47:15Z,0.8,MOC933,A332,VTBS,VVNB,173,194,316,1
MOC933_VTBS_VVNB_2026-03-04 02:46,13.65431,100.72639,2026-03-04T02:47:30Z,4.3,MOC933,A332,VTBS,VVNB,192,194,1418,1
MOC933_VTBS_VVNB_2026-03-04 02:46,13.64124,100.72296,2026-03-04T02:47:45Z,8.1,MOC933,A332,VTBS,VVNB,197,194,1489,1
MOC933_VTBS_VVNB_2026-03-04 02:46,13.62782,100.71943,2026-03-04T02:48:00Z,11.9,MOC933,A332,VTBS,VVNB,202,194,1530,1
MOC933_VTBS_VVNB_2026-03-04 02:46,13.61409,100.71582,2026-03-04T02:48:15Z,15.8,MOC933,A332,VTBS,VVNB,207,194,1565,1
MOC933_VTBS_VVNB_2026-03-04 02:46,13.59998,100.71212,2026-03-04T02:48:30Z,19.8,MOC933,A332,VTBS,VVNB,212,194,1608,1
MOC933_VTBS_VVNB_2026-03-04 02:46,13.58554,100.70832,2026-03-04T02:48:45Z,23.9,MOC933,A332,VTBS,VVNB,218,194,1646,1
MOC933_VTBS_VVNB_2026-03-04 02:46,13.57071,100.70443,2026-03-04T02:49:00Z,28.2,MOC933,A332,VTBS,VVNB,223,194,1690,1
MOC933_VTBS_VVNB_2026-03-04 02:46,13.55553,100.70044,2026-03-04T02:49:15Z,32.5,MOC933,A332,VTBS,VVNB,229,194,1730,1
MOC933_VTBS_VVNB_2026-03-04 02:46,13.53994,100.69635,2026-03-04T02:49:30Z,36.9,MOC933,A332,VTBS,VVNB,235,194,1777,1
MOC933_VTBS_VVNB_2026-03-04 02:46,13.52398,100.69216,2026-03-04T02:49:45Z,41.5,MOC933,A332,VTBS,VVNB,241,194,1820,1
MOC933_VTBS_VVNB_2026-03-04 02:46,13.5076,100.68786,2026-03-04T02:50:00Z,46.2,MOC933,A332,VTBS,VVNB,247,194,1866,1
MOC933_VTBS_VVNB_2026-03-04 02:46,13.491,100.68351,2026-03-04T02:50:15Z,50.9,MOC933,A332,VTBS,VVNB,247,194,1892,1
MOC933_VTBS_VVNB_2026-03-04 02:46,13.48025,100.68171,2026-03-04T02:50:30Z,55.0,MOC933,A332,VTBS,VVNB,247,32,1662,1
MOC933_VTBS_VVNB_2026-03-04 02:46,13.49509,100.69108,2026-03-04T02:50:45Z,56.7,MOC933,A332,VTBS,VVNB,247,32,650,1
MOC933_VTBS_VVNB_2026-03-04 02:46,13.50994,100.70046,2026-03-04T02:51:00Z,58.3,MOC933,A332,VTBS,VVNB,248,32,650,1
MOC933_VTBS_VVNB_2026-03-04 02:46,13.5248,100.70986,2026-03-04T02:51:15Z,59.9,MOC933,A332,VTBS,VVNB,248,32,650,1
MOC933_VTBS_VVNB_2026-03-04 02:46,13.53967,100.71925,2026-03-04T02:51:30Z,61.5,MOC933,A332,VTBS,VVNB,248,32,651,1
MOC933_VTBS_VVNB_2026-03-04 02:46,13.55455,100.72866,2026-03-04T02:51:45Z,63.2,MOC933,A332,VTBS,VVNB,249,32,651,1
MOC933_VTBS_VVNB_2026-03-04 02:46,13.56944,100.73807,2026-03-04T02:52:00Z,64.8,MOC933,A332,VTBS,VVNB,249,32,652,1
MOC933_VTBS_VVNB_2026-03-04 02:46,13.58434,100.74749,2026-03-04T02:52:15Z,66.4,MOC933,A332,VTBS,VVNB,249,32,652,1
MOC933_VTBS_VVNB_2026-03-04 02:46,13.59925,100.75692,2026-03-04T02:52:30Z,68.1,MOC933,A332,VTBS,VVNB,250,32,653,1
MOC933_VTBS_VVNB_2026-03-04 02:46,13.61417,100.76636,2026-03-04T02:52:45Z,69.7,MOC933,A332,VTBS,VVNB,250,32,653,1
MOC933_VTBS_VVNB_2026-03-04 02:46,13.62909,100.77581,2026-03-04T02:53:00Z,71.3,MOC933,A332,VTBS,VVNB,251,32,654,1
MOC933_VTBS_VVNB_2026-03-04 02:46,13.64403,100.78526,2026-03-04T02:53:15Z,73.0,MOC933,A332,VTBS,VVNB,251,32,654,1
MOC933_VTBS_VVNB_2026-03-04 02:46,13.65898,100.79472,2026-03-04T02:53:30Z,74.6,MOC933,A332,VTBS,VVNB,251,32,654,1
MOC933_VTBS_VVNB_2026-03-04 02:46,13.67394,100.80419,2026-03-04T02:53:45Z,76.3,MOC933,A332,VTBS,VVNB,252,32,655,1
MOC933_VTBS_VVNB_2026-03-04 02:46,13.68891,100.81366,2026-03-04T02:54:00Z,77.9,MOC933,A332,VTBS,VVNB,252,32,655,1
MOC933_VTBS_VVNB_2026-03-04 02:46,13.70389,100.82314,2026-03-04T02:54:15Z,79.5,MOC933,A332,VTBS,VVNB,252,32,656,1
MOC933_VTBS_VVNB_2026-03-04 02:46,13.71888,100.83264,2026-03-04T02:54:30Z,81.2,MOC933,A332,VTBS,VVNB,253,32,656,1
MOC933_VTBS_VVNB_2026-03-04 02:46,13.73388,100.84213,2026-03-04T02:54:45Z,82.8,MOC933,A332,VTBS,VVNB,253,32,657,1
MOC933_VTBS_VVNB_2026-03-04 02:46,13.74889,100.85164,2026-03-04T02:55:00Z,84.5,MOC933,A332,VTBS,VVNB,253,32,657,1
MOC933_VTBS_VVNB_2026-03-04 02:46,13.76391,100.86115,2026-03-04T02:55:15Z,86.1,MOC933,A332,VTBS,VVNB,254,32,658,1
MOC933_VTBS_VVNB_2026-03-04 02:46,13.77894,100.87068,2026-03-04T02:55:30Z,87.8,MOC933,A332,VTBS,VVNB,254,32,658,1
MOC933_VTBS_VVNB_2026-03-04 02:46,13.79398,100.88021,2026-03-04T02:55:45Z,89.4,MOC933,A332,VTBS,VVNB,254,32,659,1
MOC933_VTBS_VVNB_2026-03-04 02:46,13.80902,100.88974,2026-03-04T02:56:00Z,91.1,MOC933,A332,VTBS,VVNB,255,32,659,1
MOC933_VTBS_VVNB_2026-03-04 02:46,13.82423,100.89939,2026-03-04T02:56:15Z,92.7,MOC933,A332,VTBS,VVNB,255,32,666,1
MOC933_VTBS_VVNB_2026-03-04 02:46,13.83954,100.90909,2026-03-04T02:56:30Z,94.4,MOC933,A332,VTBS,VVNB,255,32,670,1
MOC933_VTBS_VVNB_2026-03-04 02:46,13.85485,100.9188,2026-03-04T02:56:45Z,96.1,MOC933,A332,VTBS,VVNB,256,32,671,1
MOC933_VTBS_VVNB_2026-03-04 02:46,13.87017,100.92851,2026-03-04T02:57:00Z,97.8,MOC933,A332,VTBS,VVNB,256,32,671,1
MOC933_VTBS_VVNB_2026-03-04 02:46,13.8855,100.93824,2026-03-04T02:57:15Z,99.4,MOC933,A332,VTBS,VVNB,257,32,672,1
MOC933_VTBS_VVNB_2026-03-04 02:46,13.90085,100.94797,2026-03-04T02:57:30Z,101.1,MOC933,A332,VTBS,VVNB,257,32,672,1
MOC933_VTBS_VVNB_2026-03-04 02:46,13.9162,100.95771,2026-03-04T02:57:45Z,102.8,MOC933,A332,VTBS,VVNB,257,32,672,1
MOC933_VTBS_VVNB_2026-03-04 02:46,13.93156,100.96746,2026-03-04T02:58:00Z,104.5,MOC933,A332,VTBS,VVNB,258,32,673,1
MOC933_VTBS_VVNB_2026-03-04 02:46,13.94694,100.97722,2026-03-04T02:58:15Z,106.2,MOC933,A332,VTBS,VVNB,258,32,673,1
MOC933_VTBS_VVNB_2026-03-04 02:46,13.96232,100.98698,2026-03-04T02:58:30Z,107.9,MOC933,A332,VTBS,VVNB,258,32,674,1
MOC933_VTBS_VVNB_2026-03-04 02:46,13.97771,100.99676,2026-03-04T02:58:45Z,109.5,MOC933,A332,VTBS,VVNB,259,32,674,1
MOC933_VTBS_VVNB_2026-03-04 02:46,13.99312,101.00654,2026-03-04T02:59:00Z,111.2,MOC933,A332,VTBS,VVNB,259,32,675,1
MOC933_VTBS_VVNB_2026-03-04 02:46,14.00853,101.01633,2026-03-04T02:59:15Z,112.9,MOC933,A332,VTBS,VVNB,259,32,675,1
MOC933_VTBS_VVNB_2026-03-04 02:46,14.02396,101.02612,2026-03-04T02:59:30Z,114.6,MOC933,A332,VTBS,VVNB,260,32,676,1
MOC933_VTBS_VVNB_2026-03-04 02:46,14.03939,101.03593,2026-03-04T02:59:45Z,116.3,MOC933,A332,VTBS,VVNB,260,32,676,1
MOC933_VTBS_VVNB_2026-03-04 02:46,14.05484,101.04574,2026-03-04T03:00:00Z,118.0,MOC933,A332,VTBS,VVNB,260,32,677,1
MOC933_VTBS_VVNB_2026-03-04 02:46,14.07029,101.05556,2026-03-04T03:00:15Z,119.7,MOC933,A332,VTBS,VVNB,261,32,677,1
MOC933_VTBS_VVNB_2026-03-04 02:46,14.08576,101.06539,2026-03-04T03:00:30Z,121.4,MOC933,A332,VTBS,VVNB,261,32,678,1
MOC933_VTBS_VVNB_2026-03-04 02:46,14.10123,101.07523,2026-03-04T03:00:45Z,123.1,MOC933,A332,VTBS,VVNB,262,32,678,1
MOC933_VTBS_VVNB_2026-03-04 02:46,14.11672,101.08508,2026-03-04T03:01:00Z,124.8,MOC933,A332,VTBS,VVNB,262,32,679,1
MOC933_VTBS_VVNB_2026-03-04 02:46,14.13222,101.09493,2026-03-04T03:01:15Z,126.5,MOC933,A332,VTBS,VVNB,262,32,679,1
MOC933_VTBS_VVNB_2026-03-04 02:46,14.14772,101.10479,2026-03-04T03:01:30Z,128.2,MOC933,A332,VTBS,VVNB,263,32,679,1
MOC933_VTBS_VVNB_2026-03-04 02:46,14.16342,101.11478,2026-03-04T03:01:45Z,129.9,MOC933,A332,VTBS,VVNB,263,32,688,1
MOC933_VTBS_VVNB_2026-03-04 02:46,14.17918,101.12481,2026-03-04T03:02:00Z,131.6,MOC933,A332,VTBS,VVNB,263,32,691,1
MOC933_VTBS_VVNB_2026-03-04 02:46,14.19495,101.13484,2026-03-04T03:02:15Z,133.3,MOC933,A332,VTBS,VVNB,264,32,691,1
MOC933_VTBS_VVNB_2026-03-04 02:46,14.21073,101.14488,2026-03-04T03:02:30Z,135.1,MOC933,A332,VTBS,VVNB,264,32,692,1
MOC933_VTBS_VVNB_2026-03-04 02:46,14.22653,101.15494,2026-03-04T03:02:45Z,136.8,MOC933,A332,VTBS,VVNB,265,32,692,1
MOC933_VTBS_VVNB_2026-03-04 02:46,14.24233,101.165,2026-03-04T03:03:00Z,138.5,MOC933,A332,VTBS,VVNB,265,32,693,1
MOC933_VTBS_VVNB_2026-03-04 02:46,14.25814,101.17506,2026-03-04T03:03:15Z,140.3,MOC933,A332,VTBS,VVNB,265,32,693,1
MOC933_VTBS_VVNB_2026-03-04 02:46,14.27396,101.18514,2026-03-04T03:03:30Z,142.0,MOC933,A332,VTBS,VVNB,266,32,693,1
MOC933_VTBS_VVNB_2026-03-04 02:46,14.2898,101.19523,2026-03-04T03:03:45Z,143.7,MOC933,A332,VTBS,VVNB,266,32,694,1
MOC933_VTBS_VVNB_2026-03-04 02:46,14.30564,101.20532,2026-03-04T03:04:00Z,145.5,MOC933,A332,VTBS,VVNB,266,32,694,1
MOC933_VTBS_VVNB_2026-03-04 02:46,14.3215,101.21542,2026-03-04T03:04:15Z,147.2,MOC933,A332,VTBS,VVNB,267,32,695,1
MOC933_VTBS_VVNB_2026-03-04 02:46,14.33736,101.22553,2026-03-04T03:04:30Z,149.0,MOC933,A332,VTBS,VVNB,267,32,695,1
MOC933_VTBS_VVNB_2026-03-04 02:46,14.35324,101.23565,2026-03-04T03:04:45Z,150.7,MOC933,A332,VTBS,VVNB,267,32,696,1
MOC933_VTBS_VVNB_2026-03-04 02:46,14.36912,101.24578,2026-03-04T03:05:00Z,152.4,MOC933,A332,VTBS,VVNB,268,32,696,1
MOC933_VTBS_VVNB_2026-03-04 02:46,14.38502,101.25591,2026-03-04T03:05:15Z,154.2,MOC933,A332,VTBS,VVNB,268,32,697,1
MOC933_VTBS_VVNB_2026-03-04 02:46,14.40093,101.26606,2026-03-04T03:05:30Z,155.9,MOC933,A332,VTBS,VVNB,269,32,697,1
MOC933_VTBS_VVNB_2026-03-04 02:46,14.41685,101.27621,2026-03-04T03:05:45Z,157.7,MOC933,A332,VTBS,VVNB,269,32,698,1
MOC933_VTBS_VVNB_2026-03-04 02:46,14.43277,101.28637,2026-03-04T03:06:00Z,159.4,MOC933,A332,VTBS,VVNB,269,32,698,1
MOC933_VTBS_VVNB_2026-03-04 02:46,14.44871,101.29654,2026-03-04T03:06:15Z,161.2,MOC933,A332,VTBS,VVNB,270,32,699,1
MOC933_VTBS_VVNB_2026-03-04 02:46,14.46466,101.30672,2026-03-04T03:06:30Z,162.9,MOC933,A332,VTBS,VVNB,270,32,699,1
MOC933_VTBS_VVNB_2026-03-04 02:46,14.48062,101.31691,2026-03-04T03:06:45Z,164.7,MOC933,A332,VTBS,VVNB,270,32,700,1
MOC933_VTBS_VVNB_2026-03-04 02:46,14.49672,101.32718,2026-03-04T03:07:00Z,166.4,MOC933,A332,VTBS,VVNB,271,32,706,1
MOC933_VTBS_VVNB_2026-03-04 02:46,14.51294,101.33754,2026-03-04T03:07:15Z,168.2,MOC933,A332,VTBS,VVNB,271,32,711,1
MOC933_VTBS_VVNB_2026-03-04 02:46,14.52916,101.3479,2026-03-04T03:07:30Z,170.0,MOC933,A332,VTBS,VVNB,272,32,711,1
MOC933_VTBS_VVNB_2026-03-04 02:46,14.5454,101.35826,2026-03-04T03:07:45Z,171.8,MOC933,A332,VTBS,VVNB,272,32,712,1
MOC933_VTBS_VVNB_2026-03-04 02:46,14.56164,101.36864,2026-03-04T03:08:00Z,173.6,MOC933,A332,VTBS,VVNB,272,32,712,1
MOC933_VTBS_VVNB_2026-03-04 02:46,14.5779,101.37903,2026-03-04T03:08:15Z,175.3,MOC933,A332,VTBS,VVNB,273,32,713,1
MOC933_VTBS_VVNB_2026-03-04 02:46,14.59417,101.38942,2026-03-04T03:08:30Z,177.1,MOC933,A332,VTBS,VVNB,273,32,713,1
MOC933_VTBS_VVNB_2026-03-04 02:46,14.61045,101.39983,2026-03-04T03:08:45Z,178.9,MOC933,A332,VTBS,VVNB,273,32,714,1
MOC933_VTBS_VVNB_2026-03-04 02:46,14.62674,101.41024,2026-03-04T03:09:00Z,180.7,MOC933,A332,VTBS,VVNB,274,32,714,1
MOC933_VTBS_VVNB_2026-03-04 02:46,14.64304,101.42066,2026-03-04T03:09:15Z,182.5,MOC933,A332,VTBS,VVNB,274,32,715,1
MOC933_VTBS_VVNB_2026-03-04 02:46,14.65935,101.43109,2026-03-04T03:09:30Z,184.3,MOC933,A332,VTBS,VVNB,275,32,715,1
MOC933_VTBS_VVNB_2026-03-04 02:46,14.67567,101.44153,2026-03-04T03:09:45Z,186.1,MOC933,A332,VTBS,VVNB,275,32,716,1
MOC933_VTBS_VVNB_2026-03-04 02:46,14.692,101.45198,2026-03-04T03:10:00Z,187.9,MOC933,A332,VTBS,VVNB,275,32,716,1
MOC933_VTBS_VVNB_2026-03-04 02:46,14.70834,101.46244,2026-03-04T03:10:15Z,189.7,MOC933,A332,VTBS,VVNB,276,32,717,1
MOC933_VTBS_VVNB_2026-03-04 02:46,14.7247,101.4729,2026-03-04T03:10:30Z,191.5,MOC933,A332,VTBS,VVNB,276,32,717,1
MOC933_VTBS_VVNB_2026-03-04 02:46,14.74106,101.48338,2026-03-04T03:10:45Z,193.2,MOC933,A332,VTBS,VVNB,277,32,718,1
MOC933_VTBS_VVNB_2026-03-04 02:46,14.75744,101.49386,2026-03-04T03:11:00Z,195.0,MOC933,A332,VTBS,VVNB,277,32,718,1
MOC933_VTBS_VVNB_2026-03-04 02:46,14.77382,101.50435,2026-03-04T03:11:15Z,196.8,MOC933,A332,VTBS,VVNB,277,32,719,1
MOC933_VTBS_VVNB_2026-03-04 02:46,14.79022,101.51485,2026-03-04T03:11:30Z,198.6,MOC933,A332,VTBS,VVNB,278,32,719,1
MOC933_VTBS_VVNB_2026-03-04 02:46,14.80663,101.52536,2026-03-04T03:11:45Z,200.4,MOC933,A332,VTBS,VVNB,278,32,720,1
MOC933_VTBS_VVNB_2026-03-04 02:46,14.82305,101.53588,2026-03-04T03:12:00Z,202.2,MOC933,A332,VTBS,VVNB,278,32,720,1
MOC933_VTBS_VVNB_2026-03-04 02:46,14.8397,101.54655,2026-03-04T03:12:15Z,204.1,MOC933,A332,VTBS,VVNB,279,32,730,1
MOC933_VTBS_VVNB_2026-03-04 02:46,14.85637,101.55723,2026-03-04T03:12:30Z,205.9,MOC933,A332,VTBS,VVNB,279,32,731,1
MOC933_VTBS_VVNB_2026-03-04 02:46,14.87305,101.56793,2026-03-04T03:12:45Z,207.7,MOC933,A332,VTBS,VVNB,280,32,732,1
MOC933_VTBS_VVNB_2026-03-04 02:46,14.88975,101.57863,2026-03-04T03:13:00Z,209.6,MOC933,A332,VTBS,VVNB,280,32,732,1
MOC933_VTBS_VVNB_2026-03-04 02:46,14.90646,101.58934,2026-03-04T03:13:15Z,211.4,MOC933,A332,VTBS,VVNB,280,32,733,1
MOC933_VTBS_VVNB_2026-03-04 02:46,14.92317,101.60006,2026-03-04T03:13:30Z,213.2,MOC933,A332,VTBS,VVNB,281,32,734,1
MOC933_VTBS_VVNB_2026-03-04 02:46,14.9399,101.61079,2026-03-04T03:13:45Z,215.1,MOC933,A332,VTBS,VVNB,281,32,734,1
MOC933_VTBS_VVNB_2026-03-04 02:46,14.95664,101.62153,2026-03-04T03:14:00Z,216.9,MOC933,A332,VTBS,VVNB,282,32,735,1
MOC933_VTBS_VVNB_2026-03-04 02:46,14.97339,101.63228,2026-03-04T03:14:15Z,218.7,MOC933,A332,VTBS,VVNB,282,32,735,1
MOC933_VTBS_VVNB_2026-03-04 02:46,14.99015,101.64304,2026-03-04T03:14:30Z,220.6,MOC933,A332,VTBS,VVNB,282,32,736,1
MOC933_VTBS_VVNB_2026-03-04 02:46,15.00693,101.65381,2026-03-04T03:14:45Z,222.4,MOC933,A332,VTBS,VVNB,283,32,736,1
MOC933_VTBS_VVNB_2026-03-04 02:46,15.02371,101.66458,2026-03-04T03:15:00Z,224.3,MOC933,A332,VTBS,VVNB,283,32,737,1
MOC933_VTBS_VVNB_2026-03-04 02:46,15.0405,101.67537,2026-03-04T03:15:15Z,226.1,MOC933,A332,VTBS,VVNB,284,32,737,1
MOC933_VTBS_VVNB_2026-03-04 02:46,15.05731,101.68616,2026-03-04T03:15:30Z,228.0,MOC933,A332,VTBS,VVNB,284,32,738,1
MOC933_VTBS_VVNB_2026-03-04 02:46,15.07413,101.69696,2026-03-04T03:15:45Z,229.8,MOC933,A332,VTBS,VVNB,284,32,738,1
MOC933_VTBS_VVNB_2026-03-04 02:46,15.09096,101.70778,2026-03-04T03:16:00Z,231.7,MOC933,A332,VTBS,VVNB,285,32,739,1
MOC933_VTBS_VVNB_2026-03-04 02:46,15.1078,101.7186,2026-03-04T03:16:15Z,233.5,MOC933,A332,VTBS,VVNB,285,32,739,1
MOC933_VTBS_VVNB_2026-03-04 02:46,15.12465,101.72943,2026-03-04T03:16:30Z,235.4,MOC933,A332,VTBS,VVNB,286,32,740,1
MOC933_VTBS_VVNB_2026-03-04 02:46,15.14151,101.74027,2026-03-04T03:16:45Z,237.2,MOC933,A332,VTBS,VVNB,286,32,740,1
MOC933_VTBS_VVNB_2026-03-04 02:46,15.15838,101.75112,2026-03-04T03:17:00Z,239.1,MOC933,A332,VTBS,VVNB,286,32,741,1
MOC933_VTBS_VVNB_2026-03-04 02:46,15.17547,101.76211,2026-03-04T03:17:15Z,240.9,MOC933,A332,VTBS,VVNB,287,32,750,1
MOC933_VTBS_VVNB_2026-03-04 02:46,15.1926,101.77313,2026-03-04T03:17:30Z,242.8,MOC933,A332,VTBS,VVNB,287,32,752,1
MOC933_VTBS_VVNB_2026-03-04 02:46,15.20973,101.78415,2026-03-04T03:17:45Z,244.7,MOC933,A332,VTBS,VVNB,288,32,752,1
MOC933_VTBS_VVNB_2026-03-04 02:46,15.22688,101.79519,2026-03-04T03:18:00Z,246.6,MOC933,A332,VTBS,VVNB,288,32,753,1
MOC933_VTBS_VVNB_2026-03-04 02:46,15.24405,101.80623,2026-03-04T03:18:15Z,248.5,MOC933,A332,VTBS,VVNB,288,32,753,1
MOC933_VTBS_VVNB_2026-03-04 02:46,15.26122,101.81729,2026-03-04T03:18:30Z,250.4,MOC933,A332,VTBS,VVNB,289,32,754,1
MOC933_VTBS_VVNB_2026-03-04 02:46,15.2784,101.82835,2026-03-04T03:18:45Z,252.2,MOC933,A332,VTBS,VVNB,289,32,754,1
MOC933_VTBS_VVNB_2026-03-04 02:46,15.2956,101.83943,2026-03-04T03:19:00Z,254.1,MOC933,A332,VTBS,VVNB,290,32,755,1
MOC933_VTBS_VVNB_2026-03-04 02:46,15.3128,101.85051,2026-03-04T03:19:15Z,256.0,MOC933,A332,VTBS,VVNB,290,32,756,1
MOC933_VTBS_VVNB_2026-03-04 02:46,15.33002,101.8616,2026-03-04T03:19:30Z,257.9,MOC933,A332,VTBS,VVNB,290,32,756,1
MOC933_VTBS_VVNB_2026-03-04 02:46,15.34725,101.87271,2026-03-04T03:19:45Z,259.8,MOC933,A332,VTBS,VVNB,291,32,757,1
MOC933_VTBS_VVNB_2026-03-04 02:46,15.36449,101.88382,2026-03-04T03:20:00Z,261.7,MOC933,A332,VTBS,VVNB,291,32,757,1
MOC933_VTBS_VVNB_2026-03-04 02:46,15.38174,101.89494,2026-03-04T03:20:15Z,263.6,MOC933,A332,VTBS,VVNB,292,32,758,1
MOC933_VTBS_VVNB_2026-03-04 02:46,15.39901,101.90607,2026-03-04T03:20:30Z,265.5,MOC933,A332,VTBS,VVNB,292,32,758,1
MOC933_VTBS_VVNB_2026-03-04 02:46,15.41628,101.91721,2026-03-04T03:20:45Z,267.4,MOC933,A332,VTBS,VVNB,292,32,759,1
MOC933_VTBS_VVNB_2026-03-04 02:46,15.43357,101.92836,2026-03-04T03:21:00Z,269.3,MOC933,A332,VTBS,VVNB,293,32,759,1
MOC933_VTBS_VVNB_2026-03-04 02:46,15.45086,101.93952,2026-03-04T03:21:15Z,271.2,MOC933,A332,VTBS,VVNB,293,32,760,1
MOC933_VTBS_VVNB_2026-03-04 02:46,15.46817,101.95069,2026-03-04T03:21:30Z,273.1,MOC933,A332,VTBS,VVNB,294,32,760,1
MOC933_VTBS_VVNB_2026-03-04 02:46,15.48549,101.96187,2026-03-04T03:21:45Z,275.0,MOC933,A332,VTBS,VVNB,294,32,761,1
MOC933_VTBS_VVNB_2026-03-04 02:46,15.50291,101.97311,2026-03-04T03:22:00Z,276.9,MOC933,A332,VTBS,VVNB,294,32,765,1
MOC933_VTBS_VVNB_2026-03-04 02:46,15.52049,101.98446,2026-03-04T03:22:15Z,278.8,MOC933,A332,VTBS,VVNB,295,32,772,1
MOC933_VTBS_VVNB_2026-03-04 02:46,15.53807,101.99582,2026-03-04T03:22:30Z,280.8,MOC933,A332,VTBS,VVNB,295,32,773,1
MOC933_VTBS_VVNB_2026-03-04 02:46,15.55567,102.00719,2026-03-04T03:22:45Z,282.7,MOC933,A332,VTBS,VVNB,296,32,773,1
MOC933_VTBS_VVNB_2026-03-04 02:46,15.57328,102.01856,2026-03-04T03:23:00Z,284.6,MOC933,A332,VTBS,VVNB,296,32,774,1
MOC933_VTBS_VVNB_2026-03-04 02:46,15.5909,102.02995,2026-03-04T03:23:15Z,286.6,MOC933,A332,VTBS,VVNB,296,32,774,1
MOC933_VTBS_VVNB_2026-03-04 02:46,15.60854,102.04135,2026-03-04T03:23:30Z,288.5,MOC933,A332,VTBS,VVNB,297,32,775,1
MOC933_VTBS_VVNB_2026-03-04 02:46,15.62618,102.05275,2026-03-04T03:23:45Z,290.5,MOC933,A332,VTBS,VVNB,297,32,775,1
MOC933_VTBS_VVNB_2026-03-04 02:46,15.64384,102.06417,2026-03-04T03:24:00Z,292.4,MOC933,A332,VTBS,VVNB,298,32,776,1
MOC933_VTBS_VVNB_2026-03-04 02:46,15.6615,102.0756,2026-03-04T03:24:15Z,294.3,MOC933,A332,VTBS,VVNB,298,32,776,1
MOC933_VTBS_VVNB_2026-03-04 02:46,15.67918,102.08703,2026-03-04T03:24:30Z,296.3,MOC933,A332,VTBS,VVNB,299,32,777,1
MOC933_VTBS_VVNB_2026-03-04 02:46,15.69688,102.09848,2026-03-04T03:24:45Z,298.2,MOC933,A332,VTBS,VVNB,299,32,777,1
MOC933_VTBS_VVNB_2026-03-04 02:46,15.71458,102.10993,2026-03-04T03:25:00Z,300.2,MOC933,A332,VTBS,VVNB,299,32,778,1
MOC933_VTBS_VVNB_2026-03-04 02:46,15.73229,102.1214,2026-03-04T03:25:15Z,302.1,MOC933,A332,VTBS,VVNB,300,32,778,1
MOC933_VTBS_VVNB_2026-03-04 02:46,15.75002,102.13288,2026-03-04T03:25:30Z,304.1,MOC933,A332,VTBS,VVNB,300,32,779,1
MOC933_VTBS_VVNB_2026-03-04 02:46,15.76776,102.14436,2026-03-04T03:25:45Z,306.0,MOC933,A332,VTBS,VVNB,301,32,780,1
MOC933_VTBS_VVNB_2026-03-04 02:46,15.7855,102.15586,2026-03-04T03:26:00Z,308.0,MOC933,A332,VTBS,VVNB,301,32,780,1
MOC933_VTBS_VVNB_2026-03-04 02:46,15.80326,102.16736,2026-03-04T03:26:15Z,309.9,MOC933,A332,VTBS,VVNB,301,32,781,1
MOC933_VTBS_VVNB_2026-03-04 02:46,15.82104,102.17888,2026-03-04T03:26:30Z,311.9,MOC933,A332,VTBS,VVNB,302,32,781,1
MOC933_VTBS_VVNB_2026-03-04 02:46,15.83891,102.19046,2026-03-04T03:26:45Z,313.8,MOC933,A332,VTBS,VVNB,302,32,786,1
MOC933_VTBS_VVNB_2026-03-04 02:46,15.85694,102.20215,2026-03-04T03:27:00Z,315.8,MOC933,A332,VTBS,VVNB,303,32,792,1
MOC933_VTBS_VVNB_2026-03-04 02:46,15.87498,102.21384,2026-03-04T03:27:15Z,317.8,MOC933,A332,VTBS,VVNB,303,32,793,1
MOC933_VTBS_VVNB_2026-03-04 02:46,15.89303,102.22555,2026-03-04T03:27:30Z,319.8,MOC933,A332,VTBS,VVNB,304,32,794,1
MOC933_VTBS_VVNB_2026-03-04 02:46,15.91109,102.23726,2026-03-04T03:27:45Z,321.8,MOC933,A332,VTBS,VVNB,304,32,794,1
MOC933_VTBS_VVNB_2026-03-04 02:46,15.92917,102.24899,2026-03-04T03:28:00Z,323.8,MOC933,A332,VTBS,VVNB,304,32,795,1
MOC933_VTBS_VVNB_2026-03-04 02:46,15.94725,102.26073,2026-03-04T03:28:15Z,325.8,MOC933,A332,VTBS,VVNB,305,32,795,1
MOC933_VTBS_VVNB_2026-03-04 02:46,15.96535,102.27247,2026-03-04T03:28:30Z,327.7,MOC933,A332,VTBS,VVNB,305,32,796,1
MOC933_VTBS_VVNB_2026-03-04 02:46,15.98346,102.28423,2026-03-04T03:28:45Z,329.7,MOC933,A332,VTBS,VVNB,306,32,796,1
MOC933_VTBS_VVNB_2026-03-04 02:46,16.00158,102.296,2026-03-04T03:29:00Z,331.7,MOC933,A332,VTBS,VVNB,306,32,797,1
MOC933_VTBS_VVNB_2026-03-04 02:46,16.01972,102.30778,2026-03-04T03:29:15Z,333.7,MOC933,A332,VTBS,VVNB,307,32,797,1
MOC933_VTBS_VVNB_2026-03-04 02:46,16.03786,102.31957,2026-03-04T03:29:30Z,335.7,MOC933,A332,VTBS,VVNB,307,32,798,1
MOC933_VTBS_VVNB_2026-03-04 02:46,16.05602,102.33136,2026-03-04T03:29:45Z,337.7,MOC933,A332,VTBS,VVNB,307,32,798,1
MOC933_VTBS_VVNB_2026-03-04 02:46,16.07419,102.34317,2026-03-04T03:30:00Z,339.7,MOC933,A332,VTBS,VVNB,308,32,799,1
MOC933_VTBS_VVNB_2026-03-04 02:46,16.09237,102.35499,2026-03-04T03:30:15Z,341.7,MOC933,A332,VTBS,VVNB,308,32,800,1
MOC933_VTBS_VVNB_2026-03-04 02:46,16.11057,102.36682,2026-03-04T03:30:30Z,343.7,MOC933,A332,VTBS,VVNB,309,32,800,1
MOC933_VTBS_VVNB_2026-03-04 02:46,16.12877,102.37866,2026-03-04T03:30:45Z,345.7,MOC933,A332,VTBS,VVNB,309,32,801,1
MOC933_VTBS_VVNB_2026-03-04 02:46,16.14699,102.39051,2026-03-04T03:31:00Z,347.7,MOC933,A332,VTBS,VVNB,310,32,801,1
MOC933_VTBS_VVNB_2026-03-04 02:46,16.16522,102.40237,2026-03-04T03:31:15Z,349.7,MOC933,A332,VTBS,VVNB,310,32,802,1
SMP428_VTBS_WMKK_2026-03-04 02:53,13.70019,100.73845,2026-03-04T02:53:00Z,0.0,SMP428,B788,VTBS,WMKK,10,194,0,0
SMP428_VTBS_WMKK_2026-03-04 02:53,13.69716,100.73765,2026-03-04T02:53:15Z,0.0,SMP428,B788,VTBS,WMKK,36,0,0,0
SMP428_VTBS_WMKK_2026-03-04 02:53,13.69325,100.73662,2026-03-04T02:53:30Z,0.0,SMP428,B788,VTBS,WMKK,70,0,0,0
SMP428_VTBS_WMKK_2026-03-04 02:53,13.68639,100.73482,2026-03-04T02:53:45Z,0.0,SMP428,B788,VTBS,WMKK,110,194,0,0
SMP428_VTBS_WMKK_2026-03-04 02:53,13.67746,100.73247,2026-03-04T02:54:00Z,0.0,SMP428,B788,VTBS,WMKK,147,194,0,0
SMP428_VTBS_WMKK_2026-03-04 02:53,13.66675,100.72966,2026-03-04T02:54:15Z,0.8,SMP428,B788,VTBS,WMKK,173,194,316,1
SMP428_VTBS_WMKK_2026-03-04 02:53,13.65431,100.72639,2026-03-04T02:54:30Z,4.3,SMP428,B788,VTBS,WMKK,192,194,1418,1
SMP428_VTBS_WMKK_2026-03-04 02:53,13.64124,100.72296,2026-03-04T02:54:45Z,8.1,SMP428,B788,VTBS,WMKK,197,194,1489,1
SMP428_VTBS_WMKK_2026-03-04 02:53,13.62782,100.71943,2026-03-04T02:55:00Z,11.9,SMP428,B788,VTBS,WMKK,202,194,1530,1
SMP428_VTBS_WMKK_2026-03-04 02:53,13.61409,100.71582,2026-03-04T02:55:15Z,15.8,SMP428,B788,VTBS,WMKK,207,194,1565,1
SMP428_VTBS_WMKK_2026-03-04 02:53,13.59998,100.71212,2026-03-04T02:55:30Z,19.8,SMP428,B788,VTBS,WMKK,212,194,1608,1
SMP428_VTBS_WMKK_2026-03-04 02:53,13.58554,100.70832,2026-03-04T02:55:45Z,23.9,SMP428,B788,VTBS,WMKK,218,194,1646,1
SMP428_VTBS_WMKK_2026-03-04 02:53,13.57071,100.70443,2026-03-04T02:56:00Z,28.2,SMP428,B788,VTBS,WMKK,223,194,1690,1
SMP428_VTBS_WMKK_2026-03-04 02:53,13.55553,100.70044,2026-03-04T02:56:15Z,32.5,SMP428,B788,VTBS,WMKK,229,194,1730,1
SMP428_VTBS_WMKK_2026-03-04 02:53,13.53994,100.69635,2026-03-04T02:56:30Z,36.9,SMP428,B788,VTBS,WMKK,235,194,1777,1
SMP428_VTBS_WMKK_2026-03-04 02:53,13.52398,100.69216,2026-03-04T02:56:45Z,41.5,SMP428,B788,VTBS,WMKK,241,194,1820,1
SMP428_VTBS_WMKK_2026-03-04 02:53,13.5076,100.68786,2026-03-04T02:57:00Z,46.2,SMP428,B788,VTBS,WMKK,247,194,1866,1
SMP428_VTBS_WMKK_2026-03-04 02:53,13.491,100.68351,2026-03-04T02:57:15Z,50.9,SMP428,B788,VTBS,WMKK,247,194,1892,1
SMP428_VTBS_WMKK_2026-03-04 02:53,13.47426,100.68028,2026-03-04T02:57:30Z,55.1,SMP428,B788,VTBS,WMKK,247,174,1666,1
SMP428_VTBS_WMKK_2026-03-04 02:53,13.45692,100.682,2026-03-04T02:57:45Z,56.7,SMP428,B788,VTBS,WMKK,247,174,672,1
SMP428_VTBS_WMKK_2026-03-04 02:53,13.43957,100.68372,2026-03-04T02:58:00Z,58.4,SMP428,B788,VTBS,WMKK,248,174,672,1
SMP428_VTBS_WMKK_2026-03-04 02:53,13.42221,100.68544,2026-03-04T02:58:15Z,60.1,SMP428,B788,VTBS,WMKK,248,174,672,1
SMP428_VTBS_WMKK_2026-03-04 02:53,13.40484,100.68716,2026-03-04T02:58:30Z,61.8,SMP428,B788,VTBS,WMKK,248,174,673,1
SMP428_VTBS_WMKK_2026-03-04 02:53,13.38746,100.68888,2026-03-04T02:58:45Z,63.5,SMP428,B788,VTBS,WMKK,249,174,673,1
SMP428_VTBS_WMKK_2026-03-04 02:53,13.37006,100.69061,2026-03-04T02:59:00Z,65.2,SMP428,B788,VTBS,WMKK,249,174,674,1
SMP428_VTBS_WMKK_2026-03-04 02:53,13.35265,100.69233,2026-03-04T02:59:15Z,66.8,SMP428,B788,VTBS,WMKK,249,174,674,1
SMP428_VTBS_WMKK_2026-03-04 02:53,13.33523,100.69406,2026-03-04T02:59:30Z,68.5,SMP428,B788,VTBS,WMKK,250,174,675,1
SMP428_VTBS_WMKK_2026-03-04 02:53,13.3178,100.69579,2026-03-04T02:59:45Z,70.2,SMP428,B788,VTBS,WMKK,250,174,675,1
SMP428_VTBS_WMKK_2026-03-04 02:53,13.30035,100.69751,2026-03-04T03:00:00Z,71.9,SMP428,B788,VTBS,WMKK,251,174,676,1
SMP428_VTBS_WMKK_2026-03-04 02:53,13.2829,100.69924,2026-03-04T03:00:15Z,73.6,SMP428,B788,VTBS,WMKK,251,174,676,1
SMP428_VTBS_WMKK_2026-03-04 02:53,13.26543,100.70097,2026-03-04T03:00:30Z,75.3,SMP428,B788,VTBS,WMKK,251,174,677,1
SMP428_VTBS_WMKK_2026-03-04 02:53,13.24795,100.7027,2026-03-04T03:00:45Z,77.0,SMP428,B788,VTBS,WMKK,252,174,677,1
SMP428_VTBS_WMKK_2026-03-04 02:53,13.23046,100.70443,2026-03-04T03:01:00Z,78.7,SMP428,B788,VTBS,WMKK,252,174,678,1
SMP428_VTBS_WMKK_2026-03-04 02:53,13.21295,100.70616,2026-03-04T03:01:15Z,80.4,SMP428,B788,VTBS,WMKK,252,174,678,1
SMP428_VTBS_WMKK_2026-03-04 02:53,13.19543,100.7079,2026-03-04T03:01:30Z,82.1,SMP428,B788,VTBS,WMKK,253,174,679,1
SMP428_VTBS_WMKK_2026-03-04 02:53,13.1779,100.70963,2026-03-04T03:01:45Z,83.8,SMP428,B788,VTBS,WMKK,253,174,679,1
SMP428_VTBS_WMKK_2026-03-04 02:53,13.16036,100.71137,2026-03-04T03:02:00Z,85.5,SMP428,B788,VTBS,WMKK,253,174,679,1
SMP428_VTBS_WMKK_2026-03-04 02:53,13.14281,100.7131,2026-03-04T03:02:15Z,87.2,SMP428,B788,VTBS,WMKK,254,174,680,1
SMP428_VTBS_WMKK_2026-03-04 02:53,13.12524,100.71484,2026-03-04T03:02:30Z,88.9,SMP428,B788,VTBS,WMKK,254,174,680,1
SMP428_VTBS_WMKK_2026-03-04 02:53,13.10767,100.71658,2026-03-04T03:02:45Z,90.6,SMP428,B788,VTBS,WMKK,254,175,681,1
SMP428_VTBS_WMKK_2026-03-04 02:53,13.09008,100.71832,2026-03-04T03:03:00Z,92.3,SMP428,B788,VTBS,WMKK,255,175,681,1
SMP428_VTBS_WMKK_2026-03-04 02:53,13.0723,100.72007,2026-03-04T03:03:15Z,94.0,SMP428,B788,VTBS,WMKK,255,175,689,1
SMP428_VTBS_WMKK_2026-03-04 02:53,13.05441,100.72184,2026-03-04T03:03:30Z,95.7,SMP428,B788,VTBS,WMKK,255,175,693,1
SMP428_VTBS_WMKK_2026-03-04 02:53,13.03651,100.72361,2026-03-04T03:03:45Z,97.5,SMP428,B788,VTBS,WMKK,256,175,693,1
SMP428_VTBS_WMKK_2026-03-04 02:53,13.0186,100.72538,2026-03-04T03:04:00Z,99.2,SMP428,B788,VTBS,WMKK,256,175,694,1
SMP428_VTBS_WMKK_2026-03-04 02:53,13.00068,100.72715,2026-03-04T03:04:15Z,100.9,SMP428,B788,VTBS,WMKK,257,175,694,1
SMP428_VTBS_WMKK_2026-03-04 02:53,12.98274,100.72892,2026-03-04T03:04:30Z,102.7,SMP428,B788,VTBS,WMKK,257,175,695,1
SMP428_VTBS_WMKK_2026-03-04 02:53,12.9648,100.73069,2026-03-04T03:04:45Z,104.4,SMP428,B788,VTBS,WMKK,257,175,695,1
SMP428_VTBS_WMKK_2026-03-04 02:53,12.94684,100.73247,2026-03-04T03:05:00Z,106.2,SMP428,B788,VTBS,WMKK,258,175,696,1
SMP428_VTBS_WMKK_2026-03-04 02:53,12.92886,100.73424,2026-03-04T03:05:15Z,107.9,SMP428,B788,VTBS,WMKK,258,175,696,1
SMP428_VTBS_WMKK_2026-03-04 02:53,12.91088,100.73602,2026-03-04T03:05:30Z,109.6,SMP428,B788,VTBS,WMKK,258,175,697,1
SMP428_VTBS_WMKK_2026-03-04 02:53,12.89288,100.73779,2026-03-04T03:05:45Z,111.4,SMP428,B788,VTBS,WMKK,259,175,697,1
SMP428_VTBS_WMKK_2026-03-04 02:53,12.87487,100.73957,2026-03-04T03:06:00Z,113.1,SMP428,B788,VTBS,WMKK,259,175,698,1
SMP428_VTBS_WMKK_2026-03-04 02:53,12.85685,100.74135,2026-03-04T03:06:15Z,114.9,SMP428,B788,VTBS,WMKK,259,175,698,1
SMP428_VTBS_WMKK_2026-03-04 02:53,12.83881,100.74313,2026-03-04T03:06:30Z,116.6,SMP428,B788,VTBS,WMKK,260,175,699,1
SMP428_VTBS_WMKK_2026-03-04 02:53,12.82076,100.74491,2026-03-04T03:06:45Z,118.4,SMP428,B788,VTBS,WMKK,260,175,699,1
SMP428_VTBS_WMKK_2026-03-04 02:53,12.8027,100.74669,2026-03-04T03:07:00Z,120.1,SMP428,B788,VTBS,WMKK,260,175,700,1
SMP428_VTBS_WMKK_2026-03-04 02:53,12.78463,100.74847,2026-03-04T03:07:15Z,121.9,SMP428,B788,VTBS,WMKK,261,175,700,1
SMP428_VTBS_WMKK_2026-03-04 02:53,12.76655,100.75026,2026-03-04T03:07:30Z,123.6,SMP428,B788,VTBS,WMKK,261,175,701,1
SMP428_VTBS_WMKK_2026-03-04 02:53,12.74845,100.75204,2026-03-04T03:07:45Z,125.4,SMP428,B788,VTBS,WMKK,262,175,701,1
SMP428_VTBS_WMKK_2026-03-04 02:53,12.73034,100.75383,2026-03-04T03:08:00Z,127.1,SMP428,B788,VTBS,WMKK,262,175,702,1
SMP428_VTBS_WMKK_2026-03-04 02:53,12.71221,100.75561,2026-03-04T03:08:15Z,128.9,SMP428,B788,VTBS,WMKK,262,175,702,1
SMP428_VTBS_WMKK_2026-03-04 02:53,12.69408,100.7574,2026-03-04T03:08:30Z,130.7,SMP428,B788,VTBS,WMKK,263,175,702,1
SMP428_VTBS_WMKK_2026-03-04 02:53,12.67572,100.75921,2026-03-04T03:08:45Z,132.4,SMP428,B788,VTBS,WMKK,263,175,711,1
SMP428_VTBS_WMKK_2026-03-04 02:53,12.65729,100.76102,2026-03-04T03:09:00Z,134.2,SMP428,B788,VTBS,WMKK,263,175,714,1
SMP428_VTBS_WMKK_2026-03-04 02:53,12.63884,100.76284,2026-03-04T03:09:15Z,136.0,SMP428,B788,VTBS,WMKK,264,175,714,1
SMP428_VTBS_WMKK_2026-03-04 02:53,12.62039,100.76466,2026-03-04T03:09:30Z,137.8,SMP428,B788,VTBS,WMKK,264,175,715,1
SMP428_VTBS_WMKK_2026-03-04 02:53,12.60191,100.76648,2026-03-04T03:09:45Z,139.6,SMP428,B788,VTBS,WMKK,265,175,715,1
SMP428_VTBS_WMKK_2026-03-04 02:53,12.58343,100.7683,2026-03-04T03:10:00Z,141.4,SMP428,B788,VTBS,WMKK,265,175,716,1
SMP428_VTBS_WMKK_2026-03-04 02:53,12.56493,100.77012,2026-03-04T03:10:15Z,143.2,SMP428,B788,VTBS,WMKK,265,175,716,1
SMP428_VTBS_WMKK_2026-03-04 02:53,12.54643,100.77194,2026-03-04T03:10:30Z,145.0,SMP428,B788,VTBS,WMKK,266,175,717,1
SMP428_VTBS_WMKK_2026-03-04 02:53,12.5279,100.77376,2026-03-04T03:10:45Z,146.8,SMP428,B788,VTBS,WMKK,266,175,717,1
SMP428_VTBS_WMKK_2026-03-04 02:53,12.50937,100.77559,2026-03-04T03:11:00Z,148.6,SMP428,B788,VTBS,WMKK,266,175,718,1
SMP428_VTBS_WMKK_2026-03-04 02:53,12.49082,100.77741,2026-03-04T03:11:15Z,150.4,SMP428,B788,VTBS,WMKK,267,175,718,1
SMP428_VTBS_WMKK_2026-03-04 02:53,12.47226,100.77924,2026-03-04T03:11:30Z,152.2,SMP428,B788,VTBS,WMKK,267,175,719,1
SMP428_VTBS_WMKK_2026-03-04 02:53,12.45369,100.78106,2026-03-04T03:11:45Z,154.0,SMP428,B788,VTBS,WMKK,267,175,719,1
SMP428_VTBS_WMKK_2026-03-04 02:53,12.4351,100.78289,2026-03-04T03:12:00Z,155.8,SMP428,B788,VTBS,WMKK,268,175,720,1
SMP428_VTBS_WMKK_2026-03-04 02:53,12.4165,100.78472,2026-03-04T03:12:15Z,157.6,SMP428,B788,VTBS,WMKK,268,175,720,1
SMP428_VTBS_WMKK_2026-03-04 02:53,12.39789,100.78655,2026-03-04T03:12:30Z,159.4,SMP428,B788,VTBS,WMKK,269,175,721,1
SMP428_VTBS_WMKK_2026-03-04 02:53,12.37927,100.78838,2026-03-04T03:12:45Z,161.2,SMP428,B788,VTBS,WMKK,269,175,721,1
SMP428_VTBS_WMKK_2026-03-04 02:53,12.36063,100.79021,2026-03-04T03:13:00Z,163.0,SMP428,B788,VTBS,WMKK,269,175,722,1
SMP428_VTBS_WMKK_2026-03-04 02:53,12.34198,100.79205,2026-03-04T03:13:15Z,164.8,SMP428,B788,VTBS,WMKK,270,175,722,1
SMP428_VTBS_WMKK_2026-03-04 02:53,12.32332,100.79388,2026-03-04T03:13:30Z,166.6,SMP428,B788,VTBS,WMKK,270,175,723,1
SMP428_VTBS_WMKK_2026-03-04 02:53,12.30464,100.79571,2026-03-04T03:13:45Z,168.4,SMP428,B788,VTBS,WMKK,270,175,723,1
SMP428_VTBS_WMKK_2026-03-04 02:53,12.2858,100.79757,2026-03-04T03:14:00Z,170.2,SMP428,B788,VTBS,WMKK,271,175,730,1
SMP428_VTBS_WMKK_2026-03-04 02:53,12.26683,100.79943,2026-03-04T03:14:15Z,172.1,SMP428,B788,VTBS,WMKK,271,175,735,1
SMP428_VTBS_WMKK_2026-03-04 02:53,12.24784,100.80129,2026-03-04T03:14:30Z,173.9,SMP428,B788,VTBS,WMKK,272,175,735,1
SMP428_VTBS_WMKK_2026-03-04 02:53,12.22884,100.80316,2026-03-04T03:14:45Z,175.7,SMP428,B788,VTBS,WMKK,272,175,736,1
SMP428_VTBS_WMKK_2026-03-04 02:53,12.20983,100.80503,2026-03-04T03:15:00Z,177.6,SMP428,B788,VTBS,WMKK,272,175,737,1
SMP428_VTBS_WMKK_2026-03-04 02:53,12.1908,100.80689,2026-03-04T03:15:15Z,179.4,SMP428,B788,VTBS,WMKK,273,175,737,1
SMP428_VTBS_WMKK_2026-03-04 02:53,12.17176,100.80876,2026-03-04T03:15:30Z,181.3,SMP428,B788,VTBS,WMKK,273,175,738,1
SMP428_VTBS_WMKK_2026-03-04 02:53,12.15271,100.81063,2026-03-04T03:15:45Z,183.1,SMP428,B788,VTBS,WMKK,273,175,738,1
SMP428_VTBS_WMKK_2026-03-04 02:53,12.13364,100.8125,2026-03-04T03:16:00Z,185.0,SMP428,B788,VTBS,WMKK,274,175,739,1
SMP428_VTBS_WMKK_2026-03-04 02:53,12.11456,100.81437,2026-03-04T03:16:15Z,186.8,SMP428,B788,VTBS,WMKK,274,175,739,1
SMP428_VTBS_WMKK_2026-03-04 02:53,12.09547,100.81625,2026-03-04T03:16:30Z,188.7,SMP428,B788,VTBS,WMKK,275,175,740,1
SMP428_VTBS_WMKK_2026-03-04 02:53,12.07636,100.81812,2026-03-04T03:16:45Z,190.5,SMP428,B788,VTBS,WMKK,275,175,740,1
SMP428_VTBS_WMKK_2026-03-04 02:53,12.05724,100.82,2026-03-04T03:17:00Z,192.4,SMP428,B788,VTBS,WMKK,275,175,741,1
SMP428_VTBS_WMKK_2026-03-04 02:53,12.03811,100.82187,2026-03-04T03:17:15Z,194.2,SMP428,B788,VTBS,WMKK,276,175,741,1
SMP428_VTBS_WMKK_2026-03-04 02:53,12.01897,100.82375,2026-03-04T03:17:30Z,196.1,SMP428,B788,VTBS,WMKK,276,175,742,1
SMP428_VTBS_WMKK_2026-03-04 02:53,11.99981,100.82563,2026-03-04T03:17:45Z,197.9,SMP428,B788,VTBS,WMKK,277,175,742,1
SMP428_VTBS_WMKK_2026-03-04 02:53,11.98064,100.82751,2026-03-04T03:18:00Z,199.8,SMP428,B788,VTBS,WMKK,277,175,743,1
SMP428_VTBS_WMKK_2026-03-04 02:53,11.96145,100.82939,2026-03-04T03:18:15Z,201.7,SMP428,B788,VTBS,WMKK,277,175,743,1
SMP428_VTBS_WMKK_2026-03-04 02:53,11.94225,100.83127,2026-03-04T03:18:30Z,203.5,SMP428,B788,VTBS,WMKK,278,175,744,1
SMP428_VTBS_WMKK_2026-03-04 02:53,11.92304,100.83315,2026-03-04T03:18:45Z,205.4,SMP428,B788,VTBS,WMKK,278,175,744,1
SMP428_VTBS_WMKK_2026-03-04 02:53,11.90382,100.83503,2026-03-04T03:19:00Z,207.2,SMP428,B788,VTBS,WMKK,278,175,745,1
SMP428_VTBS_WMKK_2026-03-04 02:53,11.88432,100.83694,2026-03-04T03:19:15Z,209.1,SMP428,B788,VTBS,WMKK,279,175,755,1
SMP428_VTBS_WMKK_2026-03-04 02:53,11.8648,100.83885,2026-03-04T03:19:30Z,211.0,SMP428,B788,VTBS,WMKK,279,175,756,1
SMP428_VTBS_WMKK_2026-03-04 02:53,11.84526,100.84077,2026-03-04T03:19:45Z,212.9,SMP428,B788,VTBS,WMKK,280,175,757,1
SMP428_VTBS_WMKK_2026-03-04 02:53,11.82571,100.84268,2026-03-04T03:20:00Z,214.8,SMP428,B788,VTBS,WMKK,280,175,757,1
SMP428_VTBS_WMKK_2026-03-04 02:53,11.80615,100.84459,2026-03-04T03:20:15Z,216.7,SMP428,B788,VTBS,WMKK,280,175,758,1
SMP428_VTBS_WMKK_2026-03-04 02:53,11.78657,100.84651,2026-03-04T03:20:30Z,218.6,SMP428,B788,VTBS,WMKK,281,175,758,1
SMP428_VTBS_WMKK_2026-03-04 02:53,11.76698,100.84843,2026-03-04T03:20:45Z,220.5,SMP428,B788,VTBS,WMKK,281,175,759,1
SMP428_VTBS_WMKK_2026-03-04 02:53,11.74737,100.85035,2026-03-04T03:21:00Z,222.4,SMP428,B788,VTBS,WMKK,282,175,759,1
SMP428_VTBS_WMKK_2026-03-04 02:53,11.72776,100.85226,2026-03-04T03:21:15Z,224.3,SMP428,B788,VTBS,WMKK,282,175,760,1
SMP428_VTBS_WMKK_2026-03-04 02:53,11.70812,100.85418,2026-03-04T03:21:30Z,226.2,SMP428,B788,VTBS,WMKK,282,175,760,1
SMP428_VTBS_WMKK_2026-03-04 02:53,11.68848,100.85611,2026-03-04T03:21:45Z,228.1,SMP428,B788,VTBS,WMKK,283,175,761,1
SMP428_VTBS_WMKK_2026-03-04 02:53,11.66882,100.85803,2026-03-04T03:22:00Z,230.0,SMP428,B788,VTBS,WMKK,283,175,762,1
SMP428_VTBS_WMKK_2026-03-04 02:53,11.64915,100.85995,2026-03-04T03:22:15Z,231.9,SMP428,B788,VTBS,WMKK,284,175,762,1
SMP428_VTBS_WMKK_2026-03-04 02:53,11.62946,100.86188,2026-03-04T03:22:30Z,233.8,SMP428,B788,VTBS,WMKK,284,175,763,1
SMP428_VTBS_WMKK_2026-03-04 02:53,11.60976,100.8638,2026-03-04T03:22:45Z,235.7,SMP428,B788,VTBS,WMKK,284,175,763,1
SMP428_VTBS_WMKK_2026-03-04 02:53,11.59005,100.86573,2026-03-04T03:23:00Z,237.6,SMP428,B788,VTBS,WMKK,285,175,764,1
SMP428_VTBS_WMKK_2026-03-04 02:53,11.57032,100.86766,2026-03-04T03:23:15Z,239.6,SMP428,B788,VTBS,WMKK,285,175,764,1
SMP428_VTBS_WMKK_2026-03-04 02:53,11.55058,100.86958,2026-03-04T03:23:30Z,241.5,SMP428,B788,VTBS,WMKK,286,175,765,1
SMP428_VTBS_WMKK_2026-03-04 02:53,11.53083,100.87151,2026-03-04T03:23:45Z,243.4,SMP428,B788,VTBS,WMKK,286,175,765,1
SMP428_VTBS_WMKK_2026-03-04 02:53,11.51106,100.87344,2026-03-04T03:24:00Z,245.3,SMP428,B788,VTBS,WMKK,286,175,766,1
SMP428_VTBS_WMKK_2026-03-04 02:53,11.49103,100.8754,2026-03-04T03:24:15Z,247.2,SMP428,B788,VTBS,WMKK,287,175,776,1
SMP428_VTBS_WMKK_2026-03-04 02:53,11.47097,100.87736,2026-03-04T03:24:30Z,249.2,SMP428,B788,VTBS,WMKK,287,175,777,1
SMP428_VTBS_WMKK_2026-03-04 02:53,11.45089,100.87932,2026-03-04T03:24:45Z,251.1,SMP428,B788,VTBS,WMKK,288,175,778,1
SMP428_VTBS_WMKK_2026-03-04 02:53,11.43079,100.88128,2026-03-04T03:25:00Z,253.1,SMP428,B788,VTBS,WMKK,288,175,778,1
SMP428_VTBS_WMKK_2026-03-04 02:53,11.41068,100.88324,2026-03-04T03:25:15Z,255.0,SMP428,B788,VTBS,WMKK,288,175,779,1
SMP428_VTBS_WMKK_2026-03-04 02:53,11.39056,100.88521,2026-03-04T03:25:30Z,257.0,SMP428,B788,VTBS,WMKK,289,175,780,1
SMP428_VTBS_WMKK_2026-03-04 02:53,11.37042,100.88717,2026-03-04T03:25:45Z,258.9,SMP428,B788,VTBS,WMKK,289,175,780,1
SMP428_VTBS_WMKK_2026-03-04 02:53,11.35027,100.88914,2026-03-04T03:26:00Z,260.9,SMP428,B788,VTBS,WMKK,290,175,781,1
SMP428_VTBS_WMKK_2026-03-04 02:53,11.3301,100.89111,2026-03-04T03:26:15Z,262.8,SMP428,B788,VTBS,WMKK,290,175,781,1
SMP428_VTBS_WMKK_2026-03-04 02:53,11.30993,100.89307,2026-03-04T03:26:30Z,264.8,SMP428,B788,VTBS,WMKK,290,175,782,1
SMP428_VTBS_WMKK_2026-03-04 02:53,11.28973,100.89504,2026-03-04T03:26:45Z,266.7,SMP428,B788,VTBS,WMKK,291,175,782,1
SMP428_VTBS_WMKK_2026-03-04 02:53,11.26953,100.89701,2026-03-04T03:27:00Z,268.7,SMP428,B788,VTBS,WMKK,291,175,783,1
SMP428_VTBS_WMKK_2026-03-04 02:53,11.24931,100.89898,2026-03-04T03:27:15Z,270.7,SMP428,B788,VTBS,WMKK,292,175,783,1
SMP428_VTBS_WMKK_2026-03-04 02:53,11.22907,100.90096,2026-03-04T03:27:30Z,272.6,SMP428,B788,VTBS,WMKK,292,175,784,1
SMP428_VTBS_WMKK_2026-03-04 02:53,11.20882,100.90293,2026-03-04T03:27:45Z,274.6,SMP428,B788,VTBS,WMKK,292,175,784,1
SMP428_VTBS_WMKK_2026-03-04 02:53,11.18856,100.9049,2026-03-04T03:28:00Z,276.6,SMP428,B788,VTBS,WMKK,293,175,785,1
SMP428_VTBS_WMKK_2026-03-04 02:53,11.16828,100.90688,2026-03-04T03:28:15Z,278.5,SMP428,B788,VTBS,WMKK,293,175,785,1
SMP428_VTBS_WMKK_2026-03-04 02:53,11.14799,100.90886,2026-03-04T03:28:30Z,280.5,SMP428,B788,VTBS,WMKK,294,175,786,1
SMP428_VTBS_WMKK_2026-03-04 02:53,11.12769,100.91084,2026-03-04T03:28:45Z,282.5,SMP428,B788,VTBS,WMKK,294,175,787,1
SMP428_VTBS_WMKK_2026-03-04 02:53,11.10726,100.91282,2026-03-04T03:29:00Z,284.4,SMP428,B788,VTBS,WMKK,294,175,791,1
SMP428_VTBS_WMKK_2026-03-04 02:53,11.08666,100.91483,2026-03-04T03:29:15Z,286.4,SMP428,B788,VTBS,WMKK,295,175,798,1
SMP428_VTBS_WMKK_2026-03-04 02:53,11.06604,100.91684,2026-03-04T03:29:30Z,288.4,SMP428,B788,VTBS,WMKK,295,175,799,1
SMP428_VTBS_WMKK_2026-03-04 02:53,11.04541,100.91885,2026-03-04T03:29:45Z,290.4,SMP428,B788,VTBS,WMKK,296,175,799,1
SMP428_VTBS_WMKK_2026-03-04 02:53,11.02476,100.92086,2026-03-04T03:30:00Z,292.4,SMP428,B788,VTBS,WMKK,296,175,800,1
SMP428_VTBS_WMKK_2026-03-04 02:53,11.0041,100.92287,2026-03-04T03:30:15Z,294.4,SMP428,B788,VTBS,WMKK,296,175,800,1
SMP428_VTBS_WMKK_2026-03-04 02:53,10.98342,100.92488,2026-03-04T03:30:30Z,296.4,SMP428,B788,VTBS,WMKK,297,175,801,1
SMP428_VTBS_WMKK_2026-03-04 02:53,10.96273,100.92689,2026-03-04T03:30:45Z,298.4,SMP428,B788,VTBS,WMKK,297,175,801,1
SMP428_VTBS_WMKK_2026-03-04 02:53,10.94202,100.92891,2026-03-04T03:31:00Z,300.4,SMP428,B788,VTBS,WMKK,298,175,802,1
SMP428_VTBS_WMKK_2026-03-04 02:53,10.92131,100.93092,2026-03-04T03:31:15Z,302.4,SMP428,B788,VTBS,WMKK,298,175,803,1
SMP428_VTBS_WMKK_2026-03-04 02:53,10.90057,100.93294,2026-03-04T03:31:30Z,304.5,SMP428,B788,VTBS,WMKK,299,175,803,1
SMP428_VTBS_WMKK_2026-03-04 02:53,10.87982,100.93496,2026-03-04T03:31:45Z,306.5,SMP428,B788,VTBS,WMKK,299,175,804,1
SMP428_VTBS_WMKK_2026-03-04 02:53,10.85906,100.93698,2026-03-04T03:32:00Z,308.5,SMP428,B788,VTBS,WMKK,299,175,804,1
SMP428_VTBS_WMKK_2026-03-04 02:53,10.83829,100.939,2026-03-04T03:32:15Z,310.5,SMP428,B788,VTBS,WMKK,300,175,805,1
SMP428_VTBS_WMKK_2026-03-04 02:53,10.81749,100.94102,2026-03-04T03:32:30Z,312.5,SMP428,B788,VTBS,WMKK,300,175,805,1
SMP428_VTBS_WMKK_2026-03-04 02:53,10.79669,100.94304,2026-03-04T03:32:45Z,314.5,SMP428,B788,VTBS,WMKK,301,175,806,1
SMP428_VTBS_WMKK_2026-03-04 02:53,10.77587,100.94506,2026-03-04T03:33:00Z,316.5,SMP428,B788,VTBS,WMKK,301,175,806,1
SMP428_VTBS_WMKK_2026-03-04 02:53,10.75504,100.94709,2026-03-04T03:33:15Z,318.6,SMP428,B788,VTBS,WMKK,301,175,807,1
SMP428_VTBS_WMKK_2026-03-04 02:53,10.73419,100.94911,2026-03-04T03:33:30Z,320.6,SMP428,B788,VTBS,WMKK,302,175,808,1
SMP428_VTBS_WMKK_2026-03-04 02:53,10.71322,100.95115,2026-03-04T03:33:45Z,322.6,SMP428,B788,VTBS,WMKK,302,175,812,1
SMP428_VTBS_WMKK_2026-03-04 02:53,10.69207,100.9532,2026-03-04T03:34:00Z,324.7,SMP428,B788,VTBS,WMKK,303,175,819,1
SMP428_VTBS_WMKK_2026-03-04 02:53,10.67091,100.95526,2026-03-04T03:34:15Z,326.7,SMP428,B788,VTBS,WMKK,303,175,820,1
SMP428_VTBS_WMKK_2026-03-04 02:53,10.64973,100.95731,2026-03-04T03:34:30Z,328.8,SMP428,B788,VTBS,WMKK,304,175,820,1
SMP428_VTBS_WMKK_2026-03-04 02:53,10.62854,100.95937,2026-03-04T03:34:45Z,330.8,SMP428,B788,VTBS,WMKK,304,175,821,1
SMP428_VTBS_WMKK_2026-03-04 02:53,10.60733,100.96143,2026-03-04T03:35:00Z,332.9,SMP428,B788,VTBS,WMKK,304,175,822,1
SMP428_VTBS_WMKK_2026-03-04 02:53,10.58611,100.96349,2026-03-04T03:35:15Z,334.9,SMP428,B788,VTBS,WMKK,305,175,822,1
SMP428_VTBS_WMKK_2026-03-04 02:53,10.56487,100.96555,2026-03-04T03:35:30Z,337.0,SMP428,B788,VTBS,WMKK,305,175,823,1
SMP428_VTBS_WMKK_2026-03-04 02:53,10.54362,100.96761,2026-03-04T03:35:45Z,339.0,SMP428,B788,VTBS,WMKK,306,175,823,1
SMP428_VTBS_WMKK_2026-03-04 02:53,10.52235,100.96968,2026-03-04T03:36:00Z,341.1,SMP428,B788,VTBS,WMKK,306,175,824,1
SMP428_VTBS_WMKK_2026-03-04 02:53,10.50107,100.97174,2026-03-04T03:36:15Z,343.2,SMP428,B788,VTBS,WMKK,307,175,824,1
SMP428_VTBS_WMKK_2026-03-04 02:53,10.47977,100.97381,2026-03-04T03:36:30Z,345.2,SMP428,B788,VTBS,WMKK,307,175,825,1
SMP428_VTBS_WMKK_2026-03-04 02:53,10.45846,100.97587,2026-03-04T03:36:45Z,347.3,SMP428,B788,VTBS,WMKK,307,175,826,1
SMP428_VTBS_WMKK_2026-03-04 02:53,10.43714,100.97794,2026-03-04T03:37:00Z,349.4,SMP428,B788,VTBS,WMKK,308,175,826,1
SMP428_VTBS_WMKK_2026-03-04 02:53,10.4158,100.98001,2026-03-04T03:37:15Z,351.4,SMP428,B788,VTBS,WMKK,308,175,827,1
SMP428_VTBS_WMKK_2026-03-04 02:53,10.39444,100.98208,2026-03-04T03:37:30Z,353.5,SMP428,B788,VTBS,WMKK,309,175,827,1
SMP428_VTBS_WMKK_2026-03-04 02:53,10.37307,100.98415,2026-03-04T03:37:45Z,355.6,SMP428,B788,VTBS,WMKK,309,175,828,1
SMP428_VTBS_WMKK_2026-03-04 02:53,10.35169,100.98622,2026-03-04T03:38:00Z,357.6,SMP428,B788,VTBS,WMKK,310,175,828,1
SMP428_VTBS_WMKK_2026-03-04 02:53,10.33029,100.9883,2026-03-04T03:38:15Z,359.7,SMP428,B788,VTBS,WMKK,310,175,829,1
TST515_VTBD_VTUU_2026-03-04 02:08,13.9126,100.6068,2026-03-04T02:08:00Z,0.0,TST515,A320,VTBD,VTUU,200,71,0,0
TST515_VTBD_VTUU_2026-03-04 02:08,13.91715,100.6208,2026-03-04T02:08:15Z,1.8,TST515,A320,VTBD,VTUU,201,0,739,1
TST515_VTBD_VTUU_2026-03-04 02:08,13.9217,100.63481,2026-03-04T02:08:30Z,3.7,TST515,A320,VTBD,VTUU,201,0,740,1
TST515_VTBD_VTUU_2026-03-04 02:08,13.92626,100.64885,2026-03-04T02:08:45Z,5.6,TST515,A320,VTBD,VTUU,202,0,741,1
TST515_VTBD_VTUU_2026-03-04 02:08,13.93082,100.66291,2026-03-04T02:09:00Z,7.4,TST515,A320,VTBD,VTUU,202,0,742,1
TST515_VTBD_VTUU_2026-03-04 02:08,13.93539,100.67699,2026-03-04T02:09:15Z,9.3,TST515,A320,VTBD,VTUU,203,0,744,1
TST515_VTBD_VTUU_2026-03-04 02:08,13.93996,100.69109,2026-03-04T02:09:30Z,11.1,TST515,A320,VTBD,VTUU,204,0,745,1
TST515_VTBD_VTUU_2026-03-04 02:08,13.94454,100.70521,2026-03-04T02:09:45Z,13.0,TST515,A320,VTBD,VTUU,204,0,746,1
TST515_VTBD_VTUU_2026-03-04 02:08,13.94913,100.71935,2026-03-04T02:10:00Z,14.9,TST515,A320,VTBD,VTUU,205,0,747,1
TST515_VTBD_VTUU_2026-03-04 02:08,13.95372,100.73351,2026-03-04T02:10:15Z,16.7,TST515,A320,VTBD,VTUU,205,0,748,1
TST515_VTBD_VTUU_2026-03-04 02:08,13.95832,100.74769,2026-03-04T02:10:30Z,18.6,TST515,A320,VTBD,VTUU,206,0,749,1
TST515_VTBD_VTUU_2026-03-04 02:08,13.96292,100.7619,2026-03-04T02:10:45Z,20.5,TST515,A320,VTBD,VTUU,207,0,750,1
TST515_VTBD_VTUU_2026-03-04 02:08,13.96753,100.77612,2026-03-04T02:11:00Z,22.4,TST515,A320,VTBD,VTUU,207,0,751,1
TST515_VTBD_VTUU_2026-03-04 02:08,13.97215,100.79037,2026-03-04T02:11:15Z,24.3,TST515,A320,VTBD,VTUU,208,0,752,1
TST515_VTBD_VTUU_2026-03-04 02:08,13.97677,100.80464,2026-03-04T02:11:30Z,26.1,TST515,A320,VTBD,VTUU,208,0,753,1
TST515_VTBD_VTUU_2026-03-04 02:08,13.9814,100.81893,2026-03-04T02:11:45Z,28.0,TST515,A320,VTBD,VTUU,209,0,754,1
TST515_VTBD_VTUU_2026-03-04 02:08,13.98603,100.83324,2026-03-04T02:12:00Z,29.9,TST515,A320,VTBD,VTUU,210,0,755,1
TST515_VTBD_VTUU_2026-03-04 02:08,13.99067,100.84757,2026-03-04T02:12:15Z,31.8,TST515,A320,VTBD,VTUU,210,0,757,1
TST515_VTBD_VTUU_2026-03-04 02:08,13.99531,100.86192,2026-03-04T02:12:30Z,33.7,TST515,A320,VTBD,VTUU,211,0,758,1
TST515_VTBD_VTUU_2026-03-04 02:08,13.99997,100.87629,2026-03-04T02:12:45Z,35.6,TST515,A320,VTBD,VTUU,211,0,759,1
TST515_VTBD_VTUU_2026-03-04 02:08,14.00462,100.89069,2026-03-04T02:13:00Z,37.5,TST515,A320,VTBD,VTUU,212,0,760,1
TST515_VTBD_VTUU_2026-03-04 02:08,14.00928,100.9051,2026-03-04T02:13:15Z,39.4,TST515,A320,VTBD,VTUU,213,0,761,1
TST515_VTBD_VTUU_2026-03-04 02:08,14.01405,100.91985,2026-03-04T02:13:30Z,41.3,TST515,A320,VTBD,VTUU,213,72,778,1
TST515_VTBD_VTUU_2026-03-04 02:08,14.01886,100.93474,2026-03-04T02:13:45Z,43.3,TST515,A320,VTBD,VTUU,214,72,786,1
TST515_VTBD_VTUU_2026-03-04 02:08,14.02369,100.94966,2026-03-04T02:14:00Z,45.3,TST515,A320,VTBD,VTUU,215,72,787,1
TST515_VTBD_VTUU_2026-03-04 02:08,14.02851,100.9646,2026-03-04T02:14:15Z,47.3,TST515,A320,VTBD,VTUU,215,72,788,1
TST515_VTBD_VTUU_2026-03-04 02:08,14.03335,100.97956,2026-03-04T02:14:30Z,49.2,TST515,A320,VTBD,VTUU,216,72,790,1
TST515_VTBD_VTUU_2026-03-04 02:08,14.03819,100.99454,2026-03-04T02:14:45Z,51.2,TST515,A320,VTBD,VTUU,216,72,791,1
TST515_VTBD_VTUU_2026-03-04 02:08,14.04303,101.00955,2026-03-04T02:15:00Z,53.2,TST515,A320,VTBD,VTUU,217,72,792,1
TST515_VTBD_VTUU_2026-03-04 02:08,14.04788,101.02458,2026-03-04T02:15:15Z,55.2,TST515,A320,VTBD,VTUU,218,72,793,1
TST515_VTBD_VTUU_2026-03-04 02:08,14.05274,101.03963,2026-03-04T02:15:30Z,57.2,TST515,A320,VTBD,VTUU,218,72,794,1
TST515_VTBD_VTUU_2026-03-04 02:08,14.0576,101.0547,2026-03-04T02:15:45Z,59.2,TST515,A320,VTBD,VTUU,219,72,795,1
TST515_VTBD_VTUU_2026-03-04 02:08,14.06247,101.0698,2026-03-04T02:16:00Z,61.1,TST515,A320,VTBD,VTUU,220,72,796,1
TST515_VTBD_VTUU_2026-03-04 02:08,14.06735,101.08491,2026-03-04T02:16:15Z,63.1,TST515,A320,VTBD,VTUU,220,72,798,1
TST515_VTBD_VTUU_2026-03-04 02:08,14.07223,101.10005,2026-03-04T02:16:30Z,65.1,TST515,A320,VTBD,VTUU,221,72,799,1
TST515_VTBD_VTUU_2026-03-04 02:08,14.07712,101.11522,2026-03-04T02:16:45Z,67.1,TST515,A320,VTBD,VTUU,222,72,800,1
TST515_VTBD_VTUU_2026-03-04 02:08,14.08201,101.1304,2026-03-04T02:17:00Z,69.1,TST515,A320,VTBD,VTUU,222,72,801,1
TST515_VTBD_VTUU_2026-03-04 02:08,14.08691,101.14561,2026-03-04T02:17:15Z,71.1,TST515,A320,VTBD,VTUU,223,72,802,1
TST515_VTBD_VTUU_2026-03-04 02:08,14.09182,101.16084,2026-03-04T02:17:30Z,73.2,TST515,A320,VTBD,VTUU,224,72,803,1
TST515_VTBD_VTUU_2026-03-04 02:08,14.09673,101.17609,2026-03-04T02:17:45Z,75.2,TST515,A320,VTBD,VTUU,224,72,804,1
TST515_VTBD_VTUU_2026-03-04 02:08,14.10165,101.19137,2026-03-04T02:18:00Z,77.2,TST515,A320,VTBD,VTUU,225,72,806,1
TST515_VTBD_VTUU_2026-03-04 02:08,14.10657,101.20667,2026-03-04T02:18:15Z,79.2,TST515,A320,VTBD,VTUU,225,72,807,1
TST515_VTBD_VTUU_2026-03-04 02:08,14.11159,101.22225,2026-03-04T02:18:30Z,81.3,TST515,A320,VTBD,VTUU,226,72,822,1
TST515_VTBD_VTUU_2026-03-04 02:08,14.11666,101.23803,2026-03-04T02:18:45Z,83.3,TST515,A320,VTBD,VTUU,227,72,832,1
TST515_VTBD_VTUU_2026-03-04 02:08,14.12175,101.25384,2026-03-04T02:19:00Z,85.4,TST515,A320,VTBD,VTUU,227,72,833,1
TST515_VTBD_VTUU_2026-03-04 02:08,14.12684,101.26966,2026-03-04T02:19:15Z,87.5,TST515,A320,VTBD,VTUU,228,72,835,1
TST515_VTBD_VTUU_2026-03-04 02:08,14.13193,101.28551,2026-03-04T02:19:30Z,89.6,TST515,A320,VTBD,VTUU,229,72,836,1
TST515_VTBD_VTUU_2026-03-04 02:08,14.13703,101.30139,2026-03-04T02:19:45Z,91.7,TST515,A320,VTBD,VTUU,229,72,837,1
TST515_VTBD_VTUU_2026-03-04 02:08,14.14214,101.31729,2026-03-04T02:20:00Z,93.8,TST515,A320,VTBD,VTUU,230,72,838,1
TST515_VTBD_VTUU_2026-03-04 02:08,14.14726,101.33321,2026-03-04T02:20:15Z,95.9,TST515,A320,VTBD,VTUU,231,72,839,1
TST515_VTBD_VTUU_2026-03-04 02:08,14.15238,101.34915,2026-03-04T02:20:30Z,98.0,TST515,A320,VTBD,VTUU,231,72,841,1
TST515_VTBD_VTUU_2026-03-04 02:08,14.15751,101.36512,2026-03-04T02:20:45Z,100.1,TST515,A320,VTBD,VTUU,232,72,842,1
TST515_VTBD_VTUU_2026-03-04 02:08,14.16264,101.38111,2026-03-04T02:21:00Z,102.2,TST515,A320,VTBD,VTUU,233,72,843,1
TST515_VTBD_VTUU_2026-03-04 02:08,14.16778,101.39713,2026-03-04T02:21:15Z,104.3,TST515,A320,VTBD,VTUU,234,72,844,1
TST515_VTBD_VTUU_2026-03-04 02:08,14.17293,101.41317,2026-03-04T02:21:30Z,106.4,TST515,A320,VTBD,VTUU,234,72,845,1
TST515_VTBD_VTUU_2026-03-04 02:08,14.17808,101.42923,2026-03-04T02:21:45Z,108.6,TST515,A320,VTBD,VTUU,235,72,847,1
TST515_VTBD_VTUU_2026-03-04 02:08,14.18324,101.44532,2026-03-04T02:22:00Z,110.7,TST515,A320,VTBD,VTUU,236,72,848,1
TST515_VTBD_VTUU_2026-03-04 02:08,14.1884,101.46143,2026-03-04T02:22:15Z,112.8,TST515,A320,VTBD,VTUU,236,72,849,1
TST515_VTBD_VTUU_2026-03-04 02:08,14.19358,101.47757,2026-03-04T02:22:30Z,114.9,TST515,A320,VTBD,VTUU,237,72,850,1
TST515_VTBD_VTUU_2026-03-04 02:08,14.19875,101.49373,2026-03-04T02:22:45Z,117.1,TST515,A320,VTBD,VTUU,238,72,852,1
TST515_VTBD_VTUU_2026-03-04 02:08,14.20394,101.50991,2026-03-04T02:23:00Z,119.2,TST515,A320,VTBD,VTUU,238,72,853,1
TST515_VTBD_VTUU_2026-03-04 02:08,14.20922,101.52639,2026-03-04T02:23:15Z,121.4,TST515,A320,VTBD,VTUU,239,72,868,1
TST515_VTBD_VTUU_2026-03-04 02:08,14.21455,101.54306,2026-03-04T02:23:30Z,123.6,TST515,A320,VTBD,VTUU,240,72,878,1
TST515_VTBD_VTUU_2026-03-04 02:08,14.2199,101.55975,2026-03-04T02:23:45Z,125.8,TST515,A320,VTBD,VTUU,240,72,880,1
TST515_VTBD_VTUU_2026-03-04 02:08,14.22525,101.57647,2026-03-04T02:24:00Z,128.0,TST515,A320,VTBD,VTUU,241,72,881,1
TST515_VTBD_VTUU_2026-03-04 02:08,14.2306,101.59322,2026-03-04T02:24:15Z,130.2,TST515,A320,VTBD,VTUU,242,72,882,1
TST515_VTBD_VTUU_2026-03-04 02:08,14.23597,101.60999,2026-03-04T02:24:30Z,132.4,TST515,A320,VTBD,VTUU,243,72,883,1
TST515_VTBD_VTUU_2026-03-04 02:08,14.24134,101.62678,2026-03-04T02:24:45Z,134.6,TST515,A320,VTBD,VTUU,243,72,885,1
TST515_VTBD_VTUU_2026-03-04 02:08,14.24671,101.6436,2026-03-04T02:25:00Z,136.8,TST515,A320,VTBD,VTUU,244,72,886,1
TST515_VTBD_VTUU_2026-03-04 02:08,14.2521,101.66044,2026-03-04T02:25:15Z,139.0,TST515,A320,VTBD,VTUU,245,72,887,1
TST515_VTBD_VTUU_2026-03-04 02:08,14.25749,101.67731,2026-03-04T02:25:30Z,141.2,TST515,A320,VTBD,VTUU,245,72,888,1
TST515_VTBD_VTUU_2026-03-04 02:08,14.26288,101.6942,2026-03-04T02:25:45Z,143.5,TST515,A320,VTBD,VTUU,246,72,890,1
TST515_VTBD_VTUU_2026-03-04 02:08,14.26829,101.71112,2026-03-04T02:26:00Z,145.7,TST515,A320,VTBD,VTUU,247,72,891,1
TST515_VTBD_VTUU_2026-03-04 02:08,14.2737,101.72807,2026-03-04T02:26:15Z,147.9,TST515,A320,VTBD,VTUU,248,72,892,1
TST515_VTBD_VTUU_2026-03-04 02:08,14.27911,101.74503,2026-03-04T02:26:30Z,150.2,TST515,A320,VTBD,VTUU,248,72,894,1
TST515_VTBD_VTUU_2026-03-04 02:08,14.28454,101.76203,2026-03-04T02:26:45Z,152.4,TST515,A320,VTBD,VTUU,249,72,895,1
TST515_VTBD_VTUU_2026-03-04 02:08,14.28996,101.77905,2026-03-04T02:27:00Z,154.7,TST515,A320,VTBD,VTUU,250,72,896,1
TST515_VTBD_VTUU_2026-03-04 02:08,14.2954,101.79609,2026-03-04T02:27:15Z,156.9,TST515,A320,VTBD,VTUU,250,72,897,1
TST515_VTBD_VTUU_2026-03-04 02:08,14.30084,101.81316,2026-03-04T02:27:30Z,159.1,TST515,A320,VTBD,VTUU,251,72,899,1
TST515_VTBD_VTUU_2026-03-04 02:08,14.30638,101.83053,2026-03-04T02:27:45Z,161.4,TST515,A320,VTBD,VTUU,252,72,914,1
TST515_VTBD_VTUU_2026-03-04 02:08,14.31197,101.84809,2026-03-04T02:28:00Z,163.7,TST515,A320,VTBD,VTUU,253,72,924,1
TST515_VTBD_VTUU_2026-03-04 02:08,14.31758,101.86567,2026-03-04T02:28:15Z,166.1,TST515,A320,VTBD,VTUU,253,72,926,1
TST515_VTBD_VTUU_2026-03-04 02:08,14.32318,101.88329,2026-03-04T02:28:30Z,168.4,TST515,A320,VTBD,VTUU,254,72,927,1
TST515_VTBD_VTUU_2026-03-04 02:08,14.3288,101.90092,2026-03-04T02:28:45Z,170.7,TST515,A320,VTBD,VTUU,255,72,928,1
TST515_VTBD_VTUU_2026-03-04 02:08,14.33442,101.91859,2026-03-04T02:29:00Z,173.0,TST515,A320,VTBD,VTUU,256,72,930,1
TST515_VTBD_VTUU_2026-03-04 02:08,14.34005,101.93628,2026-03-04T02:29:15Z,175.4,TST515,A320,VTBD,VTUU,256,72,931,1
TST515_VTBD_VTUU_2026-03-04 02:08,14.34569,101.95399,2026-03-04T02:29:30Z,177.7,TST515,A320,VTBD,VTUU,257,72,932,1
TST515_VTBD_VTUU_2026-03-04 02:08,14.35133,101.97174,2026-03-04T02:29:45Z,180.0,TST515,A320,VTBD,VTUU,258,72,934,1
TST515_VTBD_VTUU_2026-03-04 02:08,14.35698,101.98951,2026-03-04T02:30:00Z,182.4,TST515,A320,VTBD,VTUU,259,72,935,1
TST515_VTBD_VTUU_2026-03-04 02:08,14.36263,102.0073,2026-03-04T02:30:15Z,184.7,TST515,A320,VTBD,VTUU,259,72,936,1
TST515_VTBD_VTUU_2026-03-04 02:08,14.3683,102.02513,2026-03-04T02:30:30Z,187.0,TST515,A320,VTBD,VTUU,260,72,938,1
TST515_VTBD_VTUU_2026-03-04 02:08,14.37397,102.04297,2026-03-04T02:30:45Z,189.4,TST515,A320,VTBD,VTUU,261,72,939,1
TST515_VTBD_VTUU_2026-03-04 02:08,14.37964,102.06085,2026-03-04T02:31:00Z,191.8,TST515,A320,VTBD,VTUU,262,72,941,1
TST515_VTBD_VTUU_2026-03-04 02:08,14.38533,102.07875,2026-03-04T02:31:15Z,194.1,TST515,A320,VTBD,VTUU,262,72,942,1
TST515_VTBD_VTUU_2026-03-04 02:08,14.39102,102.09668,2026-03-04T02:31:30Z,196.5,TST515,A320,VTBD,VTUU,263,72,943,1
TST515_VTBD_VTUU_2026-03-04 02:08,14.39672,102.11464,2026-03-04T02:31:45Z,198.8,TST515,A320,VTBD,VTUU,264,72,945,1
TST515_VTBD_VTUU_2026-03-04 02:08,14.40249,102.13284,2026-03-04T02:32:00Z,201.2,TST515,A320,VTBD,VTUU,265,72,958,1
TST515_VTBD_VTUU_2026-03-04 02:08,14.40834,102.15129,2026-03-04T02:32:15Z,203.7,TST515,A320,VTBD,VTUU,265,72,970,1
TST515_VTBD_VTUU_2026-03-04 02:08,14.4142,102.16976,2026-03-04T02:32:30Z,206.1,TST515,A320,VTBD,VTUU,266,72,972,1
TST515_VTBD_VTUU_2026-03-04 02:08,14.42006,102.18827,2026-03-04T02:32:45Z,208.5,TST515,A320,VTBD,VTUU,267,72,973,1
TST515_VTBD_VTUU_2026-03-04 02:08,14.42593,102.2068,2026-03-04T02:33:00Z,211.0,TST515,A320,VTBD,VTUU,268,72,975,1
TST515_VTBD_VTUU_2026-03-04 02:08,14.43181,102.22535,2026-03-04T02:33:15Z,213.4,TST515,A320,VTBD,VTUU,269,72,976,1
TST515_VTBD_VTUU_2026-03-04 02:08,14.43769,102.24394,2026-03-04T02:33:30Z,215.8,TST515,A320,VTBD,VTUU,269,72,977,1
TST515_VTBD_VTUU_2026-03-04 02:08,14.44359,102.26255,2026-03-04T02:33:45Z,218.3,TST515,A320,VTBD,VTUU,270,72,979,1
TST515_VTBD_VTUU_2026-03-04 02:08,14.44948,102.28119,2026-03-04T02:34:00Z,220.7,TST515,A320,VTBD,VTUU,271,72,980,1
TST515_VTBD_VTUU_2026-03-04 02:08,14.45539,102.29986,2026-03-04T02:34:15Z,223.2,TST515,A320,VTBD,VTUU,272,72,982,1
TST515_VTBD_VTUU_2026-03-04 02:08,14.4613,102.31856,2026-03-04T02:34:30Z,225.7,TST515,A320,VTBD,VTUU,273,72,983,1
TST515_VTBD_VTUU_2026-03-04 02:08,14.46722,102.33728,2026-03-04T02:34:45Z,228.1,TST515,A320,VTBD,VTUU,273,72,984,1
TST515_VTBD_VTUU_2026-03-04 02:08,14.47315,102.35604,2026-03-04T02:35:00Z,230.6,TST515,A320,VTBD,VTUU,274,72,986,1
TST515_VTBD_VTUU_2026-03-04 02:08,14.47908,102.37482,2026-03-04T02:35:15Z,233.1,TST515,A320,VTBD,VTUU,275,72,987,1
TST515_VTBD_VTUU_2026-03-04 02:08,14.48502,102.39363,2026-03-04T02:35:30Z,235.5,TST515,A320,VTBD,VTUU,276,72,989,1
TST515_VTBD_VTUU_2026-03-04 02:08,14.49097,102.41246,2026-03-04T02:35:45Z,238.0,TST515,A320,VTBD,VTUU,277,72,990,1
TST515_VTBD_VTUU_2026-03-04 02:08,14.49696,102.43141,2026-03-04T02:36:00Z,240.5,TST515,A320,VTBD,VTUU,277,72,996,1
TST515_VTBD_VTUU_2026-03-04 02:08,14.50306,102.45074,2026-03-04T02:36:15Z,243.0,TST515,A320,VTBD,VTUU,278,72,1016,1
TST515_VTBD_VTUU_2026-03-04 02:08,14.50916,102.4701,2026-03-04T02:36:30Z,245.6,TST515,A320,VTBD,VTUU,279,72,1017,1
TST515_VTBD_VTUU_2026-03-04 02:08,14.51528,102.48949,2026-03-04T02:36:45Z,248.1,TST515,A320,VTBD,VTUU,280,72,1019,1
TST515_VTBD_VTUU_2026-03-04 02:08,14.5214,102.50891,2026-03-04T02:37:00Z,250.7,TST515,A320,VTBD,VTUU,281,72,1020,1
TST515_VTBD_VTUU_2026-03-04 02:08,14.52753,102.52836,2026-03-04T02:37:15Z,253.2,TST515,A320,VTBD,VTUU,281,72,1022,1
TST515_VTBD_VTUU_2026-03-04 02:08,14.53367,102.54783,2026-03-04T02:37:30Z,255.8,TST515,A320,VTBD,VTUU,282,72,1023,1
TST515_VTBD_VTUU_2026-03-04 02:08,14.53981,102.56734,2026-03-04T02:37:45Z,258.4,TST515,A320,VTBD,VTUU,283,72,1025,1
TST515_VTBD_VTUU_2026-03-04 02:08,14.54596,102.58687,2026-03-04T02:38:00Z,260.9,TST515,A320,VTBD,VTUU,284,72,1026,1
TST515_VTBD_VTUU_2026-03-04 02:08,14.55212,102.60644,2026-03-04T02:38:15Z,263.5,TST515,A320,VTBD,VTUU,285,72,1028,1
TST515_VTBD_VTUU_2026-03-04 02:08,14.55828,102.62603,2026-03-04T02:38:30Z,266.1,TST515,A320,VTBD,VTUU,286,72,1029,1
TST515_VTBD_VTUU_2026-03-04 02:08,14.56446,102.64565,2026-03-04T02:38:45Z,268.6,TST515,A320,VTBD,VTUU,286,72,1031,1
TST515_VTBD_VTUU_2026-03-04 02:08,14.57064,102.66531,2026-03-04T02:39:00Z,271.2,TST515,A320,VTBD,VTUU,287,72,1032,1
TST515_VTBD_VTUU_2026-03-04 02:08,14.57682,102.68499,2026-03-04T02:39:15Z,273.8,TST515,A320,VTBD,VTUU,288,72,1034,1
TST515_VTBD_VTUU_2026-03-04 02:08,14.58302,102.7047,2026-03-04T02:39:30Z,276.4,TST515,A320,VTBD,VTUU,289,72,1035,1
TST515_VTBD_VTUU_2026-03-04 02:08,14.58922,102.72444,2026-03-04T02:39:45Z,279.0,TST515,A320,VTBD,VTUU,290,72,1037,1
TST515_VTBD_VTUU_2026-03-04 02:08,14.59533,102.74388,2026-03-04T02:40:00Z,278.4,TST515,A320,VTBD,VTUU,289,72,-219,0
TST515_VTBD_VTUU_2026-03-04 02:08,14.60136,102.76311,2026-03-04T02:40:15Z,275.9,TST515,A320,VTBD,VTUU,288,72,-1010,2
TST515_VTBD_VTUU_2026-03-04 02:08,14.60739,102.7823,2026-03-04T02:40:30Z,273.4,TST515,A320,VTBD,VTUU,287,72,-1008,2
TST515_VTBD_VTUU_2026-03-04 02:08,14.6134,102.80146,2026-03-04T02:40:45Z,270.9,TST515,A320,VTBD,VTUU,286,72,-1006,2
TST515_VTBD_VTUU_2026-03-04 02:08,14.6194,102.82059,2026-03-04T02:41:00Z,268.4,TST515,A320,VTBD,VTUU,285,72,-1004,2
TST515_VTBD_VTUU_2026-03-04 02:08,14.62539,102.83968,2026-03-04T02:41:15Z,265.9,TST515,A320,VTBD,VTUU,284,72,-1002,2
TST515_VTBD_VTUU_2026-03-04 02:08,14.63136,102.85874,2026-03-04T02:41:30Z,263.4,TST515,A320,VTBD,VTUU,283,72,-1001,2
TST515_VTBD_VTUU_2026-03-04 02:08,14.63733,102.87777,2026-03-04T02:41:45Z,260.9,TST515,A320,VTBD,VTUU,282,72,-999,2
TST515_VTBD_VTUU_2026-03-04 02:08,14.64328,102.89677,2026-03-04T02:42:00Z,258.4,TST515,A320,VTBD,VTUU,282,72,-997,2
TST515_VTBD_VTUU_2026-03-04 02:08,14.64922,102.91573,2026-03-04T02:42:15Z,255.9,TST515,A320,VTBD,VTUU,281,72,-995,2
TST515_VTBD_VTUU_2026-03-04 02:08,14.65514,102.93466,2026-03-04T02:42:30Z,253.4,TST515,A320,VTBD,VTUU,280,72,-994,2
TST515_VTBD_VTUU_2026-03-04 02:08,14.66106,102.95356,2026-03-04T02:42:45Z,250.9,TST515,A320,VTBD,VTUU,279,72,-992,2
TST515_VTBD_VTUU_2026-03-04 02:08,14.66696,102.97243,2026-03-04T02:43:00Z,248.4,TST515,A320,VTBD,VTUU,278,72,-990,2
TST515_VTBD_VTUU_2026-03-04 02:08,14.67285,102.99126,2026-03-04T02:43:15Z,246.0,TST515,A320,VTBD,VTUU,277,72,-988,2
TST515_VTBD_VTUU_2026-03-04 02:08,14.67873,103.01007,2026-03-04T02:43:30Z,243.5,TST515,A320,VTBD,VTUU,276,72,-987,2
TST515_VTBD_VTUU_2026-03-04 02:08,14.6846,103.02884,2026-03-04T02:43:45Z,241.0,TST515,A320,VTBD,VTUU,275,72,-985,2
TST515_VTBD_VTUU_2026-03-04 02:08,14.69036,103.04727,2026-03-04T02:44:00Z,238.6,TST515,A320,VTBD,VTUU,274,72,-967,2
TST515_VTBD_VTUU_2026-03-04 02:08,14.69604,103.06544,2026-03-04T02:44:15Z,236.2,TST515,A320,VTBD,VTUU,273,72,-953,2
TST515_VTBD_VTUU_2026-03-04 02:08,14.7017,103.08358,2026-03-04T02:44:30Z,233.9,TST515,A320,VTBD,VTUU,272,72,-952,2
TST515_VTBD_VTUU_2026-03-04 02:08,14.70735,103.10168,2026-03-04T02:44:45Z,231.5,TST515,A320,VTBD,VTUU,271,72,-950,2
TST515_VTBD_VTUU_2026-03-04 02:08,14.713,103.11976,2026-03-04T02:45:00Z,229.1,TST515,A320,VTBD,VTUU,270,72,-948,2
TST515_VTBD_VTUU_2026-03-04 02:08,14.71863,103.13781,2026-03-04T02:45:15Z,226.7,TST515,A320,VTBD,VTUU,269,72,-947,2
TST515_VTBD_VTUU_2026-03-04 02:08,14.72425,103.15583,2026-03-04T02:45:30Z,224.4,TST515,A320,VTBD,VTUU,268,72,-945,2
TST515_VTBD_VTUU_2026-03-04 02:08,14.72986,103.17381,2026-03-04T02:45:45Z,222.0,TST515,A320,VTBD,VTUU,267,72,-943,2
TST515_VTBD_VTUU_2026-03-04 02:08,14.73545,103.19177,2026-03-04T02:46:00Z,219.7,TST515,A320,VTBD,VTUU,266,72,-942,2
TST515_VTBD_VTUU_2026-03-04 02:08,14.74104,103.20969,2026-03-04T02:46:15Z,217.3,TST515,A320,VTBD,VTUU,265,72,-940,2
TST515_VTBD_VTUU_2026-03-04 02:08,14.74662,103.22758,2026-03-04T02:46:30Z,215.0,TST515,A320,VTBD,VTUU,264,72,-938,2
TST515_VTBD_VTUU_2026-03-04 02:08,14.75218,103.24545,2026-03-04T02:46:45Z,212.6,TST515,A320,VTBD,VTUU,264,72,-937,2
TST515_VTBD_VTUU_2026-03-04 02:08,14.75773,103.26328,2026-03-04T02:47:00Z,210.3,TST515,A320,VTBD,VTUU,263,72,-935,2
TST515_VTBD_VTUU_2026-03-04 02:08,14.76327,103.28108,2026-03-04T02:47:15Z,207.9,TST515,A320,VTBD,VTUU,262,72,-933,2
TST515_VTBD_VTUU_2026-03-04 02:08,14.7688,103.29885,2026-03-04T02:47:30Z,205.6,TST515,A320,VTBD,VTUU,261,72,-932,2
TST515_VTBD_VTUU_2026-03-04 02:08,14.77432,103.31659,2026-03-04T02:47:45Z,203.3,TST515,A320,VTBD,VTUU,260,72,-930,2
TST515_VTBD_VTUU_2026-03-04 02:08,14.77983,103.3343,2026-03-04T02:48:00Z,201.0,TST515,A320,VTBD,VTUU,259,72,-928,2
TST515_VTBD_VTUU_2026-03-04 02:08,14.78523,103.35167,2026-03-04T02:48:15Z,198.7,TST515,A320,VTBD,VTUU,258,72,-910,2
TST515_VTBD_VTUU_2026-03-04 02:08,14.79055,103.36878,2026-03-04T02:48:30Z,196.4,TST515,A320,VTBD,VTUU,257,72,-897,2
TST515_VTBD_VTUU_2026-03-04 02:08,14.79586,103.38587,2026-03-04T02:48:45Z,194.2,TST515,A320,VTBD,VTUU,256,72,-895,2
TST515_VTBD_VTUU_2026-03-04 02:08,14.80116,103.40292,2026-03-04T02:49:00Z,192.0,TST515,A320,VTBD,VTUU,255,72,-894,2
TST515_VTBD_VTUU_2026-03-04 02:08,14.80645,103.41995,2026-03-04T02:49:15Z,189.7,TST515,A320,VTBD,VTUU,255,72,-892,2
TST515_VTBD_VTUU_2026-03-04 02:08,14.81172,103.43695,2026-03-04T02:49:30Z,187.5,TST515,A320,VTBD,VTUU,254,72,-891,2
TST515_VTBD_VTUU_2026-03-04 02:08,14.81699,103.45392,2026-03-04T02:49:45Z,185.3,TST515,A320,VTBD,VTUU,253,72,-889,2
TST515_VTBD_VTUU_2026-03-04 02:08,14.82225,103.47086,2026-03-04T02:50:00Z,183.1,TST515,A320,VTBD,VTUU,252,72,-888,2
TST515_VTBD_VTUU_2026-03-04 02:08,14.82749,103.48777,2026-03-04T02:50:15Z,180.8,TST515,A320,VTBD,VTUU,251,72,-886,2
TST515_VTBD_VTUU_2026-03-04 02:08,14.83273,103.50465,2026-03-04T02:50:30Z,178.6,TST515,A320,VTBD,VTUU,250,72,-884,2
TST515_VTBD_VTUU_2026-03-04 02:08,14.83795,103.5215,2026-03-04T02:50:45Z,176.4,TST515,A320,VTBD,VTUU,249,72,-883,2
TST515_VTBD_VTUU_2026-03-04 02:08,14.84317,103.53832,2026-03-04T02:51:00Z,174.2,TST515,A320,VTBD,VTUU,248,72,-881,2
TST515_VTBD_VTUU_2026-03-04 02:08,14.84837,103.55512,2026-03-04T02:51:15Z,172.0,TST515,A320,VTBD,VTUU,248,72,-880,2
TST515_VTBD_VTUU_2026-03-04 02:08,14.85356,103.57188,2026-03-04T02:51:30Z,169.8,TST515,A320,VTBD,VTUU,247,72,-878,2
TST515_VTBD_VTUU_2026-03-04 02:08,14.85875,103.58862,2026-03-04T02:51:45Z,167.6,TST515,A320,VTBD,VTUU,246,72,-877,2
TST515_VTBD_VTUU_2026-03-04 02:08,14.86392,103.60533,2026-03-04T02:52:00Z,165.4,TST515,A320,VTBD,VTUU,245,72,-875,2
TST515_VTBD_VTUU_2026-03-04 02:08,14.86908,103.62201,2026-03-04T02:52:15Z,163.3,TST515,A320,VTBD,VTUU,244,72,-874,2
TST515_VTBD_VTUU_2026-03-04 02:08,14.87423,103.63866,2026-03-04T02:52:30Z,161.1,TST515,A320,VTBD,VTUU,243,72,-872,2
TST515_VTBD_VTUU_2026-03-04 02:08,14.87929,103.65501,2026-03-04T02:52:45Z,158.9,TST515,A320,VTBD,VTUU,242,72,-856,2
TST515_VTBD_VTUU_2026-03-04 02:08,14.88426,103.67106,2026-03-04T02:53:00Z,156.8,TST515,A320,VTBD,VTUU,242,72,-841,2
TST515_VTBD_VTUU_2026-03-04 02:08,14.88921,103.68709,2026-03-04T02:53:15Z,154.7,TST515,A320,VTBD,VTUU,241,72,-839,2
TST515_VTBD_VTUU_2026-03-04 02:08,14.89416,103.7031,2026-03-04T02:53:30Z,152.6,TST515,A320,VTBD,VTUU,240,72,-838,2
TST515_VTBD_VTUU_2026-03-04 02:08,14.8991,103.71907,2026-03-04T02:53:45Z,150.5,TST515,A320,VTBD,VTUU,239,72,-836,2
TST515_VTBD_VTUU_2026-03-04 02:08,14.90402,103.73502,2026-03-04T02:54:00Z,148.5,TST515,A320,VTBD,VTUU,238,72,-835,2
TST515_VTBD_VTUU_2026-03-04 02:08,14.90894,103.75094,2026-03-04T02:54:15Z,146.4,TST515,A320,VTBD,VTUU,238,72,-834,2
TST515_VTBD_VTUU_2026-03-04 02:08,14.91385,103.76683,2026-03-04T02:54:30Z,144.3,TST515,A320,VTBD,VTUU,237,72,-832,2
TST515_VTBD_VTUU_2026-03-04 02:08,14.91874,103.7827,2026-03-04T02:54:45Z,142.2,TST515,A320,VTBD,VTUU,236,72,-831,2
TST515_VTBD_VTUU_2026-03-04 02:08,14.92363,103.79854,2026-03-04T02:55:00Z,140.1,TST515,A320,VTBD,VTUU,235,72,-829,2
TST515_VTBD_VTUU_2026-03-04 02:08,14.92851,103.81435,2026-03-04T02:55:15Z,138.1,TST515,A320,VTBD,VTUU,234,72,-828,2
TST515_VTBD_VTUU_2026-03-04 02:08,14.93338,103.83013,2026-03-04T02:55:30Z,136.0,TST515,A320,VTBD,VTUU,233,72,-826,2
TST515_VTBD_VTUU_2026-03-04 02:08,14.93823,103.84589,2026-03-04T02:55:45Z,133.9,TST515,A320,VTBD,VTUU,233,72,-825,2
TST515_VTBD_VTUU_2026-03-04 02:08,14.94308,103.86162,2026-03-04T02:56:00Z,131.9,TST515,A320,VTBD,VTUU,232,72,-823,2
TST515_VTBD_VTUU_2026-03-04 02:08,14.94792,103.87732,2026-03-04T02:56:15Z,129.8,TST515,A320,VTBD,VTUU,231,72,-822,2
TST515_VTBD_VTUU_2026-03-04 02:08,14.95275,103.893,2026-03-04T02:56:30Z,127.8,TST515,A320,VTBD,VTUU,230,72,-820,2
TST515_VTBD_VTUU_2026-03-04 02:08,14.95757,103.90865,2026-03-04T02:56:45Z,125.7,TST515,A320,VTBD,VTUU,229,72,-819,2
TST515_VTBD_VTUU_2026-03-04 02:08,14.96238,103.92427,2026-03-04T02:57:00Z,123.7,TST515,A320,VTBD,VTUU,229,72,-818,2
TST515_VTBD_VTUU_2026-03-04 02:08,14.96718,103.93987,2026-03-04T02:57:15Z,121.6,TST515,A320,VTBD,VTUU,228,72,-816,2
TST515_VTBD_VTUU_2026-03-04 02:08,14.97194,103.95532,2026-03-04T02:57:30Z,119.6,TST515,A320,VTBD,VTUU,227,72,-809,2
TST515_VTBD_VTUU_2026-03-04 02:08,14.97656,103.97033,2026-03-04T02:57:45Z,117.6,TST515,A320,VTBD,VTUU,226,72,-785,2
TST515_VTBD_VTUU_2026-03-04 02:08,14.98117,103.98531,2026-03-04T02:58:00Z,115.7,TST515,A320,VTBD,VTUU,225,72,-784,2
TST515_VTBD_VTUU_2026-03-04 02:08,14.98576,104.00026,2026-03-04T02:58:15Z,113.7,TST515,A320,VTBD,VTUU,225,72,-782,2
TST515_VTBD_VTUU_2026-03-04 02:08,14.99035,104.01519,2026-03-04T02:58:30Z,111.8,TST515,A320,VTBD,VTUU,224,72,-781,2
TST515_VTBD_VTUU_2026-03-04 02:08,14.99493,104.03009,2026-03-04T02:58:45Z,109.8,TST515,A320,VTBD,VTUU,223,72,-780,2
TST515_VTBD_VTUU_2026-03-04 02:08,14.99951,104.04497,2026-03-04T02:59:00Z,107.9,TST515,A320,VTBD,VTUU,222,72,-778,2
TST515_VTBD_VTUU_2026-03-04 02:08,15.00407,104.05982,2026-03-04T02:59:15Z,105.9,TST515,A320,VTBD,VTUU,222,72,-777,2
TST515_VTBD_VTUU_2026-03-04 02:08,15.00862,104.07464,2026-03-04T02:59:30Z,104.0,TST515,A320,VTBD,VTUU,221,72,-775,2
TST515_VTBD_VTUU_2026-03-04 02:08,15.01317,104.08944,2026-03-04T02:59:45Z,102.1,TST515,A320,VTBD,VTUU,220,72,-774,2
TST515_VTBD_VTUU_2026-03-04 02:08,15.0177,104.10422,2026-03-04T03:00:00Z,100.1,TST515,A320,VTBD,VTUU,219,72,-773,2
TST515_VTBD_VTUU_2026-03-04 02:08,15.02223,104.11897,2026-03-04T03:00:15Z,98.2,TST515,A320,VTBD,VTUU,219,72,-771,2
TST515_VTBD_VTUU_2026-03-04 02:08,15.02675,104.13369,2026-03-04T03:00:30Z,96.3,TST515,A320,VTBD,VTUU,218,72,-770,2
TST515_VTBD_VTUU_2026-03-04 02:08,15.03125,104.14839,2026-03-04T03:00:45Z,94.3,TST515,A320,VTBD,VTUU,217,72,-769,2
TST515_VTBD_VTUU_2026-03-04 02:08,15.03575,104.16306,2026-03-04T03:01:00Z,92.4,TST515,A320,VTBD,VTUU,216,72,-767,2
TST515_VTBD_VTUU_2026-03-04 02:08,15.04025,104.17771,2026-03-04T03:01:15Z,90.5,TST515,A320,VTBD,VTUU,216,72,-766,2
TST515_VTBD_VTUU_2026-03-04 02:08,15.04473,104.19233,2026-03-04T03:01:30Z,88.6,TST515,A320,VTBD,VTUU,215,72,-765,2
TST515_VTBD_VTUU_2026-03-04 02:08,15.0492,104.20693,2026-03-04T03:01:45Z,86.7,TST515,A320,VTBD,VTUU,214,72,-763,2
TST515_VTBD_VTUU_2026-03-04 02:08,15.05367,104.2215,2026-03-04T03:02:00Z,84.8,TST515,A320,VTBD,VTUU,213,72,-762,2
TST515_VTBD_VTUU_2026-03-04 02:08,15.05812,104.23605,2026-03-04T03:02:15Z,82.9,TST515,A320,VTBD,VTUU,213,72,-761,2
TST515_VTBD_VTUU_2026-03-04 02:08,15.06257,104.25057,2026-03-04T03:02:30Z,81.0,TST515,A320,VTBD,VTUU,212,72,-759,2
TST515_VTBD_VTUU_2026-03-04 02:08,15.06693,104.2648,2026-03-04T03:02:45Z,79.1,TST515,A320,VTBD,VTUU,211,72,-744,2
TST515_VTBD_VTUU_2026-03-04 02:08,15.07119,104.27874,2026-03-04T03:03:00Z,77.3,TST515,A320,VTBD,VTUU,210,72,-728,2
TST515_VTBD_VTUU_2026-03-04 02:08,15.07545,104.29265,2026-03-04T03:03:15Z,75.5,TST515,A320,VTBD,VTUU,210,72,-727,2
TST515_VTBD_VTUU_2026-03-04 02:08,15.07969,104.30654,2026-03-04T03:03:30Z,73.7,TST515,A320,VTBD,VTUU,209,72,-726,2
TST515_VTBD_VTUU_2026-03-04 02:08,15.08393,104.3204,2026-03-04T03:03:45Z,71.8,TST515,A320,VTBD,VTUU,208,72,-725,2
TST515_VTBD_VTUU_2026-03-04 02:08,15.08817,104.33424,2026-03-04T03:04:00Z,70.0,TST515,A320,VTBD,VTUU,208,72,-723,2
TST515_VTBD_VTUU_2026-03-04 02:08,15.09239,104.34805,2026-03-04T03:04:15Z,68.2,TST515,A320,VTBD,VTUU,207,72,-722,2
TST515_VTBD_VTUU_2026-03-04 02:08,15.0966,104.36185,2026-03-04T03:04:30Z,66.4,TST515,A320,VTBD,VTUU,206,72,-721,2
TST515_VTBD_VTUU_2026-03-04 02:08,15.10081,104.37561,2026-03-04T03:04:45Z,64.6,TST515,A320,VTBD,VTUU,205,72,-719,2
TST515_VTBD_VTUU_2026-03-04 02:08,15.10501,104.38936,2026-03-04T03:05:00Z,62.8,TST515,A320,VTBD,VTUU,205,72,-718,2
TST515_VTBD_VTUU_2026-03-04 02:08,15.1092,104.40308,2026-03-04T03:05:15Z,61.0,TST515,A320,VTBD,VTUU,204,72,-717,2
TST515_VTBD_VTUU_2026-03-04 02:08,15.11338,104.41677,2026-03-04T03:05:30Z,59.2,TST515,A320,VTBD,VTUU,203,72,-716,2
TST515_VTBD_VTUU_2026-03-04 02:08,15.11756,104.43045,2026-03-04T03:05:45Z,57.5,TST515,A320,VTBD,VTUU,203,72,-714,2
TST515_VTBD_VTUU_2026-03-04 02:08,15.12172,104.4441,2026-03-04T03:06:00Z,55.7,TST515,A320,VTBD,VTUU,202,72,-713,2
TST515_VTBD_VTUU_2026-03-04 02:08,15.12588,104.45772,2026-03-04T03:06:15Z,53.9,TST515,A320,VTBD,VTUU,201,72,-712,2
TST515_VTBD_VTUU_2026-03-04 02:08,15.13003,104.47133,2026-03-04T03:06:30Z,52.1,TST515,A320,VTBD,VTUU,200,72,-711,2
TST515_VTBD_VTUU_2026-03-04 02:08,15.13417,104.48491,2026-03-04T03:06:45Z,50.3,TST515,A320,VTBD,VTUU,200,72,-709,2
TST515_VTBD_VTUU_2026-03-04 02:08,15.1383,104.49846,2026-03-04T03:07:00Z,48.6,TST515,A320,VTBD,VTUU,199,72,-708,2
TST515_VTBD_VTUU_2026-03-04 02:08,15.14243,104.512,2026-03-04T03:07:15Z,46.8,TST515,A320,VTBD,VTUU,198,72,-707,2
TST515_VTBD_VTUU_2026-03-04 02:08,15.14655,104.5255,2026-03-04T03:07:30Z,45.0,TST515,A320,VTBD,VTUU,198,72,-706,2
TST515_VTBD_VTUU_2026-03-04 02:08,15.15066,104.53899,2026-03-04T03:07:45Z,43.3,TST515,A320,VTBD,VTUU,197,72,-704,2
TST515_VTBD_VTUU_2026-03-04 02:08,15.15476,104.55245,2026-03-04T03:08:00Z,41.5,TST515,A320,VTBD,VTUU,196,72,-703,2
TST515_VTBD_VTUU_2026-03-04 02:08,15.15883,104.56582,2026-03-04T03:08:15Z,39.8,TST515,A320,VTBD,VTUU,196,72,-698,2
TST515_VTBD_VTUU_2026-03-04 02:08,15.16275,104.5787,2026-03-04T03:08:30Z,38.1,TST515,A320,VTBD,VTUU,195,72,-673,2
TST515_VTBD_VTUU_2026-03-04 02:08,15.16666,104.59155,2026-03-04T03:08:45Z,36.4,TST515,A320,VTBD,VTUU,194,72,-671,2
TST515_VTBD_VTUU_2026-03-04 02:08,15.17057,104.60439,2026-03-04T03:09:00Z,34.7,TST515,A320,VTBD,VTUU,194,73,-670,2
TST515_VTBD_VTUU_2026-03-04 02:08,15.17447,104.6172,2026-03-04T03:09:15Z,33.1,TST515,A320,VTBD,VTUU,193,73,-669,2
TST515_VTBD_VTUU_2026-03-04 02:08,15.17836,104.62999,2026-03-04T03:09:30Z,31.4,TST515,A320,VTBD,VTUU,192,73,-668,2
TST515_VTBD_VTUU_2026-03-04 02:08,15.18224,104.64275,2026-03-04T03:09:45Z,29.7,TST515,A320,VTBD,VTUU,192,73,-667,2
TST515_VTBD_VTUU_2026-03-04 02:08,15.18611,104.6555,2026-03-04T03:10:00Z,28.1,TST515,A320,VTBD,VTUU,191,73,-665,2
TST515_VTBD_VTUU_2026-03-04 02:08,15.18998,104.66822,2026-03-04T03:10:15Z,26.4,TST515,A320,VTBD,VTUU,190,73,-664,2
TST515_VTBD_VTUU_2026-03-04 02:08,15.19384,104.68092,2026-03-04T03:10:30Z,24.7,TST515,A320,VTBD,VTUU,190,73,-663,2
TST515_VTBD_VTUU_2026-03-04 02:08,15.1977,104.6936,2026-03-04T03:10:45Z,23.1,TST515,A320,VTBD,VTUU,189,73,-662,2
TST515_VTBD_VTUU_2026-03-04 02:08,15.20154,104.70626,2026-03-04T03:11:00Z,21.4,TST515,A320,VTBD,VTUU,188,73,-661,2
TST515_VTBD_VTUU_2026-03-04 02:08,15.20538,104.7189,2026-03-04T03:11:15Z,19.8,TST515,A320,VTBD,VTUU,188,73,-660,2
TST515_VTBD_VTUU_2026-03-04 02:08,15.20921,104.73151,2026-03-04T03:11:30Z,18.1,TST515,A320,VTBD,VTUU,187,73,-658,2
TST515_VTBD_VTUU_2026-03-04 02:08,15.21303,104.74411,2026-03-04T03:11:45Z,16.5,TST515,A320,VTBD,VTUU,186,73,-657,2
TST515_VTBD_VTUU_2026-03-04 02:08,15.21685,104.75668,2026-03-04T03:12:00Z,14.8,TST515,A320,VTBD,VTUU,186,73,-656,2
TST515_VTBD_VTUU_2026-03-04 02:08,15.22066,104.76923,2026-03-04T03:12:15Z,13.2,TST515,A320,VTBD,VTUU,185,73,-655,2
TST515_VTBD_VTUU_2026-03-04 02:08,15.22446,104.78175,2026-03-04T03:12:30Z,11.6,TST515,A320,VTBD,VTUU,185,73,-654,2
TST515_VTBD_VTUU_2026-03-04 02:08,15.22825,104.79426,2026-03-04T03:12:45Z,9.9,TST515,A320,VTBD,VTUU,184,73,-653,2
TST515_VTBD_VTUU_2026-03-04 02:08,15.23204,104.80674,2026-03-04T03:13:00Z,8.3,TST515,A320,VTBD,VTUU,183,73,-652,2
TST515_VTBD_VTUU_2026-03-04 02:08,15.23582,104.81921,2026-03-04T03:13:15Z,6.7,TST515,A320,VTBD,VTUU,183,73,-650,2
TST515_VTBD_VTUU_2026-03-04 02:08,15.23959,104.83165,2026-03-04T03:13:30Z,5.0,TST515,A320,VTBD,VTUU,182,73,-649,2
TST515_VTBD_VTUU_2026-03-04 02:08,15.24335,104.84407,2026-03-04T03:13:45Z,3.4,TST515,A320,VTBD,VTUU,181,73,-648,2
TST515_VTBD_VTUU_2026-03-04 02:08,15.24711,104.85647,2026-03-04T03:14:00Z,1.8,TST515,A320,VTBD,VTUU,181,73,-647,2
TST515_VTBD_VTUU_2026-03-04 02:08,15.25086,104.86884,2026-03-04T03:14:15Z,0.2,TST515,A320,VTBD,VTUU,180,73,-646,2
TST522_VTUU_VTBD_2026-03-04 02:31,15.2513,104.8703,2026-03-04T02:31:00Z,0.0,TST522,A320,VTUU,VTBD,200,253,0,0
TST522_VTUU_VTBD_2026-03-04 02:31,15.24701,104.85613,2026-03-04T02:31:15Z,1.8,TST522,A320,VTUU,VTBD,201,0,739,1
TST522_VTUU_VTBD_2026-03-04 02:31,15.24271,104.84195,2026-03-04T02:31:30Z,3.7,TST522,A320,VTUU,VTBD,201,0,740,1
TST522_VTUU_VTBD_2026-03-04 02:31,15.2384,104.82774,2026-03-04T02:31:45Z,5.6,TST522,A320,VTUU,VTBD,202,0,741,1
TST522_VTUU_VTBD_2026-03-04 02:31,15.23409,104.81351,2026-03-04T02:32:00Z,7.4,TST522,A320,VTUU,VTBD,202,0,742,1
TST522_VTUU_VTBD_2026-03-04 02:31,15.22977,104.79927,2026-03-04T02:32:15Z,9.3,TST522,A320,VTUU,VTBD,203,0,744,1
TST522_VTUU_VTBD_2026-03-04 02:31,15.22544,104.785,2026-03-04T02:32:30Z,11.1,TST522,A320,VTUU,VTBD,204,0,745,1
TST522_VTUU_VTBD_2026-03-04 02:31,15.22111,104.77072,2026-03-04T02:32:45Z,13.0,TST522,A320,VTUU,VTBD,204,0,746,1
TST522_VTUU_VTBD_2026-03-04 02:31,15.21677,104.75641,2026-03-04T02:33:00Z,14.9,TST522,A320,VTUU,VTBD,205,0,747,1
TST522_VTUU_VTBD_2026-03-04 02:31,15.21242,104.74209,2026-03-04T02:33:15Z,16.7,TST522,A320,VTUU,VTBD,205,0,748,1
TST522_VTUU_VTBD_2026-03-04 02:31,15.20806,104.72774,2026-03-04T02:33:30Z,18.6,TST522,A320,VTUU,VTBD,206,0,749,1
TST522_VTUU_VTBD_2026-03-04 02:31,15.2037,104.71337,2026-03-04T02:33:45Z,20.5,TST522,A320,VTUU,VTBD,207,0,750,1
TST522_VTUU_VTBD_2026-03-04 02:31,15.19933,104.69899,2026-03-04T02:34:00Z,22.4,TST522,A320,VTUU,VTBD,207,0,751,1
TST522_VTUU_VTBD_2026-03-04 02:31,15.19495,104.68458,2026-03-04T02:34:15Z,24.3,TST522,A320,VTUU,VTBD,208,0,752,1
TST522_VTUU_VTBD_2026-03-04 02:31,15.19057,104.67016,2026-03-04T02:34:30Z,26.1,TST522,A320,VTUU,VTBD,208,0,753,1
TST522_VTUU_VTBD_2026-03-04 02:31,15.18618,104.65571,2026-03-04T02:34:45Z,28.0,TST522,A320,VTUU,VTBD,209,0,754,1
TST522_VTUU_VTBD_2026-03-04 02:31,15.18178,104.64124,2026-03-04T02:35:00Z,29.9,TST522,A320,VTUU,VTBD,210,0,755,1
TST522_VTUU_VTBD_2026-03-04 02:31,15.17737,104.62676,2026-03-04T02:35:15Z,31.8,TST522,A320,VTUU,VTBD,210,0,757,1
TST522_VTUU_VTBD_2026-03-04 02:31,15.17296,104.61225,2026-03-04T02:35:30Z,33.7,TST522,A320,VTUU,VTBD,211,0,758,1
TST522_VTUU_VTBD_2026-03-04 02:31,15.16854,104.59772,2026-03-04T02:35:45Z,35.6,TST522,A320,VTUU,VTBD,211,0,759,1
TST522_VTUU_VTBD_2026-03-04 02:31,15.16411,104.58317,2026-03-04T02:36:00Z,37.5,TST522,A320,VTUU,VTBD,212,0,760,1
TST522_VTUU_VTBD_2026-03-04 02:31,15.15968,104.56861,2026-03-04T02:36:15Z,39.4,TST522,A320,VTUU,VTBD,213,0,761,1
TST522_VTUU_VTBD_2026-03-04 02:31,15.15514,104.55371,2026-03-04T02:36:30Z,41.3,TST522,A320,VTUU,VTBD,213,252,778,1
TST522_VTUU_VTBD_2026-03-04 02:31,15.15055,104.53866,2026-03-04T02:36:45Z,43.3,TST522,A320,VTUU,VTBD,214,252,786,1
TST522_VTUU_VTBD_2026-03-04 02:31,15.14596,104.52359,2026-03-04T02:37:00Z,45.3,TST522,A320,VTUU,VTBD,215,252,787,1
TST522_VTUU_VTBD_2026-03-04 02:31,15.14136,104.5085,2026-03-04T02:37:15Z,47.3,TST522,A320,VTUU,VTBD,215,252,788,1
TST522_VTUU_VTBD_2026-03-04 02:31,15.13676,104.49338,2026-03-04T02:37:30Z,49.2,TST522,A320,VTUU,VTBD,216,252,790,1
TST522_VTUU_VTBD_2026-03-04 02:31,15.13214,104.47825,2026-03-04T02:37:45Z,51.2,TST522,A320,VTUU,VTBD,216,252,791,1
TST522_VTUU_VTBD_2026-03-04 02:31,15.12752,104.46309,2026-03-04T02:38:00Z,53.2,TST522,A320,VTUU,VTBD,217,252,792,1
TST522_VTUU_VTBD_2026-03-04 02:31,15.12289,104.44792,2026-03-04T02:38:15Z,55.2,TST522,A320,VTUU,VTBD,218,252,793,1
TST522_VTUU_VTBD_2026-03-04 02:31,15.11825,104.43272,2026-03-04T02:38:30Z,57.2,TST522,A320,VTUU,VTBD,218,252,794,1
TST522_VTUU_VTBD_2026-03-04 02:31,15.1136,104.4175,2026-03-04T02:38:45Z,59.2,TST522,A320,VTUU,VTBD,219,252,795,1
TST522_VTUU_VTBD_2026-03-04 02:31,15.10895,104.40226,2026-03-04T02:39:00Z,61.1,TST522,A320,VTUU,VTBD,220,252,796,1
TST522_VTUU_VTBD_2026-03-04 02:31,15.10429,104.387,2026-03-04T02:39:15Z,63.1,TST522,A320,VTUU,VTBD,220,252,798,1
TST522_VTUU_VTBD_2026-03-04 02:31,15.09962,104.37172,2026-03-04T02:39:30Z,65.1,TST522,A320,VTUU,VTBD,221,252,799,1
TST522_VTUU_VTBD_2026-03-04 02:31,15.09494,104.35641,2026-03-04T02:39:45Z,67.1,TST522,A320,VTUU,VTBD,222,252,800,1
TST522_VTUU_VTBD_2026-03-04 02:31,15.09026,104.34109,2026-03-04T02:40:00Z,69.1,TST522,A320,VTUU,VTBD,222,252,801,1
TST522_VTUU_VTBD_2026-03-04 02:31,15.08557,104.32574,2026-03-04T02:40:15Z,71.1,TST522,A320,VTUU,VTBD,223,252,802,1
TST522_VTUU_VTBD_2026-03-04 02:31,15.08087,104.31037,2026-03-04T02:40:30Z,73.2,TST522,A320,VTUU,VTBD,224,252,803,1
TST522_VTUU_VTBD_2026-03-04 02:31,15.07616,104.29498,2026-03-04T02:40:45Z,75.2,TST522,A320,VTUU,VTBD,224,252,804,1
TST522_VTUU_VTBD_2026-03-04 02:31,15.07144,104.27957,2026-03-04T02:41:00Z,77.2,TST522,A320,VTUU,VTBD,225,252,806,1
TST522_VTUU_VTBD_2026-03-04 02:31,15.06672,104.26414,2026-03-04T02:41:15Z,79.2,TST522,A320,VTUU,VTBD,225,252,807,1
TST522_VTUU_VTBD_2026-03-04 02:31,15.06191,104.24842,2026-03-04T02:41:30Z,81.3,TST522,A320,VTUU,VTBD,226,252,822,1
TST522_VTUU_VTBD_2026-03-04 02:31,15.05703,104.2325,2026-03-04T02:41:45Z,83.3,TST522,A320,VTUU,VTBD,227,252,832,1
TST522_VTUU_VTBD_2026-03-04 02:31,15.05215,104.21656,2026-03-04T02:42:00Z,85.4,TST522,A320,VTUU,VTBD,227,252,833,1
TST522_VTUU_VTBD_2026-03-04 02:31,15.04726,104.2006,2026-03-04T02:42:15Z,87.5,TST522,A320,VTUU,VTBD,228,252,835,1
TST522_VTUU_VTBD_2026-03-04 02:31,15.04236,104.18462,2026-03-04T02:42:30Z,89.6,TST522,A320,VTUU,VTBD,229,252,836,1
TST522_VTUU_VTBD_2026-03-04 02:31,15.03746,104.16861,2026-03-04T02:42:45Z,91.7,TST522,A320,VTUU,VTBD,229,252,837,1
TST522_VTUU_VTBD_2026-03-04 02:31,15.03254,104.15258,2026-03-04T02:43:00Z,93.8,TST522,A320,VTUU,VTBD,230,252,838,1
TST522_VTUU_VTBD_2026-03-04 02:31,15.02762,104.13653,2026-03-04T02:43:15Z,95.9,TST522,A320,VTUU,VTBD,231,252,839,1
TST522_VTUU_VTBD_2026-03-04 02:31,15.02269,104.12046,2026-03-04T02:43:30Z,98.0,TST522,A320,VTUU,VTBD,231,252,841,1
TST522_VTUU_VTBD_2026-03-04 02:31,15.01775,104.10437,2026-03-04T02:43:45Z,100.1,TST522,A320,VTUU,VTBD,232,252,842,1
TST522_VTUU_VTBD_2026-03-04 02:31,15.0128,104.08825,2026-03-04T02:44:00Z,102.2,TST522,A320,VTUU,VTBD,233,252,843,1
TST522_VTUU_VTBD_2026-03-04 02:31,15.00784,104.07211,2026-03-04T02:44:15Z,104.3,TST522,A320,VTUU,VTBD,234,252,844,1
TST522_VTUU_VTBD_2026-03-04 02:31,15.00288,104.05595,2026-03-04T02:44:30Z,106.4,TST522,A320,VTUU,VTBD,234,252,845,1
TST522_VTUU_VTBD_2026-03-04 02:31,14.99791,104.03976,2026-03-04T02:44:45Z,108.6,TST522,A320,VTUU,VTBD,235,252,847,1
TST522_VTUU_VTBD_2026-03-04 02:31,14.99293,104.02356,2026-03-04T02:45:00Z,110.7,TST522,A320,VTUU,VTBD,236,252,848,1
TST522_VTUU_VTBD_2026-03-04 02:31,14.98794,104.00733,2026-03-04T02:45:15Z,112.8,TST522,A320,VTUU,VTBD,236,252,849,1
TST522_VTUU_VTBD_2026-03-04 02:31,14.98294,103.99107,2026-03-04T02:45:30Z,114.9,TST522,A320,VTUU,VTBD,237,252,850,1
TST522_VTUU_VTBD_2026-03-04 02:31,14.97793,103.9748,2026-03-04T02:45:45Z,117.1,TST522,A320,VTUU,VTBD,238,252,852,1
TST522_VTUU_VTBD_2026-03-04 02:31,14.97292,103.9585,2026-03-04T02:46:00Z,119.2,TST522,A320,VTUU,VTBD,238,252,853,1
TST522_VTUU_VTBD_2026-03-04 02:31,14.96781,103.94191,2026-03-04T02:46:15Z,121.4,TST522,A320,VTUU,VTBD,239,252,868,1
TST522_VTUU_VTBD_2026-03-04 02:31,14.96265,103.92512,2026-03-04T02:46:30Z,123.6,TST522,A320,VTUU,VTBD,240,252,878,1
TST522_VTUU_VTBD_2026-03-04 02:31,14.95747,103.90832,2026-03-04T02:46:45Z,125.8,TST522,A320,VTUU,VTBD,240,252,880,1
TST522_VTUU_VTBD_2026-03-04 02:31,14.95229,103.89149,2026-03-04T02:47:00Z,128.0,TST522,A320,VTUU,VTBD,241,252,881,1
TST522_VTUU_VTBD_2026-03-04 02:31,14.94709,103.87463,2026-03-04T02:47:15Z,130.2,TST522,A320,VTUU,VTBD,242,252,882,1
TST522_VTUU_VTBD_2026-03-04 02:31,14.94189,103.85776,2026-03-04T02:47:30Z,132.4,TST522,A320,VTUU,VTBD,243,252,883,1
TST522_VTUU_VTBD_2026-03-04 02:31,14.93668,103.84085,2026-03-04T02:47:45Z,134.6,TST522,A320,VTUU,VTBD,243,252,885,1
TST522_VTUU_VTBD_2026-03-04 02:31,14.93146,103.82393,2026-03-04T02:48:00Z,136.8,TST522,A320,VTUU,VTBD,244,252,886,1
TST522_VTUU_VTBD_2026-03-04 02:31,14.92624,103.80698,2026-03-04T02:48:15Z,139.0,TST522,A320,VTUU,VTBD,245,252,887,1
TST522_VTUU_VTBD_2026-03-04 02:31,14.921,103.79001,2026-03-04T02:48:30Z,141.2,TST522,A320,VTUU,VTBD,245,252,888,1
TST522_VTUU_VTBD_2026-03-04 02:31,14.91575,103.77302,2026-03-04T02:48:45Z,143.5,TST522,A320,VTUU,VTBD,246,252,890,1
TST522_VTUU_VTBD_2026-03-04 02:31,14.9105,103.756,2026-03-04T02:49:00Z,145.7,TST522,A320,VTUU,VTBD,247,252,891,1
TST522_VTUU_VTBD_2026-03-04 02:31,14.90524,103.73896,2026-03-04T02:49:15Z,147.9,TST522,A320,VTUU,VTBD,248,252,892,1
TST522_VTUU_VTBD_2026-03-04 02:31,14.89997,103.72189,2026-03-04T02:49:30Z,150.2,TST522,A320,VTUU,VTBD,248,252,894,1
TST522_VTUU_VTBD_2026-03-04 02:31,14.89469,103.7048,2026-03-04T02:49:45Z,152.4,TST522,A320,VTUU,VTBD,249,252,895,1
TST522_VTUU_VTBD_2026-03-04 02:31,14.8894,103.68769,2026-03-04T02:50:00Z,154.7,TST522,A320,VTUU,VTBD,250,252,896,1
TST522_VTUU_VTBD_2026-03-04 02:31,14.8841,103.67055,2026-03-04T02:50:15Z,156.9,TST522,A320,VTUU,VTBD,250,252,897,1
TST522_VTUU_VTBD_2026-03-04 02:31,14.87879,103.65339,2026-03-04T02:50:30Z,159.1,TST522,A320,VTUU,VTBD,251,252,899,1
TST522_VTUU_VTBD_2026-03-04 02:31,14.87339,103.63593,2026-03-04T02:50:45Z,161.4,TST522,A320,VTUU,VTBD,252,252,914,1
TST522_VTUU_VTBD_2026-03-04 02:31,14.86793,103.61828,2026-03-04T02:51:00Z,163.7,TST522,A320,VTUU,VTBD,253,252,924,1
TST522_VTUU_VTBD_2026-03-04 02:31,14.86246,103.60061,2026-03-04T02:51:15Z,166.1,TST522,A320,VTUU,VTBD,253,252,926,1
TST522_VTUU_VTBD_2026-03-04 02:31,14.85698,103.58291,2026-03-04T02:51:30Z,168.4,TST522,A320,VTUU,VTBD,254,252,927,1
TST522_VTUU_VTBD_2026-03-04 02:31,14.85149,103.56519,2026-03-04T02:51:45Z,170.7,TST522,A320,VTUU,VTBD,255,252,928,1
TST522_VTUU_VTBD_2026-03-04 02:31,14.84599,103.54744,2026-03-04T02:52:00Z,173.0,TST522,A320,VTUU,VTBD,256,252,930,1
TST522_VTUU_VTBD_2026-03-04 02:31,14.84048,103.52967,2026-03-04T02:52:15Z,175.4,TST522,A320,VTUU,VTBD,256,252,931,1
TST522_VTUU_VTBD_2026-03-04 02:31,14.83497,103.51187,2026-03-04T02:52:30Z,177.7,TST522,A320,VTUU,VTBD,257,252,932,1
TST522_VTUU_VTBD_2026-03-04 02:31,14.82944,103.49405,2026-03-04T02:52:45Z,180.0,TST522,A320,VTUU,VTBD,258,252,934,1
TST522_VTUU_VTBD_2026-03-04 02:31,14.82391,103.47621,2026-03-04T02:53:00Z,182.4,TST522,A320,VTUU,VTBD,259,252,935,1
TST522_VTUU_VTBD_2026-03-04 02:31,14.81836,103.45834,2026-03-04T02:53:15Z,184.7,TST522,A320,VTUU,VTBD,259,252,936,1
TST522_VTUU_VTBD_2026-03-04 02:31,14.81281,103.44044,2026-03-04T02:53:30Z,187.0,TST522,A320,VTUU,VTBD,260,252,938,1
TST522_VTUU_VTBD_2026-03-04 02:31,14.80724,103.42252,2026-03-04T02:53:45Z,189.4,TST522,A320,VTUU,VTBD,261,252,939,1
TST522_VTUU_VTBD_2026-03-04 02:31,14.80167,103.40457,2026-03-04T02:54:00Z,191.8,TST522,A320,VTUU,VTBD,262,252,941,1
TST522_VTUU_VTBD_2026-03-04 02:31,14.79609,103.3866,2026-03-04T02:54:15Z,194.1,TST522,A320,VTUU,VTBD,262,252,942,1
TST522_VTUU_VTBD_2026-03-04 02:31,14.7905,103.36861,2026-03-04T02:54:30Z,196.5,TST522,A320,VTUU,VTBD,263,252,943,1
TST522_VTUU_VTBD_2026-03-04 02:31,14.78489,103.35059,2026-03-04T02:54:45Z,198.8,TST522,A320,VTUU,VTBD,264,252,945,1
TST522_VTUU_VTBD_2026-03-04 02:31,14.77921,103.33232,2026-03-04T02:55:00Z,201.2,TST522,A320,VTUU,VTBD,265,252,958,1
TST522_VTUU_VTBD_2026-03-04 02:31,14.77346,103.31381,2026-03-04T02:55:15Z,203.7,TST522,A320,VTUU,VTBD,265,252,970,1
TST522_VTUU_VTBD_2026-03-04 02:31,14.76769,103.29528,2026-03-04T02:55:30Z,206.1,TST522,A320,VTUU,VTBD,266,252,972,1
TST522_VTUU_VTBD_2026-03-04 02:31,14.76191,103.27672,2026-03-04T02:55:45Z,208.5,TST522,A320,VTUU,VTBD,267,252,973,1
TST522_VTUU_VTBD_2026-03-04 02:31,14.75613,103.25813,2026-03-04T02:56:00Z,211.0,TST522,A320,VTUU,VTBD,268,252,975,1
TST522_VTUU_VTBD_2026-03-04 02:31,14.75033,103.23952,2026-03-04T02:56:15Z,213.4,TST522,A320,VTUU,VTBD,269,252,976,1
TST522_VTUU_VTBD_2026-03-04 02:31,14.74453,103.22088,2026-03-04T02:56:30Z,215.8,TST522,A320,VTUU,VTBD,269,252,977,1
TST522_VTUU_VTBD_2026-03-04 02:31,14.73871,103.20221,2026-03-04T02:56:45Z,218.3,TST522,A320,VTUU,VTBD,270,252,979,1
TST522_VTUU_VTBD_2026-03-04 02:31,14.73289,103.18352,2026-03-04T02:57:00Z,220.7,TST522,A320,VTUU,VTBD,271,252,980,1
TST522_VTUU_VTBD_2026-03-04 02:31,14.72705,103.16481,2026-03-04T02:57:15Z,223.2,TST522,A320,VTUU,VTBD,272,252,982,1
TST522_VTUU_VTBD_2026-03-04 02:31,14.7212,103.14607,2026-03-04T02:57:30Z,225.7,TST522,A320,VTUU,VTBD,273,252,983,1
TST522_VTUU_VTBD_2026-03-04 02:31,14.71535,103.1273,2026-03-04T02:57:45Z,228.1,TST522,A320,VTUU,VTBD,273,252,984,1
TST522_VTUU_VTBD_2026-03-04 02:31,14.70948,103.1085,2026-03-04T02:58:00Z,230.6,TST522,A320,VTUU,VTBD,274,252,986,1
TST522_VTUU_VTBD_2026-03-04 02:31,14.70361,103.08968,2026-03-04T02:58:15Z,233.1,TST522,A320,VTUU,VTBD,275,252,987,1
TST522_VTUU_VTBD_2026-03-04 02:31,14.69772,103.07084,2026-03-04T02:58:30Z,235.5,TST522,A320,VTUU,VTBD,276,252,989,1
TST522_VTUU_VTBD_2026-03-04 02:31,14.69183,103.05197,2026-03-04T02:58:45Z,238.0,TST522,A320,VTUU,VTBD,277,252,990,1
TST522_VTUU_VTBD_2026-03-04 02:31,14.6859,103.03298,2026-03-04T02:59:00Z,240.5,TST522,A320,VTUU,VTBD,277,252,996,1
TST522_VTUU_VTBD_2026-03-04 02:31,14.67984,103.01362,2026-03-04T02:59:15Z,243.0,TST522,A320,VTUU,VTBD,278,252,1016,1
TST522_VTUU_VTBD_2026-03-04 02:31,14.67378,102.99423,2026-03-04T02:59:30Z,245.6,TST522,A320,VTUU,VTBD,279,252,1017,1
TST522_VTUU_VTBD_2026-03-04 02:31,14.66771,102.97481,2026-03-04T02:59:45Z,248.1,TST522,A320,VTUU,VTBD,280,252,1019,1
TST522_VTUU_VTBD_2026-03-04 02:31,14.66162,102.95537,2026-03-04T03:00:00Z,250.7,TST522,A320,VTUU,VTBD,281,252,1020,1
TST522_VTUU_VTBD_2026-03-04 02:31,14.65553,102.9359,2026-03-04T03:00:15Z,253.2,TST522,A320,VTUU,VTBD,281,252,1022,1
TST522_VTUU_VTBD_2026-03-04 02:31,14.64942,102.9164,2026-03-04T03:00:30Z,255.8,TST522,A320,VTUU,VTBD,282,252,1023,1
TST522_VTUU_VTBD_2026-03-04 02:31,14.64331,102.89687,2026-03-04T03:00:45Z,258.4,TST522,A320,VTUU,VTBD,283,252,1025,1
TST522_VTUU_VTBD_2026-03-04 02:31,14.63718,102.87732,2026-03-04T03:01:00Z,260.9,TST522,A320,VTUU,VTBD,284,252,1026,1
TST522_VTUU_VTBD_2026-03-04 02:31,14.63105,102.85774,2026-03-04T03:01:15Z,263.5,TST522,A320,VTUU,VTBD,285,252,1028,1
TST522_VTUU_VTBD_2026-03-04 02:31,14.6249,102.83814,2026-03-04T03:01:30Z,266.1,TST522,A320,VTUU,VTBD,286,252,1029,1
TST522_VTUU_VTBD_2026-03-04 02:31,14.61875,102.8185,2026-03-04T03:01:45Z,268.6,TST522,A320,VTUU,VTBD,286,252,1031,1
TST522_VTUU_VTBD_2026-03-04 02:31,14.61258,102.79884,2026-03-04T03:02:00Z,271.2,TST522,A320,VTUU,VTBD,287,252,1032,1
TST522_VTUU_VTBD_2026-03-04 02:31,14.6064,102.77916,2026-03-04T03:02:15Z,273.8,TST522,A320,VTUU,VTBD,288,252,1034,1
TST522_VTUU_VTBD_2026-03-04 02:31,14.60021,102.75944,2026-03-04T03:02:30Z,276.4,TST522,A320,VTUU,VTBD,289,252,1035,1
TST522_VTUU_VTBD_2026-03-04 02:31,14.59401,102.7397,2026-03-04T03:02:45Z,279.0,TST522,A320,VTUU,VTBD,290,252,1037,1
TST522_VTUU_VTBD_2026-03-04 02:31,14.58791,102.72025,2026-03-04T03:03:00Z,278.4,TST522,A320,VTUU,VTBD,289,252,-219,0
TST522_VTUU_VTBD_2026-03-04 02:31,14.58187,102.70103,2026-03-04T03:03:15Z,275.9,TST522,A320,VTUU,VTBD,288,252,-1010,2
TST522_VTUU_VTBD_2026-03-04 02:31,14.57584,102.68184,2026-03-04T03:03:30Z,273.4,TST522,A320,VTUU,VTBD,287,252,-1008,2
TST522_VTUU_VTBD_2026-03-04 02:31,14.56982,102.66269,2026-03-04T03:03:45Z,270.9,TST522,A320,VTUU,VTBD,286,252,-1006,2
TST522_VTUU_VTBD_2026-03-04 02:31,14.5638,102.64357,2026-03-04T03:04:00Z,268.4,TST522,A320,VTUU,VTBD,285,252,-1004,2
TST522_VTUU_VTBD_2026-03-04 02:31,14.5578,102.62449,2026-03-04T03:04:15Z,265.9,TST522,A320,VTUU,VTBD,284,252,-1002,2
TST522_VTUU_VTBD_2026-03-04 02:31,14.55181,102.60544,2026-03-04T03:04:30Z,263.4,TST522,A320,VTUU,VTBD,283,252,-1001,2
TST522_VTUU_VTBD_2026-03-04 02:31,14.54582,102.58643,2026-03-04T03:04:45Z,260.9,TST522,A320,VTUU,VTBD,282,252,-999,2
TST522_VTUU_VTBD_2026-03-04 02:31,14.53984,102.56745,2026-03-04T03:05:00Z,258.4,TST522,A320,VTUU,VTBD,282,252,-997,2
TST522_VTUU_VTBD_2026-03-04 02:31,14.53388,102.5485,2026-03-04T03:05:15Z,255.9,TST522,A320,VTUU,VTBD,281,252,-995,2
TST522_VTUU_VTBD_2026-03-04 02:31,14.52792,102.52959,2026-03-04T03:05:30Z,253.4,TST522,A320,VTUU,VTBD,280,252,-994,2
TST522_VTUU_VTBD_2026-03-04 02:31,14.52197,102.51071,2026-03-04T03:05:45Z,250.9,TST522,A320,VTUU,VTBD,279,252,-992,2
TST522_VTUU_VTBD_2026-03-04 02:31,14.51603,102.49187,2026-03-04T03:06:00Z,248.4,TST522,A320,VTUU,VTBD,278,252,-990,2
TST522_VTUU_VTBD_2026-03-04 02:31,14.5101,102.47306,2026-03-04T03:06:15Z,246.0,TST522,A320,VTUU,VTBD,277,252,-988,2
TST522_VTUU_VTBD_2026-03-04 02:31,14.50417,102.45429,2026-03-04T03:06:30Z,243.5,TST522,A320,VTUU,VTBD,276,252,-987,2
TST522_VTUU_VTBD_2026-03-04 02:31,14.49826,102.43555,2026-03-04T03:06:45Z,241.0,TST522,A320,VTUU,VTBD,275,252,-985,2
TST522_VTUU_VTBD_2026-03-04 02:31,14.49245,102.41715,2026-03-04T03:07:00Z,238.6,TST522,A320,VTUU,VTBD,274,252,-967,2
TST522_VTUU_VTBD_2026-03-04 02:31,14.48673,102.39902,2026-03-04T03:07:15Z,236.2,TST522,A320,VTUU,VTBD,273,252,-953,2
TST522_VTUU_VTBD_2026-03-04 02:31,14.48101,102.38091,2026-03-04T03:07:30Z,233.9,TST522,A320,VTUU,VTBD,272,252,-952,2
TST522_VTUU_VTBD_2026-03-04 02:31,14.4753,102.36284,2026-03-04T03:07:45Z,231.5,TST522,A320,VTUU,VTBD,271,252,-950,2
TST522_VTUU_VTBD_2026-03-04 02:31,14.4696,102.3448,2026-03-04T03:08:00Z,229.1,TST522,A320,VTUU,VTBD,270,252,-948,2
TST522_VTUU_VTBD_2026-03-04 02:31,14.46391,102.3268,2026-03-04T03:08:15Z,226.7,TST522,A320,VTUU,VTBD,269,252,-947,2
TST522_VTUU_VTBD_2026-03-04 02:31,14.45822,102.30882,2026-03-04T03:08:30Z,224.4,TST522,A320,VTUU,VTBD,268,252,-945,2
TST522_VTUU_VTBD_2026-03-04 02:31,14.45255,102.29088,2026-03-04T03:08:45Z,222.0,TST522,A320,VTUU,VTBD,267,252,-943,2
TST522_VTUU_VTBD_2026-03-04 02:31,14.44688,102.27297,2026-03-04T03:09:00Z,219.7,TST522,A320,VTUU,VTBD,266,252,-942,2
TST522_VTUU_VTBD_2026-03-04 02:31,14.44123,102.2551,2026-03-04T03:09:15Z,217.3,TST522,A320,VTUU,VTBD,265,252,-940,2
TST522_VTUU_VTBD_2026-03-04 02:31,14.43558,102.23725,2026-03-04T03:09:30Z,215.0,TST522,A320,VTUU,VTBD,264,252,-938,2
TST522_VTUU_VTBD_2026-03-04 02:31,14.42994,102.21944,2026-03-04T03:09:45Z,212.6,TST522,A320,VTUU,VTBD,264,252,-937,2
TST522_VTUU_VTBD_2026-03-04 02:31,14.4243,102.20166,2026-03-04T03:10:00Z,210.3,TST522,A320,VTUU,VTBD,263,252,-935,2
TST522_VTUU_VTBD_2026-03-04 02:31,14.41868,102.18391,2026-03-04T03:10:15Z,207.9,TST522,A320,VTUU,VTBD,262,252,-933,2
TST522_VTUU_VTBD_2026-03-04 02:31,14.41307,102.1662,2026-03-04T03:10:30Z,205.6,TST522,A320,VTUU,VTBD,261,252,-932,2
TST522_VTUU_VTBD_2026-03-04 02:31,14.40746,102.14852,2026-03-04T03:10:45Z,203.3,TST522,A320,VTUU,VTBD,260,252,-930,2
TST522_VTUU_VTBD_2026-03-04 02:31,14.40186,102.13087,2026-03-04T03:11:00Z,201.0,TST522,A320,VTUU,VTBD,259,252,-928,2
TST522_VTUU_VTBD_2026-03-04 02:31,14.39637,102.11356,2026-03-04T03:11:15Z,198.7,TST522,A320,VTUU,VTBD,258,252,-910,2
TST522_VTUU_VTBD_2026-03-04 02:31,14.39096,102.09651,2026-03-04T03:11:30Z,196.4,TST522,A320,VTUU,VTBD,257,252,-897,2
TST522_VTUU_VTBD_2026-03-04 02:31,14.38556,102.07948,2026-03-04T03:11:45Z,194.2,TST522,A320,VTUU,VTBD,256,252,-895,2
TST522_VTUU_VTBD_2026-03-04 02:31,14.38017,102.06249,2026-03-04T03:12:00Z,192.0,TST522,A320,VTUU,VTBD,255,252,-894,2
TST522_VTUU_VTBD_2026-03-04 02:31,14.37478,102.04553,2026-03-04T03:12:15Z,189.7,TST522,A320,VTUU,VTBD,255,252,-892,2
TST522_VTUU_VTBD_2026-03-04 02:31,14.3694,102.0286,2026-03-04T03:12:30Z,187.5,TST522,A320,VTUU,VTBD,254,252,-891,2
TST522_VTUU_VTBD_2026-03-04 02:31,14.36403,102.0117,2026-03-04T03:12:45Z,185.3,TST522,A320,VTUU,VTBD,253,252,-889,2
TST522_VTUU_VTBD_2026-03-04 02:31,14.35867,101.99484,2026-03-04T03:13:00Z,183.1,TST522,A320,VTUU,VTBD,252,252,-888,2
TST522_VTUU_VTBD_2026-03-04 02:31,14.35332,101.978,2026-03-04T03:13:15Z,180.8,TST522,A320,VTUU,VTBD,251,252,-886,2
TST522_VTUU_VTBD_2026-03-04 02:31,14.34797,101.96119,2026-03-04T03:13:30Z,178.6,TST522,A320,VTUU,VTBD,250,252,-884,2
TST522_VTUU_VTBD_2026-03-04 02:31,14.34264,101.94441,2026-03-04T03:13:45Z,176.4,TST522,A320,VTUU,VTBD,249,252,-883,2
TST522_VTUU_VTBD_2026-03-04 02:31,14.33731,101.92767,2026-03-04T03:14:00Z,174.2,TST522,A320,VTUU,VTBD,248,252,-881,2
TST522_VTUU_VTBD_2026-03-04 02:31,14.33199,101.91095,2026-03-04T03:14:15Z,172.0,TST522,A320,VTUU,VTBD,248,252,-880,2
TST522_VTUU_VTBD_2026-03-04 02:31,14.32668,101.89426,2026-03-04T03:14:30Z,169.8,TST522,A320,VTUU,VTBD,247,252,-878,2
TST522_VTUU_VTBD_2026-03-04 02:31,14.32138,101.87761,2026-03-04T03:14:45Z,167.6,TST522,A320,VTUU,VTBD,246,252,-877,2
TST522_VTUU_VTBD_2026-03-04 02:31,14.31608,101.86098,2026-03-04T03:15:00Z,165.4,TST522,A320,VTUU,VTBD,245,252,-875,2
TST522_VTUU_VTBD_2026-03-04 02:31,14.31079,101.84438,2026-03-04T03:15:15Z,163.3,TST522,A320,VTUU,VTBD,244,252,-874,2
TST522_VTUU_VTBD_2026-03-04 02:31,14.30551,101.82782,2026-03-04T03:15:30Z,161.1,TST522,A320,VTUU,VTBD,243,252,-872,2
TST522_VTUU_VTBD_2026-03-04 02:31,14.30033,101.81155,2026-03-04T03:15:45Z,158.9,TST522,A320,VTUU,VTBD,242,252,-856,2
TST522_VTUU_VTBD_2026-03-04 02:31,14.29524,101.79558,2026-03-04T03:16:00Z,156.8,TST522,A320,VTUU,VTBD,242,252,-841,2
TST522_VTUU_VTBD_2026-03-04 02:31,14.29015,101.77964,2026-03-04T03:16:15Z,154.7,TST522,A320,VTUU,VTBD,241,252,-839,2
TST522_VTUU_VTBD_2026-03-04 02:31,14.28508,101.76372,2026-03-04T03:16:30Z,152.6,TST522,A320,VTUU,VTBD,240,252,-838,2
TST522_VTUU_VTBD_2026-03-04 02:31,14.28001,101.74784,2026-03-04T03:16:45Z,150.5,TST522,A320,VTUU,VTBD,239,252,-836,2
TST522_VTUU_VTBD_2026-03-04 02:31,14.27495,101.73198,2026-03-04T03:17:00Z,148.5,TST522,A320,VTUU,VTBD,238,252,-835,2
TST522_VTUU_VTBD_2026-03-04 02:31,14.26989,101.71615,2026-03-04T03:17:15Z,146.4,TST522,A320,VTUU,VTBD,238,252,-834,2
TST522_VTUU_VTBD_2026-03-04 02:31,14.26485,101.70035,2026-03-04T03:17:30Z,144.3,TST522,A320,VTUU,VTBD,237,252,-832,2
TST522_VTUU_VTBD_2026-03-04 02:31,14.25981,101.68458,2026-03-04T03:17:45Z,142.2,TST522,A320,VTUU,VTBD,236,252,-831,2
TST522_VTUU_VTBD_2026-03-04 02:31,14.25478,101.66884,2026-03-04T03:18:00Z,140.1,TST522,A320,VTUU,VTBD,235,252,-829,2
TST522_VTUU_VTBD_2026-03-04 02:31,14.24976,101.65312,2026-03-04T03:18:15Z,138.1,TST522,A320,VTUU,VTBD,234,252,-828,2
TST522_VTUU_VTBD_2026-03-04 02:31,14.24474,101.63743,2026-03-04T03:18:30Z,136.0,TST522,A320,VTUU,VTBD,233,252,-826,2
TST522_VTUU_VTBD_2026-03-04 02:31,14.23974,101.62178,2026-03-04T03:18:45Z,133.9,TST522,A320,VTUU,VTBD,233,252,-825,2
TST522_VTUU_VTBD_2026-03-04 02:31,14.23474,101.60615,2026-03-04T03:19:00Z,131.9,TST522,A320,VTUU,VTBD,232,252,-823,2
TST522_VTUU_VTBD_2026-03-04 02:31,14.22975,101.59055,2026-03-04T03:19:15Z,129.8,TST522,A320,VTUU,VTBD,231,252,-822,2
TST522_VTUU_VTBD_2026-03-04 02:31,14.22477,101.57497,2026-03-04T03:19:30Z,127.8,TST522,A320,VTUU,VTBD,230,252,-820,2
TST522_VTUU_VTBD_2026-03-04 02:31,14.21979,101.55943,2026-03-04T03:19:45Z,125.7,TST522,A320,VTUU,VTBD,229,252,-819,2
TST522_VTUU_VTBD_2026-03-04 02:31,14.21482,101.54391,2026-03-04T03:20:00Z,123.7,TST522,A320,VTUU,VTBD,229,252,-818,2
TST522_VTUU_VTBD_2026-03-04 02:31,14.20987,101.52842,2026-03-04T03:20:15Z,121.6,TST522,A320,VTUU,VTBD,228,252,-816,2
TST522_VTUU_VTBD_2026-03-04 02:31,14.20495,101.51307,2026-03-04T03:20:30Z,119.6,TST522,A320,VTUU,VTBD,227,252,-809,2
TST522_VTUU_VTBD_2026-03-04 02:31,14.20018,101.49817,2026-03-04T03:20:45Z,117.6,TST522,A320,VTUU,VTBD,226,252,-785,2
TST522_VTUU_VTBD_2026-03-04 02:31,14.19541,101.48329,2026-03-04T03:21:00Z,115.7,TST522,A320,VTUU,VTBD,225,252,-784,2
TST522_VTUU_VTBD_2026-03-04 02:31,14.19065,101.46845,2026-03-04T03:21:15Z,113.7,TST522,A320,VTUU,VTBD,225,252,-782,2
TST522_VTUU_VTBD_2026-03-04 02:31,14.1859,101.45363,2026-03-04T03:21:30Z,111.8,TST522,A320,VTUU,VTBD,224,252,-781,2
TST522_VTUU_VTBD_2026-03-04 02:31,14.18116,101.43884,2026-03-04T03:21:45Z,109.8,TST522,A320,VTUU,VTBD,223,252,-780,2
TST522_VTUU_VTBD_2026-03-04 02:31,14.17642,101.42407,2026-03-04T03:22:00Z,107.9,TST522,A320,VTUU,VTBD,222,252,-778,2
TST522_VTUU_VTBD_2026-03-04 02:31,14.17169,101.40933,2026-03-04T03:22:15Z,105.9,TST522,A320,VTUU,VTBD,222,252,-777,2
TST522_VTUU_VTBD_2026-03-04 02:31,14.16697,101.39462,2026-03-04T03:22:30Z,104.0,TST522,A320,VTUU,VTBD,221,252,-775,2
TST522_VTUU_VTBD_2026-03-04 02:31,14.16226,101.37993,2026-03-04T03:22:45Z,102.1,TST522,A320,VTUU,VTBD,220,252,-774,2
TST522_VTUU_VTBD_2026-03-04 02:31,14.15755,101.36527,2026-03-04T03:23:00Z,100.1,TST522,A320,VTUU,VTBD,219,252,-773,2
TST522_VTUU_VTBD_2026-03-04 02:31,14.15285,101.35064,2026-03-04T03:23:15Z,98.2,TST522,A320,VTUU,VTBD,219,252,-771,2
TST522_VTUU_VTBD_2026-03-04 02:31,14.14816,101.33603,2026-03-04T03:23:30Z,96.3,TST522,A320,VTUU,VTBD,218,252,-770,2
TST522_VTUU_VTBD_2026-03-04 02:31,14.14348,101.32145,2026-03-04T03:23:45Z,94.3,TST522,A320,VTUU,VTBD,217,252,-769,2
TST522_VTUU_VTBD_2026-03-04 02:31,14.1388,101.3069,2026-03-04T03:24:00Z,92.4,TST522,A320,VTUU,VTBD,216,252,-767,2
TST522_VTUU_VTBD_2026-03-04 02:31,14.13413,101.29237,2026-03-04T03:24:15Z,90.5,TST522,A320,VTUU,VTBD,216,252,-766,2
TST522_VTUU_VTBD_2026-03-04 02:31,14.12947,101.27786,2026-03-04T03:24:30Z,88.6,TST522,A320,VTUU,VTBD,215,252,-765,2
TST522_VTUU_VTBD_2026-03-04 02:31,14.12482,101.26339,2026-03-04T03:24:45Z,86.7,TST522,A320,VTUU,VTBD,214,252,-763,2
TST522_VTUU_VTBD_2026-03-04 02:31,14.12017,101.24894,2026-03-04T03:25:00Z,84.8,TST522,A320,VTUU,VTBD,213,252,-762,2
TST522_VTUU_VTBD_2026-03-04 02:31,14.11553,101.23451,2026-03-04T03:25:15Z,82.9,TST522,A320,VTUU,VTBD,213,252,-761,2
TST522_VTUU_VTBD_2026-03-04 02:31,14.1109,101.22012,2026-03-04T03:25:30Z,81.0,TST522,A320,VTUU,VTBD,212,252,-759,2
TST522_VTUU_VTBD_2026-03-04 02:31,14.10636,101.20601,2026-03-04T03:25:45Z,79.1,TST522,A320,VTUU,VTBD,211,252,-744,2
TST522_VTUU_VTBD_2026-03-04 02:31,14.10191,101.19219,2026-03-04T03:26:00Z,77.3,TST522,A320,VTUU,VTBD,210,252,-728,2
TST522_VTUU_VTBD_2026-03-04 02:31,14.09747,101.17841,2026-03-04T03:26:15Z,75.5,TST522,A320,VTUU,VTBD,210,252,-727,2
TST522_VTUU_VTBD_2026-03-04 02:31,14.09304,101.16464,2026-03-04T03:26:30Z,73.7,TST522,A320,VTUU,VTBD,209,252,-726,2
TST522_VTUU_VTBD_2026-03-04 02:31,14.08861,101.1509,2026-03-04T03:26:45Z,71.8,TST522,A320,VTUU,VTBD,208,252,-725,2
TST522_VTUU_VTBD_2026-03-04 02:31,14.0842,101.13719,2026-03-04T03:27:00Z,70.0,TST522,A320,VTUU,VTBD,208,252,-723,2
TST522_VTUU_VTBD_2026-03-04 02:31,14.07979,101.1235,2026-03-04T03:27:15Z,68.2,TST522,A320,VTUU,VTBD,207,252,-722,2
TST522_VTUU_VTBD_2026-03-04 02:31,14.07538,101.10983,2026-03-04T03:27:30Z,66.4,TST522,A320,VTUU,VTBD,206,252,-721,2
TST522_VTUU_VTBD_2026-03-04 02:31,14.07098,101.09619,2026-03-04T03:27:45Z,64.6,TST522,A320,VTUU,VTBD,205,252,-719,2
TST522_VTUU_VTBD_2026-03-04 02:31,14.06659,101.08258,2026-03-04T03:28:00Z,62.8,TST522,A320,VTUU,VTBD,205,252,-718,2
TST522_VTUU_VTBD_2026-03-04 02:31,14.06221,101.06899,2026-03-04T03:28:15Z,61.0,TST522,A320,VTUU,VTBD,204,252,-717,2
TST522_VTUU_VTBD_2026-03-04 02:31,14.05783,101.05542,2026-03-04T03:28:30Z,59.2,TST522,A320,VTUU,VTBD,203,252,-716,2
TST522_VTUU_VTBD_2026-03-04 02:31,14.05346,101.04188,2026-03-04T03:28:45Z,57.5,TST522,A320,VTUU,VTBD,203,252,-714,2
TST522_VTUU_VTBD_2026-03-04 02:31,14.0491,101.02836,2026-03-04T03:29:00Z,55.7,TST522,A320,VTUU,VTBD,202,252,-713,2
TST522_VTUU_VTBD_2026-03-04 02:31,14.04475,101.01487,2026-03-04T03:29:15Z,53.9,TST522,A320,VTUU,VTBD,201,252,-712,2
TST522_VTUU_VTBD_2026-03-04 02:31,14.0404,101.0014,2026-03-04T03:29:30Z,52.1,TST522,A320,VTUU,VTBD,200,252,-711,2
TST522_VTUU_VTBD_2026-03-04 02:31,14.03606,100.98795,2026-03-04T03:29:45Z,50.3,TST522,A320,VTUU,VTBD,200,252,-709,2
TST522_VTUU_VTBD_2026-03-04 02:31,14.03172,100.97453,2026-03-04T03:30:00Z,48.6,TST522,A320,VTUU,VTBD,199,252,-708,2
TST522_VTUU_VTBD_2026-03-04 02:31,14.02739,100.96113,2026-03-04T03:30:15Z,46.8,TST522,A320,VTUU,VTBD,198,252,-707,2
TST522_VTUU_VTBD_2026-03-04 02:31,14.02307,100.94776,2026-03-04T03:30:30Z,45.0,TST522,A320,VTUU,VTBD,198,252,-706,2
TST522_VTUU_VTBD_2026-03-04 02:31,14.01876,100.93441,2026-03-04T03:30:45Z,43.3,TST522,A320,VTUU,VTBD,197,252,-704,2
TST522_VTUU_VTBD_2026-03-04 02:31,14.01445,100.92109,2026-03-04T03:31:00Z,41.5,TST522,A320,VTUU,VTBD,196,252,-703,2
TST522_VTUU_VTBD_2026-03-04 02:31,14.01018,100.90786,2026-03-04T03:31:15Z,39.8,TST522,A320,VTUU,VTBD,196,252,-698,2
TST522_VTUU_VTBD_2026-03-04 02:31,14.00605,100.89512,2026-03-04T03:31:30Z,38.1,TST522,A320,VTUU,VTBD,195,252,-673,2
TST522_VTUU_VTBD_2026-03-04 02:31,14.00194,100.8824,2026-03-04T03:31:45Z,36.4,TST522,A320,VTUU,VTBD,194,252,-671,2
TST522_VTUU_VTBD_2026-03-04 02:31,13.99783,100.8697,2026-03-04T03:32:00Z,34.7,TST522,A320,VTUU,VTBD,194,252,-670,2
TST522_VTUU_VTBD_2026-03-04 02:31,13.99373,100.85702,2026-03-04T03:32:15Z,33.1,TST522,A320,VTUU,VTBD,193,252,-669,2
TST522_VTUU_VTBD_2026-03-04 02:31,13.98964,100.84437,2026-03-04T03:32:30Z,31.4,TST522,A320,VTUU,VTBD,192,252,-668,2
TST522_VTUU_VTBD_2026-03-04 02:31,13.98555,100.83174,2026-03-04T03:32:45Z,29.7,TST522,A320,VTUU,VTBD,192,252,-667,2
TST522_VTUU_VTBD_2026-03-04 02:31,13.98147,100.81913,2026-03-04T03:33:00Z,28.1,TST522,A320,VTUU,VTBD,191,252,-665,2
TST522_VTUU_VTBD_2026-03-04 02:31,13.97739,100.80655,2026-03-04T03:33:15Z,26.4,TST522,A320,VTUU,VTBD,190,252,-664,2
TST522_VTUU_VTBD_2026-03-04 02:31,13.97332,100.79399,2026-03-04T03:33:30Z,24.7,TST522,A320,VTUU,VTBD,190,252,-663,2
TST522_VTUU_VTBD_2026-03-04 02:31,13.96926,100.78145,2026-03-04T03:33:45Z,23.1,TST522,A320,VTUU,VTBD,189,252,-662,2
TST522_VTUU_VTBD_2026-03-04 02:31,13.9652,100.76893,2026-03-04T03:34:00Z,21.4,TST522,A320,VTUU,VTBD,188,252,-661,2
TST522_VTUU_VTBD_2026-03-04 02:31,13.96115,100.75644,2026-03-04T03:34:15Z,19.8,TST522,A320,VTUU,VTBD,188,252,-660,2
TST522_VTUU_VTBD_2026-03-04 02:31,13.95711,100.74396,2026-03-04T03:34:30Z,18.1,TST522,A320,VTUU,VTBD,187,252,-658,2
TST522_VTUU_VTBD_2026-03-04 02:31,13.95308,100.73151,2026-03-04T03:34:45Z,16.5,TST522,A320,VTUU,VTBD,186,252,-657,2
TST522_VTUU_VTBD_2026-03-04 02:31,13.94905,100.71909,2026-03-04T03:35:00Z,14.8,TST522,A320,VTUU,VTBD,186,252,-656,2
TST522_VTUU_VTBD_2026-03-04 02:31,13.94502,100.70668,2026-03-04T03:35:15Z,13.2,TST522,A320,VTUU,VTBD,185,252,-655,2
TST522_VTUU_VTBD_2026-03-04 02:31,13.94101,100.6943,2026-03-04T03:35:30Z,11.6,TST522,A320,VTUU,VTBD,185,252,-654,2
TST522_VTUU_VTBD_2026-03-04 02:31,13.937,100.68194,2026-03-04T03:35:45Z,9.9,TST522,A320,VTUU,VTBD,184,252,-653,2
TST522_VTUU_VTBD_2026-03-04 02:31,13.93299,100.6696,2026-03-04T03:36:00Z,8.3,TST522,A320,VTUU,VTBD,183,252,-652,2
TST522_VTUU_VTBD_2026-03-04 02:31,13.92899,100.65728,2026-03-04T03:36:15Z,6.7,TST522,A320,VTUU,VTBD,183,252,-650,2
TST522_VTUU_VTBD_2026-03-04 02:31,13.925,100.64499,2026-03-04T03:36:30Z,5.0,TST522,A320,VTUU,VTBD,182,252,-649,2
TST522_VTUU_VTBD_2026-03-04 02:31,13.92102,100.63272,2026-03-04T03:36:45Z,3.4,TST522,A320,VTUU,VTBD,181,252,-648,2
TST522_VTUU_VTBD_2026-03-04 02:31,13.91704,100.62047,2026-03-04T03:37:00Z,1.8,TST522,A320,VTUU,VTBD,181,251,-647,2
TST522_VTUU_VTBD_2026-03-04 02:31,13.91307,100.60824,2026-03-04T03:37:15Z,0.2,TST522,A320,VTUU,VTBD,180,251,-646,2
TST618_VTBD_VTSS_2026-03-04 02:20,13.9126,100.6068,2026-03-04T02:20:00Z,0.0,TST618,AT76,VTBD,VTSS,200,182,0,0
TST618_VTBD_VTSS_2026-03-04 02:20,13.89844,100.60635,2026-03-04T02:20:15Z,0.9,TST618,AT76,VTBD,VTSS,200,0,373,1
TST618_VTBD_VTSS_2026-03-04 02:20,13.88427,100.60591,2026-03-04T02:20:30Z,1.9,TST618,AT76,VTBD,VTSS,201,0,373,1
TST618_VTBD_VTSS_2026-03-04 02:20,13.87009,100.60546,2026-03-04T02:20:45Z,2.8,TST618,AT76,VTBD,VTSS,201,0,373,1
TST618_VTBD_VTSS_2026-03-04 02:20,13.8559,100.60502,2026-03-04T02:21:00Z,3.7,TST618,AT76,VTBD,VTSS,201,0,374,1
TST618_VTBD_VTSS_2026-03-04 02:20,13.84169,100.60457,2026-03-04T02:21:15Z,4.7,TST618,AT76,VTBD,VTSS,202,0,374,1
TST618_VTBD_VTSS_2026-03-04 02:20,13.82747,100.60412,2026-03-04T02:21:30Z,5.6,TST618,AT76,VTBD,VTSS,202,0,374,1
TST618_VTBD_VTSS_2026-03-04 02:20,13.81324,100.60367,2026-03-04T02:21:45Z,6.5,TST618,AT76,VTBD,VTSS,203,0,375,1
TST618_VTBD_VTSS_2026-03-04 02:20,13.79899,100.60323,2026-03-04T02:22:00Z,7.5,TST618,AT76,VTBD,VTSS,203,0,375,1
TST618_VTBD_VTSS_2026-03-04 02:20,13.78473,100.60278,2026-03-04T02:22:15Z,8.4,TST618,AT76,VTBD,VTSS,203,0,375,1
TST618_VTBD_VTSS_2026-03-04 02:20,13.77046,100.60233,2026-03-04T02:22:30Z,9.4,TST618,AT76,VTBD,VTSS,204,0,376,1
TST618_VTBD_VTSS_2026-03-04 02:20,13.75618,100.60188,2026-03-04T02:22:45Z,10.3,TST618,AT76,VTBD,VTSS,204,0,376,1
TST618_VTBD_VTSS_2026-03-04 02:20,13.74188,100.60143,2026-03-04T02:23:00Z,11.3,TST618,AT76,VTBD,VTSS,204,0,376,1
TST618_VTBD_VTSS_2026-03-04 02:20,13.72757,100.60098,2026-03-04T02:23:15Z,12.2,TST618,AT76,VTBD,VTSS,205,0,377,1
TST618_VTBD_VTSS_2026-03-04 02:20,13.71325,100.60053,2026-03-04T02:23:30Z,13.1,TST618,AT76,VTBD,VTSS,205,0,377,1
TST618_VTBD_VTSS_2026-03-04 02:20,13.69891,100.60008,2026-03-04T02:23:45Z,14.1,TST618,AT76,VTBD,VTSS,206,0,377,1
TST618_VTBD_VTSS_2026-03-04 02:20,13.68456,100.59963,2026-03-04T02:24:00Z,15.0,TST618,AT76,VTBD,VTSS,206,0,378,1
TST618_VTBD_VTSS_2026-03-04 02:20,13.6702,100.59918,2026-03-04T02:24:15Z,16.0,TST618,AT76,VTBD,VTSS,206,0,378,1
TST618_VTBD_VTSS_2026-03-04 02:20,13.65583,100.59873,2026-03-04T02:24:30Z,16.9,TST618,AT76,VTBD,VTSS,207,0,378,1
TST618_VTBD_VTSS_2026-03-04 02:20,13.64144,100.59827,2026-03-04T02:24:45Z,17.9,TST618,AT76,VTBD,VTSS,207,0,379,1
TST618_VTBD_VTSS_2026-03-04 02:20,13.62704,100.59782,2026-03-04T02:25:00Z,18.8,TST618,AT76,VTBD,VTSS,207,0,379,1
TST618_VTBD_VTSS_2026-03-04 02:20,13.61263,100.59737,2026-03-04T02:25:15Z,19.8,TST618,AT76,VTBD,VTSS,208,0,379,1
TST618_VTBD_VTSS_2026-03-04 02:20,13.59821,100.59692,2026-03-04T02:25:30Z,20.7,TST618,AT76,VTBD,VTSS,208,0,380,1
TST618_VTBD_VTSS_2026-03-04 02:20,13.58354,100.59646,2026-03-04T02:25:45Z,21.7,TST618,AT76,VTBD,VTSS,208,182,386,1
TST618_VTBD_VTSS_2026-03-04 02:20,13.5688,100.59599,2026-03-04T02:26:00Z,22.7,TST618,AT76,VTBD,VTSS,209,182,388,1
TST618_VTBD_VTSS_2026-03-04 02:20,13.55406,100.59553,2026-03-04T02:26:15Z,23.6,TST618,AT76,VTBD,VTSS,209,182,388,1
TST618_VTBD_VTSS_2026-03-04 02:20,13.53929,100.59507,2026-03-04T02:26:30Z,24.6,TST618,AT76,VTBD,VTSS,210,182,389,1
TST618_VTBD_VTSS_2026-03-04 02:20,13.52452,100.5946,2026-03-04T02:26:45Z,25.6,TST618,AT76,VTBD,VTSS,210,182,389,1
TST618_VTBD_VTSS_2026-03-04 02:20,13.50973,100.59414,2026-03-04T02:27:00Z,26.6,TST618,AT76,VTBD,VTSS,210,182,389,1
TST618_VTBD_VTSS_2026-03-04 02:20,13.49493,100.59368,2026-03-04T02:27:15Z,27.5,TST618,AT76,VTBD,VTSS,211,182,390,1
TST618_VTBD_VTSS_2026-03-04 02:20,13.48012,100.59321,2026-03-04T02:27:30Z,28.5,TST618,AT76,VTBD,VTSS,211,182,390,1
TST618_VTBD_VTSS_2026-03-04 02:20,13.46529,100.59275,2026-03-04T02:27:45Z,29.5,TST618,AT76,VTBD,VTSS,212,182,390,1
TST618_VTBD_VTSS_2026-03-04 02:20,13.45045,100.59228,2026-03-04T02:28:00Z,30.5,TST618,AT76,VTBD,VTSS,212,182,391,1
TST618_VTBD_VTSS_2026-03-04 02:20,13.43559,100.59181,2026-03-04T02:28:15Z,31.4,TST618,AT76,VTBD,VTSS,212,182,391,1
TST618_VTBD_VTSS_2026-03-04 02:20,13.42073,100.59135,2026-03-04T02:28:30Z,32.4,TST618,AT76,VTBD,VTSS,213,182,391,1
TST618_VTBD_VTSS_2026-03-04 02:20,13.40585,100.59088,2026-03-04T02:28:45Z,33.4,TST618,AT76,VTBD,VTSS,213,182,392,1
TST618_VTBD_VTSS_2026-03-04 02:20,13.39095,100.59042,2026-03-04T02:29:00Z,34.4,TST618,AT76,VTBD,VTSS,213,182,392,1
TST618_VTBD_VTSS_2026-03-04 02:20,13.37605,100.58995,2026-03-04T02:29:15Z,35.4,TST618,AT76,VTBD,VTSS,214,182,393,1
TST618_VTBD_VTSS_2026-03-04 02:20,13.36113,100.58948,2026-03-04T02:29:30Z,36.3,TST618,AT76,VTBD,VTSS,214,182,393,1
TST618_VTBD_VTSS_2026-03-04 02:20,13.34619,100.58901,2026-03-04T02:29:45Z,37.3,TST618,AT76,VTBD,VTSS,215,182,393,1
TST618_VTBD_VTSS_2026-03-04 02:20,13.33124,100.58854,2026-03-04T02:30:00Z,38.3,TST618,AT76,VTBD,VTSS,215,182,394,1
TST618_VTBD_VTSS_2026-03-04 02:20,13.31628,100.58808,2026-03-04T02:30:15Z,39.3,TST618,AT76,VTBD,VTSS,215,182,394,1
TST618_VTBD_VTSS_2026-03-04 02:20,13.30131,100.58761,2026-03-04T02:30:30Z,40.3,TST618,AT76,VTBD,VTSS,216,182,394,1
TST618_VTBD_VTSS_2026-03-04 02:20,13.28632,100.58714,2026-03-04T02:30:45Z,41.3,TST618,AT76,VTBD,VTSS,216,182,395,1
TST618_VTBD_VTSS_2026-03-04 02:20,13.27119,100.58666,2026-03-04T02:31:00Z,42.3,TST618,AT76,VTBD,VTSS,217,182,398,1
TST618_VTBD_VTSS_2026-03-04 02:20,13.25589,100.58618,2026-03-04T02:31:15Z,43.3,TST618,AT76,VTBD,VTSS,217,182,403,1
TST618_VTBD_VTSS_2026-03-04 02:20,13.24058,100.58571,2026-03-04T02:31:30Z,44.3,TST618,AT76,VTBD,VTSS,217,182,403,1
TST618_VTBD_VTSS_2026-03-04 02:20,13.22525,100.58523,2026-03-04T02:31:45Z,45.3,TST618,AT76,VTBD,VTSS,218,182,404,1
TST618_VTBD_VTSS_2026-03-04 02:20,13.20992,100.58475,2026-03-04T02:32:00Z,46.3,TST618,AT76,VTBD,VTSS,218,182,404,1
TST618_VTBD_VTSS_2026-03-04 02:20,13.19456,100.58427,2026-03-04T02:32:15Z,47.3,TST618,AT76,VTBD,VTSS,219,182,404,1
TST618_VTBD_VTSS_2026-03-04 02:20,13.1792,100.58378,2026-03-04T02:32:30Z,48.3,TST618,AT76,VTBD,VTSS,219,182,405,1
TST618_VTBD_VTSS_2026-03-04 02:20,13.16382,100.5833,2026-03-04T02:32:45Z,49.4,TST618,AT76,VTBD,VTSS,219,182,405,1
TST618_VTBD_VTSS_2026-03-04 02:20,13.14842,100.58282,2026-03-04T02:33:00Z,50.4,TST618,AT76,VTBD,VTSS,220,182,405,1
TST618_VTBD_VTSS_2026-03-04 02:20,13.13301,100.58234,2026-03-04T02:33:15Z,51.4,TST618,AT76,VTBD,VTSS,220,182,406,1
TST618_VTBD_VTSS_2026-03-04 02:20,13.11759,100.58186,2026-03-04T02:33:30Z,52.4,TST618,AT76,VTBD,VTSS,221,182,406,1
TST618_VTBD_VTSS_2026-03-04 02:20,13.10216,100.58137,2026-03-04T02:33:45Z,53.4,TST618,AT76,VTBD,VTSS,221,182,406,1
TST618_VTBD_VTSS_2026-03-04 02:20,13.08671,100.58089,2026-03-04T02:34:00Z,54.4,TST618,AT76,VTBD,VTSS,221,182,407,1
TST618_VTBD_VTSS_2026-03-04 02:20,13.07124,100.58041,2026-03-04T02:34:15Z,55.5,TST618,AT76,VTBD,VTSS,222,182,407,1
TST618_VTBD_VTSS_2026-03-04 02:20,13.05577,100.57992,2026-03-04T02:34:30Z,56.5,TST618,AT76,VTBD,VTSS,222,182,408,1
TST618_VTBD_VTSS_2026-03-04 02:20,13.04028,100.57944,2026-03-04T02:34:45Z,57.5,TST618,AT76,VTBD,VTSS,222,182,408,1
TST618_VTBD_VTSS_2026-03-04 02:20,13.02477,100.57896,2026-03-04T02:35:00Z,58.5,TST618,AT76,VTBD,VTSS,223,182,408,1
TST618_VTBD_VTSS_2026-03-04 02:20,13.00925,100.57847,2026-03-04T02:35:15Z,59.5,TST618,AT76,VTBD,VTSS,223,182,409,1
TST618_VTBD_VTSS_2026-03-04 02:20,12.99372,100.57799,2026-03-04T02:35:30Z,60.6,TST618,AT76,VTBD,VTSS,224,182,409,1
TST618_VTBD_VTSS_2026-03-04 02:20,12.97817,100.5775,2026-03-04T02:35:45Z,61.6,TST618,AT76,VTBD,VTSS,224,182,409,1
TST618_VTBD_VTSS_2026-03-04 02:20,12.96261,100.57701,2026-03-04T02:36:00Z,62.6,TST618,AT76,VTBD,VTSS,225,182,410,1
TST618_VTBD_VTSS_2026-03-04 02:20,12.94679,100.57652,2026-03-04T02:36:15Z,63.7,TST618,AT76,VTBD,VTSS,225,182,417,1
TST618_VTBD_VTSS_2026-03-04 02:20,12.93091,100.57602,2026-03-04T02:36:30Z,64.7,TST618,AT76,VTBD,VTSS,225,182,418,1
TST618_VTBD_VTSS_2026-03-04 02:20,12.91503,100.57553,2026-03-04T02:36:45Z,65.7,TST618,AT76,VTBD,VTSS,226,182,418,1
TST618_VTBD_VTSS_2026-03-04 02:20,12.89913,100.57503,2026-03-04T02:37:00Z,66.8,TST618,AT76,VTBD,VTSS,226,182,419,1
TST618_VTBD_VTSS_2026-03-04 02:20,12.88321,100.57454,2026-03-04T02:37:15Z,67.8,TST618,AT76,VTBD,VTSS,227,182,419,1
TST618_VTBD_VTSS_2026-03-04 02:20,12.86728,100.57404,2026-03-04T02:37:30Z,68.9,TST618,AT76,VTBD,VTSS,227,182,419,1
TST618_VTBD_VTSS_2026-03-04 02:20,12.85134,100.57354,2026-03-04T02:37:45Z,69.9,TST618,AT76,VTBD,VTSS,227,182,420,1
TST618_VTBD_VTSS_2026-03-04 02:20,12.83538,100.57304,2026-03-04T02:38:00Z,71.0,TST618,AT76,VTBD,VTSS,228,182,420,1
TST618_VTBD_VTSS_2026-03-04 02:20,12.81941,100.57254,2026-03-04T02:38:15Z,72.1,TST618,AT76,VTBD,VTSS,228,182,421,1
TST618_VTBD_VTSS_2026-03-04 02:20,12.80343,100.57205,2026-03-04T02:38:30Z,73.1,TST618,AT76,VTBD,VTSS,229,182,421,1
TST618_VTBD_VTSS_2026-03-04 02:20,12.78743,100.57155,2026-03-04T02:38:45Z,74.2,TST618,AT76,VTBD,VTSS,229,182,421,1
TST618_VTBD_VTSS_2026-03-04 02:20,12.77141,100.57105,2026-03-04T02:39:00Z,75.2,TST618,AT76,VTBD,VTSS,229,182,422,1
TST618_VTBD_VTSS_2026-03-04 02:20,12.75538,100.57055,2026-03-04T02:39:15Z,76.3,TST618,AT76,VTBD,VTSS,230,182,422,1
TST618_VTBD_VTSS_2026-03-04 02:20,12.73934,100.57005,2026-03-04T02:39:30Z,77.3,TST618,AT76,VTBD,VTSS,230,182,422,1
TST618_VTBD_VTSS_2026-03-04 02:20,12.72328,100.56955,2026-03-04T02:39:45Z,78.4,TST618,AT76,VTBD,VTSS,231,182,423,1
TST618_VTBD_VTSS_2026-03-04 02:20,12.70721,100.56905,2026-03-04T02:40:00Z,79.4,TST618,AT76,VTBD,VTSS,231,182,423,1
TST618_VTBD_VTSS_2026-03-04 02:20,12.69112,100.56854,2026-03-04T02:40:15Z,80.5,TST618,AT76,VTBD,VTSS,232,182,424,1
TST618_VTBD_VTSS_2026-03-04 02:20,12.67502,100.56804,2026-03-04T02:40:30Z,81.6,TST618,AT76,VTBD,VTSS,232,182,424,1
TST618_VTBD_VTSS_2026-03-04 02:20,12.65891,100.56754,2026-03-04T02:40:45Z,82.6,TST618,AT76,VTBD,VTSS,232,182,424,1
TST618_VTBD_VTSS_2026-03-04 02:20,12.64276,100.56704,2026-03-04T02:41:00Z,83.7,TST618,AT76,VTBD,VTSS,233,182,425,1
TST618_VTBD_VTSS_2026-03-04 02:20,12.62633,100.56653,2026-03-04T02:41:15Z,84.8,TST618,AT76,VTBD,VTSS,233,182,433,1
TST618_VTBD_VTSS_2026-03-04 02:20,12.60989,100.56601,2026-03-04T02:41:30Z,85.9,TST618,AT76,VTBD,VTSS,234,182,433,1
TST618_VTBD_VTSS_2026-03-04 02:20,12.59343,100.5655,2026-03-04T02:41:45Z,86.9,TST618,AT76,VTBD,VTSS,234,182,433,1
TST618_VTBD_VTSS_2026-03-04 02:20,12.57696,100.56499,2026-03-04T02:42:00Z,88.0,TST618,AT76,VTBD,VTSS,234,182,434,1
TST618_VTBD_VTSS_2026-03-04 02:20,12.56047,100.56447,2026-03-04T02:42:15Z,89.1,TST618,AT76,VTBD,VTSS,235,182,434,1
TST618_VTBD_VTSS_2026-03-04 02:20,12.54397,100.56396,2026-03-04T02:42:30Z,90.2,TST618,AT76,VTBD,VTSS,235,182,435,1
TST618_VTBD_VTSS_2026-03-04 02:20,12.52746,100.56345,2026-03-04T02:42:45Z,91.3,TST618,AT76,VTBD,VTSS,236,182,435,1
TST618_VTBD_VTSS_2026-03-04 02:20,12.51093,100.56293,2026-03-04T02:43:00Z,92.4,TST618,AT76,VTBD,VTSS,236,182,435,1
TST618_VTBD_VTSS_2026-03-04 02:20,12.49438,100.56242,2026-03-04T02:43:15Z,93.5,TST618,AT76,VTBD,VTSS,237,182,436,1
TST618_VTBD_VTSS_2026-03-04 02:20,12.47782,100.5619,2026-03-04T02:43:30Z,94.6,TST618,AT76,VTBD,VTSS,237,182,436,1
TST618_VTBD_VTSS_2026-03-04 02:20,12.46124,100.56139,2026-03-04T02:43:45Z,95.7,TST618,AT76,VTBD,VTSS,237,182,436,1
TST618_VTBD_VTSS_2026-03-04 02:20,12.44465,100.56087,2026-03-04T02:44:00Z,96.8,TST618,AT76,VTBD,VTSS,238,182,437,1
TST618_VTBD_VTSS_2026-03-04 02:20,12.42805,100.56035,2026-03-04T02:44:15Z,97.8,TST618,AT76,VTBD,VTSS,238,182,437,1
TST618_VTBD_VTSS_2026-03-04 02:20,12.41143,100.55984,2026-03-04T02:44:30Z,98.9,TST618,AT76,VTBD,VTSS,239,182,438,1
TST618_VTBD_VTSS_2026-03-04 02:20,12.39479,100.55932,2026-03-04T02:44:45Z,100.0,TST618,AT76,VTBD,VTSS,239,182,438,1
TST618_VTBD_VTSS_2026-03-04 02:20,12.37814,100.5588,2026-03-04T02:45:00Z,101.1,TST618,AT76,VTBD,VTSS,240,182,438,1
TST618_VTBD_VTSS_2026-03-04 02:20,12.36148,100.55828,2026-03-04T02:45:15Z,102.2,TST618,AT76,VTBD,VTSS,240,182,439,1
TST618_VTBD_VTSS_2026-03-04 02:20,12.3448,100.55777,2026-03-04T02:45:30Z,103.3,TST618,AT76,VTBD,VTSS,240,182,439,1
TST618_VTBD_VTSS_2026-03-04 02:20,12.32811,100.55725,2026-03-04T02:45:45Z,104.4,TST618,AT76,VTBD,VTSS,241,182,440,1
TST618_VTBD_VTSS_2026-03-04 02:20,12.31114,100.55672,2026-03-04T02:46:00Z,105.6,TST618,AT76,VTBD,VTSS,241,182,447,1
TST618_VTBD_VTSS_2026-03-04 02:20,12.29413,100.55619,2026-03-04T02:46:15Z,106.7,TST618,AT76,VTBD,VTSS,242,182,448,1
TST618_VTBD_VTSS_2026-03-04 02:20,12.27711,100.55566,2026-03-04T02:46:30Z,107.8,TST618,AT76,VTBD,VTSS,242,182,448,1
TST618_VTBD_VTSS_2026-03-04 02:20,12.26007,100.55513,2026-03-04T02:46:45Z,108.9,TST618,AT76,VTBD,VTSS,243,182,449,1
TST618_VTBD_VTSS_2026-03-04 02:20,12.24302,100.5546,2026-03-04T02:47:00Z,110.0,TST618,AT76,VTBD,VTSS,243,182,449,1
TST618_VTBD_VTSS_2026-03-04 02:20,12.22595,100.55407,2026-03-04T02:47:15Z,111.2,TST618,AT76,VTBD,VTSS,244,182,450,1
TST618_VTBD_VTSS_2026-03-04 02:20,12.20886,100.55354,2026-03-04T02:47:30Z,112.3,TST618,AT76,VTBD,VTSS,244,182,450,1
TST618_VTBD_VTSS_2026-03-04 02:20,12.19176,100.55301,2026-03-04T02:47:45Z,113.4,TST618,AT76,VTBD,VTSS,244,182,450,1
TST618_VTBD_VTSS_2026-03-04 02:20,12.17465,100.55248,2026-03-04T02:48:00Z,114.5,TST618,AT76,VTBD,VTSS,245,182,451,1
TST618_VTBD_VTSS_2026-03-04 02:20,12.15752,100.55195,2026-03-04T02:48:15Z,115.7,TST618,AT76,VTBD,VTSS,245,182,451,1
TST618_VTBD_VTSS_2026-03-04 02:20,12.14037,100.55142,2026-03-04T02:48:30Z,116.8,TST618,AT76,VTBD,VTSS,246,182,452,1
TST618_VTBD_VTSS_2026-03-04 02:20,12.12321,100.55088,2026-03-04T02:48:45Z,117.9,TST618,AT76,VTBD,VTSS,246,182,452,1
TST618_VTBD_VTSS_2026-03-04 02:20,12.10603,100.55035,2026-03-04T02:49:00Z,119.1,TST618,AT76,VTBD,VTSS,247,182,452,1
TST618_VTBD_VTSS_2026-03-04 02:20,12.08884,100.54982,2026-03-04T02:49:15Z,120.2,TST618,AT76,VTBD,VTSS,247,182,453,1
TST618_VTBD_VTSS_2026-03-04 02:20,12.07164,100.54928,2026-03-04T02:49:30Z,121.3,TST618,AT76,VTBD,VTSS,247,182,453,1
TST618_VTBD_VTSS_2026-03-04 02:20,12.05441,100.54875,2026-03-04T02:49:45Z,122.5,TST618,AT76,VTBD,VTSS,248,182,454,1
TST618_VTBD_VTSS_2026-03-04 02:20,12.03717,100.54822,2026-03-04T02:50:00Z,123.6,TST618,AT76,VTBD,VTSS,248,182,454,1
TST618_VTBD_VTSS_2026-03-04 02:20,12.01992,100.54768,2026-03-04T02:50:15Z,124.7,TST618,AT76,VTBD,VTSS,249,182,454,1
TST618_VTBD_VTSS_2026-03-04 02:20,12.00254,100.54714,2026-03-04T02:50:30Z,125.9,TST618,AT76,VTBD,VTSS,249,182,458,1
TST618_VTBD_VTSS_2026-03-04 02:20,11.98497,100.5466,2026-03-04T02:50:45Z,127.0,TST618,AT76,VTBD,VTSS,250,182,463,1
TST618_VTBD_VTSS_2026-03-04 02:20,11.96739,100.54605,2026-03-04T02:51:00Z,128.2,TST618,AT76,VTBD,VTSS,250,182,463,1
TST618_VTBD_VTSS_2026-03-04 02:20,11.94979,100.54551,2026-03-04T02:51:15Z,129.4,TST618,AT76,VTBD,VTSS,251,182,463,1
TST618_VTBD_VTSS_2026-03-04 02:20,11.93218,100.54496,2026-03-04T02:51:30Z,130.5,TST618,AT76,VTBD,VTSS,251,182,464,1
TST618_VTBD_VTSS_2026-03-04 02:20,11.91454,100.54442,2026-03-04T02:51:45Z,131.7,TST618,AT76,VTBD,VTSS,252,182,464,1
TST618_VTBD_VTSS_2026-03-04 02:20,11.8969,100.54387,2026-03-04T02:52:00Z,132.9,TST618,AT76,VTBD,VTSS,252,182,465,1
TST618_VTBD_VTSS_2026-03-04 02:20,11.87924,100.54332,2026-03-04T02:52:15Z,134.0,TST618,AT76,VTBD,VTSS,252,182,465,1
TST618_VTBD_VTSS_2026-03-04 02:20,11.86156,100.54277,2026-03-04T02:52:30Z,135.2,TST618,AT76,VTBD,VTSS,253,182,466,1
TST618_VTBD_VTSS_2026-03-04 02:20,11.84386,100.54223,2026-03-04T02:52:45Z,136.3,TST618,AT76,VTBD,VTSS,253,182,466,1
TST618_VTBD_VTSS_2026-03-04 02:20,11.82615,100.54168,2026-03-04T02:53:00Z,137.5,TST618,AT76,VTBD,VTSS,254,182,466,1
TST618_VTBD_VTSS_2026-03-04 02:20,11.80843,100.54113,2026-03-04T02:53:15Z,138.7,TST618,AT76,VTBD,VTSS,254,182,467,1
TST618_VTBD_VTSS_2026-03-04 02:20,11.79069,100.54058,2026-03-04T02:53:30Z,139.9,TST618,AT76,VTBD,VTSS,255,182,467,1
TST618_VTBD_VTSS_2026-03-04 02:20,11.77293,100.54003,2026-03-04T02:53:45Z,141.0,TST618,AT76,VTBD,VTSS,255,182,468,1
TST618_VTBD_VTSS_2026-03-04 02:20,11.75515,100.53948,2026-03-04T02:54:00Z,142.2,TST618,AT76,VTBD,VTSS,256,182,468,1
TST618_VTBD_VTSS_2026-03-04 02:20,11.73736,100.53893,2026-03-04T02:54:15Z,143.4,TST618,AT76,VTBD,VTSS,256,182,468,1
TST618_VTBD_VTSS_2026-03-04 02:20,11.71956,100.53838,2026-03-04T02:54:30Z,144.5,TST618,AT76,VTBD,VTSS,257,182,469,1
TST618_VTBD_VTSS_2026-03-04 02:20,11.70174,100.53783,2026-03-04T02:54:45Z,145.7,TST618,AT76,VTBD,VTSS,257,182,469,1
TST618_VTBD_VTSS_2026-03-04 02:20,11.68377,100.53727,2026-03-04T02:55:00Z,146.9,TST618,AT76,VTBD,VTSS,257,182,473,1
TST618_VTBD_VTSS_2026-03-04 02:20,11.66564,100.53671,2026-03-04T02:55:15Z,148.1,TST618,AT76,VTBD,VTSS,258,182,478,1
TST618_VTBD_VTSS_2026-03-04 02:20,11.64748,100.53615,2026-03-04T02:55:30Z,149.3,TST618,AT76,VTBD,VTSS,258,182,478,1
TST618_VTBD_VTSS_2026-03-04 02:20,11.62931,100.53559,2026-03-04T02:55:45Z,150.5,TST618,AT76,VTBD,VTSS,259,182,479,1
TST618_VTBD_VTSS_2026-03-04 02:20,11.61113,100.53503,2026-03-04T02:56:00Z,151.7,TST618,AT76,VTBD,VTSS,259,182,479,1
TST618_VTBD_VTSS_2026-03-04 02:20,11.59293,100.53446,2026-03-04T02:56:15Z,152.9,TST618,AT76,VTBD,VTSS,260,182,479,1
TST618_VTBD_VTSS_2026-03-04 02:20,11.57471,100.5339,2026-03-04T02:56:30Z,154.1,TST618,AT76,VTBD,VTSS,260,182,480,1
TST618_VTBD_VTSS_2026-03-04 02:20,11.55647,100.53334,2026-03-04T02:56:45Z,155.3,TST618,AT76,VTBD,VTSS,261,182,480,1
TST618_VTBD_VTSS_2026-03-04 02:20,11.53822,100.53277,2026-03-04T02:57:00Z,156.5,TST618,AT76,VTBD,VTSS,261,182,481,1
TST618_VTBD_VTSS_2026-03-04 02:20,11.51995,100.53221,2026-03-04T02:57:15Z,157.7,TST618,AT76,VTBD,VTSS,262,182,481,1
TST618_VTBD_VTSS_2026-03-04 02:20,11.50167,100.53164,2026-03-04T02:57:30Z,158.9,TST618,AT76,VTBD,VTSS,262,182,482,1
TST618_VTBD_VTSS_2026-03-04 02:20,11.48337,100.53108,2026-03-04T02:57:45Z,160.1,TST618,AT76,VTBD,VTSS,263,182,482,1
TST618_VTBD_VTSS_2026-03-04 02:20,11.46505,100.53051,2026-03-04T02:58:00Z,161.3,TST618,AT76,VTBD,VTSS,263,182,482,1
TST618_VTBD_VTSS_2026-03-04 02:20,11.44672,100.52995,2026-03-04T02:58:15Z,162.5,TST618,AT76,VTBD,VTSS,264,182,483,1
TST618_VTBD_VTSS_2026-03-04 02:20,11.42837,100.52938,2026-03-04T02:58:30Z,163.7,TST618,AT76,VTBD,VTSS,264,182,483,1
TST618_VTBD_VTSS_2026-03-04 02:20,11.41001,100.52881,2026-03-04T02:58:45Z,164.9,TST618,AT76,VTBD,VTSS,265,182,484,1
TST618_VTBD_VTSS_2026-03-04 02:20,11.39163,100.52825,2026-03-04T02:59:00Z,166.2,TST618,AT76,VTBD,VTSS,265,182,484,1
TST618_VTBD_VTSS_2026-03-04 02:20,11.3732,100.52768,2026-03-04T02:59:15Z,167.4,TST618,AT76,VTBD,VTSS,265,182,485,1
TST618_VTBD_VTSS_2026-03-04 02:20,11.35451,100.5271,2026-03-04T02:59:30Z,168.6,TST618,AT76,VTBD,VTSS,266,182,492,1
TST618_VTBD_VTSS_2026-03-04 02:20,11.33579,100.52652,2026-03-04T02:59:45Z,169.8,TST618,AT76,VTBD,VTSS,266,182,493,1
TST618_VTBD_VTSS_2026-03-04 02:20,11.31706,100.52594,2026-03-04T03:00:00Z,171.1,TST618,AT76,VTBD,VTSS,267,182,493,1
TST618_VTBD_VTSS_2026-03-04 02:20,11.29831,100.52537,2026-03-04T03:00:15Z,172.3,TST618,AT76,VTBD,VTSS,267,182,494,1
TST618_VTBD_VTSS_2026-03-04 02:20,11.27954,100.52479,2026-03-04T03:00:30Z,173.5,TST618,AT76,VTBD,VTSS,268,182,494,1
TST618_VTBD_VTSS_2026-03-04 02:20,11.26076,100.52421,2026-03-04T03:00:45Z,174.8,TST618,AT76,VTBD,VTSS,268,182,495,1
TST618_VTBD_VTSS_2026-03-04 02:20,11.24196,100.52363,2026-03-04T03:01:00Z,176.0,TST618,AT76,VTBD,VTSS,269,182,495,1
TST618_VTBD_VTSS_2026-03-04 02:20,11.22315,100.52305,2026-03-04T03:01:15Z,177.3,TST618,AT76,VTBD,VTSS,269,182,496,1
TST618_VTBD_VTSS_2026-03-04 02:20,11.20431,100.52247,2026-03-04T03:01:30Z,178.5,TST618,AT76,VTBD,VTSS,270,182,496,1
TST618_VTBD_VTSS_2026-03-04 02:20,11.18546,100.52189,2026-03-04T03:01:45Z,179.7,TST618,AT76,VTBD,VTSS,270,182,496,1
TST618_VTBD_VTSS_2026-03-04 02:20,11.1666,100.52131,2026-03-04T03:02:00Z,181.0,TST618,AT76,VTBD,VTSS,271,182,497,1
TST618_VTBD_VTSS_2026-03-04 02:20,11.14771,100.52072,2026-03-04T03:02:15Z,182.2,TST618,AT76,VTBD,VTSS,271,182,497,1
TST618_VTBD_VTSS_2026-03-04 02:20,11.12881,100.52014,2026-03-04T03:02:30Z,183.5,TST618,AT76,VTBD,VTSS,272,182,498,1
TST618_VTBD_VTSS_2026-03-04 02:20,11.1099,100.51956,2026-03-04T03:02:45Z,184.7,TST618,AT76,VTBD,VTSS,272,182,498,1
TST618_VTBD_VTSS_2026-03-04 02:20,11.09096,100.51898,2026-03-04T03:03:00Z,186.0,TST618,AT76,VTBD,VTSS,273,182,499,1
TST618_VTBD_VTSS_2026-03-04 02:20,11.07201,100.51839,2026-03-04T03:03:15Z,187.2,TST618,AT76,VTBD,VTSS,273,182,499,1
TST618_VTBD_VTSS_2026-03-04 02:20,11.05298,100.51781,2026-03-04T03:03:30Z,188.5,TST618,AT76,VTBD,VTSS,274,182,501,1
TST618_VTBD_VTSS_2026-03-04 02:20,11.03371,100.51721,2026-03-04T03:03:45Z,189.7,TST618,AT76,VTBD,VTSS,274,182,507,1
TST618_VTBD_VTSS_2026-03-04 02:20,11.01442,100.51662,2026-03-04T03:04:00Z,191.0,TST618,AT76,VTBD,VTSS,275,182,508,1
TST618_VTBD_VTSS_2026-03-04 02:20,10.99512,100.51602,2026-03-04T03:04:15Z,192.3,TST618,AT76,VTBD,VTSS,275,182,508,1
TST618_VTBD_VTSS_2026-03-04 02:20,10.9758,100.51543,2026-03-04T03:04:30Z,193.6,TST618,AT76,VTBD,VTSS,276,182,509,1
TST618_VTBD_VTSS_2026-03-04 02:20,10.95646,100.51484,2026-03-04T03:04:45Z,194.8,TST618,AT76,VTBD,VTSS,276,182,509,1
TST618_VTBD_VTSS_2026-03-04 02:20,10.9371,100.51424,2026-03-04T03:05:00Z,196.1,TST618,AT76,VTBD,VTSS,277,182,510,1
TST618_VTBD_VTSS_2026-03-04 02:20,10.91773,100.51364,2026-03-04T03:05:15Z,197.4,TST618,AT76,VTBD,VTSS,277,182,510,1
TST618_VTBD_VTSS_2026-03-04 02:20,10.89834,100.51305,2026-03-04T03:05:30Z,198.7,TST618,AT76,VTBD,VTSS,278,182,511,1
TST618_VTBD_VTSS_2026-03-04 02:20,10.87893,100.51245,2026-03-04T03:05:45Z,199.9,TST618,AT76,VTBD,VTSS,278,182,511,1
TST618_VTBD_VTSS_2026-03-04 02:20,10.85951,100.51185,2026-03-04T03:06:00Z,201.2,TST618,AT76,VTBD,VTSS,279,182,512,1
TST618_VTBD_VTSS_2026-03-04 02:20,10.84007,100.51126,2026-03-04T03:06:15Z,202.5,TST618,AT76,VTBD,VTSS,279,182,512,1
TST618_VTBD_VTSS_2026-03-04 02:20,10.82061,100.51066,2026-03-04T03:06:30Z,203.8,TST618,AT76,VTBD,VTSS,280,182,513,1
TST618_VTBD_VTSS_2026-03-04 02:20,10.80113,100.51006,2026-03-04T03:06:45Z,205.1,TST618,AT76,VTBD,VTSS,280,182,513,1
TST618_VTBD_VTSS_2026-03-04 02:20,10.78164,100.50946,2026-03-04T03:07:00Z,206.4,TST618,AT76,VTBD,VTSS,281,182,513,1
TST618_VTBD_VTSS_2026-03-04 02:20,10.76213,100.50886,2026-03-04T03:07:15Z,207.6,TST618,AT76,VTBD,VTSS,281,182,514,1
TST618_VTBD_VTSS_2026-03-04 02:20,10.7426,100.50826,2026-03-04T03:07:30Z,208.9,TST618,AT76,VTBD,VTSS,282,182,514,1
TST618_VTBD_VTSS_2026-03-04 02:20,10.7228,100.50765,2026-03-04T03:07:45Z,210.2,TST618,AT76,VTBD,VTSS,282,182,521,1
TST618_VTBD_VTSS_2026-03-04 02:20,10.70295,100.50704,2026-03-04T03:08:00Z,211.5,TST618,AT76,VTBD,VTSS,283,182,523,1
TST618_VTBD_VTSS_2026-03-04 02:20,10.68309,100.50643,2026-03-04T03:08:15Z,212.9,TST618,AT76,VTBD,VTSS,283,182,523,1
TST618_VTBD_VTSS_2026-03-04 02:20,10.6632,100.50582,2026-03-04T03:08:30Z,214.2,TST618,AT76,VTBD,VTSS,284,182,524,1
TST618_VTBD_VTSS_2026-03-04 02:20,10.6433,100.50521,2026-03-04T03:08:45Z,215.5,TST618,AT76,VTBD,VTSS,284,182,524,1
TST618_VTBD_VTSS_2026-03-04 02:20,10.62338,100.5046,2026-03-04T03:09:00Z,216.8,TST618,AT76,VTBD,VTSS,285,182,525,1
TST618_VTBD_VTSS_2026-03-04 02:20,10.60345,100.50399,2026-03-04T03:09:15Z,218.1,TST618,AT76,VTBD,VTSS,285,182,525,1
TST618_VTBD_VTSS_2026-03-04 02:20,10.58349,100.50337,2026-03-04T03:09:30Z,219.4,TST618,AT76,VTBD,VTSS,286,182,526,1
TST618_VTBD_VTSS_2026-03-04 02:20,10.56352,100.50276,2026-03-04T03:09:45Z,220.7,TST618,AT76,VTBD,VTSS,286,182,526,1
TST618_VTBD_VTSS_2026-03-04 02:20,10.54353,100.50215,2026-03-04T03:10:00Z,222.1,TST618,AT76,VTBD,VTSS,287,182,527,1
TST618_VTBD_VTSS_2026-03-04 02:20,10.52352,100.50153,2026-03-04T03:10:15Z,223.4,TST618,AT76,VTBD,VTSS,287,182,527,1
TST618_VTBD_VTSS_2026-03-04 02:20,10.50349,100.50092,2026-03-04T03:10:30Z,224.7,TST618,AT76,VTBD,VTSS,288,182,527,1
TST618_VTBD_VTSS_2026-03-04 02:20,10.48345,100.5003,2026-03-04T03:10:45Z,226.0,TST618,AT76,VTBD,VTSS,288,182,528,1
TST618_VTBD_VTSS_2026-03-04 02:20,10.46339,100.49969,2026-03-04T03:11:00Z,227.3,TST618,AT76,VTBD,VTSS,289,182,528,1
TST618_VTBD_VTSS_2026-03-04 02:20,10.44331,100.49907,2026-03-04T03:11:15Z,228.7,TST618,AT76,VTBD,VTSS,289,182,529,1
TST618_VTBD_VTSS_2026-03-04 02:20,10.42321,100.49846,2026-03-04T03:11:30Z,230.0,TST618,AT76,VTBD,VTSS,290,182,529,1
TST618_VTBD_VTSS_2026-03-04 02:20,10.40344,100.49785,2026-03-04T03:11:45Z,228.7,TST618,AT76,VTBD,VTSS,289,182,-508,2
TST618_VTBD_VTSS_2026-03-04 02:20,10.38369,100.49724,2026-03-04T03:12:00Z,227.4,TST618,AT76,VTBD,VTSS,289,182,-520,2
TST618_VTBD_VTSS_2026-03-04 02:20,10.36396,100.49664,2026-03-04T03:12:15Z,226.1,TST618,AT76,VTBD,VTSS,288,182,-520,2
TST618_VTBD_VTSS_2026-03-04 02:20,10.34426,100.49604,2026-03-04T03:12:30Z,224.8,TST618,AT76,VTBD,VTSS,288,182,-519,2
TST618_VTBD_VTSS_2026-03-04 02:20,10.32457,100.49543,2026-03-04T03:12:45Z,223.5,TST618,AT76,VTBD,VTSS,287,182,-518,2
TST618_VTBD_VTSS_2026-03-04 02:20,10.30491,100.49483,2026-03-04T03:13:00Z,222.2,TST618,AT76,VTBD,VTSS,286,182,-518,2
TST618_VTBD_VTSS_2026-03-04 02:20,10.28527,100.49423,2026-03-04T03:13:15Z,220.9,TST618,AT76,VTBD,VTSS,286,182,-517,2
TST618_VTBD_VTSS_2026-03-04 02:20,10.26565,100.49363,2026-03-04T03:13:30Z,219.6,TST618,AT76,VTBD,VTSS,285,182,-517,2
TST618_VTBD_VTSS_2026-03-04 02:20,10.24606,100.49303,2026-03-04T03:13:45Z,218.3,TST618,AT76,VTBD,VTSS,284,182,-516,2
TST618_VTBD_VTSS_2026-03-04 02:20,10.22648,100.49243,2026-03-04T03:14:00Z,217.0,TST618,AT76,VTBD,VTSS,284,182,-516,2
TST618_VTBD_VTSS_2026-03-04 02:20,10.20692,100.49183,2026-03-04T03:14:15Z,215.8,TST618,AT76,VTBD,VTSS,283,182,-515,2
TST618_VTBD_VTSS_2026-03-04 02:20,10.18739,100.49123,2026-03-04T03:14:30Z,214.5,TST618,AT76,VTBD,VTSS,283,182,-514,2
TST618_VTBD_VTSS_2026-03-04 02:20,10.16788,100.49063,2026-03-04T03:14:45Z,213.2,TST618,AT76,VTBD,VTSS,282,182,-514,2
TST618_VTBD_VTSS_2026-03-04 02:20,10.14839,100.49004,2026-03-04T03:15:00Z,211.9,TST618,AT76,VTBD,VTSS,281,182,-513,2
TST618_VTBD_VTSS_2026-03-04 02:20,10.12892,100.48944,2026-03-04T03:15:15Z,210.6,TST618,AT76,VTBD,VTSS,281,182,-513,2
TST618_VTBD_VTSS_2026-03-04 02:20,10.10947,100.48884,2026-03-04T03:15:30Z,209.3,TST618,AT76,VTBD,VTSS,280,182,-512,2
TST618_VTBD_VTSS_2026-03-04 02:20,10.09033,100.48826,2026-03-04T03:15:45Z,208.1,TST618,AT76,VTBD,VTSS,280,182,-504,2
TST618_VTBD_VTSS_2026-03-04 02:20,10.07127,100.48768,2026-03-04T03:16:00Z,206.8,TST618,AT76,VTBD,VTSS,279,182,-502,2
TST618_VTBD_VTSS_2026-03-04 02:20,10.05223,100.48709,2026-03-04T03:16:15Z,205.6,TST618,AT76,VTBD,VTSS,278,182,-501,2
TST618_VTBD_VTSS_2026-03-04 02:20,10.03321,100.48651,2026-03-04T03:16:30Z,204.3,TST618,AT76,VTBD,VTSS,278,182,-501,2
TST618_VTBD_VTSS_2026-03-04 02:20,10.01422,100.48593,2026-03-04T03:16:45Z,203.1,TST618,AT76,VTBD,VTSS,277,182,-500,2
TST618_VTBD_VTSS_2026-03-04 02:20,9.99524,100.48535,2026-03-04T03:17:00Z,201.8,TST618,AT76,VTBD,VTSS,277,182,-500,2
TST618_VTBD_VTSS_2026-03-04 02:20,9.97629,100.48477,2026-03-04T03:17:15Z,200.6,TST618,AT76,VTBD,VTSS,276,182,-499,2
TST618_VTBD_VTSS_2026-03-04 02:20,9.95735,100.48419,2026-03-04T03:17:30Z,199.3,TST618,AT76,VTBD,VTSS,275,182,-499,2
TST618_VTBD_VTSS_2026-03-04 02:20,9.93844,100.48361,2026-03-04T03:17:45Z,198.1,TST618,AT76,VTBD,VTSS,275,182,-498,2
TST618_VTBD_VTSS_2026-03-04 02:20,9.91955,100.48304,2026-03-04T03:18:00Z,196.8,TST618,AT76,VTBD,VTSS,274,182,-498,2
TST618_VTBD_VTSS_2026-03-04 02:20,9.90067,100.48246,2026-03-04T03:18:15Z,195.6,TST618,AT76,VTBD,VTSS,274,182,-497,2
TST618_VTBD_VTSS_2026-03-04 02:20,9.88182,100.48188,2026-03-04T03:18:30Z,194.3,TST618,AT76,VTBD,VTSS,273,182,-496,2
TST618_VTBD_VTSS_2026-03-04 02:20,9.86299,100.48131,2026-03-04T03:18:45Z,193.1,TST618,AT76,VTBD,VTSS,272,182,-496,2
TST618_VTBD_VTSS_2026-03-04 02:20,9.84418,100.48073,2026-03-04T03:19:00Z,191.9,TST618,AT76,VTBD,VTSS,272,182,-495,2
TST618_VTBD_VTSS_2026-03-04 02:20,9.82539,100.48016,2026-03-04T03:19:15Z,190.6,TST618,AT76,VTBD,VTSS,271,182,-495,2
TST618_VTBD_VTSS_2026-03-04 02:20,9.80662,100.47959,2026-03-04T03:19:30Z,189.4,TST618,AT76,VTBD,VTSS,271,182,-494,2
TST618_VTBD_VTSS_2026-03-04 02:20,9.78789,100.47901,2026-03-04T03:19:45Z,188.1,TST618,AT76,VTBD,VTSS,270,182,-493,2
TST618_VTBD_VTSS_2026-03-04 02:20,9.7695,100.47845,2026-03-04T03:20:00Z,186.9,TST618,AT76,VTBD,VTSS,269,182,-484,2
TST618_VTBD_VTSS_2026-03-04 02:20,9.75114,100.47789,2026-03-04T03:20:15Z,185.7,TST618,AT76,VTBD,VTSS,269,182,-484,2
TST618_VTBD_VTSS_2026-03-04 02:20,9.7328,100.47733,2026-03-04T03:20:30Z,184.5,TST618,AT76,VTBD,VTSS,268,182,-483,2
TST618_VTBD_VTSS_2026-03-04 02:20,9.71448,100.47677,2026-03-04T03:20:45Z,183.3,TST618,AT76,VTBD,VTSS,268,182,-483,2
TST618_VTBD_VTSS_2026-03-04 02:20,9.69618,100.47621,2026-03-04T03:21:00Z,182.1,TST618,AT76,VTBD,VTSS,267,182,-482,2
TST618_VTBD_VTSS_2026-03-04 02:20,9.6779,100.47566,2026-03-04T03:21:15Z,180.9,TST618,AT76,VTBD,VTSS,267,182,-481,2
TST618_VTBD_VTSS_2026-03-04 02:20,9.65964,100.4751,2026-03-04T03:21:30Z,179.7,TST618,AT76,VTBD,VTSS,266,182,-481,2
TST618_VTBD_VTSS_2026-03-04 02:20,9.6414,100.47454,2026-03-04T03:21:45Z,178.5,TST618,AT76,VTBD,VTSS,265,182,-480,2
TST618_VTBD_VTSS_2026-03-04 02:20,9.62317,100.47399,2026-03-04T03:22:00Z,177.3,TST618,AT76,VTBD,VTSS,265,182,-480,2
TST618_VTBD_VTSS_2026-03-04 02:20,9.60497,100.47343,2026-03-04T03:22:15Z,176.1,TST618,AT76,VTBD,VTSS,264,182,-479,2
TST618_VTBD_VTSS_2026-03-04 02:20,9.58679,100.47288,2026-03-04T03:22:30Z,174.9,TST618,AT76,VTBD,VTSS,264,182,-479,2
TST618_VTBD_VTSS_2026-03-04 02:20,9.56863,100.47232,2026-03-04T03:22:45Z,173.7,TST618,AT76,VTBD,VTSS,263,182,-478,2
TST618_VTBD_VTSS_2026-03-04 02:20,9.55049,100.47177,2026-03-04T03:23:00Z,172.5,TST618,AT76,VTBD,VTSS,262,182,-478,2
TST618_VTBD_VTSS_2026-03-04 02:20,9.53237,100.47122,2026-03-04T03:23:15Z,171.3,TST618,AT76,VTBD,VTSS,262,182,-477,2
TST618_VTBD_VTSS_2026-03-04 02:20,9.51427,100.47066,2026-03-04T03:23:30Z,170.1,TST618,AT76,VTBD,VTSS,261,182,-477,2
TST618_VTBD_VTSS_2026-03-04 02:20,9.49618,100.47011,2026-03-04T03:23:45Z,168.9,TST618,AT76,VTBD,VTSS,261,182,-476,2
TST618_VTBD_VTSS_2026-03-04 02:20,9.47812,100.46956,2026-03-04T03:24:00Z,167.7,TST618,AT76,VTBD,VTSS,260,182,-476,2
TST618_VTBD_VTSS_2026-03-04 02:20,9.4603,100.46902,2026-03-04T03:24:15Z,166.6,TST618,AT76,VTBD,VTSS,260,182,-469,2
TST618_VTBD_VTSS_2026-03-04 02:20,9.44262,100.46848,2026-03-04T03:24:30Z,165.4,TST618,AT76,VTBD,VTSS,259,182,-466,2
TST618_VTBD_VTSS_2026-03-04 02:20,9.42496,100.46794,2026-03-04T03:24:45Z,164.2,TST618,AT76,VTBD,VTSS,259,182,-465,2
TST618_VTBD_VTSS_2026-03-04 02:20,9.40733,100.4674,2026-03-04T03:25:00Z,163.1,TST618,AT76,VTBD,VTSS,258,182,-464,2
TST618_VTBD_VTSS_2026-03-04 02:20,9.38971,100.46687,2026-03-04T03:25:15Z,161.9,TST618,AT76,VTBD,VTSS,257,182,-464,2
TST618_VTBD_VTSS_2026-03-04 02:20,9.37211,100.46633,2026-03-04T03:25:30Z,160.7,TST618,AT76,VTBD,VTSS,257,182,-463,2
TST618_VTBD_VTSS_2026-03-04 02:20,9.35453,100.46579,2026-03-04T03:25:45Z,159.6,TST618,AT76,VTBD,VTSS,256,182,-463,2
TST618_VTBD_VTSS_2026-03-04 02:20,9.33697,100.46526,2026-03-04T03:26:00Z,158.4,TST618,AT76,VTBD,VTSS,256,182,-462,2
TST618_VTBD_VTSS_2026-03-04 02:20,9.31942,100.46473,2026-03-04T03:26:15Z,157.3,TST618,AT76,VTBD,VTSS,255,182,-462,2
TST618_VTBD_VTSS_2026-03-04 02:20,9.3019,100.46419,2026-03-04T03:26:30Z,156.1,TST618,AT76,VTBD,VTSS,255,182,-461,2
TST618_VTBD_VTSS_2026-03-04 02:20,9.2844,100.46366,2026-03-04T03:26:45Z,155.0,TST618,AT76,VTBD,VTSS,254,182,-461,2
TST618_VTBD_VTSS_2026-03-04 02:20,9.26692,100.46313,2026-03-04T03:27:00Z,153.8,TST618,AT76,VTBD,VTSS,254,182,-460,2
TST618_VTBD_VTSS_2026-03-04 02:20,9.24945,100.46259,2026-03-04T03:27:15Z,152.7,TST618,AT76,VTBD,VTSS,253,182,-460,2
TST618_VTBD_VTSS_2026-03-04 02:20,9.232,100.46206,2026-03-04T03:27:30Z,151.5,TST618,AT76,VTBD,VTSS,252,182,-459,2
TST618_VTBD_VTSS_2026-03-04 02:20,9.21458,100.46153,2026-03-04T03:27:45Z,150.4,TST618,AT76,VTBD,VTSS,252,182,-459,2
TST618_VTBD_VTSS_2026-03-04 02:20,9.19717,100.461,2026-03-04T03:28:00Z,149.2,TST618,AT76,VTBD,VTSS,251,182,-458,2
TST618_VTBD_VTSS_2026-03-04 02:20,9.17978,100.46047,2026-03-04T03:28:15Z,148.1,TST618,AT76,VTBD,VTSS,251,182,-458,2
TST618_VTBD_VTSS_2026-03-04 02:20,9.16241,100.45994,2026-03-04T03:28:30Z,146.9,TST618,AT76,VTBD,VTSS,250,182,-457,2
TST618_VTBD_VTSS_2026-03-04 02:20,9.14524,100.45942,2026-03-04T03:28:45Z,145.8,TST618,AT76,VTBD,VTSS,250,182,-452,2
TST618_VTBD_VTSS_2026-03-04 02:20,9.12825,100.45891,2026-03-04T03:29:00Z,144.7,TST618,AT76,VTBD,VTSS,249,182,-447,2
TST618_VTBD_VTSS_2026-03-04 02:20,9.11129,100.45839,2026-03-04T03:29:15Z,143.5,TST618,AT76,VTBD,VTSS,249,182,-447,2
TST618_VTBD_VTSS_2026-03-04 02:20,9.09434,100.45787,2026-03-04T03:29:30Z,142.4,TST618,AT76,VTBD,VTSS,248,182,-446,2
TST618_VTBD_VTSS_2026-03-04 02:20,9.07741,100.45736,2026-03-04T03:29:45Z,141.3,TST618,AT76,VTBD,VTSS,248,182,-446,2
TST618_VTBD_VTSS_2026-03-04 02:20,9.0605,100.45684,2026-03-04T03:30:00Z,140.2,TST618,AT76,VTBD,VTSS,247,182,-445,2
TST618_VTBD_VTSS_2026-03-04 02:20,9.04361,100.45633,2026-03-04T03:30:15Z,139.1,TST618,AT76,VTBD,VTSS,247,182,-445,2
TST618_VTBD_VTSS_2026-03-04 02:20,9.02673,100.45582,2026-03-04T03:30:30Z,138.0,TST618,AT76,VTBD,VTSS,246,182,-444,2
TST618_VTBD_VTSS_2026-03-04 02:20,9.00988,100.45531,2026-03-04T03:30:45Z,136.9,TST618,AT76,VTBD,VTSS,245,182,-444,2
TST618_VTBD_VTSS_2026-03-04 02:20,8.99304,100.45479,2026-03-04T03:31:00Z,135.8,TST618,AT76,VTBD,VTSS,245,182,-443,2
TST618_VTBD_VTSS_2026-03-04 02:20,8.97622,100.45428,2026-03-04T03:31:15Z,134.6,TST618,AT76,VTBD,VTSS,244,182,-443,2
TST618_VTBD_VTSS_2026-03-04 02:20,8.95942,100.45377,2026-03-04T03:31:30Z,133.5,TST618,AT76,VTBD,VTSS,244,182,-442,2
TST618_VTBD_VTSS_2026-03-04 02:20,8.94264,100.45326,2026-03-04T03:31:45Z,132.4,TST618,AT76,VTBD,VTSS,243,182,-442,2
TST618_VTBD_VTSS_2026-03-04 02:20,8.92588,100.45275,2026-03-04T03:32:00Z,131.3,TST618,AT76,VTBD,VTSS,243,182,-441,2
TST618_VTBD_VTSS_2026-03-04 02:20,8.90913,100.45224,2026-03-04T03:32:15Z,130.2,TST618,AT76,VTBD,VTSS,242,182,-441,2
TST618_VTBD_VTSS_2026-03-04 02:20,8.8924,100.45173,2026-03-04T03:32:30Z,129.1,TST618,AT76,VTBD,VTSS,242,182,-440,2
TST618_VTBD_VTSS_2026-03-04 02:20,8.87569,100.45123,2026-03-04T03:32:45Z,128.0,TST618,AT76,VTBD,VTSS,241,182,-440,2
TST618_VTBD_VTSS_2026-03-04 02:20,8.859,100.45072,2026-03-04T03:33:00Z,126.9,TST618,AT76,VTBD,VTSS,241,182,-440,2
TST618_VTBD_VTSS_2026-03-04 02:20,8.84233,100.45021,2026-03-04T03:33:15Z,125.8,TST618,AT76,VTBD,VTSS,240,182,-439,2
TST618_VTBD_VTSS_2026-03-04 02:20,8.82591,100.44971,2026-03-04T03:33:30Z,124.7,TST618,AT76,VTBD,VTSS,240,182,-432,2
TST618_VTBD_VTSS_2026-03-04 02:20,8.80962,100.44922,2026-03-04T03:33:45Z,123.7,TST618,AT76,VTBD,VTSS,239,182,-429,2
TST618_VTBD_VTSS_2026-03-04 02:20,8.79335,100.44873,2026-03-04T03:34:00Z,122.6,TST618,AT76,VTBD,VTSS,239,182,-428,2
TST618_VTBD_VTSS_2026-03-04 02:20,8.77709,100.44823,2026-03-04T03:34:15Z,121.5,TST618,AT76,VTBD,VTSS,238,182,-428,2
TST618_VTBD_VTSS_2026-03-04 02:20,8.76086,100.44774,2026-03-04T03:34:30Z,120.5,TST618,AT76,VTBD,VTSS,238,182,-428,2
TST618_VTBD_VTSS_2026-03-04 02:20,8.74464,100.44725,2026-03-04T03:34:45Z,119.4,TST618,AT76,VTBD,VTSS,237,182,-427,2
TST618_VTBD_VTSS_2026-03-04 02:20,8.72844,100.44675,2026-03-04T03:35:00Z,118.3,TST618,AT76,VTBD,VTSS,237,182,-427,2
TST618_VTBD_VTSS_2026-03-04 02:20,8.71226,100.44626,2026-03-04T03:35:15Z,117.2,TST618,AT76,VTBD,VTSS,236,182,-426,2
TST618_VTBD_VTSS_2026-03-04 02:20,8.69609,100.44577,2026-03-04T03:35:30Z,116.2,TST618,AT76,VTBD,VTSS,236,182,-426,2
TST618_VTBD_VTSS_2026-03-04 02:20,8.67995,100.44528,2026-03-04T03:35:45Z,115.1,TST618,AT76,VTBD,VTSS,235,182,-425,2
TST618_VTBD_VTSS_2026-03-04 02:20,8.66382,100.44479,2026-03-04T03:36:00Z,114.1,TST618,AT76,VTBD,VTSS,235,182,-425,2
TST618_VTBD_VTSS_2026-03-04 02:20,8.6477,100.4443,2026-03-04T03:36:15Z,113.0,TST618,AT76,VTBD,VTSS,234,182,-424,2
TST618_VTBD_VTSS_2026-03-04 02:20,8.63161,100.44382,2026-03-04T03:36:30Z,111.9,TST618,AT76,VTBD,VTSS,234,182,-424,2
TST618_VTBD_VTSS_2026-03-04 02:20,8.61553,100.44333,2026-03-04T03:36:45Z,110.9,TST618,AT76,VTBD,VTSS,233,182,-423,2
TST618_VTBD_VTSS_2026-03-04 02:20,8.59947,100.44284,2026-03-04T03:37:00Z,109.8,TST618,AT76,VTBD,VTSS,233,182,-423,2
TST618_VTBD_VTSS_2026-03-04 02:20,8.58343,100.44235,2026-03-04T03:37:15Z,108.8,TST618,AT76,VTBD,VTSS,232,182,-422,2
TST618_VTBD_VTSS_2026-03-04 02:20,8.56741,100.44187,2026-03-04T03:37:30Z,107.7,TST618,AT76,VTBD,VTSS,232,182,-422,2
TST618_VTBD_VTSS_2026-03-04 02:20,8.5514,100.44138,2026-03-04T03:37:45Z,106.6,TST618,AT76,VTBD,VTSS,231,182,-421,2
TST618_VTBD_VTSS_2026-03-04 02:20,8.53541,100.4409,2026-03-04T03:38:00Z,105.6,TST618,AT76,VTBD,VTSS,231,182,-421,2
TST618_VTBD_VTSS_2026-03-04 02:20,8.51944,100.44041,2026-03-04T03:38:15Z,104.5,TST618,AT76,VTBD,VTSS,230,182,-421,2
TST618_VTBD_VTSS_2026-03-04 02:20,8.50383,100.43994,2026-03-04T03:38:30Z,103.5,TST618,AT76,VTBD,VTSS,230,182,-411,2
TST618_VTBD_VTSS_2026-03-04 02:20,8.48824,100.43947,2026-03-04T03:38:45Z,102.5,TST618,AT76,VTBD,VTSS,229,182,-411,2
TST618_VTBD_VTSS_2026-03-04 02:20,8.47267,100.439,2026-03-04T03:39:00Z,101.5,TST618,AT76,VTBD,VTSS,229,182,-410,2
TST618_VTBD_VTSS_2026-03-04 02:20,8.45711,100.43852,2026-03-04T03:39:15Z,100.4,TST618,AT76,VTBD,VTSS,228,182,-410,2
TST618_VTBD_VTSS_2026-03-04 02:20,8.44157,100.43805,2026-03-04T03:39:30Z,99.4,TST618,AT76,VTBD,VTSS,228,182,-409,2
TST618_VTBD_VTSS_2026-03-04 02:20,8.42605,100.43758,2026-03-04T03:39:45Z,98.4,TST618,AT76,VTBD,VTSS,227,182,-409,2
TST618_VTBD_VTSS_2026-03-04 02:20,8.41055,100.43711,2026-03-04T03:40:00Z,97.4,TST618,AT76,VTBD,VTSS,227,182,-408,2
TST618_VTBD_VTSS_2026-03-04 02:20,8.39506,100.43664,2026-03-04T03:40:15Z,96.3,TST618,AT76,VTBD,VTSS,226,182,-408,2
TST618_VTBD_VTSS_2026-03-04 02:20,8.37959,100.43617,2026-03-04T03:40:30Z,95.3,TST618,AT76,VTBD,VTSS,226,182,-407,2
TST618_VTBD_VTSS_2026-03-04 02:20,8.36413,100.43571,2026-03-04T03:40:45Z,94.3,TST618,AT76,VTBD,VTSS,225,182,-407,2
TST618_VTBD_VTSS_2026-03-04 02:20,8.3487,100.43524,2026-03-04T03:41:00Z,93.3,TST618,AT76,VTBD,VTSS,225,182,-406,2
TST618_VTBD_VTSS_2026-03-04 02:20,8.33327,100.43477,2026-03-04T03:41:15Z,92.3,TST618,AT76,VTBD,VTSS,224,182,-406,2
TST618_VTBD_VTSS_2026-03-04 02:20,8.31787,100.4343,2026-03-04T03:41:30Z,91.3,TST618,AT76,VTBD,VTSS,224,182,-406,2
TST618_VTBD_VTSS_2026-03-04 02:20,8.30248,100.43384,2026-03-04T03:41:45Z,90.2,TST618,AT76,VTBD,VTSS,223,182,-405,2
TST618_VTBD_VTSS_2026-03-04 02:20,8.28711,100.43337,2026-03-04T03:42:00Z,89.2,TST618,AT76,VTBD,VTSS,223,182,-405,2
TST618_VTBD_VTSS_2026-03-04 02:20,8.27176,100.43291,2026-03-04T03:42:15Z,88.2,TST618,AT76,VTBD,VTSS,222,182,-404,2
TST618_VTBD_VTSS_2026-03-04 02:20,8.25642,100.43244,2026-03-04T03:42:30Z,87.2,TST618,AT76,VTBD,VTSS,222,182,-404,2
TST618_VTBD_VTSS_2026-03-04 02:20,8.2411,100.43198,2026-03-04T03:42:45Z,86.2,TST618,AT76,VTBD,VTSS,221,182,-403,2
TST618_VTBD_VTSS_2026-03-04 02:20,8.2258,100.43152,2026-03-04T03:43:00Z,85.2,TST618,AT76,VTBD,VTSS,221,182,-403,2
TST618_VTBD_VTSS_2026-03-04 02:20,8.21051,100.43105,2026-03-04T03:43:15Z,84.2,TST618,AT76,VTBD,VTSS,220,182,-403,2
TST618_VTBD_VTSS_2026-03-04 02:20,8.19541,100.4306,2026-03-04T03:43:30Z,83.2,TST618,AT76,VTBD,VTSS,220,182,-398,2
TST618_VTBD_VTSS_2026-03-04 02:20,8.1805,100.43014,2026-03-04T03:43:45Z,82.2,TST618,AT76,VTBD,VTSS,219,182,-392,2
TST618_VTBD_VTSS_2026-03-04 02:20,8.16561,100.42969,2026-03-04T03:44:00Z,81.2,TST618,AT76,VTBD,VTSS,219,182,-392,2
TST618_VTBD_VTSS_2026-03-04 02:20,8.15074,100.42924,2026-03-04T03:44:15Z,80.2,TST618,AT76,VTBD,VTSS,218,182,-392,2
TST618_VTBD_VTSS_2026-03-04 02:20,8.13588,100.42879,2026-03-04T03:44:30Z,79.3,TST618,AT76,VTBD,VTSS,218,182,-391,2
TST618_VTBD_VTSS_2026-03-04 02:20,8.12104,100.42834,2026-03-04T03:44:45Z,78.3,TST618,AT76,VTBD,VTSS,217,182,-391,2
TST618_VTBD_VTSS_2026-03-04 02:20,8.10622,100.4279,2026-03-04T03:45:00Z,77.3,TST618,AT76,VTBD,VTSS,217,182,-390,2
TST618_VTBD_VTSS_2026-03-04 02:20,8.09141,100.42745,2026-03-04T03:45:15Z,76.3,TST618,AT76,VTBD,VTSS,217,182,-390,2
TST618_VTBD_VTSS_2026-03-04 02:20,8.07661,100.427,2026-03-04T03:45:30Z,75.4,TST618,AT76,VTBD,VTSS,216,182,-389,2
TST618_VTBD_VTSS_2026-03-04 02:20,8.06184,100.42655,2026-03-04T03:45:45Z,74.4,TST618,AT76,VTBD,VTSS,216,182,-389,2
TST618_VTBD_VTSS_2026-03-04 02:20,8.04708,100.42611,2026-03-04T03:46:00Z,73.4,TST618,AT76,VTBD,VTSS,215,182,-389,2
TST618_VTBD_VTSS_2026-03-04 02:20,8.03233,100.42566,2026-03-04T03:46:15Z,72.4,TST618,AT76,VTBD,VTSS,215,182,-388,2
TST618_VTBD_VTSS_2026-03-04 02:20,8.0176,100.42521,2026-03-04T03:46:30Z,71.5,TST618,AT76,VTBD,VTSS,214,182,-388,2
TST618_VTBD_VTSS_2026-03-04 02:20,8.00289,100.42477,2026-03-04T03:46:45Z,70.5,TST618,AT76,VTBD,VTSS,214,182,-387,2
TST618_VTBD_VTSS_2026-03-04 02:20,7.9882,100.42433,2026-03-04T03:47:00Z,69.5,TST618,AT76,VTBD,VTSS,213,182,-387,2
TST618_VTBD_VTSS_2026-03-04 02:20,7.97352,100.42388,2026-03-04T03:47:15Z,68.6,TST618,AT76,VTBD,VTSS,213,182,-387,2
TST618_VTBD_VTSS_2026-03-04 02:20,7.95885,100.42344,2026-03-04T03:47:30Z,67.6,TST618,AT76,VTBD,VTSS,212,182,-386,2
TST618_VTBD_VTSS_2026-03-04 02:20,7.94421,100.42299,2026-03-04T03:47:45Z,66.6,TST618,AT76,VTBD,VTSS,212,182,-386,2
TST618_VTBD_VTSS_2026-03-04 02:20,7.92957,100.42255,2026-03-04T03:48:00Z,65.7,TST618,AT76,VTBD,VTSS,211,182,-385,2
TST618_VTBD_VTSS_2026-03-04 02:20,7.91496,100.42211,2026-03-04T03:48:15Z,64.7,TST618,AT76,VTBD,VTSS,211,182,-385,2
TST618_VTBD_VTSS_2026-03-04 02:20,7.90036,100.42167,2026-03-04T03:48:30Z,63.7,TST618,AT76,VTBD,VTSS,210,182,-384,2
TST618_VTBD_VTSS_2026-03-04 02:20,7.88578,100.42123,2026-03-04T03:48:45Z,62.8,TST618,AT76,VTBD,VTSS,210,182,-384,2
TST618_VTBD_VTSS_2026-03-04 02:20,7.87154,100.4208,2026-03-04T03:49:00Z,61.8,TST618,AT76,VTBD,VTSS,210,182,-375,2
TST618_VTBD_VTSS_2026-03-04 02:20,7.85733,100.42037,2026-03-04T03:49:15Z,60.9,TST618,AT76,VTBD,VTSS,209,182,-374,2
TST618_VTBD_VTSS_2026-03-04 02:20,7.84314,100.41994,2026-03-04T03:49:30Z,60.0,TST618,AT76,VTBD,VTSS,209,182,-374,2
TST618_VTBD_VTSS_2026-03-04 02:20,7.82897,100.41951,2026-03-04T03:49:45Z,59.0,TST618,AT76,VTBD,VTSS,208,182,-373,2
TST618_VTBD_VTSS_2026-03-04 02:20,7.81481,100.41908,2026-03-04T03:50:00Z,58.1,TST618,AT76,VTBD,VTSS,208,182,-373,2
TST618_VTBD_VTSS_2026-03-04 02:20,7.80066,100.41866,2026-03-04T03:50:15Z,57.2,TST618,AT76,VTBD,VTSS,207,182,-372,2
TST618_VTBD_VTSS_2026-03-04 02:20,7.78654,100.41823,2026-03-04T03:50:30Z,56.2,TST618,AT76,VTBD,VTSS,207,182,-372,2
TST618_VTBD_VTSS_2026-03-04 02:20,7.77242,100.4178,2026-03-04T03:50:45Z,55.3,TST618,AT76,VTBD,VTSS,206,182,-372,2
TST618_VTBD_VTSS_2026-03-04 02:20,7.75833,100.41738,2026-03-04T03:51:00Z,54.4,TST618,AT76,VTBD,VTSS,206,182,-371,2
TST618_VTBD_VTSS_2026-03-04 02:20,7.74425,100.41695,2026-03-04T03:51:15Z,53.4,TST618,AT76,VTBD,VTSS,206,182,-371,2
TST618_VTBD_VTSS_2026-03-04 02:20,7.73018,100.41653,2026-03-04T03:51:30Z,52.5,TST618,AT76,VTBD,VTSS,205,182,-370,2
TST618_VTBD_VTSS_2026-03-04 02:20,7.71613,100.4161,2026-03-04T03:51:45Z,51.6,TST618,AT76,VTBD,VTSS,205,182,-370,2
TST618_VTBD_VTSS_2026-03-04 02:20,7.70209,100.41568,2026-03-04T03:52:00Z,50.7,TST618,AT76,VTBD,VTSS,204,182,-370,2
TST618_VTBD_VTSS_2026-03-04 02:20,7.68807,100.41525,2026-03-04T03:52:15Z,49.7,TST618,AT76,VTBD,VTSS,204,182,-369,2
TST618_VTBD_VTSS_2026-03-04 02:20,7.67407,100.41483,2026-03-04T03:52:30Z,48.8,TST618,AT76,VTBD,VTSS,203,182,-369,2
TST618_VTBD_VTSS_2026-03-04 02:20,7.66008,100.41441,2026-03-04T03:52:45Z,47.9,TST618,AT76,VTBD,VTSS,203,182,-368,2
TST618_VTBD_VTSS_2026-03-04 02:20,7.6461,100.41399,2026-03-04T03:53:00Z,47.0,TST618,AT76,VTBD,VTSS,202,182,-368,2
TST618_VTBD_VTSS_2026-03-04 02:20,7.63215,100.41357,2026-03-04T03:53:15Z,46.1,TST618,AT76,VTBD,VTSS,202,182,-368,2
TST618_VTBD_VTSS_2026-03-04 02:20,7.6182,100.41315,2026-03-04T03:53:30Z,45.1,TST618,AT76,VTBD,VTSS,202,182,-367,2
TST618_VTBD_VTSS_2026-03-04 02:20,7.60427,100.41272,2026-03-04T03:53:45Z,44.2,TST618,AT76,VTBD,VTSS,201,182,-367,2
TST618_VTBD_VTSS_2026-03-04 02:20,7.59036,100.4123,2026-03-04T03:54:00Z,43.3,TST618,AT76,VTBD,VTSS,201,182,-366,2
TST618_VTBD_VTSS_2026-03-04 02:20,7.57646,100.41189,2026-03-04T03:54:15Z,42.4,TST618,AT76,VTBD,VTSS,200,182,-366,2
TST618_VTBD_VTSS_2026-03-04 02:20,7.56271,100.41147,2026-03-04T03:54:30Z,41.5,TST618,AT76,VTBD,VTSS,200,182,-362,2
TST618_VTBD_VTSS_2026-03-04 02:20,7.54919,100.41106,2026-03-04T03:54:45Z,40.6,TST618,AT76,VTBD,VTSS,199,182,-356,2
TST618_VTBD_VTSS_2026-03-04 02:20,7.53569,100.41065,2026-03-04T03:55:00Z,39.7,TST618,AT76,VTBD,VTSS,199,182,-356,2
TST618_VTBD_VTSS_2026-03-04 02:20,7.52219,100.41025,2026-03-04T03:55:15Z,38.8,TST618,AT76,VTBD,VTSS,199,182,-355,2
TST618_VTBD_VTSS_2026-03-04 02:20,7.50872,100.40984,2026-03-04T03:55:30Z,37.9,TST618,AT76,VTBD,VTSS,198,182,-355,2
TST618_VTBD_VTSS_2026-03-04 02:20,7.49526,100.40943,2026-03-04T03:55:45Z,37.0,TST618,AT76,VTBD,VTSS,198,182,-354,2
TST618_VTBD_VTSS_2026-03-04 02:20,7.48181,100.40903,2026-03-04T03:56:00Z,36.2,TST618,AT76,VTBD,VTSS,197,182,-354,2
TST618_VTBD_VTSS_2026-03-04 02:20,7.46838,100.40862,2026-03-04T03:56:15Z,35.3,TST618,AT76,VTBD,VTSS,197,182,-354,2
TST618_VTBD_VTSS_2026-03-04 02:20,7.45496,100.40822,2026-03-04T03:56:30Z,34.4,TST618,AT76,VTBD,VTSS,196,182,-353,2
TST618_VTBD_VTSS_2026-03-04 02:20,7.44156,100.40781,2026-03-04T03:56:45Z,33.5,TST618,AT76,VTBD,VTSS,196,182,-353,2
TST618_VTBD_VTSS_2026-03-04 02:20,7.42817,100.40741,2026-03-04T03:57:00Z,32.6,TST618,AT76,VTBD,VTSS,196,182,-352,2
TST618_VTBD_VTSS_2026-03-04 02:20,7.41479,100.40701,2026-03-04T03:57:15Z,31.7,TST618,AT76,VTBD,VTSS,195,182,-352,2
TST618_VTBD_VTSS_2026-03-04 02:20,7.40143,100.4066,2026-03-04T03:57:30Z,30.9,TST618,AT76,VTBD,VTSS,195,182,-352,2
TST618_VTBD_VTSS_2026-03-04 02:20,7.38809,100.4062,2026-03-04T03:57:45Z,30.0,TST618,AT76,VTBD,VTSS,194,182,-351,2
TST618_VTBD_VTSS_2026-03-04 02:20,7.37476,100.4058,2026-03-04T03:58:00Z,29.1,TST618,AT76,VTBD,VTSS,194,182,-351,2
TST618_VTBD_VTSS_2026-03-04 02:20,7.36144,100.4054,2026-03-04T03:58:15Z,28.2,TST618,AT76,VTBD,VTSS,193,182,-351,2
TST618_VTBD_VTSS_2026-03-04 02:20,7.34814,100.405,2026-03-04T03:58:30Z,27.3,TST618,AT76,VTBD,VTSS,193,182,-350,2
TST618_VTBD_VTSS_2026-03-04 02:20,7.33486,100.4046,2026-03-04T03:58:45Z,26.5,TST618,AT76,VTBD,VTSS,193,182,-350,2
TST618_VTBD_VTSS_2026-03-04 02:20,7.32158,100.4042,2026-03-04T03:59:00Z,25.6,TST618,AT76,VTBD,VTSS,192,182,-349,2
TST618_VTBD_VTSS_2026-03-04 02:20,7.30833,100.4038,2026-03-04T03:59:15Z,24.7,TST618,AT76,VTBD,VTSS,192,182,-349,2
TST618_VTBD_VTSS_2026-03-04 02:20,7.29508,100.4034,2026-03-04T03:59:30Z,23.8,TST618,AT76,VTBD,VTSS,191,182,-349,2
TST618_VTBD_VTSS_2026-03-04 02:20,7.28186,100.403,2026-03-04T03:59:45Z,23.0,TST618,AT76,VTBD,VTSS,191,182,-348,2
TST618_VTBD_VTSS_2026-03-04 02:20,7.26864,100.4026,2026-03-04T04:00:00Z,22.1,TST618,AT76,VTBD,VTSS,191,182,-348,2
TST618_VTBD_VTSS_2026-03-04 02:20,7.25544,100.4022,2026-03-04T04:00:15Z,21.2,TST618,AT76,VTBD,VTSS,190,182,-347,2
TST618_VTBD_VTSS_2026-03-04 02:20,7.24248,100.40181,2026-03-04T04:00:30Z,20.4,TST618,AT76,VTBD,VTSS,190,182,-341,2
TST618_VTBD_VTSS_2026-03-04 02:20,7.22965,100.40143,2026-03-04T04:00:45Z,19.5,TST618,AT76,VTBD,VTSS,189,182,-338,2
TST618_VTBD_VTSS_2026-03-04 02:20,7.21684,100.40104,2026-03-04T04:01:00Z,18.7,TST618,AT76,VTBD,VTSS,189,182,-337,2
TST618_VTBD_VTSS_2026-03-04 02:20,7.20405,100.40065,2026-03-04T04:01:15Z,17.8,TST618,AT76,VTBD,VTSS,189,182,-337,2
TST618_VTBD_VTSS_2026-03-04 02:20,7.19126,100.40027,2026-03-04T04:01:30Z,17.0,TST618,AT76,VTBD,VTSS,188,182,-336,2
TST618_VTBD_VTSS_2026-03-04 02:20,7.1785,100.39988,2026-03-04T04:01:45Z,16.2,TST618,AT76,VTBD,VTSS,188,182,-336,2
TST618_VTBD_VTSS_2026-03-04 02:20,7.16574,100.3995,2026-03-04T04:02:00Z,15.3,TST618,AT76,VTBD,VTSS,187,182,-336,2
TST618_VTBD_VTSS_2026-03-04 02:20,7.153,100.39912,2026-03-04T04:02:15Z,14.5,TST618,AT76,VTBD,VTSS,187,182,-335,2
TST618_VTBD_VTSS_2026-03-04 02:20,7.14028,100.39873,2026-03-04T04:02:30Z,13.6,TST618,AT76,VTBD,VTSS,187,182,-335,2
TST618_VTBD_VTSS_2026-03-04 02:20,7.12756,100.39835,2026-03-04T04:02:45Z,12.8,TST618,AT76,VTBD,VTSS,186,182,-335,2
TST618_VTBD_VTSS_2026-03-04 02:20,7.11487,100.39797,2026-03-04T04:03:00Z,12.0,TST618,AT76,VTBD,VTSS,186,182,-334,2
TST618_VTBD_VTSS_2026-03-04 02:20,7.10218,100.39758,2026-03-04T04:03:15Z,11.1,TST618,AT76,VTBD,VTSS,185,182,-334,2
TST618_VTBD_VTSS_2026-03-04 02:20,7.08951,100.3972,2026-03-04T04:03:30Z,10.3,TST618,AT76,VTBD,VTSS,185,182,-334,2
TST618_VTBD_VTSS_2026-03-04 02:20,7.07685,100.39682,2026-03-04T04:03:45Z,9.5,TST618,AT76,VTBD,VTSS,185,182,-333,2
TST618_VTBD_VTSS_2026-03-04 02:20,7.06421,100.39644,2026-03-04T04:04:00Z,8.6,TST618,AT76,VTBD,VTSS,184,182,-333,2
TST618_VTBD_VTSS_2026-03-04 02:20,7.05158,100.39606,2026-03-04T04:04:15Z,7.8,TST618,AT76,VTBD,VTSS,184,182,-332,2
TST618_VTBD_VTSS_2026-03-04 02:20,7.03897,100.39568,2026-03-04T04:04:30Z,7.0,TST618,AT76,VTBD,VTSS,183,182,-332,2
TST618_VTBD_VTSS_2026-03-04 02:20,7.02637,100.3953,2026-03-04T04:04:45Z,6.1,TST618,AT76,VTBD,VTSS,183,182,-332,2
TST618_VTBD_VTSS_2026-03-04 02:20,7.01378,100.39492,2026-03-04T04:05:00Z,5.3,TST618,AT76,VTBD,VTSS,183,182,-331,2
TST618_VTBD_VTSS_2026-03-04 02:20,7.0012,100.39454,2026-03-04T04:05:15Z,4.5,TST618,AT76,VTBD,VTSS,182,182,-331,2
TST618_VTBD_VTSS_2026-03-04 02:20,6.98864,100.39417,2026-03-04T04:05:30Z,3.6,TST618,AT76,VTBD,VTSS,182,182,-331,2
TST618_VTBD_VTSS_2026-03-04 02:20,6.9761,100.39379,2026-03-04T04:05:45Z,2.8,TST618,AT76,VTBD,VTSS,181,182,-330,2
TST618_VTBD_VTSS_2026-03-04 02:20,6.96356,100.39341,2026-03-04T04:06:00Z,2.0,TST618,AT76,VTBD,VTSS,181,182,-330,2
TST618_VTBD_VTSS_2026-03-04 02:20,6.95104,100.39303,2026-03-04T04:06:15Z,1.2,TST618,AT76,VTBD,VTSS,181,182,-330,2
TST618_VTBD_VTSS_2026-03-04 02:20,6.93854,100.39266,2026-03-04T04:06:30Z,0.3,TST618,AT76,VTBD,VTSS,180,182,-329,2
TST625_VTSS_VTBD_2026-03-04 02:42,6.9333,100.3925,2026-03-04T02:42:00Z,0.0,TST625,AT76,VTSS,VTBD,200,2,0,0
TST625_VTSS_VTBD_2026-03-04 02:42,6.94746,100.39293,2026-03-04T02:42:15Z,0.9,TST625,AT76,VTSS,VTBD,200,0,373,1
TST625_VTSS_VTBD_2026-03-04 02:42,6.96163,100.39335,2026-03-04T02:42:30Z,1.9,TST625,AT76,VTSS,VTBD,201,0,373,1
TST625_VTSS_VTBD_2026-03-04 02:42,6.97581,100.39378,2026-03-04T02:42:45Z,2.8,TST625,AT76,VTSS,VTBD,201,0,373,1
TST625_VTSS_VTBD_2026-03-04 02:42,6.99,100.39421,2026-03-04T02:43:00Z,3.7,TST625,AT76,VTSS,VTBD,201,0,374,1
TST625_VTSS_VTBD_2026-03-04 02:42,7.00421,100.39463,2026-03-04T02:43:15Z,4.7,TST625,AT76,VTSS,VTBD,202,0,374,1
TST625_VTSS_VTBD_2026-03-04 02:42,7.01843,100.39506,2026-03-04T02:43:30Z,5.6,TST625,AT76,VTSS,VTBD,202,0,374,1
TST625_VTSS_VTBD_2026-03-04 02:42,7.03267,100.39549,2026-03-04T02:43:45Z,6.5,TST625,AT76,VTSS,VTBD,203,0,375,1
TST625_VTSS_VTBD_2026-03-04 02:42,7.04691,100.39592,2026-03-04T02:44:00Z,7.5,TST625,AT76,VTSS,VTBD,203,0,375,1
TST625_VTSS_VTBD_2026-03-04 02:42,7.06117,100.39635,2026-03-04T02:44:15Z,8.4,TST625,AT76,VTSS,VTBD,203,0,375,1
TST625_VTSS_VTBD_2026-03-04 02:42,7.07544,100.39678,2026-03-04T02:44:30Z,9.4,TST625,AT76,VTSS,VTBD,204,0,376,1
TST625_VTSS_VTBD_2026-03-04 02:42,7.08973,100.39721,2026-03-04T02:44:45Z,10.3,TST625,AT76,VTSS,VTBD,204,0,376,1
TST625_VTSS_VTBD_2026-03-04 02:42,7.10402,100.39764,2026-03-04T02:45:00Z,11.3,TST625,AT76,VTSS,VTBD,204,0,376,1
TST625_VTSS_VTBD_2026-03-04 02:42,7.11833,100.39807,2026-03-04T02:45:15Z,12.2,TST625,AT76,VTSS,VTBD,205,0,377,1
TST625_VTSS_VTBD_2026-03-04 02:42,7.13266,100.3985,2026-03-04T02:45:30Z,13.1,TST625,AT76,VTSS,VTBD,205,0,377,1
TST625_VTSS_VTBD_2026-03-04 02:42,7.14699,100.39893,2026-03-04T02:45:45Z,14.1,TST625,AT76,VTSS,VTBD,206,0,377,1
TST625_VTSS_VTBD_2026-03-04 02:42,7.16134,100.39937,2026-03-04T02:46:00Z,15.0,TST625,AT76,VTSS,VTBD,206,0,378,1
TST625_VTSS_VTBD_2026-03-04 02:42,7.1757,100.3998,2026-03-04T02:46:15Z,16.0,TST625,AT76,VTSS,VTBD,206,0,378,1
TST625_VTSS_VTBD_2026-03-04 02:42,7.19007,100.40023,2026-03-04T02:46:30Z,16.9,TST625,AT76,VTSS,VTBD,207,0,378,1
TST625_VTSS_VTBD_2026-03-04 02:42,7.20446,100.40067,2026-03-04T02:46:45Z,17.9,TST625,AT76,VTSS,VTBD,207,0,379,1
TST625_VTSS_VTBD_2026-03-04 02:42,7.21886,100.4011,2026-03-04T02:47:00Z,18.8,TST625,AT76,VTSS,VTBD,207,0,379,1
TST625_VTSS_VTBD_2026-03-04 02:42,7.23327,100.40153,2026-03-04T02:47:15Z,19.8,TST625,AT76,VTSS,VTBD,208,0,379,1
TST625_VTSS_VTBD_2026-03-04 02:42,7.2477,100.40197,2026-03-04T02:47:30Z,20.7,TST625,AT76,VTSS,VTBD,208,0,380,1
TST625_VTSS_VTBD_2026-03-04 02:42,7.26237,100.40241,2026-03-04T02:47:45Z,21.7,TST625,AT76,VTSS,VTBD,208,2,386,1
TST625_VTSS_VTBD_2026-03-04 02:42,7.2771,100.40286,2026-03-04T02:48:00Z,22.7,TST625,AT76,VTSS,VTBD,209,2,388,1
TST625_VTSS_VTBD_2026-03-04 02:42,7.29185,100.4033,2026-03-04T02:48:15Z,23.6,TST625,AT76,VTSS,VTBD,209,2,388,1
TST625_VTSS_VTBD_2026-03-04 02:42,7.30661,100.40375,2026-03-04T02:48:30Z,24.6,TST625,AT76,VTSS,VTBD,210,2,389,1
TST625_VTSS_VTBD_2026-03-04 02:42,7.32139,100.40419,2026-03-04T02:48:45Z,25.6,TST625,AT76,VTSS,VTBD,210,2,389,1
TST625_VTSS_VTBD_2026-03-04 02:42,7.33618,100.40464,2026-03-04T02:49:00Z,26.6,TST625,AT76,VTSS,VTBD,210,2,389,1
TST625_VTSS_VTBD_2026-03-04 02:42,7.35098,100.40508,2026-03-04T02:49:15Z,27.5,TST625,AT76,VTSS,VTBD,211,2,390,1
TST625_VTSS_VTBD_2026-03-04 02:42,7.36579,100.40553,2026-03-04T02:49:30Z,28.5,TST625,AT76,VTSS,VTBD,211,2,390,1
TST625_VTSS_VTBD_2026-03-04 02:42,7.38062,100.40598,2026-03-04T02:49:45Z,29.5,TST625,AT76,VTSS,VTBD,212,2,390,1
TST625_VTSS_VTBD_2026-03-04 02:42,7.39546,100.40642,2026-03-04T02:50:00Z,30.5,TST625,AT76,VTSS,VTBD,212,2,391,1
TST625_VTSS_VTBD_2026-03-04 02:42,7.41031,100.40687,2026-03-04T02:50:15Z,31.4,TST625,AT76,VTSS,VTBD,212,2,391,1
TST625_VTSS_VTBD_2026-03-04 02:42,7.42518,100.40732,2026-03-04T02:50:30Z,32.4,TST625,AT76,VTSS,VTBD,213,2,391,1
TST625_VTSS_VTBD_2026-03-04 02:42,7.44006,100.40777,2026-03-04T02:50:45Z,33.4,TST625,AT76,VTSS,VTBD,213,2,392,1
TST625_VTSS_VTBD_2026-03-04 02:42,7.45496,100.40822,2026-03-04T02:51:00Z,34.4,TST625,AT76,VTSS,VTBD,213,2,392,1
TST625_VTSS_VTBD_2026-03-04 02:42,7.46986,100.40867,2026-03-04T02:51:15Z,35.4,TST625,AT76,VTSS,VTBD,214,2,393,1
TST625_VTSS_VTBD_2026-03-04 02:42,7.48479,100.40912,2026-03-04T02:51:30Z,36.3,TST625,AT76,VTSS,VTBD,214,2,393,1
TST625_VTSS_VTBD_2026-03-04 02:42,7.49972,100.40957,2026-03-04T02:51:45Z,37.3,TST625,AT76,VTSS,VTBD,215,2,393,1
TST625_VTSS_VTBD_2026-03-04 02:42,7.51467,100.41002,2026-03-04T02:52:00Z,38.3,TST625,AT76,VTSS,VTBD,215,2,394,1
TST625_VTSS_VTBD_2026-03-04 02:42,7.52963,100.41047,2026-03-04T02:52:15Z,39.3,TST625,AT76,VTSS,VTBD,215,2,394,1
TST625_VTSS_VTBD_2026-03-04 02:42,7.5446,100.41092,2026-03-04T02:52:30Z,40.3,TST625,AT76,VTSS,VTBD,216,2,394,1
TST625_VTSS_VTBD_2026-03-04 02:42,7.55959,100.41138,2026-03-04T02:52:45Z,41.3,TST625,AT76,VTSS,VTBD,216,2,395,1
TST625_VTSS_VTBD_2026-03-04 02:42,7.57472,100.41183,2026-03-04T02:53:00Z,42.3,TST625,AT76,VTSS,VTBD,217,2,398,1
TST625_VTSS_VTBD_2026-03-04 02:42,7.59002,100.41229,2026-03-04T02:53:15Z,43.3,TST625,AT76,VTSS,VTBD,217,2,403,1
TST625_VTSS_VTBD_2026-03-04 02:42,7.60533,100.41276,2026-03-04T02:53:30Z,44.3,TST625,AT76,VTSS,VTBD,217,2,403,1
TST625_VTSS_VTBD_2026-03-04 02:42,7.62066,100.41322,2026-03-04T02:53:45Z,45.3,TST625,AT76,VTSS,VTBD,218,2,404,1
TST625_VTSS_VTBD_2026-03-04 02:42,7.636,100.41368,2026-03-04T02:54:00Z,46.3,TST625,AT76,VTSS,VTBD,218,2,404,1
TST625_VTSS_VTBD_2026-03-04 02:42,7.65135,100.41415,2026-03-04T02:54:15Z,47.3,TST625,AT76,VTSS,VTBD,219,2,404,1
TST625_VTSS_VTBD_2026-03-04 02:42,7.66672,100.41461,2026-03-04T02:54:30Z,48.3,TST625,AT76,VTSS,VTBD,219,2,405,1
TST625_VTSS_VTBD_2026-03-04 02:42,7.6821,100.41507,2026-03-04T02:54:45Z,49.4,TST625,AT76,VTSS,VTBD,219,2,405,1
TST625_VTSS_VTBD_2026-03-04 02:42,7.69749,100.41554,2026-03-04T02:55:00Z,50.4,TST625,AT76,VTSS,VTBD,220,2,405,1
TST625_VTSS_VTBD_2026-03-04 02:42,7.7129,100.416,2026-03-04T02:55:15Z,51.4,TST625,AT76,VTSS,VTBD,220,2,406,1
TST625_VTSS_VTBD_2026-03-04 02:42,7.72832,100.41647,2026-03-04T02:55:30Z,52.4,TST625,AT76,VTSS,VTBD,221,2,406,1
TST625_VTSS_VTBD_2026-03-04 02:42,7.74376,100.41694,2026-03-04T02:55:45Z,53.4,TST625,AT76,VTSS,VTBD,221,2,406,1
TST625_VTSS_VTBD_2026-03-04 02:42,7.75921,100.4174,2026-03-04T02:56:00Z,54.4,TST625,AT76,VTSS,VTBD,221,2,407,1
TST625_VTSS_VTBD_2026-03-04 02:42,7.77467,100.41787,2026-03-04T02:56:15Z,55.5,TST625,AT76,VTSS,VTBD,222,2,407,1
TST625_VTSS_VTBD_2026-03-04 02:42,7.79015,100.41834,2026-03-04T02:56:30Z,56.5,TST625,AT76,VTSS,VTBD,222,2,408,1
TST625_VTSS_VTBD_2026-03-04 02:42,7.80564,100.41881,2026-03-04T02:56:45Z,57.5,TST625,AT76,VTSS,VTBD,222,2,408,1
TST625_VTSS_VTBD_2026-03-04 02:42,7.82114,100.41927,2026-03-04T02:57:00Z,58.5,TST625,AT76,VTSS,VTBD,223,2,408,1
TST625_VTSS_VTBD_2026-03-04 02:42,7.83666,100.41974,2026-03-04T02:57:15Z,59.5,TST625,AT76,VTSS,VTBD,223,2,409,1
TST625_VTSS_VTBD_2026-03-04 02:42,7.8522,100.42021,2026-03-04T02:57:30Z,60.6,TST625,AT76,VTSS,VTBD,224,2,409,1
TST625_VTSS_VTBD_2026-03-04 02:42,7.86774,100.42068,2026-03-04T02:57:45Z,61.6,TST625,AT76,VTSS,VTBD,224,2,409,1
TST625_VTSS_VTBD_2026-03-04 02:42,7.8833,100.42115,2026-03-04T02:58:00Z,62.6,TST625,AT76,VTSS,VTBD,225,2,410,1
TST625_VTSS_VTBD_2026-03-04 02:42,7.89913,100.42163,2026-03-04T02:58:15Z,63.7,TST625,AT76,VTSS,VTBD,225,2,417,1
TST625_VTSS_VTBD_2026-03-04 02:42,7.915,100.42211,2026-03-04T02:58:30Z,64.7,TST625,AT76,VTSS,VTBD,225,2,418,1
TST625_VTSS_VTBD_2026-03-04 02:42,7.93089,100.42259,2026-03-04T02:58:45Z,65.7,TST625,AT76,VTSS,VTBD,226,2,418,1
TST625_VTSS_VTBD_2026-03-04 02:42,7.94679,100.42307,2026-03-04T02:59:00Z,66.8,TST625,AT76,VTSS,VTBD,226,2,419,1
TST625_VTSS_VTBD_2026-03-04 02:42,7.96271,100.42355,2026-03-04T02:59:15Z,67.8,TST625,AT76,VTSS,VTBD,227,2,419,1
TST625_VTSS_VTBD_2026-03-04 02:42,7.97863,100.42404,2026-03-04T02:59:30Z,68.9,TST625,AT76,VTSS,VTBD,227,2,419,1
TST625_VTSS_VTBD_2026-03-04 02:42,7.99458,100.42452,2026-03-04T02:59:45Z,69.9,TST625,AT76,VTSS,VTBD,227,2,420,1
TST625_VTSS_VTBD_2026-03-04 02:42,8.01054,100.425,2026-03-04T03:00:00Z,71.0,TST625,AT76,VTSS,VTBD,228,2,420,1
TST625_VTSS_VTBD_2026-03-04 02:42,8.02651,100.42548,2026-03-04T03:00:15Z,72.1,TST625,AT76,VTSS,VTBD,228,2,421,1
TST625_VTSS_VTBD_2026-03-04 02:42,8.04249,100.42597,2026-03-04T03:00:30Z,73.1,TST625,AT76,VTSS,VTBD,229,2,421,1
TST625_VTSS_VTBD_2026-03-04 02:42,8.05849,100.42645,2026-03-04T03:00:45Z,74.2,TST625,AT76,VTSS,VTBD,229,2,421,1
TST625_VTSS_VTBD_2026-03-04 02:42,8.07451,100.42694,2026-03-04T03:01:00Z,75.2,TST625,AT76,VTSS,VTBD,229,2,422,1
TST625_VTSS_VTBD_2026-03-04 02:42,8.09054,100.42742,2026-03-04T03:01:15Z,76.3,TST625,AT76,VTSS,VTBD,230,2,422,1
TST625_VTSS_VTBD_2026-03-04 02:42,8.10658,100.42791,2026-03-04T03:01:30Z,77.3,TST625,AT76,VTSS,VTBD,230,2,422,1
TST625_VTSS_VTBD_2026-03-04 02:42,8.12264,100.42839,2026-03-04T03:01:45Z,78.4,TST625,AT76,VTSS,VTBD,231,2,423,1
TST625_VTSS_VTBD_2026-03-04 02:42,8.13871,100.42888,2026-03-04T03:02:00Z,79.4,TST625,AT76,VTSS,VTBD,231,2,423,1
TST625_VTSS_VTBD_2026-03-04 02:42,8.1548,100.42937,2026-03-04T03:02:15Z,80.5,TST625,AT76,VTSS,VTBD,232,2,424,1
TST625_VTSS_VTBD_2026-03-04 02:42,8.1709,100.42985,2026-03-04T03:02:30Z,81.6,TST625,AT76,VTSS,VTBD,232,2,424,1
TST625_VTSS_VTBD_2026-03-04 02:42,8.18702,100.43034,2026-03-04T03:02:45Z,82.6,TST625,AT76,VTSS,VTBD,232,2,424,1
TST625_VTSS_VTBD_2026-03-04 02:42,8.20316,100.43083,2026-03-04T03:03:00Z,83.7,TST625,AT76,VTSS,VTBD,233,2,425,1
TST625_VTSS_VTBD_2026-03-04 02:42,8.21959,100.43133,2026-03-04T03:03:15Z,84.8,TST625,AT76,VTSS,VTBD,233,2,433,1
TST625_VTSS_VTBD_2026-03-04 02:42,8.23603,100.43183,2026-03-04T03:03:30Z,85.9,TST625,AT76,VTSS,VTBD,234,2,433,1
TST625_VTSS_VTBD_2026-03-04 02:42,8.25249,100.43232,2026-03-04T03:03:45Z,86.9,TST625,AT76,VTSS,VTBD,234,2,433,1
TST625_VTSS_VTBD_2026-03-04 02:42,8.26896,100.43282,2026-03-04T03:04:00Z,88.0,TST625,AT76,VTSS,VTBD,234,2,434,1
TST625_VTSS_VTBD_2026-03-04 02:42,8.28545,100.43332,2026-03-04T03:04:15Z,89.1,TST625,AT76,VTSS,VTBD,235,2,434,1
TST625_VTSS_VTBD_2026-03-04 02:42,8.30195,100.43382,2026-03-04T03:04:30Z,90.2,TST625,AT76,VTSS,VTBD,235,2,435,1
TST625_VTSS_VTBD_2026-03-04 02:42,8.31847,100.43432,2026-03-04T03:04:45Z,91.3,TST625,AT76,VTSS,VTBD,236,2,435,1
TST625_VTSS_VTBD_2026-03-04 02:42,8.335,100.43482,2026-03-04T03:05:00Z,92.4,TST625,AT76,VTSS,VTBD,236,2,435,1
TST625_VTSS_VTBD_2026-03-04 02:42,8.35154,100.43532,2026-03-04T03:05:15Z,93.5,TST625,AT76,VTSS,VTBD,237,2,436,1
TST625_VTSS_VTBD_2026-03-04 02:42,8.3681,100.43583,2026-03-04T03:05:30Z,94.6,TST625,AT76,VTSS,VTBD,237,2,436,1
TST625_VTSS_VTBD_2026-03-04 02:42,8.38468,100.43633,2026-03-04T03:05:45Z,95.7,TST625,AT76,VTSS,VTBD,237,2,436,1
TST625_VTSS_VTBD_2026-03-04 02:42,8.40127,100.43683,2026-03-04T03:06:00Z,96.8,TST625,AT76,VTSS,VTBD,238,2,437,1
TST625_VTSS_VTBD_2026-03-04 02:42,8.41788,100.43733,2026-03-04T03:06:15Z,97.8,TST625,AT76,VTSS,VTBD,238,2,437,1
TST625_VTSS_VTBD_2026-03-04 02:42,8.4345,100.43784,2026-03-04T03:06:30Z,98.9,TST625,AT76,VTSS,VTBD,239,2,438,1
TST625_VTSS_VTBD_2026-03-04 02:42,8.45113,100.43834,2026-03-04T03:06:45Z,100.0,TST625,AT76,VTSS,VTBD,239,2,438,1
TST625_VTSS_VTBD_2026-03-04 02:42,8.46778,100.43885,2026-03-04T03:07:00Z,101.1,TST625,AT76,VTSS,VTBD,240,2,438,1
TST625_VTSS_VTBD_2026-03-04 02:42,8.48444,100.43935,2026-03-04T03:07:15Z,102.2,TST625,AT76,VTSS,VTBD,240,2,439,1
TST625_VTSS_VTBD_2026-03-04 02:42,8.50112,100.43986,2026-03-04T03:07:30Z,103.3,TST625,AT76,VTSS,VTBD,240,2,439,1
TST625_VTSS_VTBD_2026-03-04 02:42,8.51782,100.44036,2026-03-04T03:07:45Z,104.4,TST625,AT76,VTSS,VTBD,241,2,440,1
TST625_VTSS_VTBD_2026-03-04 02:42,8.53478,100.44088,2026-03-04T03:08:00Z,105.6,TST625,AT76,VTSS,VTBD,241,2,447,1
TST625_VTSS_VTBD_2026-03-04 02:42,8.55179,100.44139,2026-03-04T03:08:15Z,106.7,TST625,AT76,VTSS,VTBD,242,2,448,1
TST625_VTSS_VTBD_2026-03-04 02:42,8.56882,100.44191,2026-03-04T03:08:30Z,107.8,TST625,AT76,VTSS,VTBD,242,2,448,1
TST625_VTSS_VTBD_2026-03-04 02:42,8.58586,100.44243,2026-03-04T03:08:45Z,108.9,TST625,AT76,VTSS,VTBD,243,2,449,1
TST625_VTSS_VTBD_2026-03-04 02:42,8.60291,100.44294,2026-03-04T03:09:00Z,110.0,TST625,AT76,VTSS,VTBD,243,2,449,1
TST625_VTSS_VTBD_2026-03-04 02:42,8.61998,100.44346,2026-03-04T03:09:15Z,111.2,TST625,AT76,VTSS,VTBD,244,2,450,1
TST625_VTSS_VTBD_2026-03-04 02:42,8.63706,100.44398,2026-03-04T03:09:30Z,112.3,TST625,AT76,VTSS,VTBD,244,2,450,1
TST625_VTSS_VTBD_2026-03-04 02:42,8.65416,100.4445,2026-03-04T03:09:45Z,113.4,TST625,AT76,VTSS,VTBD,244,2,450,1
TST625_VTSS_VTBD_2026-03-04 02:42,8.67128,100.44502,2026-03-04T03:10:00Z,114.5,TST625,AT76,VTSS,VTBD,245,2,451,1
TST625_VTSS_VTBD_2026-03-04 02:42,8.68841,100.44554,2026-03-04T03:10:15Z,115.7,TST625,AT76,VTSS,VTBD,245,2,451,1
TST625_VTSS_VTBD_2026-03-04 02:42,8.70556,100.44606,2026-03-04T03:10:30Z,116.8,TST625,AT76,VTSS,VTBD,246,2,452,1
TST625_VTSS_VTBD_2026-03-04 02:42,8.72272,100.44658,2026-03-04T03:10:45Z,117.9,TST625,AT76,VTSS,VTBD,246,2,452,1
TST625_VTSS_VTBD_2026-03-04 02:42,8.73989,100.4471,2026-03-04T03:11:00Z,119.1,TST625,AT76,VTSS,VTBD,247,2,452,1
TST625_VTSS_VTBD_2026-03-04 02:42,8.75709,100.44762,2026-03-04T03:11:15Z,120.2,TST625,AT76,VTSS,VTBD,247,2,453,1
TST625_VTSS_VTBD_2026-03-04 02:42,8.77429,100.44815,2026-03-04T03:11:30Z,121.3,TST625,AT76,VTSS,VTBD,247,2,453,1
TST625_VTSS_VTBD_2026-03-04 02:42,8.79152,100.44867,2026-03-04T03:11:45Z,122.5,TST625,AT76,VTSS,VTBD,248,2,454,1
TST625_VTSS_VTBD_2026-03-04 02:42,8.80875,100.44919,2026-03-04T03:12:00Z,123.6,TST625,AT76,VTSS,VTBD,248,2,454,1
TST625_VTSS_VTBD_2026-03-04 02:42,8.82601,100.44972,2026-03-04T03:12:15Z,124.7,TST625,AT76,VTSS,VTBD,249,2,454,1
TST625_VTSS_VTBD_2026-03-04 02:42,8.84339,100.45025,2026-03-04T03:12:30Z,125.9,TST625,AT76,VTSS,VTBD,249,2,458,1
TST625_VTSS_VTBD_2026-03-04 02:42,8.86095,100.45078,2026-03-04T03:12:45Z,127.0,TST625,AT76,VTSS,VTBD,250,2,463,1
TST625_VTSS_VTBD_2026-03-04 02:42,8.87854,100.45131,2026-03-04T03:13:00Z,128.2,TST625,AT76,VTSS,VTBD,250,2,463,1
TST625_VTSS_VTBD_2026-03-04 02:42,8.89614,100.45185,2026-03-04T03:13:15Z,129.4,TST625,AT76,VTSS,VTBD,251,2,463,1
TST625_VTSS_VTBD_2026-03-04 02:42,8.91375,100.45238,2026-03-04T03:13:30Z,130.5,TST625,AT76,VTSS,VTBD,251,2,464,1
TST625_VTSS_VTBD_2026-03-04 02:42,8.93138,100.45292,2026-03-04T03:13:45Z,131.7,TST625,AT76,VTSS,VTBD,252,2,464,1
TST625_VTSS_VTBD_2026-03-04 02:42,8.94903,100.45346,2026-03-04T03:14:00Z,132.9,TST625,AT76,VTSS,VTBD,252,2,465,1
TST625_VTSS_VTBD_2026-03-04 02:42,8.96669,100.45399,2026-03-04T03:14:15Z,134.0,TST625,AT76,VTSS,VTBD,252,2,465,1
TST625_VTSS_VTBD_2026-03-04 02:42,8.98437,100.45453,2026-03-04T03:14:30Z,135.2,TST625,AT76,VTSS,VTBD,253,2,466,1
TST625_VTSS_VTBD_2026-03-04 02:42,9.00207,100.45507,2026-03-04T03:14:45Z,136.3,TST625,AT76,VTSS,VTBD,253,2,466,1
TST625_VTSS_VTBD_2026-03-04 02:42,9.01978,100.45561,2026-03-04T03:15:00Z,137.5,TST625,AT76,VTSS,VTBD,254,2,466,1
TST625_VTSS_VTBD_2026-03-04 02:42,9.0375,100.45615,2026-03-04T03:15:15Z,138.7,TST625,AT76,VTSS,VTBD,254,2,467,1
TST625_VTSS_VTBD_2026-03-04 02:42,9.05524,100.45668,2026-03-04T03:15:30Z,139.9,TST625,AT76,VTSS,VTBD,255,2,467,1
TST625_VTSS_VTBD_2026-03-04 02:42,9.073,100.45722,2026-03-04T03:15:45Z,141.0,TST625,AT76,VTSS,VTBD,255,2,468,1
TST625_VTSS_VTBD_2026-03-04 02:42,9.09078,100.45777,2026-03-04T03:16:00Z,142.2,TST625,AT76,VTSS,VTBD,256,2,468,1
TST625_VTSS_VTBD_2026-03-04 02:42,9.10857,100.45831,2026-03-04T03:16:15Z,143.4,TST625,AT76,VTSS,VTBD,256,2,468,1
TST625_VTSS_VTBD_2026-03-04 02:42,9.12637,100.45885,2026-03-04T03:16:30Z,144.5,TST625,AT76,VTSS,VTBD,257,2,469,1
TST625_VTSS_VTBD_2026-03-04 02:42,9.14419,100.45939,2026-03-04T03:16:45Z,145.7,TST625,AT76,VTSS,VTBD,257,2,469,1
TST625_VTSS_VTBD_2026-03-04 02:42,9.16216,100.45994,2026-03-04T03:17:00Z,146.9,TST625,AT76,VTSS,VTBD,257,2,473,1
TST625_VTSS_VTBD_2026-03-04 02:42,9.1803,100.46049,2026-03-04T03:17:15Z,148.1,TST625,AT76,VTSS,VTBD,258,2,478,1
TST625_VTSS_VTBD_2026-03-04 02:42,9.19845,100.46104,2026-03-04T03:17:30Z,149.3,TST625,AT76,VTSS,VTBD,258,2,478,1
TST625_VTSS_VTBD_2026-03-04 02:42,9.21662,100.46159,2026-03-04T03:17:45Z,150.5,TST625,AT76,VTSS,VTBD,259,2,479,1
TST625_VTSS_VTBD_2026-03-04 02:42,9.2348,100.46215,2026-03-04T03:18:00Z,151.7,TST625,AT76,VTSS,VTBD,259,2,479,1
TST625_VTSS_VTBD_2026-03-04 02:42,9.25301,100.4627,2026-03-04T03:18:15Z,152.9,TST625,AT76,VTSS,VTBD,260,2,479,1
TST625_VTSS_VTBD_2026-03-04 02:42,9.27122,100.46326,2026-03-04T03:18:30Z,154.1,TST625,AT76,VTSS,VTBD,260,2,480,1
TST625_VTSS_VTBD_2026-03-04 02:42,9.28946,100.46381,2026-03-04T03:18:45Z,155.3,TST625,AT76,VTSS,VTBD,261,2,480,1
TST625_VTSS_VTBD_2026-03-04 02:42,9.30771,100.46437,2026-03-04T03:19:00Z,156.5,TST625,AT76,VTSS,VTBD,261,2,481,1
TST625_VTSS_VTBD_2026-03-04 02:42,9.32598,100.46492,2026-03-04T03:19:15Z,157.7,TST625,AT76,VTSS,VTBD,262,2,481,1
TST625_VTSS_VTBD_2026-03-04 02:42,9.34426,100.46548,2026-03-04T03:19:30Z,158.9,TST625,AT76,VTSS,VTBD,262,2,482,1
TST625_VTSS_VTBD_2026-03-04 02:42,9.36256,100.46604,2026-03-04T03:19:45Z,160.1,TST625,AT76,VTSS,VTBD,263,2,482,1
TST625_VTSS_VTBD_2026-03-04 02:42,9.38088,100.4666,2026-03-04T03:20:00Z,161.3,TST625,AT76,VTSS,VTBD,263,2,482,1
TST625_VTSS_VTBD_2026-03-04 02:42,9.39921,100.46716,2026-03-04T03:20:15Z,162.5,TST625,AT76,VTSS,VTBD,264,2,483,1
TST625_VTSS_VTBD_2026-03-04 02:42,9.41756,100.46772,2026-03-04T03:20:30Z,163.7,TST625,AT76,VTSS,VTBD,264,2,483,1
TST625_VTSS_VTBD_2026-03-04 02:42,9.43593,100.46827,2026-03-04T03:20:45Z,164.9,TST625,AT76,VTSS,VTBD,265,2,484,1
TST625_VTSS_VTBD_2026-03-04 02:42,9.45431,100.46884,2026-03-04T03:21:00Z,166.2,TST625,AT76,VTSS,VTBD,265,2,484,1
TST625_VTSS_VTBD_2026-03-04 02:42,9.47273,100.4694,2026-03-04T03:21:15Z,167.4,TST625,AT76,VTSS,VTBD,265,2,485,1
TST625_VTSS_VTBD_2026-03-04 02:42,9.49143,100.46997,2026-03-04T03:21:30Z,168.6,TST625,AT76,VTSS,VTBD,266,2,492,1
TST625_VTSS_VTBD_2026-03-04 02:42,9.51014,100.47054,2026-03-04T03:21:45Z,169.8,TST625,AT76,VTSS,VTBD,266,2,493,1
TST625_VTSS_VTBD_2026-03-04 02:42,9.52887,100.47111,2026-03-04T03:22:00Z,171.1,TST625,AT76,VTSS,VTBD,267,2,493,1
TST625_VTSS_VTBD_2026-03-04 02:42,9.54762,100.47168,2026-03-04T03:22:15Z,172.3,TST625,AT76,VTSS,VTBD,267,2,494,1
TST625_VTSS_VTBD_2026-03-04 02:42,9.56639,100.47225,2026-03-04T03:22:30Z,173.5,TST625,AT76,VTSS,VTBD,268,2,494,1
TST625_VTSS_VTBD_2026-03-04 02:42,9.58517,100.47283,2026-03-04T03:22:45Z,174.8,TST625,AT76,VTSS,VTBD,268,2,495,1
TST625_VTSS_VTBD_2026-03-04 02:42,9.60397,100.4734,2026-03-04T03:23:00Z,176.0,TST625,AT76,VTSS,VTBD,269,2,495,1
TST625_VTSS_VTBD_2026-03-04 02:42,9.62279,100.47397,2026-03-04T03:23:15Z,177.3,TST625,AT76,VTSS,VTBD,269,2,496,1
TST625_VTSS_VTBD_2026-03-04 02:42,9.64162,100.47455,2026-03-04T03:23:30Z,178.5,TST625,AT76,VTSS,VTBD,270,2,496,1
TST625_VTSS_VTBD_2026-03-04 02:42,9.66047,100.47512,2026-03-04T03:23:45Z,179.7,TST625,AT76,VTSS,VTBD,270,2,496,1
TST625_VTSS_VTBD_2026-03-04 02:42,9.67934,100.4757,2026-03-04T03:24:00Z,181.0,TST625,AT76,VTSS,VTBD,271,2,497,1
TST625_VTSS_VTBD_2026-03-04 02:42,9.69822,100.47628,2026-03-04T03:24:15Z,182.2,TST625,AT76,VTSS,VTBD,271,2,497,1
TST625_VTSS_VTBD_2026-03-04 02:42,9.71712,100.47685,2026-03-04T03:24:30Z,183.5,TST625,AT76,VTSS,VTBD,272,2,498,1
TST625_VTSS_VTBD_2026-03-04 02:42,9.73604,100.47743,2026-03-04T03:24:45Z,184.7,TST625,AT76,VTSS,VTBD,272,2,498,1
TST625_VTSS_VTBD_2026-03-04 02:42,9.75497,100.47801,2026-03-04T03:25:00Z,186.0,TST625,AT76,VTSS,VTBD,273,2,499,1
TST625_VTSS_VTBD_2026-03-04 02:42,9.77392,100.47859,2026-03-04T03:25:15Z,187.2,TST625,AT76,VTSS,VTBD,273,2,499,1
TST625_VTSS_VTBD_2026-03-04 02:42,9.79296,100.47917,2026-03-04T03:25:30Z,188.5,TST625,AT76,VTSS,VTBD,274,2,501,1
TST625_VTSS_VTBD_2026-03-04 02:42,9.81223,100.47976,2026-03-04T03:25:45Z,189.7,TST625,AT76,VTSS,VTBD,274,2,507,1
TST625_VTSS_VTBD_2026-03-04 02:42,9.83151,100.48035,2026-03-04T03:26:00Z,191.0,TST625,AT76,VTSS,VTBD,275,2,508,1
TST625_VTSS_VTBD_2026-03-04 02:42,9.85082,100.48094,2026-03-04T03:26:15Z,192.3,TST625,AT76,VTSS,VTBD,275,2,508,1
TST625_VTSS_VTBD_2026-03-04 02:42,9.87014,100.48153,2026-03-04T03:26:30Z,193.6,TST625,AT76,VTSS,VTBD,276,2,509,1
TST625_VTSS_VTBD_2026-03-04 02:42,9.88948,100.48212,2026-03-04T03:26:45Z,194.8,TST625,AT76,VTSS,VTBD,276,2,509,1
TST625_VTSS_VTBD_2026-03-04 02:42,9.90883,100.48271,2026-03-04T03:27:00Z,196.1,TST625,AT76,VTSS,VTBD,277,2,510,1
TST625_VTSS_VTBD_2026-03-04 02:42,9.9282,100.4833,2026-03-04T03:27:15Z,197.4,TST625,AT76,VTSS,VTBD,277,2,510,1
TST625_VTSS_VTBD_2026-03-04 02:42,9.94759,100.48389,2026-03-04T03:27:30Z,198.7,TST625,AT76,VTSS,VTBD,278,2,511,1
TST625_VTSS_VTBD_2026-03-04 02:42,9.967,100.48449,2026-03-04T03:27:45Z,199.9,TST625,AT76,VTSS,VTBD,278,2,511,1
TST625_VTSS_VTBD_2026-03-04 02:42,9.98643,100.48508,2026-03-04T03:28:00Z,201.2,TST625,AT76,VTSS,VTBD,279,2,512,1
TST625_VTSS_VTBD_2026-03-04 02:42,10.00587,100.48568,2026-03-04T03:28:15Z,202.5,TST625,AT76,VTSS,VTBD,279,2,512,1
TST625_VTSS_VTBD_2026-03-04 02:42,10.02533,100.48627,2026-03-04T03:28:30Z,203.8,TST625,AT76,VTSS,VTBD,280,2,513,1
TST625_VTSS_VTBD_2026-03-04 02:42,10.0448,100.48687,2026-03-04T03:28:45Z,205.1,TST625,AT76,VTSS,VTBD,280,2,513,1
TST625_VTSS_VTBD_2026-03-04 02:42,10.0643,100.48746,2026-03-04T03:29:00Z,206.4,TST625,AT76,VTSS,VTBD,281,2,513,1
TST625_VTSS_VTBD_2026-03-04 02:42,10.08381,100.48806,2026-03-04T03:29:15Z,207.6,TST625,AT76,VTSS,VTBD,281,2,514,1
TST625_VTSS_VTBD_2026-03-04 02:42,10.10334,100.48866,2026-03-04T03:29:30Z,208.9,TST625,AT76,VTSS,VTBD,282,2,514,1
TST625_VTSS_VTBD_2026-03-04 02:42,10.12314,100.48926,2026-03-04T03:29:45Z,210.2,TST625,AT76,VTSS,VTBD,282,2,521,1
TST625_VTSS_VTBD_2026-03-04 02:42,10.14298,100.48987,2026-03-04T03:30:00Z,211.5,TST625,AT76,VTSS,VTBD,283,2,523,1
TST625_VTSS_VTBD_2026-03-04 02:42,10.16285,100.49048,2026-03-04T03:30:15Z,212.9,TST625,AT76,VTSS,VTBD,283,2,523,1
TST625_VTSS_VTBD_2026-03-04 02:42,10.18273,100.49109,2026-03-04T03:30:30Z,214.2,TST625,AT76,VTSS,VTBD,284,2,524,1
TST625_VTSS_VTBD_2026-03-04 02:42,10.20263,100.4917,2026-03-04T03:30:45Z,215.5,TST625,AT76,VTSS,VTBD,284,2,524,1
TST625_VTSS_VTBD_2026-03-04 02:42,10.22255,100.49231,2026-03-04T03:31:00Z,216.8,TST625,AT76,VTSS,VTBD,285,2,525,1
TST625_VTSS_VTBD_2026-03-04 02:42,10.24249,100.49292,2026-03-04T03:31:15Z,218.1,TST625,AT76,VTSS,VTBD,285,2,525,1
TST625_VTSS_VTBD_2026-03-04 02:42,10.26244,100.49353,2026-03-04T03:31:30Z,219.4,TST625,AT76,VTSS,VTBD,286,2,526,1
TST625_VTSS_VTBD_2026-03-04 02:42,10.28242,100.49414,2026-03-04T03:31:45Z,220.7,TST625,AT76,VTSS,VTBD,286,2,526,1
TST625_VTSS_VTBD_2026-03-04 02:42,10.30241,100.49475,2026-03-04T03:32:00Z,222.1,TST625,AT76,VTSS,VTBD,287,2,527,1
TST625_VTSS_VTBD_2026-03-04 02:42,10.32242,100.49537,2026-03-04T03:32:15Z,223.4,TST625,AT76,VTSS,VTBD,287,2,527,1
TST625_VTSS_VTBD_2026-03-04 02:42,10.34244,100.49598,2026-03-04T03:32:30Z,224.7,TST625,AT76,VTSS,VTBD,288,2,527,1
TST625_VTSS_VTBD_2026-03-04 02:42,10.36249,100.49659,2026-03-04T03:32:45Z,226.0,TST625,AT76,VTSS,VTBD,288,2,528,1
TST625_VTSS_VTBD_2026-03-04 02:42,10.38255,100.49721,2026-03-04T03:33:00Z,227.3,TST625,AT76,VTSS,VTBD,289,2,528,1
TST625_VTSS_VTBD_2026-03-04 02:42,10.40263,100.49782,2026-03-04T03:33:15Z,228.7,TST625,AT76,VTSS,VTBD,289,2,529,1
TST625_VTSS_VTBD_2026-03-04 02:42,10.42273,100.49844,2026-03-04T03:33:30Z,230.0,TST625,AT76,VTSS,VTBD,290,2,529,1
TST625_VTSS_VTBD_2026-03-04 02:42,10.4425,100.49905,2026-03-04T03:33:45Z,228.7,TST625,AT76,VTSS,VTBD,289,2,-508,2
TST625_VTSS_VTBD_2026-03-04 02:42,10.46225,100.49965,2026-03-04T03:34:00Z,227.4,TST625,AT76,VTSS,VTBD,289,2,-520,2
TST625_VTSS_VTBD_2026-03-04 02:42,10.48197,100.50026,2026-03-04T03:34:15Z,226.1,TST625,AT76,VTSS,VTBD,288,2,-520,2
TST625_VTSS_VTBD_2026-03-04 02:42,10.50168,100.50086,2026-03-04T03:34:30Z,224.8,TST625,AT76,VTSS,VTBD,288,2,-519,2
TST625_VTSS_VTBD_2026-03-04 02:42,10.52136,100.50147,2026-03-04T03:34:45Z,223.5,TST625,AT76,VTSS,VTBD,287,2,-518,2
TST625_VTSS_VTBD_2026-03-04 02:42,10.54102,100.50207,2026-03-04T03:35:00Z,222.2,TST625,AT76,VTSS,VTBD,286,2,-518,2
TST625_VTSS_VTBD_2026-03-04 02:42,10.56066,100.50267,2026-03-04T03:35:15Z,220.9,TST625,AT76,VTSS,VTBD,286,2,-517,2
TST625_VTSS_VTBD_2026-03-04 02:42,10.58028,100.50327,2026-03-04T03:35:30Z,219.6,TST625,AT76,VTSS,VTBD,285,2,-517,2
TST625_VTSS_VTBD_2026-03-04 02:42,10.59988,100.50388,2026-03-04T03:35:45Z,218.3,TST625,AT76,VTSS,VTBD,284,2,-516,2
TST625_VTSS_VTBD_2026-03-04 02:42,10.61946,100.50448,2026-03-04T03:36:00Z,217.0,TST625,AT76,VTSS,VTBD,284,2,-516,2
TST625_VTSS_VTBD_2026-03-04 02:42,10.63901,100.50508,2026-03-04T03:36:15Z,215.8,TST625,AT76,VTSS,VTBD,283,2,-515,2
TST625_VTSS_VTBD_2026-03-04 02:42,10.65854,100.50568,2026-03-04T03:36:30Z,214.5,TST625,AT76,VTSS,VTBD,283,2,-514,2
TST625_VTSS_VTBD_2026-03-04 02:42,10.67806,100.50628,2026-03-04T03:36:45Z,213.2,TST625,AT76,VTSS,VTBD,282,2,-514,2
TST625_VTSS_VTBD_2026-03-04 02:42,10.69755,100.50688,2026-03-04T03:37:00Z,211.9,TST625,AT76,VTSS,VTBD,281,2,-513,2
TST625_VTSS_VTBD_2026-03-04 02:42,10.71702,100.50747,2026-03-04T03:37:15Z,210.6,TST625,AT76,VTSS,VTBD,281,2,-513,2
TST625_VTSS_VTBD_2026-03-04 02:42,10.73646,100.50807,2026-03-04T03:37:30Z,209.3,TST625,AT76,VTSS,VTBD,280,2,-512,2
TST625_VTSS_VTBD_2026-03-04 02:42,10.75561,100.50866,2026-03-04T03:37:45Z,208.1,TST625,AT76,VTSS,VTBD,280,2,-504,2
TST625_VTSS_VTBD_2026-03-04 02:42,10.77467,100.50924,2026-03-04T03:38:00Z,206.8,TST625,AT76,VTSS,VTBD,279,2,-502,2
TST625_VTSS_VTBD_2026-03-04 02:42,10.7937,100.50983,2026-03-04T03:38:15Z,205.6,TST625,AT76,VTSS,VTBD,278,2,-501,2
TST625_VTSS_VTBD_2026-03-04 02:42,10.81272,100.51041,2026-03-04T03:38:30Z,204.3,TST625,AT76,VTSS,VTBD,278,2,-501,2
TST625_VTSS_VTBD_2026-03-04 02:42,10.83172,100.511,2026-03-04T03:38:45Z,203.1,TST625,AT76,VTSS,VTBD,277,2,-500,2
TST625_VTSS_VTBD_2026-03-04 02:42,10.85069,100.51158,2026-03-04T03:39:00Z,201.8,TST625,AT76,VTSS,VTBD,277,2,-500,2
TST625_VTSS_VTBD_2026-03-04 02:42,10.86965,100.51216,2026-03-04T03:39:15Z,200.6,TST625,AT76,VTSS,VTBD,276,2,-499,2
TST625_VTSS_VTBD_2026-03-04 02:42,10.88858,100.51275,2026-03-04T03:39:30Z,199.3,TST625,AT76,VTSS,VTBD,275,2,-499,2
TST625_VTSS_VTBD_2026-03-04 02:42,10.9075,100.51333,2026-03-04T03:39:45Z,198.1,TST625,AT76,VTSS,VTBD,275,2,-498,2
TST625_VTSS_VTBD_2026-03-04 02:42,10.92639,100.51391,2026-03-04T03:40:00Z,196.8,TST625,AT76,VTSS,VTBD,274,2,-498,2
TST625_VTSS_VTBD_2026-03-04 02:42,10.94526,100.51449,2026-03-04T03:40:15Z,195.6,TST625,AT76,VTSS,VTBD,274,2,-497,2
TST625_VTSS_VTBD_2026-03-04 02:42,10.96411,100.51507,2026-03-04T03:40:30Z,194.3,TST625,AT76,VTSS,VTBD,273,2,-496,2
TST625_VTSS_VTBD_2026-03-04 02:42,10.98294,100.51565,2026-03-04T03:40:45Z,193.1,TST625,AT76,VTSS,VTBD,272,2,-496,2
TST625_VTSS_VTBD_2026-03-04 02:42,11.00175,100.51623,2026-03-04T03:41:00Z,191.9,TST625,AT76,VTSS,VTBD,272,2,-495,2
TST625_VTSS_VTBD_2026-03-04 02:42,11.02054,100.51681,2026-03-04T03:41:15Z,190.6,TST625,AT76,VTSS,VTBD,271,2,-495,2
TST625_VTSS_VTBD_2026-03-04 02:42,11.03931,100.51739,2026-03-04T03:41:30Z,189.4,TST625,AT76,VTSS,VTBD,271,2,-494,2
TST625_VTSS_VTBD_2026-03-04 02:42,11.05805,100.51796,2026-03-04T03:41:45Z,188.1,TST625,AT76,VTSS,VTBD,270,2,-493,2
TST625_VTSS_VTBD_2026-03-04 02:42,11.07643,100.51853,2026-03-04T03:42:00Z,186.9,TST625,AT76,VTSS,VTBD,269,2,-484,2
TST625_VTSS_VTBD_2026-03-04 02:42,11.09479,100.51909,2026-03-04T03:42:15Z,185.7,TST625,AT76,VTSS,VTBD,269,2,-484,2
TST625_VTSS_VTBD_2026-03-04 02:42,11.11313,100.51966,2026-03-04T03:42:30Z,184.5,TST625,AT76,VTSS,VTBD,268,2,-483,2
TST625_VTSS_VTBD_2026-03-04 02:42,11.13145,100.52022,2026-03-04T03:42:45Z,183.3,TST625,AT76,VTSS,VTBD,268,2,-483,2
TST625_VTSS_VTBD_2026-03-04 02:42,11.14975,100.52079,2026-03-04T03:43:00Z,182.1,TST625,AT76,VTSS,VTBD,267,2,-482,2
TST625_VTSS_VTBD_2026-03-04 02:42,11.16804,100.52135,2026-03-04T03:43:15Z,180.9,TST625,AT76,VTSS,VTBD,267,2,-481,2
TST625_VTSS_VTBD_2026-03-04 02:42,11.1863,100.52191,2026-03-04T03:43:30Z,179.7,TST625,AT76,VTSS,VTBD,266,2,-481,2
TST625_VTSS_VTBD_2026-03-04 02:42,11.20454,100.52248,2026-03-04T03:43:45Z,178.5,TST625,AT76,VTSS,VTBD,265,2,-480,2
TST625_VTSS_VTBD_2026-03-04 02:42,11.22276,100.52304,2026-03-04T03:44:00Z,177.3,TST625,AT76,VTSS,VTBD,265,2,-480,2
TST625_VTSS_VTBD_2026-03-04 02:42,11.24096,100.5236,2026-03-04T03:44:15Z,176.1,TST625,AT76,VTSS,VTBD,264,2,-479,2
TST625_VTSS_VTBD_2026-03-04 02:42,11.25914,100.52416,2026-03-04T03:44:30Z,174.9,TST625,AT76,VTSS,VTBD,264,2,-479,2
TST625_VTSS_VTBD_2026-03-04 02:42,11.2773,100.52472,2026-03-04T03:44:45Z,173.7,TST625,AT76,VTSS,VTBD,263,2,-478,2
TST625_VTSS_VTBD_2026-03-04 02:42,11.29544,100.52528,2026-03-04T03:45:00Z,172.5,TST625,AT76,VTSS,VTBD,262,2,-478,2
TST625_VTSS_VTBD_2026-03-04 02:42,11.31357,100.52584,2026-03-04T03:45:15Z,171.3,TST625,AT76,VTSS,VTBD,262,2,-477,2
TST625_VTSS_VTBD_2026-03-04 02:42,11.33167,100.5264,2026-03-04T03:45:30Z,170.1,TST625,AT76,VTSS,VTBD,261,2,-477,2
TST625_VTSS_VTBD_2026-03-04 02:42,11.34975,100.52695,2026-03-04T03:45:45Z,168.9,TST625,AT76,VTSS,VTBD,261,2,-476,2
TST625_VTSS_VTBD_2026-03-04 02:42,11.36781,100.52751,2026-03-04T03:46:00Z,167.7,TST625,AT76,VTSS,VTBD,260,2,-476,2
TST625_VTSS_VTBD_2026-03-04 02:42,11.38564,100.52806,2026-03-04T03:46:15Z,166.6,TST625,AT76,VTSS,VTBD,260,2,-469,2
TST625_VTSS_VTBD_2026-03-04 02:42,11.40331,100.52861,2026-03-04T03:46:30Z,165.4,TST625,AT76,VTSS,VTBD,259,2,-466,2
TST625_VTSS_VTBD_2026-03-04 02:42,11.42097,100.52915,2026-03-04T03:46:45Z,164.2,TST625,AT76,VTSS,VTBD,259,2,-465,2
TST625_VTSS_VTBD_2026-03-04 02:42,11.43861,100.5297,2026-03-04T03:47:00Z,163.1,TST625,AT76,VTSS,VTBD,258,2,-464,2
TST625_VTSS_VTBD_2026-03-04 02:42,11.45623,100.53024,2026-03-04T03:47:15Z,161.9,TST625,AT76,VTSS,VTBD,257,2,-464,2
TST625_VTSS_VTBD_2026-03-04 02:42,11.47383,100.53078,2026-03-04T03:47:30Z,160.7,TST625,AT76,VTSS,VTBD,257,2,-463,2
TST625_VTSS_VTBD_2026-03-04 02:42,11.4914,100.53133,2026-03-04T03:47:45Z,159.6,TST625,AT76,VTSS,VTBD,256,2,-463,2
TST625_VTSS_VTBD_2026-03-04 02:42,11.50897,100.53187,2026-03-04T03:48:00Z,158.4,TST625,AT76,VTSS,VTBD,256,2,-462,2
TST625_VTSS_VTBD_2026-03-04 02:42,11.52651,100.53241,2026-03-04T03:48:15Z,157.3,TST625,AT76,VTSS,VTBD,255,2,-462,2
TST625_VTSS_VTBD_2026-03-04 02:42,11.54403,100.53295,2026-03-04T03:48:30Z,156.1,TST625,AT76,VTSS,VTBD,255,2,-461,2
TST625_VTSS_VTBD_2026-03-04 02:42,11.56153,100.53349,2026-03-04T03:48:45Z,155.0,TST625,AT76,VTSS,VTBD,254,2,-461,2
TST625_VTSS_VTBD_2026-03-04 02:42,11.57902,100.53403,2026-03-04T03:49:00Z,153.8,TST625,AT76,VTSS,VTBD,254,2,-460,2
TST625_VTSS_VTBD_2026-03-04 02:42,11.59648,100.53457,2026-03-04T03:49:15Z,152.7,TST625,AT76,VTSS,VTBD,253,2,-460,2
TST625_VTSS_VTBD_2026-03-04 02:42,11.61393,100.53511,2026-03-04T03:49:30Z,151.5,TST625,AT76,VTSS,VTBD,252,2,-459,2
TST625_VTSS_VTBD_2026-03-04 02:42,11.63135,100.53565,2026-03-04T03:49:45Z,150.4,TST625,AT76,VTSS,VTBD,252,2,-459,2
TST625_VTSS_VTBD_2026-03-04 02:42,11.64876,100.53619,2026-03-04T03:50:00Z,149.2,TST625,AT76,VTSS,VTBD,251,2,-458,2
TST625_VTSS_VTBD_2026-03-04 02:42,11.66615,100.53673,2026-03-04T03:50:15Z,148.1,TST625,AT76,VTSS,VTBD,251,2,-458,2
TST625_VTSS_VTBD_2026-03-04 02:42,11.68352,100.53726,2026-03-04T03:50:30Z,146.9,TST625,AT76,VTSS,VTBD,250,2,-457,2
TST625_VTSS_VTBD_2026-03-04 02:42,11.70069,100.5378,2026-03-04T03:50:45Z,145.8,TST625,AT76,VTSS,VTBD,250,2,-452,2
TST625_VTSS_VTBD_2026-03-04 02:42,11.71768,100.53832,2026-03-04T03:51:00Z,144.7,TST625,AT76,VTSS,VTBD,249,2,-447,2
TST625_VTSS_VTBD_2026-03-04 02:42,11.73464,100.53885,2026-03-04T03:51:15Z,143.5,TST625,AT76,VTSS,VTBD,249,2,-447,2
TST625_VTSS_VTBD_2026-03-04 02:42,11.75159,100.53937,2026-03-04T03:51:30Z,142.4,TST625,AT76,VTSS,VTBD,248,2,-446,2
TST625_VTSS_VTBD_2026-03-04 02:42,11.76852,100.53989,2026-03-04T03:51:45Z,141.3,TST625,AT76,VTSS,VTBD,248,2,-446,2
TST625_VTSS_VTBD_2026-03-04 02:42,11.78543,100.54042,2026-03-04T03:52:00Z,140.2,TST625,AT76,VTSS,VTBD,247,2,-445,2
TST625_VTSS_VTBD_2026-03-04 02:42,11.80232,100.54094,2026-03-04T03:52:15Z,139.1,TST625,AT76,VTSS,VTBD,247,2,-445,2
TST625_VTSS_VTBD_2026-03-04 02:42,11.8192,100.54146,2026-03-04T03:52:30Z,138.0,TST625,AT76,VTSS,VTBD,246,2,-444,2
TST625_VTSS_VTBD_2026-03-04 02:42,11.83605,100.54198,2026-03-04T03:52:45Z,136.9,TST625,AT76,VTSS,VTBD,245,2,-444,2
TST625_VTSS_VTBD_2026-03-04 02:42,11.85289,100.54251,2026-03-04T03:53:00Z,135.8,TST625,AT76,VTSS,VTBD,245,2,-443,2
TST625_VTSS_VTBD_2026-03-04 02:42,11.86971,100.54303,2026-03-04T03:53:15Z,134.6,TST625,AT76,VTSS,VTBD,244,2,-443,2
TST625_VTSS_VTBD_2026-03-04 02:42,11.88651,100.54355,2026-03-04T03:53:30Z,133.5,TST625,AT76,VTSS,VTBD,244,2,-442,2
TST625_VTSS_VTBD_2026-03-04 02:42,11.90329,100.54407,2026-03-04T03:53:45Z,132.4,TST625,AT76,VTSS,VTBD,243,2,-442,2
TST625_VTSS_VTBD_2026-03-04 02:42,11.92005,100.54459,2026-03-04T03:54:00Z,131.3,TST625,AT76,VTSS,VTBD,243,2,-441,2
TST625_VTSS_VTBD_2026-03-04 02:42,11.9368,100.5451,2026-03-04T03:54:15Z,130.2,TST625,AT76,VTSS,VTBD,242,2,-441,2
TST625_VTSS_VTBD_2026-03-04 02:42,11.95353,100.54562,2026-03-04T03:54:30Z,129.1,TST625,AT76,VTSS,VTBD,242,2,-440,2
TST625_VTSS_VTBD_2026-03-04 02:42,11.97023,100.54614,2026-03-04T03:54:45Z,128.0,TST625,AT76,VTSS,VTBD,241,2,-440,2
TST625_VTSS_VTBD_2026-03-04 02:42,11.98693,100.54666,2026-03-04T03:55:00Z,126.9,TST625,AT76,VTSS,VTBD,241,2,-440,2
TST625_VTSS_VTBD_2026-03-04 02:42,12.0036,100.54718,2026-03-04T03:55:15Z,125.8,TST625,AT76,VTSS,VTBD,240,2,-439,2
TST625_VTSS_VTBD_2026-03-04 02:42,12.02002,100.54768,2026-03-04T03:55:30Z,124.7,TST625,AT76,VTSS,VTBD,240,2,-432,2
TST625_VTSS_VTBD_2026-03-04 02:42,12.03631,100.54819,2026-03-04T03:55:45Z,123.7,TST625,AT76,VTSS,VTBD,239,2,-429,2
TST625_VTSS_VTBD_2026-03-04 02:42,12.05258,100.54869,2026-03-04T03:56:00Z,122.6,TST625,AT76,VTSS,VTBD,239,2,-428,2
TST625_VTSS_VTBD_2026-03-04 02:42,12.06883,100.5492,2026-03-04T03:56:15Z,121.5,TST625,AT76,VTSS,VTBD,238,2,-428,2
TST625_VTSS_VTBD_2026-03-04 02:42,12.08507,100.5497,2026-03-04T03:56:30Z,120.5,TST625,AT76,VTSS,VTBD,238,2,-428,2
TST625_VTSS_VTBD_2026-03-04 02:42,12.10129,100.5502,2026-03-04T03:56:45Z,119.4,TST625,AT76,VTSS,VTBD,237,2,-427,2
TST625_VTSS_VTBD_2026-03-04 02:42,12.11749,100.55071,2026-03-04T03:57:00Z,118.3,TST625,AT76,VTSS,VTBD,237,2,-427,2
TST625_VTSS_VTBD_2026-03-04 02:42,12.13367,100.55121,2026-03-04T03:57:15Z,117.2,TST625,AT76,VTSS,VTBD,236,2,-426,2
TST625_VTSS_VTBD_2026-03-04 02:42,12.14983,100.55171,2026-03-04T03:57:30Z,116.2,TST625,AT76,VTSS,VTBD,236,2,-426,2
TST625_VTSS_VTBD_2026-03-04 02:42,12.16598,100.55221,2026-03-04T03:57:45Z,115.1,TST625,AT76,VTSS,VTBD,235,2,-425,2
TST625_VTSS_VTBD_2026-03-04 02:42,12.18211,100.55271,2026-03-04T03:58:00Z,114.1,TST625,AT76,VTSS,VTBD,235,2,-425,2
TST625_VTSS_VTBD_2026-03-04 02:42,12.19822,100.55321,2026-03-04T03:58:15Z,113.0,TST625,AT76,VTSS,VTBD,234,2,-424,2
TST625_VTSS_VTBD_2026-03-04 02:42,12.21432,100.55371,2026-03-04T03:58:30Z,111.9,TST625,AT76,VTSS,VTBD,234,2,-424,2
TST625_VTSS_VTBD_2026-03-04 02:42,12.23039,100.55421,2026-03-04T03:58:45Z,110.9,TST625,AT76,VTSS,VTBD,233,2,-423,2
TST625_VTSS_VTBD_2026-03-04 02:42,12.24645,100.55471,2026-03-04T03:59:00Z,109.8,TST625,AT76,VTSS,VTBD,233,2,-423,2
TST625_VTSS_VTBD_2026-03-04 02:42,12.26249,100.55521,2026-03-04T03:59:15Z,108.8,TST625,AT76,VTSS,VTBD,232,2,-422,2
TST625_VTSS_VTBD_2026-03-04 02:42,12.27852,100.55571,2026-03-04T03:59:30Z,107.7,TST625,AT76,VTSS,VTBD,232,2,-422,2
TST625_VTSS_VTBD_2026-03-04 02:42,12.29452,100.5562,2026-03-04T03:59:45Z,106.6,TST625,AT76,VTSS,VTBD,231,2,-421,2
TST625_VTSS_VTBD_2026-03-04 02:42,12.31051,100.5567,2026-03-04T04:00:00Z,105.6,TST625,AT76,VTSS,VTBD,231,2,-421,2
TST625_VTSS_VTBD_2026-03-04 02:42,12.32648,100.5572,2026-03-04T04:00:15Z,104.5,TST625,AT76,VTSS,VTBD,230,2,-421,2
TST625_VTSS_VTBD_2026-03-04 02:42,12.34209,100.55768,2026-03-04T04:00:30Z,103.5,TST625,AT76,VTSS,VTBD,230,2,-411,2
TST625_VTSS_VTBD_2026-03-04 02:42,12.35768,100.55817,2026-03-04T04:00:45Z,102.5,TST625,AT76,VTSS,VTBD,229,2,-411,2
TST625_VTSS_VTBD_2026-03-04 02:42,12.37325,100.55865,2026-03-04T04:01:00Z,101.5,TST625,AT76,VTSS,VTBD,229,2,-410,2
TST625_VTSS_VTBD_2026-03-04 02:42,12.38881,100.55913,2026-03-04T04:01:15Z,100.4,TST625,AT76,VTSS,VTBD,228,2,-410,2
TST625_VTSS_VTBD_2026-03-04 02:42,12.40435,100.55962,2026-03-04T04:01:30Z,99.4,TST625,AT76,VTSS,VTBD,228,2,-409,2
TST625_VTSS_VTBD_2026-03-04 02:42,12.41987,100.5601,2026-03-04T04:01:45Z,98.4,TST625,AT76,VTSS,VTBD,227,2,-409,2
TST625_VTSS_VTBD_2026-03-04 02:42,12.43538,100.56058,2026-03-04T04:02:00Z,97.4,TST625,AT76,VTSS,VTBD,227,2,-408,2
TST625_VTSS_VTBD_2026-03-04 02:42,12.45086,100.56106,2026-03-04T04:02:15Z,96.3,TST625,AT76,VTSS,VTBD,226,2,-408,2
TST625_VTSS_VTBD_2026-03-04 02:42,12.46634,100.56155,2026-03-04T04:02:30Z,95.3,TST625,AT76,VTSS,VTBD,226,2,-407,2
TST625_VTSS_VTBD_2026-03-04 02:42,12.48179,100.56203,2026-03-04T04:02:45Z,94.3,TST625,AT76,VTSS,VTBD,225,2,-407,2
TST625_VTSS_VTBD_2026-03-04 02:42,12.49723,100.56251,2026-03-04T04:03:00Z,93.3,TST625,AT76,VTSS,VTBD,225,2,-406,2
TST625_VTSS_VTBD_2026-03-04 02:42,12.51265,100.56299,2026-03-04T04:03:15Z,92.3,TST625,AT76,VTSS,VTBD,224,2,-406,2
TST625_VTSS_VTBD_2026-03-04 02:42,12.52805,100.56347,2026-03-04T04:03:30Z,91.3,TST625,AT76,VTSS,VTBD,224,2,-406,2
TST625_VTSS_VTBD_2026-03-04 02:42,12.54344,100.56394,2026-03-04T04:03:45Z,90.2,TST625,AT76,VTSS,VTBD,223,2,-405,2
TST625_VTSS_VTBD_2026-03-04 02:42,12.55881,100.56442,2026-03-04T04:04:00Z,89.2,TST625,AT76,VTSS,VTBD,223,2,-405,2
TST625_VTSS_VTBD_2026-03-04 02:42,12.57416,100.5649,2026-03-04T04:04:15Z,88.2,TST625,AT76,VTSS,VTBD,222,2,-404,2
TST625_VTSS_VTBD_2026-03-04 02:42,12.5895,100.56538,2026-03-04T04:04:30Z,87.2,TST625,AT76,VTSS,VTBD,222,2,-404,2
TST625_VTSS_VTBD_2026-03-04 02:42,12.60482,100.56586,2026-03-04T04:04:45Z,86.2,TST625,AT76,VTSS,VTBD,221,2,-403,2
TST625_VTSS_VTBD_2026-03-04 02:42,12.62012,100.56633,2026-03-04T04:05:00Z,85.2,TST625,AT76,VTSS,VTBD,221,2,-403,2
TST625_VTSS_VTBD_2026-03-04 02:42,12.63541,100.56681,2026-03-04T04:05:15Z,84.2,TST625,AT76,VTSS,VTBD,220,2,-403,2
TST625_VTSS_VTBD_2026-03-04 02:42,12.65051,100.56728,2026-03-04T04:05:30Z,83.2,TST625,AT76,VTSS,VTBD,220,2,-398,2
TST625_VTSS_VTBD_2026-03-04 02:42,12.66542,100.56774,2026-03-04T04:05:45Z,82.2,TST625,AT76,VTSS,VTBD,219,2,-392,2
TST625_VTSS_VTBD_2026-03-04 02:42,12.68031,100.56821,2026-03-04T04:06:00Z,81.2,TST625,AT76,VTSS,VTBD,219,2,-392,2
TST625_VTSS_VTBD_2026-03-04 02:42,12.69518,100.56867,2026-03-04T04:06:15Z,80.2,TST625,AT76,VTSS,VTBD,218,2,-392,2
TST625_VTSS_VTBD_2026-03-04 02:42,12.71004,100.56913,2026-03-04T04:06:30Z,79.3,TST625,AT76,VTSS,VTBD,218,2,-391,2
TST625_VTSS_VTBD_2026-03-04 02:42,12.72488,100.5696,2026-03-04T04:06:45Z,78.3,TST625,AT76,VTSS,VTBD,217,2,-391,2
TST625_VTSS_VTBD_2026-03-04 02:42,12.7397,100.57006,2026-03-04T04:07:00Z,77.3,TST625,AT76,VTSS,VTBD,217,2,-390,2
TST625_VTSS_VTBD_2026-03-04 02:42,12.75451,100.57052,2026-03-04T04:07:15Z,76.3,TST625,AT76,VTSS,VTBD,217,2,-390,2
TST625_VTSS_VTBD_2026-03-04 02:42,12.76931,100.57098,2026-03-04T04:07:30Z,75.4,TST625,AT76,VTSS,VTBD,216,2,-389,2
TST625_VTSS_VTBD_2026-03-04 02:42,12.78408,100.57144,2026-03-04T04:07:45Z,74.4,TST625,AT76,VTSS,VTBD,216,2,-389,2
TST625_VTSS_VTBD_2026-03-04 02:42,12.79884,100.5719,2026-03-04T04:08:00Z,73.4,TST625,AT76,VTSS,VTBD,215,2,-389,2
TST625_VTSS_VTBD_2026-03-04 02:42,12.81359,100.57236,2026-03-04T04:08:15Z,72.4,TST625,AT76,VTSS,VTBD,215,2,-388,2
TST625_VTSS_VTBD_2026-03-04 02:42,12.82831,100.57282,2026-03-04T04:08:30Z,71.5,TST625,AT76,VTSS,VTBD,214,2,-388,2
TST625_VTSS_VTBD_2026-03-04 02:42,12.84303,100.57328,2026-03-04T04:08:45Z,70.5,TST625,AT76,VTSS,VTBD,214,2,-387,2
TST625_VTSS_VTBD_2026-03-04 02:42,12.85772,100.57374,2026-03-04T04:09:00Z,69.5,TST625,AT76,VTSS,VTBD,213,2,-387,2
TST625_VTSS_VTBD_2026-03-04 02:42,12.8724,100.5742,2026-03-04T04:09:15Z,68.6,TST625,AT76,VTSS,VTBD,213,2,-387,2
TST625_VTSS_VTBD_2026-03-04 02:42,12.88706,100.57466,2026-03-04T04:09:30Z,67.6,TST625,AT76,VTSS,VTBD,212,2,-386,2
TST625_VTSS_VTBD_2026-03-04 02:42,12.90171,100.57511,2026-03-04T04:09:45Z,66.6,TST625,AT76,VTSS,VTBD,212,2,-386,2
TST625_VTSS_VTBD_2026-03-04 02:42,12.91634,100.57557,2026-03-04T04:10:00Z,65.7,TST625,AT76,VTSS,VTBD,211,2,-385,2
TST625_VTSS_VTBD_2026-03-04 02:42,12.93096,100.57603,2026-03-04T04:10:15Z,64.7,TST625,AT76,VTSS,VTBD,211,2,-385,2
TST625_VTSS_VTBD_2026-03-04 02:42,12.94556,100.57648,2026-03-04T04:10:30Z,63.7,TST625,AT76,VTSS,VTBD,210,2,-384,2
TST625_VTSS_VTBD_2026-03-04 02:42,12.96014,100.57694,2026-03-04T04:10:45Z,62.8,TST625,AT76,VTSS,VTBD,210,2,-384,2
TST625_VTSS_VTBD_2026-03-04 02:42,12.97438,100.57738,2026-03-04T04:11:00Z,61.8,TST625,AT76,VTSS,VTBD,210,2,-375,2
TST625_VTSS_VTBD_2026-03-04 02:42,12.98858,100.57783,2026-03-04T04:11:15Z,60.9,TST625,AT76,VTSS,VTBD,209,2,-374,2
TST625_VTSS_VTBD_2026-03-04 02:42,13.00277,100.57827,2026-03-04T04:11:30Z,60.0,TST625,AT76,VTSS,VTBD,209,2,-374,2
TST625_VTSS_VTBD_2026-03-04 02:42,13.01695,100.57871,2026-03-04T04:11:45Z,59.0,TST625,AT76,VTSS,VTBD,208,2,-373,2
TST625_VTSS_VTBD_2026-03-04 02:42,13.03111,100.57915,2026-03-04T04:12:00Z,58.1,TST625,AT76,VTSS,VTBD,208,2,-373,2
TST625_VTSS_VTBD_2026-03-04 02:42,13.04525,100.5796,2026-03-04T04:12:15Z,57.2,TST625,AT76,VTSS,VTBD,207,2,-372,2
TST625_VTSS_VTBD_2026-03-04 02:42,13.05938,100.58004,2026-03-04T04:12:30Z,56.2,TST625,AT76,VTSS,VTBD,207,2,-372,2
TST625_VTSS_VTBD_2026-03-04 02:42,13.07349,100.58048,2026-03-04T04:12:45Z,55.3,TST625,AT76,VTSS,VTBD,206,2,-372,2
TST625_VTSS_VTBD_2026-03-04 02:42,13.08759,100.58092,2026-03-04T04:13:00Z,54.4,TST625,AT76,VTSS,VTBD,206,2,-371,2
TST625_VTSS_VTBD_2026-03-04 02:42,13.10167,100.58136,2026-03-04T04:13:15Z,53.4,TST625,AT76,VTSS,VTBD,206,2,-371,2
TST625_VTSS_VTBD_2026-03-04 02:42,13.11573,100.5818,2026-03-04T04:13:30Z,52.5,TST625,AT76,VTSS,VTBD,205,2,-370,2
TST625_VTSS_VTBD_2026-03-04 02:42,13.12979,100.58224,2026-03-04T04:13:45Z,51.6,TST625,AT76,VTSS,VTBD,205,2,-370,2
TST625_VTSS_VTBD_2026-03-04 02:42,13.14382,100.58268,2026-03-04T04:14:00Z,50.7,TST625,AT76,VTSS,VTBD,204,2,-370,2
TST625_VTSS_VTBD_2026-03-04 02:42,13.15784,100.58312,2026-03-04T04:14:15Z,49.7,TST625,AT76,VTSS,VTBD,204,2,-369,2
TST625_VTSS_VTBD_2026-03-04 02:42,13.17185,100.58355,2026-03-04T04:14:30Z,48.8,TST625,AT76,VTSS,VTBD,203,2,-369,2
TST625_VTSS_VTBD_2026-03-04 02:42,13.18583,100.58399,2026-03-04T04:14:45Z,47.9,TST625,AT76,VTSS,VTBD,203,2,-368,2
TST625_VTSS_VTBD_2026-03-04 02:42,13.19981,100.58443,2026-03-04T04:15:00Z,47.0,TST625,AT76,VTSS,VTBD,202,2,-368,2
TST625_VTSS_VTBD_2026-03-04 02:42,13.21377,100.58487,2026-03-04T04:15:15Z,46.1,TST625,AT76,VTSS,VTBD,202,2,-368,2
TST625_VTSS_VTBD_2026-03-04 02:42,13.22771,100.5853,2026-03-04T04:15:30Z,45.1,TST625,AT76,VTSS,VTBD,202,2,-367,2
TST625_VTSS_VTBD_2026-03-04 02:42,13.24164,100.58574,2026-03-04T04:15:45Z,44.2,TST625,AT76,VTSS,VTBD,201,2,-367,2
TST625_VTSS_VTBD_2026-03-04 02:42,13.25555,100.58617,2026-03-04T04:16:00Z,43.3,TST625,AT76,VTSS,VTBD,201,2,-366,2
TST625_VTSS_VTBD_2026-03-04 02:42,13.26945,100.58661,2026-03-04T04:16:15Z,42.4,TST625,AT76,VTSS,VTBD,200,2,-366,2
TST625_VTSS_VTBD_2026-03-04 02:42,13.2832,100.58704,2026-03-04T04:16:30Z,41.5,TST625,AT76,VTSS,VTBD,200,2,-362,2
TST625_VTSS_VTBD_2026-03-04 02:42,13.29672,100.58746,2026-03-04T04:16:45Z,40.6,TST625,AT76,VTSS,VTBD,199,2,-356,2
TST625_VTSS_VTBD_2026-03-04 02:42,13.31023,100.58789,2026-03-04T04:17:00Z,39.7,TST625,AT76,VTSS,VTBD,199,2,-356,2
TST625_VTSS_VTBD_2026-03-04 02:42,13.32372,100.58831,2026-03-04T04:17:15Z,38.8,TST625,AT76,VTSS,VTBD,199,2,-355,2
TST625_VTSS_VTBD_2026-03-04 02:42,13.33719,100.58873,2026-03-04T04:17:30Z,37.9,TST625,AT76,VTSS,VTBD,198,2,-355,2
TST625_VTSS_VTBD_2026-03-04 02:42,13.35065,100.58915,2026-03-04T04:17:45Z,37.0,TST625,AT76,VTSS,VTBD,198,2,-354,2
TST625_VTSS_VTBD_2026-03-04 02:42,13.3641,100.58957,2026-03-04T04:18:00Z,36.2,TST625,AT76,VTSS,VTBD,197,2,-354,2
TST625_VTSS_VTBD_2026-03-04 02:42,13.37753,100.58999,2026-03-04T04:18:15Z,35.3,TST625,AT76,VTSS,VTBD,197,2,-354,2
TST625_VTSS_VTBD_2026-03-04 02:42,13.39095,100.59042,2026-03-04T04:18:30Z,34.4,TST625,AT76,VTSS,VTBD,196,2,-353,2
TST625_VTSS_VTBD_2026-03-04 02:42,13.40435,100.59084,2026-03-04T04:18:45Z,33.5,TST625,AT76,VTSS,VTBD,196,2,-353,2
TST625_VTSS_VTBD_2026-03-04 02:42,13.41774,100.59125,2026-03-04T04:19:00Z,32.6,TST625,AT76,VTSS,VTBD,196,2,-352,2
TST625_VTSS_VTBD_2026-03-04 02:42,13.43112,100.59167,2026-03-04T04:19:15Z,31.7,TST625,AT76,VTSS,VTBD,195,2,-352,2
TST625_VTSS_VTBD_2026-03-04 02:42,13.44448,100.59209,2026-03-04T04:19:30Z,30.9,TST625,AT76,VTSS,VTBD,195,2,-352,2
TST625_VTSS_VTBD_2026-03-04 02:42,13.45782,100.59251,2026-03-04T04:19:45Z,30.0,TST625,AT76,VTSS,VTBD,194,2,-351,2
TST625_VTSS_VTBD_2026-03-04 02:42,13.47115,100.59293,2026-03-04T04:20:00Z,29.1,TST625,AT76,VTSS,VTBD,194,2,-351,2
TST625_VTSS_VTBD_2026-03-04 02:42,13.48446,100.59335,2026-03-04T04:20:15Z,28.2,TST625,AT76,VTSS,VTBD,193,2,-351,2
TST625_VTSS_VTBD_2026-03-04 02:42,13.49777,100.59376,2026-03-04T04:20:30Z,27.3,TST625,AT76,VTSS,VTBD,193,2,-350,2
TST625_VTSS_VTBD_2026-03-04 02:42,13.51105,100.59418,2026-03-04T04:20:45Z,26.5,TST625,AT76,VTSS,VTBD,193,2,-350,2
TST625_VTSS_VTBD_2026-03-04 02:42,13.52432,100.5946,2026-03-04T04:21:00Z,25.6,TST625,AT76,VTSS,VTBD,192,2,-349,2
TST625_VTSS_VTBD_2026-03-04 02:42,13.53758,100.59501,2026-03-04T04:21:15Z,24.7,TST625,AT76,VTSS,VTBD,192,2,-349,2
TST625_VTSS_VTBD_2026-03-04 02:42,13.55082,100.59543,2026-03-04T04:21:30Z,23.8,TST625,AT76,VTSS,VTBD,191,2,-349,2
TST625_VTSS_VTBD_2026-03-04 02:42,13.56405,100.59584,2026-03-04T04:21:45Z,23.0,TST625,AT76,VTSS,VTBD,191,2,-348,2
TST625_VTSS_VTBD_2026-03-04 02:42,13.57726,100.59626,2026-03-04T04:22:00Z,22.1,TST625,AT76,VTSS,VTBD,191,2,-348,2
TST625_VTSS_VTBD_2026-03-04 02:42,13.59046,100.59667,2026-03-04T04:22:15Z,21.2,TST625,AT76,VTSS,VTBD,190,2,-347,2
TST625_VTSS_VTBD_2026-03-04 02:42,13.60343,100.59708,2026-03-04T04:22:30Z,20.4,TST625,AT76,VTSS,VTBD,190,2,-341,2
TST625_VTSS_VTBD_2026-03-04 02:42,13.61625,100.59748,2026-03-04T04:22:45Z,19.5,TST625,AT76,VTSS,VTBD,189,2,-338,2
TST625_VTSS_VTBD_2026-03-04 02:42,13.62906,100.59789,2026-03-04T04:23:00Z,18.7,TST625,AT76,VTSS,VTBD,189,2,-337,2
TST625_VTSS_VTBD_2026-03-04 02:42,13.64186,100.59829,2026-03-04T04:23:15Z,17.8,TST625,AT76,VTSS,VTBD,189,2,-337,2
TST625_VTSS_VTBD_2026-03-04 02:42,13.65464,100.59869,2026-03-04T04:23:30Z,17.0,TST625,AT76,VTSS,VTBD,188,2,-336,2
TST625_VTSS_VTBD_2026-03-04 02:42,13.66741,100.59909,2026-03-04T04:23:45Z,16.2,TST625,AT76,VTSS,VTBD,188,2,-336,2
TST625_VTSS_VTBD_2026-03-04 02:42,13.68016,100.59949,2026-03-04T04:24:00Z,15.3,TST625,AT76,VTSS,VTBD,187,2,-336,2
TST625_VTSS_VTBD_2026-03-04 02:42,13.6929,100.59989,2026-03-04T04:24:15Z,14.5,TST625,AT76,VTSS,VTBD,187,2,-335,2
TST625_VTSS_VTBD_2026-03-04 02:42,13.70563,100.60029,2026-03-04T04:24:30Z,13.6,TST625,AT76,VTSS,VTBD,187,2,-335,2
TST625_VTSS_VTBD_2026-03-04 02:42,13.71834,100.60069,2026-03-04T04:24:45Z,12.8,TST625,AT76,VTSS,VTBD,186,2,-335,2
TST625_VTSS_VTBD_2026-03-04 02:42,13.73104,100.60109,2026-03-04T04:25:00Z,12.0,TST625,AT76,VTSS,VTBD,186,2,-334,2
TST625_VTSS_VTBD_2026-03-04 02:42,13.74372,100.60149,2026-03-04T04:25:15Z,11.1,TST625,AT76,VTSS,VTBD,185,2,-334,2
TST625_VTSS_VTBD_2026-03-04 02:42,13.75639,100.60189,2026-03-04T04:25:30Z,10.3,TST625,AT76,VTSS,VTBD,185,2,-334,2
TST625_VTSS_VTBD_2026-03-04 02:42,13.76905,100.60228,2026-03-04T04:25:45Z,9.5,TST625,AT76,VTSS,VTBD,185,2,-333,2
TST625_VTSS_VTBD_2026-03-04 02:42,13.78169,100.60268,2026-03-04T04:26:00Z,8.6,TST625,AT76,VTSS,VTBD,184,2,-333,2
TST625_VTSS_VTBD_2026-03-04 02:42,13.79432,100.60308,2026-03-04T04:26:15Z,7.8,TST625,AT76,VTSS,VTBD,184,2,-332,2
TST625_VTSS_VTBD_2026-03-04 02:42,13.80694,100.60348,2026-03-04T04:26:30Z,7.0,TST625,AT76,VTSS,VTBD,183,2,-332,2
TST625_VTSS_VTBD_2026-03-04 02:42,13.81954,100.60387,2026-03-04T04:26:45Z,6.1,TST625,AT76,VTSS,VTBD,183,2,-332,2
TST625_VTSS_VTBD_2026-03-04 02:42,13.83212,100.60427,2026-03-04T04:27:00Z,5.3,TST625,AT76,VTSS,VTBD,183,2,-331,2
TST625_VTSS_VTBD_2026-03-04 02:42,13.8447,100.60466,2026-03-04T04:27:15Z,4.5,TST625,AT76,VTSS,VTBD,182,2,-331,2
TST625_VTSS_VTBD_2026-03-04 02:42,13.85726,100.60506,2026-03-04T04:27:30Z,3.6,TST625,AT76,VTSS,VTBD,182,2,-331,2
TST625_VTSS_VTBD_2026-03-04 02:42,13.8698,100.60545,2026-03-04T04:27:45Z,2.8,TST625,AT76,VTSS,VTBD,181,2,-330,2
TST625_VTSS_VTBD_2026-03-04 02:42,13.88234,100.60585,2026-03-04T04:28:00Z,2.0,TST625,AT76,VTSS,VTBD,181,2,-330,2
TST625_VTSS_VTBD_2026-03-04 02:42,13.89486,100.60624,2026-03-04T04:28:15Z,1.2,TST625,AT76,VTSS,VTBD,181,2,-330,2
TST625_VTSS_VTBD_2026-03-04 02:42,13.90736,100.60664,2026-03-04T04:28:30Z,0.3,TST625,AT76,VTSS,VTBD,180,2,-329,2
DEM145_VTBD_VTCC_2026-03-04 02:55,13.9126,100.6068,2026-03-04T02:55:00Z,0.0,DEM145,A320,VTBD,VTCC,200,342,0,0
DEM145_VTBD_VTCC_2026-03-04 02:55,13.92619,100.60231,2026-03-04T02:55:15Z,1.6,DEM145,A320,VTBD,VTCC,201,0,648,1
DEM145_VTBD_VTCC_2026-03-04 02:55,13.93979,100.59781,2026-03-04T02:55:30Z,3.2,DEM145,A320,VTBD,VTCC,201,0,649,1
DEM145_VTBD_VTCC_2026-03-04 02:55,13.95341,100.59331,2026-03-04T02:55:45Z,4.9,DEM145,A320,VTBD,VTCC,202,0,650,1
DEM145_VTBD_VTCC_2026-03-04 02:55,13.96705,100.58881,2026-03-04T02:56:00Z,6.5,DEM145,A320,VTBD,VTCC,202,0,651,1
DEM145_VTBD_VTCC_2026-03-04 02:55,13.98071,100.58429,2026-03-04T02:56:15Z,8.1,DEM145,A320,VTBD,VTCC,203,0,651,1
DEM145_VTBD_VTCC_2026-03-04 02:55,13.99438,100.57977,2026-03-04T02:56:30Z,9.8,DEM145,A320,VTBD,VTCC,203,0,652,1
DEM145_VTBD_VTCC_2026-03-04 02:55,14.00807,100.57525,2026-03-04T02:56:45Z,11.4,DEM145,A320,VTBD,VTCC,204,0,653,1
DEM145_VTBD_VTCC_2026-03-04 02:55,14.02177,100.57071,2026-03-04T02:57:00Z,13.0,DEM145,A320,VTBD,VTCC,204,0,654,1
DEM145_VTBD_VTCC_2026-03-04 02:55,14.03549,100.56618,2026-03-04T02:57:15Z,14.7,DEM145,A320,VTBD,VTCC,205,0,654,1
DEM145_VTBD_VTCC_2026-03-04 02:55,14.04923,100.56163,2026-03-04T02:57:30Z,16.3,DEM145,A320,VTBD,VTCC,205,0,655,1
DEM145_VTBD_VTCC_2026-03-04 02:55,14.06298,100.55708,2026-03-04T02:57:45Z,17.9,DEM145,A320,VTBD,VTCC,206,0,656,1
DEM145_VTBD_VTCC_2026-03-04 02:55,14.07676,100.55253,2026-03-04T02:58:00Z,19.6,DEM145,A320,VTBD,VTCC,206,0,657,1
DEM145_VTBD_VTCC_2026-03-04 02:55,14.09054,100.54796,2026-03-04T02:58:15Z,21.2,DEM145,A320,VTBD,VTCC,207,0,658,1
DEM145_VTBD_VTCC_2026-03-04 02:55,14.10435,100.54339,2026-03-04T02:58:30Z,22.9,DEM145,A320,VTBD,VTCC,207,0,659,1
DEM145_VTBD_VTCC_2026-03-04 02:55,14.11817,100.53882,2026-03-04T02:58:45Z,24.5,DEM145,A320,VTBD,VTCC,208,0,659,1
DEM145_VTBD_VTCC_2026-03-04 02:55,14.13201,100.53424,2026-03-04T02:59:00Z,26.2,DEM145,A320,VTBD,VTCC,208,0,660,1
DEM145_VTBD_VTCC_2026-03-04 02:55,14.14586,100.52965,2026-03-04T02:59:15Z,27.8,DEM145,A320,VTBD,VTCC,209,0,661,1
DEM145_VTBD_VTCC_2026-03-04 02:55,14.15974,100.52506,2026-03-04T02:59:30Z,29.5,DEM145,A320,VTBD,VTCC,209,0,662,1
DEM145_VTBD_VTCC_2026-03-04 02:55,14.17363,100.52046,2026-03-04T02:59:45Z,31.2,DEM145,A320,VTBD,VTCC,210,0,663,1
DEM145_VTBD_VTCC_2026-03-04 02:55,14.18753,100.51585,2026-03-04T03:00:00Z,32.8,DEM145,A320,VTBD,VTCC,210,0,663,1
DEM145_VTBD_VTCC_2026-03-04 02:55,14.20145,100.51124,2026-03-04T03:00:15Z,34.5,DEM145,A320,VTBD,VTCC,211,0,664,1
DEM145_VTBD_VTCC_2026-03-04 02:55,14.21539,100.50662,2026-03-04T03:00:30Z,36.1,DEM145,A320,VTBD,VTCC,211,0,665,1
DEM145_VTBD_VTCC_2026-03-04 02:55,14.2297,100.50188,2026-03-04T03:00:45Z,37.8,DEM145,A320,VTBD,VTCC,212,342,682,1
DEM145_VTBD_VTCC_2026-03-04 02:55,14.24404,100.49713,2026-03-04T03:01:00Z,39.6,DEM145,A320,VTBD,VTCC,212,342,684,1
DEM145_VTBD_VTCC_2026-03-04 02:55,14.25841,100.49237,2026-03-04T03:01:15Z,41.3,DEM145,A320,VTBD,VTCC,213,342,685,1
DEM145_VTBD_VTCC_2026-03-04 02:55,14.27279,100.4876,2026-03-04T03:01:30Z,43.0,DEM145,A320,VTBD,VTCC,213,342,686,1
DEM145_VTBD_VTCC_2026-03-04 02:55,14.28719,100.48283,2026-03-04T03:01:45Z,44.7,DEM145,A320,VTBD,VTCC,214,342,687,1
DEM145_VTBD_VTCC_2026-03-04 02:55,14.3016,100.47805,2026-03-04T03:02:00Z,46.4,DEM145,A320,VTBD,VTCC,214,342,688,1
DEM145_VTBD_VTCC_2026-03-04 02:55,14.31604,100.47327,2026-03-04T03:02:15Z,48.1,DEM145,A320,VTBD,VTCC,215,342,689,1
DEM145_VTBD_VTCC_2026-03-04 02:55,14.33049,100.46847,2026-03-04T03:02:30Z,49.9,DEM145,A320,VTBD,VTCC,215,342,689,1
DEM145_VTBD_VTCC_2026-03-04 02:55,14.34496,100.46367,2026-03-04T03:02:45Z,51.6,DEM145,A320,VTBD,VTCC,216,342,690,1
DEM145_VTBD_VTCC_2026-03-04 02:55,14.35944,100.45887,2026-03-04T03:03:00Z,53.3,DEM145,A320,VTBD,VTCC,217,342,691,1
DEM145_VTBD_VTCC_2026-03-04 02:55,14.37395,100.45406,2026-03-04T03:03:15Z,55.1,DEM145,A320,VTBD,VTCC,217,342,692,1
DEM145_VTBD_VTCC_2026-03-04 02:55,14.38847,100.44924,2026-03-04T03:03:30Z,56.8,DEM145,A320,VTBD,VTCC,218,342,693,1
DEM145_VTBD_VTCC_2026-03-04 02:55,14.40301,100.44441,2026-03-04T03:03:45Z,58.5,DEM145,A320,VTBD,VTCC,218,342,694,1
DEM145_VTBD_VTCC_2026-03-04 02:55,14.41756,100.43958,2026-03-04T03:04:00Z,60.3,DEM145,A320,VTBD,VTCC,219,342,695,1
DEM145_VTBD_VTCC_2026-03-04 02:55,14.43214,100.43474,2026-03-04T03:04:15Z,62.0,DEM145,A320,VTBD,VTCC,219,342,695,1
DEM145_VTBD_VTCC_2026-03-04 02:55,14.44673,100.4299,2026-03-04T03:04:30Z,63.7,DEM145,A320,VTBD,VTCC,220,342,696,1
DEM145_VTBD_VTCC_2026-03-04 02:55,14.46134,100.42505,2026-03-04T03:04:45Z,65.5,DEM145,A320,VTBD,VTCC,220,342,697,1
DEM145_VTBD_VTCC_2026-03-04 02:55,14.47597,100.42019,2026-03-04T03:05:00Z,67.2,DEM145,A320,VTBD,VTCC,221,342,698,1
DEM145_VTBD_VTCC_2026-03-04 02:55,14.49061,100.41533,2026-03-04T03:05:15Z,69.0,DEM145,A320,VTBD,VTCC,221,342,699,1
DEM145_VTBD_VTCC_2026-03-04 02:55,14.50528,100.41046,2026-03-04T03:05:30Z,70.7,DEM145,A320,VTBD,VTCC,222,342,700,1
DEM145_VTBD_VTCC_2026-03-04 02:55,14.51996,100.40558,2026-03-04T03:05:45Z,72.5,DEM145,A320,VTBD,VTCC,222,342,700,1
DEM145_VTBD_VTCC_2026-03-04 02:55,14.53503,100.40057,2026-03-04T03:06:00Z,74.3,DEM145,A320,VTBD,VTCC,223,342,719,1
DEM145_VTBD_VTCC_2026-03-04 02:55,14.55012,100.39556,2026-03-04T03:06:15Z,76.1,DEM145,A320,VTBD,VTCC,224,342,720,1
DEM145_VTBD_VTCC_2026-03-04 02:55,14.56522,100.39054,2026-03-04T03:06:30Z,77.9,DEM145,A320,VTBD,VTCC,224,342,721,1
DEM145_VTBD_VTCC_2026-03-04 02:55,14.58035,100.38551,2026-03-04T03:06:45Z,79.7,DEM145,A320,VTBD,VTCC,225,342,722,1
DEM145_VTBD_VTCC_2026-03-04 02:55,14.59549,100.38047,2026-03-04T03:07:00Z,81.5,DEM145,A320,VTBD,VTCC,225,342,723,1
DEM145_VTBD_VTCC_2026-03-04 02:55,14.61066,100.37543,2026-03-04T03:07:15Z,83.3,DEM145,A320,VTBD,VTCC,226,342,724,1
DEM145_VTBD_VTCC_2026-03-04 02:55,14.62584,100.37038,2026-03-04T03:07:30Z,85.1,DEM145,A320,VTBD,VTCC,226,342,724,1
DEM145_VTBD_VTCC_2026-03-04 02:55,14.64104,100.36533,2026-03-04T03:07:45Z,86.9,DEM145,A320,VTBD,VTCC,227,342,725,1
DEM145_VTBD_VTCC_2026-03-04 02:55,14.65626,100.36026,2026-03-04T03:08:00Z,88.8,DEM145,A320,VTBD,VTCC,228,342,726,1
DEM145_VTBD_VTCC_2026-03-04 02:55,14.67149,100.35519,2026-03-04T03:08:15Z,90.6,DEM145,A320,VTBD,VTCC,228,342,727,1
DEM145_VTBD_VTCC_2026-03-04 02:55,14.68675,100.35012,2026-03-04T03:08:30Z,92.4,DEM145,A320,VTBD,VTCC,229,342,728,1
DEM145_VTBD_VTCC_2026-03-04 02:55,14.70202,100.34503,2026-03-04T03:08:45Z,94.2,DEM145,A320,VTBD,VTCC,229,342,729,1
DEM145_VTBD_VTCC_2026-03-04 02:55,14.71731,100.33994,2026-03-04T03:09:00Z,96.0,DEM145,A320,VTBD,VTCC,230,342,730,1
DEM145_VTBD_VTCC_2026-03-04 02:55,14.73262,100.33485,2026-03-04T03:09:15Z,97.9,DEM145,A320,VTBD,VTCC,230,342,731,1
DEM145_VTBD_VTCC_2026-03-04 02:55,14.74795,100.32974,2026-03-04T03:09:30Z,99.7,DEM145,A320,VTBD,VTCC,231,342,732,1
DEM145_VTBD_VTCC_2026-03-04 02:55,14.7633,100.32463,2026-03-04T03:09:45Z,101.5,DEM145,A320,VTBD,VTCC,232,342,732,1
DEM145_VTBD_VTCC_2026-03-04 02:55,14.77867,100.31951,2026-03-04T03:10:00Z,103.4,DEM145,A320,VTBD,VTCC,232,342,733,1
DEM145_VTBD_VTCC_2026-03-04 02:55,14.79405,100.31439,2026-03-04T03:10:15Z,105.2,DEM145,A320,VTBD,VTCC,233,342,734,1
DEM145_VTBD_VTCC_2026-03-04 02:55,14.80946,100.30926,2026-03-04T03:10:30Z,107.0,DEM145,A320,VTBD,VTCC,233,342,735,1
DEM145_VTBD_VTCC_2026-03-04 02:55,14.82491,100.30411,2026-03-04T03:10:45Z,108.9,DEM145,A320,VTBD,VTCC,234,342,737,1
DEM145_VTBD_VTCC_2026-03-04 02:55,14.84072,100.29884,2026-03-04T03:11:00Z,110.8,DEM145,A320,VTBD,VTCC,234,342,755,1
DEM145_VTBD_VTCC_2026-03-04 02:55,14.85656,100.29356,2026-03-04T03:11:15Z,112.7,DEM145,A320,VTBD,VTCC,235,342,756,1
DEM145_VTBD_VTCC_2026-03-04 02:55,14.87241,100.28828,2026-03-04T03:11:30Z,114.6,DEM145,A320,VTBD,VTCC,236,342,756,1
DEM145_VTBD_VTCC_2026-03-04 02:55,14.88828,100.28299,2026-03-04T03:11:45Z,116.5,DEM145,A320,VTBD,VTCC,236,342,757,1
DEM145_VTBD_VTCC_2026-03-04 02:55,14.90417,100.27769,2026-03-04T03:12:00Z,118.4,DEM145,A320,VTBD,VTCC,237,342,758,1
DEM145_VTBD_VTCC_2026-03-04 02:55,14.92008,100.27238,2026-03-04T03:12:15Z,120.3,DEM145,A320,VTBD,VTCC,237,342,759,1
DEM145_VTBD_VTCC_2026-03-04 02:55,14.93601,100.26707,2026-03-04T03:12:30Z,122.2,DEM145,A320,VTBD,VTCC,238,342,760,1
DEM145_VTBD_VTCC_2026-03-04 02:55,14.95196,100.26175,2026-03-04T03:12:45Z,124.1,DEM145,A320,VTBD,VTCC,239,342,761,1
DEM145_VTBD_VTCC_2026-03-04 02:55,14.96792,100.25642,2026-03-04T03:13:00Z,126.0,DEM145,A320,VTBD,VTCC,239,342,762,1
DEM145_VTBD_VTCC_2026-03-04 02:55,14.98391,100.25108,2026-03-04T03:13:15Z,127.9,DEM145,A320,VTBD,VTCC,240,342,763,1
DEM145_VTBD_VTCC_2026-03-04 02:55,14.99992,100.24574,2026-03-04T03:13:30Z,129.8,DEM145,A320,VTBD,VTCC,240,342,764,1
DEM145_VTBD_VTCC_2026-03-04 02:55,15.01594,100.24039,2026-03-04T03:13:45Z,131.7,DEM145,A320,VTBD,VTCC,241,342,765,1
DEM145_VTBD_VTCC_2026-03-04 02:55,15.03199,100.23503,2026-03-04T03:14:00Z,133.6,DEM145,A320,VTBD,VTCC,241,342,766,1
DEM145_VTBD_VTCC_2026-03-04 02:55,15.04806,100.22967,2026-03-04T03:14:15Z,135.5,DEM145,A320,VTBD,VTCC,242,342,767,1
DEM145_VTBD_VTCC_2026-03-04 02:55,15.06414,100.2243,2026-03-04T03:14:30Z,137.5,DEM145,A320,VTBD,VTCC,243,342,768,1
DEM145_VTBD_VTCC_2026-03-04 02:55,15.08024,100.21892,2026-03-04T03:14:45Z,139.4,DEM145,A320,VTBD,VTCC,243,342,769,1
DEM145_VTBD_VTCC_2026-03-04 02:55,15.09637,100.21353,2026-03-04T03:15:00Z,141.3,DEM145,A320,VTBD,VTCC,244,342,770,1
DEM145_VTBD_VTCC_2026-03-04 02:55,15.11251,100.20814,2026-03-04T03:15:15Z,143.2,DEM145,A320,VTBD,VTCC,244,342,771,1
DEM145_VTBD_VTCC_2026-03-04 02:55,15.12871,100.20273,2026-03-04T03:15:30Z,145.2,DEM145,A320,VTBD,VTCC,245,342,773,1
DEM145_VTBD_VTCC_2026-03-04 02:55,15.14526,100.19719,2026-03-04T03:15:45Z,147.1,DEM145,A320,VTBD,VTCC,246,342,790,1
DEM145_VTBD_VTCC_2026-03-04 02:55,15.16183,100.19165,2026-03-04T03:16:00Z,149.1,DEM145,A320,VTBD,VTCC,246,342,791,1
DEM145_VTBD_VTCC_2026-03-04 02:55,15.17843,100.1861,2026-03-04T03:16:15Z,151.1,DEM145,A320,VTBD,VTCC,247,342,792,1
DEM145_VTBD_VTCC_2026-03-04 02:55,15.19504,100.18055,2026-03-04T03:16:30Z,153.1,DEM145,A320,VTBD,VTCC,248,342,793,1
DEM145_VTBD_VTCC_2026-03-04 02:55,15.21168,100.17498,2026-03-04T03:16:45Z,155.1,DEM145,A320,VTBD,VTCC,248,342,794,1
DEM145_VTBD_VTCC_2026-03-04 02:55,15.22833,100.16941,2026-03-04T03:17:00Z,157.1,DEM145,A320,VTBD,VTCC,249,342,795,1
DEM145_VTBD_VTCC_2026-03-04 02:55,15.24501,100.16383,2026-03-04T03:17:15Z,159.1,DEM145,A320,VTBD,VTCC,249,342,796,1
DEM145_VTBD_VTCC_2026-03-04 02:55,15.2617,100.15825,2026-03-04T03:17:30Z,161.0,DEM145,A320,VTBD,VTCC,250,342,797,1
DEM145_VTBD_VTCC_2026-03-04 02:55,15.27842,100.15265,2026-03-04T03:17:45Z,163.0,DEM145,A320,VTBD,VTCC,251,342,798,1
DEM145_VTBD_VTCC_2026-03-04 02:55,15.29516,100.14705,2026-03-04T03:18:00Z,165.0,DEM145,A320,VTBD,VTCC,251,342,799,1
DEM145_VTBD_VTCC_2026-03-04 02:55,15.31191,100.14144,2026-03-04T03:18:15Z,167.0,DEM145,A320,VTBD,VTCC,252,342,800,1
DEM145_VTBD_VTCC_2026-03-04 02:55,15.32869,100.13582,2026-03-04T03:18:30Z,169.0,DEM145,A320,VTBD,VTCC,252,342,801,1
DEM145_VTBD_VTCC_2026-03-04 02:55,15.34549,100.13019,2026-03-04T03:18:45Z,171.0,DEM145,A320,VTBD,VTCC,253,342,802,1
DEM145_VTBD_VTCC_2026-03-04 02:55,15.3623,100.12456,2026-03-04T03:19:00Z,173.1,DEM145,A320,VTBD,VTCC,254,342,803,1
DEM145_VTBD_VTCC_2026-03-04 02:55,15.37914,100.11892,2026-03-04T03:19:15Z,175.1,DEM145,A320,VTBD,VTCC,254,342,804,1
DEM145_VTBD_VTCC_2026-03-04 02:55,15.396,100.11327,2026-03-04T03:19:30Z,177.1,DEM145,A320,VTBD,VTCC,255,342,805,1
DEM145_VTBD_VTCC_2026-03-04 02:55,15.41288,100.10761,2026-03-04T03:19:45Z,179.1,DEM145,A320,VTBD,VTCC,256,342,806,1
DEM145_VTBD_VTCC_2026-03-04 02:55,15.42978,100.10195,2026-03-04T03:20:00Z,181.1,DEM145,A320,VTBD,VTCC,256,342,807,1
DEM145_VTBD_VTCC_2026-03-04 02:55,15.44705,100.09616,2026-03-04T03:20:15Z,183.2,DEM145,A320,VTBD,VTCC,257,342,824,1
DEM145_VTBD_VTCC_2026-03-04 02:55,15.46436,100.09035,2026-03-04T03:20:30Z,185.2,DEM145,A320,VTBD,VTCC,257,342,826,1
DEM145_VTBD_VTCC_2026-03-04 02:55,15.48169,100.08454,2026-03-04T03:20:45Z,187.3,DEM145,A320,VTBD,VTCC,258,342,828,1
DEM145_VTBD_VTCC_2026-03-04 02:55,15.49905,100.07872,2026-03-04T03:21:00Z,189.4,DEM145,A320,VTBD,VTCC,259,342,829,1
DEM145_VTBD_VTCC_2026-03-04 02:55,15.51642,100.07289,2026-03-04T03:21:15Z,191.5,DEM145,A320,VTBD,VTCC,259,342,830,1
DEM145_VTBD_VTCC_2026-03-04 02:55,15.53382,100.06705,2026-03-04T03:21:30Z,193.5,DEM145,A320,VTBD,VTCC,260,342,831,1
DEM145_VTBD_VTCC_2026-03-04 02:55,15.55124,100.06121,2026-03-04T03:21:45Z,195.6,DEM145,A320,VTBD,VTCC,261,342,832,1
DEM145_VTBD_VTCC_2026-03-04 02:55,15.56868,100.05535,2026-03-04T03:22:00Z,197.7,DEM145,A320,VTBD,VTCC,261,342,833,1
DEM145_VTBD_VTCC_2026-03-04 02:55,15.58614,100.04949,2026-03-04T03:22:15Z,199.8,DEM145,A320,VTBD,VTCC,262,342,834,1
DEM145_VTBD_VTCC_2026-03-04 02:55,15.60362,100.04362,2026-03-04T03:22:30Z,201.9,DEM145,A320,VTBD,VTCC,263,342,835,1
DEM145_VTBD_VTCC_2026-03-04 02:55,15.62112,100.03774,2026-03-04T03:22:45Z,204.0,DEM145,A320,VTBD,VTCC,263,342,836,1
DEM145_VTBD_VTCC_2026-03-04 02:55,15.63865,100.03186,2026-03-04T03:23:00Z,206.1,DEM145,A320,VTBD,VTCC,264,342,837,1
DEM145_VTBD_VTCC_2026-03-04 02:55,15.65619,100.02596,2026-03-04T03:23:15Z,208.2,DEM145,A320,VTBD,VTCC,265,342,838,1
DEM145_VTBD_VTCC_2026-03-04 02:55,15.67376,100.02006,2026-03-04T03:23:30Z,210.3,DEM145,A320,VTBD,VTCC,265,342,839,1
DEM145_VTBD_VTCC_2026-03-04 02:55,15.69135,100.01415,2026-03-04T03:23:45Z,212.4,DEM145,A320,VTBD,VTCC,266,342,840,1
DEM145_VTBD_VTCC_2026-03-04 02:55,15.70896,100.00823,2026-03-04T03:24:00Z,214.5,DEM145,A320,VTBD,VTCC,267,342,841,1
DEM145_VTBD_VTCC_2026-03-04 02:55,15.72659,100.0023,2026-03-04T03:24:15Z,216.6,DEM145,A320,VTBD,VTCC,267,342,842,1
DEM145_VTBD_VTCC_2026-03-04 02:55,15.74445,99.99629,2026-03-04T03:24:30Z,218.7,DEM145,A320,VTBD,VTCC,268,342,853,1
DEM145_VTBD_VTCC_2026-03-04 02:55,15.76249,99.99022,2026-03-04T03:24:45Z,220.9,DEM145,A320,VTBD,VTCC,269,342,862,1
DEM145_VTBD_VTCC_2026-03-04 02:55,15.78056,99.98414,2026-03-04T03:25:00Z,223.0,DEM145,A320,VTBD,VTCC,269,342,863,1
DEM145_VTBD_VTCC_2026-03-04 02:55,15.79865,99.97806,2026-03-04T03:25:15Z,225.2,DEM145,A320,VTBD,VTCC,270,342,864,1
DEM145_VTBD_VTCC_2026-03-04 02:55,15.81676,99.97196,2026-03-04T03:25:30Z,227.3,DEM145,A320,VTBD,VTCC,271,342,865,1
DEM145_VTBD_VTCC_2026-03-04 02:55,15.83489,99.96586,2026-03-04T03:25:45Z,229.5,DEM145,A320,VTBD,VTCC,271,342,866,1
DEM145_VTBD_VTCC_2026-03-04 02:55,15.85305,99.95975,2026-03-04T03:26:00Z,231.7,DEM145,A320,VTBD,VTCC,272,342,867,1
DEM145_VTBD_VTCC_2026-03-04 02:55,15.87123,99.95363,2026-03-04T03:26:15Z,233.8,DEM145,A320,VTBD,VTCC,273,342,868,1
DEM145_VTBD_VTCC_2026-03-04 02:55,15.88943,99.9475,2026-03-04T03:26:30Z,236.0,DEM145,A320,VTBD,VTCC,273,342,869,1
DEM145_VTBD_VTCC_2026-03-04 02:55,15.90765,99.94136,2026-03-04T03:26:45Z,238.2,DEM145,A320,VTBD,VTCC,274,342,870,1
DEM145_VTBD_VTCC_2026-03-04 02:55,15.92589,99.93521,2026-03-04T03:27:00Z,240.4,DEM145,A320,VTBD,VTCC,275,342,871,1
DEM145_VTBD_VTCC_2026-03-04 02:55,15.94416,99.92906,2026-03-04T03:27:15Z,242.6,DEM145,A320,VTBD,VTCC,275,342,872,1
DEM145_VTBD_VTCC_2026-03-04 02:55,15.96244,99.92289,2026-03-04T03:27:30Z,244.7,DEM145,A320,VTBD,VTCC,276,342,873,1
DEM145_VTBD_VTCC_2026-03-04 02:55,15.98075,99.91672,2026-03-04T03:27:45Z,246.9,DEM145,A320,VTBD,VTCC,277,342,874,1
DEM145_VTBD_VTCC_2026-03-04 02:55,15.99909,99.91054,2026-03-04T03:28:00Z,249.1,DEM145,A320,VTBD,VTCC,277,342,875,1
DEM145_VTBD_VTCC_2026-03-04 02:55,16.01744,99.90435,2026-03-04T03:28:15Z,251.3,DEM145,A320,VTBD,VTCC,278,342,877,1
DEM145_VTBD_VTCC_2026-03-04 02:55,16.03582,99.89815,2026-03-04T03:28:30Z,253.5,DEM145,A320,VTBD,VTCC,279,342,878,1
DEM145_VTBD_VTCC_2026-03-04 02:55,16.05454,99.89183,2026-03-04T03:28:45Z,255.7,DEM145,A320,VTBD,VTCC,279,342,894,1
DEM145_VTBD_VTCC_2026-03-04 02:55,16.07334,99.88549,2026-03-04T03:29:00Z,258.0,DEM145,A320,VTBD,VTCC,280,342,897,1
DEM145_VTBD_VTCC_2026-03-04 02:55,16.09215,99.87914,2026-03-04T03:29:15Z,260.2,DEM145,A320,VTBD,VTCC,281,342,899,1
DEM145_VTBD_VTCC_2026-03-04 02:55,16.11099,99.87278,2026-03-04T03:29:30Z,262.5,DEM145,A320,VTBD,VTCC,281,342,900,1
DEM145_VTBD_VTCC_2026-03-04 02:55,16.12985,99.86641,2026-03-04T03:29:45Z,264.7,DEM145,A320,VTBD,VTCC,282,342,901,1
DEM145_VTBD_VTCC_2026-03-04 02:55,16.14874,99.86003,2026-03-04T03:30:00Z,267.0,DEM145,A320,VTBD,VTCC,283,342,902,1
DEM145_VTBD_VTCC_2026-03-04 02:55,16.16765,99.85365,2026-03-04T03:30:15Z,269.2,DEM145,A320,VTBD,VTCC,284,342,903,1
DEM145_VTBD_VTCC_2026-03-04 02:55,16.18658,99.84725,2026-03-04T03:30:30Z,271.5,DEM145,A320,VTBD,VTCC,284,342,904,1
DEM145_VTBD_VTCC_2026-03-04 02:55,16.20553,99.84085,2026-03-04T03:30:45Z,273.8,DEM145,A320,VTBD,VTCC,285,342,905,1
DEM145_VTBD_VTCC_2026-03-04 02:55,16.22451,99.83443,2026-03-04T03:31:00Z,276.0,DEM145,A320,VTBD,VTCC,286,342,906,1
DEM145_VTBD_VTCC_2026-03-04 02:55,16.2435,99.82801,2026-03-04T03:31:15Z,278.3,DEM145,A320,VTBD,VTCC,286,342,907,1
DEM145_VTBD_VTCC_2026-03-04 02:55,16.26253,99.82158,2026-03-04T03:31:30Z,280.6,DEM145,A320,VTBD,VTCC,287,342,909,1
DEM145_VTBD_VTCC_2026-03-04 02:55,16.28157,99.81514,2026-03-04T03:31:45Z,282.9,DEM145,A320,VTBD,VTCC,288,342,910,1
DEM145_VTBD_VTCC_2026-03-04 02:55,16.30064,99.80869,2026-03-04T03:32:00Z,285.1,DEM145,A320,VTBD,VTCC,288,342,911,1
DEM145_VTBD_VTCC_2026-03-04 02:55,16.31973,99.80223,2026-03-04T03:32:15Z,287.4,DEM145,A320,VTBD,VTCC,289,342,912,1
DEM145_VTBD_VTCC_2026-03-04 02:55,16.33885,99.79576,2026-03-04T03:32:30Z,289.7,DEM145,A320,VTBD,VTCC,290,342,913,1
DEM145_VTBD_VTCC_2026-03-04 02:55,16.35759,99.78942,2026-03-04T03:32:45Z,288.1,DEM145,A320,VTBD,VTCC,289,342,-657,2
DEM145_VTBD_VTCC_2026-03-04 02:55,16.37625,99.7831,2026-03-04T03:33:00Z,285.8,DEM145,A320,VTBD,VTCC,288,342,-891,2
DEM145_VTBD_VTCC_2026-03-04 02:55,16.39489,99.77679,2026-03-04T03:33:15Z,283.6,DEM145,A320,VTBD,VTCC,288,342,-890,2
DEM145_VTBD_VTCC_2026-03-04 02:55,16.4135,99.77049,2026-03-04T03:33:30Z,281.4,DEM145,A320,VTBD,VTCC,287,342,-889,2
DEM145_VTBD_VTCC_2026-03-04 02:55,16.43207,99.76419,2026-03-04T03:33:45Z,279.2,DEM145,A320,VTBD,VTCC,286,342,-887,2
DEM145_VTBD_VTCC_2026-03-04 02:55,16.45062,99.75791,2026-03-04T03:34:00Z,276.9,DEM145,A320,VTBD,VTCC,285,342,-886,2
DEM145_VTBD_VTCC_2026-03-04 02:55,16.46915,99.75163,2026-03-04T03:34:15Z,274.7,DEM145,A320,VTBD,VTCC,284,342,-885,2
DEM145_VTBD_VTCC_2026-03-04 02:55,16.48764,99.74536,2026-03-04T03:34:30Z,272.5,DEM145,A320,VTBD,VTCC,283,342,-883,2
DEM145_VTBD_VTCC_2026-03-04 02:55,16.50611,99.7391,2026-03-04T03:34:45Z,270.3,DEM145,A320,VTBD,VTCC,283,342,-882,2
DEM145_VTBD_VTCC_2026-03-04 02:55,16.52455,99.73285,2026-03-04T03:35:00Z,268.1,DEM145,A320,VTBD,VTCC,282,342,-881,2
DEM145_VTBD_VTCC_2026-03-04 02:55,16.54296,99.72661,2026-03-04T03:35:15Z,265.9,DEM145,A320,VTBD,VTCC,281,342,-879,2
DEM145_VTBD_VTCC_2026-03-04 02:55,16.56134,99.72037,2026-03-04T03:35:30Z,263.7,DEM145,A320,VTBD,VTCC,280,342,-878,2
DEM145_VTBD_VTCC_2026-03-04 02:55,16.5797,99.71414,2026-03-04T03:35:45Z,261.5,DEM145,A320,VTBD,VTCC,279,342,-877,2
DEM145_VTBD_VTCC_2026-03-04 02:55,16.59803,99.70792,2026-03-04T03:36:00Z,259.3,DEM145,A320,VTBD,VTCC,278,342,-876,2
DEM145_VTBD_VTCC_2026-03-04 02:55,16.61633,99.70171,2026-03-04T03:36:15Z,257.1,DEM145,A320,VTBD,VTCC,278,342,-874,2
DEM145_VTBD_VTCC_2026-03-04 02:55,16.6346,99.69551,2026-03-04T03:36:30Z,255.0,DEM145,A320,VTBD,VTCC,277,342,-873,2
DEM145_VTBD_VTCC_2026-03-04 02:55,16.65264,99.68938,2026-03-04T03:36:45Z,252.8,DEM145,A320,VTBD,VTCC,276,342,-862,2
DEM145_VTBD_VTCC_2026-03-04 02:55,16.67041,99.68335,2026-03-04T03:37:00Z,250.7,DEM145,A320,VTBD,VTCC,275,342,-849,2
DEM145_VTBD_VTCC_2026-03-04 02:55,16.68814,99.67732,2026-03-04T03:37:15Z,248.6,DEM145,A320,VTBD,VTCC,274,342,-847,2
DEM145_VTBD_VTCC_2026-03-04 02:55,16.70586,99.67131,2026-03-04T03:37:30Z,246.4,DEM145,A320,VTBD,VTCC,273,342,-846,2
DEM145_VTBD_VTCC_2026-03-04 02:55,16.72354,99.6653,2026-03-04T03:37:45Z,244.3,DEM145,A320,VTBD,VTCC,273,342,-845,2
DEM145_VTBD_VTCC_2026-03-04 02:55,16.7412,99.65929,2026-03-04T03:38:00Z,242.2,DEM145,A320,VTBD,VTCC,272,342,-844,2
DEM145_VTBD_VTCC_2026-03-04 02:55,16.75883,99.6533,2026-03-04T03:38:15Z,240.1,DEM145,A320,VTBD,VTCC,271,342,-842,2
DEM145_VTBD_VTCC_2026-03-04 02:55,16.77643,99.64731,2026-03-04T03:38:30Z,238.0,DEM145,A320,VTBD,VTCC,270,342,-841,2
DEM145_VTBD_VTCC_2026-03-04 02:55,16.79401,99.64134,2026-03-04T03:38:45Z,235.9,DEM145,A320,VTBD,VTCC,269,342,-840,2
DEM145_VTBD_VTCC_2026-03-04 02:55,16.81157,99.63536,2026-03-04T03:39:00Z,233.8,DEM145,A320,VTBD,VTCC,269,342,-839,2
DEM145_VTBD_VTCC_2026-03-04 02:55,16.82909,99.6294,2026-03-04T03:39:15Z,231.7,DEM145,A320,VTBD,VTCC,268,342,-837,2
DEM145_VTBD_VTCC_2026-03-04 02:55,16.84659,99.62345,2026-03-04T03:39:30Z,229.6,DEM145,A320,VTBD,VTCC,267,342,-836,2
DEM145_VTBD_VTCC_2026-03-04 02:55,16.86406,99.6175,2026-03-04T03:39:45Z,227.5,DEM145,A320,VTBD,VTCC,266,342,-835,2
DEM145_VTBD_VTCC_2026-03-04 02:55,16.88151,99.61156,2026-03-04T03:40:00Z,225.5,DEM145,A320,VTBD,VTCC,266,342,-834,2
DEM145_VTBD_VTCC_2026-03-04 02:55,16.89893,99.60563,2026-03-04T03:40:15Z,223.4,DEM145,A320,VTBD,VTCC,265,342,-832,2
DEM145_VTBD_VTCC_2026-03-04 02:55,16.91632,99.59971,2026-03-04T03:40:30Z,221.3,DEM145,A320,VTBD,VTCC,264,342,-831,2
DEM145_VTBD_VTCC_2026-03-04 02:55,16.93369,99.59379,2026-03-04T03:40:45Z,219.2,DEM145,A320,VTBD,VTCC,263,342,-830,2
DEM145_VTBD_VTCC_2026-03-04 02:55,16.95095,99.58791,2026-03-04T03:41:00Z,217.2,DEM145,A320,VTBD,VTCC,262,342,-825,2
DEM145_VTBD_VTCC_2026-03-04 02:55,16.96782,99.58216,2026-03-04T03:41:15Z,215.1,DEM145,A320,VTBD,VTCC,262,342,-806,2
DEM145_VTBD_VTCC_2026-03-04 02:55,16.98465,99.57643,2026-03-04T03:41:30Z,213.1,DEM145,A320,VTBD,VTCC,261,342,-804,2
DEM145_VTBD_VTCC_2026-03-04 02:55,17.00146,99.57069,2026-03-04T03:41:45Z,211.1,DEM145,A320,VTBD,VTCC,260,342,-803,2
DEM145_VTBD_VTCC_2026-03-04 02:55,17.01825,99.56497,2026-03-04T03:42:00Z,209.1,DEM145,A320,VTBD,VTCC,259,342,-802,2
DEM145_VTBD_VTCC_2026-03-04 02:55,17.03501,99.55926,2026-03-04T03:42:15Z,207.1,DEM145,A320,VTBD,VTCC,259,342,-801,2
DEM145_VTBD_VTCC_2026-03-04 02:55,17.05175,99.55355,2026-03-04T03:42:30Z,205.1,DEM145,A320,VTBD,VTCC,258,342,-800,2
DEM145_VTBD_VTCC_2026-03-04 02:55,17.06846,99.54785,2026-03-04T03:42:45Z,203.1,DEM145,A320,VTBD,VTCC,257,342,-798,2
DEM145_VTBD_VTCC_2026-03-04 02:55,17.08514,99.54215,2026-03-04T03:43:00Z,201.1,DEM145,A320,VTBD,VTCC,256,342,-797,2
DEM145_VTBD_VTCC_2026-03-04 02:55,17.1018,99.53647,2026-03-04T03:43:15Z,199.1,DEM145,A320,VTBD,VTCC,256,342,-796,2
DEM145_VTBD_VTCC_2026-03-04 02:55,17.11844,99.53079,2026-03-04T03:43:30Z,197.1,DEM145,A320,VTBD,VTCC,255,342,-795,2
DEM145_VTBD_VTCC_2026-03-04 02:55,17.13505,99.52512,2026-03-04T03:43:45Z,195.1,DEM145,A320,VTBD,VTCC,254,342,-794,2
DEM145_VTBD_VTCC_2026-03-04 02:55,17.15163,99.51946,2026-03-04T03:44:00Z,193.2,DEM145,A320,VTBD,VTCC,253,342,-792,2
DEM145_VTBD_VTCC_2026-03-04 02:55,17.16819,99.5138,2026-03-04T03:44:15Z,191.2,DEM145,A320,VTBD,VTCC,253,342,-791,2
DEM145_VTBD_VTCC_2026-03-04 02:55,17.18473,99.50815,2026-03-04T03:44:30Z,189.2,DEM145,A320,VTBD,VTCC,252,342,-790,2
DEM145_VTBD_VTCC_2026-03-04 02:55,17.20124,99.50251,2026-03-04T03:44:45Z,187.2,DEM145,A320,VTBD,VTCC,251,342,-789,2
DEM145_VTBD_VTCC_2026-03-04 02:55,17.21772,99.49688,2026-03-04T03:45:00Z,185.3,DEM145,A320,VTBD,VTCC,250,342,-788,2
DEM145_VTBD_VTCC_2026-03-04 02:55,17.23419,99.49125,2026-03-04T03:45:15Z,183.3,DEM145,A320,VTBD,VTCC,250,342,-787,2
DEM145_VTBD_VTCC_2026-03-04 02:55,17.25062,99.48563,2026-03-04T03:45:30Z,181.3,DEM145,A320,VTBD,VTCC,249,342,-785,2
DEM145_VTBD_VTCC_2026-03-04 02:55,17.2666,99.48017,2026-03-04T03:45:45Z,179.4,DEM145,A320,VTBD,VTCC,248,342,-763,2
DEM145_VTBD_VTCC_2026-03-04 02:55,17.28253,99.47472,2026-03-04T03:46:00Z,177.5,DEM145,A320,VTBD,VTCC,247,342,-761,2
DEM145_VTBD_VTCC_2026-03-04 02:55,17.29844,99.46928,2026-03-04T03:46:15Z,175.6,DEM145,A320,VTBD,VTCC,247,342,-760,2
DEM145_VTBD_VTCC_2026-03-04 02:55,17.31433,99.46385,2026-03-04T03:46:30Z,173.7,DEM145,A320,VTBD,VTCC,246,342,-759,2
DEM145_VTBD_VTCC_2026-03-04 02:55,17.33019,99.45842,2026-03-04T03:46:45Z,171.8,DEM145,A320,VTBD,VTCC,245,342,-758,2
DEM145_VTBD_VTCC_2026-03-04 02:55,17.34603,99.453,2026-03-04T03:47:00Z,169.9,DEM145,A320,VTBD,VTCC,244,342,-757,2
DEM145_VTBD_VTCC_2026-03-04 02:55,17.36184,99.44759,2026-03-04T03:47:15Z,168.0,DEM145,A320,VTBD,VTCC,244,342,-756,2
DEM145_VTBD_VTCC_2026-03-04 02:55,17.37763,99.44218,2026-03-04T03:47:30Z,166.2,DEM145,A320,VTBD,VTCC,243,342,-755,2
DEM145_VTBD_VTCC_2026-03-04 02:55,17.3934,99.43678,2026-03-04T03:47:45Z,164.3,DEM145,A320,VTBD,VTCC,242,342,-753,2
DEM145_VTBD_VTCC_2026-03-04 02:55,17.40914,99.43139,2026-03-04T03:48:00Z,162.4,DEM145,A320,VTBD,VTCC,242,342,-752,2
DEM145_VTBD_VTCC_2026-03-04 02:55,17.42486,99.42601,2026-03-04T03:48:15Z,160.5,DEM145,A320,VTBD,VTCC,241,342,-751,2
DEM145_VTBD_VTCC_2026-03-04 02:55,17.44055,99.42063,2026-03-04T03:48:30Z,158.6,DEM145,A320,VTBD,VTCC,240,342,-750,2
DEM145_VTBD_VTCC_2026-03-04 02:55,17.45623,99.41526,2026-03-04T03:48:45Z,156.8,DEM145,A320,VTBD,VTCC,239,342,-749,2
DEM145_VTBD_VTCC_2026-03-04 02:55,17.47187,99.4099,2026-03-04T03:49:00Z,154.9,DEM145,A320,VTBD,VTCC,239,342,-748,2
DEM145_VTBD_VTCC_2026-03-04 02:55,17.4875,99.40454,2026-03-04T03:49:15Z,153.0,DEM145,A320,VTBD,VTCC,238,342,-747,2
DEM145_VTBD_VTCC_2026-03-04 02:55,17.5031,99.39919,2026-03-04T03:49:30Z,151.2,DEM145,A320,VTBD,VTCC,237,342,-746,2
DEM145_VTBD_VTCC_2026-03-04 02:55,17.51868,99.39385,2026-03-04T03:49:45Z,149.3,DEM145,A320,VTBD,VTCC,237,342,-744,2
DEM145_VTBD_VTCC_2026-03-04 02:55,17.53423,99.38852,2026-03-04T03:50:00Z,147.4,DEM145,A320,VTBD,VTCC,236,342,-743,2
DEM145_VTBD_VTCC_2026-03-04 02:55,17.54976,99.38319,2026-03-04T03:50:15Z,145.6,DEM145,A320,VTBD,VTCC,235,342,-742,2
DEM145_VTBD_VTCC_2026-03-04 02:55,17.56495,99.37798,2026-03-04T03:50:30Z,143.8,DEM145,A320,VTBD,VTCC,235,342,-726,2
DEM145_VTBD_VTCC_2026-03-04 02:55,17.57998,99.37282,2026-03-04T03:50:45Z,142.0,DEM145,A320,VTBD,VTCC,234,342,-718,2
DEM145_VTBD_VTCC_2026-03-04 02:55,17.59499,99.36767,2026-03-04T03:51:00Z,140.2,DEM145,A320,VTBD,VTCC,233,342,-717,2
DEM145_VTBD_VTCC_2026-03-04 02:55,17.60998,99.36253,2026-03-04T03:51:15Z,138.4,DEM145,A320,VTBD,VTCC,232,342,-716,2
DEM145_VTBD_VTCC_2026-03-04 02:55,17.62494,99.35739,2026-03-04T03:51:30Z,136.6,DEM145,A320,VTBD,VTCC,232,342,-715,2
DEM145_VTBD_VTCC_2026-03-04 02:55,17.63988,99.35226,2026-03-04T03:51:45Z,134.8,DEM145,A320,VTBD,VTCC,231,342,-714,2
DEM145_VTBD_VTCC_2026-03-04 02:55,17.6548,99.34713,2026-03-04T03:52:00Z,133.0,DEM145,A320,VTBD,VTCC,230,342,-713,2
DEM145_VTBD_VTCC_2026-03-04 02:55,17.6697,99.34202,2026-03-04T03:52:15Z,131.2,DEM145,A320,VTBD,VTCC,230,342,-712,2
DEM145_VTBD_VTCC_2026-03-04 02:55,17.68457,99.33691,2026-03-04T03:52:30Z,129.5,DEM145,A320,VTBD,VTCC,229,342,-711,2
DEM145_VTBD_VTCC_2026-03-04 02:55,17.69942,99.3318,2026-03-04T03:52:45Z,127.7,DEM145,A320,VTBD,VTCC,228,342,-710,2
DEM145_VTBD_VTCC_2026-03-04 02:55,17.71425,99.32671,2026-03-04T03:53:00Z,125.9,DEM145,A320,VTBD,VTCC,228,342,-709,2
DEM145_VTBD_VTCC_2026-03-04 02:55,17.72906,99.32162,2026-03-04T03:53:15Z,124.1,DEM145,A320,VTBD,VTCC,227,342,-708,2
DEM145_VTBD_VTCC_2026-03-04 02:55,17.74384,99.31653,2026-03-04T03:53:30Z,122.4,DEM145,A320,VTBD,VTCC,226,342,-707,2
DEM145_VTBD_VTCC_2026-03-04 02:55,17.7586,99.31146,2026-03-04T03:53:45Z,120.6,DEM145,A320,VTBD,VTCC,226,342,-706,2
DEM145_VTBD_VTCC_2026-03-04 02:55,17.77334,99.30639,2026-03-04T03:54:00Z,118.8,DEM145,A320,VTBD,VTCC,225,342,-704,2
DEM145_VTBD_VTCC_2026-03-04 02:55,17.78806,99.30133,2026-03-04T03:54:15Z,117.1,DEM145,A320,VTBD,VTCC,224,342,-703,2
DEM145_VTBD_VTCC_2026-03-04 02:55,17.80276,99.29627,2026-03-04T03:54:30Z,115.3,DEM145,A320,VTBD,VTCC,224,342,-702,2
DEM145_VTBD_VTCC_2026-03-04 02:55,17.81743,99.29122,2026-03-04T03:54:45Z,113.6,DEM145,A320,VTBD,VTCC,223,342,-701,2
DEM145_VTBD_VTCC_2026-03-04 02:55,17.83208,99.28618,2026-03-04T03:55:00Z,111.8,DEM145,A320,VTBD,VTCC,222,342,-700,2
DEM145_VTBD_VTCC_2026-03-04 02:55,17.84671,99.28114,2026-03-04T03:55:15Z,110.1,DEM145,A320,VTBD,VTCC,222,342,-699,2
DEM145_VTBD_VTCC_2026-03-04 02:55,17.8612,99.27615,2026-03-04T03:55:30Z,108.3,DEM145,A320,VTBD,VTCC,221,342,-693,2
DEM145_VTBD_VTCC_2026-03-04 02:55,17.87533,99.27129,2026-03-04T03:55:45Z,106.6,DEM145,A320,VTBD,VTCC,220,342,-675,2
DEM145_VTBD_VTCC_2026-03-04 02:55,17.88945,99.26643,2026-03-04T03:56:00Z,105.0,DEM145,A320,VTBD,VTCC,220,342,-674,2
DEM145_VTBD_VTCC_2026-03-04 02:55,17.90354,99.26157,2026-03-04T03:56:15Z,103.3,DEM145,A320,VTBD,VTCC,219,342,-673,2
DEM145_VTBD_VTCC_2026-03-04 02:55,17.9176,99.25673,2026-03-04T03:56:30Z,101.6,DEM145,A320,VTBD,VTCC,219,342,-672,2
DEM145_VTBD_VTCC_2026-03-04 02:55,17.93165,99.25189,2026-03-04T03:56:45Z,99.9,DEM145,A320,VTBD,VTCC,218,342,-671,2
DEM145_VTBD_VTCC_2026-03-04 02:55,17.94568,99.24705,2026-03-04T03:57:00Z,98.2,DEM145,A320,VTBD,VTCC,217,342,-670,2
DEM145_VTBD_VTCC_2026-03-04 02:55,17.95968,99.24223,2026-03-04T03:57:15Z,96.6,DEM145,A320,VTBD,VTCC,217,342,-669,2
DEM145_VTBD_VTCC_2026-03-04 02:55,17.97367,99.23741,2026-03-04T03:57:30Z,94.9,DEM145,A320,VTBD,VTCC,216,342,-668,2
DEM145_VTBD_VTCC_2026-03-04 02:55,17.98763,99.23259,2026-03-04T03:57:45Z,93.2,DEM145,A320,VTBD,VTCC,215,342,-667,2
DEM145_VTBD_VTCC_2026-03-04 02:55,18.00157,99.22778,2026-03-04T03:58:00Z,91.5,DEM145,A320,VTBD,VTCC,215,342,-666,2
DEM145_VTBD_VTCC_2026-03-04 02:55,18.01549,99.22298,2026-03-04T03:58:15Z,89.9,DEM145,A320,VTBD,VTCC,214,342,-665,2
DEM145_VTBD_VTCC_2026-03-04 02:55,18.02939,99.21819,2026-03-04T03:58:30Z,88.2,DEM145,A320,VTBD,VTCC,213,342,-664,2
DEM145_VTBD_VTCC_2026-03-04 02:55,18.04327,99.2134,2026-03-04T03:58:45Z,86.6,DEM145,A320,VTBD,VTCC,213,342,-663,2
DEM145_VTBD_VTCC_2026-03-04 02:55,18.05713,99.20862,2026-03-04T03:59:00Z,84.9,DEM145,A320,VTBD,VTCC,212,342,-662,2
DEM145_VTBD_VTCC_2026-03-04 02:55,18.07097,99.20384,2026-03-04T03:59:15Z,83.2,DEM145,A320,VTBD,VTCC,212,342,-661,2
DEM145_VTBD_VTCC_2026-03-04 02:55,18.08478,99.19907,2026-03-04T03:59:30Z,81.6,DEM145,A320,VTBD,VTCC,211,342,-660,2
DEM145_VTBD_VTCC_2026-03-04 02:55,18.09858,99.19431,2026-03-04T03:59:45Z,79.9,DEM145,A320,VTBD,VTCC,210,342,-659,2
DEM145_VTBD_VTCC_2026-03-04 02:55,18.11235,99.18955,2026-03-04T04:00:00Z,78.3,DEM145,A320,VTBD,VTCC,210,342,-658,2
DEM145_VTBD_VTCC_2026-03-04 02:55,18.12611,99.1848,2026-03-04T04:00:15Z,76.7,DEM145,A320,VTBD,VTCC,209,342,-658,2
DEM145_VTBD_VTCC_2026-03-04 02:55,18.13984,99.18006,2026-03-04T04:00:30Z,75.0,DEM145,A320,VTBD,VTCC,208,342,-657,2
DEM145_VTBD_VTCC_2026-03-04 02:55,18.15355,99.17532,2026-03-04T04:00:45Z,73.4,DEM145,A320,VTBD,VTCC,208,342,-656,2
DEM145_VTBD_VTCC_2026-03-04 02:55,18.16703,99.17066,2026-03-04T04:01:00Z,71.8,DEM145,A320,VTBD,VTCC,207,342,-644,2
DEM145_VTBD_VTCC_2026-03-04 02:55,18.18025,99.16609,2026-03-04T04:01:15Z,70.2,DEM145,A320,VTBD,VTCC,207,342,-632,2
DEM145_VTBD_VTCC_2026-03-04 02:55,18.19345,99.16153,2026-03-04T04:01:30Z,68.6,DEM145,A320,VTBD,VTCC,206,342,-631,2
DEM145_VTBD_VTCC_2026-03-04 02:55,18.20663,99.15697,2026-03-04T04:01:45Z,67.0,DEM145,A320,VTBD,VTCC,205,342,-630,2
DEM145_VTBD_VTCC_2026-03-04 02:55,18.21979,99.15242,2026-03-04T04:02:00Z,65.4,DEM145,A320,VTBD,VTCC,205,342,-629,2
DEM145_VTBD_VTCC_2026-03-04 02:55,18.23293,99.14788,2026-03-04T04:02:15Z,63.9,DEM145,A320,VTBD,VTCC,204,342,-628,2
DEM145_VTBD_VTCC_2026-03-04 02:55,18.24605,99.14334,2026-03-04T04:02:30Z,62.3,DEM145,A320,VTBD,VTCC,204,342,-627,2
DEM145_VTBD_VTCC_2026-03-04 02:55,18.25915,99.13881,2026-03-04T04:02:45Z,60.7,DEM145,A320,VTBD,VTCC,203,342,-626,2
DEM145_VTBD_VTCC_2026-03-04 02:55,18.27223,99.13428,2026-03-04T04:03:00Z,59.2,DEM145,A320,VTBD,VTCC,202,342,-625,2
DEM145_VTBD_VTCC_2026-03-04 02:55,18.28529,99.12976,2026-03-04T04:03:15Z,57.6,DEM145,A320,VTBD,VTCC,202,342,-624,2
DEM145_VTBD_VTCC_2026-03-04 02:55,18.29833,99.12525,2026-03-04T04:03:30Z,56.1,DEM145,A320,VTBD,VTCC,201,342,-623,2
DEM145_VTBD_VTCC_2026-03-04 02:55,18.31135,99.12074,2026-03-04T04:03:45Z,54.5,DEM145,A320,VTBD,VTCC,201,342,-623,2
DEM145_VTBD_VTCC_2026-03-04 02:55,18.32435,99.11624,2026-03-04T04:04:00Z,52.9,DEM145,A320,VTBD,VTCC,200,342,-622,2
DEM145_VTBD_VTCC_2026-03-04 02:55,18.33733,99.11175,2026-03-04T04:04:15Z,51.4,DEM145,A320,VTBD,VTCC,199,342,-621,2
DEM145_VTBD_VTCC_2026-03-04 02:55,18.3503,99.10726,2026-03-04T04:04:30Z,49.8,DEM145,A320,VTBD,VTCC,199,342,-620,2
DEM145_VTBD_VTCC_2026-03-04 02:55,18.36324,99.10278,2026-03-04T04:04:45Z,48.3,DEM145,A320,VTBD,VTCC,198,342,-619,2
DEM145_VTBD_VTCC_2026-03-04 02:55,18.37616,99.0983,2026-03-04T04:05:00Z,46.7,DEM145,A320,VTBD,VTCC,198,342,-618,2
DEM145_VTBD_VTCC_2026-03-04 02:55,18.38907,99.09383,2026-03-04T04:05:15Z,45.2,DEM145,A320,VTBD,VTCC,197,342,-617,2
DEM145_VTBD_VTCC_2026-03-04 02:55,18.40195,99.08936,2026-03-04T04:05:30Z,43.7,DEM145,A320,VTBD,VTCC,197,342,-616,2
DEM145_VTBD_VTCC_2026-03-04 02:55,18.41482,99.0849,2026-03-04T04:05:45Z,42.1,DEM145,A320,VTBD,VTCC,196,342,-615,2
DEM145_VTBD_VTCC_2026-03-04 02:55,18.42766,99.08045,2026-03-04T04:06:00Z,40.6,DEM145,A320,VTBD,VTCC,195,342,-614,2
DEM145_VTBD_VTCC_2026-03-04 02:55,18.44049,99.076,2026-03-04T04:06:15Z,39.1,DEM145,A320,VTBD,VTCC,195,342,-613,2
DEM145_VTBD_VTCC_2026-03-04 02:55,18.4533,99.07156,2026-03-04T04:06:30Z,37.5,DEM145,A320,VTBD,VTCC,194,342,-612,2
DEM145_VTBD_VTCC_2026-03-04 02:55,18.46601,99.06715,2026-03-04T04:06:45Z,36.0,DEM145,A320,VTBD,VTCC,194,342,-608,2
DEM145_VTBD_VTCC_2026-03-04 02:55,18.47832,99.06288,2026-03-04T04:07:00Z,34.5,DEM145,A320,VTBD,VTCC,193,342,-589,2
DEM145_VTBD_VTCC_2026-03-04 02:55,18.49062,99.05862,2026-03-04T04:07:15Z,33.1,DEM145,A320,VTBD,VTCC,193,342,-588,2
DEM145_VTBD_VTCC_2026-03-04 02:55,18.5029,99.05436,2026-03-04T04:07:30Z,31.6,DEM145,A320,VTBD,VTCC,192,342,-587,2
DEM145_VTBD_VTCC_2026-03-04 02:55,18.51516,99.0501,2026-03-04T04:07:45Z,30.1,DEM145,A320,VTBD,VTCC,191,342,-586,2
DEM145_VTBD_VTCC_2026-03-04 02:55,18.5274,99.04585,2026-03-04T04:08:00Z,28.7,DEM145,A320,VTBD,VTCC,191,342,-585,2
DEM145_VTBD_VTCC_2026-03-04 02:55,18.53963,99.04161,2026-03-04T04:08:15Z,27.2,DEM145,A320,VTBD,VTCC,190,342,-584,2
DEM145_VTBD_VTCC_2026-03-04 02:55,18.55183,99.03737,2026-03-04T04:08:30Z,25.7,DEM145,A320,VTBD,VTCC,190,342,-584,2
DEM145_VTBD_VTCC_2026-03-04 02:55,18.56402,99.03314,2026-03-04T04:08:45Z,24.3,DEM145,A320,VTBD,VTCC,189,342,-583,2
DEM145_VTBD_VTCC_2026-03-04 02:55,18.57619,99.02891,2026-03-04T04:09:00Z,22.8,DEM145,A320,VTBD,VTCC,189,342,-582,2
DEM145_VTBD_VTCC_2026-03-04 02:55,18.58834,99.02469,2026-03-04T04:09:15Z,21.4,DEM145,A320,VTBD,VTCC,188,342,-581,2
DEM145_VTBD_VTCC_2026-03-04 02:55,18.60047,99.02048,2026-03-04T04:09:30Z,19.9,DEM145,A320,VTBD,VTCC,188,342,-580,2
DEM145_VTBD_VTCC_2026-03-04 02:55,18.61258,99.01627,2026-03-04T04:09:45Z,18.5,DEM145,A320,VTBD,VTCC,187,342,-579,2
DEM145_VTBD_VTCC_2026-03-04 02:55,18.62468,99.01207,2026-03-04T04:10:00Z,17.0,DEM145,A320,VTBD,VTCC,186,342,-578,2
DEM145_VTBD_VTCC_2026-03-04 02:55,18.63676,99.00787,2026-03-04T04:10:15Z,15.6,DEM145,A320,VTBD,VTCC,186,342,-577,2
DEM145_VTBD_VTCC_2026-03-04 02:55,18.64882,99.00368,2026-03-04T04:10:30Z,14.1,DEM145,A320,VTBD,VTCC,185,342,-577,2
DEM145_VTBD_VTCC_2026-03-04 02:55,18.66086,98.99949,2026-03-04T04:10:45Z,12.7,DEM145,A320,VTBD,VTCC,185,342,-576,2
DEM145_VTBD_VTCC_2026-03-04 02:55,18.67288,98.99531,2026-03-04T04:11:00Z,11.2,DEM145,A320,VTBD,VTCC,184,342,-575,2
DEM145_VTBD_VTCC_2026-03-04 02:55,18.68489,98.99114,2026-03-04T04:11:15Z,9.8,DEM145,A320,VTBD,VTCC,184,342,-574,2
DEM145_VTBD_VTCC_2026-03-04 02:55,18.69687,98.98697,2026-03-04T04:11:30Z,8.4,DEM145,A320,VTBD,VTCC,183,342,-573,2
DEM145_VTBD_VTCC_2026-03-04 02:55,18.70884,98.9828,2026-03-04T04:11:45Z,6.9,DEM145,A320,VTBD,VTCC,183,342,-572,2
DEM145_VTBD_VTCC_2026-03-04 02:55,18.72079,98.97865,2026-03-04T04:12:00Z,5.5,DEM145,A320,VTBD,VTCC,182,342,-571,2
DEM145_VTBD_VTCC_2026-03-04 02:55,18.73273,98.97449,2026-03-04T04:12:15Z,4.1,DEM145,A320,VTBD,VTCC,182,342,-571,2
DEM145_VTBD_VTCC_2026-03-04 02:55,18.74464,98.97035,2026-03-04T04:12:30Z,2.7,DEM145,A320,VTBD,VTCC,181,342,-570,2
DEM145_VTBD_VTCC_2026-03-04 02:55,18.75654,98.96621,2026-03-04T04:12:45Z,1.2,DEM145,A320,VTBD,VTCC,180,342,-569,2
TST537_VTCC_VTBD_2026-03-04 03:02,18.7669,98.9626,2026-03-04T03:02:00Z,0.0,TST537,A319,VTCC,VTBD,200,162,0,0
TST537_VTCC_VTBD_2026-03-04 03:02,18.75335,98.96732,2026-03-04T03:02:15Z,1.5,TST537,A319,VTCC,VTBD,201,0,603,1
TST537_VTCC_VTBD_2026-03-04 03:02,18.73978,98.97204,2026-03-04T03:02:30Z,3.0,TST537,A319,VTCC,VTBD,201,0,604,1
TST537_VTCC_VTBD_2026-03-04 03:02,18.72619,98.97677,2026-03-04T03:02:45Z,4.5,TST537,A319,VTCC,VTBD,202,0,605,1
TST537_VTCC_VTBD_2026-03-04 03:02,18.71259,98.9815,2026-03-04T03:03:00Z,6.0,TST537,A319,VTCC,VTBD,202,0,606,1
TST537_VTCC_VTBD_2026-03-04 03:02,18.69897,98.98624,2026-03-04T03:03:15Z,7.6,TST537,A319,VTCC,VTBD,203,0,606,1
TST537_VTCC_VTBD_2026-03-04 03:02,18.68533,98.99098,2026-03-04T03:03:30Z,9.1,TST537,A319,VTCC,VTBD,203,0,607,1
TST537_VTCC_VTBD_2026-03-04 03:02,18.67168,98.99573,2026-03-04T03:03:45Z,10.6,TST537,A319,VTCC,VTBD,204,0,608,1
TST537_VTCC_VTBD_2026-03-04 03:02,18.65801,99.00048,2026-03-04T03:04:00Z,12.1,TST537,A319,VTCC,VTBD,204,0,609,1
TST537_VTCC_VTBD_2026-03-04 03:02,18.64432,99.00524,2026-03-04T03:04:15Z,13.7,TST537,A319,VTCC,VTBD,205,0,609,1
TST537_VTCC_VTBD_2026-03-04 03:02,18.63062,99.01,2026-03-04T03:04:30Z,15.2,TST537,A319,VTCC,VTBD,205,0,610,1
TST537_VTCC_VTBD_2026-03-04 03:02,18.6169,99.01477,2026-03-04T03:04:45Z,16.7,TST537,A319,VTCC,VTBD,206,0,611,1
TST537_VTCC_VTBD_2026-03-04 03:02,18.60316,99.01954,2026-03-04T03:05:00Z,18.2,TST537,A319,VTCC,VTBD,206,0,612,1
TST537_VTCC_VTBD_2026-03-04 03:02,18.58941,99.02432,2026-03-04T03:05:15Z,19.8,TST537,A319,VTCC,VTBD,207,0,612,1
TST537_VTCC_VTBD_2026-03-04 03:02,18.57564,99.02911,2026-03-04T03:05:30Z,21.3,TST537,A319,VTCC,VTBD,207,0,613,1
TST537_VTCC_VTBD_2026-03-04 03:02,18.56185,99.03389,2026-03-04T03:05:45Z,22.8,TST537,A319,VTCC,VTBD,208,0,614,1
TST537_VTCC_VTBD_2026-03-04 03:02,18.54804,99.03869,2026-03-04T03:06:00Z,24.4,TST537,A319,VTCC,VTBD,208,0,615,1
TST537_VTCC_VTBD_2026-03-04 03:02,18.53422,99.04349,2026-03-04T03:06:15Z,25.9,TST537,A319,VTCC,VTBD,209,0,615,1
TST537_VTCC_VTBD_2026-03-04 03:02,18.52038,99.04829,2026-03-04T03:06:30Z,27.5,TST537,A319,VTCC,VTBD,209,0,616,1
TST537_VTCC_VTBD_2026-03-04 03:02,18.50652,99.0531,2026-03-04T03:06:45Z,29.0,TST537,A319,VTCC,VTBD,210,0,617,1
TST537_VTCC_VTBD_2026-03-04 03:02,18.49265,99.05791,2026-03-04T03:07:00Z,30.5,TST537,A319,VTCC,VTBD,210,0,618,1
TST537_VTCC_VTBD_2026-03-04 03:02,18.47876,99.06273,2026-03-04T03:07:15Z,32.1,TST537,A319,VTCC,VTBD,211,0,618,1
TST537_VTCC_VTBD_2026-03-04 03:02,18.46485,99.06756,2026-03-04T03:07:30Z,33.6,TST537,A319,VTCC,VTBD,211,0,619,1
TST537_VTCC_VTBD_2026-03-04 03:02,18.45058,99.0725,2026-03-04T03:07:45Z,35.2,TST537,A319,VTCC,VTBD,212,162,635,1
TST537_VTCC_VTBD_2026-03-04 03:02,18.43627,99.07747,2026-03-04T03:08:00Z,36.8,TST537,A319,VTCC,VTBD,212,162,637,1
TST537_VTCC_VTBD_2026-03-04 03:02,18.42194,99.08244,2026-03-04T03:08:15Z,38.4,TST537,A319,VTCC,VTBD,213,162,638,1
TST537_VTCC_VTBD_2026-03-04 03:02,18.40759,99.08741,2026-03-04T03:08:30Z,40.0,TST537,A319,VTCC,VTBD,213,162,639,1
TST537_VTCC_VTBD_2026-03-04 03:02,18.39322,99.09239,2026-03-04T03:08:45Z,41.6,TST537,A319,VTCC,VTBD,214,162,639,1
TST537_VTCC_VTBD_2026-03-04 03:02,18.37884,99.09737,2026-03-04T03:09:00Z,43.2,TST537,A319,VTCC,VTBD,214,162,640,1
TST537_VTCC_VTBD_2026-03-04 03:02,18.36443,99.10236,2026-03-04T03:09:15Z,44.8,TST537,A319,VTCC,VTBD,215,162,641,1
TST537_VTCC_VTBD_2026-03-04 03:02,18.35001,99.10736,2026-03-04T03:09:30Z,46.4,TST537,A319,VTCC,VTBD,215,162,642,1
TST537_VTCC_VTBD_2026-03-04 03:02,18.33558,99.11236,2026-03-04T03:09:45Z,48.0,TST537,A319,VTCC,VTBD,216,162,643,1
TST537_VTCC_VTBD_2026-03-04 03:02,18.32112,99.11736,2026-03-04T03:10:00Z,49.7,TST537,A319,VTCC,VTBD,217,162,643,1
TST537_VTCC_VTBD_2026-03-04 03:02,18.30665,99.12237,2026-03-04T03:10:15Z,51.3,TST537,A319,VTCC,VTBD,217,162,644,1
TST537_VTCC_VTBD_2026-03-04 03:02,18.29216,99.12739,2026-03-04T03:10:30Z,52.9,TST537,A319,VTCC,VTBD,218,162,645,1
TST537_VTCC_VTBD_2026-03-04 03:02,18.27765,99.13241,2026-03-04T03:10:45Z,54.5,TST537,A319,VTCC,VTBD,218,162,646,1
TST537_VTCC_VTBD_2026-03-04 03:02,18.26312,99.13743,2026-03-04T03:11:00Z,56.1,TST537,A319,VTCC,VTBD,219,162,647,1
TST537_VTCC_VTBD_2026-03-04 03:02,18.24858,99.14247,2026-03-04T03:11:15Z,57.7,TST537,A319,VTCC,VTBD,219,162,647,1
TST537_VTCC_VTBD_2026-03-04 03:02,18.23402,99.1475,2026-03-04T03:11:30Z,59.4,TST537,A319,VTCC,VTBD,220,162,648,1
TST537_VTCC_VTBD_2026-03-04 03:02,18.21944,99.15255,2026-03-04T03:11:45Z,61.0,TST537,A319,VTCC,VTBD,220,162,649,1
TST537_VTCC_VTBD_2026-03-04 03:02,18.20484,99.15759,2026-03-04T03:12:00Z,62.6,TST537,A319,VTCC,VTBD,221,162,650,1
TST537_VTCC_VTBD_2026-03-04 03:02,18.19022,99.16265,2026-03-04T03:12:15Z,64.2,TST537,A319,VTCC,VTBD,221,162,651,1
TST537_VTCC_VTBD_2026-03-04 03:02,18.17559,99.1677,2026-03-04T03:12:30Z,65.9,TST537,A319,VTCC,VTBD,222,162,651,1
TST537_VTCC_VTBD_2026-03-04 03:02,18.16094,99.17277,2026-03-04T03:12:45Z,67.5,TST537,A319,VTCC,VTBD,222,162,652,1
TST537_VTCC_VTBD_2026-03-04 03:02,18.1459,99.17796,2026-03-04T03:13:00Z,69.2,TST537,A319,VTCC,VTBD,223,162,669,1
TST537_VTCC_VTBD_2026-03-04 03:02,18.13084,99.18317,2026-03-04T03:13:15Z,70.8,TST537,A319,VTCC,VTBD,224,162,670,1
TST537_VTCC_VTBD_2026-03-04 03:02,18.11576,99.18837,2026-03-04T03:13:30Z,72.5,TST537,A319,VTCC,VTBD,224,162,671,1
TST537_VTCC_VTBD_2026-03-04 03:02,18.10066,99.19359,2026-03-04T03:13:45Z,74.2,TST537,A319,VTCC,VTBD,225,162,672,1
TST537_VTCC_VTBD_2026-03-04 03:02,18.08555,99.19881,2026-03-04T03:14:00Z,75.9,TST537,A319,VTCC,VTBD,225,162,673,1
TST537_VTCC_VTBD_2026-03-04 03:02,18.07041,99.20403,2026-03-04T03:14:15Z,77.6,TST537,A319,VTCC,VTBD,226,162,674,1
TST537_VTCC_VTBD_2026-03-04 03:02,18.05526,99.20926,2026-03-04T03:14:30Z,79.3,TST537,A319,VTCC,VTBD,226,162,674,1
TST537_VTCC_VTBD_2026-03-04 03:02,18.04009,99.2145,2026-03-04T03:14:45Z,80.9,TST537,A319,VTCC,VTBD,227,162,675,1
TST537_VTCC_VTBD_2026-03-04 03:02,18.0249,99.21974,2026-03-04T03:15:00Z,82.6,TST537,A319,VTCC,VTBD,228,162,676,1
TST537_VTCC_VTBD_2026-03-04 03:02,18.00969,99.22498,2026-03-04T03:15:15Z,84.3,TST537,A319,VTCC,VTBD,228,162,677,1
TST537_VTCC_VTBD_2026-03-04 03:02,17.99446,99.23024,2026-03-04T03:15:30Z,86.0,TST537,A319,VTCC,VTBD,229,162,678,1
TST537_VTCC_VTBD_2026-03-04 03:02,17.97921,99.23549,2026-03-04T03:15:45Z,87.7,TST537,A319,VTCC,VTBD,229,162,679,1
TST537_VTCC_VTBD_2026-03-04 03:02,17.96395,99.24076,2026-03-04T03:16:00Z,89.4,TST537,A319,VTCC,VTBD,230,162,679,1
TST537_VTCC_VTBD_2026-03-04 03:02,17.94866,99.24602,2026-03-04T03:16:15Z,91.1,TST537,A319,VTCC,VTBD,230,162,680,1
TST537_VTCC_VTBD_2026-03-04 03:02,17.93336,99.2513,2026-03-04T03:16:30Z,92.8,TST537,A319,VTCC,VTBD,231,162,681,1
TST537_VTCC_VTBD_2026-03-04 03:02,17.91804,99.25658,2026-03-04T03:16:45Z,94.5,TST537,A319,VTCC,VTBD,232,162,682,1
TST537_VTCC_VTBD_2026-03-04 03:02,17.9027,99.26186,2026-03-04T03:17:00Z,96.2,TST537,A319,VTCC,VTBD,232,162,683,1
TST537_VTCC_VTBD_2026-03-04 03:02,17.88734,99.26715,2026-03-04T03:17:15Z,98.0,TST537,A319,VTCC,VTBD,233,162,684,1
TST537_VTCC_VTBD_2026-03-04 03:02,17.87196,99.27245,2026-03-04T03:17:30Z,99.7,TST537,A319,VTCC,VTBD,233,162,684,1
TST537_VTCC_VTBD_2026-03-04 03:02,17.85653,99.27776,2026-03-04T03:17:45Z,101.4,TST537,A319,VTCC,VTBD,234,162,687,1
TST537_VTCC_VTBD_2026-03-04 03:02,17.84075,99.2832,2026-03-04T03:18:00Z,103.1,TST537,A319,VTCC,VTBD,234,162,703,1
TST537_VTCC_VTBD_2026-03-04 03:02,17.82494,99.28864,2026-03-04T03:18:15Z,104.9,TST537,A319,VTCC,VTBD,235,162,703,1
TST537_VTCC_VTBD_2026-03-04 03:02,17.80911,99.29408,2026-03-04T03:18:30Z,106.7,TST537,A319,VTCC,VTBD,236,162,704,1
TST537_VTCC_VTBD_2026-03-04 03:02,17.79327,99.29954,2026-03-04T03:18:45Z,108.4,TST537,A319,VTCC,VTBD,236,162,705,1
TST537_VTCC_VTBD_2026-03-04 03:02,17.7774,99.30499,2026-03-04T03:19:00Z,110.2,TST537,A319,VTCC,VTBD,237,162,706,1
TST537_VTCC_VTBD_2026-03-04 03:02,17.76151,99.31046,2026-03-04T03:19:15Z,112.0,TST537,A319,VTCC,VTBD,237,162,707,1
TST537_VTCC_VTBD_2026-03-04 03:02,17.74561,99.31593,2026-03-04T03:19:30Z,113.7,TST537,A319,VTCC,VTBD,238,162,708,1
TST537_VTCC_VTBD_2026-03-04 03:02,17.72969,99.3214,2026-03-04T03:19:45Z,115.5,TST537,A319,VTCC,VTBD,239,162,709,1
TST537_VTCC_VTBD_2026-03-04 03:02,17.71374,99.32688,2026-03-04T03:20:00Z,117.3,TST537,A319,VTCC,VTBD,239,162,709,1
TST537_VTCC_VTBD_2026-03-04 03:02,17.69778,99.33237,2026-03-04T03:20:15Z,119.1,TST537,A319,VTCC,VTBD,240,162,710,1
TST537_VTCC_VTBD_2026-03-04 03:02,17.68179,99.33786,2026-03-04T03:20:30Z,120.8,TST537,A319,VTCC,VTBD,240,162,711,1
TST537_VTCC_VTBD_2026-03-04 03:02,17.66579,99.34336,2026-03-04T03:20:45Z,122.6,TST537,A319,VTCC,VTBD,241,162,712,1
TST537_VTCC_VTBD_2026-03-04 03:02,17.64977,99.34886,2026-03-04T03:21:00Z,124.4,TST537,A319,VTCC,VTBD,241,162,713,1
TST537_VTCC_VTBD_2026-03-04 03:02,17.63373,99.35437,2026-03-04T03:21:15Z,126.2,TST537,A319,VTCC,VTBD,242,162,714,1
TST537_VTCC_VTBD_2026-03-04 03:02,17.61766,99.35989,2026-03-04T03:21:30Z,128.0,TST537,A319,VTCC,VTBD,243,162,715,1
TST537_VTCC_VTBD_2026-03-04 03:02,17.60158,99.36541,2026-03-04T03:21:45Z,129.8,TST537,A319,VTCC,VTBD,243,162,716,1
TST537_VTCC_VTBD_2026-03-04 03:02,17.58548,99.37093,2026-03-04T03:22:00Z,131.6,TST537,A319,VTCC,VTBD,244,162,716,1
TST537_VTCC_VTBD_2026-03-04 03:02,17.56936,99.37647,2026-03-04T03:22:15Z,133.4,TST537,A319,VTCC,VTBD,244,162,717,1
TST537_VTCC_VTBD_2026-03-04 03:02,17.55319,99.38202,2026-03-04T03:22:30Z,135.2,TST537,A319,VTCC,VTBD,245,162,720,1
TST537_VTCC_VTBD_2026-03-04 03:02,17.53665,99.38769,2026-03-04T03:22:45Z,137.0,TST537,A319,VTCC,VTBD,246,162,736,1
TST537_VTCC_VTBD_2026-03-04 03:02,17.5201,99.39336,2026-03-04T03:23:00Z,138.8,TST537,A319,VTCC,VTBD,246,162,737,1
TST537_VTCC_VTBD_2026-03-04 03:02,17.50353,99.39905,2026-03-04T03:23:15Z,140.7,TST537,A319,VTCC,VTBD,247,162,737,1
TST537_VTCC_VTBD_2026-03-04 03:02,17.48693,99.40474,2026-03-04T03:23:30Z,142.5,TST537,A319,VTCC,VTBD,248,162,738,1
TST537_VTCC_VTBD_2026-03-04 03:02,17.47032,99.41043,2026-03-04T03:23:45Z,144.4,TST537,A319,VTCC,VTBD,248,162,739,1
TST537_VTCC_VTBD_2026-03-04 03:02,17.45368,99.41613,2026-03-04T03:24:00Z,146.2,TST537,A319,VTCC,VTBD,249,162,740,1
TST537_VTCC_VTBD_2026-03-04 03:02,17.43703,99.42184,2026-03-04T03:24:15Z,148.1,TST537,A319,VTCC,VTBD,249,162,741,1
TST537_VTCC_VTBD_2026-03-04 03:02,17.42035,99.42755,2026-03-04T03:24:30Z,149.9,TST537,A319,VTCC,VTBD,250,162,742,1
TST537_VTCC_VTBD_2026-03-04 03:02,17.40366,99.43327,2026-03-04T03:24:45Z,151.8,TST537,A319,VTCC,VTBD,251,162,743,1
TST537_VTCC_VTBD_2026-03-04 03:02,17.38694,99.43899,2026-03-04T03:25:00Z,153.7,TST537,A319,VTCC,VTBD,251,162,744,1
TST537_VTCC_VTBD_2026-03-04 03:02,17.3702,99.44473,2026-03-04T03:25:15Z,155.5,TST537,A319,VTCC,VTBD,252,162,745,1
TST537_VTCC_VTBD_2026-03-04 03:02,17.35344,99.45046,2026-03-04T03:25:30Z,157.4,TST537,A319,VTCC,VTBD,252,162,746,1
TST537_VTCC_VTBD_2026-03-04 03:02,17.33666,99.4562,2026-03-04T03:25:45Z,159.3,TST537,A319,VTCC,VTBD,253,162,747,1
TST537_VTCC_VTBD_2026-03-04 03:02,17.31986,99.46195,2026-03-04T03:26:00Z,161.1,TST537,A319,VTCC,VTBD,254,162,747,1
TST537_VTCC_VTBD_2026-03-04 03:02,17.30304,99.46771,2026-03-04T03:26:15Z,163.0,TST537,A319,VTCC,VTBD,254,162,748,1
TST537_VTCC_VTBD_2026-03-04 03:02,17.2862,99.47347,2026-03-04T03:26:30Z,164.9,TST537,A319,VTCC,VTBD,255,162,749,1
TST537_VTCC_VTBD_2026-03-04 03:02,17.26934,99.47923,2026-03-04T03:26:45Z,166.7,TST537,A319,VTCC,VTBD,256,162,750,1
TST537_VTCC_VTBD_2026-03-04 03:02,17.25246,99.48501,2026-03-04T03:27:00Z,168.6,TST537,A319,VTCC,VTBD,256,162,751,1
TST537_VTCC_VTBD_2026-03-04 03:02,17.23521,99.4909,2026-03-04T03:27:15Z,170.5,TST537,A319,VTCC,VTBD,257,162,767,1
TST537_VTCC_VTBD_2026-03-04 03:02,17.21791,99.49682,2026-03-04T03:27:30Z,172.5,TST537,A319,VTCC,VTBD,257,162,769,1
TST537_VTCC_VTBD_2026-03-04 03:02,17.20059,99.50273,2026-03-04T03:27:45Z,174.4,TST537,A319,VTCC,VTBD,258,162,770,1
TST537_VTCC_VTBD_2026-03-04 03:02,17.18325,99.50866,2026-03-04T03:28:00Z,176.3,TST537,A319,VTCC,VTBD,259,162,771,1
TST537_VTCC_VTBD_2026-03-04 03:02,17.16589,99.51459,2026-03-04T03:28:15Z,178.3,TST537,A319,VTCC,VTBD,259,162,772,1
TST537_VTCC_VTBD_2026-03-04 03:02,17.14851,99.52052,2026-03-04T03:28:30Z,180.2,TST537,A319,VTCC,VTBD,260,162,773,1
TST537_VTCC_VTBD_2026-03-04 03:02,17.13111,99.52647,2026-03-04T03:28:45Z,182.1,TST537,A319,VTCC,VTBD,261,162,774,1
TST537_VTCC_VTBD_2026-03-04 03:02,17.11368,99.53241,2026-03-04T03:29:00Z,184.1,TST537,A319,VTCC,VTBD,261,162,775,1
TST537_VTCC_VTBD_2026-03-04 03:02,17.09624,99.53837,2026-03-04T03:29:15Z,186.0,TST537,A319,VTCC,VTBD,262,162,776,1
TST537_VTCC_VTBD_2026-03-04 03:02,17.07877,99.54433,2026-03-04T03:29:30Z,188.0,TST537,A319,VTCC,VTBD,263,162,777,1
TST537_VTCC_VTBD_2026-03-04 03:02,17.06128,99.5503,2026-03-04T03:29:45Z,189.9,TST537,A319,VTCC,VTBD,263,162,778,1
TST537_VTCC_VTBD_2026-03-04 03:02,17.04377,99.55627,2026-03-04T03:30:00Z,191.8,TST537,A319,VTCC,VTBD,264,162,779,1
TST537_VTCC_VTBD_2026-03-04 03:02,17.02624,99.56225,2026-03-04T03:30:15Z,193.8,TST537,A319,VTCC,VTBD,265,162,780,1
TST537_VTCC_VTBD_2026-03-04 03:02,17.00869,99.56823,2026-03-04T03:30:30Z,195.8,TST537,A319,VTCC,VTBD,265,162,781,1
TST537_VTCC_VTBD_2026-03-04 03:02,16.99111,99.57422,2026-03-04T03:30:45Z,197.7,TST537,A319,VTCC,VTBD,266,162,782,1
TST537_VTCC_VTBD_2026-03-04 03:02,16.97351,99.58022,2026-03-04T03:31:00Z,199.7,TST537,A319,VTCC,VTBD,267,162,783,1
TST537_VTCC_VTBD_2026-03-04 03:02,16.95589,99.58623,2026-03-04T03:31:15Z,201.6,TST537,A319,VTCC,VTBD,267,162,784,1
TST537_VTCC_VTBD_2026-03-04 03:02,16.93804,99.59231,2026-03-04T03:31:30Z,203.6,TST537,A319,VTCC,VTBD,268,162,794,1
TST537_VTCC_VTBD_2026-03-04 03:02,16.92001,99.59845,2026-03-04T03:31:45Z,205.6,TST537,A319,VTCC,VTBD,269,162,802,1
TST537_VTCC_VTBD_2026-03-04 03:02,16.90195,99.6046,2026-03-04T03:32:00Z,207.6,TST537,A319,VTCC,VTBD,269,162,803,1
TST537_VTCC_VTBD_2026-03-04 03:02,16.88388,99.61076,2026-03-04T03:32:15Z,209.6,TST537,A319,VTCC,VTBD,270,162,804,1
TST537_VTCC_VTBD_2026-03-04 03:02,16.86577,99.61692,2026-03-04T03:32:30Z,211.7,TST537,A319,VTCC,VTBD,271,162,805,1
TST537_VTCC_VTBD_2026-03-04 03:02,16.84765,99.62309,2026-03-04T03:32:45Z,213.7,TST537,A319,VTCC,VTBD,271,162,806,1
TST537_VTCC_VTBD_2026-03-04 03:02,16.82951,99.62926,2026-03-04T03:33:00Z,215.7,TST537,A319,VTCC,VTBD,272,162,807,1
TST537_VTCC_VTBD_2026-03-04 03:02,16.81134,99.63544,2026-03-04T03:33:15Z,217.7,TST537,A319,VTCC,VTBD,273,162,808,1
TST537_VTCC_VTBD_2026-03-04 03:02,16.79315,99.64163,2026-03-04T03:33:30Z,219.7,TST537,A319,VTCC,VTBD,273,162,809,1
TST537_VTCC_VTBD_2026-03-04 03:02,16.77494,99.64782,2026-03-04T03:33:45Z,221.8,TST537,A319,VTCC,VTBD,274,162,810,1
TST537_VTCC_VTBD_2026-03-04 03:02,16.7567,99.65402,2026-03-04T03:34:00Z,223.8,TST537,A319,VTCC,VTBD,275,162,811,1
TST537_VTCC_VTBD_2026-03-04 03:02,16.73844,99.66023,2026-03-04T03:34:15Z,225.8,TST537,A319,VTCC,VTBD,275,162,812,1
TST537_VTCC_VTBD_2026-03-04 03:02,16.72016,99.66644,2026-03-04T03:34:30Z,227.9,TST537,A319,VTCC,VTBD,276,162,813,1
TST537_VTCC_VTBD_2026-03-04 03:02,16.70186,99.67266,2026-03-04T03:34:45Z,229.9,TST537,A319,VTCC,VTBD,277,162,814,1
TST537_VTCC_VTBD_2026-03-04 03:02,16.68354,99.67889,2026-03-04T03:35:00Z,231.9,TST537,A319,VTCC,VTBD,277,162,815,1
TST537_VTCC_VTBD_2026-03-04 03:02,16.66519,99.68512,2026-03-04T03:35:15Z,234.0,TST537,A319,VTCC,VTBD,278,162,816,1
TST537_VTCC_VTBD_2026-03-04 03:02,16.64682,99.69136,2026-03-04T03:35:30Z,236.0,TST537,A319,VTCC,VTBD,279,162,817,1
TST537_VTCC_VTBD_2026-03-04 03:02,16.62809,99.69772,2026-03-04T03:35:45Z,238.1,TST537,A319,VTCC,VTBD,279,162,833,1
TST537_VTCC_VTBD_2026-03-04 03:02,16.60931,99.70409,2026-03-04T03:36:00Z,240.2,TST537,A319,VTCC,VTBD,280,162,836,1
TST537_VTCC_VTBD_2026-03-04 03:02,16.5905,99.71048,2026-03-04T03:36:15Z,242.3,TST537,A319,VTCC,VTBD,281,162,837,1
TST537_VTCC_VTBD_2026-03-04 03:02,16.57166,99.71687,2026-03-04T03:36:30Z,244.4,TST537,A319,VTCC,VTBD,281,162,838,1
TST537_VTCC_VTBD_2026-03-04 03:02,16.55281,99.72327,2026-03-04T03:36:45Z,246.5,TST537,A319,VTCC,VTBD,282,162,839,1
TST537_VTCC_VTBD_2026-03-04 03:02,16.53393,99.72967,2026-03-04T03:37:00Z,248.6,TST537,A319,VTCC,VTBD,283,162,840,1
TST537_VTCC_VTBD_2026-03-04 03:02,16.51502,99.73608,2026-03-04T03:37:15Z,250.7,TST537,A319,VTCC,VTBD,284,162,841,1
TST537_VTCC_VTBD_2026-03-04 03:02,16.4961,99.7425,2026-03-04T03:37:30Z,252.8,TST537,A319,VTCC,VTBD,284,162,842,1
TST537_VTCC_VTBD_2026-03-04 03:02,16.47715,99.74892,2026-03-04T03:37:45Z,254.9,TST537,A319,VTCC,VTBD,285,162,843,1
TST537_VTCC_VTBD_2026-03-04 03:02,16.45817,99.75535,2026-03-04T03:38:00Z,257.0,TST537,A319,VTCC,VTBD,286,162,844,1
TST537_VTCC_VTBD_2026-03-04 03:02,16.43917,99.76179,2026-03-04T03:38:15Z,259.1,TST537,A319,VTCC,VTBD,286,162,845,1
TST537_VTCC_VTBD_2026-03-04 03:02,16.42015,99.76823,2026-03-04T03:38:30Z,261.2,TST537,A319,VTCC,VTBD,287,162,846,1
TST537_VTCC_VTBD_2026-03-04 03:02,16.40111,99.77468,2026-03-04T03:38:45Z,263.4,TST537,A319,VTCC,VTBD,288,162,847,1
TST537_VTCC_VTBD_2026-03-04 03:02,16.38204,99.78114,2026-03-04T03:39:00Z,265.5,TST537,A319,VTCC,VTBD,288,162,848,1
TST537_VTCC_VTBD_2026-03-04 03:02,16.36295,99.7876,2026-03-04T03:39:15Z,267.6,TST537,A319,VTCC,VTBD,289,162,849,1
TST537_VTCC_VTBD_2026-03-04 03:02,16.34384,99.79407,2026-03-04T03:39:30Z,269.7,TST537,A319,VTCC,VTBD,290,162,850,1
TST537_VTCC_VTBD_2026-03-04 03:02,16.32509,99.80042,2026-03-04T03:39:45Z,268.2,TST537,A319,VTCC,VTBD,289,162,-612,2
TST537_VTCC_VTBD_2026-03-04 03:02,16.30643,99.80673,2026-03-04T03:40:00Z,266.1,TST537,A319,VTCC,VTBD,288,162,-830,2
TST537_VTCC_VTBD_2026-03-04 03:02,16.28779,99.81303,2026-03-04T03:40:15Z,264.0,TST537,A319,VTCC,VTBD,288,162,-829,2
TST537_VTCC_VTBD_2026-03-04 03:02,16.26919,99.81933,2026-03-04T03:40:30Z,262.0,TST537,A319,VTCC,VTBD,287,162,-827,2
TST537_VTCC_VTBD_2026-03-04 03:02,16.25061,99.82561,2026-03-04T03:40:45Z,259.9,TST537,A319,VTCC,VTBD,286,162,-826,2
TST537_VTCC_VTBD_2026-03-04 03:02,16.23205,99.83188,2026-03-04T03:41:00Z,257.8,TST537,A319,VTCC,VTBD,285,162,-825,2
TST537_VTCC_VTBD_2026-03-04 03:02,16.21353,99.83814,2026-03-04T03:41:15Z,255.8,TST537,A319,VTCC,VTBD,284,162,-824,2
TST537_VTCC_VTBD_2026-03-04 03:02,16.19503,99.8444,2026-03-04T03:41:30Z,253.7,TST537,A319,VTCC,VTBD,283,162,-822,2
TST537_VTCC_VTBD_2026-03-04 03:02,16.17656,99.85064,2026-03-04T03:41:45Z,251.7,TST537,A319,VTCC,VTBD,283,162,-821,2
TST537_VTCC_VTBD_2026-03-04 03:02,16.15812,99.85687,2026-03-04T03:42:00Z,249.6,TST537,A319,VTCC,VTBD,282,162,-820,2
TST537_VTCC_VTBD_2026-03-04 03:02,16.1397,99.86309,2026-03-04T03:42:15Z,247.6,TST537,A319,VTCC,VTBD,281,162,-819,2
TST537_VTCC_VTBD_2026-03-04 03:02,16.12131,99.8693,2026-03-04T03:42:30Z,245.5,TST537,A319,VTCC,VTBD,280,162,-818,2
TST537_VTCC_VTBD_2026-03-04 03:02,16.10295,99.87549,2026-03-04T03:42:45Z,243.5,TST537,A319,VTCC,VTBD,279,162,-816,2
TST537_VTCC_VTBD_2026-03-04 03:02,16.08462,99.88168,2026-03-04T03:43:00Z,241.4,TST537,A319,VTCC,VTBD,278,162,-815,2
TST537_VTCC_VTBD_2026-03-04 03:02,16.06631,99.88786,2026-03-04T03:43:15Z,239.4,TST537,A319,VTCC,VTBD,278,162,-814,2
TST537_VTCC_VTBD_2026-03-04 03:02,16.04804,99.89403,2026-03-04T03:43:30Z,237.4,TST537,A319,VTCC,VTBD,277,162,-813,2
TST537_VTCC_VTBD_2026-03-04 03:02,16.02999,99.90012,2026-03-04T03:43:45Z,235.4,TST537,A319,VTCC,VTBD,276,162,-802,2
TST537_VTCC_VTBD_2026-03-04 03:02,16.01222,99.90611,2026-03-04T03:44:00Z,233.4,TST537,A319,VTCC,VTBD,275,162,-790,2
TST537_VTCC_VTBD_2026-03-04 03:02,15.99448,99.91209,2026-03-04T03:44:15Z,231.4,TST537,A319,VTCC,VTBD,274,162,-789,2
TST537_VTCC_VTBD_2026-03-04 03:02,15.97676,99.91807,2026-03-04T03:44:30Z,229.4,TST537,A319,VTCC,VTBD,273,162,-788,2
TST537_VTCC_VTBD_2026-03-04 03:02,15.95907,99.92403,2026-03-04T03:44:45Z,227.5,TST537,A319,VTCC,VTBD,273,162,-787,2
TST537_VTCC_VTBD_2026-03-04 03:02,15.9414,99.92999,2026-03-04T03:45:00Z,225.5,TST537,A319,VTCC,VTBD,272,162,-785,2
TST537_VTCC_VTBD_2026-03-04 03:02,15.92376,99.93593,2026-03-04T03:45:15Z,223.6,TST537,A319,VTCC,VTBD,271,162,-784,2
TST537_VTCC_VTBD_2026-03-04 03:02,15.90615,99.94186,2026-03-04T03:45:30Z,221.6,TST537,A319,VTCC,VTBD,270,162,-783,2
TST537_VTCC_VTBD_2026-03-04 03:02,15.88856,99.94779,2026-03-04T03:45:45Z,219.6,TST537,A319,VTCC,VTBD,269,162,-782,2
TST537_VTCC_VTBD_2026-03-04 03:02,15.871,99.9537,2026-03-04T03:46:00Z,217.7,TST537,A319,VTCC,VTBD,269,162,-781,2
TST537_VTCC_VTBD_2026-03-04 03:02,15.85347,99.95961,2026-03-04T03:46:15Z,215.7,TST537,A319,VTCC,VTBD,268,162,-780,2
TST537_VTCC_VTBD_2026-03-04 03:02,15.83596,99.9655,2026-03-04T03:46:30Z,213.8,TST537,A319,VTCC,VTBD,267,162,-778,2
TST537_VTCC_VTBD_2026-03-04 03:02,15.81847,99.97139,2026-03-04T03:46:45Z,211.8,TST537,A319,VTCC,VTBD,266,162,-777,2
TST537_VTCC_VTBD_2026-03-04 03:02,15.80102,99.97726,2026-03-04T03:47:00Z,209.9,TST537,A319,VTCC,VTBD,266,162,-776,2
TST537_VTCC_VTBD_2026-03-04 03:02,15.78359,99.98313,2026-03-04T03:47:15Z,208.0,TST537,A319,VTCC,VTBD,265,162,-775,2
TST537_VTCC_VTBD_2026-03-04 03:02,15.76618,99.98898,2026-03-04T03:47:30Z,206.0,TST537,A319,VTCC,VTBD,264,162,-774,2
TST537_VTCC_VTBD_2026-03-04 03:02,15.7488,99.99483,2026-03-04T03:47:45Z,204.1,TST537,A319,VTCC,VTBD,263,162,-773,2
TST537_VTCC_VTBD_2026-03-04 03:02,15.73153,100.00064,2026-03-04T03:48:00Z,202.2,TST537,A319,VTCC,VTBD,262,162,-768,2
TST537_VTCC_VTBD_2026-03-04 03:02,15.71466,100.00631,2026-03-04T03:48:15Z,200.3,TST537,A319,VTCC,VTBD,262,162,-750,2
TST537_VTCC_VTBD_2026-03-04 03:02,15.69781,100.01197,2026-03-04T03:48:30Z,198.4,TST537,A319,VTCC,VTBD,261,162,-749,2
TST537_VTCC_VTBD_2026-03-04 03:02,15.68098,100.01763,2026-03-04T03:48:45Z,196.6,TST537,A319,VTCC,VTBD,260,162,-748,2
TST537_VTCC_VTBD_2026-03-04 03:02,15.66419,100.02327,2026-03-04T03:49:00Z,194.7,TST537,A319,VTCC,VTBD,259,162,-747,2
TST537_VTCC_VTBD_2026-03-04 03:02,15.64741,100.02891,2026-03-04T03:49:15Z,192.8,TST537,A319,VTCC,VTBD,259,162,-746,2
TST537_VTCC_VTBD_2026-03-04 03:02,15.63066,100.03454,2026-03-04T03:49:30Z,191.0,TST537,A319,VTCC,VTBD,258,162,-744,2
TST537_VTCC_VTBD_2026-03-04 03:02,15.61394,100.04015,2026-03-04T03:49:45Z,189.1,TST537,A319,VTCC,VTBD,257,162,-743,2
TST537_VTCC_VTBD_2026-03-04 03:02,15.59724,100.04576,2026-03-04T03:50:00Z,187.2,TST537,A319,VTCC,VTBD,256,162,-742,2
TST537_VTCC_VTBD_2026-03-04 03:02,15.58057,100.05136,2026-03-04T03:50:15Z,185.4,TST537,A319,VTCC,VTBD,256,162,-741,2
TST537_VTCC_VTBD_2026-03-04 03:02,15.56392,100.05695,2026-03-04T03:50:30Z,183.5,TST537,A319,VTCC,VTBD,255,162,-740,2
TST537_VTCC_VTBD_2026-03-04 03:02,15.5473,100.06253,2026-03-04T03:50:45Z,181.7,TST537,A319,VTCC,VTBD,254,162,-739,2
TST537_VTCC_VTBD_2026-03-04 03:02,15.5307,100.0681,2026-03-04T03:51:00Z,179.8,TST537,A319,VTCC,VTBD,253,162,-738,2
TST537_VTCC_VTBD_2026-03-04 03:02,15.51412,100.07366,2026-03-04T03:51:15Z,178.0,TST537,A319,VTCC,VTBD,253,162,-737,2
TST537_VTCC_VTBD_2026-03-04 03:02,15.49757,100.07921,2026-03-04T03:51:30Z,176.2,TST537,A319,VTCC,VTBD,252,162,-736,2
TST537_VTCC_VTBD_2026-03-04 03:02,15.48105,100.08476,2026-03-04T03:51:45Z,174.3,TST537,A319,VTCC,VTBD,251,162,-734,2
TST537_VTCC_VTBD_2026-03-04 03:02,15.46454,100.09029,2026-03-04T03:52:00Z,172.5,TST537,A319,VTCC,VTBD,250,162,-733,2
TST537_VTCC_VTBD_2026-03-04 03:02,15.44807,100.09582,2026-03-04T03:52:15Z,170.7,TST537,A319,VTCC,VTBD,250,162,-732,2
TST537_VTCC_VTBD_2026-03-04 03:02,15.43162,100.10133,2026-03-04T03:52:30Z,168.8,TST537,A319,VTCC,VTBD,249,162,-731,2
TST537_VTCC_VTBD_2026-03-04 03:02,15.41562,100.10669,2026-03-04T03:52:45Z,167.1,TST537,A319,VTCC,VTBD,248,162,-711,2
TST537_VTCC_VTBD_2026-03-04 03:02,15.39967,100.11204,2026-03-04T03:53:00Z,165.3,TST537,A319,VTCC,VTBD,247,162,-709,2
TST537_VTCC_VTBD_2026-03-04 03:02,15.38375,100.11738,2026-03-04T03:53:15Z,163.5,TST537,A319,VTCC,VTBD,247,162,-708,2
TST537_VTCC_VTBD_2026-03-04 03:02,15.36785,100.1227,2026-03-04T03:53:30Z,161.7,TST537,A319,VTCC,VTBD,246,162,-707,2
TST537_VTCC_VTBD_2026-03-04 03:02,15.35197,100.12802,2026-03-04T03:53:45Z,160.0,TST537,A319,VTCC,VTBD,245,162,-706,2
TST537_VTCC_VTBD_2026-03-04 03:02,15.33611,100.13333,2026-03-04T03:54:00Z,158.2,TST537,A319,VTCC,VTBD,244,162,-705,2
TST537_VTCC_VTBD_2026-03-04 03:02,15.32028,100.13864,2026-03-04T03:54:15Z,156.5,TST537,A319,VTCC,VTBD,244,162,-704,2
TST537_VTCC_VTBD_2026-03-04 03:02,15.30447,100.14393,2026-03-04T03:54:30Z,154.7,TST537,A319,VTCC,VTBD,243,162,-702,2
TST537_VTCC_VTBD_2026-03-04 03:02,15.28869,100.14921,2026-03-04T03:54:45Z,152.9,TST537,A319,VTCC,VTBD,242,162,-701,2
TST537_VTCC_VTBD_2026-03-04 03:02,15.27293,100.15449,2026-03-04T03:55:00Z,151.2,TST537,A319,VTCC,VTBD,242,162,-700,2
TST537_VTCC_VTBD_2026-03-04 03:02,15.25719,100.15976,2026-03-04T03:55:15Z,149.4,TST537,A319,VTCC,VTBD,241,162,-699,2
TST537_VTCC_VTBD_2026-03-04 03:02,15.24148,100.16501,2026-03-04T03:55:30Z,147.7,TST537,A319,VTCC,VTBD,240,162,-698,2
TST537_VTCC_VTBD_2026-03-04 03:02,15.22579,100.17026,2026-03-04T03:55:45Z,145.9,TST537,A319,VTCC,VTBD,239,162,-697,2
TST537_VTCC_VTBD_2026-03-04 03:02,15.21012,100.1755,2026-03-04T03:56:00Z,144.2,TST537,A319,VTCC,VTBD,239,162,-696,2
TST537_VTCC_VTBD_2026-03-04 03:02,15.19448,100.18074,2026-03-04T03:56:15Z,142.5,TST537,A319,VTCC,VTBD,238,162,-695,2
TST537_VTCC_VTBD_2026-03-04 03:02,15.17886,100.18596,2026-03-04T03:56:30Z,140.7,TST537,A319,VTCC,VTBD,237,162,-694,2
TST537_VTCC_VTBD_2026-03-04 03:02,15.16326,100.19118,2026-03-04T03:56:45Z,139.0,TST537,A319,VTCC,VTBD,237,162,-693,2
TST537_VTCC_VTBD_2026-03-04 03:02,15.14768,100.19638,2026-03-04T03:57:00Z,137.3,TST537,A319,VTCC,VTBD,236,162,-692,2
TST537_VTCC_VTBD_2026-03-04 03:02,15.13213,100.20158,2026-03-04T03:57:15Z,135.5,TST537,A319,VTCC,VTBD,235,162,-691,2
TST537_VTCC_VTBD_2026-03-04 03:02,15.11692,100.20666,2026-03-04T03:57:30Z,133.8,TST537,A319,VTCC,VTBD,235,162,-676,2
TST537_VTCC_VTBD_2026-03-04 03:02,15.10187,100.21169,2026-03-04T03:57:45Z,132.2,TST537,A319,VTCC,VTBD,234,162,-669,2
TST537_VTCC_VTBD_2026-03-04 03:02,15.08684,100.21671,2026-03-04T03:58:00Z,130.5,TST537,A319,VTCC,VTBD,233,162,-668,2
TST537_VTCC_VTBD_2026-03-04 03:02,15.07184,100.22173,2026-03-04T03:58:15Z,128.8,TST537,A319,VTCC,VTBD,232,162,-667,2
TST537_VTCC_VTBD_2026-03-04 03:02,15.05685,100.22673,2026-03-04T03:58:30Z,127.2,TST537,A319,VTCC,VTBD,232,162,-666,2
TST537_VTCC_VTBD_2026-03-04 03:02,15.04189,100.23173,2026-03-04T03:58:45Z,125.5,TST537,A319,VTCC,VTBD,231,162,-665,2
TST537_VTCC_VTBD_2026-03-04 03:02,15.02695,100.23672,2026-03-04T03:59:00Z,123.8,TST537,A319,VTCC,VTBD,230,162,-664,2
TST537_VTCC_VTBD_2026-03-04 03:02,15.01203,100.2417,2026-03-04T03:59:15Z,122.2,TST537,A319,VTCC,VTBD,230,162,-663,2
TST537_VTCC_VTBD_2026-03-04 03:02,14.99714,100.24667,2026-03-04T03:59:30Z,120.5,TST537,A319,VTCC,VTBD,229,162,-662,2
TST537_VTCC_VTBD_2026-03-04 03:02,14.98227,100.25163,2026-03-04T03:59:45Z,118.9,TST537,A319,VTCC,VTBD,228,162,-661,2
TST537_VTCC_VTBD_2026-03-04 03:02,14.96742,100.25659,2026-03-04T04:00:00Z,117.2,TST537,A319,VTCC,VTBD,228,162,-660,2
TST537_VTCC_VTBD_2026-03-04 03:02,14.95259,100.26154,2026-03-04T04:00:15Z,115.6,TST537,A319,VTCC,VTBD,227,162,-659,2
TST537_VTCC_VTBD_2026-03-04 03:02,14.93778,100.26648,2026-03-04T04:00:30Z,113.9,TST537,A319,VTCC,VTBD,226,162,-658,2
TST537_VTCC_VTBD_2026-03-04 03:02,14.923,100.27141,2026-03-04T04:00:45Z,112.3,TST537,A319,VTCC,VTBD,226,162,-657,2
TST537_VTCC_VTBD_2026-03-04 03:02,14.90823,100.27633,2026-03-04T04:01:00Z,110.6,TST537,A319,VTCC,VTBD,225,162,-656,2
TST537_VTCC_VTBD_2026-03-04 03:02,14.89349,100.28125,2026-03-04T04:01:15Z,109.0,TST537,A319,VTCC,VTBD,224,162,-655,2
TST537_VTCC_VTBD_2026-03-04 03:02,14.87877,100.28616,2026-03-04T04:01:30Z,107.4,TST537,A319,VTCC,VTBD,224,162,-654,2
TST537_VTCC_VTBD_2026-03-04 03:02,14.86408,100.29106,2026-03-04T04:01:45Z,105.7,TST537,A319,VTCC,VTBD,223,162,-653,2
TST537_VTCC_VTBD_2026-03-04 03:02,14.8494,100.29595,2026-03-04T04:02:00Z,104.1,TST537,A319,VTCC,VTBD,222,162,-652,2
TST537_VTCC_VTBD_2026-03-04 03:02,14.83475,100.30083,2026-03-04T04:02:15Z,102.5,TST537,A319,VTCC,VTBD,222,162,-651,2
TST537_VTCC_VTBD_2026-03-04 03:02,14.82023,100.30567,2026-03-04T04:02:30Z,100.9,TST537,A319,VTCC,VTBD,221,162,-645,2
TST537_VTCC_VTBD_2026-03-04 03:02,14.80608,100.31038,2026-03-04T04:02:45Z,99.3,TST537,A319,VTCC,VTBD,220,162,-629,2
TST537_VTCC_VTBD_2026-03-04 03:02,14.79194,100.31509,2026-03-04T04:03:00Z,97.7,TST537,A319,VTCC,VTBD,220,162,-628,2
TST537_VTCC_VTBD_2026-03-04 03:02,14.77783,100.31979,2026-03-04T04:03:15Z,96.1,TST537,A319,VTCC,VTBD,219,162,-627,2
TST537_VTCC_VTBD_2026-03-04 03:02,14.76374,100.32449,2026-03-04T04:03:30Z,94.6,TST537,A319,VTCC,VTBD,219,162,-626,2
TST537_VTCC_VTBD_2026-03-04 03:02,14.74967,100.32917,2026-03-04T04:03:45Z,93.0,TST537,A319,VTCC,VTBD,218,162,-625,2
TST537_VTCC_VTBD_2026-03-04 03:02,14.73562,100.33385,2026-03-04T04:04:00Z,91.5,TST537,A319,VTCC,VTBD,217,162,-624,2
TST537_VTCC_VTBD_2026-03-04 03:02,14.72159,100.33852,2026-03-04T04:04:15Z,89.9,TST537,A319,VTCC,VTBD,217,162,-623,2
TST537_VTCC_VTBD_2026-03-04 03:02,14.70758,100.34319,2026-03-04T04:04:30Z,88.3,TST537,A319,VTCC,VTBD,216,162,-622,2
TST537_VTCC_VTBD_2026-03-04 03:02,14.69359,100.34784,2026-03-04T04:04:45Z,86.8,TST537,A319,VTCC,VTBD,215,162,-621,2
TST537_VTCC_VTBD_2026-03-04 03:02,14.67962,100.35249,2026-03-04T04:05:00Z,85.2,TST537,A319,VTCC,VTBD,215,162,-620,2
TST537_VTCC_VTBD_2026-03-04 03:02,14.66568,100.35713,2026-03-04T04:05:15Z,83.7,TST537,A319,VTCC,VTBD,214,162,-620,2
TST537_VTCC_VTBD_2026-03-04 03:02,14.65175,100.36176,2026-03-04T04:05:30Z,82.1,TST537,A319,VTCC,VTBD,213,162,-619,2
TST537_VTCC_VTBD_2026-03-04 03:02,14.63785,100.36639,2026-03-04T04:05:45Z,80.6,TST537,A319,VTCC,VTBD,213,162,-618,2
TST537_VTCC_VTBD_2026-03-04 03:02,14.62396,100.371,2026-03-04T04:06:00Z,79.0,TST537,A319,VTCC,VTBD,212,162,-617,2
TST537_VTCC_VTBD_2026-03-04 03:02,14.6101,100.37562,2026-03-04T04:06:15Z,77.5,TST537,A319,VTCC,VTBD,212,162,-616,2
TST537_VTCC_VTBD_2026-03-04 03:02,14.59626,100.38022,2026-03-04T04:06:30Z,76.0,TST537,A319,VTCC,VTBD,211,162,-615,2
TST537_VTCC_VTBD_2026-03-04 03:02,14.58244,100.38481,2026-03-04T04:06:45Z,74.4,TST537,A319,VTCC,VTBD,210,162,-614,2
TST537_VTCC_VTBD_2026-03-04 03:02,14.56864,100.3894,2026-03-04T04:07:00Z,72.9,TST537,A319,VTCC,VTBD,210,162,-613,2
TST537_VTCC_VTBD_2026-03-04 03:02,14.55485,100.39398,2026-03-04T04:07:15Z,71.4,TST537,A319,VTCC,VTBD,209,162,-612,2
TST537_VTCC_VTBD_2026-03-04 03:02,14.54109,100.39855,2026-03-04T04:07:30Z,69.8,TST537,A319,VTCC,VTBD,208,162,-611,2
TST537_VTCC_VTBD_2026-03-04 03:02,14.52735,100.40312,2026-03-04T04:07:45Z,68.3,TST537,A319,VTCC,VTBD,208,162,-610,2
TST537_VTCC_VTBD_2026-03-04 03:02,14.51385,100.40761,2026-03-04T04:08:00Z,66.8,TST537,A319,VTCC,VTBD,207,162,-600,2
TST537_VTCC_VTBD_2026-03-04 03:02,14.5006,100.41201,2026-03-04T04:08:15Z,65.3,TST537,A319,VTCC,VTBD,207,162,-588,2
TST537_VTCC_VTBD_2026-03-04 03:02,14.48738,100.4164,2026-03-04T04:08:30Z,63.9,TST537,A319,VTCC,VTBD,206,162,-587,2
TST537_VTCC_VTBD_2026-03-04 03:02,14.47417,100.42079,2026-03-04T04:08:45Z,62.4,TST537,A319,VTCC,VTBD,205,162,-587,2
TST537_VTCC_VTBD_2026-03-04 03:02,14.46099,100.42517,2026-03-04T04:09:00Z,60.9,TST537,A319,VTCC,VTBD,205,162,-586,2
TST537_VTCC_VTBD_2026-03-04 03:02,14.44782,100.42954,2026-03-04T04:09:15Z,59.5,TST537,A319,VTCC,VTBD,204,162,-585,2
TST537_VTCC_VTBD_2026-03-04 03:02,14.43468,100.4339,2026-03-04T04:09:30Z,58.0,TST537,A319,VTCC,VTBD,204,162,-584,2
TST537_VTCC_VTBD_2026-03-04 03:02,14.42155,100.43826,2026-03-04T04:09:45Z,56.6,TST537,A319,VTCC,VTBD,203,162,-583,2
TST537_VTCC_VTBD_2026-03-04 03:02,14.40844,100.44261,2026-03-04T04:10:00Z,55.1,TST537,A319,VTCC,VTBD,202,162,-582,2
TST537_VTCC_VTBD_2026-03-04 03:02,14.39535,100.44695,2026-03-04T04:10:15Z,53.6,TST537,A319,VTCC,VTBD,202,162,-581,2
TST537_VTCC_VTBD_2026-03-04 03:02,14.38228,100.45129,2026-03-04T04:10:30Z,52.2,TST537,A319,VTCC,VTBD,201,162,-580,2
TST537_VTCC_VTBD_2026-03-04 03:02,14.36924,100.45562,2026-03-04T04:10:45Z,50.7,TST537,A319,VTCC,VTBD,201,162,-580,2
TST537_VTCC_VTBD_2026-03-04 03:02,14.35621,100.45994,2026-03-04T04:11:00Z,49.3,TST537,A319,VTCC,VTBD,200,162,-579,2
TST537_VTCC_VTBD_2026-03-04 03:02,14.3432,100.46426,2026-03-04T04:11:15Z,47.8,TST537,A319,VTCC,VTBD,199,162,-578,2
TST537_VTCC_VTBD_2026-03-04 03:02,14.3302,100.46857,2026-03-04T04:11:30Z,46.4,TST537,A319,VTCC,VTBD,199,162,-577,2
TST537_VTCC_VTBD_2026-03-04 03:02,14.31723,100.47287,2026-03-04T04:11:45Z,45.0,TST537,A319,VTCC,VTBD,198,162,-576,2
TST537_VTCC_VTBD_2026-03-04 03:02,14.30428,100.47716,2026-03-04T04:12:00Z,43.5,TST537,A319,VTCC,VTBD,198,162,-575,2
TST537_VTCC_VTBD_2026-03-04 03:02,14.29135,100.48145,2026-03-04T04:12:15Z,42.1,TST537,A319,VTCC,VTBD,197,162,-574,2
TST537_VTCC_VTBD_2026-03-04 03:02,14.27843,100.48573,2026-03-04T04:12:30Z,40.6,TST537,A319,VTCC,VTBD,197,162,-573,2
TST537_VTCC_VTBD_2026-03-04 03:02,14.26554,100.49001,2026-03-04T04:12:45Z,39.2,TST537,A319,VTCC,VTBD,196,162,-573,2
TST537_VTCC_VTBD_2026-03-04 03:02,14.25267,100.49427,2026-03-04T04:13:00Z,37.8,TST537,A319,VTCC,VTBD,195,162,-572,2
TST537_VTCC_VTBD_2026-03-04 03:02,14.23981,100.49853,2026-03-04T04:13:15Z,36.4,TST537,A319,VTCC,VTBD,195,162,-571,2
TST537_VTCC_VTBD_2026-03-04 03:02,14.22697,100.50279,2026-03-04T04:13:30Z,34.9,TST537,A319,VTCC,VTBD,194,162,-570,2
TST537_VTCC_VTBD_2026-03-04 03:02,14.21423,100.50701,2026-03-04T04:13:45Z,33.5,TST537,A319,VTCC,VTBD,194,162,-566,2
TST537_VTCC_VTBD_2026-03-04 03:02,14.20189,100.5111,2026-03-04T04:14:00Z,32.1,TST537,A319,VTCC,VTBD,193,162,-548,2
TST537_VTCC_VTBD_2026-03-04 03:02,14.18956,100.51518,2026-03-04T04:14:15Z,30.8,TST537,A319,VTCC,VTBD,193,162,-547,2
TST537_VTCC_VTBD_2026-03-04 03:02,14.17726,100.51926,2026-03-04T04:14:30Z,29.4,TST537,A319,VTCC,VTBD,192,162,-547,2
TST537_VTCC_VTBD_2026-03-04 03:02,14.16497,100.52333,2026-03-04T04:14:45Z,28.0,TST537,A319,VTCC,VTBD,191,162,-546,2
TST537_VTCC_VTBD_2026-03-04 03:02,14.1527,100.52739,2026-03-04T04:15:00Z,26.7,TST537,A319,VTCC,VTBD,191,162,-545,2
TST537_VTCC_VTBD_2026-03-04 03:02,14.14044,100.53145,2026-03-04T04:15:15Z,25.3,TST537,A319,VTCC,VTBD,190,162,-544,2
TST537_VTCC_VTBD_2026-03-04 03:02,14.12821,100.5355,2026-03-04T04:15:30Z,24.0,TST537,A319,VTCC,VTBD,190,162,-543,2
TST537_VTCC_VTBD_2026-03-04 03:02,14.11599,100.53954,2026-03-04T04:15:45Z,22.6,TST537,A319,VTCC,VTBD,189,162,-542,2
TST537_VTCC_VTBD_2026-03-04 03:02,14.10379,100.54358,2026-03-04T04:16:00Z,21.2,TST537,A319,VTCC,VTBD,189,162,-542,2
TST537_VTCC_VTBD_2026-03-04 03:02,14.09161,100.54761,2026-03-04T04:16:15Z,19.9,TST537,A319,VTCC,VTBD,188,162,-541,2
TST537_VTCC_VTBD_2026-03-04 03:02,14.07945,100.55163,2026-03-04T04:16:30Z,18.5,TST537,A319,VTCC,VTBD,188,162,-540,2
TST537_VTCC_VTBD_2026-03-04 03:02,14.06731,100.55565,2026-03-04T04:16:45Z,17.2,TST537,A319,VTCC,VTBD,187,162,-539,2
TST537_VTCC_VTBD_2026-03-04 03:02,14.05518,100.55966,2026-03-04T04:17:00Z,15.8,TST537,A319,VTCC,VTBD,186,162,-538,2
TST537_VTCC_VTBD_2026-03-04 03:02,14.04308,100.56367,2026-03-04T04:17:15Z,14.5,TST537,A319,VTCC,VTBD,186,162,-538,2
TST537_VTCC_VTBD_2026-03-04 03:02,14.03099,100.56767,2026-03-04T04:17:30Z,13.2,TST537,A319,VTCC,VTBD,185,162,-537,2
TST537_VTCC_VTBD_2026-03-04 03:02,14.01891,100.57166,2026-03-04T04:17:45Z,11.8,TST537,A319,VTCC,VTBD,185,162,-536,2
TST537_VTCC_VTBD_2026-03-04 03:02,14.00686,100.57564,2026-03-04T04:18:00Z,10.5,TST537,A319,VTCC,VTBD,184,162,-535,2
TST537_VTCC_VTBD_2026-03-04 03:02,13.99483,100.57962,2026-03-04T04:18:15Z,9.1,TST537,A319,VTCC,VTBD,184,162,-534,2
TST537_VTCC_VTBD_2026-03-04 03:02,13.98281,100.5836,2026-03-04T04:18:30Z,7.8,TST537,A319,VTCC,VTBD,183,162,-534,2
TST537_VTCC_VTBD_2026-03-04 03:02,13.97081,100.58756,2026-03-04T04:18:45Z,6.5,TST537,A319,VTCC,VTBD,183,162,-533,2
TST537_VTCC_VTBD_2026-03-04 03:02,13.95883,100.59152,2026-03-04T04:19:00Z,5.1,TST537,A319,VTCC,VTBD,182,162,-532,2
TST537_VTCC_VTBD_2026-03-04 03:02,13.94686,100.59548,2026-03-04T04:19:15Z,3.8,TST537,A319,VTCC,VTBD,182,162,-531,2
TST537_VTCC_VTBD_2026-03-04 03:02,13.93492,100.59943,2026-03-04T04:19:30Z,2.5,TST537,A319,VTCC,VTBD,181,162,-530,2
TST537_VTCC_VTBD_2026-03-04 03:02,13.92299,100.60337,2026-03-04T04:19:45Z,1.2,TST537,A319,VTCC,VTBD,180,162,-530,2
SYN730_OMDB_VHHH_2026-03-04 02:01,15.2,96.3,2026-03-04T02:01:00Z,400.0,SYN730,B77W,OMDB,VHHH,320,82,0,0
SYN730_OMDB_VHHH_2026-03-04 02:01,15.20294,96.32281,2026-03-04T02:01:15Z,400.0,SYN730,B77W,OMDB,VHHH,320,0,0,0
SYN730_OMDB_VHHH_2026-03-04 02:01,15.20588,96.34562,2026-03-04T02:01:30Z,400.0,SYN730,B77W,OMDB,VHHH,320,0,0,0
SYN730_OMDB_VHHH_2026-03-04 02:01,15.20882,96.36843,2026-03-04T02:01:45Z,400.0,SYN730,B77W,OMDB,VHHH,320,0,0,0
SYN730_OMDB_VHHH_2026-03-04 02:01,15.21176,96.39124,2026-03-04T02:02:00Z,400.0,SYN730,B77W,OMDB,VHHH,320,0,0,0
SYN730_OMDB_VHHH_2026-03-04 02:01,15.2147,96.41405,2026-03-04T02:02:15Z,400.0,SYN730,B77W,OMDB,VHHH,320,0,0,0
SYN730_OMDB_VHHH_2026-03-04 02:01,15.21763,96.43687,2026-03-04T02:02:30Z,400.0,SYN730,B77W,OMDB,VHHH,320,0,0,0
SYN730_OMDB_VHHH_2026-03-04 02:01,15.22056,96.45968,2026-03-04T02:02:45Z,400.0,SYN730,B77W,OMDB,VHHH,320,0,0,0
SYN730_OMDB_VHHH_2026-03-04 02:01,15.22348,96.48249,2026-03-04T02:03:00Z,400.0,SYN730,B77W,OMDB,VHHH,320,0,0,0
SYN730_OMDB_VHHH_2026-03-04 02:01,15.22641,96.50531,2026-03-04T02:03:15Z,400.0,SYN730,B77W,OMDB,VHHH,320,0,0,0
SYN730_OMDB_VHHH_2026-03-04 02:01,15.22933,96.52812,2026-03-04T02:03:30Z,400.0,SYN730,B77W,OMDB,VHHH,320,0,0,0
SYN730_OMDB_VHHH_2026-03-04 02:01,15.23225,96.55094,2026-03-04T02:03:45Z,400.0,SYN730,B77W,OMDB,VHHH,320,0,0,0
SYN730_OMDB_VHHH_2026-03-04 02:01,15.23517,96.57375,2026-03-04T02:04:00Z,400.0,SYN730,B77W,OMDB,VHHH,320,0,0,0
SYN730_OMDB_VHHH_2026-03-04 02:01,15.23809,96.59657,2026-03-04T02:04:15Z,400.0,SYN730,B77W,OMDB,VHHH,320,0,0,0
SYN730_OMDB_VHHH_2026-03-04 02:01,15.241,96.61939,2026-03-04T02:04:30Z,400.0,SYN730,B77W,OMDB,VHHH,320,0,0,0
SYN730_OMDB_VHHH_2026-03-04 02:01,15.24391,96.64221,2026-03-04T02:04:45Z,400.0,SYN730,B77W,OMDB,VHHH,320,0,0,0
SYN730_OMDB_VHHH_2026-03-04 02:01,15.24682,96.66503,2026-03-04T02:05:00Z,400.0,SYN730,B77W,OMDB,VHHH,320,0,0,0
SYN730_OMDB_VHHH_2026-03-04 02:01,15.24973,96.68785,2026-03-04T02:05:15Z,400.0,SYN730,B77W,OMDB,VHHH,320,0,0,0
SYN730_OMDB_VHHH_2026-03-04 02:01,15.25263,96.71067,2026-03-04T02:05:30Z,400.0,SYN730,B77W,OMDB,VHHH,320,0,0,0
SYN730_OMDB_VHHH_2026-03-04 02:01,15.25554,96.73349,2026-03-04T02:05:45Z,400.0,SYN730,B77W,OMDB,VHHH,320,82,0,0
SYN730_OMDB_VHHH_2026-03-04 02:01,15.25844,96.75631,2026-03-04T02:06:00Z,400.0,SYN730,B77W,OMDB,VHHH,320,82,0,0
SYN730_OMDB_VHHH_2026-03-04 02:01,15.26133,96.77913,2026-03-04T02:06:15Z,400.0,SYN730,B77W,OMDB,VHHH,320,83,0,0
SYN730_OMDB_VHHH_2026-03-04 02:01,15.26423,96.80195,2026-03-04T02:06:30Z,400.0,SYN730,B77W,OMDB,VHHH,320,83,0,0
SYN730_OMDB_VHHH_2026-03-04 02:01,15.26712,96.82478,2026-03-04T02:06:45Z,400.0,SYN730,B77W,OMDB,VHHH,320,83,0,0
SYN730_OMDB_VHHH_2026-03-04 02:01,15.27001,96.8476,2026-03-04T02:07:00Z,400.0,SYN730,B77W,OMDB,VHHH,320,83,0,0
SYN730_OMDB_VHHH_2026-03-04 02:01,15.2729,96.87043,2026-03-04T02:07:15Z,400.0,SYN730,B77W,OMDB,VHHH,320,83,0,0
SYN730_OMDB_VHHH_2026-03-04 02:01,15.27579,96.89325,2026-03-04T02:07:30Z,400.0,SYN730,B77W,OMDB,VHHH,320,83,0,0
SYN730_OMDB_VHHH_2026-03-04 02:01,15.27867,96.91608,2026-03-04T02:07:45Z,400.0,SYN730,B77W,OMDB,VHHH,320,83,0,0
SYN730_OMDB_VHHH_2026-03-04 02:01,15.28155,96.9389,2026-03-04T02:08:00Z,400.0,SYN730,B77W,OMDB,VHHH,320,83,0,0
SYN730_OMDB_VHHH_2026-03-04 02:01,15.28443,96.96173,2026-03-04T02:08:15Z,400.0,SYN730,B77W,OMDB,VHHH,320,83,0,0
SYN730_OMDB_VHHH_2026-03-04 02:01,15.28731,96.98456,2026-03-04T02:08:30Z,400.0,SYN730,B77W,OMDB,VHHH,320,83,0,0
SYN730_OMDB_VHHH_2026-03-04 02:01,15.29018,97.00739,2026-03-04T02:08:45Z,400.0,SYN730,B77W,OMDB,VHHH,320,83,0,0
SYN730_OMDB_VHHH_2026-03-04 02:01,15.29305,97.03021,2026-03-04T02:09:00Z,400.0,SYN730,B77W,OMDB,VHHH,320,83,0,0
SYN730_OMDB_VHHH_2026-03-04 02:01,15.29592,97.05304,2026-03-04T02:09:15Z,400.0,SYN730,B77W,OMDB,VHHH,320,83,0,0
SYN730_OMDB_VHHH_2026-03-04 02:01,15.29879,97.07587,2026-03-04T02:09:30Z,400.0,SYN730,B77W,OMDB,VHHH,320,83,0,0
SYN730_OMDB_VHHH_2026-03-04 02:01,15.30166,97.09871,2026-03-04T02:09:45Z,400.0,SYN730,B77W,OMDB,VHHH,320,83,0,0
SYN730_OMDB_VHHH_2026-03-04 02:01,15.30452,97.12154,2026-03-04T02:10:00Z,400.0,SYN730,B77W,OMDB,VHHH,320,83,0,0
SYN730_OMDB_VHHH_2026-03-04 02:01,15.30738,97.14437,2026-03-04T02:10:15Z,400.0,SYN730,B77W,OMDB,VHHH,320,83,0,0
SYN730_OMDB_VHHH_2026-03-04 02:01,15.31024,97.1672,2026-03-04T02:10:30Z,400.0,SYN730,B77W,OMDB,VHHH,320,83,0,0
SYN730_OMDB_VHHH_2026-03-04 02:01,15.31309,97.19003,2026-03-04T02:10:45Z,400.0,SYN730,B77W,OMDB,VHHH,320,83,0,0
SYN730_OMDB_VHHH_2026-03-04 02:01,15.31595,97.21287,2026-03-04T02:11:00Z,400.0,SYN730,B77W,OMDB,VHHH,320,83,0,0
SYN730_OMDB_VHHH_2026-03-04 02:01,15.3188,97.2357,2026-03-04T02:11:15Z,400.0,SYN730,B77W,OMDB,VHHH,320,83,0,0
SYN730_OMDB_VHHH_2026-03-04 02:01,15.32165,97.25854,2026-03-04T02:11:30Z,400.0,SYN730,B77W,OMDB,VHHH,320,83,0,0
SYN730_OMDB_VHHH_2026-03-04 02:01,15.32449,97.28137,2026-03-04T02:11:45Z,400.0,SYN730,B77W,OMDB,VHHH,320,83,0,0
SYN730_OMDB_VHHH_2026-03-04 02:01,15.32734,97.30421,2026-03-04T02:12:00Z,400.0,SYN730,B77W,OMDB,VHHH,320,83,0,0
SYN730_OMDB_VHHH_2026-03-04 02:01,15.33018,97.32705,2026-03-04T02:12:15Z,400.0,SYN730,B77W,OMDB,VHHH,320,83,0,0
SYN730_OMDB_VHHH_2026-03-04 02:01,15.33302,97.34989,2026-03-04T02:12:30Z,400.0,SYN730,B77W,OMDB,VHHH,320,83,0,0
SYN730_OMDB_VHHH_2026-03-04 02:01,15.33586,97.37272,2026-03-04T02:12:45Z,400.0,SYN730,B77W,OMDB,VHHH,320,83,0,0
SYN730_OMDB_VHHH_2026-03-04 02:01,15.33869,97.39556,2026-03-04T02:13:00Z,400.0,SYN730,B77W,OMDB,VHHH,320,83,0,0
SYN730_OMDB_VHHH_2026-03-04 02:01,15.34153,97.4184,2026-03-04T02:13:15Z,400.0,SYN730,B77W,OMDB,VHHH,320,83,0,0
SYN730_OMDB_VHHH_2026-03-04 02:01,15.34436,97.44124,2026-03-04T02:13:30Z,400.0,SYN730,B77W,OMDB,VHHH,320,83,0,0
SYN730_OMDB_VHHH_2026-03-04 02:01,15.34718,97.46408,2026-03-04T02:13:45Z,400.0,SYN730,B77W,OMDB,VHHH,320,83,0,0
SYN730_OMDB_VHHH_2026-03-04 02:01,15.35001,97.48692,2026-03-04T02:14:00Z,400.0,SYN730,B77W,OMDB,VHHH,320,83,0,0
SYN730_OMDB_VHHH_2026-03-04 02:01,15.35283,97.50977,2026-03-04T02:14:15Z,400.0,SYN730,B77W,OMDB,VHHH,320,83,0,0
SYN730_OMDB_VHHH_2026-03-04 02:01,15.35565,97.53261,2026-03-04T02:14:30Z,400.0,SYN730,B77W,OMDB,VHHH,320,83,0,0
SYN730_OMDB_VHHH_2026-03-04 02:01,15.35847,97.55545,2026-03-04T02:14:45Z,400.0,SYN730,B77W,OMDB,VHHH,320,83,0,0
SYN730_OMDB_VHHH_2026-03-04 02:01,15.36129,97.5783,2026-03-04T02:15:00Z,400.0,SYN730,B77W,OMDB,VHHH,320,83,0,0
SYN730_OMDB_VHHH_2026-03-04 02:01,15.3641,97.60114,2026-03-04T02:15:15Z,400.0,SYN730,B77W,OMDB,VHHH,320,83,0,0
SYN730_OMDB_VHHH_2026-03-04 02:01,15.36692,97.62399,2026-03-04T02:15:30Z,400.0,SYN730,B77W,OMDB,VHHH,320,83,0,0
SYN730_OMDB_VHHH_2026-03-04 02:01,15.36973,97.64683,2026-03-04T02:15:45Z,400.0,SYN730,B77W,OMDB,VHHH,320,83,0,0
SYN730_OMDB_VHHH_2026-03-04 02:01,15.37253,97.66968,2026-03-04T02:16:00Z,400.0,SYN730,B77W,OMDB,VHHH,320,83,0,0
SYN730_OMDB_VHHH_2026-03-04 02:01,15.37534,97.69253,2026-03-04T02:16:15Z,400.0,SYN730,B77W,OMDB,VHHH,320,83,0,0
SYN730_OMDB_VHHH_2026-03-04 02:01,15.37814,97.71537,2026-03-04T02:16:30Z,400.0,SYN730,B77W,OMDB,VHHH,320,83,0,0
SYN730_OMDB_VHHH_2026-03-04 02:01,15.38094,97.73822,2026-03-04T02:16:45Z,400.0,SYN730,B77W,OMDB,VHHH,320,83,0,0
SYN730_OMDB_VHHH_2026-03-04 02:01,15.38374,97.76107,2026-03-04T02:17:00Z,400.0,SYN730,B77W,OMDB,VHHH,320,83,0,0
SYN730_OMDB_VHHH_2026-03-04 02:01,15.38653,97.78392,2026-03-04T02:17:15Z,400.0,SYN730,B77W,OMDB,VHHH,320,83,0,0
SYN730_OMDB_VHHH_2026-03-04 02:01,15.38933,97.80677,2026-03-04T02:17:30Z,400.0,SYN730,B77W,OMDB,VHHH,320,83,0,0
SYN730_OMDB_VHHH_2026-03-04 02:01,15.39212,97.82962,2026-03-04T02:17:45Z,400.0,SYN730,B77W,OMDB,VHHH,320,83,0,0
SYN730_OMDB_VHHH_2026-03-04 02:01,15.39491,97.85247,2026-03-04T02:18:00Z,400.0,SYN730,B77W,OMDB,VHHH,320,83,0,0
SYN730_OMDB_VHHH_2026-03-04 02:01,15.39769,97.87532,2026-03-04T02:18:15Z,400.0,SYN730,B77W,OMDB,VHHH,320,83,0,0
SYN730_OMDB_VHHH_2026-03-04 02:01,15.40048,97.89818,2026-03-04T02:18:30Z,400.0,SYN730,B77W,OMDB,VHHH,320,83,0,0
SYN730_OMDB_VHHH_2026-03-04 02:01,15.40326,97.92103,2026-03-04T02:18:45Z,400.0,SYN730,B77W,OMDB,VHHH,320,83,0,0
SYN730_OMDB_VHHH_2026-03-04 02:01,15.40604,97.94388,2026-03-04T02:19:00Z,400.0,SYN730,B77W,OMDB,VHHH,320,83,0,0
SYN730_OMDB_VHHH_2026-03-04 02:01,15.40881,97.96674,2026-03-04T02:19:15Z,400.0,SYN730,B77W,OMDB,VHHH,320,83,0,0
SYN730_OMDB_VHHH_2026-03-04 02:01,15.41159,97.98959,2026-03-04T02:19:30Z,400.0,SYN730,B77W,OMDB,VHHH,320,83,0,0
SYN730_OMDB_VHHH_2026-03-04 02:01,15.41436,98.01245,2026-03-04T02:19:45Z,400.0,SYN730,B77W,OMDB,VHHH,320,83,0,0
SYN730_OMDB_VHHH_2026-03-04 02:01,15.41713,98.0353,2026-03-04T02:20:00Z,400.0,SYN730,B77W,OMDB,VHHH,320,83,0,0
SYN730_OMDB_VHHH_2026-03-04 02:01,15.4199,98.05816,2026-03-04T02:20:15Z,400.0,SYN730,B77W,OMDB,VHHH,320,83,0,0
SYN730_OMDB_VHHH_2026-03-04 02:01,15.42266,98.08102,2026-03-04T02:20:30Z,400.0,SYN730,B77W,OMDB,VHHH,320,83,0,0
SYN730_OMDB_VHHH_2026-03-04 02:01,15.42543,98.10388,2026-03-04T02:20:45Z,400.0,SYN730,B77W,OMDB,VHHH,320,83,0,0
SYN730_OMDB_VHHH_2026-03-04 02:01,15.42819,98.12673,2026-03-04T02:21:00Z,400.0,SYN730,B77W,OMDB,VHHH,320,83,0,0
SYN730_OMDB_VHHH_2026-03-04 02:01,15.43094,98.14959,2026-03-04T02:21:15Z,400.0,SYN730,B77W,OMDB,VHHH,320,83,0,0
SYN730_OMDB_VHHH_2026-03-04 02:01,15.4337,98.17245,2026-03-04T02:21:30Z,400.0,SYN730,B77W,OMDB,VHHH,320,83,0,0
SYN730_OMDB_VHHH_2026-03-04 02:01,15.43645,98.19531,2026-03-04T02:21:45Z,400.0,SYN730,B77W,OMDB,VHHH,320,83,0,0
SYN730_OMDB_VHHH_2026-03-04 02:01,15.4392,98.21817,2026-03-04T02:22:00Z,400.0,SYN730,B77W,OMDB,VHHH,320,83,0,0
SYN730_OMDB_VHHH_2026-03-04 02:01,15.44195,98.24104,2026-03-04T02:22:15Z,400.0,SYN730,B77W,OMDB,VHHH,320,83,0,0
SYN730_OMDB_VHHH_2026-03-04 02:01,15.4447,98.2639,2026-03-04T02:22:30Z,400.0,SYN730,B77W,OMDB,VHHH,320,83,0,0
SYN730_OMDB_VHHH_2026-03-04 02:01,15.44744,98.28676,2026-03-04T02:22:45Z,400.0,SYN730,B77W,OMDB,VHHH,320,83,0,0
SYN730_OMDB_VHHH_2026-03-04 02:01,15.45019,98.30962,2026-03-04T02:23:00Z,400.0,SYN730,B77W,OMDB,VHHH,320,83,0,0
SYN730_OMDB_VHHH_2026-03-04 02:01,15.45293,98.33249,2026-03-04T02:23:15Z,400.0,SYN730,B77W,OMDB,VHHH,320,83,0,0
SYN730_OMDB_VHHH_2026-03-04 02:01,15.45566,98.35535,2026-03-04T02:23:30Z,400.0,SYN730,B77W,OMDB,VHHH,320,83,0,0
SYN730_OMDB_VHHH_2026-03-04 02:01,15.4584,98.37822,2026-03-04T02:23:45Z,400.0,SYN730,B77W,OMDB,VHHH,320,83,0,0
SYN730_OMDB_VHHH_2026-03-04 02:01,15.46113,98.40108,2026-03-04T02:24:00Z,400.0,SYN730,B77W,OMDB,VHHH,320,83,0,0
SYN730_OMDB_VHHH_2026-03-04 02:01,15.46386,98.42395,2026-03-04T02:24:15Z,400.0,SYN730,B77W,OMDB,VHHH,320,83,0,0
SYN730_OMDB_VHHH_2026-03-04 02:01,15.46659,98.44682,2026-03-04T02:24:30Z,400.0,SYN730,B77W,OMDB,VHHH,320,83,0,0
SYN730_OMDB_VHHH_2026-03-04 02:01,15.46931,98.46969,2026-03-04T02:24:45Z,400.0,SYN730,B77W,OMDB,VHHH,320,83,0,0
SYN730_OMDB_VHHH_2026-03-04 02:01,15.47204,98.49255,2026-03-04T02:25:00Z,400.0,SYN730,B77W,OMDB,VHHH,320,83,0,0
SYN730_OMDB_VHHH_2026-03-04 02:01,15.47476,98.51542,2026-03-04T02:25:15Z,400.0,SYN730,B77W,OMDB,VHHH,320,83,0,0
SYN730_OMDB_VHHH_2026-03-04 02:01,15.47747,98.53829,2026-03-04T02:25:30Z,400.0,SYN730,B77W,OMDB,VHHH,320,83,0,0
SYN730_OMDB_VHHH_2026-03-04 02:01,15.48019,98.56116,2026-03-04T02:25:45Z,400.0,SYN730,B77W,OMDB,VHHH,320,83,0,0
SYN730_OMDB_VHHH_2026-03-04 02:01,15.4829,98.58403,2026-03-04T02:26:00Z,400.0,SYN730,B77W,OMDB,VHHH,320,83,0,0
SYN730_OMDB_VHHH_2026-03-04 02:01,15.48562,98.6069,2026-03-04T02:26:15Z,400.0,SYN730,B77W,OMDB,VHHH,320,83,0,0
SYN730_OMDB_VHHH_2026-03-04 02:01,15.48832,98.62978,2026-03-04T02:26:30Z,400.0,SYN730,B77W,OMDB,VHHH,320,83,0,0
SYN730_OMDB_VHHH_2026-03-04 02:01,15.49103,98.65265,2026-03-04T02:26:45Z,400.0,SYN730,B77W,OMDB,VHHH,320,83,0,0
SYN730_OMDB_VHHH_2026-03-04 02:01,15.49373,98.67552,2026-03-04T02:27:00Z,400.0,SYN730,B77W,OMDB,VHHH,320,83,0,0
SYN730_OMDB_VHHH_2026-03-04 02:01,15.49644,98.6984,2026-03-04T02:27:15Z,400.0,SYN730,B77W,OMDB,VHHH,320,83,0,0
SYN730_OMDB_VHHH_2026-03-04 02:01,15.49914,98.72127,2026-03-04T02:27:30Z,400.0,SYN730,B77W,OMDB,VHHH,320,83,0,0
SYN730_OMDB_VHHH_2026-03-04 02:01,15.50183,98.74414,2026-03-04T02:27:45Z,400.0,SYN730,B77W,OMDB,VHHH,320,83,0,0
SYN730_OMDB_VHHH_2026-03-04 02:01,15.50453,98.76702,2026-03-04T02:28:00Z,400.0,SYN730,B77W,OMDB,VHHH,320,83,0,0
SYN730_OMDB_VHHH_2026-03-04 02:01,15.50722,98.7899,2026-03-04T02:28:15Z,400.0,SYN730,B77W,OMDB,VHHH,320,83,0,0
SYN730_OMDB_VHHH_2026-03-04 02:01,15.50991,98.81277,2026-03-04T02:28:30Z,400.0,SYN730,B77W,OMDB,VHHH,320,83,0,0
SYN730_OMDB_VHHH_2026-03-04 02:01,15.5126,98.83565,2026-03-04T02:28:45Z,400.0,SYN730,B77W,OMDB,VHHH,320,83,0,0
SYN730_OMDB_VHHH_2026-03-04 02:01,15.51528,98.85853,2026-03-04T02:29:00Z,400.0,SYN730,B77W,OMDB,VHHH,320,83,0,0
SYN730_OMDB_VHHH_2026-03-04 02:01,15.51797,98.88141,2026-03-04T02:29:15Z,400.0,SYN730,B77W,OMDB,VHHH,320,83,0,0
SYN730_OMDB_VHHH_2026-03-04 02:01,15.52065,98.90428,2026-03-04T02:29:30Z,400.0,SYN730,B77W,OMDB,VHHH,320,83,0,0
SYN730_OMDB_VHHH_2026-03-04 02:01,15.52333,98.92716,2026-03-04T02:29:45Z,400.0,SYN730,B77W,OMDB,VHHH,320,83,0,0
SYN730_OMDB_VHHH_2026-03-04 02:01,15.526,98.95004,2026-03-04T02:30:00Z,400.0,SYN730,B77W,OMDB,VHHH,320,83,0,0
SYN730_OMDB_VHHH_2026-03-04 02:01,15.52868,98.97293,2026-03-04T02:30:15Z,400.0,SYN730,B77W,OMDB,VHHH,320,83,0,0
SYN730_OMDB_VHHH_2026-03-04 02:01,15.53135,98.99581,2026-03-04T02:30:30Z,400.0,SYN730,B77W,OMDB,VHHH,320,83,0,0
SYN730_OMDB_VHHH_2026-03-04 02:01,15.53402,99.01869,2026-03-04T02:30:45Z,400.0,SYN730,B77W,OMDB,VHHH,320,83,0,0
SYN730_OMDB_VHHH_2026-03-04 02:01,15.53668,99.04157,2026-03-04T02:31:00Z,400.0,SYN730,B77W,OMDB,VHHH,320,83,0,0
SYN730_OMDB_VHHH_2026-03-04 02:01,15.53935,99.06445,2026-03-04T02:31:15Z,400.0,SYN730,B77W,OMDB,VHHH,320,83,0,0
SYN730_OMDB_VHHH_2026-03-04 02:01,15.54201,99.08734,2026-03-04T02:31:30Z,400.0,SYN730,B77W,OMDB,VHHH,320,83,0,0
SYN730_OMDB_VHHH_2026-03-04 02:01,15.54467,99.11022,2026-03-04T02:31:45Z,400.0,SYN730,B77W,OMDB,VHHH,320,83,0,0
SYN730_OMDB_VHHH_2026-03-04 02:01,15.54733,99.13311,2026-03-04T02:32:00Z,400.0,SYN730,B77W,OMDB,VHHH,320,83,0,0
SYN730_OMDB_VHHH_2026-03-04 02:01,15.54998,99.15599,2026-03-04T02:32:15Z,400.0,SYN730,B77W,OMDB,VHHH,320,83,0,0
SYN730_OMDB_VHHH_2026-03-04 02:01,15.55263,99.17888,2026-03-04T02:32:30Z,400.0,SYN730,B77W,OMDB,VHHH,320,83,0,0
SYN730_OMDB_VHHH_2026-03-04 02:01,15.55528,99.20177,2026-03-04T02:32:45Z,400.0,SYN730,B77W,OMDB,VHHH,320,83,0,0
SYN730_OMDB_VHHH_2026-03-04 02:01,15.55793,99.22465,2026-03-04T02:33:00Z,400.0,SYN730,B77W,OMDB,VHHH,320,83,0,0
SYN730_OMDB_VHHH_2026-03-04 02:01,15.56058,99.24754,2026-03-04T02:33:15Z,400.0,SYN730,B77W,OMDB,VHHH,320,83,0,0
SYN730_OMDB_VHHH_2026-03-04 02:01,15.56322,99.27043,2026-03-04T02:33:30Z,400.0,SYN730,B77W,OMDB,VHHH,320,83,0,0
SYN730_OMDB_VHHH_2026-03-04 02:01,15.56586,99.29332,2026-03-04T02:33:45Z,400.0,SYN730,B77W,OMDB,VHHH,320,83,0,0
SYN730_OMDB_VHHH_2026-03-04 02:01,15.5685,99.31621,2026-03-04T02:34:00Z,400.0,SYN730,B77W,OMDB,VHHH,320,83,0,0
SYN730_OMDB_VHHH_2026-03-04 02:01,15.57113,99.3391,2026-03-04T02:34:15Z,400.0,SYN730,B77W,OMDB,VHHH,320,83,0,0
SYN730_OMDB_VHHH_2026-03-04 02:01,15.57377,99.36199,2026-03-04T02:34:30Z,400.0,SYN730,B77W,OMDB,VHHH,320,83,0,0
SYN730_OMDB_VHHH_2026-03-04 02:01,15.5764,99.38488,2026-03-04T02:34:45Z,400.0,SYN730,B77W,OMDB,VHHH,320,83,0,0
SYN730_OMDB_VHHH_2026-03-04 02:01,15.57903,99.40777,2026-03-04T02:35:00Z,400.0,SYN730,B77W,OMDB,VHHH,320,83,0,0
SYN730_OMDB_VHHH_2026-03-04 02:01,15.58165,99.43067,2026-03-04T02:35:15Z,400.0,SYN730,B77W,OMDB,VHHH,320,83,0,0
SYN730_OMDB_VHHH_2026-03-04 02:01,15.58428,99.45356,2026-03-04T02:35:30Z,400.0,SYN730,B77W,OMDB,VHHH,320,83,0,0
SYN730_OMDB_VHHH_2026-03-04 02:01,15.5869,99.47645,2026-03-04T02:35:45Z,400.0,SYN730,B77W,OMDB,VHHH,320,83,0,0
SYN730_OMDB_VHHH_2026-03-04 02:01,15.58952,99.49935,2026-03-04T02:36:00Z,400.0,SYN730,B77W,OMDB,VHHH,320,83,0,0
SYN730_OMDB_VHHH_2026-03-04 02:01,15.59213,99.52224,2026-03-04T02:36:15Z,400.0,SYN730,B77W,OMDB,VHHH,320,83,0,0
SYN730_OMDB_VHHH_2026-03-04 02:01,15.59475,99.54514,2026-03-04T02:36:30Z,400.0,SYN730,B77W,OMDB,VHHH,320,83,0,0
SYN730_OMDB_VHHH_2026-03-04 02:01,15.59736,99.56803,2026-03-04T02:36:45Z,400.0,SYN730,B77W,OMDB,VHHH,320,83,0,0
SYN730_OMDB_VHHH_2026-03-04 02:01,15.59997,99.59093,2026-03-04T02:37:00Z,400.0,SYN730,B77W,OMDB,VHHH,320,83,0,0
SYN730_OMDB_VHHH_2026-03-04 02:01,15.60258,99.61383,2026-03-04T02:37:15Z,400.0,SYN730,B77W,OMDB,VHHH,320,83,0,0
SYN730_OMDB_VHHH_2026-03-04 02:01,15.60518,99.63672,2026-03-04T02:37:30Z,400.0,SYN730,B77W,OMDB,VHHH,320,83,0,0
SYN730_OMDB_VHHH_2026-03-04 02:01,15.60779,99.65962,2026-03-04T02:37:45Z,400.0,SYN730,B77W,OMDB,VHHH,320,83,0,0
SYN730_OMDB_VHHH_2026-03-04 02:01,15.61039,99.68252,2026-03-04T02:38:00Z,400.0,SYN730,B77W,OMDB,VHHH,320,83,0,0
SYN730_OMDB_VHHH_2026-03-04 02:01,15.61298,99.70542,2026-03-04T02:38:15Z,400.0,SYN730,B77W,OMDB,VHHH,320,83,0,0
SYN730_OMDB_VHHH_2026-03-04 02:01,15.61558,99.72832,2026-03-04T02:38:30Z,400.0,SYN730,B77W,OMDB,VHHH,320,83,0,0
SYN730_OMDB_VHHH_2026-03-04 02:01,15.61817,99.75122,2026-03-04T02:38:45Z,400.0,SYN730,B77W,OMDB,VHHH,320,83,0,0
SYN730_OMDB_VHHH_2026-03-04 02:01,15.62076,99.77412,2026-03-04T02:39:00Z,400.0,SYN730,B77W,OMDB,VHHH,320,83,0,0
SYN730_OMDB_VHHH_2026-03-04 02:01,15.62335,99.79703,2026-03-04T02:39:15Z,400.0,SYN730,B77W,OMDB,VHHH,320,83,0,0
SYN730_OMDB_VHHH_2026-03-04 02:01,15.62594,99.81993,2026-03-04T02:39:30Z,400.0,SYN730,B77W,OMDB,VHHH,320,83,0,0
SYN730_OMDB_VHHH_2026-03-04 02:01,15.62852,99.84283,2026-03-04T02:39:45Z,400.0,SYN730,B77W,OMDB,VHHH,320,83,0,0
SYN730_OMDB_VHHH_2026-03-04 02:01,15.6311,99.86574,2026-03-04T02:40:00Z,400.0,SYN730,B77W,OMDB,VHHH,320,83,0,0
SYN730_OMDB_VHHH_2026-03-04 02:01,15.63368,99.88864,2026-03-04T02:40:15Z,400.0,SYN730,B77W,OMDB,VHHH,320,83,0,0
SYN730_OMDB_VHHH_2026-03-04 02:01,15.63626,99.91154,2026-03-04T02:40:30Z,400.0,SYN730,B77W,OMDB,VHHH,320,83,0,0
SYN730_OMDB_VHHH_2026-03-04 02:01,15.63883,99.93445,2026-03-04T02:40:45Z,400.0,SYN730,B77W,OMDB,VHHH,320,83,0,0
SYN730_OMDB_VHHH_2026-03-04 02:01,15.64141,99.95736,2026-03-04T02:41:00Z,400.0,SYN730,B77W,OMDB,VHHH,320,83,0,0
SYN730_OMDB_VHHH_2026-03-04 02:01,15.64397,99.98026,2026-03-04T02:41:15Z,400.0,SYN730,B77W,OMDB,VHHH,320,83,0,0
SYN730_OMDB_VHHH_2026-03-04 02:01,15.64654,100.00317,2026-03-04T02:41:30Z,400.0,SYN730,B77W,OMDB,VHHH,320,83,0,0
SYN730_OMDB_VHHH_2026-03-04 02:01,15.64911,100.02608,2026-03-04T02:41:45Z,400.0,SYN730,B77W,OMDB,VHHH,320,83,0,0
SYN730_OMDB_VHHH_2026-03-04 02:01,15.65167,100.04899,2026-03-04T02:42:00Z,400.0,SYN730,B77W,OMDB,VHHH,320,83,0,0
SYN730_OMDB_VHHH_2026-03-04 02:01,15.65423,100.07189,2026-03-04T02:42:15Z,400.0,SYN730,B77W,OMDB,VHHH,320,83,0,0
SYN730_OMDB_VHHH_2026-03-04 02:01,15.65679,100.0948,2026-03-04T02:42:30Z,400.0,SYN730,B77W,OMDB,VHHH,320,83,0,0
SYN730_OMDB_VHHH_2026-03-04 02:01,15.65934,100.11771,2026-03-04T02:42:45Z,400.0,SYN730,B77W,OMDB,VHHH,320,83,0,0
SYN730_OMDB_VHHH_2026-03-04 02:01,15.66189,100.14062,2026-03-04T02:43:00Z,400.0,SYN730,B77W,OMDB,VHHH,320,83,0,0
SYN730_OMDB_VHHH_2026-03-04 02:01,15.66444,100.16353,2026-03-04T02:43:15Z,400.0,SYN730,B77W,OMDB,VHHH,320,83,0,0
SYN730_OMDB_VHHH_2026-03-04 02:01,15.66699,100.18645,2026-03-04T02:43:30Z,400.0,SYN730,B77W,OMDB,VHHH,320,83,0,0
SYN730_OMDB_VHHH_2026-03-04 02:01,15.66954,100.20936,2026-03-04T02:43:45Z,400.0,SYN730,B77W,OMDB,VHHH,320,83,0,0
SYN730_OMDB_VHHH_2026-03-04 02:01,15.67208,100.23227,2026-03-04T02:44:00Z,400.0,SYN730,B77W,OMDB,VHHH,320,83,0,0
SYN730_OMDB_VHHH_2026-03-04 02:01,15.67462,100.25518,2026-03-04T02:44:15Z,400.0,SYN730,B77W,OMDB,VHHH,320,83,0,0
SYN730_OMDB_VHHH_2026-03-04 02:01,15.67716,100.2781,2026-03-04T02:44:30Z,400.0,SYN730,B77W,OMDB,VHHH,320,83,0,0
SYN730_OMDB_VHHH_2026-03-04 02:01,15.6797,100.30101,2026-03-04T02:44:45Z,400.0,SYN730,B77W,OMDB,VHHH,320,83,0,0
SYN730_OMDB_VHHH_2026-03-04 02:01,15.68223,100.32393,2026-03-04T02:45:00Z,400.0,SYN730,B77W,OMDB,VHHH,320,83,0,0
SYN730_OMDB_VHHH_2026-03-04 02:01,15.68476,100.34684,2026-03-04T02:45:15Z,400.0,SYN730,B77W,OMDB,VHHH,320,83,0,0
SYN730_OMDB_VHHH_2026-03-04 02:01,15.68729,100.36976,2026-03-04T02:45:30Z,400.0,SYN730,B77W,OMDB,VHHH,320,83,0,0
SYN730_OMDB_VHHH_2026-03-04 02:01,15.68982,100.39268,2026-03-04T02:45:45Z,400.0,SYN730,B77W,OMDB,VHHH,320,83,0,0
SYN730_OMDB_VHHH_2026-03-04 02:01,15.69234,100.41559,2026-03-04T02:46:00Z,400.0,SYN730,B77W,OMDB,VHHH,320,83,0,0
SYN730_OMDB_VHHH_2026-03-04 02:01,15.69486,100.43851,2026-03-04T02:46:15Z,400.0,SYN730,B77W,OMDB,VHHH,320,83,0,0
SYN730_OMDB_VHHH_2026-03-04 02:01,15.69738,100.46143,2026-03-04T02:46:30Z,400.0,SYN730,B77W,OMDB,VHHH,320,83,0,0
SYN730_OMDB_VHHH_2026-03-04 02:01,15.6999,100.48435,2026-03-04T02:46:45Z,400.0,SYN730,B77W,OMDB,VHHH,320,83,0,0
SYN730_OMDB_VHHH_2026-03-04 02:01,15.70242,100.50727,2026-03-04T02:47:00Z,400.0,SYN730,B77W,OMDB,VHHH,320,84,0,0
SYN730_OMDB_VHHH_2026-03-04 02:01,15.70493,100.53019,2026-03-04T02:47:15Z,400.0,SYN730,B77W,OMDB,VHHH,320,84,0,0
SYN730_OMDB_VHHH_2026-03-04 02:01,15.70744,100.55311,2026-03-04T02:47:30Z,400.0,SYN730,B77W,OMDB,VHHH,320,84,0,0
SYN730_OMDB_VHHH_2026-03-04 02:01,15.70994,100.57603,2026-03-04T02:47:45Z,400.0,SYN730,B77W,OMDB,VHHH,320,84,0,0
SYN730_OMDB_VHHH_2026-03-04 02:01,15.71245,100.59895,2026-03-04T02:48:00Z,400.0,SYN730,B77W,OMDB,VHHH,320,84,0,0
SYN730_OMDB_VHHH_2026-03-04 02:01,15.71495,100.62188,2026-03-04T02:48:15Z,400.0,SYN730,B77W,OMDB,VHHH,320,84,0,0
SYN730_OMDB_VHHH_2026-03-04 02:01,15.71745,100.6448,2026-03-04T02:48:30Z,400.0,SYN730,B77W,OMDB,VHHH,320,84,0,0
SYN730_OMDB_VHHH_2026-03-04 02:01,15.71995,100.66772,2026-03-04T02:48:45Z,400.0,SYN730,B77W,OMDB,VHHH,320,84,0,0
SYN730_OMDB_VHHH_2026-03-04 02:01,15.72245,100.69065,2026-03-04T02:49:00Z,400.0,SYN730,B77W,OMDB,VHHH,320,84,0,0
SYN730_OMDB_VHHH_2026-03-04 02:01,15.72494,100.71357,2026-03-04T02:49:15Z,400.0,SYN730,B77W,OMDB,VHHH,320,84,0,0
SYN730_OMDB_VHHH_2026-03-04 02:01,15.72743,100.7365,2026-03-04T02:49:30Z,400.0,SYN730,B77W,OMDB,VHHH,320,84,0,0
SYN730_OMDB_VHHH_2026-03-04 02:01,15.72992,100.75942,2026-03-04T02:49:45Z,400.0,SYN730,B77W,OMDB,VHHH,320,84,0,0
SYN730_OMDB_VHHH_2026-03-04 02:01,15.7324,100.78235,2026-03-04T02:50:00Z,400.0,SYN730,B77W,OMDB,VHHH,320,84,0,0
SYN730_OMDB_VHHH_2026-03-04 02:01,15.73489,100.80528,2026-03-04T02:50:15Z,400.0,SYN730,B77W,OMDB,VHHH,320,84,0,0
SYN730_OMDB_VHHH_2026-03-04 02:01,15.73737,100.8282,2026-03-04T02:50:30Z,400.0,SYN730,B77W,OMDB,VHHH,320,84,0,0
SYN730_OMDB_VHHH_2026-03-04 02:01,15.73985,100.85113,2026-03-04T02:50:45Z,400.0,SYN730,B77W,OMDB,VHHH,320,84,0,0
SYN730_OMDB_VHHH_2026-03-04 02:01,15.74232,100.87406,2026-03-04T02:51:00Z,400.0,SYN730,B77W,OMDB,VHHH,320,84,0,0
SYN730_OMDB_VHHH_2026-03-04 02:01,15.7448,100.89699,2026-03-04T02:51:15Z,400.0,SYN730,B77W,OMDB,VHHH,320,84,0,0
SYN730_OMDB_VHHH_2026-03-04 02:01,15.74727,100.91992,2026-03-04T02:51:30Z,400.0,SYN730,B77W,OMDB,VHHH,320,84,0,0
SYN730_OMDB_VHHH_2026-03-04 02:01,15.74974,100.94285,2026-03-04T02:51:45Z,400.0,SYN730,B77W,OMDB,VHHH,320,84,0,0
SYN730_OMDB_VHHH_2026-03-04 02:01,15.75221,100.96578,2026-03-04T02:52:00Z,400.0,SYN730,B77W,OMDB,VHHH,320,84,0,0
SYN730_OMDB_VHHH_2026-03-04 02:01,15.75467,100.98871,2026-03-04T02:52:15Z,400.0,SYN730,B77W,OMDB,VHHH,320,84,0,0
SYN730_OMDB_VHHH_2026-03-04 02:01,15.75713,101.01164,2026-03-04T02:52:30Z,400.0,SYN730,B77W,OMDB,VHHH,320,84,0,0
SYN730_OMDB_VHHH_2026-03-04 02:01,15.75959,101.03458,2026-03-04T02:52:45Z,400.0,SYN730,B77W,OMDB,VHHH,320,84,0,0
SYN730_OMDB_VHHH_2026-03-04 02:01,15.76205,101.05751,2026-03-04T02:53:00Z,400.0,SYN730,B77W,OMDB,VHHH,320,84,0,0
SYN730_OMDB_VHHH_2026-03-04 02:01,15.7645,101.08044,2026-03-04T02:53:15Z,400.0,SYN730,B77W,OMDB,VHHH,320,84,0,0
SYN730_OMDB_VHHH_2026-03-04 02:01,15.76696,101.10338,2026-03-04T02:53:30Z,400.0,SYN730,B77W,OMDB,VHHH,320,84,0,0
SYN730_OMDB_VHHH_2026-03-04 02:01,15.76941,101.12631,2026-03-04T02:53:45Z,400.0,SYN730,B77W,OMDB,VHHH,320,84,0,0
SYN730_OMDB_VHHH_2026-03-04 02:01,15.77185,101.14925,2026-03-04T02:54:00Z,400.0,SYN730,B77W,OMDB,VHHH,320,84,0,0
SYN730_OMDB_VHHH_2026-03-04 02:01,15.7743,101.17218,2026-03-04T02:54:15Z,400.0,SYN730,B77W,OMDB,VHHH,320,84,0,0
SYN730_OMDB_VHHH_2026-03-04 02:01,15.77674,101.19512,2026-03-04T02:54:30Z,400.0,SYN730,B77W,OMDB,VHHH,320,84,0,0
SYN730_OMDB_VHHH_2026-03-04 02:01,15.77918,101.21806,2026-03-04T02:54:45Z,400.0,SYN730,B77W,OMDB,VHHH,320,84,0,0
SYN730_OMDB_VHHH_2026-03-04 02:01,15.78162,101.24099,2026-03-04T02:55:00Z,400.0,SYN730,B77W,OMDB,VHHH,320,84,0,0
SYN730_OMDB_VHHH_2026-03-04 02:01,15.78406,101.26393,2026-03-04T02:55:15Z,400.0,SYN730,B77W,OMDB,VHHH,320,84,0,0
SYN730_OMDB_VHHH_2026-03-04 02:01,15.78649,101.28687,2026-03-04T02:55:30Z,400.0,SYN730,B77W,OMDB,VHHH,320,84,0,0
SYN730_OMDB_VHHH_2026-03-04 02:01,15.78892,101.30981,2026-03-04T02:55:45Z,400.0,SYN730,B77W,OMDB,VHHH,320,84,0,0
SYN730_OMDB_VHHH_2026-03-04 02:01,15.79135,101.33275,2026-03-04T02:56:00Z,400.0,SYN730,B77W,OMDB,VHHH,320,84,0,0
SYN730_OMDB_VHHH_2026-03-04 02:01,15.79377,101.35569,2026-03-04T02:56:15Z,400.0,SYN730,B77W,OMDB,VHHH,320,84,0,0
SYN730_OMDB_VHHH_2026-03-04 02:01,15.7962,101.37863,2026-03-04T02:56:30Z,400.0,SYN730,B77W,OMDB,VHHH,320,84,0,0
SYN730_OMDB_VHHH_2026-03-04 02:01,15.79862,101.40157,2026-03-04T02:56:45Z,400.0,SYN730,B77W,OMDB,VHHH,320,84,0,0
SYN730_OMDB_VHHH_2026-03-04 02:01,15.80104,101.42451,2026-03-04T02:57:00Z,400.0,SYN730,B77W,OMDB,VHHH,320,84,0,0
SYN730_OMDB_VHHH_2026-03-04 02:01,15.80345,101.44746,2026-03-04T02:57:15Z,400.0,SYN730,B77W,OMDB,VHHH,320,84,0,0
SYN730_OMDB_VHHH_2026-03-04 02:01,15.80587,101.4704,2026-03-04T02:57:30Z,400.0,SYN730,B77W,OMDB,VHHH,320,84,0,0
SYN730_OMDB_VHHH_2026-03-04 02:01,15.80828,101.49334,2026-03-04T02:57:45Z,400.0,SYN730,B77W,OMDB,VHHH,320,84,0,0
SYN730_OMDB_VHHH_2026-03-04 02:01,15.81069,101.51629,2026-03-04T02:58:00Z,400.0,SYN730,B77W,OMDB,VHHH,320,84,0,0
SYN730_OMDB_VHHH_2026-03-04 02:01,15.81309,101.53923,2026-03-04T02:58:15Z,400.0,SYN730,B77W,OMDB,VHHH,320,84,0,0
SYN730_OMDB_VHHH_2026-03-04 02:01,15.8155,101.56218,2026-03-04T02:58:30Z,400.0,SYN730,B77W,OMDB,VHHH,320,84,0,0
SYN730_OMDB_VHHH_2026-03-04 02:01,15.8179,101.58512,2026-03-04T02:58:45Z,400.0,SYN730,B77W,OMDB,VHHH,320,84,0,0
SYN730_OMDB_VHHH_2026-03-04 02:01,15.8203,101.60807,2026-03-04T02:59:00Z,400.0,SYN730,B77W,OMDB,VHHH,320,84,0,0
SYN730_OMDB_VHHH_2026-03-04 02:01,15.8227,101.63102,2026-03-04T02:59:15Z,400.0,SYN730,B77W,OMDB,VHHH,320,84,0,0
SYN730_OMDB_VHHH_2026-03-04 02:01,15.82509,101.65396,2026-03-04T02:59:30Z,400.0,SYN730,B77W,OMDB,VHHH,320,84,0,0
SYN730_OMDB_VHHH_2026-03-04 02:01,15.82748,101.67691,2026-03-04T02:59:45Z,400.0,SYN730,B77W,OMDB,VHHH,320,84,0,0
SYN730_OMDB_VHHH_2026-03-04 02:01,15.82987,101.69986,2026-03-04T03:00:00Z,400.0,SYN730,B77W,OMDB,VHHH,320,84,0,0
SYN730_OMDB_VHHH_2026-03-04 02:01,15.83226,101.72281,2026-03-04T03:00:15Z,400.0,SYN730,B77W,OMDB,VHHH,320,84,0,0
SYN730_OMDB_VHHH_2026-03-04 02:01,15.83465,101.74576,2026-03-04T03:00:30Z,400.0,SYN730,B77W,OMDB,VHHH,320,84,0,0
SYN730_OMDB_VHHH_2026-03-04 02:01,15.83703,101.76871,2026-03-04T03:00:45Z,400.0,SYN730,B77W,OMDB,VHHH,320,84,0,0
SYN730_OMDB_VHHH_2026-03-04 02:01,15.83941,101.79166,2026-03-04T03:01:00Z,400.0,SYN730,B77W,OMDB,VHHH,320,84,0,0
SYN730_OMDB_VHHH_2026-03-04 02:01,15.84179,101.81461,2026-03-04T03:01:15Z,400.0,SYN730,B77W,OMDB,VHHH,320,84,0,0
SYN730_OMDB_VHHH_2026-03-04 02:01,15.84416,101.83756,2026-03-04T03:01:30Z,400.0,SYN730,B77W,OMDB,VHHH,320,84,0,0
SYN730_OMDB_VHHH_2026-03-04 02:01,15.84654,101.86051,2026-03-04T03:01:45Z,400.0,SYN730,B77W,OMDB,VHHH,320,84,0,0
SYN730_OMDB_VHHH_2026-03-04 02:01,15.84891,101.88347,2026-03-04T03:02:00Z,400.0,SYN730,B77W,OMDB,VHHH,320,84,0,0
SYN730_OMDB_VHHH_2026-03-04 02:01,15.85127,101.90642,2026-03-04T03:02:15Z,400.0,SYN730,B77W,OMDB,VHHH,320,84,0,0
SYN730_OMDB_VHHH_2026-03-04 02:01,15.85364,101.92937,2026-03-04T03:02:30Z,400.0,SYN730,B77W,OMDB,VHHH,320,84,0,0
SYN730_OMDB_VHHH_2026-03-04 02:01,15.856,101.95233,2026-03-04T03:02:45Z,400.0,SYN730,B77W,OMDB,VHHH,320,84,0,0
SYN730_OMDB_VHHH_2026-03-04 02:01,15.85836,101.97528,2026-03-04T03:03:00Z,400.0,SYN730,B77W,OMDB,VHHH,320,84,0,0
SYN730_OMDB_VHHH_2026-03-04 02:01,15.86072,101.99824,2026-03-04T03:03:15Z,400.0,SYN730,B77W,OMDB,VHHH,320,84,0,0
SYN730_OMDB_VHHH_2026-03-04 02:01,15.86308,102.02119,2026-03-04T03:03:30Z,400.0,SYN730,B77W,OMDB,VHHH,320,84,0,0
SYN730_OMDB_VHHH_2026-03-04 02:01,15.86543,102.04415,2026-03-04T03:03:45Z,400.0,SYN730,B77W,OMDB,VHHH,320,84,0,0
SYN730_OMDB_VHHH_2026-03-04 02:01,15.86778,102.06711,2026-03-04T03:04:00Z,400.0,SYN730,B77W,OMDB,VHHH,320,84,0,0
SYN730_OMDB_VHHH_2026-03-04 02:01,15.87013,102.09007,2026-03-04T03:04:15Z,400.0,SYN730,B77W,OMDB,VHHH,320,84,0,0
SYN730_OMDB_VHHH_2026-03-04 02:01,15.87248,102.11302,2026-03-04T03:04:30Z,400.0,SYN730,B77W,OMDB,VHHH,320,84,0,0
SYN730_OMDB_VHHH_2026-03-04 02:01,15.87482,102.13598,2026-03-04T03:04:45Z,400.0,SYN730,B77W,OMDB,VHHH,320,84,0,0
SYN730_OMDB_VHHH_2026-03-04 02:01,15.87716,102.15894,2026-03-04T03:05:00Z,400.0,SYN730,B77W,OMDB,VHHH,320,84,0,0
SYN730_OMDB_VHHH_2026-03-04 02:01,15.8795,102.1819,2026-03-04T03:05:15Z,400.0,SYN730,B77W,OMDB,VHHH,320,84,0,0
SYN730_OMDB_VHHH_2026-03-04 02:01,15.88184,102.20486,2026-03-04T03:05:30Z,400.0,SYN730,B77W,OMDB,VHHH,320,84,0,0
SYN730_OMDB_VHHH_2026-03-04 02:01,15.88417,102.22782,2026-03-04T03:05:45Z,400.0,SYN730,B77W,OMDB,VHHH,320,84,0,0
SYN730_OMDB_VHHH_2026-03-04 02:01,15.88651,102.25078,2026-03-04T03:06:00Z,400.0,SYN730,B77W,OMDB,VHHH,320,84,0,0
SYN730_OMDB_VHHH_2026-03-04 02:01,15.88883,102.27375,2026-03-04T03:06:15Z,400.0,SYN730,B77W,OMDB,VHHH,320,84,0,0
SYN730_OMDB_VHHH_2026-03-04 02:01,15.89116,102.29671,2026-03-04T03:06:30Z,400.0,SYN730,B77W,OMDB,VHHH,320,84,0,0
SYN730_OMDB_VHHH_2026-03-04 02:01,15.89349,102.31967,2026-03-04T03:06:45Z,400.0,SYN730,B77W,OMDB,VHHH,320,84,0,0
SYN730_OMDB_VHHH_2026-03-04 02:01,15.89581,102.34263,2026-03-04T03:07:00Z,400.0,SYN730,B77W,OMDB,VHHH,320,84,0,0
SYN730_OMDB_VHHH_2026-03-04 02:01,15.89813,102.3656,2026-03-04T03:07:15Z,400.0,SYN730,B77W,OMDB,VHHH,320,84,0,0
SYN730_OMDB_VHHH_2026-03-04 02:01,15.90045,102.38856,2026-03-04T03:07:30Z,400.0,SYN730,B77W,OMDB,VHHH,320,84,0,0
SYN730_OMDB_VHHH_2026-03-04 02:01,15.90276,102.41153,2026-03-04T03:07:45Z,400.0,SYN730,B77W,OMDB,VHHH,320,84,0,0
SYN730_OMDB_VHHH_2026-03-04 02:01,15.90507,102.43449,2026-03-04T03:08:00Z,400.0,SYN730,B77W,OMDB,VHHH,320,84,0,0
SYN730_OMDB_VHHH_2026-03-04 02:01,15.90738,102.45746,2026-03-04T03:08:15Z,400.0,SYN730,B77W,OMDB,VHHH,320,84,0,0
SYN730_OMDB_VHHH_2026-03-04 02:01,15.90969,102.48043,2026-03-04T03:08:30Z,400.0,SYN730,B77W,OMDB,VHHH,320,84,0,0
SYN730_OMDB_VHHH_2026-03-04 02:01,15.912,102.50339,2026-03-04T03:08:45Z,400.0,SYN730,B77W,OMDB,VHHH,320,84,0,0
SYN730_OMDB_VHHH_2026-03-04 02:01,15.9143,102.52636,2026-03-04T03:09:00Z,400.0,SYN730,B77W,OMDB,VHHH,320,84,0,0
SYN730_OMDB_VHHH_2026-03-04 02:01,15.9166,102.54933,2026-03-04T03:09:15Z,400.0,SYN730,B77W,OMDB,VHHH,320,84,0,0
SYN730_OMDB_VHHH_2026-03-04 02:01,15.9189,102.5723,2026-03-04T03:09:30Z,400.0,SYN730,B77W,OMDB,VHHH,320,84,0,0
SYN730_OMDB_VHHH_2026-03-04 02:01,15.92119,102.59527,2026-03-04T03:09:45Z,400.0,SYN730,B77W,OMDB,VHHH,320,84,0,0
SYN730_OMDB_VHHH_2026-03-04 02:01,15.92348,102.61824,2026-03-04T03:10:00Z,400.0,SYN730,B77W,OMDB,VHHH,320,84,0,0
SYN730_OMDB_VHHH_2026-03-04 02:01,15.92578,102.64121,2026-03-04T03:10:15Z,400.0,SYN730,B77W,OMDB,VHHH,320,84,0,0
SYN730_OMDB_VHHH_2026-03-04 02:01,15.92806,102.66418,2026-03-04T03:10:30Z,400.0,SYN730,B77W,OMDB,VHHH,320,84,0,0
SYN730_OMDB_VHHH_2026-03-04 02:01,15.93035,102.68715,2026-03-04T03:10:45Z,400.0,SYN730,B77W,OMDB,VHHH,320,84,0,0
SYN730_OMDB_VHHH_2026-03-04 02:01,15.93263,102.71012,2026-03-04T03:11:00Z,400.0,SYN730,B77W,OMDB,VHHH,320,84,0,0
SYN730_OMDB_VHHH_2026-03-04 02:01,15.93491,102.73309,2026-03-04T03:11:15Z,400.0,SYN730,B77W,OMDB,VHHH,320,84,0,0
SYN730_OMDB_VHHH_2026-03-04 02:01,15.93719,102.75607,2026-03-04T03:11:30Z,400.0,SYN730,B77W,OMDB,VHHH,320,84,0,0
SYN730_OMDB_VHHH_2026-03-04 02:01,15.93947,102.77904,2026-03-04T03:11:45Z,400.0,SYN730,B77W,OMDB,VHHH,320,84,0,0
SYN730_OMDB_VHHH_2026-03-04 02:01,15.94174,102.80201,2026-03-04T03:12:00Z,400.0,SYN730,B77W,OMDB,VHHH,320,84,0,0
SYN730_OMDB_VHHH_2026-03-04 02:01,15.94401,102.82499,2026-03-04T03:12:15Z,400.0,SYN730,B77W,OMDB,VHHH,320,84,0,0
SYN730_OMDB_VHHH_2026-03-04 02:01,15.94628,102.84796,2026-03-04T03:12:30Z,400.0,SYN730,B77W,OMDB,VHHH,320,84,0,0
SYN730_OMDB_VHHH_2026-03-04 02:01,15.94855,102.87094,2026-03-04T03:12:45Z,400.0,SYN730,B77W,OMDB,VHHH,320,84,0,0
SYN730_OMDB_VHHH_2026-03-04 02:01,15.95081,102.89392,2026-03-04T03:13:00Z,400.0,SYN730,B77W,OMDB,VHHH,320,84,0,0
SYN730_OMDB_VHHH_2026-03-04 02:01,15.95307,102.91689,2026-03-04T03:13:15Z,400.0,SYN730,B77W,OMDB,VHHH,320,84,0,0
SYN730_OMDB_VHHH_2026-03-04 02:01,15.95533,102.93987,2026-03-04T03:13:30Z,400.0,SYN730,B77W,OMDB,VHHH,320,84,0,0
SYN730_OMDB_VHHH_2026-03-04 02:01,15.95759,102.96285,2026-03-04T03:13:45Z,400.0,SYN730,B77W,OMDB,VHHH,320,84,0,0
SYN730_OMDB_VHHH_2026-03-04 02:01,15.95984,102.98583,2026-03-04T03:14:00Z,400.0,SYN730,B77W,OMDB,VHHH,320,84,0,0
SYN730_OMDB_VHHH_2026-03-04 02:01,15.96209,103.0088,2026-03-04T03:14:15Z,400.0,SYN730,B77W,OMDB,VHHH,320,84,0,0
SYN730_OMDB_VHHH_2026-03-04 02:01,15.96434,103.03178,2026-03-04T03:14:30Z,400.0,SYN730,B77W,OMDB,VHHH,320,84,0,0
SYN730_OMDB_VHHH_2026-03-04 02:01,15.96659,103.05476,2026-03-04T03:14:45Z,400.0,SYN730,B77W,OMDB,VHHH,320,84,0,0
SYN730_OMDB_VHHH_2026-03-04 02:01,15.96883,103.07774,2026-03-04T03:15:00Z,400.0,SYN730,B77W,OMDB,VHHH,320,84,0,0
SYN730_OMDB_VHHH_2026-03-04 02:01,15.97108,103.10072,2026-03-04T03:15:15Z,400.0,SYN730,B77W,OMDB,VHHH,320,84,0,0
SYN730_OMDB_VHHH_2026-03-04 02:01,15.97332,103.1237,2026-03-04T03:15:30Z,400.0,SYN730,B77W,OMDB,VHHH,320,84,0,0
SYN730_OMDB_VHHH_2026-03-04 02:01,15.97555,103.14669,2026-03-04T03:15:45Z,400.0,SYN730,B77W,OMDB,VHHH,320,84,0,0
SYN730_OMDB_VHHH_2026-03-04 02:01,15.97779,103.16967,2026-03-04T03:16:00Z,400.0,SYN730,B77W,OMDB,VHHH,320,84,0,0
SYN730_OMDB_VHHH_2026-03-04 02:01,15.98002,103.19265,2026-03-04T03:16:15Z,400.0,SYN730,B77W,OMDB,VHHH,320,84,0,0
SYN730_OMDB_VHHH_2026-03-04 02:01,15.98225,103.21564,2026-03-04T03:16:30Z,400.0,SYN730,B77W,OMDB,VHHH,320,84,0,0
SYN730_OMDB_VHHH_2026-03-04 02:01,15.98448,103.23862,2026-03-04T03:16:45Z,400.0,SYN730,B77W,OMDB,VHHH,320,84,0,0
SYN730_OMDB_VHHH_2026-03-04 02:01,15.9867,103.2616,2026-03-04T03:17:00Z,400.0,SYN730,B77W,OMDB,VHHH,320,84,0,0
SYN730_OMDB_VHHH_2026-03-04 02:01,15.98892,103.28459,2026-03-04T03:17:15Z,400.0,SYN730,B77W,OMDB,VHHH,320,84,0,0
SYN730_OMDB_VHHH_2026-03-04 02:01,15.99114,103.30757,2026-03-04T03:17:30Z,400.0,SYN730,B77W,OMDB,VHHH,320,84,0,0
SYN730_OMDB_VHHH_2026-03-04 02:01,15.99336,103.33056,2026-03-04T03:17:45Z,400.0,SYN730,B77W,OMDB,VHHH,320,84,0,0
SYN730_OMDB_VHHH_2026-03-04 02:01,15.99558,103.35355,2026-03-04T03:18:00Z,400.0,SYN730,B77W,OMDB,VHHH,320,84,0,0
SYN730_OMDB_VHHH_2026-03-04 02:01,15.99779,103.37653,2026-03-04T03:18:15Z,400.0,SYN730,B77W,OMDB,VHHH,320,84,0,0
SYN730_OMDB_VHHH_2026-03-04 02:01,16.0,103.39952,2026-03-04T03:18:30Z,400.0,SYN730,B77W,OMDB,VHHH,320,84,0,0
SYN730_OMDB_VHHH_2026-03-04 02:01,16.00221,103.42251,2026-03-04T03:18:45Z,400.0,SYN730,B77W,OMDB,VHHH,320,84,0,0
SYN730_OMDB_VHHH_2026-03-04 02:01,16.00441,103.4455,2026-03-04T03:19:00Z,400.0,SYN730,B77W,OMDB,VHHH,320,84,0,0
SYN730_OMDB_VHHH_2026-03-04 02:01,16.00661,103.46848,2026-03-04T03:19:15Z,400.0,SYN730,B77W,OMDB,VHHH,320,84,0,0
SYN730_OMDB_VHHH_2026-03-04 02:01,16.00881,103.49147,2026-03-04T03:19:30Z,400.0,SYN730,B77W,OMDB,VHHH,320,84,0,0
SYN730_OMDB_VHHH_2026-03-04 02:01,16.01101,103.51446,2026-03-04T03:19:45Z,400.0,SYN730,B77W,OMDB,VHHH,320,84,0,0
SYN730_OMDB_VHHH_2026-03-04 02:01,16.01321,103.53745,2026-03-04T03:20:00Z,400.0,SYN730,B77W,OMDB,VHHH,320,84,0,0
SYN730_OMDB_VHHH_2026-03-04 02:01,16.0154,103.56045,2026-03-04T03:20:15Z,400.0,SYN730,B77W,OMDB,VHHH,320,84,0,0
SYN730_OMDB_VHHH_2026-03-04 02:01,16.01759,103.58344,2026-03-04T03:20:30Z,400.0,SYN730,B77W,OMDB,VHHH,320,84,0,0
SYN730_OMDB_VHHH_2026-03-04 02:01,16.01978,103.60643,2026-03-04T03:20:45Z,400.0,SYN730,B77W,OMDB,VHHH,320,84,0,0
SYN730_OMDB_VHHH_2026-03-04 02:01,16.02197,103.62942,2026-03-04T03:21:00Z,400.0,SYN730,B77W,OMDB,VHHH,320,84,0,0
SYN730_OMDB_VHHH_2026-03-04 02:01,16.02415,103.65241,2026-03-04T03:21:15Z,400.0,SYN730,B77W,OMDB,VHHH,320,84,0,0
SYN730_OMDB_VHHH_2026-03-04 02:01,16.02633,103.67541,2026-03-04T03:21:30Z,400.0,SYN730,B77W,OMDB,VHHH,320,84,0,0
SYN730_OMDB_VHHH_2026-03-04 02:01,16.02851,103.6984,2026-03-04T03:21:45Z,400.0,SYN730,B77W,OMDB,VHHH,320,84,0,0
SYN730_OMDB_VHHH_2026-03-04 02:01,16.03068,103.7214,2026-03-04T03:22:00Z,400.0,SYN730,B77W,OMDB,VHHH,320,84,0,0
SYN730_OMDB_VHHH_2026-03-04 02:01,16.03286,103.74439,2026-03-04T03:22:15Z,400.0,SYN730,B77W,OMDB,VHHH,320,84,0,0
SYN730_OMDB_VHHH_2026-03-04 02:01,16.03503,103.76739,2026-03-04T03:22:30Z,400.0,SYN730,B77W,OMDB,VHHH,320,84,0,0
SYN730_OMDB_VHHH_2026-03-04 02:01,16.0372,103.79038,2026-03-04T03:22:45Z,400.0,SYN730,B77W,OMDB,VHHH,320,84,0,0
SYN730_OMDB_VHHH_2026-03-04 02:01,16.03936,103.81338,2026-03-04T03:23:00Z,400.0,SYN730,B77W,OMDB,VHHH,320,84,0,0
SYN730_OMDB_VHHH_2026-03-04 02:01,16.04153,103.83638,2026-03-04T03:23:15Z,400.0,SYN730,B77W,OMDB,VHHH,320,84,0,0
SYN730_OMDB_VHHH_2026-03-04 02:01,16.04369,103.85937,2026-03-04T03:23:30Z,400.0,SYN730,B77W,OMDB,VHHH,320,84,0,0
SYN730_OMDB_VHHH_2026-03-04 02:01,16.04585,103.88237,2026-03-04T03:23:45Z,400.0,SYN730,B77W,OMDB,VHHH,320,84,0,0
SYN730_OMDB_VHHH_2026-03-04 02:01,16.048,103.90537,2026-03-04T03:24:00Z,400.0,SYN730,B77W,OMDB,VHHH,320,84,0,0
SYN730_OMDB_VHHH_2026-03-04 02:01,16.05016,103.92837,2026-03-04T03:24:15Z,400.0,SYN730,B77W,OMDB,VHHH,320,84,0,0
SYN730_OMDB_VHHH_2026-03-04 02:01,16.05231,103.95137,2026-03-04T03:24:30Z,400.0,SYN730,B77W,OMDB,VHHH,320,84,0,0
SYN730_OMDB_VHHH_2026-03-04 02:01,16.05446,103.97437,2026-03-04T03:24:45Z,400.0,SYN730,B77W,OMDB,VHHH,320,84,0,0
SYN730_OMDB_VHHH_2026-03-04 02:01,16.0566,103.99737,2026-03-04T03:25:00Z,400.0,SYN730,B77W,OMDB,VHHH,320,84,0,0
SYN730_OMDB_VHHH_2026-03-04 02:01,16.05875,104.02037,2026-03-04T03:25:15Z,400.0,SYN730,B77W,OMDB,VHHH,320,84,0,0
SYN730_OMDB_VHHH_2026-03-04 02:01,16.06089,104.04337,2026-03-04T03:25:30Z,400.0,SYN730,B77W,OMDB,VHHH,320,84,0,0
SYN730_OMDB_VHHH_2026-03-04 02:01,16.06303,104.06637,2026-03-04T03:25:45Z,400.0,SYN730,B77W,OMDB,VHHH,320,84,0,0
SYN730_OMDB_VHHH_2026-03-04 02:01,16.06516,104.08937,2026-03-04T03:26:00Z,400.0,SYN730,B77W,OMDB,VHHH,320,84,0,0
SYN730_OMDB_VHHH_2026-03-04 02:01,16.0673,104.11238,2026-03-04T03:26:15Z,400.0,SYN730,B77W,OMDB,VHHH,320,84,0,0
SYN730_OMDB_VHHH_2026-03-04 02:01,16.06943,104.13538,2026-03-04T03:26:30Z,400.0,SYN730,B77W,OMDB,VHHH,320,84,0,0
SYN730_OMDB_VHHH_2026-03-04 02:01,16.07156,104.15838,2026-03-04T03:26:45Z,400.0,SYN730,B77W,OMDB,VHHH,320,85,0,0
SYN730_OMDB_VHHH_2026-03-04 02:01,16.07369,104.18139,2026-03-04T03:27:00Z,400.0,SYN730,B77W,OMDB,VHHH,320,85,0,0
SYN730_OMDB_VHHH_2026-03-04 02:01,16.07581,104.20439,2026-03-04T03:27:15Z,400.0,SYN730,B77W,OMDB,VHHH,320,85,0,0
SYN730_OMDB_VHHH_2026-03-04 02:01,16.07793,104.2274,2026-03-04T03:27:30Z,400.0,SYN730,B77W,OMDB,VHHH,320,85,0,0
SYN730_OMDB_VHHH_2026-03-04 02:01,16.08005,104.25041,2026-03-04T03:27:45Z,400.0,SYN730,B77W,OMDB,VHHH,320,85,0,0
SYN730_OMDB_VHHH_2026-03-04 02:01,16.08217,104.27341,2026-03-04T03:28:00Z,400.0,SYN730,B77W,OMDB,VHHH,320,85,0,0
SYN730_OMDB_VHHH_2026-03-04 02:01,16.08428,104.29642,2026-03-04T03:28:15Z,400.0,SYN730,B77W,OMDB,VHHH,320,85,0,0
SYN730_OMDB_VHHH_2026-03-04 02:01,16.0864,104.31943,2026-03-04T03:28:30Z,400.0,SYN730,B77W,OMDB,VHHH,320,85,0,0
SYN730_OMDB_VHHH_2026-03-04 02:01,16.08851,104.34243,2026-03-04T03:28:45Z,400.0,SYN730,B77W,OMDB,VHHH,320,85,0,0
SYN730_OMDB_VHHH_2026-03-04 02:01,16.09061,104.36544,2026-03-04T03:29:00Z,400.0,SYN730,B77W,OMDB,VHHH,320,85,0,0
SYN730_OMDB_VHHH_2026-03-04 02:01,16.09272,104.38845,2026-03-04T03:29:15Z,400.0,SYN730,B77W,OMDB,VHHH,320,85,0,0
SYN730_OMDB_VHHH_2026-03-04 02:01,16.09482,104.41146,2026-03-04T03:29:30Z,400.0,SYN730,B77W,OMDB,VHHH,320,85,0,0
SYN730_OMDB_VHHH_2026-03-04 02:01,16.09692,104.43447,2026-03-04T03:29:45Z,400.0,SYN730,B77W,OMDB,VHHH,320,85,0,0
SYN730_OMDB_VHHH_2026-03-04 02:01,16.09902,104.45748,2026-03-04T03:30:00Z,400.0,SYN730,B77W,OMDB,VHHH,320,85,0,0
SYN730_OMDB_VHHH_2026-03-04 02:01,16.10111,104.48049,2026-03-04T03:30:15Z,400.0,SYN730,B77W,OMDB,VHHH,320,85,0,0
SYN730_OMDB_VHHH_2026-03-04 02:01,16.1032,104.5035,2026-03-04T03:30:30Z,400.0,SYN730,B77W,OMDB,VHHH,320,85,0,0
SYN730_OMDB_VHHH_2026-03-04 02:01,16.10529,104.52651,2026-03-04T03:30:45Z,400.0,SYN730,B77W,OMDB,VHHH,320,85,0,0
SYN730_OMDB_VHHH_2026-03-04 02:01,16.10738,104.54953,2026-03-04T03:31:00Z,400.0,SYN730,B77W,OMDB,VHHH,320,85,0,0
SYN730_OMDB_VHHH_2026-03-04 02:01,16.10947,104.57254,2026-03-04T03:31:15Z,400.0,SYN730,B77W,OMDB,VHHH,320,85,0,0
SYN730_OMDB_VHHH_2026-03-04 02:01,16.11155,104.59555,2026-03-04T03:31:30Z,400.0,SYN730,B77W,OMDB,VHHH,320,85,0,0
SYN730_OMDB_VHHH_2026-03-04 02:01,16.11363,104.61857,2026-03-04T03:31:45Z,400.0,SYN730,B77W,OMDB,VHHH,320,85,0,0
SYN730_OMDB_VHHH_2026-03-04 02:01,16.11571,104.64158,2026-03-04T03:32:00Z,400.0,SYN730,B77W,OMDB,VHHH,320,85,0,0
SYN730_OMDB_VHHH_2026-03-04 02:01,16.11778,104.66459,2026-03-04T03:32:15Z,400.0,SYN730,B77W,OMDB,VHHH,320,85,0,0
SYN730_OMDB_VHHH_2026-03-04 02:01,16.11986,104.68761,2026-03-04T03:32:30Z,400.0,SYN730,B77W,OMDB,VHHH,320,85,0,0
SYN730_OMDB_VHHH_2026-03-04 02:01,16.12193,104.71062,2026-03-04T03:32:45Z,400.0,SYN730,B77W,OMDB,VHHH,320,85,0,0
SYN730_OMDB_VHHH_2026-03-04 02:01,16.12399,104.73364,2026-03-04T03:33:00Z,400.0,SYN730,B77W,OMDB,VHHH,320,85,0,0
SYN730_OMDB_VHHH_2026-03-04 02:01,16.12606,104.75666,2026-03-04T03:33:15Z,400.0,SYN730,B77W,OMDB,VHHH,320,85,0,0
SYN730_OMDB_VHHH_2026-03-04 02:01,16.12812,104.77967,2026-03-04T03:33:30Z,400.0,SYN730,B77W,OMDB,VHHH,320,85,0,0
SYN730_OMDB_VHHH_2026-03-04 02:01,16.13018,104.80269,2026-03-04T03:33:45Z,400.0,SYN730,B77W,OMDB,VHHH,320,85,0,0
SYN730_OMDB_VHHH_2026-03-04 02:01,16.13224,104.82571,2026-03-04T03:34:00Z,400.0,SYN730,B77W,OMDB,VHHH,320,85,0,0
SYN730_OMDB_VHHH_2026-03-04 02:01,16.13429,104.84873,2026-03-04T03:34:15Z,400.0,SYN730,B77W,OMDB,VHHH,320,85,0,0
SYN730_OMDB_VHHH_2026-03-04 02:01,16.13635,104.87175,2026-03-04T03:34:30Z,400.0,SYN730,B77W,OMDB,VHHH,320,85,0,0
SYN730_OMDB_VHHH_2026-03-04 02:01,16.1384,104.89477,2026-03-04T03:34:45Z,400.0,SYN730,B77W,OMDB,VHHH,320,85,0,0
SYN730_OMDB_VHHH_2026-03-04 02:01,16.14045,104.91779,2026-03-04T03:35:00Z,400.0,SYN730,B77W,OMDB,VHHH,320,85,0,0
SYN730_OMDB_VHHH_2026-03-04 02:01,16.14249,104.94081,2026-03-04T03:35:15Z,400.0,SYN730,B77W,OMDB,VHHH,320,85,0,0
SYN730_OMDB_VHHH_2026-03-04 02:01,16.14454,104.96383,2026-03-04T03:35:30Z,400.0,SYN730,B77W,OMDB,VHHH,320,85,0,0
SYN730_OMDB_VHHH_2026-03-04 02:01,16.14658,104.98685,2026-03-04T03:35:45Z,400.0,SYN730,B77W,OMDB,VHHH,320,85,0,0
SYN730_OMDB_VHHH_2026-03-04 02:01,16.14861,105.00987,2026-03-04T03:36:00Z,400.0,SYN730,B77W,OMDB,VHHH,320,85,0,0
SYN730_OMDB_VHHH_2026-03-04 02:01,16.15065,105.03289,2026-03-04T03:36:15Z,400.0,SYN730,B77W,OMDB,VHHH,320,85,0,0
SYN730_OMDB_VHHH_2026-03-04 02:01,16.15268,105.05592,2026-03-04T03:36:30Z,400.0,SYN730,B77W,OMDB,VHHH,320,85,0,0
SYN730_OMDB_VHHH_2026-03-04 02:01,16.15471,105.07894,2026-03-04T03:36:45Z,400.0,SYN730,B77W,OMDB,VHHH,320,85,0,0
SYN730_OMDB_VHHH_2026-03-04 02:01,16.15674,105.10196,2026-03-04T03:37:00Z,400.0,SYN730,B77W,OMDB,VHHH,320,85,0,0
SYN730_OMDB_VHHH_2026-03-04 02:01,16.15877,105.12499,2026-03-04T03:37:15Z,400.0,SYN730,B77W,OMDB,VHHH,320,85,0,0
SYN730_OMDB_VHHH_2026-03-04 02:01,16.16079,105.14801,2026-03-04T03:37:30Z,400.0,SYN730,B77W,OMDB,VHHH,320,85,0,0
SYN730_OMDB_VHHH_2026-03-04 02:01,16.16281,105.17104,2026-03-04T03:37:45Z,400.0,SYN730,B77W,OMDB,VHHH,320,85,0,0
SYN730_OMDB_VHHH_2026-03-04 02:01,16.16483,105.19406,2026-03-04T03:38:00Z,400.0,SYN730,B77W,OMDB,VHHH,320,85,0,0
SYN730_OMDB_VHHH_2026-03-04 02:01,16.16685,105.21709,2026-03-04T03:38:15Z,400.0,SYN730,B77W,OMDB,VHHH,320,85,0,0
SYN730_OMDB_VHHH_2026-03-04 02:01,16.16886,105.24011,2026-03-04T03:38:30Z,400.0,SYN730,B77W,OMDB,VHHH,320,85,0,0
SYN730_OMDB_VHHH_2026-03-04 02:01,16.17087,105.26314,2026-03-04T03:38:45Z,400.0,SYN730,B77W,OMDB,VHHH,320,85,0,0
SYN730_OMDB_VHHH_2026-03-04 02:01,16.17288,105.28617,2026-03-04T03:39:00Z,400.0,SYN730,B77W,OMDB,VHHH,320,85,0,0
SYN730_OMDB_VHHH_2026-03-04 02:01,16.17488,105.3092,2026-03-04T03:39:15Z,400.0,SYN730,B77W,OMDB,VHHH,320,85,0,0
SYN730_OMDB_VHHH_2026-03-04 02:01,16.17689,105.33222,2026-03-04T03:39:30Z,400.0,SYN730,B77W,OMDB,VHHH,320,85,0,0
SYN730_OMDB_VHHH_2026-03-04 02:01,16.17889,105.35525,2026-03-04T03:39:45Z,400.0,SYN730,B77W,OMDB,VHHH,320,85,0,0
SYN730_OMDB_VHHH_2026-03-04 02:01,16.18089,105.37828,2026-03-04T03:40:00Z,400.0,SYN730,B77W,OMDB,VHHH,320,85,0,0
SYN730_OMDB_VHHH_2026-03-04 02:01,16.18288,105.40131,2026-03-04T03:40:15Z,400.0,SYN730,B77W,OMDB,VHHH,320,85,0,0
SYN730_OMDB_VHHH_2026-03-04 02:01,16.18488,105.42434,2026-03-04T03:40:30Z,400.0,SYN730,B77W,OMDB,VHHH,320,85,0,0
SYN730_OMDB_VHHH_2026-03-04 02:01,16.18687,105.44737,2026-03-04T03:40:45Z,400.0,SYN730,B77W,OMDB,VHHH,320,85,0,0
SYN730_OMDB_VHHH_2026-03-04 02:01,16.18886,105.4704,2026-03-04T03:41:00Z,400.0,SYN730,B77W,OMDB,VHHH,320,85,0,0
SYN730_OMDB_VHHH_2026-03-04 02:01,16.19084,105.49344,2026-03-04T03:41:15Z,400.0,SYN730,B77W,OMDB,VHHH,320,85,0,0
SYN730_OMDB_VHHH_2026-03-04 02:01,16.19283,105.51647,2026-03-04T03:41:30Z,400.0,SYN730,B77W,OMDB,VHHH,320,85,0,0
SYN730_OMDB_VHHH_2026-03-04 02:01,16.19481,105.5395,2026-03-04T03:41:45Z,400.0,SYN730,B77W,OMDB,VHHH,320,85,0,0
SYN730_OMDB_VHHH_2026-03-04 02:01,16.19679,105.56253,2026-03-04T03:42:00Z,400.0,SYN730,B77W,OMDB,VHHH,320,85,0,0
SYN730_OMDB_VHHH_2026-03-04 02:01,16.19876,105.58557,2026-03-04T03:42:15Z,400.0,SYN730,B77W,OMDB,VHHH,320,85,0,0
SYN744_VHHH_OMDB_2026-03-04 02:13,16.05,105.6,2026-03-04T02:13:00Z,380.0,SYN744,A359,VHHH,OMDB,320,264,0,0
SYN744_VHHH_OMDB_2026-03-04 02:13,16.04778,105.57701,2026-03-04T02:13:15Z,380.0,SYN744,A359,VHHH,OMDB,320,0,0,0
SYN744_VHHH_OMDB_2026-03-04 02:13,16.04556,105.55402,2026-03-04T02:13:30Z,380.0,SYN744,A359,VHHH,OMDB,320,0,0,0
SYN744_VHHH_OMDB_2026-03-04 02:13,16.04333,105.53103,2026-03-04T02:13:45Z,380.0,SYN744,A359,VHHH,OMDB,320,0,0,0
SYN744_VHHH_OMDB_2026-03-04 02:13,16.0411,105.50804,2026-03-04T02:14:00Z,380.0,SYN744,A359,VHHH,OMDB,320,0,0,0
SYN744_VHHH_OMDB_2026-03-04 02:13,16.03887,105.48505,2026-03-04T02:14:15Z,380.0,SYN744,A359,VHHH,OMDB,320,0,0,0
SYN744_VHHH_OMDB_2026-03-04 02:13,16.03664,105.46206,2026-03-04T02:14:30Z,380.0,SYN744,A359,VHHH,OMDB,320,0,0,0
SYN744_VHHH_OMDB_2026-03-04 02:13,16.0344,105.43907,2026-03-04T02:14:45Z,380.0,SYN744,A359,VHHH,OMDB,320,0,0,0
SYN744_VHHH_OMDB_2026-03-04 02:13,16.03216,105.41608,2026-03-04T02:15:00Z,380.0,SYN744,A359,VHHH,OMDB,320,0,0,0
SYN744_VHHH_OMDB_2026-03-04 02:13,16.02992,105.39309,2026-03-04T02:15:15Z,380.0,SYN744,A359,VHHH,OMDB,320,0,0,0
SYN744_VHHH_OMDB_2026-03-04 02:13,16.02768,105.3701,2026-03-04T02:15:30Z,380.0,SYN744,A359,VHHH,OMDB,320,0,0,0
SYN744_VHHH_OMDB_2026-03-04 02:13,16.02543,105.34712,2026-03-04T02:15:45Z,380.0,SYN744,A359,VHHH,OMDB,320,0,0,0
SYN744_VHHH_OMDB_2026-03-04 02:13,16.02318,105.32413,2026-03-04T02:16:00Z,380.0,SYN744,A359,VHHH,OMDB,320,0,0,0
SYN744_VHHH_OMDB_2026-03-04 02:13,16.02093,105.30114,2026-03-04T02:16:15Z,380.0,SYN744,A359,VHHH,OMDB,320,0,0,0
SYN744_VHHH_OMDB_2026-03-04 02:13,16.01868,105.27816,2026-03-04T02:16:30Z,380.0,SYN744,A359,VHHH,OMDB,320,0,0,0
SYN744_VHHH_OMDB_2026-03-04 02:13,16.01643,105.25517,2026-03-04T02:16:45Z,380.0,SYN744,A359,VHHH,OMDB,320,0,0,0
SYN744_VHHH_OMDB_2026-03-04 02:13,16.01417,105.23219,2026-03-04T02:17:00Z,380.0,SYN744,A359,VHHH,OMDB,320,0,0,0
SYN744_VHHH_OMDB_2026-03-04 02:13,16.01191,105.20921,2026-03-04T02:17:15Z,380.0,SYN744,A359,VHHH,OMDB,320,0,0,0
SYN744_VHHH_OMDB_2026-03-04 02:13,16.00964,105.18622,2026-03-04T02:17:30Z,380.0,SYN744,A359,VHHH,OMDB,320,0,0,0
SYN744_VHHH_OMDB_2026-03-04 02:13,16.00738,105.16324,2026-03-04T02:17:45Z,380.0,SYN744,A359,VHHH,OMDB,320,264,0,0
SYN744_VHHH_OMDB_2026-03-04 02:13,16.00511,105.14026,2026-03-04T02:18:00Z,380.0,SYN744,A359,VHHH,OMDB,320,264,0,0
SYN744_VHHH_OMDB_2026-03-04 02:13,16.00284,105.11728,2026-03-04T02:18:15Z,380.0,SYN744,A359,VHHH,OMDB,320,264,0,0
SYN744_VHHH_OMDB_2026-03-04 02:13,16.00057,105.0943,2026-03-04T02:18:30Z,380.0,SYN744,A359,VHHH,OMDB,320,264,0,0
SYN744_VHHH_OMDB_2026-03-04 02:13,15.99829,105.07132,2026-03-04T02:18:45Z,380.0,SYN744,A359,VHHH,OMDB,320,264,0,0
SYN744_VHHH_OMDB_2026-03-04 02:13,15.99602,105.04834,2026-03-04T02:19:00Z,380.0,SYN744,A359,VHHH,OMDB,320,264,0,0
SYN744_VHHH_OMDB_2026-03-04 02:13,15.99374,105.02536,2026-03-04T02:19:15Z,380.0,SYN744,A359,VHHH,OMDB,320,264,0,0
SYN744_VHHH_OMDB_2026-03-04 02:13,15.99145,105.00238,2026-03-04T02:19:30Z,380.0,SYN744,A359,VHHH,OMDB,320,264,0,0
SYN744_VHHH_OMDB_2026-03-04 02:13,15.98917,104.9794,2026-03-04T02:19:45Z,380.0,SYN744,A359,VHHH,OMDB,320,264,0,0
SYN744_VHHH_OMDB_2026-03-04 02:13,15.98688,104.95642,2026-03-04T02:20:00Z,380.0,SYN744,A359,VHHH,OMDB,320,264,0,0
SYN744_VHHH_OMDB_2026-03-04 02:13,15.98459,104.93344,2026-03-04T02:20:15Z,380.0,SYN744,A359,VHHH,OMDB,320,264,0,0
SYN744_VHHH_OMDB_2026-03-04 02:13,15.9823,104.91047,2026-03-04T02:20:30Z,380.0,SYN744,A359,VHHH,OMDB,320,264,0,0
SYN744_VHHH_OMDB_2026-03-04 02:13,15.98001,104.88749,2026-03-04T02:20:45Z,380.0,SYN744,A359,VHHH,OMDB,320,264,0,0
SYN744_VHHH_OMDB_2026-03-04 02:13,15.97771,104.86451,2026-03-04T02:21:00Z,380.0,SYN744,A359,VHHH,OMDB,320,264,0,0
SYN744_VHHH_OMDB_2026-03-04 02:13,15.97541,104.84154,2026-03-04T02:21:15Z,380.0,SYN744,A359,VHHH,OMDB,320,264,0,0
SYN744_VHHH_OMDB_2026-03-04 02:13,15.97311,104.81856,2026-03-04T02:21:30Z,380.0,SYN744,A359,VHHH,OMDB,320,264,0,0
SYN744_VHHH_OMDB_2026-03-04 02:13,15.9708,104.79559,2026-03-04T02:21:45Z,380.0,SYN744,A359,VHHH,OMDB,320,264,0,0
SYN744_VHHH_OMDB_2026-03-04 02:13,15.9685,104.77262,2026-03-04T02:22:00Z,380.0,SYN744,A359,VHHH,OMDB,320,264,0,0
SYN744_VHHH_OMDB_2026-03-04 02:13,15.96619,104.74964,2026-03-04T02:22:15Z,380.0,SYN744,A359,VHHH,OMDB,320,264,0,0
SYN744_VHHH_OMDB_2026-03-04 02:13,15.96388,104.72667,2026-03-04T02:22:30Z,380.0,SYN744,A359,VHHH,OMDB,320,264,0,0
SYN744_VHHH_OMDB_2026-03-04 02:13,15.96156,104.7037,2026-03-04T02:22:45Z,380.0,SYN744,A359,VHHH,OMDB,320,264,0,0
SYN744_VHHH_OMDB_2026-03-04 02:13,15.95925,104.68073,2026-03-04T02:23:00Z,380.0,SYN744,A359,VHHH,OMDB,320,264,0,0
SYN744_VHHH_OMDB_2026-03-04 02:13,15.95693,104.65775,2026-03-04T02:23:15Z,380.0,SYN744,A359,VHHH,OMDB,320,264,0,0
SYN744_VHHH_OMDB_2026-03-04 02:13,15.95461,104.63478,2026-03-04T02:23:30Z,380.0,SYN744,A359,VHHH,OMDB,320,264,0,0
SYN744_VHHH_OMDB_2026-03-04 02:13,15.95228,104.61181,2026-03-04T02:23:45Z,380.0,SYN744,A359,VHHH,OMDB,320,264,0,0
SYN744_VHHH_OMDB_2026-03-04 02:13,15.94996,104.58884,2026-03-04T02:24:00Z,380.0,SYN744,A359,VHHH,OMDB,320,264,0,0
SYN744_VHHH_OMDB_2026-03-04 02:13,15.94763,104.56588,2026-03-04T02:24:15Z,380.0,SYN744,A359,VHHH,OMDB,320,264,0,0
SYN744_VHHH_OMDB_2026-03-04 02:13,15.9453,104.54291,2026-03-04T02:24:30Z,380.0,SYN744,A359,VHHH,OMDB,320,264,0,0
SYN744_VHHH_OMDB_2026-03-04 02:13,15.94296,104.51994,2026-03-04T02:24:45Z,380.0,SYN744,A359,VHHH,OMDB,320,264,0,0
SYN744_VHHH_OMDB_2026-03-04 02:13,15.94063,104.49697,2026-03-04T02:25:00Z,380.0,SYN744,A359,VHHH,OMDB,320,264,0,0
SYN744_VHHH_OMDB_2026-03-04 02:13,15.93829,104.47401,2026-03-04T02:25:15Z,380.0,SYN744,A359,VHHH,OMDB,320,264,0,0
SYN744_VHHH_OMDB_2026-03-04 02:13,15.93595,104.45104,2026-03-04T02:25:30Z,380.0,SYN744,A359,VHHH,OMDB,320,264,0,0
SYN744_VHHH_OMDB_2026-03-04 02:13,15.9336,104.42807,2026-03-04T02:25:45Z,380.0,SYN744,A359,VHHH,OMDB,320,264,0,0
SYN744_VHHH_OMDB_2026-03-04 02:13,15.93126,104.40511,2026-03-04T02:26:00Z,380.0,SYN744,A359,VHHH,OMDB,320,264,0,0
SYN744_VHHH_OMDB_2026-03-04 02:13,15.92891,104.38214,2026-03-04T02:26:15Z,380.0,SYN744,A359,VHHH,OMDB,320,264,0,0
SYN744_VHHH_OMDB_2026-03-04 02:13,15.92656,104.35918,2026-03-04T02:26:30Z,380.0,SYN744,A359,VHHH,OMDB,320,264,0,0
SYN744_VHHH_OMDB_2026-03-04 02:13,15.92421,104.33622,2026-03-04T02:26:45Z,380.0,SYN744,A359,VHHH,OMDB,320,264,0,0
SYN744_VHHH_OMDB_2026-03-04 02:13,15.92185,104.31325,2026-03-04T02:27:00Z,380.0,SYN744,A359,VHHH,OMDB,320,264,0,0
SYN744_VHHH_OMDB_2026-03-04 02:13,15.91949,104.29029,2026-03-04T02:27:15Z,380.0,SYN744,A359,VHHH,OMDB,320,264,0,0
SYN744_VHHH_OMDB_2026-03-04 02:13,15.91713,104.26733,2026-03-04T02:27:30Z,380.0,SYN744,A359,VHHH,OMDB,320,264,0,0
SYN744_VHHH_OMDB_2026-03-04 02:13,15.91477,104.24437,2026-03-04T02:27:45Z,380.0,SYN744,A359,VHHH,OMDB,320,264,0,0
SYN744_VHHH_OMDB_2026-03-04 02:13,15.91241,104.22141,2026-03-04T02:28:00Z,380.0,SYN744,A359,VHHH,OMDB,320,264,0,0
SYN744_VHHH_OMDB_2026-03-04 02:13,15.91004,104.19845,2026-03-04T02:28:15Z,380.0,SYN744,A359,VHHH,OMDB,320,264,0,0
SYN744_VHHH_OMDB_2026-03-04 02:13,15.90767,104.17549,2026-03-04T02:28:30Z,380.0,SYN744,A359,VHHH,OMDB,320,264,0,0
SYN744_VHHH_OMDB_2026-03-04 02:13,15.9053,104.15253,2026-03-04T02:28:45Z,380.0,SYN744,A359,VHHH,OMDB,320,264,0,0
SYN744_VHHH_OMDB_2026-03-04 02:13,15.90292,104.12957,2026-03-04T02:29:00Z,380.0,SYN744,A359,VHHH,OMDB,320,264,0,0
SYN744_VHHH_OMDB_2026-03-04 02:13,15.90054,104.10661,2026-03-04T02:29:15Z,380.0,SYN744,A359,VHHH,OMDB,320,264,0,0
SYN744_VHHH_OMDB_2026-03-04 02:13,15.89817,104.08365,2026-03-04T02:29:30Z,380.0,SYN744,A359,VHHH,OMDB,320,264,0,0
SYN744_VHHH_OMDB_2026-03-04 02:13,15.89578,104.06069,2026-03-04T02:29:45Z,380.0,SYN744,A359,VHHH,OMDB,320,264,0,0
SYN744_VHHH_OMDB_2026-03-04 02:13,15.8934,104.03774,2026-03-04T02:30:00Z,380.0,SYN744,A359,VHHH,OMDB,320,264,0,0
SYN744_VHHH_OMDB_2026-03-04 02:13,15.89101,104.01478,2026-03-04T02:30:15Z,380.0,SYN744,A359,VHHH,OMDB,320,264,0,0
SYN744_VHHH_OMDB_2026-03-04 02:13,15.88862,103.99183,2026-03-04T02:30:30Z,380.0,SYN744,A359,VHHH,OMDB,320,264,0,0
SYN744_VHHH_OMDB_2026-03-04 02:13,15.88623,103.96887,2026-03-04T02:30:45Z,380.0,SYN744,A359,VHHH,OMDB,320,264,0,0
SYN744_VHHH_OMDB_2026-03-04 02:13,15.88384,103.94592,2026-03-04T02:31:00Z,380.0,SYN744,A359,VHHH,OMDB,320,264,0,0
SYN744_VHHH_OMDB_2026-03-04 02:13,15.88144,103.92296,2026-03-04T02:31:15Z,380.0,SYN744,A359,VHHH,OMDB,320,264,0,0
SYN744_VHHH_OMDB_2026-03-04 02:13,15.87904,103.90001,2026-03-04T02:31:30Z,380.0,SYN744,A359,VHHH,OMDB,320,264,0,0
SYN744_VHHH_OMDB_2026-03-04 02:13,15.87664,103.87706,2026-03-04T02:31:45Z,380.0,SYN744,A359,VHHH,OMDB,320,264,0,0
SYN744_VHHH_OMDB_2026-03-04 02:13,15.87424,103.85411,2026-03-04T02:32:00Z,380.0,SYN744,A359,VHHH,OMDB,320,264,0,0
SYN744_VHHH_OMDB_2026-03-04 02:13,15.87183,103.83115,2026-03-04T02:32:15Z,380.0,SYN744,A359,VHHH,OMDB,320,264,0,0
SYN744_VHHH_OMDB_2026-03-04 02:13,15.86942,103.8082,2026-03-04T02:32:30Z,380.0,SYN744,A359,VHHH,OMDB,320,264,0,0
SYN744_VHHH_OMDB_2026-03-04 02:13,15.86701,103.78525,2026-03-04T02:32:45Z,380.0,SYN744,A359,VHHH,OMDB,320,264,0,0
SYN744_VHHH_OMDB_2026-03-04 02:13,15.8646,103.7623,2026-03-04T02:33:00Z,380.0,SYN744,A359,VHHH,OMDB,320,264,0,0
SYN744_VHHH_OMDB_2026-03-04 02:13,15.86218,103.73935,2026-03-04T02:33:15Z,380.0,SYN744,A359,VHHH,OMDB,320,264,0,0
SYN744_VHHH_OMDB_2026-03-04 02:13,15.85976,103.7164,2026-03-04T02:33:30Z,380.0,SYN744,A359,VHHH,OMDB,320,264,0,0
SYN744_VHHH_OMDB_2026-03-04 02:13,15.85734,103.69346,2026-03-04T02:33:45Z,380.0,SYN744,A359,VHHH,OMDB,320,264,0,0
SYN744_VHHH_OMDB_2026-03-04 02:13,15.85492,103.67051,2026-03-04T02:34:00Z,380.0,SYN744,A359,VHHH,OMDB,320,264,0,0
SYN744_VHHH_OMDB_2026-03-04 02:13,15.85249,103.64756,2026-03-04T02:34:15Z,380.0,SYN744,A359,VHHH,OMDB,320,264,0,0
SYN744_VHHH_OMDB_2026-03-04 02:13,15.85006,103.62461,2026-03-04T02:34:30Z,380.0,SYN744,A359,VHHH,OMDB,320,264,0,0
SYN744_VHHH_OMDB_2026-03-04 02:13,15.84763,103.60167,2026-03-04T02:34:45Z,380.0,SYN744,A359,VHHH,OMDB,320,264,0,0
SYN744_VHHH_OMDB_2026-03-04 02:13,15.8452,103.57872,2026-03-04T02:35:00Z,380.0,SYN744,A359,VHHH,OMDB,320,264,0,0
SYN744_VHHH_OMDB_2026-03-04 02:13,15.84277,103.55578,2026-03-04T02:35:15Z,380.0,SYN744,A359,VHHH,OMDB,320,264,0,0
SYN744_VHHH_OMDB_2026-03-04 02:13,15.84033,103.53283,2026-03-04T02:35:30Z,380.0,SYN744,A359,VHHH,OMDB,320,264,0,0
SYN744_VHHH_OMDB_2026-03-04 02:13,15.83789,103.50989,2026-03-04T02:35:45Z,380.0,SYN744,A359,VHHH,OMDB,320,264,0,0
SYN744_VHHH_OMDB_2026-03-04 02:13,15.83545,103.48695,2026-03-04T02:36:00Z,380.0,SYN744,A359,VHHH,OMDB,320,264,0,0
SYN744_VHHH_OMDB_2026-03-04 02:13,15.833,103.464,2026-03-04T02:36:15Z,380.0,SYN744,A359,VHHH,OMDB,320,264,0,0
SYN744_VHHH_OMDB_2026-03-04 02:13,15.83055,103.44106,2026-03-04T02:36:30Z,380.0,SYN744,A359,VHHH,OMDB,320,264,0,0
SYN744_VHHH_OMDB_2026-03-04 02:13,15.8281,103.41812,2026-03-04T02:36:45Z,380.0,SYN744,A359,VHHH,OMDB,320,264,0,0
SYN744_VHHH_OMDB_2026-03-04 02:13,15.82565,103.39518,2026-03-04T02:37:00Z,380.0,SYN744,A359,VHHH,OMDB,320,264,0,0
SYN744_VHHH_OMDB_2026-03-04 02:13,15.8232,103.37224,2026-03-04T02:37:15Z,380.0,SYN744,A359,VHHH,OMDB,320,264,0,0
SYN744_VHHH_OMDB_2026-03-04 02:13,15.82074,103.3493,2026-03-04T02:37:30Z,380.0,SYN744,A359,VHHH,OMDB,320,264,0,0
SYN744_VHHH_OMDB_2026-03-04 02:13,15.81828,103.32636,2026-03-04T02:37:45Z,380.0,SYN744,A359,VHHH,OMDB,320,264,0,0
SYN744_VHHH_OMDB_2026-03-04 02:13,15.81582,103.30342,2026-03-04T02:38:00Z,380.0,SYN744,A359,VHHH,OMDB,320,264,0,0
SYN744_VHHH_OMDB_2026-03-04 02:13,15.81336,103.28048,2026-03-04T02:38:15Z,380.0,SYN744,A359,VHHH,OMDB,320,264,0,0
SYN744_VHHH_OMDB_2026-03-04 02:13,15.81089,103.25754,2026-03-04T02:38:30Z,380.0,SYN744,A359,VHHH,OMDB,320,264,0,0
SYN744_VHHH_OMDB_2026-03-04 02:13,15.80842,103.2346,2026-03-04T02:38:45Z,380.0,SYN744,A359,VHHH,OMDB,320,264,0,0
SYN744_VHHH_OMDB_2026-03-04 02:13,15.80595,103.21167,2026-03-04T02:39:00Z,380.0,SYN744,A359,VHHH,OMDB,320,264,0,0
SYN744_VHHH_OMDB_2026-03-04 02:13,15.80347,103.18873,2026-03-04T02:39:15Z,380.0,SYN744,A359,VHHH,OMDB,320,264,0,0
SYN744_VHHH_OMDB_2026-03-04 02:13,15.801,103.1658,2026-03-04T02:39:30Z,380.0,SYN744,A359,VHHH,OMDB,320,264,0,0
SYN744_VHHH_OMDB_2026-03-04 02:13,15.79852,103.14286,2026-03-04T02:39:45Z,380.0,SYN744,A359,VHHH,OMDB,320,264,0,0
SYN744_VHHH_OMDB_2026-03-04 02:13,15.79604,103.11993,2026-03-04T02:40:00Z,380.0,SYN744,A359,VHHH,OMDB,320,264,0,0
SYN744_VHHH_OMDB_2026-03-04 02:13,15.79356,103.09699,2026-03-04T02:40:15Z,380.0,SYN744,A359,VHHH,OMDB,320,264,0,0
SYN744_VHHH_OMDB_2026-03-04 02:13,15.79107,103.07406,2026-03-04T02:40:30Z,380.0,SYN744,A359,VHHH,OMDB,320,264,0,0
SYN744_VHHH_OMDB_2026-03-04 02:13,15.78858,103.05113,2026-03-04T02:40:45Z,380.0,SYN744,A359,VHHH,OMDB,320,264,0,0
SYN744_VHHH_OMDB_2026-03-04 02:13,15.78609,103.02819,2026-03-04T02:41:00Z,380.0,SYN744,A359,VHHH,OMDB,320,264,0,0
SYN744_VHHH_OMDB_2026-03-04 02:13,15.7836,103.00526,2026-03-04T02:41:15Z,380.0,SYN744,A359,VHHH,OMDB,320,264,0,0
SYN744_VHHH_OMDB_2026-03-04 02:13,15.7811,102.98233,2026-03-04T02:41:30Z,380.0,SYN744,A359,VHHH,OMDB,320,264,0,0
SYN744_VHHH_OMDB_2026-03-04 02:13,15.7786,102.9594,2026-03-04T02:41:45Z,380.0,SYN744,A359,VHHH,OMDB,320,264,0,0
SYN744_VHHH_OMDB_2026-03-04 02:13,15.7761,102.93647,2026-03-04T02:42:00Z,380.0,SYN744,A359,VHHH,OMDB,320,264,0,0
SYN744_VHHH_OMDB_2026-03-04 02:13,15.7736,102.91354,2026-03-04T02:42:15Z,380.0,SYN744,A359,VHHH,OMDB,320,264,0,0
SYN744_VHHH_OMDB_2026-03-04 02:13,15.7711,102.89061,2026-03-04T02:42:30Z,380.0,SYN744,A359,VHHH,OMDB,320,264,0,0
SYN744_VHHH_OMDB_2026-03-04 02:13,15.76859,102.86769,2026-03-04T02:42:45Z,380.0,SYN744,A359,VHHH,OMDB,320,264,0,0
SYN744_VHHH_OMDB_2026-03-04 02:13,15.76608,102.84476,2026-03-04T02:43:00Z,380.0,SYN744,A359,VHHH,OMDB,320,264,0,0
SYN744_VHHH_OMDB_2026-03-04 02:13,15.76357,102.82183,2026-03-04T02:43:15Z,380.0,SYN744,A359,VHHH,OMDB,320,264,0,0
SYN744_VHHH_OMDB_2026-03-04 02:13,15.76105,102.7989,2026-03-04T02:43:30Z,380.0,SYN744,A359,VHHH,OMDB,320,263,0,0
SYN744_VHHH_OMDB_2026-03-04 02:13,15.75854,102.77598,2026-03-04T02:43:45Z,380.0,SYN744,A359,VHHH,OMDB,320,263,0,0
SYN744_VHHH_OMDB_2026-03-04 02:13,15.75602,102.75305,2026-03-04T02:44:00Z,380.0,SYN744,A359,VHHH,OMDB,320,263,0,0
SYN744_VHHH_OMDB_2026-03-04 02:13,15.75349,102.73013,2026-03-04T02:44:15Z,380.0,SYN744,A359,VHHH,OMDB,320,263,0,0
SYN744_VHHH_OMDB_2026-03-04 02:13,15.75097,102.7072,2026-03-04T02:44:30Z,380.0,SYN744,A359,VHHH,OMDB,320,263,0,0
SYN744_VHHH_OMDB_2026-03-04 02:13,15.74844,102.68428,2026-03-04T02:44:45Z,380.0,SYN744,A359,VHHH,OMDB,320,263,0,0
SYN744_VHHH_OMDB_2026-03-04 02:13,15.74591,102.66136,2026-03-04T02:45:00Z,380.0,SYN744,A359,VHHH,OMDB,320,263,0,0
SYN744_VHHH_OMDB_2026-03-04 02:13,15.74338,102.63843,2026-03-04T02:45:15Z,380.0,SYN744,A359,VHHH,OMDB,320,263,0,0
SYN744_VHHH_OMDB_2026-03-04 02:13,15.74085,102.61551,2026-03-04T02:45:30Z,380.0,SYN744,A359,VHHH,OMDB,320,263,0,0
SYN744_VHHH_OMDB_2026-03-04 02:13,15.73831,102.59259,2026-03-04T02:45:45Z,380.0,SYN744,A359,VHHH,OMDB,320,263,0,0
SYN744_VHHH_OMDB_2026-03-04 02:13,15.73577,102.56967,2026-03-04T02:46:00Z,380.0,SYN744,A359,VHHH,OMDB,320,263,0,0
SYN744_VHHH_OMDB_2026-03-04 02:13,15.73323,102.54675,2026-03-04T02:46:15Z,380.0,SYN744,A359,VHHH,OMDB,320,263,0,0
SYN744_VHHH_OMDB_2026-03-04 02:13,15.73069,102.52383,2026-03-04T02:46:30Z,380.0,SYN744,A359,VHHH,OMDB,320,263,0,0
SYN744_VHHH_OMDB_2026-03-04 02:13,15.72814,102.50091,2026-03-04T02:46:45Z,380.0,SYN744,A359,VHHH,OMDB,320,263,0,0
SYN744_VHHH_OMDB_2026-03-04 02:13,15.7256,102.47799,2026-03-04T02:47:00Z,380.0,SYN744,A359,VHHH,OMDB,320,263,0,0
SYN744_VHHH_OMDB_2026-03-04 02:13,15.72305,102.45507,2026-03-04T02:47:15Z,380.0,SYN744,A359,VHHH,OMDB,320,263,0,0
SYN744_VHHH_OMDB_2026-03-04 02:13,15.72049,102.43216,2026-03-04T02:47:30Z,380.0,SYN744,A359,VHHH,OMDB,320,263,0,0
SYN744_VHHH_OMDB_2026-03-04 02:13,15.71794,102.40924,2026-03-04T02:47:45Z,380.0,SYN744,A359,VHHH,OMDB,320,263,0,0
SYN744_VHHH_OMDB_2026-03-04 02:13,15.71538,102.38632,2026-03-04T02:48:00Z,380.0,SYN744,A359,VHHH,OMDB,320,263,0,0
SYN744_VHHH_OMDB_2026-03-04 02:13,15.71282,102.36341,2026-03-04T02:48:15Z,380.0,SYN744,A359,VHHH,OMDB,320,263,0,0
SYN744_VHHH_OMDB_2026-03-04 02:13,15.71026,102.34049,2026-03-04T02:48:30Z,380.0,SYN744,A359,VHHH,OMDB,320,263,0,0
SYN744_VHHH_OMDB_2026-03-04 02:13,15.70769,102.31758,2026-03-04T02:48:45Z,380.0,SYN744,A359,VHHH,OMDB,320,263,0,0
SYN744_VHHH_OMDB_2026-03-04 02:13,15.70513,102.29466,2026-03-04T02:49:00Z,380.0,SYN744,A359,VHHH,OMDB,320,263,0,0
SYN744_VHHH_OMDB_2026-03-04 02:13,15.70256,102.27175,2026-03-04T02:49:15Z,380.0,SYN744,A359,VHHH,OMDB,320,263,0,0
SYN744_VHHH_OMDB_2026-03-04 02:13,15.69998,102.24884,2026-03-04T02:49:30Z,380.0,SYN744,A359,VHHH,OMDB,320,263,0,0
SYN744_VHHH_OMDB_2026-03-04 02:13,15.69741,102.22593,2026-03-04T02:49:45Z,380.0,SYN744,A359,VHHH,OMDB,320,263,0,0
SYN744_VHHH_OMDB_2026-03-04 02:13,15.69483,102.20302,2026-03-04T02:50:00Z,380.0,SYN744,A359,VHHH,OMDB,320,263,0,0
SYN744_VHHH_OMDB_2026-03-04 02:13,15.69225,102.1801,2026-03-04T02:50:15Z,380.0,SYN744,A359,VHHH,OMDB,320,263,0,0
SYN744_VHHH_OMDB_2026-03-04 02:13,15.68967,102.15719,2026-03-04T02:50:30Z,380.0,SYN744,A359,VHHH,OMDB,320,263,0,0
SYN744_VHHH_OMDB_2026-03-04 02:13,15.68709,102.13428,2026-03-04T02:50:45Z,380.0,SYN744,A359,VHHH,OMDB,320,263,0,0
SYN744_VHHH_OMDB_2026-03-04 02:13,15.6845,102.11137,2026-03-04T02:51:00Z,380.0,SYN744,A359,VHHH,OMDB,320,263,0,0
SYN744_VHHH_OMDB_2026-03-04 02:13,15.68191,102.08847,2026-03-04T02:51:15Z,380.0,SYN744,A359,VHHH,OMDB,320,263,0,0
SYN744_VHHH_OMDB_2026-03-04 02:13,15.67932,102.06556,2026-03-04T02:51:30Z,380.0,SYN744,A359,VHHH,OMDB,320,263,0,0
SYN744_VHHH_OMDB_2026-03-04 02:13,15.67673,102.04265,2026-03-04T02:51:45Z,380.0,SYN744,A359,VHHH,OMDB,320,263,0,0
SYN744_VHHH_OMDB_2026-03-04 02:13,15.67413,102.01974,2026-03-04T02:52:00Z,380.0,SYN744,A359,VHHH,OMDB,320,263,0,0
SYN744_VHHH_OMDB_2026-03-04 02:13,15.67153,101.99684,2026-03-04T02:52:15Z,380.0,SYN744,A359,VHHH,OMDB,320,263,0,0
SYN744_VHHH_OMDB_2026-03-04 02:13,15.66893,101.97393,2026-03-04T02:52:30Z,380.0,SYN744,A359,VHHH,OMDB,320,263,0,0
SYN744_VHHH_OMDB_2026-03-04 02:13,15.66633,101.95103,2026-03-04T02:52:45Z,380.0,SYN744,A359,VHHH,OMDB,320,263,0,0
SYN744_VHHH_OMDB_2026-03-04 02:13,15.66372,101.92812,2026-03-04T02:53:00Z,380.0,SYN744,A359,VHHH,OMDB,320,263,0,0
SYN744_VHHH_OMDB_2026-03-04 02:13,15.66112,101.90522,2026-03-04T02:53:15Z,380.0,SYN744,A359,VHHH,OMDB,320,263,0,0
SYN744_VHHH_OMDB_2026-03-04 02:13,15.65851,101.88231,2026-03-04T02:53:30Z,380.0,SYN744,A359,VHHH,OMDB,320,263,0,0
SYN744_VHHH_OMDB_2026-03-04 02:13,15.65589,101.85941,2026-03-04T02:53:45Z,380.0,SYN744,A359,VHHH,OMDB,320,263,0,0
SYN744_VHHH_OMDB_2026-03-04 02:13,15.65328,101.83651,2026-03-04T02:54:00Z,380.0,SYN744,A359,VHHH,OMDB,320,263,0,0
SYN744_VHHH_OMDB_2026-03-04 02:13,15.65066,101.81361,2026-03-04T02:54:15Z,380.0,SYN744,A359,VHHH,OMDB,320,263,0,0
SYN744_VHHH_OMDB_2026-03-04 02:13,15.64804,101.79071,2026-03-04T02:54:30Z,380.0,SYN744,A359,VHHH,OMDB,320,263,0,0
SYN744_VHHH_OMDB_2026-03-04 02:13,15.64542,101.7678,2026-03-04T02:54:45Z,380.0,SYN744,A359,VHHH,OMDB,320,263,0,0
SYN744_VHHH_OMDB_2026-03-04 02:13,15.6428,101.7449,2026-03-04T02:55:00Z,380.0,SYN744,A359,VHHH,OMDB,320,263,0,0
SYN744_VHHH_OMDB_2026-03-04 02:13,15.64017,101.72201,2026-03-04T02:55:15Z,380.0,SYN744,A359,VHHH,OMDB,320,263,0,0
SYN744_VHHH_OMDB_2026-03-04 02:13,15.63754,101.69911,2026-03-04T02:55:30Z,380.0,SYN744,A359,VHHH,OMDB,320,263,0,0
SYN744_VHHH_OMDB_2026-03-04 02:13,15.63491,101.67621,2026-03-04T02:55:45Z,380.0,SYN744,A359,VHHH,OMDB,320,263,0,0
SYN744_VHHH_OMDB_2026-03-04 02:13,15.63227,101.65331,2026-03-04T02:56:00Z,380.0,SYN744,A359,VHHH,OMDB,320,263,0,0
SYN744_VHHH_OMDB_2026-03-04 02:13,15.62964,101.63041,2026-03-04T02:56:15Z,380.0,SYN744,A359,VHHH,OMDB,320,263,0,0
SYN744_VHHH_OMDB_2026-03-04 02:13,15.627,101.60752,2026-03-04T02:56:30Z,380.0,SYN744,A359,VHHH,OMDB,320,263,0,0
SYN744_VHHH_OMDB_2026-03-04 02:13,15.62436,101.58462,2026-03-04T02:56:45Z,380.0,SYN744,A359,VHHH,OMDB,320,263,0,0
SYN744_VHHH_OMDB_2026-03-04 02:13,15.62171,101.56173,2026-03-04T02:57:00Z,380.0,SYN744,A359,VHHH,OMDB,320,263,0,0
SYN744_VHHH_OMDB_2026-03-04 02:13,15.61907,101.53883,2026-03-04T02:57:15Z,380.0,SYN744,A359,VHHH,OMDB,320,263,0,0
SYN744_VHHH_OMDB_2026-03-04 02:13,15.61642,101.51594,2026-03-04T02:57:30Z,380.0,SYN744,A359,VHHH,OMDB,320,263,0,0
SYN744_VHHH_OMDB_2026-03-04 02:13,15.61377,101.49304,2026-03-04T02:57:45Z,380.0,SYN744,A359,VHHH,OMDB,320,263,0,0
SYN744_VHHH_OMDB_2026-03-04 02:13,15.61112,101.47015,2026-03-04T02:58:00Z,380.0,SYN744,A359,VHHH,OMDB,320,263,0,0
SYN744_VHHH_OMDB_2026-03-04 02:13,15.60846,101.44726,2026-03-04T02:58:15Z,380.0,SYN744,A359,VHHH,OMDB,320,263,0,0
SYN744_VHHH_OMDB_2026-03-04 02:13,15.6058,101.42437,2026-03-04T02:58:30Z,380.0,SYN744,A359,VHHH,OMDB,320,263,0,0
SYN744_VHHH_OMDB_2026-03-04 02:13,15.60314,101.40148,2026-03-04T02:58:45Z,380.0,SYN744,A359,VHHH,OMDB,320,263,0,0
SYN744_VHHH_OMDB_2026-03-04 02:13,15.60048,101.37859,2026-03-04T02:59:00Z,380.0,SYN744,A359,VHHH,OMDB,320,263,0,0
SYN744_VHHH_OMDB_2026-03-04 02:13,15.59782,101.3557,2026-03-04T02:59:15Z,380.0,SYN744,A359,VHHH,OMDB,320,263,0,0
SYN744_VHHH_OMDB_2026-03-04 02:13,15.59515,101.33281,2026-03-04T02:59:30Z,380.0,SYN744,A359,VHHH,OMDB,320,263,0,0
SYN744_VHHH_OMDB_2026-03-04 02:13,15.59248,101.30992,2026-03-04T02:59:45Z,380.0,SYN744,A359,VHHH,OMDB,320,263,0,0
SYN744_VHHH_OMDB_2026-03-04 02:13,15.58981,101.28703,2026-03-04T03:00:00Z,380.0,SYN744,A359,VHHH,OMDB,320,263,0,0
SYN744_VHHH_OMDB_2026-03-04 02:13,15.58713,101.26414,2026-03-04T03:00:15Z,380.0,SYN744,A359,VHHH,OMDB,320,263,0,0
SYN744_VHHH_OMDB_2026-03-04 02:13,15.58446,101.24126,2026-03-04T03:00:30Z,380.0,SYN744,A359,VHHH,OMDB,320,263,0,0
SYN744_VHHH_OMDB_2026-03-04 02:13,15.58178,101.21837,2026-03-04T03:00:45Z,380.0,SYN744,A359,VHHH,OMDB,320,263,0,0
SYN744_VHHH_OMDB_2026-03-04 02:13,15.5791,101.19548,2026-03-04T03:01:00Z,380.0,SYN744,A359,VHHH,OMDB,320,263,0,0
SYN744_VHHH_OMDB_2026-03-04 02:13,15.57641,101.1726,2026-03-04T03:01:15Z,380.0,SYN744,A359,VHHH,OMDB,320,263,0,0
SYN744_VHHH_OMDB_2026-03-04 02:13,15.57373,101.14971,2026-03-04T03:01:30Z,380.0,SYN744,A359,VHHH,OMDB,320,263,0,0
SYN744_VHHH_OMDB_2026-03-04 02:13,15.57104,101.12683,2026-03-04T03:01:45Z,380.0,SYN744,A359,VHHH,OMDB,320,263,0,0
SYN744_VHHH_OMDB_2026-03-04 02:13,15.56835,101.10395,2026-03-04T03:02:00Z,380.0,SYN744,A359,VHHH,OMDB,320,263,0,0
SYN744_VHHH_OMDB_2026-03-04 02:13,15.56565,101.08106,2026-03-04T03:02:15Z,380.0,SYN744,A359,VHHH,OMDB,320,263,0,0
SYN744_VHHH_OMDB_2026-03-04 02:13,15.56296,101.05818,2026-03-04T03:02:30Z,380.0,SYN744,A359,VHHH,OMDB,320,263,0,0
SYN744_VHHH_OMDB_2026-03-04 02:13,15.56026,101.0353,2026-03-04T03:02:45Z,380.0,SYN744,A359,VHHH,OMDB,320,263,0,0
SYN744_VHHH_OMDB_2026-03-04 02:13,15.55756,101.01242,2026-03-04T03:03:00Z,380.0,SYN744,A359,VHHH,OMDB,320,263,0,0
SYN744_VHHH_OMDB_2026-03-04 02:13,15.55486,100.98954,2026-03-04T03:03:15Z,380.0,SYN744,A359,VHHH,OMDB,320,263,0,0
SYN744_VHHH_OMDB_2026-03-04 02:13,15.55215,100.96666,2026-03-04T03:03:30Z,380.0,SYN744,A359,VHHH,OMDB,320,263,0,0
SYN744_VHHH_OMDB_2026-03-04 02:13,15.54945,100.94378,2026-03-04T03:03:45Z,380.0,SYN744,A359,VHHH,OMDB,320,263,0,0
SYN744_VHHH_OMDB_2026-03-04 02:13,15.54674,100.9209,2026-03-04T03:04:00Z,380.0,SYN744,A359,VHHH,OMDB,320,263,0,0
SYN744_VHHH_OMDB_2026-03-04 02:13,15.54402,100.89802,2026-03-04T03:04:15Z,380.0,SYN744,A359,VHHH,OMDB,320,263,0,0
SYN744_VHHH_OMDB_2026-03-04 02:13,15.54131,100.87515,2026-03-04T03:04:30Z,380.0,SYN744,A359,VHHH,OMDB,320,263,0,0
SYN744_VHHH_OMDB_2026-03-04 02:13,15.53859,100.85227,2026-03-04T03:04:45Z,380.0,SYN744,A359,VHHH,OMDB,320,263,0,0
SYN744_VHHH_OMDB_2026-03-04 02:13,15.53587,100.82939,2026-03-04T03:05:00Z,380.0,SYN744,A359,VHHH,OMDB,320,263,0,0
SYN744_VHHH_OMDB_2026-03-04 02:13,15.53315,100.80652,2026-03-04T03:05:15Z,380.0,SYN744,A359,VHHH,OMDB,320,263,0,0
SYN744_VHHH_OMDB_2026-03-04 02:13,15.53043,100.78364,2026-03-04T03:05:30Z,380.0,SYN744,A359,VHHH,OMDB,320,263,0,0
SYN744_VHHH_OMDB_2026-03-04 02:13,15.5277,100.76077,2026-03-04T03:05:45Z,380.0,SYN744,A359,VHHH,OMDB,320,263,0,0
SYN744_VHHH_OMDB_2026-03-04 02:13,15.52497,100.73789,2026-03-04T03:06:00Z,380.0,SYN744,A359,VHHH,OMDB,320,263,0,0
SYN744_VHHH_OMDB_2026-03-04 02:13,15.52224,100.71502,2026-03-04T03:06:15Z,380.0,SYN744,A359,VHHH,OMDB,320,263,0,0
SYN744_VHHH_OMDB_2026-03-04 02:13,15.51951,100.69215,2026-03-04T03:06:30Z,380.0,SYN744,A359,VHHH,OMDB,320,263,0,0
SYN744_VHHH_OMDB_2026-03-04 02:13,15.51677,100.66928,2026-03-04T03:06:45Z,380.0,SYN744,A359,VHHH,OMDB,320,263,0,0
SYN744_VHHH_OMDB_2026-03-04 02:13,15.51404,100.64641,2026-03-04T03:07:00Z,380.0,SYN744,A359,VHHH,OMDB,320,263,0,0
SYN744_VHHH_OMDB_2026-03-04 02:13,15.5113,100.62354,2026-03-04T03:07:15Z,380.0,SYN744,A359,VHHH,OMDB,320,263,0,0
SYN744_VHHH_OMDB_2026-03-04 02:13,15.50855,100.60067,2026-03-04T03:07:30Z,380.0,SYN744,A359,VHHH,OMDB,320,263,0,0
SYN744_VHHH_OMDB_2026-03-04 02:13,15.50581,100.5778,2026-03-04T03:07:45Z,380.0,SYN744,A359,VHHH,OMDB,320,263,0,0
SYN744_VHHH_OMDB_2026-03-04 02:13,15.50306,100.55493,2026-03-04T03:08:00Z,380.0,SYN744,A359,VHHH,OMDB,320,263,0,0
SYN744_VHHH_OMDB_2026-03-04 02:13,15.50031,100.53206,2026-03-04T03:08:15Z,380.0,SYN744,A359,VHHH,OMDB,320,263,0,0
SYN744_VHHH_OMDB_2026-03-04 02:13,15.49756,100.50919,2026-03-04T03:08:30Z,380.0,SYN744,A359,VHHH,OMDB,320,263,0,0
SYN744_VHHH_OMDB_2026-03-04 02:13,15.4948,100.48632,2026-03-04T03:08:45Z,380.0,SYN744,A359,VHHH,OMDB,320,263,0,0
SYN744_VHHH_OMDB_2026-03-04 02:13,15.49205,100.46346,2026-03-04T03:09:00Z,380.0,SYN744,A359,VHHH,OMDB,320,263,0,0
SYN744_VHHH_OMDB_2026-03-04 02:13,15.48929,100.44059,2026-03-04T03:09:15Z,380.0,SYN744,A359,VHHH,OMDB,320,263,0,0
SYN744_VHHH_OMDB_2026-03-04 02:13,15.48653,100.41773,2026-03-04T03:09:30Z,380.0,SYN744,A359,VHHH,OMDB,320,263,0,0
SYN744_VHHH_OMDB_2026-03-04 02:13,15.48376,100.39486,2026-03-04T03:09:45Z,380.0,SYN744,A359,VHHH,OMDB,320,263,0,0
SYN744_VHHH_OMDB_2026-03-04 02:13,15.481,100.372,2026-03-04T03:10:00Z,380.0,SYN744,A359,VHHH,OMDB,320,263,0,0
SYN744_VHHH_OMDB_2026-03-04 02:13,15.47823,100.34913,2026-03-04T03:10:15Z,380.0,SYN744,A359,VHHH,OMDB,320,263,0,0
SYN744_VHHH_OMDB_2026-03-04 02:13,15.47546,100.32627,2026-03-04T03:10:30Z,380.0,SYN744,A359,VHHH,OMDB,320,263,0,0
SYN744_VHHH_OMDB_2026-03-04 02:13,15.47268,100.30341,2026-03-04T03:10:45Z,380.0,SYN744,A359,VHHH,OMDB,320,263,0,0
SYN744_VHHH_OMDB_2026-03-04 02:13,15.46991,100.28055,2026-03-04T03:11:00Z,380.0,SYN744,A359,VHHH,OMDB,320,263,0,0
SYN744_VHHH_OMDB_2026-03-04 02:13,15.46713,100.25769,2026-03-04T03:11:15Z,380.0,SYN744,A359,VHHH,OMDB,320,263,0,0
SYN744_VHHH_OMDB_2026-03-04 02:13,15.46435,100.23483,2026-03-04T03:11:30Z,380.0,SYN744,A359,VHHH,OMDB,320,263,0,0
SYN744_VHHH_OMDB_2026-03-04 02:13,15.46157,100.21197,2026-03-04T03:11:45Z,380.0,SYN744,A359,VHHH,OMDB,320,263,0,0
SYN744_VHHH_OMDB_2026-03-04 02:13,15.45878,100.18911,2026-03-04T03:12:00Z,380.0,SYN744,A359,VHHH,OMDB,320,263,0,0
SYN744_VHHH_OMDB_2026-03-04 02:13,15.456,100.16625,2026-03-04T03:12:15Z,380.0,SYN744,A359,VHHH,OMDB,320,263,0,0
SYN744_VHHH_OMDB_2026-03-04 02:13,15.45321,100.14339,2026-03-04T03:12:30Z,380.0,SYN744,A359,VHHH,OMDB,320,263,0,0
SYN744_VHHH_OMDB_2026-03-04 02:13,15.45041,100.12054,2026-03-04T03:12:45Z,380.0,SYN744,A359,VHHH,OMDB,320,263,0,0
SYN744_VHHH_OMDB_2026-03-04 02:13,15.44762,100.09768,2026-03-04T03:13:00Z,380.0,SYN744,A359,VHHH,OMDB,320,263,0,0
SYN744_VHHH_OMDB_2026-03-04 02:13,15.44482,100.07482,2026-03-04T03:13:15Z,380.0,SYN744,A359,VHHH,OMDB,320,263,0,0
SYN744_VHHH_OMDB_2026-03-04 02:13,15.44202,100.05197,2026-03-04T03:13:30Z,380.0,SYN744,A359,VHHH,OMDB,320,263,0,0
SYN744_VHHH_OMDB_2026-03-04 02:13,15.43922,100.02911,2026-03-04T03:13:45Z,380.0,SYN744,A359,VHHH,OMDB,320,263,0,0
SYN744_VHHH_OMDB_2026-03-04 02:13,15.43642,100.00626,2026-03-04T03:14:00Z,380.0,SYN744,A359,VHHH,OMDB,320,263,0,0
SYN744_VHHH_OMDB_2026-03-04 02:13,15.43361,99.9834,2026-03-04T03:14:15Z,380.0,SYN744,A359,VHHH,OMDB,320,263,0,0
SYN744_VHHH_OMDB_2026-03-04 02:13,15.43081,99.96055,2026-03-04T03:14:30Z,380.0,SYN744,A359,VHHH,OMDB,320,263,0,0
SYN744_VHHH_OMDB_2026-03-04 02:13,15.42799,99.9377,2026-03-04T03:14:45Z,380.0,SYN744,A359,VHHH,OMDB,320,263,0,0
SYN744_VHHH_OMDB_2026-03-04 02:13,15.42518,99.91485,2026-03-04T03:15:00Z,380.0,SYN744,A359,VHHH,OMDB,320,263,0,0
SYN744_VHHH_OMDB_2026-03-04 02:13,15.42237,99.892,2026-03-04T03:15:15Z,380.0,SYN744,A359,VHHH,OMDB,320,263,0,0
SYN744_VHHH_OMDB_2026-03-04 02:13,15.41955,99.86915,2026-03-04T03:15:30Z,380.0,SYN744,A359,VHHH,OMDB,320,263,0,0
SYN744_VHHH_OMDB_2026-03-04 02:13,15.41673,99.8463,2026-03-04T03:15:45Z,380.0,SYN744,A359,VHHH,OMDB,320,263,0,0
SYN744_VHHH_OMDB_2026-03-04 02:13,15.41391,99.82345,2026-03-04T03:16:00Z,380.0,SYN744,A359,VHHH,OMDB,320,263,0,0
SYN744_VHHH_OMDB_2026-03-04 02:13,15.41108,99.8006,2026-03-04T03:16:15Z,380.0,SYN744,A359,VHHH,OMDB,320,263,0,0
SYN744_VHHH_OMDB_2026-03-04 02:13,15.40825,99.77775,2026-03-04T03:16:30Z,380.0,SYN744,A359,VHHH,OMDB,320,263,0,0
SYN744_VHHH_OMDB_2026-03-04 02:13,15.40543,99.7549,2026-03-04T03:16:45Z,380.0,SYN744,A359,VHHH,OMDB,320,263,0,0
SYN744_VHHH_OMDB_2026-03-04 02:13,15.40259,99.73206,2026-03-04T03:17:00Z,380.0,SYN744,A359,VHHH,OMDB,320,263,0,0
SYN744_VHHH_OMDB_2026-03-04 02:13,15.39976,99.70921,2026-03-04T03:17:15Z,380.0,SYN744,A359,VHHH,OMDB,320,263,0,0
SYN744_VHHH_OMDB_2026-03-04 02:13,15.39692,99.68637,2026-03-04T03:17:30Z,380.0,SYN744,A359,VHHH,OMDB,320,263,0,0
SYN744_VHHH_OMDB_2026-03-04 02:13,15.39408,99.66352,2026-03-04T03:17:45Z,380.0,SYN744,A359,VHHH,OMDB,320,263,0,0
SYN744_VHHH_OMDB_2026-03-04 02:13,15.39124,99.64068,2026-03-04T03:18:00Z,380.0,SYN744,A359,VHHH,OMDB,320,263,0,0
SYN744_VHHH_OMDB_2026-03-04 02:13,15.3884,99.61783,2026-03-04T03:18:15Z,380.0,SYN744,A359,VHHH,OMDB,320,263,0,0
SYN744_VHHH_OMDB_2026-03-04 02:13,15.38555,99.59499,2026-03-04T03:18:30Z,380.0,SYN744,A359,VHHH,OMDB,320,263,0,0
SYN744_VHHH_OMDB_2026-03-04 02:13,15.38271,99.57215,2026-03-04T03:18:45Z,380.0,SYN744,A359,VHHH,OMDB,320,263,0,0
SYN744_VHHH_OMDB_2026-03-04 02:13,15.37986,99.54931,2026-03-04T03:19:00Z,380.0,SYN744,A359,VHHH,OMDB,320,263,0,0
SYN744_VHHH_OMDB_2026-03-04 02:13,15.377,99.52646,2026-03-04T03:19:15Z,380.0,SYN744,A359,VHHH,OMDB,320,263,0,0
SYN744_VHHH_OMDB_2026-03-04 02:13,15.37415,99.50362,2026-03-04T03:19:30Z,380.0,SYN744,A359,VHHH,OMDB,320,263,0,0
SYN744_VHHH_OMDB_2026-03-04 02:13,15.37129,99.48078,2026-03-04T03:19:45Z,380.0,SYN744,A359,VHHH,OMDB,320,263,0,0
SYN744_VHHH_OMDB_2026-03-04 02:13,15.36843,99.45795,2026-03-04T03:20:00Z,380.0,SYN744,A359,VHHH,OMDB,320,263,0,0
SYN744_VHHH_OMDB_2026-03-04 02:13,15.36557,99.43511,2026-03-04T03:20:15Z,380.0,SYN744,A359,VHHH,OMDB,320,263,0,0
SYN744_VHHH_OMDB_2026-03-04 02:13,15.3627,99.41227,2026-03-04T03:20:30Z,380.0,SYN744,A359,VHHH,OMDB,320,263,0,0
SYN744_VHHH_OMDB_2026-03-04 02:13,15.35984,99.38943,2026-03-04T03:20:45Z,380.0,SYN744,A359,VHHH,OMDB,320,263,0,0
SYN744_VHHH_OMDB_2026-03-04 02:13,15.35697,99.36659,2026-03-04T03:21:00Z,380.0,SYN744,A359,VHHH,OMDB,320,263,0,0
SYN744_VHHH_OMDB_2026-03-04 02:13,15.3541,99.34376,2026-03-04T03:21:15Z,380.0,SYN744,A359,VHHH,OMDB,320,263,0,0
SYN744_VHHH_OMDB_2026-03-04 02:13,15.35122,99.32092,2026-03-04T03:21:30Z,380.0,SYN744,A359,VHHH,OMDB,320,263,0,0
SYN744_VHHH_OMDB_2026-03-04 02:13,15.34835,99.29809,2026-03-04T03:21:45Z,380.0,SYN744,A359,VHHH,OMDB,320,263,0,0
SYN744_VHHH_OMDB_2026-03-04 02:13,15.34547,99.27525,2026-03-04T03:22:00Z,380.0,SYN744,A359,VHHH,OMDB,320,263,0,0
SYN744_VHHH_OMDB_2026-03-04 02:13,15.34259,99.25242,2026-03-04T03:22:15Z,380.0,SYN744,A359,VHHH,OMDB,320,263,0,0
SYN744_VHHH_OMDB_2026-03-04 02:13,15.33971,99.22959,2026-03-04T03:22:30Z,380.0,SYN744,A359,VHHH,OMDB,320,263,0,0
SYN744_VHHH_OMDB_2026-03-04 02:13,15.33682,99.20676,2026-03-04T03:22:45Z,380.0,SYN744,A359,VHHH,OMDB,320,263,0,0
SYN744_VHHH_OMDB_2026-03-04 02:13,15.33393,99.18392,2026-03-04T03:23:00Z,380.0,SYN744,A359,VHHH,OMDB,320,263,0,0
SYN744_VHHH_OMDB_2026-03-04 02:13,15.33104,99.16109,2026-03-04T03:23:15Z,380.0,SYN744,A359,VHHH,OMDB,320,263,0,0
SYN744_VHHH_OMDB_2026-03-04 02:13,15.32815,99.13826,2026-03-04T03:23:30Z,380.0,SYN744,A359,VHHH,OMDB,320,263,0,0
SYN744_VHHH_OMDB_2026-03-04 02:13,15.32526,99.11543,2026-03-04T03:23:45Z,380.0,SYN744,A359,VHHH,OMDB,320,263,0,0
SYN744_VHHH_OMDB_2026-03-04 02:13,15.32236,99.0926,2026-03-04T03:24:00Z,380.0,SYN744,A359,VHHH,OMDB,320,263,0,0
SYN744_VHHH_OMDB_2026-03-04 02:13,15.31946,99.06977,2026-03-04T03:24:15Z,380.0,SYN744,A359,VHHH,OMDB,320,262,0,0
SYN744_VHHH_OMDB_2026-03-04 02:13,15.31656,99.04695,2026-03-04T03:24:30Z,380.0,SYN744,A359,VHHH,OMDB,320,262,0,0
SYN744_VHHH_OMDB_2026-03-04 02:13,15.31366,99.02412,2026-03-04T03:24:45Z,380.0,SYN744,A359,VHHH,OMDB,320,262,0,0
SYN744_VHHH_OMDB_2026-03-04 02:13,15.31075,99.00129,2026-03-04T03:25:00Z,380.0,SYN744,A359,VHHH,OMDB,320,262,0,0
SYN744_VHHH_OMDB_2026-03-04 02:13,15.30784,98.97847,2026-03-04T03:25:15Z,380.0,SYN744,A359,VHHH,OMDB,320,262,0,0
SYN744_VHHH_OMDB_2026-03-04 02:13,15.30493,98.95564,2026-03-04T03:25:30Z,380.0,SYN744,A359,VHHH,OMDB,320,262,0,0
SYN744_VHHH_OMDB_2026-03-04 02:13,15.30202,98.93282,2026-03-04T03:25:45Z,380.0,SYN744,A359,VHHH,OMDB,320,262,0,0
SYN744_VHHH_OMDB_2026-03-04 02:13,15.2991,98.90999,2026-03-04T03:26:00Z,380.0,SYN744,A359,VHHH,OMDB,320,262,0,0
SYN744_VHHH_OMDB_2026-03-04 02:13,15.29619,98.88717,2026-03-04T03:26:15Z,380.0,SYN744,A359,VHHH,OMDB,320,262,0,0
SYN744_VHHH_OMDB_2026-03-04 02:13,15.29327,98.86435,2026-03-04T03:26:30Z,380.0,SYN744,A359,VHHH,OMDB,320,262,0,0
SYN744_VHHH_OMDB_2026-03-04 02:13,15.29034,98.84152,2026-03-04T03:26:45Z,380.0,SYN744,A359,VHHH,OMDB,320,262,0,0
SYN744_VHHH_OMDB_2026-03-04 02:13,15.28742,98.8187,2026-03-04T03:27:00Z,380.0,SYN744,A359,VHHH,OMDB,320,262,0,0
SYN744_VHHH_OMDB_2026-03-04 02:13,15.28449,98.79588,2026-03-04T03:27:15Z,380.0,SYN744,A359,VHHH,OMDB,320,262,0,0
SYN744_VHHH_OMDB_2026-03-04 02:13,15.28156,98.77306,2026-03-04T03:27:30Z,380.0,SYN744,A359,VHHH,OMDB,320,262,0,0
SYN744_VHHH_OMDB_2026-03-04 02:13,15.27863,98.75024,2026-03-04T03:27:45Z,380.0,SYN744,A359,VHHH,OMDB,320,262,0,0
SYN744_VHHH_OMDB_2026-03-04 02:13,15.2757,98.72742,2026-03-04T03:28:00Z,380.0,SYN744,A359,VHHH,OMDB,320,262,0,0
SYN744_VHHH_OMDB_2026-03-04 02:13,15.27276,98.70461,2026-03-04T03:28:15Z,380.0,SYN744,A359,VHHH,OMDB,320,262,0,0
SYN744_VHHH_OMDB_2026-03-04 02:13,15.26982,98.68179,2026-03-04T03:28:30Z,380.0,SYN744,A359,VHHH,OMDB,320,262,0,0
SYN744_VHHH_OMDB_2026-03-04 02:13,15.26688,98.65897,2026-03-04T03:28:45Z,380.0,SYN744,A359,VHHH,OMDB,320,262,0,0
SYN744_VHHH_OMDB_2026-03-04 02:13,15.26394,98.63615,2026-03-04T03:29:00Z,380.0,SYN744,A359,VHHH,OMDB,320,262,0,0
SYN744_VHHH_OMDB_2026-03-04 02:13,15.26099,98.61334,2026-03-04T03:29:15Z,380.0,SYN744,A359,VHHH,OMDB,320,262,0,0
SYN744_VHHH_OMDB_2026-03-04 02:13,15.25805,98.59052,2026-03-04T03:29:30Z,380.0,SYN744,A359,VHHH,OMDB,320,262,0,0
SYN744_VHHH_OMDB_2026-03-04 02:13,15.2551,98.56771,2026-03-04T03:29:45Z,380.0,SYN744,A359,VHHH,OMDB,320,262,0,0
SYN744_VHHH_OMDB_2026-03-04 02:13,15.25214,98.54489,2026-03-04T03:30:00Z,380.0,SYN744,A359,VHHH,OMDB,320,262,0,0
SYN744_VHHH_OMDB_2026-03-04 02:13,15.24919,98.52208,2026-03-04T03:30:15Z,380.0,SYN744,A359,VHHH,OMDB,320,262,0,0
SYN744_VHHH_OMDB_2026-03-04 02:13,15.24623,98.49927,2026-03-04T03:30:30Z,380.0,SYN744,A359,VHHH,OMDB,320,262,0,0
SYN744_VHHH_OMDB_2026-03-04 02:13,15.24327,98.47646,2026-03-04T03:30:45Z,380.0,SYN744,A359,VHHH,OMDB,320,262,0,0
SYN744_VHHH_OMDB_2026-03-04 02:13,15.24031,98.45365,2026-03-04T03:31:00Z,380.0,SYN744,A359,VHHH,OMDB,320,262,0,0
SYN744_VHHH_OMDB_2026-03-04 02:13,15.23735,98.43084,2026-03-04T03:31:15Z,380.0,SYN744,A359,VHHH,OMDB,320,262,0,0
SYN744_VHHH_OMDB_2026-03-04 02:13,15.23438,98.40803,2026-03-04T03:31:30Z,380.0,SYN744,A359,VHHH,OMDB,320,262,0,0
SYN744_VHHH_OMDB_2026-03-04 02:13,15.23141,98.38522,2026-03-04T03:31:45Z,380.0,SYN744,A359,VHHH,OMDB,320,262,0,0
SYN744_VHHH_OMDB_2026-03-04 02:13,15.22844,98.36241,2026-03-04T03:32:00Z,380.0,SYN744,A359,VHHH,OMDB,320,262,0,0
SYN744_VHHH_OMDB_2026-03-04 02:13,15.22547,98.3396,2026-03-04T03:32:15Z,380.0,SYN744,A359,VHHH,OMDB,320,262,0,0
SYN744_VHHH_OMDB_2026-03-04 02:13,15.22249,98.31679,2026-03-04T03:32:30Z,380.0,SYN744,A359,VHHH,OMDB,320,262,0,0
SYN744_VHHH_OMDB_2026-03-04 02:13,15.21952,98.29399,2026-03-04T03:32:45Z,380.0,SYN744,A359,VHHH,OMDB,320,262,0,0
SYN744_VHHH_OMDB_2026-03-04 02:13,15.21654,98.27118,2026-03-04T03:33:00Z,380.0,SYN744,A359,VHHH,OMDB,320,262,0,0
SYN744_VHHH_OMDB_2026-03-04 02:13,15.21355,98.24837,2026-03-04T03:33:15Z,380.0,SYN744,A359,VHHH,OMDB,320,262,0,0
SYN744_VHHH_OMDB_2026-03-04 02:13,15.21057,98.22557,2026-03-04T03:33:30Z,380.0,SYN744,A359,VHHH,OMDB,320,262,0,0
SYN744_VHHH_OMDB_2026-03-04 02:13,15.20758,98.20276,2026-03-04T03:33:45Z,380.0,SYN744,A359,VHHH,OMDB,320,262,0,0
SYN744_VHHH_OMDB_2026-03-04 02:13,15.20459,98.17996,2026-03-04T03:34:00Z,380.0,SYN744,A359,VHHH,OMDB,320,262,0,0
SYN744_VHHH_OMDB_2026-03-04 02:13,15.2016,98.15716,2026-03-04T03:34:15Z,380.0,SYN744,A359,VHHH,OMDB,320,262,0,0
SYN744_VHHH_OMDB_2026-03-04 02:13,15.19861,98.13436,2026-03-04T03:34:30Z,380.0,SYN744,A359,VHHH,OMDB,320,262,0,0
SYN744_VHHH_OMDB_2026-03-04 02:13,15.19561,98.11155,2026-03-04T03:34:45Z,380.0,SYN744,A359,VHHH,OMDB,320,262,0,0
SYN744_VHHH_OMDB_2026-03-04 02:13,15.19261,98.08875,2026-03-04T03:35:00Z,380.0,SYN744,A359,VHHH,OMDB,320,262,0,0
SYN744_VHHH_OMDB_2026-03-04 02:13,15.18961,98.06595,2026-03-04T03:35:15Z,380.0,SYN744,A359,VHHH,OMDB,320,262,0,0
SYN744_VHHH_OMDB_2026-03-04 02:13,15.18661,98.04315,2026-03-04T03:35:30Z,380.0,SYN744,A359,VHHH,OMDB,320,262,0,0
SYN744_VHHH_OMDB_2026-03-04 02:13,15.1836,98.02035,2026-03-04T03:35:45Z,380.0,SYN744,A359,VHHH,OMDB,320,262,0,0
SYN744_VHHH_OMDB_2026-03-04 02:13,15.1806,97.99756,2026-03-04T03:36:00Z,380.0,SYN744,A359,VHHH,OMDB,320,262,0,0
SYN744_VHHH_OMDB_2026-03-04 02:13,15.17759,97.97476,2026-03-04T03:36:15Z,380.0,SYN744,A359,VHHH,OMDB,320,262,0,0
SYN744_VHHH_OMDB_2026-03-04 02:13,15.17458,97.95196,2026-03-04T03:36:30Z,380.0,SYN744,A359,VHHH,OMDB,320,262,0,0
SYN744_VHHH_OMDB_2026-03-04 02:13,15.17156,97.92916,2026-03-04T03:36:45Z,380.0,SYN744,A359,VHHH,OMDB,320,262,0,0
SYN744_VHHH_OMDB_2026-03-04 02:13,15.16854,97.90637,2026-03-04T03:37:00Z,380.0,SYN744,A359,VHHH,OMDB,320,262,0,0
SYN744_VHHH_OMDB_2026-03-04 02:13,15.16553,97.88357,2026-03-04T03:37:15Z,380.0,SYN744,A359,VHHH,OMDB,320,262,0,0
SYN744_VHHH_OMDB_2026-03-04 02:13,15.1625,97.86078,2026-03-04T03:37:30Z,380.0,SYN744,A359,VHHH,OMDB,320,262,0,0
SYN744_VHHH_OMDB_2026-03-04 02:13,15.15948,97.83799,2026-03-04T03:37:45Z,380.0,SYN744,A359,VHHH,OMDB,320,262,0,0
SYN744_VHHH_OMDB_2026-03-04 02:13,15.15645,97.81519,2026-03-04T03:38:00Z,380.0,SYN744,A359,VHHH,OMDB,320,262,0,0
SYN744_VHHH_OMDB_2026-03-04 02:13,15.15343,97.7924,2026-03-04T03:38:15Z,380.0,SYN744,A359,VHHH,OMDB,320,262,0,0
SYN744_VHHH_OMDB_2026-03-04 02:13,15.1504,97.76961,2026-03-04T03:38:30Z,380.0,SYN744,A359,VHHH,OMDB,320,262,0,0
SYN744_VHHH_OMDB_2026-03-04 02:13,15.14736,97.74682,2026-03-04T03:38:45Z,380.0,SYN744,A359,VHHH,OMDB,320,262,0,0
SYN744_VHHH_OMDB_2026-03-04 02:13,15.14433,97.72403,2026-03-04T03:39:00Z,380.0,SYN744,A359,VHHH,OMDB,320,262,0,0
SYN744_VHHH_OMDB_2026-03-04 02:13,15.14129,97.70124,2026-03-04T03:39:15Z,380.0,SYN744,A359,VHHH,OMDB,320,262,0,0
SYN744_VHHH_OMDB_2026-03-04 02:13,15.13825,97.67845,2026-03-04T03:39:30Z,380.0,SYN744,A359,VHHH,OMDB,320,262,0,0
SYN744_VHHH_OMDB_2026-03-04 02:13,15.13521,97.65566,2026-03-04T03:39:45Z,380.0,SYN744,A359,VHHH,OMDB,320,262,0,0
SYN744_VHHH_OMDB_2026-03-04 02:13,15.13217,97.63287,2026-03-04T03:40:00Z,380.0,SYN744,A359,VHHH,OMDB,320,262,0,0
SYN744_VHHH_OMDB_2026-03-04 02:13,15.12912,97.61008,2026-03-04T03:40:15Z,380.0,SYN744,A359,VHHH,OMDB,320,262,0,0
SYN744_VHHH_OMDB_2026-03-04 02:13,15.12607,97.5873,2026-03-04T03:40:30Z,380.0,SYN744,A359,VHHH,OMDB,320,262,0,0
SYN744_VHHH_OMDB_2026-03-04 02:13,15.12302,97.56451,2026-03-04T03:40:45Z,380.0,SYN744,A359,VHHH,OMDB,320,262,0,0
SYN744_VHHH_OMDB_2026-03-04 02:13,15.11997,97.54173,2026-03-04T03:41:00Z,380.0,SYN744,A359,VHHH,OMDB,320,262,0,0
SYN744_VHHH_OMDB_2026-03-04 02:13,15.11691,97.51894,2026-03-04T03:41:15Z,380.0,SYN744,A359,VHHH,OMDB,320,262,0,0
SYN744_VHHH_OMDB_2026-03-04 02:13,15.11385,97.49616,2026-03-04T03:41:30Z,380.0,SYN744,A359,VHHH,OMDB,320,262,0,0
SYN744_VHHH_OMDB_2026-03-04 02:13,15.11079,97.47337,2026-03-04T03:41:45Z,380.0,SYN744,A359,VHHH,OMDB,320,262,0,0
SYN744_VHHH_OMDB_2026-03-04 02:13,15.10773,97.45059,2026-03-04T03:42:00Z,380.0,SYN744,A359,VHHH,OMDB,320,262,0,0
SYN744_VHHH_OMDB_2026-03-04 02:13,15.10467,97.42781,2026-03-04T03:42:15Z,380.0,SYN744,A359,VHHH,OMDB,320,262,0,0
SYN744_VHHH_OMDB_2026-03-04 02:13,15.1016,97.40503,2026-03-04T03:42:30Z,380.0,SYN744,A359,VHHH,OMDB,320,262,0,0
SYN744_VHHH_OMDB_2026-03-04 02:13,15.09853,97.38225,2026-03-04T03:42:45Z,380.0,SYN744,A359,VHHH,OMDB,320,262,0,0
SYN744_VHHH_OMDB_2026-03-04 02:13,15.09546,97.35947,2026-03-04T03:43:00Z,380.0,SYN744,A359,VHHH,OMDB,320,262,0,0
SYN744_VHHH_OMDB_2026-03-04 02:13,15.09239,97.33669,2026-03-04T03:43:15Z,380.0,SYN744,A359,VHHH,OMDB,320,262,0,0
SYN744_VHHH_OMDB_2026-03-04 02:13,15.08931,97.31391,2026-03-04T03:43:30Z,380.0,SYN744,A359,VHHH,OMDB,320,262,0,0
SYN744_VHHH_OMDB_2026-03-04 02:13,15.08623,97.29113,2026-03-04T03:43:45Z,380.0,SYN744,A359,VHHH,OMDB,320,262,0,0
SYN744_VHHH_OMDB_2026-03-04 02:13,15.08315,97.26835,2026-03-04T03:44:00Z,380.0,SYN744,A359,VHHH,OMDB,320,262,0,0
SYN744_VHHH_OMDB_2026-03-04 02:13,15.08007,97.24558,2026-03-04T03:44:15Z,380.0,SYN744,A359,VHHH,OMDB,320,262,0,0
SYN744_VHHH_OMDB_2026-03-04 02:13,15.07698,97.2228,2026-03-04T03:44:30Z,380.0,SYN744,A359,VHHH,OMDB,320,262,0,0
SYN744_VHHH_OMDB_2026-03-04 02:13,15.07389,97.20003,2026-03-04T03:44:45Z,380.0,SYN744,A359,VHHH,OMDB,320,262,0,0
SYN744_VHHH_OMDB_2026-03-04 02:13,15.07081,97.17725,2026-03-04T03:45:00Z,380.0,SYN744,A359,VHHH,OMDB,320,262,0,0
SYN744_VHHH_OMDB_2026-03-04 02:13,15.06771,97.15448,2026-03-04T03:45:15Z,380.0,SYN744,A359,VHHH,OMDB,320,262,0,0
SYN744_VHHH_OMDB_2026-03-04 02:13,15.06462,97.1317,2026-03-04T03:45:30Z,380.0,SYN744,A359,VHHH,OMDB,320,262,0,0
SYN744_VHHH_OMDB_2026-03-04 02:13,15.06152,97.10893,2026-03-04T03:45:45Z,380.0,SYN744,A359,VHHH,OMDB,320,262,0,0
SYN744_VHHH_OMDB_2026-03-04 02:13,15.05842,97.08616,2026-03-04T03:46:00Z,380.0,SYN744,A359,VHHH,OMDB,320,262,0,0
SYN744_VHHH_OMDB_2026-03-04 02:13,15.05532,97.06339,2026-03-04T03:46:15Z,380.0,SYN744,A359,VHHH,OMDB,320,262,0,0
SYN744_VHHH_OMDB_2026-03-04 02:13,15.05222,97.04062,2026-03-04T03:46:30Z,380.0,SYN744,A359,VHHH,OMDB,320,262,0,0
SYN744_VHHH_OMDB_2026-03-04 02:13,15.04911,97.01785,2026-03-04T03:46:45Z,380.0,SYN744,A359,VHHH,OMDB,320,262,0,0
SYN744_VHHH_OMDB_2026-03-04 02:13,15.04601,96.99508,2026-03-04T03:47:00Z,380.0,SYN744,A359,VHHH,OMDB,320,262,0,0
SYN744_VHHH_OMDB_2026-03-04 02:13,15.0429,96.97231,2026-03-04T03:47:15Z,380.0,SYN744,A359,VHHH,OMDB,320,262,0,0
SYN744_VHHH_OMDB_2026-03-04 02:13,15.03978,96.94954,2026-03-04T03:47:30Z,380.0,SYN744,A359,VHHH,OMDB,320,262,0,0
SYN744_VHHH_OMDB_2026-03-04 02:13,15.03667,96.92677,2026-03-04T03:47:45Z,380.0,SYN744,A359,VHHH,OMDB,320,262,0,0
SYN744_VHHH_OMDB_2026-03-04 02:13,15.03355,96.904,2026-03-04T03:48:00Z,380.0,SYN744,A359,VHHH,OMDB,320,262,0,0
SYN744_VHHH_OMDB_2026-03-04 02:13,15.03043,96.88124,2026-03-04T03:48:15Z,380.0,SYN744,A359,VHHH,OMDB,320,262,0,0
SYN744_VHHH_OMDB_2026-03-04 02:13,15.02731,96.85847,2026-03-04T03:48:30Z,380.0,SYN744,A359,VHHH,OMDB,320,262,0,0
SYN744_VHHH_OMDB_2026-03-04 02:13,15.02419,96.83571,2026-03-04T03:48:45Z,380.0,SYN744,A359,VHHH,OMDB,320,262,0,0
SYN744_VHHH_OMDB_2026-03-04 02:13,15.02106,96.81294,2026-03-04T03:49:00Z,380.0,SYN744,A359,VHHH,OMDB,320,262,0,0
SYN744_VHHH_OMDB_2026-03-04 02:13,15.01793,96.79018,2026-03-04T03:49:15Z,380.0,SYN744,A359,VHHH,OMDB,320,262,0,0
SYN744_VHHH_OMDB_2026-03-04 02:13,15.0148,96.76742,2026-03-04T03:49:30Z,380.0,SYN744,A359,VHHH,OMDB,320,262,0,0
SYN744_VHHH_OMDB_2026-03-04 02:13,15.01167,96.74466,2026-03-04T03:49:45Z,380.0,SYN744,A359,VHHH,OMDB,320,262,0,0
SYN744_VHHH_OMDB_2026-03-04 02:13,15.00854,96.72189,2026-03-04T03:50:00Z,380.0,SYN744,A359,VHHH,OMDB,320,262,0,0
SYN744_VHHH_OMDB_2026-03-04 02:13,15.0054,96.69913,2026-03-04T03:50:15Z,380.0,SYN744,A359,VHHH,OMDB,320,262,0,0
SYN744_VHHH_OMDB_2026-03-04 02:13,15.00226,96.67637,2026-03-04T03:50:30Z,380.0,SYN744,A359,VHHH,OMDB,320,262,0,0
SYN744_VHHH_OMDB_2026-03-04 02:13,14.99912,96.65361,2026-03-04T03:50:45Z,380.0,SYN744,A359,VHHH,OMDB,320,262,0,0
SYN744_VHHH_OMDB_2026-03-04 02:13,14.99597,96.63086,2026-03-04T03:51:00Z,380.0,SYN744,A359,VHHH,OMDB,320,262,0,0
SYN744_VHHH_OMDB_2026-03-04 02:13,14.99283,96.6081,2026-03-04T03:51:15Z,380.0,SYN744,A359,VHHH,OMDB,320,262,0,0
SYN744_VHHH_OMDB_2026-03-04 02:13,14.98968,96.58534,2026-03-04T03:51:30Z,380.0,SYN744,A359,VHHH,OMDB,320,262,0,0
SYN744_VHHH_OMDB_2026-03-04 02:13,14.98653,96.56258,2026-03-04T03:51:45Z,380.0,SYN744,A359,VHHH,OMDB,320,262,0,0
SYN744_VHHH_OMDB_2026-03-04 02:13,14.98337,96.53983,2026-03-04T03:52:00Z,380.0,SYN744,A359,VHHH,OMDB,320,262,0,0
SYN744_VHHH_OMDB_2026-03-04 02:13,14.98022,96.51707,2026-03-04T03:52:15Z,380.0,SYN744,A359,VHHH,OMDB,320,262,0,0
SYN744_VHHH_OMDB_2026-03-04 02:13,14.97706,96.49432,2026-03-04T03:52:30Z,380.0,SYN744,A359,VHHH,OMDB,320,262,0,0
SYN744_VHHH_OMDB_2026-03-04 02:13,14.9739,96.47156,2026-03-04T03:52:45Z,380.0,SYN744,A359,VHHH,OMDB,320,262,0,0
SYN744_VHHH_OMDB_2026-03-04 02:13,14.97074,96.44881,2026-03-04T03:53:00Z,380.0,SYN744,A359,VHHH,OMDB,320,262,0,0
SYN744_VHHH_OMDB_2026-03-04 02:13,14.96757,96.42606,2026-03-04T03:53:15Z,380.0,SYN744,A359,VHHH,OMDB,320,262,0,0
SYN744_VHHH_OMDB_2026-03-04 02:13,14.96441,96.4033,2026-03-04T03:53:30Z,380.0,SYN744,A359,VHHH,OMDB,320,262,0,0
SYN744_VHHH_OMDB_2026-03-04 02:13,14.96124,96.38055,2026-03-04T03:53:45Z,380.0,SYN744,A359,VHHH,OMDB,320,262,0,0
SYN744_VHHH_OMDB_2026-03-04 02:13,14.95807,96.3578,2026-03-04T03:54:00Z,380.0,SYN744,A359,VHHH,OMDB,320,262,0,0
SYN744_VHHH_OMDB_2026-03-04 02:13,14.95489,96.33505,2026-03-04T03:54:15Z,380.0,SYN744,A359,VHHH,OMDB,320,262,0,0
SYN744_VHHH_OMDB_2026-03-04 02:13,14.95172,96.3123,2026-03-04T03:54:30Z,380.0,SYN744,A359,VHHH,OMDB,320,262,0,0
SYN751_VIDP_WSSS_2026-03-04 02:27,14.0,96.5,2026-03-04T02:27:00Z,360.0,SYN751,B744,VIDP,WSSS,320,150,0,0
SYN751_VIDP_WSSS_2026-03-04 02:27,13.98069,96.5113,2026-03-04T02:27:15Z,360.0,SYN751,B744,VIDP,WSSS,320,0,0,0
SYN751_VIDP_WSSS_2026-03-04 02:27,13.96137,96.52259,2026-03-04T02:27:30Z,360.0,SYN751,B744,VIDP,WSSS,320,0,0,0
SYN751_VIDP_WSSS_2026-03-04 02:27,13.94206,96.53389,2026-03-04T02:27:45Z,360.0,SYN751,B744,VIDP,WSSS,320,0,0,0
SYN751_VIDP_WSSS_2026-03-04 02:27,13.92275,96.54518,2026-03-04T02:28:00Z,360.0,SYN751,B744,VIDP,WSSS,320,0,0,0
SYN751_VIDP_WSSS_2026-03-04 02:27,13.90343,96.55647,2026-03-04T02:28:15Z,360.0,SYN751,B744,VIDP,WSSS,320,0,0,0
SYN751_VIDP_WSSS_2026-03-04 02:27,13.88412,96.56776,2026-03-04T02:28:30Z,360.0,SYN751,B744,VIDP,WSSS,320,0,0,0
SYN751_VIDP_WSSS_2026-03-04 02:27,13.8648,96.57905,2026-03-04T02:28:45Z,360.0,SYN751,B744,VIDP,WSSS,320,0,0,0
SYN751_VIDP_WSSS_2026-03-04 02:27,13.84548,96.59033,2026-03-04T02:29:00Z,360.0,SYN751,B744,VIDP,WSSS,320,0,0,0
SYN751_VIDP_WSSS_2026-03-04 02:27,13.82617,96.60161,2026-03-04T02:29:15Z,360.0,SYN751,B744,VIDP,WSSS,320,0,0,0
SYN751_VIDP_WSSS_2026-03-04 02:27,13.80685,96.6129,2026-03-04T02:29:30Z,360.0,SYN751,B744,VIDP,WSSS,320,0,0,0
SYN751_VIDP_WSSS_2026-03-04 02:27,13.78753,96.62417,2026-03-04T02:29:45Z,360.0,SYN751,B744,VIDP,WSSS,320,0,0,0
SYN751_VIDP_WSSS_2026-03-04 02:27,13.76821,96.63545,2026-03-04T02:30:00Z,360.0,SYN751,B744,VIDP,WSSS,320,0,0,0
SYN751_VIDP_WSSS_2026-03-04 02:27,13.7489,96.64673,2026-03-04T02:30:15Z,360.0,SYN751,B744,VIDP,WSSS,320,0,0,0
SYN751_VIDP_WSSS_2026-03-04 02:27,13.72958,96.658,2026-03-04T02:30:30Z,360.0,SYN751,B744,VIDP,WSSS,320,0,0,0
SYN751_VIDP_WSSS_2026-03-04 02:27,13.71026,96.66927,2026-03-04T02:30:45Z,360.0,SYN751,B744,VIDP,WSSS,320,0,0,0
SYN751_VIDP_WSSS_2026-03-04 02:27,13.69094,96.68054,2026-03-04T02:31:00Z,360.0,SYN751,B744,VIDP,WSSS,320,0,0,0
SYN751_VIDP_WSSS_2026-03-04 02:27,13.67162,96.69181,2026-03-04T02:31:15Z,360.0,SYN751,B744,VIDP,WSSS,320,0,0,0
SYN751_VIDP_WSSS_2026-03-04 02:27,13.65229,96.70308,2026-03-04T02:31:30Z,360.0,SYN751,B744,VIDP,WSSS,320,0,0,0
SYN751_VIDP_WSSS_2026-03-04 02:27,13.63297,96.71434,2026-03-04T02:31:45Z,360.0,SYN751,B744,VIDP,WSSS,320,150,0,0
SYN751_VIDP_WSSS_2026-03-04 02:27,13.61365,96.7256,2026-03-04T02:32:00Z,360.0,SYN751,B744,VIDP,WSSS,320,150,0,0
SYN751_VIDP_WSSS_2026-03-04 02:27,13.59433,96.73686,2026-03-04T02:32:15Z,360.0,SYN751,B744,VIDP,WSSS,320,150,0,0
SYN751_VIDP_WSSS_2026-03-04 02:27,13.575,96.74812,2026-03-04T02:32:30Z,360.0,SYN751,B744,VIDP,WSSS,320,150,0,0
SYN751_VIDP_WSSS_2026-03-04 02:27,13.55568,96.75938,2026-03-04T02:32:45Z,360.0,SYN751,B744,VIDP,WSSS,320,150,0,0
SYN751_VIDP_WSSS_2026-03-04 02:27,13.53636,96.77064,2026-03-04T02:33:00Z,360.0,SYN751,B744,VIDP,WSSS,320,150,0,0
SYN751_VIDP_WSSS_2026-03-04 02:27,13.51703,96.78189,2026-03-04T02:33:15Z,360.0,SYN751,B744,VIDP,WSSS,320,150,0,0
SYN751_VIDP_WSSS_2026-03-04 02:27,13.4977,96.79314,2026-03-04T02:33:30Z,360.0,SYN751,B744,VIDP,WSSS,320,150,0,0
SYN751_VIDP_WSSS_2026-03-04 02:27,13.47838,96.80439,2026-03-04T02:33:45Z,360.0,SYN751,B744,VIDP,WSSS,320,150,0,0
SYN751_VIDP_WSSS_2026-03-04 02:27,13.45905,96.81564,2026-03-04T02:34:00Z,360.0,SYN751,B744,VIDP,WSSS,320,150,0,0
SYN751_VIDP_WSSS_2026-03-04 02:27,13.43973,96.82688,2026-03-04T02:34:15Z,360.0,SYN751,B744,VIDP,WSSS,320,150,0,0
SYN751_VIDP_WSSS_2026-03-04 02:27,13.4204,96.83813,2026-03-04T02:34:30Z,360.0,SYN751,B744,VIDP,WSSS,320,150,0,0
SYN751_VIDP_WSSS_2026-03-04 02:27,13.40107,96.84937,2026-03-04T02:34:45Z,360.0,SYN751,B744,VIDP,WSSS,320,150,0,0
SYN751_VIDP_WSSS_2026-03-04 02:27,13.38174,96.86061,2026-03-04T02:35:00Z,360.0,SYN751,B744,VIDP,WSSS,320,151,0,0
SYN751_VIDP_WSSS_2026-03-04 02:27,13.36241,96.87185,2026-03-04T02:35:15Z,360.0,SYN751,B744,VIDP,WSSS,320,151,0,0
SYN751_VIDP_WSSS_2026-03-04 02:27,13.34308,96.88309,2026-03-04T02:35:30Z,360.0,SYN751,B744,VIDP,WSSS,320,151,0,0
SYN751_VIDP_WSSS_2026-03-04 02:27,13.32375,96.89432,2026-03-04T02:35:45Z,360.0,SYN751,B744,VIDP,WSSS,320,151,0,0
SYN751_VIDP_WSSS_2026-03-04 02:27,13.30442,96.90556,2026-03-04T02:36:00Z,360.0,SYN751,B744,VIDP,WSSS,320,151,0,0
SYN751_VIDP_WSSS_2026-03-04 02:27,13.28509,96.91679,2026-03-04T02:36:15Z,360.0,SYN751,B744,VIDP,WSSS,320,151,0,0
SYN751_VIDP_WSSS_2026-03-04 02:27,13.26576,96.92802,2026-03-04T02:36:30Z,360.0,SYN751,B744,VIDP,WSSS,320,151,0,0
SYN751_VIDP_WSSS_2026-03-04 02:27,13.24643,96.93925,2026-03-04T02:36:45Z,360.0,SYN751,B744,VIDP,WSSS,320,151,0,0
SYN751_VIDP_WSSS_2026-03-04 02:27,13.2271,96.95047,2026-03-04T02:37:00Z,360.0,SYN751,B744,VIDP,WSSS,320,151,0,0
SYN751_VIDP_WSSS_2026-03-04 02:27,13.20776,96.9617,2026-03-04T02:37:15Z,360.0,SYN751,B744,VIDP,WSSS,320,151,0,0
SYN751_VIDP_WSSS_2026-03-04 02:27,13.18843,96.97292,2026-03-04T02:37:30Z,360.0,SYN751,B744,VIDP,WSSS,320,151,0,0
SYN751_VIDP_WSSS_2026-03-04 02:27,13.1691,96.98414,2026-03-04T02:37:45Z,360.0,SYN751,B744,VIDP,WSSS,320,151,0,0
SYN751_VIDP_WSSS_2026-03-04 02:27,13.14976,96.99536,2026-03-04T02:38:00Z,360.0,SYN751,B744,VIDP,WSSS,320,151,0,0
SYN751_VIDP_WSSS_2026-03-04 02:27,13.13043,97.00658,2026-03-04T02:38:15Z,360.0,SYN751,B744,VIDP,WSSS,320,151,0,0
SYN751_VIDP_WSSS_2026-03-04 02:27,13.11109,97.01779,2026-03-04T02:38:30Z,360.0,SYN751,B744,VIDP,WSSS,320,151,0,0
SYN751_VIDP_WSSS_2026-03-04 02:27,13.09176,97.02901,2026-03-04T02:38:45Z,360.0,SYN751,B744,VIDP,WSSS,320,151,0,0
SYN751_VIDP_WSSS_2026-03-04 02:27,13.07242,97.04022,2026-03-04T02:39:00Z,360.0,SYN751,B744,VIDP,WSSS,320,151,0,0
SYN751_VIDP_WSSS_2026-03-04 02:27,13.05308,97.05143,2026-03-04T02:39:15Z,360.0,SYN751,B744,VIDP,WSSS,320,151,0,0
SYN751_VIDP_WSSS_2026-03-04 02:27,13.03375,97.06264,2026-03-04T02:39:30Z,360.0,SYN751,B744,VIDP,WSSS,320,151,0,0
SYN751_VIDP_WSSS_2026-03-04 02:27,13.01441,97.07384,2026-03-04T02:39:45Z,360.0,SYN751,B744,VIDP,WSSS,320,151,0,0
SYN751_VIDP_WSSS_2026-03-04 02:27,12.99507,97.08505,2026-03-04T02:40:00Z,360.0,SYN751,B744,VIDP,WSSS,320,151,0,0
SYN751_VIDP_WSSS_2026-03-04 02:27,12.97573,97.09625,2026-03-04T02:40:15Z,360.0,SYN751,B744,VIDP,WSSS,320,151,0,0
SYN751_VIDP_WSSS_2026-03-04 02:27,12.95639,97.10746,2026-03-04T02:40:30Z,360.0,SYN751,B744,VIDP,WSSS,320,151,0,0
SYN751_VIDP_WSSS_2026-03-04 02:27,12.93705,97.11865,2026-03-04T02:40:45Z,360.0,SYN751,B744,VIDP,WSSS,320,151,0,0
SYN751_VIDP_WSSS_2026-03-04 02:27,12.91771,97.12985,2026-03-04T02:41:00Z,360.0,SYN751,B744,VIDP,WSSS,320,151,0,0
SYN751_VIDP_WSSS_2026-03-04 02:27,12.89837,97.14105,2026-03-04T02:41:15Z,360.0,SYN751,B744,VIDP,WSSS,320,151,0,0
SYN751_VIDP_WSSS_2026-03-04 02:27,12.87903,97.15224,2026-03-04T02:41:30Z,360.0,SYN751,B744,VIDP,WSSS,320,151,0,0
SYN751_VIDP_WSSS_2026-03-04 02:27,12.85969,97.16344,2026-03-04T02:41:45Z,360.0,SYN751,B744,VIDP,WSSS,320,151,0,0
SYN751_VIDP_WSSS_2026-03-04 02:27,12.84035,97.17463,2026-03-04T02:42:00Z,360.0,SYN751,B744,VIDP,WSSS,320,151,0,0
SYN751_VIDP_WSSS_2026-03-04 02:27,12.82101,97.18582,2026-03-04T02:42:15Z,360.0,SYN751,B744,VIDP,WSSS,320,151,0,0
SYN751_VIDP_WSSS_2026-03-04 02:27,12.80166,97.19701,2026-03-04T02:42:30Z,360.0,SYN751,B744,VIDP,WSSS,320,151,0,0
SYN751_VIDP_WSSS_2026-03-04 02:27,12.78232,97.20819,2026-03-04T02:42:45Z,360.0,SYN751,B744,VIDP,WSSS,320,151,0,0
SYN751_VIDP_WSSS_2026-03-04 02:27,12.76298,97.21938,2026-03-04T02:43:00Z,360.0,SYN751,B744,VIDP,WSSS,320,151,0,0
SYN751_VIDP_WSSS_2026-03-04 02:27,12.74363,97.23056,2026-03-04T02:43:15Z,360.0,SYN751,B744,VIDP,WSSS,320,151,0,0
SYN751_VIDP_WSSS_2026-03-04 02:27,12.72429,97.24174,2026-03-04T02:43:30Z,360.0,SYN751,B744,VIDP,WSSS,320,151,0,0
SYN751_VIDP_WSSS_2026-03-04 02:27,12.70494,97.25292,2026-03-04T02:43:45Z,360.0,SYN751,B744,VIDP,WSSS,320,151,0,0
SYN751_VIDP_WSSS_2026-03-04 02:27,12.6856,97.2641,2026-03-04T02:44:00Z,360.0,SYN751,B744,VIDP,WSSS,320,151,0,0
SYN751_VIDP_WSSS_2026-03-04 02:27,12.66625,97.27527,2026-03-04T02:44:15Z,360.0,SYN751,B744,VIDP,WSSS,320,151,0,0
SYN751_VIDP_WSSS_2026-03-04 02:27,12.6469,97.28645,2026-03-04T02:44:30Z,360.0,SYN751,B744,VIDP,WSSS,320,151,0,0
SYN751_VIDP_WSSS_2026-03-04 02:27,12.62756,97.29762,2026-03-04T02:44:45Z,360.0,SYN751,B744,VIDP,WSSS,320,151,0,0
SYN751_VIDP_WSSS_2026-03-04 02:27,12.60821,97.30879,2026-03-04T02:45:00Z,360.0,SYN751,B744,VIDP,WSSS,320,151,0,0
SYN751_VIDP_WSSS_2026-03-04 02:27,12.58886,97.31996,2026-03-04T02:45:15Z,360.0,SYN751,B744,VIDP,WSSS,320,151,0,0
SYN751_VIDP_WSSS_2026-03-04 02:27,12.56951,97.33113,2026-03-04T02:45:30Z,360.0,SYN751,B744,VIDP,WSSS,320,151,0,0
SYN751_VIDP_WSSS_2026-03-04 02:27,12.55016,97.34229,2026-03-04T02:45:45Z,360.0,SYN751,B744,VIDP,WSSS,320,151,0,0
SYN751_VIDP_WSSS_2026-03-04 02:27,12.53081,97.35346,2026-03-04T02:46:00Z,360.0,SYN751,B744,VIDP,WSSS,320,151,0,0
SYN751_VIDP_WSSS_2026-03-04 02:27,12.51146,97.36462,2026-03-04T02:46:15Z,360.0,SYN751,B744,VIDP,WSSS,320,151,0,0
SYN751_VIDP_WSSS_2026-03-04 02:27,12.49211,97.37578,2026-03-04T02:46:30Z,360.0,SYN751,B744,VIDP,WSSS,320,151,0,0
SYN751_VIDP_WSSS_2026-03-04 02:27,12.47276,97.38694,2026-03-04T02:46:45Z,360.0,SYN751,B744,VIDP,WSSS,320,151,0,0
SYN751_VIDP_WSSS_2026-03-04 02:27,12.45341,97.3981,2026-03-04T02:47:00Z,360.0,SYN751,B744,VIDP,WSSS,320,151,0,0
SYN751_VIDP_WSSS_2026-03-04 02:27,12.43406,97.40925,2026-03-04T02:47:15Z,360.0,SYN751,B744,VIDP,WSSS,320,151,0,0
SYN751_VIDP_WSSS_2026-03-04 02:27,12.41471,97.42041,2026-03-04T02:47:30Z,360.0,SYN751,B744,VIDP,WSSS,320,151,0,0
SYN751_VIDP_WSSS_2026-03-04 02:27,12.39535,97.43156,2026-03-04T02:47:45Z,360.0,SYN751,B744,VIDP,WSSS,320,151,0,0
SYN751_VIDP_WSSS_2026-03-04 02:27,12.376,97.44271,2026-03-04T02:48:00Z,360.0,SYN751,B744,VIDP,WSSS,320,151,0,0
SYN751_VIDP_WSSS_2026-03-04 02:27,12.35665,97.45386,2026-03-04T02:48:15Z,360.0,SYN751,B744,VIDP,WSSS,320,151,0,0
SYN751_VIDP_WSSS_2026-03-04 02:27,12.33729,97.465,2026-03-04T02:48:30Z,360.0,SYN751,B744,VIDP,WSSS,320,151,0,0
SYN751_VIDP_WSSS_2026-03-04 02:27,12.31794,97.47615,2026-03-04T02:48:45Z,360.0,SYN751,B744,VIDP,WSSS,320,151,0,0
SYN751_VIDP_WSSS_2026-03-04 02:27,12.29858,97.48729,2026-03-04T02:49:00Z,360.0,SYN751,B744,VIDP,WSSS,320,151,0,0
SYN751_VIDP_WSSS_2026-03-04 02:27,12.27923,97.49844,2026-03-04T02:49:15Z,360.0,SYN751,B744,VIDP,WSSS,320,151,0,0
SYN751_VIDP_WSSS_2026-03-04 02:27,12.25987,97.50958,2026-03-04T02:49:30Z,360.0,SYN751,B744,VIDP,WSSS,320,151,0,0
SYN751_VIDP_WSSS_2026-03-04 02:27,12.24052,97.52072,2026-03-04T02:49:45Z,360.0,SYN751,B744,VIDP,WSSS,320,151,0,0
SYN751_VIDP_WSSS_2026-03-04 02:27,12.22116,97.53185,2026-03-04T02:50:00Z,360.0,SYN751,B744,VIDP,WSSS,320,151,0,0
SYN751_VIDP_WSSS_2026-03-04 02:27,12.2018,97.54299,2026-03-04T02:50:15Z,360.0,SYN751,B744,VIDP,WSSS,320,151,0,0
SYN751_VIDP_WSSS_2026-03-04 02:27,12.18244,97.55413,2026-03-04T02:50:30Z,360.0,SYN751,B744,VIDP,WSSS,320,151,0,0
SYN751_VIDP_WSSS_2026-03-04 02:27,12.16309,97.56526,2026-03-04T02:50:45Z,360.0,SYN751,B744,VIDP,WSSS,320,151,0,0
SYN751_VIDP_WSSS_2026-03-04 02:27,12.14373,97.57639,2026-03-04T02:51:00Z,360.0,SYN751,B744,VIDP,WSSS,320,151,0,0
SYN751_VIDP_WSSS_2026-03-04 02:27,12.12437,97.58752,2026-03-04T02:51:15Z,360.0,SYN751,B744,VIDP,WSSS,320,151,0,0
SYN751_VIDP_WSSS_2026-03-04 02:27,12.10501,97.59865,2026-03-04T02:51:30Z,360.0,SYN751,B744,VIDP,WSSS,320,151,0,0
SYN751_VIDP_WSSS_2026-03-04 02:27,12.08565,97.60977,2026-03-04T02:51:45Z,360.0,SYN751,B744,VIDP,WSSS,320,151,0,0
SYN751_VIDP_WSSS_2026-03-04 02:27,12.06629,97.6209,2026-03-04T02:52:00Z,360.0,SYN751,B744,VIDP,WSSS,320,151,0,0
SYN751_VIDP_WSSS_2026-03-04 02:27,12.04693,97.63202,2026-03-04T02:52:15Z,360.0,SYN751,B744,VIDP,WSSS,320,151,0,0
SYN751_VIDP_WSSS_2026-03-04 02:27,12.02757,97.64314,2026-03-04T02:52:30Z,360.0,SYN751,B744,VIDP,WSSS,320,151,0,0
SYN751_VIDP_WSSS_2026-03-04 02:27,12.00821,97.65426,2026-03-04T02:52:45Z,360.0,SYN751,B744,VIDP,WSSS,320,151,0,0
SYN751_VIDP_WSSS_2026-03-04 02:27,11.98884,97.66538,2026-03-04T02:53:00Z,360.0,SYN751,B744,VIDP,WSSS,320,151,0,0
SYN751_VIDP_WSSS_2026-03-04 02:27,11.96948,97.6765,2026-03-04T02:53:15Z,360.0,SYN751,B744,VIDP,WSSS,320,151,0,0
SYN751_VIDP_WSSS_2026-03-04 02:27,11.95012,97.68761,2026-03-04T02:53:30Z,360.0,SYN751,B744,VIDP,WSSS,320,151,0,0
SYN751_VIDP_WSSS_2026-03-04 02:27,11.93075,97.69872,2026-03-04T02:53:45Z,360.0,SYN751,B744,VIDP,WSSS,320,151,0,0
SYN751_VIDP_WSSS_2026-03-04 02:27,11.91139,97.70984,2026-03-04T02:54:00Z,360.0,SYN751,B744,VIDP,WSSS,320,151,0,0
SYN751_VIDP_WSSS_2026-03-04 02:27,11.89203,97.72095,2026-03-04T02:54:15Z,360.0,SYN751,B744,VIDP,WSSS,320,151,0,0
SYN751_VIDP_WSSS_2026-03-04 02:27,11.87266,97.73206,2026-03-04T02:54:30Z,360.0,SYN751,B744,VIDP,WSSS,320,151,0,0
SYN751_VIDP_WSSS_2026-03-04 02:27,11.8533,97.74316,2026-03-04T02:54:45Z,360.0,SYN751,B744,VIDP,WSSS,320,151,0,0
SYN751_VIDP_WSSS_2026-03-04 02:27,11.83393,97.75427,2026-03-04T02:55:00Z,360.0,SYN751,B744,VIDP,WSSS,320,151,0,0
SYN751_VIDP_WSSS_2026-03-04 02:27,11.81457,97.76537,2026-03-04T02:55:15Z,360.0,SYN751,B744,VIDP,WSSS,320,151,0,0
SYN751_VIDP_WSSS_2026-03-04 02:27,11.7952,97.77647,2026-03-04T02:55:30Z,360.0,SYN751,B744,VIDP,WSSS,320,151,0,0
SYN751_VIDP_WSSS_2026-03-04 02:27,11.77583,97.78758,2026-03-04T02:55:45Z,360.0,SYN751,B744,VIDP,WSSS,320,151,0,0
SYN751_VIDP_WSSS_2026-03-04 02:27,11.75646,97.79867,2026-03-04T02:56:00Z,360.0,SYN751,B744,VIDP,WSSS,320,151,0,0
SYN751_VIDP_WSSS_2026-03-04 02:27,11.7371,97.80977,2026-03-04T02:56:15Z,360.0,SYN751,B744,VIDP,WSSS,320,151,0,0
SYN751_VIDP_WSSS_2026-03-04 02:27,11.71773,97.82087,2026-03-04T02:56:30Z,360.0,SYN751,B744,VIDP,WSSS,320,151,0,0
SYN751_VIDP_WSSS_2026-03-04 02:27,11.69836,97.83196,2026-03-04T02:56:45Z,360.0,SYN751,B744,VIDP,WSSS,320,151,0,0
SYN751_VIDP_WSSS_2026-03-04 02:27,11.67899,97.84306,2026-03-04T02:57:00Z,360.0,SYN751,B744,VIDP,WSSS,320,151,0,0
SYN751_VIDP_WSSS_2026-03-04 02:27,11.65962,97.85415,2026-03-04T02:57:15Z,360.0,SYN751,B744,VIDP,WSSS,320,151,0,0
SYN751_VIDP_WSSS_2026-03-04 02:27,11.64025,97.86524,2026-03-04T02:57:30Z,360.0,SYN751,B744,VIDP,WSSS,320,151,0,0
SYN751_VIDP_WSSS_2026-03-04 02:27,11.62088,97.87633,2026-03-04T02:57:45Z,360.0,SYN751,B744,VIDP,WSSS,320,151,0,0
SYN751_VIDP_WSSS_2026-03-04 02:27,11.60151,97.88741,2026-03-04T02:58:00Z,360.0,SYN751,B744,VIDP,WSSS,320,151,0,0
SYN751_VIDP_WSSS_2026-03-04 02:27,11.58214,97.8985,2026-03-04T02:58:15Z,360.0,SYN751,B744,VIDP,WSSS,320,151,0,0
SYN751_VIDP_WSSS_2026-03-04 02:27,11.56277,97.90958,2026-03-04T02:58:30Z,360.0,SYN751,B744,VIDP,WSSS,320,151,0,0
SYN751_VIDP_WSSS_2026-03-04 02:27,11.5434,97.92066,2026-03-04T02:58:45Z,360.0,SYN751,B744,VIDP,WSSS,320,151,0,0
SYN751_VIDP_WSSS_2026-03-04 02:27,11.52402,97.93174,2026-03-04T02:59:00Z,360.0,SYN751,B744,VIDP,WSSS,320,151,0,0
SYN751_VIDP_WSSS_2026-03-04 02:27,11.50465,97.94282,2026-03-04T02:59:15Z,360.0,SYN751,B744,VIDP,WSSS,320,151,0,0
SYN751_VIDP_WSSS_2026-03-04 02:27,11.48528,97.9539,2026-03-04T02:59:30Z,360.0,SYN751,B744,VIDP,WSSS,320,151,0,0
SYN751_VIDP_WSSS_2026-03-04 02:27,11.4659,97.96498,2026-03-04T02:59:45Z,360.0,SYN751,B744,VIDP,WSSS,320,151,0,0
SYN751_VIDP_WSSS_2026-03-04 02:27,11.44653,97.97605,2026-03-04T03:00:00Z,360.0,SYN751,B744,VIDP,WSSS,320,151,0,0
SYN751_VIDP_WSSS_2026-03-04 02:27,11.42716,97.98712,2026-03-04T03:00:15Z,360.0,SYN751,B744,VIDP,WSSS,320,151,0,0
SYN751_VIDP_WSSS_2026-03-04 02:27,11.40778,97.9982,2026-03-04T03:00:30Z,360.0,SYN751,B744,VIDP,WSSS,320,151,0,0
SYN751_VIDP_WSSS_2026-03-04 02:27,11.38841,98.00927,2026-03-04T03:00:45Z,360.0,SYN751,B744,VIDP,WSSS,320,151,0,0
SYN751_VIDP_WSSS_2026-03-04 02:27,11.36903,98.02034,2026-03-04T03:01:00Z,360.0,SYN751,B744,VIDP,WSSS,320,151,0,0
SYN751_VIDP_WSSS_2026-03-04 02:27,11.34965,98.0314,2026-03-04T03:01:15Z,360.0,SYN751,B744,VIDP,WSSS,320,151,0,0
SYN751_VIDP_WSSS_2026-03-04 02:27,11.33028,98.04247,2026-03-04T03:01:30Z,360.0,SYN751,B744,VIDP,WSSS,320,151,0,0
SYN751_VIDP_WSSS_2026-03-04 02:27,11.3109,98.05353,2026-03-04T03:01:45Z,360.0,SYN751,B744,VIDP,WSSS,320,151,0,0
SYN751_VIDP_WSSS_2026-03-04 02:27,11.29152,98.06459,2026-03-04T03:02:00Z,360.0,SYN751,B744,VIDP,WSSS,320,151,0,0
SYN751_VIDP_WSSS_2026-03-04 02:27,11.27215,98.07566,2026-03-04T03:02:15Z,360.0,SYN751,B744,VIDP,WSSS,320,151,0,0
SYN751_VIDP_WSSS_2026-03-04 02:27,11.25277,98.08671,2026-03-04T03:02:30Z,360.0,SYN751,B744,VIDP,WSSS,320,151,0,0
SYN751_VIDP_WSSS_2026-03-04 02:27,11.23339,98.09777,2026-03-04T03:02:45Z,360.0,SYN751,B744,VIDP,WSSS,320,151,0,0
SYN751_VIDP_WSSS_2026-03-04 02:27,11.21401,98.10883,2026-03-04T03:03:00Z,360.0,SYN751,B744,VIDP,WSSS,320,151,0,0
SYN751_VIDP_WSSS_2026-03-04 02:27,11.19463,98.11988,2026-03-04T03:03:15Z,360.0,SYN751,B744,VIDP,WSSS,320,151,0,0
SYN751_VIDP_WSSS_2026-03-04 02:27,11.17525,98.13094,2026-03-04T03:03:30Z,360.0,SYN751,B744,VIDP,WSSS,320,151,0,0
SYN751_VIDP_WSSS_2026-03-04 02:27,11.15587,98.14199,2026-03-04T03:03:45Z,360.0,SYN751,B744,VIDP,WSSS,320,151,0,0
SYN751_VIDP_WSSS_2026-03-04 02:27,11.13649,98.15304,2026-03-04T03:04:00Z,360.0,SYN751,B744,VIDP,WSSS,320,151,0,0
SYN751_VIDP_WSSS_2026-03-04 02:27,11.11711,98.16409,2026-03-04T03:04:15Z,360.0,SYN751,B744,VIDP,WSSS,320,151,0,0
SYN751_VIDP_WSSS_2026-03-04 02:27,11.09773,98.17514,2026-03-04T03:04:30Z,360.0,SYN751,B744,VIDP,WSSS,320,151,0,0
SYN751_VIDP_WSSS_2026-03-04 02:27,11.07835,98.18618,2026-03-04T03:04:45Z,360.0,SYN751,B744,VIDP,WSSS,320,151,0,0
SYN751_VIDP_WSSS_2026-03-04 02:27,11.05896,98.19723,2026-03-04T03:05:00Z,360.0,SYN751,B744,VIDP,WSSS,320,151,0,0
SYN751_VIDP_WSSS_2026-03-04 02:27,11.03958,98.20827,2026-03-04T03:05:15Z,360.0,SYN751,B744,VIDP,WSSS,320,151,0,0
SYN751_VIDP_WSSS_2026-03-04 02:27,11.0202,98.21931,2026-03-04T03:05:30Z,360.0,SYN751,B744,VIDP,WSSS,320,151,0,0
SYN751_VIDP_WSSS_2026-03-04 02:27,11.00081,98.23035,2026-03-04T03:05:45Z,360.0,SYN751,B744,VIDP,WSSS,320,151,0,0
SYN751_VIDP_WSSS_2026-03-04 02:27,10.98143,98.24139,2026-03-04T03:06:00Z,360.0,SYN751,B744,VIDP,WSSS,320,151,0,0
SYN751_VIDP_WSSS_2026-03-04 02:27,10.96205,98.25243,2026-03-04T03:06:15Z,360.0,SYN751,B744,VIDP,WSSS,320,151,0,0
SYN751_VIDP_WSSS_2026-03-04 02:27,10.94266,98.26347,2026-03-04T03:06:30Z,360.0,SYN751,B744,VIDP,WSSS,320,151,0,0
SYN751_VIDP_WSSS_2026-03-04 02:27,10.92328,98.2745,2026-03-04T03:06:45Z,360.0,SYN751,B744,VIDP,WSSS,320,151,0,0
SYN751_VIDP_WSSS_2026-03-04 02:27,10.90389,98.28554,2026-03-04T03:07:00Z,360.0,SYN751,B744,VIDP,WSSS,320,151,0,0
SYN751_VIDP_WSSS_2026-03-04 02:27,10.88451,98.29657,2026-03-04T03:07:15Z,360.0,SYN751,B744,VIDP,WSSS,320,151,0,0
SYN751_VIDP_WSSS_2026-03-04 02:27,10.86512,98.3076,2026-03-04T03:07:30Z,360.0,SYN751,B744,VIDP,WSSS,320,151,0,0
SYN751_VIDP_WSSS_2026-03-04 02:27,10.84573,98.31863,2026-03-04T03:07:45Z,360.0,SYN751,B744,VIDP,WSSS,320,151,0,0
SYN751_VIDP_WSSS_2026-03-04 02:27,10.82635,98.32965,2026-03-04T03:08:00Z,360.0,SYN751,B744,VIDP,WSSS,320,151,0,0
SYN751_VIDP_WSSS_2026-03-04 02:27,10.80696,98.34068,2026-03-04T03:08:15Z,360.0,SYN751,B744,VIDP,WSSS,320,151,0,0
SYN751_VIDP_WSSS_2026-03-04 02:27,10.78757,98.3517,2026-03-04T03:08:30Z,360.0,SYN751,B744,VIDP,WSSS,320,151,0,0
SYN751_VIDP_WSSS_2026-03-04 02:27,10.76818,98.36273,2026-03-04T03:08:45Z,360.0,SYN751,B744,VIDP,WSSS,320,151,0,0
SYN751_VIDP_WSSS_2026-03-04 02:27,10.74879,98.37375,2026-03-04T03:09:00Z,360.0,SYN751,B744,VIDP,WSSS,320,151,0,0
SYN751_VIDP_WSSS_2026-03-04 02:27,10.7294,98.38477,2026-03-04T03:09:15Z,360.0,SYN751,B744,VIDP,WSSS,320,151,0,0
SYN751_VIDP_WSSS_2026-03-04 02:27,10.71002,98.39579,2026-03-04T03:09:30Z,360.0,SYN751,B744,VIDP,WSSS,320,151,0,0
SYN751_VIDP_WSSS_2026-03-04 02:27,10.69063,98.40681,2026-03-04T03:09:45Z,360.0,SYN751,B744,VIDP,WSSS,320,151,0,0
SYN751_VIDP_WSSS_2026-03-04 02:27,10.67124,98.41782,2026-03-04T03:10:00Z,360.0,SYN751,B744,VIDP,WSSS,320,151,0,0
SYN751_VIDP_WSSS_2026-03-04 02:27,10.65185,98.42884,2026-03-04T03:10:15Z,360.0,SYN751,B744,VIDP,WSSS,320,151,0,0
SYN751_VIDP_WSSS_2026-03-04 02:27,10.63245,98.43985,2026-03-04T03:10:30Z,360.0,SYN751,B744,VIDP,WSSS,320,151,0,0
SYN751_VIDP_WSSS_2026-03-04 02:27,10.61306,98.45086,2026-03-04T03:10:45Z,360.0,SYN751,B744,VIDP,WSSS,320,151,0,0
SYN751_VIDP_WSSS_2026-03-04 02:27,10.59367,98.46187,2026-03-04T03:11:00Z,360.0,SYN751,B744,VIDP,WSSS,320,151,0,0
SYN751_VIDP_WSSS_2026-03-04 02:27,10.57428,98.47288,2026-03-04T03:11:15Z,360.0,SYN751,B744,VIDP,WSSS,320,151,0,0
SYN751_VIDP_WSSS_2026-03-04 02:27,10.55489,98.48389,2026-03-04T03:11:30Z,360.0,SYN751,B744,VIDP,WSSS,320,151,0,0
SYN751_VIDP_WSSS_2026-03-04 02:27,10.53549,98.4949,2026-03-04T03:11:45Z,360.0,SYN751,B744,VIDP,WSSS,320,151,0,0
SYN751_VIDP_WSSS_2026-03-04 02:27,10.5161,98.5059,2026-03-04T03:12:00Z,360.0,SYN751,B744,VIDP,WSSS,320,151,0,0
SYN751_VIDP_WSSS_2026-03-04 02:27,10.49671,98.5169,2026-03-04T03:12:15Z,360.0,SYN751,B744,VIDP,WSSS,320,151,0,0
SYN751_VIDP_WSSS_2026-03-04 02:27,10.47731,98.52791,2026-03-04T03:12:30Z,360.0,SYN751,B744,VIDP,WSSS,320,151,0,0
SYN751_VIDP_WSSS_2026-03-04 02:27,10.45792,98.53891,2026-03-04T03:12:45Z,360.0,SYN751,B744,VIDP,WSSS,320,151,0,0
SYN751_VIDP_WSSS_2026-03-04 02:27,10.43852,98.54991,2026-03-04T03:13:00Z,360.0,SYN751,B744,VIDP,WSSS,320,151,0,0
SYN751_VIDP_WSSS_2026-03-04 02:27,10.41913,98.5609,2026-03-04T03:13:15Z,360.0,SYN751,B744,VIDP,WSSS,320,151,0,0
SYN751_VIDP_WSSS_2026-03-04 02:27,10.39973,98.5719,2026-03-04T03:13:30Z,360.0,SYN751,B744,VIDP,WSSS,320,151,0,0
SYN751_VIDP_WSSS_2026-03-04 02:27,10.38034,98.5829,2026-03-04T03:13:45Z,360.0,SYN751,B744,VIDP,WSSS,320,151,0,0
SYN751_VIDP_WSSS_2026-03-04 02:27,10.36094,98.59389,2026-03-04T03:14:00Z,360.0,SYN751,B744,VIDP,WSSS,320,151,0,0
SYN751_VIDP_WSSS_2026-03-04 02:27,10.34155,98.60488,2026-03-04T03:14:15Z,360.0,SYN751,B744,VIDP,WSSS,320,151,0,0
SYN751_VIDP_WSSS_2026-03-04 02:27,10.32215,98.61587,2026-03-04T03:14:30Z,360.0,SYN751,B744,VIDP,WSSS,320,151,0,0
SYN751_VIDP_WSSS_2026-03-04 02:27,10.30275,98.62686,2026-03-04T03:14:45Z,360.0,SYN751,B744,VIDP,WSSS,320,151,0,0
SYN751_VIDP_WSSS_2026-03-04 02:27,10.28335,98.63785,2026-03-04T03:15:00Z,360.0,SYN751,B744,VIDP,WSSS,320,151,0,0
SYN751_VIDP_WSSS_2026-03-04 02:27,10.26396,98.64884,2026-03-04T03:15:15Z,360.0,SYN751,B744,VIDP,WSSS,320,151,0,0
SYN751_VIDP_WSSS_2026-03-04 02:27,10.24456,98.65983,2026-03-04T03:15:30Z,360.0,SYN751,B744,VIDP,WSSS,320,151,0,0
SYN751_VIDP_WSSS_2026-03-04 02:27,10.22516,98.67081,2026-03-04T03:15:45Z,360.0,SYN751,B744,VIDP,WSSS,320,151,0,0
SYN751_VIDP_WSSS_2026-03-04 02:27,10.20576,98.68179,2026-03-04T03:16:00Z,360.0,SYN751,B744,VIDP,WSSS,320,151,0,0
SYN751_VIDP_WSSS_2026-03-04 02:27,10.18636,98.69278,2026-03-04T03:16:15Z,360.0,SYN751,B744,VIDP,WSSS,320,151,0,0
SYN751_VIDP_WSSS_2026-03-04 02:27,10.16696,98.70376,2026-03-04T03:16:30Z,360.0,SYN751,B744,VIDP,WSSS,320,151,0,0
SYN751_VIDP_WSSS_2026-03-04 02:27,10.14756,98.71474,2026-03-04T03:16:45Z,360.0,SYN751,B744,VIDP,WSSS,320,151,0,0
SYN751_VIDP_WSSS_2026-03-04 02:27,10.12816,98.72571,2026-03-04T03:17:00Z,360.0,SYN751,B744,VIDP,WSSS,320,151,0,0
SYN751_VIDP_WSSS_2026-03-04 02:27,10.10876,98.73669,2026-03-04T03:17:15Z,360.0,SYN751,B744,VIDP,WSSS,320,151,0,0
SYN751_VIDP_WSSS_2026-03-04 02:27,10.08936,98.74767,2026-03-04T03:17:30Z,360.0,SYN751,B744,VIDP,WSSS,320,151,0,0
SYN751_VIDP_WSSS_2026-03-04 02:27,10.06996,98.75864,2026-03-04T03:17:45Z,360.0,SYN751,B744,VIDP,WSSS,320,151,0,0
SYN751_VIDP_WSSS_2026-03-04 02:27,10.05055,98.76961,2026-03-04T03:18:00Z,360.0,SYN751,B744,VIDP,WSSS,320,151,0,0
SYN751_VIDP_WSSS_2026-03-04 02:27,10.03115,98.78058,2026-03-04T03:18:15Z,360.0,SYN751,B744,VIDP,WSSS,320,151,0,0
SYN751_VIDP_WSSS_2026-03-04 02:27,10.01175,98.79155,2026-03-04T03:18:30Z,360.0,SYN751,B744,VIDP,WSSS,320,151,0,0
SYN751_VIDP_WSSS_2026-03-04 02:27,9.99235,98.80252,2026-03-04T03:18:45Z,360.0,SYN751,B744,VIDP,WSSS,320,151,0,0
SYN751_VIDP_WSSS_2026-03-04 02:27,9.97294,98.81349,2026-03-04T03:19:00Z,360.0,SYN751,B744,VIDP,WSSS,320,151,0,0
SYN751_VIDP_WSSS_2026-03-04 02:27,9.95354,98.82445,2026-03-04T03:19:15Z,360.0,SYN751,B744,VIDP,WSSS,320,151,0,0
SYN751_VIDP_WSSS_2026-03-04 02:27,9.93413,98.83542,2026-03-04T03:19:30Z,360.0,SYN751,B744,VIDP,WSSS,320,151,0,0
SYN751_VIDP_WSSS_2026-03-04 02:27,9.91473,98.84638,2026-03-04T03:19:45Z,360.0,SYN751,B744,VIDP,WSSS,320,151,0,0
SYN751_VIDP_WSSS_2026-03-04 02:27,9.89532,98.85734,2026-03-04T03:20:00Z,360.0,SYN751,B744,VIDP,WSSS,320,151,0,0
SYN751_VIDP_WSSS_2026-03-04 02:27,9.87592,98.86831,2026-03-04T03:20:15Z,360.0,SYN751,B744,VIDP,WSSS,320,151,0,0
SYN751_VIDP_WSSS_2026-03-04 02:27,9.85651,98.87926,2026-03-04T03:20:30Z,360.0,SYN751,B744,VIDP,WSSS,320,151,0,0
SYN751_VIDP_WSSS_2026-03-04 02:27,9.83711,98.89022,2026-03-04T03:20:45Z,360.0,SYN751,B744,VIDP,WSSS,320,151,0,0
SYN751_VIDP_WSSS_2026-03-04 02:27,9.8177,98.90118,2026-03-04T03:21:00Z,360.0,SYN751,B744,VIDP,WSSS,320,151,0,0
SYN751_VIDP_WSSS_2026-03-04 02:27,9.79829,98.91214,2026-03-04T03:21:15Z,360.0,SYN751,B744,VIDP,WSSS,320,151,0,0
SYN751_VIDP_WSSS_2026-03-04 02:27,9.77889,98.92309,2026-03-04T03:21:30Z,360.0,SYN751,B744,VIDP,WSSS,320,151,0,0
SYN751_VIDP_WSSS_2026-03-04 02:27,9.75948,98.93404,2026-03-04T03:21:45Z,360.0,SYN751,B744,VIDP,WSSS,320,151,0,0
SYN751_VIDP_WSSS_2026-03-04 02:27,9.74007,98.94499,2026-03-04T03:22:00Z,360.0,SYN751,B744,VIDP,WSSS,320,151,0,0
SYN751_VIDP_WSSS_2026-03-04 02:27,9.72066,98.95595,2026-03-04T03:22:15Z,360.0,SYN751,B744,VIDP,WSSS,320,151,0,0
SYN751_VIDP_WSSS_2026-03-04 02:27,9.70126,98.96689,2026-03-04T03:22:30Z,360.0,SYN751,B744,VIDP,WSSS,320,151,0,0
SYN751_VIDP_WSSS_2026-03-04 02:27,9.68185,98.97784,2026-03-04T03:22:45Z,360.0,SYN751,B744,VIDP,WSSS,320,151,0,0
SYN751_VIDP_WSSS_2026-03-04 02:27,9.66244,98.98879,2026-03-04T03:23:00Z,360.0,SYN751,B744,VIDP,WSSS,320,151,0,0
SYN751_VIDP_WSSS_2026-03-04 02:27,9.64303,98.99973,2026-03-04T03:23:15Z,360.0,SYN751,B744,VIDP,WSSS,320,151,0,0
SYN751_VIDP_WSSS_2026-03-04 02:27,9.62362,99.01068,2026-03-04T03:23:30Z,360.0,SYN751,B744,VIDP,WSSS,320,151,0,0
SYN751_VIDP_WSSS_2026-03-04 02:27,9.60421,99.02162,2026-03-04T03:23:45Z,360.0,SYN751,B744,VIDP,WSSS,320,151,0,0
SYN751_VIDP_WSSS_2026-03-04 02:27,9.5848,99.03256,2026-03-04T03:24:00Z,360.0,SYN751,B744,VIDP,WSSS,320,151,0,0
SYN751_VIDP_WSSS_2026-03-04 02:27,9.56539,99.0435,2026-03-04T03:24:15Z,360.0,SYN751,B744,VIDP,WSSS,320,151,0,0
SYN751_VIDP_WSSS_2026-03-04 02:27,9.54598,99.05444,2026-03-04T03:24:30Z,360.0,SYN751,B744,VIDP,WSSS,320,151,0,0
SYN751_VIDP_WSSS_2026-03-04 02:27,9.52656,99.06538,2026-03-04T03:24:45Z,360.0,SYN751,B744,VIDP,WSSS,320,151,0,0
SYN751_VIDP_WSSS_2026-03-04 02:27,9.50715,99.07632,2026-03-04T03:25:00Z,360.0,SYN751,B744,VIDP,WSSS,320,151,0,0
SYN751_VIDP_WSSS_2026-03-04 02:27,9.48774,99.08725,2026-03-04T03:25:15Z,360.0,SYN751,B744,VIDP,WSSS,320,151,0,0
SYN751_VIDP_WSSS_2026-03-04 02:27,9.46833,99.09819,2026-03-04T03:25:30Z,360.0,SYN751,B744,VIDP,WSSS,320,151,0,0
SYN751_VIDP_WSSS_2026-03-04 02:27,9.44891,99.10912,2026-03-04T03:25:45Z,360.0,SYN751,B744,VIDP,WSSS,320,151,0,0
SYN751_VIDP_WSSS_2026-03-04 02:27,9.4295,99.12005,2026-03-04T03:26:00Z,360.0,SYN751,B744,VIDP,WSSS,320,151,0,0
SYN751_VIDP_WSSS_2026-03-04 02:27,9.41009,99.13098,2026-03-04T03:26:15Z,360.0,SYN751,B744,VIDP,WSSS,320,151,0,0
SYN751_VIDP_WSSS_2026-03-04 02:27,9.39067,99.14191,2026-03-04T03:26:30Z,360.0,SYN751,B744,VIDP,WSSS,320,151,0,0
SYN751_VIDP_WSSS_2026-03-04 02:27,9.37126,99.15284,2026-03-04T03:26:45Z,360.0,SYN751,B744,VIDP,WSSS,320,151,0,0
SYN751_VIDP_WSSS_2026-03-04 02:27,9.35185,99.16377,2026-03-04T03:27:00Z,360.0,SYN751,B744,VIDP,WSSS,320,151,0,0
SYN751_VIDP_WSSS_2026-03-04 02:27,9.33243,99.17469,2026-03-04T03:27:15Z,360.0,SYN751,B744,VIDP,WSSS,320,151,0,0
SYN751_VIDP_WSSS_2026-03-04 02:27,9.31302,99.18562,2026-03-04T03:27:30Z,360.0,SYN751,B744,VIDP,WSSS,320,151,0,0
SYN751_VIDP_WSSS_2026-03-04 02:27,9.2936,99.19654,2026-03-04T03:27:45Z,360.0,SYN751,B744,VIDP,WSSS,320,151,0,0
SYN751_VIDP_WSSS_2026-03-04 02:27,9.27418,99.20746,2026-03-04T03:28:00Z,360.0,SYN751,B744,VIDP,WSSS,320,151,0,0
SYN751_VIDP_WSSS_2026-03-04 02:27,9.25477,99.21838,2026-03-04T03:28:15Z,360.0,SYN751,B744,VIDP,WSSS,320,151,0,0
SYN751_VIDP_WSSS_2026-03-04 02:27,9.23535,99.2293,2026-03-04T03:28:30Z,360.0,SYN751,B744,VIDP,WSSS,320,151,0,0
SYN751_VIDP_WSSS_2026-03-04 02:27,9.21593,99.24022,2026-03-04T03:28:45Z,360.0,SYN751,B744,VIDP,WSSS,320,151,0,0
SYN751_VIDP_WSSS_2026-03-04 02:27,9.19652,99.25114,2026-03-04T03:29:00Z,360.0,SYN751,B744,VIDP,WSSS,320,151,0,0
SYN751_VIDP_WSSS_2026-03-04 02:27,9.1771,99.26205,2026-03-04T03:29:15Z,360.0,SYN751,B744,VIDP,WSSS,320,151,0,0
SYN751_VIDP_WSSS_2026-03-04 02:27,9.15768,99.27297,2026-03-04T03:29:30Z,360.0,SYN751,B744,VIDP,WSSS,320,151,0,0
SYN751_VIDP_WSSS_2026-03-04 02:27,9.13826,99.28388,2026-03-04T03:29:45Z,360.0,SYN751,B744,VIDP,WSSS,320,151,0,0
SYN751_VIDP_WSSS_2026-03-04 02:27,9.11884,99.29479,2026-03-04T03:30:00Z,360.0,SYN751,B744,VIDP,WSSS,320,151,0,0
SYN751_VIDP_WSSS_2026-03-04 02:27,9.09943,99.30571,2026-03-04T03:30:15Z,360.0,SYN751,B744,VIDP,WSSS,320,151,0,0
SYN751_VIDP_WSSS_2026-03-04 02:27,9.08001,99.31662,2026-03-04T03:30:30Z,360.0,SYN751,B744,VIDP,WSSS,320,151,0,0
SYN751_VIDP_WSSS_2026-03-04 02:27,9.06059,99.32752,2026-03-04T03:30:45Z,360.0,SYN751,B744,VIDP,WSSS,320,151,0,0
SYN751_VIDP_WSSS_2026-03-04 02:27,9.04117,99.33843,2026-03-04T03:31:00Z,360.0,SYN751,B744,VIDP,WSSS,320,151,0,0
SYN751_VIDP_WSSS_2026-03-04 02:27,9.02175,99.34934,2026-03-04T03:31:15Z,360.0,SYN751,B744,VIDP,WSSS,320,151,0,0
SYN751_VIDP_WSSS_2026-03-04 02:27,9.00233,99.36024,2026-03-04T03:31:30Z,360.0,SYN751,B744,VIDP,WSSS,320,151,0,0
SYN751_VIDP_WSSS_2026-03-04 02:27,8.98291,99.37115,2026-03-04T03:31:45Z,360.0,SYN751,B744,VIDP,WSSS,320,151,0,0
SYN751_VIDP_WSSS_2026-03-04 02:27,8.96348,99.38205,2026-03-04T03:32:00Z,360.0,SYN751,B744,VIDP,WSSS,320,151,0,0
SYN751_VIDP_WSSS_2026-03-04 02:27,8.94406,99.39295,2026-03-04T03:32:15Z,360.0,SYN751,B744,VIDP,WSSS,320,151,0,0
SYN751_VIDP_WSSS_2026-03-04 02:27,8.92464,99.40385,2026-03-04T03:32:30Z,360.0,SYN751,B744,VIDP,WSSS,320,151,0,0
SYN751_VIDP_WSSS_2026-03-04 02:27,8.90522,99.41475,2026-03-04T03:32:45Z,360.0,SYN751,B744,VIDP,WSSS,320,151,0,0
SYN751_VIDP_WSSS_2026-03-04 02:27,8.8858,99.42565,2026-03-04T03:33:00Z,360.0,SYN751,B744,VIDP,WSSS,320,151,0,0
SYN751_VIDP_WSSS_2026-03-04 02:27,8.86637,99.43655,2026-03-04T03:33:15Z,360.0,SYN751,B744,VIDP,WSSS,320,151,0,0
SYN751_VIDP_WSSS_2026-03-04 02:27,8.84695,99.44744,2026-03-04T03:33:30Z,360.0,SYN751,B744,VIDP,WSSS,320,151,0,0
SYN751_VIDP_WSSS_2026-03-04 02:27,8.82753,99.45834,2026-03-04T03:33:45Z,360.0,SYN751,B744,VIDP,WSSS,320,151,0,0
SYN751_VIDP_WSSS_2026-03-04 02:27,8.8081,99.46923,2026-03-04T03:34:00Z,360.0,SYN751,B744,VIDP,WSSS,320,151,0,0
SYN751_VIDP_WSSS_2026-03-04 02:27,8.78868,99.48013,2026-03-04T03:34:15Z,360.0,SYN751,B744,VIDP,WSSS,320,151,0,0
SYN751_VIDP_WSSS_2026-03-04 02:27,8.76926,99.49102,2026-03-04T03:34:30Z,360.0,SYN751,B744,VIDP,WSSS,320,151,0,0
SYN751_VIDP_WSSS_2026-03-04 02:27,8.74983,99.50191,2026-03-04T03:34:45Z,360.0,SYN751,B744,VIDP,WSSS,320,151,0,0
SYN751_VIDP_WSSS_2026-03-04 02:27,8.73041,99.5128,2026-03-04T03:35:00Z,360.0,SYN751,B744,VIDP,WSSS,320,151,0,0
SYN751_VIDP_WSSS_2026-03-04 02:27,8.71098,99.52368,2026-03-04T03:35:15Z,360.0,SYN751,B744,VIDP,WSSS,320,151,0,0
SYN751_VIDP_WSSS_2026-03-04 02:27,8.69156,99.53457,2026-03-04T03:35:30Z,360.0,SYN751,B744,VIDP,WSSS,320,151,0,0
SYN751_VIDP_WSSS_2026-03-04 02:27,8.67213,99.54546,2026-03-04T03:35:45Z,360.0,SYN751,B744,VIDP,WSSS,320,151,0,0
SYN751_VIDP_WSSS_2026-03-04 02:27,8.6527,99.55634,2026-03-04T03:36:00Z,360.0,SYN751,B744,VIDP,WSSS,320,151,0,0
SYN751_VIDP_WSSS_2026-03-04 02:27,8.63328,99.56722,2026-03-04T03:36:15Z,360.0,SYN751,B744,VIDP,WSSS,320,151,0,0
SYN751_VIDP_WSSS_2026-03-04 02:27,8.61385,99.57811,2026-03-04T03:36:30Z,360.0,SYN751,B744,VIDP,WSSS,320,151,0,0
SYN751_VIDP_WSSS_2026-03-04 02:27,8.59442,99.58899,2026-03-04T03:36:45Z,360.0,SYN751,B744,VIDP,WSSS,320,151,0,0
SYN751_VIDP_WSSS_2026-03-04 02:27,8.575,99.59987,2026-03-04T03:37:00Z,360.0,SYN751,B744,VIDP,WSSS,320,151,0,0
SYN751_VIDP_WSSS_2026-03-04 02:27,8.55557,99.61075,2026-03-04T03:37:15Z,360.0,SYN751,B744,VIDP,WSSS,320,151,0,0
SYN751_VIDP_WSSS_2026-03-04 02:27,8.53614,99.62163,2026-03-04T03:37:30Z,360.0,SYN751,B744,VIDP,WSSS,320,151,0,0
SYN751_VIDP_WSSS_2026-03-04 02:27,8.51671,99.6325,2026-03-04T03:37:45Z,360.0,SYN751,B744,VIDP,WSSS,320,151,0,0
SYN751_VIDP_WSSS_2026-03-04 02:27,8.49728,99.64338,2026-03-04T03:38:00Z,360.0,SYN751,B744,VIDP,WSSS,320,151,0,0
SYN751_VIDP_WSSS_2026-03-04 02:27,8.47786,99.65425,2026-03-04T03:38:15Z,360.0,SYN751,B744,VIDP,WSSS,320,151,0,0
SYN751_VIDP_WSSS_2026-03-04 02:27,8.45843,99.66513,2026-03-04T03:38:30Z,360.0,SYN751,B744,VIDP,WSSS,320,151,0,0
SYN751_VIDP_WSSS_2026-03-04 02:27,8.439,99.676,2026-03-04T03:38:45Z,360.0,SYN751,B744,VIDP,WSSS,320,151,0,0
SYN751_VIDP_WSSS_2026-03-04 02:27,8.41957,99.68687,2026-03-04T03:39:00Z,360.0,SYN751,B744,VIDP,WSSS,320,151,0,0
SYN751_VIDP_WSSS_2026-03-04 02:27,8.40014,99.69774,2026-03-04T03:39:15Z,360.0,SYN751,B744,VIDP,WSSS,320,151,0,0
SYN751_VIDP_WSSS_2026-03-04 02:27,8.38071,99.70861,2026-03-04T03:39:30Z,360.0,SYN751,B744,VIDP,WSSS,320,151,0,0
SYN751_VIDP_WSSS_2026-03-04 02:27,8.36128,99.71948,2026-03-04T03:39:45Z,360.0,SYN751,B744,VIDP,WSSS,320,151,0,0
SYN751_VIDP_WSSS_2026-03-04 02:27,8.34184,99.73034,2026-03-04T03:40:00Z,360.0,SYN751,B744,VIDP,WSSS,320,151,0,0
SYN751_VIDP_WSSS_2026-03-04 02:27,8.32241,99.74121,2026-03-04T03:40:15Z,360.0,SYN751,B744,VIDP,WSSS,320,151,0,0
SYN751_VIDP_WSSS_2026-03-04 02:27,8.30298,99.75207,2026-03-04T03:40:30Z,360.0,SYN751,B744,VIDP,WSSS,320,151,0,0
SYN751_VIDP_WSSS_2026-03-04 02:27,8.28355,99.76294,2026-03-04T03:40:45Z,360.0,SYN751,B744,VIDP,WSSS,320,151,0,0
SYN751_VIDP_WSSS_2026-03-04 02:27,8.26412,99.7738,2026-03-04T03:41:00Z,360.0,SYN751,B744,VIDP,WSSS,320,151,0,0
SYN751_VIDP_WSSS_2026-03-04 02:27,8.24469,99.78466,2026-03-04T03:41:15Z,360.0,SYN751,B744,VIDP,WSSS,320,151,0,0
SYN751_VIDP_WSSS_2026-03-04 02:27,8.22525,99.79552,2026-03-04T03:41:30Z,360.0,SYN751,B744,VIDP,WSSS,320,151,0,0
SYN751_VIDP_WSSS_2026-03-04 02:27,8.20582,99.80638,2026-03-04T03:41:45Z,360.0,SYN751,B744,VIDP,WSSS,320,151,0,0
SYN751_VIDP_WSSS_2026-03-04 02:27,8.18639,99.81724,2026-03-04T03:42:00Z,360.0,SYN751,B744,VIDP,WSSS,320,151,0,0
SYN751_VIDP_WSSS_2026-03-04 02:27,8.16695,99.8281,2026-03-04T03:42:15Z,360.0,SYN751,B744,VIDP,WSSS,320,151,0,0
SYN751_VIDP_WSSS_2026-03-04 02:27,8.14752,99.83895,2026-03-04T03:42:30Z,360.0,SYN751,B744,VIDP,WSSS,320,151,0,0
SYN751_VIDP_WSSS_2026-03-04 02:27,8.12808,99.84981,2026-03-04T03:42:45Z,360.0,SYN751,B744,VIDP,WSSS,320,151,0,0
SYN751_VIDP_WSSS_2026-03-04 02:27,8.10865,99.86066,2026-03-04T03:43:00Z,360.0,SYN751,B744,VIDP,WSSS,320,151,0,0
SYN751_VIDP_WSSS_2026-03-04 02:27,8.08922,99.87152,2026-03-04T03:43:15Z,360.0,SYN751,B744,VIDP,WSSS,320,151,0,0
SYN751_VIDP_WSSS_2026-03-04 02:27,8.06978,99.88237,2026-03-04T03:43:30Z,360.0,SYN751,B744,VIDP,WSSS,320,151,0,0
SYN751_VIDP_WSSS_2026-03-04 02:27,8.05035,99.89322,2026-03-04T03:43:45Z,360.0,SYN751,B744,VIDP,WSSS,320,151,0,0
SYN751_VIDP_WSSS_2026-03-04 02:27,8.03091,99.90407,2026-03-04T03:44:00Z,360.0,SYN751,B744,VIDP,WSSS,320,151,0,0
SYN751_VIDP_WSSS_2026-03-04 02:27,8.01147,99.91492,2026-03-04T03:44:15Z,360.0,SYN751,B744,VIDP,WSSS,320,151,0,0
SYN751_VIDP_WSSS_2026-03-04 02:27,7.99204,99.92577,2026-03-04T03:44:30Z,360.0,SYN751,B744,VIDP,WSSS,320,151,0,0
SYN751_VIDP_WSSS_2026-03-04 02:27,7.9726,99.93661,2026-03-04T03:44:45Z,360.0,SYN751,B744,VIDP,WSSS,320,151,0,0
SYN751_VIDP_WSSS_2026-03-04 02:27,7.95316,99.94746,2026-03-04T03:45:00Z,360.0,SYN751,B744,VIDP,WSSS,320,151,0,0
SYN751_VIDP_WSSS_2026-03-04 02:27,7.93373,99.9583,2026-03-04T03:45:15Z,360.0,SYN751,B744,VIDP,WSSS,320,151,0,0
SYN751_VIDP_WSSS_2026-03-04 02:27,7.91429,99.96915,2026-03-04T03:45:30Z,360.0,SYN751,B744,VIDP,WSSS,320,151,0,0
SYN751_VIDP_WSSS_2026-03-04 02:27,7.89485,99.97999,2026-03-04T03:45:45Z,360.0,SYN751,B744,VIDP,WSSS,320,151,0,0
SYN751_VIDP_WSSS_2026-03-04 02:27,7.87541,99.99083,2026-03-04T03:46:00Z,360.0,SYN751,B744,VIDP,WSSS,320,151,0,0
SYN751_VIDP_WSSS_2026-03-04 02:27,7.85598,100.00167,2026-03-04T03:46:15Z,360.0,SYN751,B744,VIDP,WSSS,320,151,0,0
SYN751_VIDP_WSSS_2026-03-04 02:27,7.83654,100.01251,2026-03-04T03:46:30Z,360.0,SYN751,B744,VIDP,WSSS,320,151,0,0
SYN751_VIDP_WSSS_2026-03-04 02:27,7.8171,100.02335,2026-03-04T03:46:45Z,360.0,SYN751,B744,VIDP,WSSS,320,151,0,0
SYN751_VIDP_WSSS_2026-03-04 02:27,7.79766,100.03419,2026-03-04T03:47:00Z,360.0,SYN751,B744,VIDP,WSSS,320,151,0,0
SYN751_VIDP_WSSS_2026-03-04 02:27,7.77822,100.04503,2026-03-04T03:47:15Z,360.0,SYN751,B744,VIDP,WSSS,320,151,0,0
SYN751_VIDP_WSSS_2026-03-04 02:27,7.75878,100.05586,2026-03-04T03:47:30Z,360.0,SYN751,B744,VIDP,WSSS,320,151,0,0
SYN751_VIDP_WSSS_2026-03-04 02:27,7.73934,100.0667,2026-03-04T03:47:45Z,360.0,SYN751,B744,VIDP,WSSS,320,151,0,0
SYN751_VIDP_WSSS_2026-03-04 02:27,7.7199,100.07753,2026-03-04T03:48:00Z,360.0,SYN751,B744,VIDP,WSSS,320,151,0,0
SYN751_VIDP_WSSS_2026-03-04 02:27,7.70046,100.08836,2026-03-04T03:48:15Z,360.0,SYN751,B744,VIDP,WSSS,320,151,0,0
SYN751_VIDP_WSSS_2026-03-04 02:27,7.68102,100.0992,2026-03-04T03:48:30Z,360.0,SYN751,B744,VIDP,WSSS,320,151,0,0
SYN751_VIDP_WSSS_2026-03-04 02:27,7.66158,100.11003,2026-03-04T03:48:45Z,360.0,SYN751,B744,VIDP,WSSS,320,151,0,0
SYN751_VIDP_WSSS_2026-03-04 02:27,7.64214,100.12086,2026-03-04T03:49:00Z,360.0,SYN751,B744,VIDP,WSSS,320,151,0,0
SYN751_VIDP_WSSS_2026-03-04 02:27,7.6227,100.13168,2026-03-04T03:49:15Z,360.0,SYN751,B744,VIDP,WSSS,320,151,0,0
SYN751_VIDP_WSSS_2026-03-04 02:27,7.60326,100.14251,2026-03-04T03:49:30Z,360.0,SYN751,B744,VIDP,WSSS,320,151,0,0
SYN751_VIDP_WSSS_2026-03-04 02:27,7.58381,100.15334,2026-03-04T03:49:45Z,360.0,SYN751,B744,VIDP,WSSS,320,151,0,0
SYN751_VIDP_WSSS_2026-03-04 02:27,7.56437,100.16416,2026-03-04T03:50:00Z,360.0,SYN751,B744,VIDP,WSSS,320,151,0,0
SYN751_VIDP_WSSS_2026-03-04 02:27,7.54493,100.17499,2026-03-04T03:50:15Z,360.0,SYN751,B744,VIDP,WSSS,320,151,0,0
SYN751_VIDP_WSSS_2026-03-04 02:27,7.52549,100.18581,2026-03-04T03:50:30Z,360.0,SYN751,B744,VIDP,WSSS,320,151,0,0
SYN751_VIDP_WSSS_2026-03-04 02:27,7.50604,100.19664,2026-03-04T03:50:45Z,360.0,SYN751,B744,VIDP,WSSS,320,151,0,0
